field_id,model_a,model_b,native_cka_debiased,common_cka_debiased,delta_cka_debiased,native_procrustes_similarity,common_procrustes_similarity,delta_procrustes_similarity,native_rsa_spearman,common_rsa_spearman,delta_rsa_spearman
11,specter,specter2,0.7278441435935866,0.7237829595873603,-0.004061184006226348,0.712598828931499,0.7103940825036961,-0.002204746427802884,0.598326096981314,0.5945171747292928,-0.0038089222520212296
11,specter,scincl,0.8417103627905668,0.8383106008898098,-0.00339976190075697,0.7971859512750513,0.7950385098029895,-0.0021474414720618062,0.7876324049560812,0.7859933736809847,-0.0016390312750965697
11,specter,scibert,0.5556448876154237,0.6073881858585631,0.05174329824313939,0.6738945697440559,0.6792382843804196,0.005343714636363628,0.4515131563087824,0.4716712720081766,0.020158115699394186
11,specter,bert,0.53135218770591,0.5421488794509659,0.01079669174505593,0.6378710032616547,0.639096329279558,0.001225326017903261,0.41410063373875217,0.4221907754769755,0.008090141738223311
11,specter,mpnet,0.7838311708613411,0.7762853969549643,-0.007545773906376785,0.7256616341129659,0.7201900399297699,-0.0054715941831959825,0.7325660868734137,0.7256137361855283,-0.006952350687885467
11,specter,minilm,0.7192803788703044,0.7205127089038169,0.0012323300335125298,0.6667422924967836,0.667907468596794,0.0011651761000103233,0.6925157732102919,0.6902754845706915,-0.002240288639600352
11,specter,pubmedbert,0.49306563412734306,0.5249080981415642,0.031842464014221195,0.6559970714260448,0.6563683348017507,0.0003712633757059214,0.4143029795257563,0.42708300875220667,0.012780029226450385
11,specter,biobert,0.5249817646052648,0.5462695030365327,0.021287738431267855,0.6462162903105005,0.6464981305029621,0.0002818401924615799,0.4153490789058743,0.4268578992726493,0.011508820366774974
11,specter,simcse,0.5050052136035247,0.5008219168719715,-0.004183296731553154,0.6128892382569531,0.6084416548172259,-0.004447583439727176,0.3493443275643614,0.3511226697708069,0.0017783422064455157
11,specter2,scincl,0.795132410108232,0.7914633546884611,-0.003669055419770917,0.7971283943177229,0.795886394692217,-0.001241999625505863,0.6357930562644823,0.6300312724860792,-0.0057617837784031956
11,specter2,scibert,0.5342859332818808,0.5869113205111555,0.05262538722927468,0.688243444368692,0.6985051046661833,0.010261660297491315,0.3259153104707911,0.3519105853972768,0.025995274926485734
11,specter2,bert,0.48720153306269226,0.49896592217024666,0.011764389107554396,0.5891737053674325,0.5916035877794265,0.0024298824119939333,0.23465732316164142,0.23432662797231674,-0.0003306951893246868
11,specter2,mpnet,0.7467724950565306,0.7416166753993106,-0.005155819657220007,0.6886328364149633,0.6851053270139096,-0.00352750940105373,0.6294901148012267,0.6256496599076249,-0.0038404548936018523
11,specter2,minilm,0.6890137734400966,0.6897025424853074,0.0006887690452107575,0.6375267921614406,0.6386597830346467,0.0011329908732060634,0.5667270248678143,0.5647540649988819,-0.0019729598689324224
11,specter2,pubmedbert,0.45800999502039114,0.4907387552964226,0.03272876027603144,0.6164394272172176,0.6199063339464972,0.0034669067292796285,0.2680939243362361,0.2826620281936556,0.014568103857419523
11,specter2,biobert,0.4861687096245535,0.5078024649652847,0.021633755340731198,0.6078456768900207,0.6102192634078272,0.002373586517806503,0.2624829189982079,0.27156192822840514,0.009079009230197221
11,specter2,simcse,0.4383664197994786,0.43700418412656383,-0.0013622356729147689,0.5686307904273674,0.5665617253577725,-0.002069065069594922,0.1963043600342614,0.18510604808776493,-0.011198311946496481
11,scincl,scibert,0.5383012480944528,0.5948717435487958,0.056570495454343006,0.6932229204269643,0.7014035876842921,0.0081806672573278,0.3958903571967265,0.43154419685285916,0.03565383965613267
11,scincl,bert,0.520393165768906,0.5335793309968966,0.013186165227990543,0.6277180030692934,0.6294019302705459,0.0016839272012525441,0.37714237546285534,0.3977640892874126,0.020621713824557242
11,scincl,mpnet,0.7982826811881626,0.7916559074384878,-0.006626773749674797,0.7265574701579415,0.721090196233982,-0.005467273923959515,0.7687831113859545,0.7668514388971338,-0.001931672488820646
11,scincl,minilm,0.7348498036355954,0.7367985611912514,0.0019487575556560444,0.6685216591052245,0.6699035845657769,0.00138192546055238,0.7196734364421881,0.7213840466494617,0.0017106102072735885
11,scincl,pubmedbert,0.4659146804138364,0.500114842867438,0.034200162453601635,0.6395763190302359,0.6406376387623164,0.0010613197320804568,0.3466758595721904,0.37143263773508023,0.024756778162889848
11,scincl,biobert,0.5020154480436644,0.52465574347802,0.02264029543435564,0.6311595691563917,0.6317587632927336,0.0005991941363419073,0.3441553039118904,0.36515534925538673,0.02100004534349631
11,scincl,simcse,0.48271228462374777,0.480012454500869,-0.002699830122878777,0.6014063216797505,0.5972250105996644,-0.004181311080086125,0.34082990057707524,0.35122088044555066,0.010390979868475425
11,scibert,bert,0.7247869263831169,0.7324401853326523,0.007653258949535391,0.7662350336379988,0.760378928843287,-0.0058561047947118805,0.7350202990980497,0.7275574094378954,-0.007462889660154293
11,scibert,mpnet,0.5252701028344762,0.5758153518646839,0.05054524903020774,0.624694234417459,0.6302852031189983,0.005590968701539301,0.42457946753794895,0.4588280218675698,0.03424855432962087
11,scibert,minilm,0.5158991560961145,0.5702019257319862,0.05430276963587177,0.5893803540905662,0.6014322181728381,0.01205186408227188,0.4409908062479786,0.469101299507756,0.02811049325977738
11,scibert,pubmedbert,0.8330078220437755,0.8306974681746806,-0.00231035386909495,0.8373846288509005,0.8277303430503987,-0.00965428580050176,0.8565134435182771,0.8446476155411198,-0.011865827977157295
11,scibert,biobert,0.8307739953143632,0.8257023823136208,-0.0050716130007424365,0.8171676698228361,0.807703243868453,-0.009464425954383016,0.8426240457815595,0.8246533971321425,-0.017970648649416998
11,scibert,simcse,0.603425654809539,0.6167449729859779,0.013319318176438832,0.6732188443068182,0.6715501087020397,-0.0016687356047785373,0.550367165920917,0.5522916849322312,0.0019245190113142963
11,bert,mpnet,0.5374451304208662,0.5466958100265565,0.00925067960569037,0.6273046885431214,0.6281117810888712,0.0008070925457498435,0.46396555590041244,0.47508572232871743,0.01112016642830499
11,bert,minilm,0.5620975561620738,0.5812819382259184,0.01918438206384465,0.604890914128207,0.6137825214184146,0.00889160729020766,0.5264779614111966,0.5442597758071509,0.017781814395954276
11,bert,pubmedbert,0.7126843862312087,0.7198430227436471,0.007158636512438421,0.7690217123315716,0.7629384256968575,-0.006083286634714025,0.7884349677000863,0.7585500538353731,-0.029884913864713147
11,bert,biobert,0.7490327807444405,0.7452794330878008,-0.003753347656639705,0.7738374825533951,0.7657388304497806,-0.00809865210361449,0.7991320225393249,0.7732358187280902,-0.025896203811234697
11,bert,simcse,0.7550301839292377,0.7477807009748862,-0.0072494829543514605,0.796235575564495,0.7936957965180503,-0.0025397790464446457,0.8151703067004216,0.8017751127364309,-0.013395193963990693
11,mpnet,minilm,0.8098448151079545,0.8120619112233319,0.0022170961153774593,0.7366465702374683,0.7382111414515297,0.0015645712140613943,0.8246700561441777,0.8245930605634831,-7.699558069451662e-05
11,mpnet,pubmedbert,0.4744795279095501,0.5055537844923753,0.0310742565828252,0.6152623064079342,0.6167488517278841,0.0014865453199498502,0.3997904205694748,0.4170793972981985,0.017288976728723704
11,mpnet,biobert,0.5141115070500497,0.5340284550442531,0.019916947994203404,0.6180762093582018,0.6185488513502432,0.00047264199204133384,0.40211293522378677,0.4182556202401398,0.01614268501635302
11,mpnet,simcse,0.49917398627598486,0.49309419444013797,-0.006079791835846893,0.6094637032732959,0.6053774219303472,-0.00408628134294875,0.43544862582712157,0.43327150036367973,-0.0021771254634418424
11,minilm,pubmedbert,0.46488437429031726,0.4982746499581347,0.03339027566781744,0.577543564749959,0.5858583063484848,0.008314741598525743,0.43485573106163733,0.45022328574805626,0.015367554686418927
11,minilm,biobert,0.5022680112630273,0.5277444089718133,0.02547639770878596,0.5825981258799199,0.5898802446430714,0.007282118763151546,0.4378461706826168,0.45524363819811065,0.01739746751549387
11,minilm,simcse,0.5265538762545083,0.5282153582500557,0.001661481995547387,0.5924577182293238,0.5951557058828633,0.0026979876535394576,0.49970649569676673,0.5066745483141886,0.006968052617421838
11,pubmedbert,biobert,0.8479913894718378,0.8474785009038278,-0.000512888568010017,0.8338487154249384,0.8237202811859503,-0.010128434238988127,0.8747315001973262,0.8518221464395594,-0.022909353757766704
11,pubmedbert,simcse,0.5828350881714618,0.5829620219177545,0.00012693374629269005,0.668646599066691,0.6636218179980287,-0.005024781068662332,0.6145992804395,0.5867727223499276,-0.02782655808957235
11,biobert,simcse,0.5968923688635889,0.5910943967812552,-0.00579797208233368,0.6696185459543698,0.6640622322374441,-0.005556313716925665,0.6096275341800662,0.592291586778232,-0.017335947401834195
12,specter,specter2,0.6869617122192317,0.6873047427186424,0.0003430304994106459,0.6838224292304481,0.6841613808098945,0.0003389515794464115,0.7252642693976601,0.7256477443536189,0.0003834749559588069
12,specter,scincl,0.7621727893831972,0.7597290738148349,-0.0024437155683623146,0.7508448757631794,0.7488541982811611,-0.0019906774820183104,0.8208505921096235,0.8183638187579068,-0.0024867733517167645
12,specter,scibert,0.4629835417271606,0.4889712269161823,0.02598768518902167,0.6044472511470057,0.6076953683659918,0.003248117218986102,0.41410144631875284,0.43839254555198154,0.024291099233228697
12,specter,bert,0.47165069119129155,0.4813654230352429,0.00971473184395133,0.5939276333705591,0.5950416565308455,0.0011140231602864148,0.3465472223648674,0.3538024998955055,0.0072552775306380934
12,specter,mpnet,0.6177860205129855,0.6123605373530308,-0.005425483159954725,0.6461401812732581,0.6423856054904996,-0.003754575782758507,0.6560053510625121,0.6409752704989378,-0.015030080563574355
12,specter,minilm,0.6053633218644052,0.6074183621877012,0.0020550403232959535,0.6151274053649097,0.615948577138305,0.0008211717733952462,0.6547282424238209,0.6525427753358549,-0.0021854670879659643
12,specter,pubmedbert,0.4253764353818234,0.4334025763660048,0.008026140984181418,0.588481396444752,0.5886207229023468,0.00013932645759484608,0.4210583823776452,0.43248919178822215,0.011430809410576948
12,specter,biobert,0.4013307386356833,0.4291635044464563,0.027832765810772986,0.5728592817448319,0.5770169410347735,0.0041576592899416065,0.33387073225267483,0.3531045895372608,0.019233857284585987
12,specter,simcse,0.474735423672917,0.47223054717079493,-0.0025048765021220554,0.5867166069209937,0.5837546654752437,-0.002961941445750016,0.33896430227540975,0.32342330676005915,-0.015540995515350597
12,specter2,scincl,0.7533445515920703,0.7569969941517944,0.0036524425597241894,0.7675227388827411,0.7707603659270963,0.0032376270443551514,0.7602043533405082,0.760176125645943,-2.8227694565230443e-05
12,specter2,scibert,0.5037078564651055,0.53354224188266,0.029834385417554454,0.6482000601577779,0.6568773092822329,0.008677249124455,0.35090003148724996,0.3775067543132648,0.02660672282601484
12,specter2,bert,0.4968134888416615,0.5064717095173047,0.009658220675643203,0.5895966537737773,0.5926741784702614,0.0030775246964840353,0.28111904729479714,0.2852677906671684,0.004148743372371255
12,specter2,mpnet,0.6451276311371393,0.6417573869619512,-0.003370244175188164,0.6492413578355078,0.6475711215425495,-0.0016702362929583714,0.6505466965413633,0.6409428484533565,-0.00960384808800685
12,specter2,minilm,0.6158590485597095,0.6195432672150731,0.0036842186553636136,0.6132009380390095,0.6151591699400698,0.001958231901060259,0.6198376448835918,0.619533559776833,-0.0003040851067588335
12,specter2,pubmedbert,0.4249630650319722,0.43290863727292433,0.007945572240952159,0.578347696608962,0.581278467832538,0.0029307712235759897,0.3376656757601632,0.34680347442901055,0.009137798668847341
12,specter2,biobert,0.40879710418969106,0.4358326116588448,0.02703550746915373,0.5663636676241369,0.5727412355060111,0.006377567881874158,0.25821872362254644,0.2729198746528001,0.014701151030253656
12,specter2,simcse,0.4837826685405608,0.48213750065857097,-0.0016451678819898174,0.5811512433497581,0.5800976214594311,-0.0010536218903269834,0.3234171374505465,0.30439781315599346,-0.019019324294553053
12,scincl,scibert,0.5003228942566967,0.5257754745578649,0.02545258030116815,0.6383268501794518,0.6419184728397016,0.003591622660249816,0.41291006300427735,0.442869468366174,0.029959405361896674
12,scincl,bert,0.5074845580317889,0.5149452277464363,0.007460669714647317,0.6014909800712515,0.6012086378564199,-0.00028234221483158795,0.2869309326498259,0.29256547048441417,0.005634537834588282
12,scincl,mpnet,0.6540618636147106,0.647390292504603,-0.0066715711101076325,0.658611124149237,0.6542198813623316,-0.004391242786905392,0.6530052346220112,0.6360446662651162,-0.016960568356894967
12,scincl,minilm,0.6382717445733223,0.641352976958194,0.0030812323848717904,0.6249213862606905,0.6258286702996324,0.0009072840389419135,0.6335625935459098,0.6328356955675937,-0.0007268979783161544
12,scincl,pubmedbert,0.4527021031298104,0.45850805499716873,0.005805951867358328,0.5903957318121673,0.5894310770590353,-0.0009646547531320104,0.4098191706165508,0.4222752918371891,0.012456121220638272
12,scincl,biobert,0.41694484174561136,0.4437382573448462,0.026793415599234816,0.5728588193861419,0.5758642090069154,0.0030053896207734576,0.31007951685869695,0.33113699738084207,0.021057480522145122
12,scincl,simcse,0.5055779205801368,0.5001478670471508,-0.00543005353298609,0.5904072294979228,0.5859199238424996,-0.004487305655423213,0.2740776890756955,0.2539811230639527,-0.02009656601174281
12,scibert,bert,0.7776978369054741,0.7840657179532188,0.006367881047744661,0.7778142089366256,0.7717199267402259,-0.006094282196399625,0.7719825338574581,0.7726481553071223,0.0006656214496641999
12,scibert,mpnet,0.4484610266236525,0.46951237961396675,0.021051352990314243,0.5737832452489305,0.5768539373657569,0.0030706921168263124,0.4441534383723864,0.46211349721678535,0.01796005884439894
12,scibert,minilm,0.45902482721152854,0.4865888232175489,0.027563996006020386,0.5639536718472439,0.5712663961603998,0.007312724313155883,0.4540833613122058,0.478487195129217,0.024403833817011222
12,scibert,pubmedbert,0.7978105808664415,0.8030800431746892,0.005269462308247652,0.8235361278861059,0.8169303802135532,-0.00660574767255262,0.8718211396650544,0.8766283181490689,0.004807178484014574
12,scibert,biobert,0.8248671699441265,0.8279795876503281,0.003112417706201631,0.8078727203627697,0.800522994107745,-0.007349726255024724,0.8739577839173934,0.8677191029297965,-0.006238680987596945
12,scibert,simcse,0.6482444713875224,0.65749167366201,0.00924720227448761,0.6780447579329079,0.6759600580321858,-0.00208469990072202,0.4944890331677218,0.5132918156302265,0.01880278246250472
12,bert,mpnet,0.5252006376939707,0.5351550134138163,0.009954375719845587,0.6296675253305947,0.632211680017769,0.0025441546871742826,0.4556890425112207,0.464058399737147,0.0083693572259263
12,bert,minilm,0.5207404983205043,0.5371131277994227,0.016372629478918377,0.6046567637743497,0.6116915832178583,0.007034819443508589,0.4740705002626763,0.4922475579681175,0.018177057705441202
12,bert,pubmedbert,0.734541379128323,0.7341495351957468,-0.00039184393257618577,0.772030292985523,0.7661063378413306,-0.0059239551441923055,0.8104673518616704,0.8001644260689111,-0.010302925792759265
12,bert,biobert,0.7726753414454167,0.7756678308909777,0.002992489445560964,0.7838771713253946,0.7775866320592523,-0.006290539266142314,0.8262319689330805,0.8190785199481923,-0.007153448984888233
12,bert,simcse,0.7911726013526487,0.7916581219008078,0.00048552054815909074,0.8057638652965603,0.8057534935810744,-1.0371715485901767e-05,0.6829472349978664,0.6906675784816697,0.007720343483803349
12,mpnet,minilm,0.7744017288003161,0.7781632925328561,0.0037615637325399964,0.7271405053562251,0.72891674393346,0.0017762385772348566,0.8140567592186455,0.8146421163251051,0.000585357106459572
12,mpnet,pubmedbert,0.3940272529223591,0.3984724953025465,0.004445242380187453,0.5559510251230322,0.5562920516146476,0.00034102649161538157,0.4308654276496636,0.43886208090365686,0.007996653253993236
12,mpnet,biobert,0.3847411331594916,0.4090589115301195,0.024317778370627874,0.5588392018919323,0.5630388554615521,0.004199653569619821,0.3957479951933712,0.4086612296536561,0.012913234460284861
12,mpnet,simcse,0.525405326324263,0.5225315985332151,-0.0028737277910478864,0.6305100779391587,0.6292395803673289,-0.0012704975718298428,0.49042018478904625,0.4877143930512864,-0.002705791737759866
12,minilm,pubmedbert,0.4096706821200964,0.41949995108226174,0.00982926896216535,0.5481721147026251,0.5528070524732025,0.004634937770577441,0.4505485002223729,0.46553252894833047,0.014984028725957554
12,minilm,biobert,0.4028311878505097,0.43331550895933874,0.030484321108829038,0.55163748687979,0.5598461153649916,0.008208628485201652,0.4210406287931003,0.4413147939967873,0.020274165203687022
12,minilm,simcse,0.5358454259935082,0.5407971283251083,0.0049517023316001385,0.6092903358530011,0.6124862597538225,0.0031959239008214624,0.523920469843803,0.5240759293326889,0.00015545948888584515
12,pubmedbert,biobert,0.8125575076188588,0.82330793135718,0.010750423738321135,0.8216310479490233,0.8165586483105264,-0.005072399638496927,0.880632164270581,0.8793277873418175,-0.0013043769287635065
12,pubmedbert,simcse,0.6081655676084003,0.6072202801591903,-0.0009452874492100749,0.6679086523428541,0.6639165235826677,-0.0039921287601863975,0.5224572328766415,0.5248684971371701,0.0024112642605286227
12,biobert,simcse,0.635521137529233,0.6472244801258696,0.011703342596636634,0.6775588987251342,0.6758117258797615,-0.0017471728453727353,0.5433776753394487,0.5523092622217761,0.008931586882327425
13,specter,specter2,0.70688745623361,0.7055975733506482,-0.0012898828829618347,0.7206737732506515,0.7193838050078479,-0.0012899682428035852,0.62482302017006,0.6175131858872834,-0.0073098342827765395
13,specter,scincl,0.7814936452337004,0.7775430868119413,-0.003950558421759065,0.7844871656706403,0.7821151064996338,-0.0023720591710064687,0.6405575656223975,0.6320720441841824,-0.008485521438215127
13,specter,scibert,0.5500465894363827,0.6102463536893843,0.06019976425300155,0.6831531899079677,0.6901169014654073,0.006963711557439578,0.470243038024108,0.48959144302347807,0.019348404999370072
13,specter,bert,0.5218892776839716,0.5273873868760092,0.005498109192037526,0.6177791590628697,0.6195033435442159,0.001724184481346147,0.3853751866924392,0.3878387989895987,0.002463612297159523
13,specter,mpnet,0.7481327433861558,0.7409578192246153,-0.007174924161540419,0.7254960961503879,0.720445604579443,-0.005050491570944948,0.6247485854583689,0.6196336954180865,-0.005114890040282316
13,specter,minilm,0.696018781767922,0.6981733206127283,0.0021545388448063196,0.665522908988193,0.6672844168914498,0.0017615079032567982,0.6009685153944211,0.5939795468024506,-0.0069889685919705125
13,specter,pubmedbert,0.5085379198980681,0.5436619968528138,0.03512407695474573,0.6675127553236944,0.6713695181239328,0.003856762800238389,0.39107416735018674,0.40857009445792775,0.017495927107741005
13,specter,biobert,0.559895708389067,0.5855837875552015,0.02568807916613447,0.6699873769760522,0.674093108732701,0.004105731756648856,0.4186955414622398,0.4237043544122626,0.005008812950022812
13,specter,simcse,0.4702668321769262,0.4659792060811217,-0.00428762609580452,0.5844726523804984,0.581074283954236,-0.003398368426262399,0.28267131153017816,0.2801749856909375,-0.002496325839240643
13,specter2,scincl,0.7782346316105501,0.7783000570365806,6.54254260304965e-05,0.8092575583858534,0.80882931269539,-0.00042824569046340244,0.6036746596996866,0.5939482907038742,-0.009726368995812362
13,specter2,scibert,0.519308956397136,0.5871204631733972,0.06781150677626113,0.7029697784564433,0.7162349617824689,0.013265183326025665,0.3775610240749005,0.4132732602326825,0.03571223615778202
13,specter2,bert,0.4406466025179477,0.4484046344180513,0.007758031900103601,0.566588188835139,0.5705381020417029,0.003949913206563904,0.3090299377290718,0.3114861917822163,0.0024562540531445354
13,specter2,mpnet,0.7156735740066881,0.711670164968939,-0.004003409037749095,0.6877331162272199,0.6843716707852914,-0.0033614454419285122,0.5945718169469288,0.5908592851826474,-0.003712531764281435
13,specter2,minilm,0.6561641164595253,0.6595001896077155,0.0033360731481901773,0.6353305581294826,0.6375668247020309,0.0022362665725482733,0.5602428033806043,0.5532865608062157,-0.006956242574388538
13,specter2,pubmedbert,0.45700485663172385,0.49441380755308856,0.0374089509213647,0.6307982138327983,0.6386039937124931,0.007805779879694774,0.30502850930007036,0.3275075297982686,0.02247902049819822
13,specter2,biobert,0.5050369442370098,0.5320073981475628,0.02697045391055297,0.6315086302451253,0.6376835165893633,0.0061748863442380175,0.34769633705473985,0.3548946971587355,0.00719836010399566
13,specter2,simcse,0.3907561629963372,0.3910073929276924,0.0002512299313551791,0.5409897354844647,0.540773606250149,-0.0002161292343156873,0.19925185715862886,0.18435520610588918,-0.014896651052739684
13,scincl,scibert,0.5487074210725041,0.6128217600071454,0.06411433893464125,0.7066842494476048,0.7163300822901134,0.00964583284250864,0.39584042182610046,0.41525283597613444,0.019412414150033974
13,scincl,bert,0.5349170273428836,0.5431636114196412,0.008246584076757602,0.6115977930489638,0.6145727463878514,0.0029749533388876426,0.42278122791545486,0.4334236136780576,0.010642385762602735
13,scincl,mpnet,0.7610756897561949,0.754338869857676,-0.006736819898518931,0.7260345395479467,0.7205967817099797,-0.005437757837967072,0.7103229861538037,0.7015431541803628,-0.0087798319734409
13,scincl,minilm,0.7048882598606265,0.7071473766238271,0.0022591167632005638,0.6667527305949578,0.6680187447149131,0.0012660141199553054,0.6430168914040422,0.6402558581401414,-0.0027610332639007584
13,scincl,pubmedbert,0.49639449511564165,0.5318727684905799,0.035478273374938196,0.6541702579641558,0.6579902937917563,0.0038200358276004875,0.35717683368044406,0.37021179548852895,0.013034961808084888
13,scincl,biobert,0.5515306027680553,0.5775283919226415,0.02599778915458617,0.6557967391345052,0.659958891829777,0.004162152695271759,0.38563274088408156,0.3920851013482131,0.006452360464131557
13,scincl,simcse,0.4656491888053612,0.4613501047159647,-0.004299084089396499,0.5747134592604418,0.5716412413111028,-0.0030722179493389845,0.341449466967123,0.3394891311102231,-0.0019603358568999196
13,scibert,bert,0.6849259086508328,0.7011318343753006,0.016205925724467773,0.7415824738233965,0.7322585509051249,-0.009323922918271554,0.6714761928031894,0.6573481746383777,-0.014128018164811684
13,scibert,mpnet,0.5086045511040125,0.5674215632967513,0.05881701219273883,0.6255844573681549,0.6330111532533105,0.007426695885155543,0.41460984509852444,0.43499130672297703,0.02038146162445259
13,scibert,minilm,0.49632611014375,0.5643521140512773,0.06802600390752728,0.5882681842147144,0.6025486943210957,0.014280510106381317,0.4357452793488677,0.45398158731245386,0.018236307963586162
13,scibert,pubmedbert,0.846329384915596,0.8392891770844664,-0.007040207831129575,0.8409758668316692,0.8299134759019438,-0.011062390929725496,0.8468604655131465,0.8293767602479454,-0.017483705265201155
13,scibert,biobert,0.8418652071714154,0.8398356555776001,-0.0020295515938153486,0.8225412064404934,0.8143169009948639,-0.008224305445629576,0.831653922330137,0.8203293896763216,-0.011324532653815389
13,scibert,simcse,0.5892195839731841,0.6072365264739061,0.018016942500722055,0.6585286910960364,0.6546708009258158,-0.003857890170220646,0.48422039535904887,0.4777969606969927,-0.006423434662056193
13,bert,mpnet,0.5260885027593879,0.5305807154312432,0.004492212671855289,0.6037470314014256,0.6058946750395326,0.002147643638107044,0.5073521989298795,0.5159518188523797,0.008599619922500246
13,bert,minilm,0.5562276196455971,0.5731935750392249,0.016965955393627774,0.5889396106398704,0.6002115368554729,0.011271926215602468,0.5630663799606682,0.5811702072534247,0.018103827292756502
13,bert,pubmedbert,0.6833433721403874,0.6853937126535408,0.002050340513153337,0.7447777189377092,0.7326373791529452,-0.01214033978476392,0.7157978587079898,0.6779349784108412,-0.03786288029714868
13,bert,biobert,0.7279725269125052,0.7221899261482555,-0.005782600764249746,0.7532935148587907,0.7421534758398182,-0.011140039018972536,0.7755774480174396,0.7403286580318204,-0.0352487899856192
13,bert,simcse,0.7620110519333554,0.7556684728164336,-0.00634257911692182,0.7942596613101236,0.7930099640082294,-0.0012496973018941704,0.7911643528884111,0.7760572538916453,-0.015107098996765878
13,mpnet,minilm,0.8013852297520878,0.8053067864490399,0.003921556696952044,0.7389751376960374,0.7415018224251289,0.002526684729091455,0.8005654456534155,0.8055699507219216,0.005004505068506138
13,mpnet,pubmedbert,0.475931985616607,0.509152813392622,0.03322082777601498,0.6170507164055086,0.6216101961214573,0.004559479715948722,0.3995688827249214,0.4070719882071807,0.007503105482259298
13,mpnet,biobert,0.5318804906720573,0.5559623770093989,0.02408188633734154,0.630626487900054,0.634335675927579,0.0037091880275249567,0.4400606805621507,0.44652233970030564,0.00646165913815494
13,mpnet,simcse,0.46855537498804495,0.463767608100011,-0.004787766888033951,0.5768495113501054,0.5746647285233175,-0.002184782826787912,0.4291464498018647,0.421881727743205,-0.007264722058659745
13,minilm,pubmedbert,0.4626741701545874,0.5030645122369505,0.040390342082363084,0.5779676648928376,0.5890308378058167,0.011063172912979091,0.41940575771401584,0.4245551624903886,0.005149404776372768
13,minilm,biobert,0.5187936666137831,0.5502383751086638,0.03144470849488068,0.5928372453062611,0.6030143793476737,0.010177134041412517,0.47343410745458675,0.4831671195574179,0.009733012102831173
13,minilm,simcse,0.49819718876550084,0.503926213000834,0.005729024235333113,0.565218859417415,0.5701597458501815,0.004940886432766467,0.47308230739120555,0.47515926125689834,0.0020769538656927877
13,pubmedbert,biobert,0.8433634071171332,0.8395926047342213,-0.003770802382911942,0.8341957593019217,0.8235341415180325,-0.010661617783889188,0.85367414664119,0.830542421034359,-0.023131725606830966
13,pubmedbert,simcse,0.5824208477365818,0.583387149679357,0.0009663019427752495,0.6583194556292616,0.6506787642488914,-0.007640691380370268,0.5574750013096841,0.5182899460242261,-0.039185055285458015
13,biobert,simcse,0.605136749209792,0.602777887841927,-0.002358861367865006,0.6605721210532701,0.6548504509216231,-0.005721670131647039,0.5835680183364209,0.5479170232322891,-0.03565099510413183
14,specter,specter2,0.7169075143403801,0.7161171041571938,-0.0007904101831863741,0.7322650309305236,0.7320553009520965,-0.00020972997842716445,0.607758588014899,0.6111815016894495,0.0034229136745504984
14,specter,scincl,0.75951952998349,0.7584753785454377,-0.0010441514380523653,0.7711786460668315,0.7706938754610243,-0.00048477060580720543,0.6928203211675489,0.6921679319079205,-0.0006523892596284053
14,specter,scibert,0.4254459878211211,0.4386727424701498,0.013226754649028727,0.6179083370781466,0.6199700040402127,0.002061666962066111,0.38659857324949837,0.3972844296467112,0.010685856397212812
14,specter,bert,0.4306422006118949,0.43411646695340156,0.00347426634150666,0.6039447119118733,0.605057814600907,0.0011131026890337514,0.3839796670949498,0.39073511901783725,0.0067554519228874566
14,specter,mpnet,0.7264859255151189,0.7240890144680762,-0.00239691104704276,0.7182544692843075,0.7166878013809396,-0.001566667903367902,0.6787145938412863,0.6769593155298977,-0.0017552783113885528
14,specter,minilm,0.6947178992638111,0.6946861211910171,-3.1778072793975376e-05,0.6804343885508976,0.6807359522190011,0.00030156366810352164,0.6565102593902791,0.6550233856765564,-0.0014868737137226917
14,specter,pubmedbert,0.3480961874660544,0.35364760026548325,0.005551412799428834,0.580652265438089,0.5805913351732946,-6.0930264794367694e-05,0.3434210478875523,0.3535295167053224,0.010108468817770111
14,specter,biobert,0.3926260292427805,0.4012320553418116,0.008606026099031105,0.5769800633282243,0.5791135225938316,0.0021334592656073736,0.36072215501580396,0.36681494481203764,0.0060927897962336774
14,specter,simcse,0.487175443374389,0.48464374266238114,-0.002531700712007867,0.6183051488029357,0.6174214859956467,-0.0008836628072890207,0.4031430010633591,0.4047842237079616,0.0016412226446024802
14,specter2,scincl,0.795401231788282,0.7957271063084772,0.0003258745201951685,0.8085622464169644,0.8090744562945484,0.0005122098775840467,0.6959273390143208,0.6977320864453306,0.0018047474310097789
14,specter2,scibert,0.513625996365164,0.5313187036797702,0.01769270731460615,0.6788044607555619,0.68408711737766,0.0052826566220981475,0.4011911010009779,0.4048315425580798,0.0036404415571019144
14,specter2,bert,0.4636438364186928,0.46648802009080104,0.002844183672108258,0.6082722787114773,0.6101306339523048,0.0018583552408275583,0.33231494154128743,0.333670599474177,0.0013556579328895535
14,specter2,mpnet,0.7526027988329268,0.75167289888331,-0.0009298999496167859,0.7202319764943256,0.7196453519090997,-0.0005866245852258478,0.7066982400567512,0.7071175076752997,0.00041926761854849115
14,specter2,minilm,0.7020599732681938,0.7034809556624565,0.0014209823942626931,0.6801095622340805,0.6810494090105305,0.0009398467764499818,0.6492938874257317,0.6517601563864011,0.002466268960669371
14,specter2,pubmedbert,0.40646893554360247,0.412843501403227,0.006374565859624537,0.5972754326925137,0.5990652272186658,0.001789794526152133,0.3090547784341382,0.3114825915662058,0.00242781313206758
14,specter2,biobert,0.44973036743408074,0.45932636984023933,0.009596002406158599,0.5944621252856224,0.597649928350089,0.0031878030644666433,0.3297900071049757,0.3268393943200967,-0.0029506127848790142
14,specter2,simcse,0.4897367910850018,0.48728106225111306,-0.002455728833888726,0.6135540543277236,0.6135278011615508,-2.6253166172773845e-05,0.3918502816831301,0.3861616275504052,-0.005688654132724902
14,scincl,scibert,0.4388798441031653,0.45623418628534684,0.01735434218218157,0.639644254946064,0.6438123599362852,0.004168104990221133,0.33218944111597465,0.3354303396585746,0.003240898542599957
14,scincl,bert,0.427845800261921,0.43204730975814143,0.004201509496220446,0.5969582899776079,0.5985879185136646,0.0016296285360566376,0.28375928628139846,0.2883235257338075,0.004564239452409025
14,scincl,mpnet,0.7550271566640449,0.7531061762514667,-0.0019209804125781549,0.7305153558618259,0.7290283345766273,-0.0014870212851986198,0.7051804644769569,0.7020327524355813,-0.00314771204137565
14,scincl,minilm,0.7189114958679806,0.7199113945663366,0.0009998986983559277,0.6918469181466813,0.6924524550474315,0.0006055369007501588,0.6697775425249478,0.6685190569998011,-0.0012584855251467353
14,scincl,pubmedbert,0.36180236069508814,0.36835725285544774,0.006554892160359593,0.5763145536362313,0.5769429485231323,0.0006283948869010292,0.2805579519503937,0.28618501821146186,0.005627066261068181
14,scincl,biobert,0.39437987345983466,0.4032767382101593,0.00889686475032464,0.5707628837207943,0.5730937423457378,0.0023308586249435326,0.27040922390952055,0.27161747346554177,0.0012082495560212236
14,scincl,simcse,0.48230399340649216,0.48084034900116773,-0.0014636444053244269,0.6116720812154326,0.6113232438806724,-0.0003488373347602103,0.3279361153778403,0.3271120181192804,-0.0008240972585598638
14,scibert,bert,0.7149382360842952,0.7168207914835486,0.001882555399253416,0.7771349774150876,0.7758249377749311,-0.001310039640156524,0.7463081930292723,0.7512542457991367,0.004946052769864373
14,scibert,mpnet,0.4717918596934938,0.4867581281823241,0.014966268488830314,0.6123588675099644,0.6156991848402158,0.003340317330251419,0.45240891693302154,0.4683339988463341,0.015925081913312544
14,scibert,minilm,0.4499664990692768,0.4632257628989694,0.013259263829692558,0.5900261336941699,0.5950859864144905,0.005059852720320612,0.4340858025487136,0.4471804780729516,0.013094675524237986
14,scibert,pubmedbert,0.7836556634687416,0.781707262832762,-0.0019484006359795636,0.822442122682211,0.8193874320928383,-0.0030546905893726883,0.8189364661408449,0.822565004756908,0.0036285386160630484
14,scibert,biobert,0.795469876624077,0.7918496813295451,-0.003620195294531836,0.8014735540646322,0.7980123800708816,-0.003461173993750566,0.8188312801435806,0.8149681250854212,-0.0038631550581594842
14,scibert,simcse,0.5719095290340611,0.5768068559976265,0.004897326963565374,0.6862137146557802,0.6873869522310758,0.001173237575295638,0.5767884577279692,0.5925018456952513,0.015713387967282166
14,bert,mpnet,0.47889587769596853,0.4820692427727455,0.0031733650767769572,0.6237027584085425,0.6252852918372475,0.0015825334287049575,0.4438214903335525,0.45546067888815206,0.011639188554599555
14,bert,minilm,0.4754626142618467,0.48235500240518614,0.006892388143339423,0.607265669873797,0.6111620228083089,0.0038963529345118486,0.45323435559508435,0.46400278560050723,0.01076843000542288
14,bert,pubmedbert,0.700212289761223,0.7057947410036445,0.005582451242421516,0.7721646419564437,0.7725559982866845,0.00039135633024078853,0.7824408939916053,0.7794148785255337,-0.0030260154660716188
14,bert,biobert,0.7442463445422872,0.7448619378816381,0.0006155933393509061,0.7750166763644489,0.773007719365349,-0.0020089569990999756,0.8228157735965422,0.8149131174497796,-0.007902656146762665
14,bert,simcse,0.7418434415373972,0.7468003394586736,0.004956897921276404,0.8083042155909297,0.8096376255745247,0.0013334099835949909,0.7859658108554072,0.792218108381048,0.006252297525640826
14,mpnet,minilm,0.8118104162909886,0.8136001143768986,0.0017896980859100076,0.7639148815630473,0.7651687196866562,0.001253838123608908,0.8308067586445084,0.8327845979519646,0.0019778393074562084
14,mpnet,pubmedbert,0.38981282404977613,0.39537768938047874,0.005564865330702606,0.5796318623379176,0.580512223570775,0.0008803612328573962,0.386865403001662,0.40253944864934776,0.015674045647685764
14,mpnet,biobert,0.43878769445042837,0.4467099415875061,0.007922247137077731,0.5838836110645581,0.5862798555513677,0.00239624448680964,0.41094244846185307,0.41847623000468925,0.007533781542836182
14,mpnet,simcse,0.520183942004125,0.5184311153278781,-0.001752826676246877,0.6371388468200105,0.6370021340721317,-0.00013671274787885324,0.4972038514795087,0.49952672613681753,0.002322874657308849
14,minilm,pubmedbert,0.37809074340065185,0.3849211087495064,0.006830365348854561,0.5610188869966558,0.5645426598022182,0.003523772805562375,0.38634850377887037,0.40020362848800917,0.0138551247091388
14,minilm,biobert,0.4263532244424249,0.43508365225906764,0.008730427816642738,0.567261118993952,0.5716486522968638,0.00438753330291175,0.40862654208156785,0.4145290076548202,0.005902465573252358
14,minilm,simcse,0.5416024874047008,0.5422103871806283,0.0006078997759274563,0.6248317899630921,0.626724905209412,0.0018931152463199652,0.5246882214247189,0.524845218128612,0.00015699670389301978
14,pubmedbert,biobert,0.817791472461484,0.8193621370336669,0.0015706645721829116,0.8192552789343298,0.8162945623067002,-0.002960716627629645,0.8574780780706954,0.8562380924895984,-0.0012399855810970584
14,pubmedbert,simcse,0.544650492383956,0.5468070578580105,0.002156565474054517,0.676860755281489,0.6771856275324484,0.00032487225095934047,0.5840795312046975,0.590259825634152,0.006180294429454558
14,biobert,simcse,0.585237131988511,0.5866984234022122,0.0014612914137012156,0.6794889056664467,0.6802972299472708,0.0008083242808241131,0.6349135328582848,0.631502027285252,-0.0034115055730328248
15,specter,specter2,0.8013583970993546,0.7987176729960752,-0.0026407241032794238,0.726367829978145,0.724029148262236,-0.002338681715909008,0.6644007251135056,0.6555146165092841,-0.008886108604221454
15,specter,scincl,0.8539106896811727,0.852646452927943,-0.0012642367532296195,0.7884238322601692,0.7864866152660948,-0.0019372169940744532,0.7570559462081381,0.7555306041648275,-0.0015253420433105624
15,specter,scibert,0.6704237210404637,0.7030601765593065,0.032636455518842866,0.678492714365162,0.6801624171501925,0.0016697027850305357,0.523029255941574,0.5331205154108013,0.010091259469227287
15,specter,bert,0.6649013788840384,0.666148988520639,0.001247609636600533,0.6520338038396509,0.6510195682073331,-0.0010142356323178392,0.5541880790304682,0.5560267778695627,0.001838698839094488
15,specter,mpnet,0.84365939828784,0.8405346987193784,-0.0031246995684616197,0.746493105734653,0.7438728286107468,-0.002620277123906223,0.7678321527580836,0.7631282606143179,-0.004703892143765653
15,specter,minilm,0.7994509713627164,0.8008716422183537,0.0014206708556373515,0.6880040769915755,0.689463209498562,0.0014591325069864824,0.7304576291916453,0.7290825610502044,-0.0013750681414408383
15,specter,pubmedbert,0.6280285679578018,0.6490222675376551,0.02099369957985331,0.664825653980172,0.66331258752825,-0.0015130664519220627,0.49075290708587893,0.488294763037236,-0.0024581440486429185
15,specter,biobert,0.6703304556088489,0.6760985863159269,0.005768130707078045,0.6658945375711018,0.6644325804387874,-0.001461957132314451,0.5000684131836747,0.49905196353112685,-0.001016449652547824
15,specter,simcse,0.646379158351759,0.6475800221314034,0.0012008637796444566,0.6340790117678652,0.6319733407987984,-0.002105670969066775,0.5034412140541022,0.5005198264832975,-0.0029213875708047343
15,specter2,scincl,0.8499969322371695,0.8468642087209894,-0.0031327235161801026,0.8002564519171376,0.7984064300252516,-0.001850021891885989,0.6710870069872167,0.6639424813358579,-0.007144525651358813
15,specter2,scibert,0.6316531588500146,0.6616083089288596,0.029955150078844972,0.7017153058580937,0.7076684722205597,0.005953166362466011,0.41347525913868977,0.4223094987717712,0.008834239633081442
15,specter2,bert,0.5463956505236889,0.544267151446323,-0.0021284990773658974,0.5989278322451934,0.5988362548302337,-9.157741495968708e-05,0.3706264196920667,0.35968213133770516,-0.010944288354361564
15,specter2,mpnet,0.8309098625226664,0.8270183784243252,-0.003891484098341169,0.7169173652482639,0.7138457315789991,-0.0030716336692647728,0.7026162134175432,0.6923747948519385,-0.010241418565604676
15,specter2,minilm,0.780242206545917,0.7797951792853597,-0.0004470272605573422,0.6640184913593216,0.6642407971977211,0.0002223058383995502,0.6561596479238999,0.6476048625470144,-0.008554785376885476
15,specter2,pubmedbert,0.5625898703490297,0.5806440224167981,0.018054152067768392,0.6375579739907258,0.6386362981962508,0.0010783242055250053,0.3710426877486061,0.36670995786627475,-0.004332729882331354
15,specter2,biobert,0.5980143599424235,0.6015451966816998,0.003530836739276344,0.6362934331626741,0.6365624597021472,0.00026902653947313837,0.37345493995563733,0.36705779588814547,-0.006397144067491867
15,specter2,simcse,0.5761775612639183,0.5758623278987761,-0.0003152333651421646,0.5914416976381498,0.5903931630020559,-0.0010485346360938896,0.34316355771591117,0.32710910824377004,-0.01605444947214113
15,scincl,scibert,0.620019732218577,0.6539509951319737,0.033931262913396765,0.6891720040564884,0.6940221760529017,0.004850171996413355,0.41715070114837877,0.432664364236663,0.015513663088284224
15,scincl,bert,0.5925001117820394,0.5955003042220098,0.003000192439970406,0.6342832567367801,0.6349247202977046,0.0006414635609245378,0.4585125725237821,0.4731353667083387,0.014622794184556642
15,scincl,mpnet,0.8612720576691754,0.8581811565025965,-0.003090901166578841,0.7520516491019573,0.748964894878108,-0.0030867542238492973,0.7904204121155497,0.7867400760033466,-0.0036803361122030864
15,scincl,minilm,0.8122130181972573,0.8146072204932678,0.002394202296010506,0.6926843894218223,0.6944675636833488,0.0017831742615265211,0.7509998266089986,0.7520341561835874,0.0010343295745888215
15,scincl,pubmedbert,0.5646837215346477,0.5863237465114522,0.021640024976804506,0.6445059274146492,0.6444147900000078,-9.113741464139569e-05,0.35933982032834827,0.36327778236219227,0.003937962033844
15,scincl,biobert,0.6114875499247039,0.6176231771924215,0.006135627267717658,0.6462710110362705,0.6458757747773632,-0.00039523625890725,0.35721243070403086,0.36540096208650014,0.008188531382469277
15,scincl,simcse,0.6059450654873292,0.6087586459738273,0.0028135804864981573,0.6187519753501537,0.6176212411173009,-0.0011307342328528147,0.44371192889177635,0.4532036143085082,0.009491685416731843
15,scibert,bert,0.7580957999993739,0.7787723068977083,0.020676506898334335,0.7670257302152097,0.7633905323478515,-0.0036351978673582197,0.7463021191497566,0.752501181991757,0.006199062842000336
15,scibert,mpnet,0.6085979415759242,0.639759703228251,0.03116176165232687,0.6343838142265423,0.6385613767328453,0.0041775625063029675,0.46729804511224365,0.48017720581694023,0.01287916070469658
15,scibert,minilm,0.5951795441833975,0.6290863686698769,0.033906824486479414,0.604578874985793,0.6134152965494685,0.008836421563675478,0.46070357545925733,0.47329834461875087,0.012594769159493535
15,scibert,pubmedbert,0.859642668794729,0.8649692309997628,0.005326562205033802,0.8437027920438102,0.836080613140788,-0.007622178903022192,0.8642040611540075,0.867325102103314,0.0031210409493065416
15,scibert,biobert,0.8579076801627274,0.8634002116339711,0.005492531471243622,0.824201907068181,0.818776176351584,-0.0054257307165970214,0.855612305157033,0.8575015459127506,0.0018892407557176139
15,scibert,simcse,0.6706050451028083,0.6924464435926314,0.02184139848982314,0.6878351496809268,0.6879897345862083,0.00015458490528141855,0.5716466500706155,0.5785381182588422,0.006891468188226613
15,bert,mpnet,0.5793217888586657,0.5786455332492281,-0.000676255609437626,0.6277613348445024,0.6280017864763368,0.000240451631834393,0.5114495285451249,0.515879339348697,0.004429810803572076
15,bert,minilm,0.5785520880637482,0.5832150833545924,0.00466299529084413,0.6056096639716375,0.6117917873826263,0.006182123410988782,0.523496247713241,0.5301164851597929,0.006620237446551935
15,bert,pubmedbert,0.7685949224790826,0.7790105848581859,0.010415662379103297,0.7733744198758703,0.7675905457190927,-0.005783874156777613,0.7749064396342602,0.7592280311015691,-0.01567840853269109
15,bert,biobert,0.8083569179864661,0.8110653846861589,0.002708466699692713,0.7794941987844859,0.7743759160722771,-0.0051182827122088215,0.8009895965339716,0.7885553301333894,-0.012434266400582206
15,bert,simcse,0.7607445599289792,0.7609634222822034,0.000218862353224214,0.803270245753531,0.8035398067050817,0.0002695609515507291,0.7647564053168857,0.761579105179949,-0.0031773001369367337
15,mpnet,minilm,0.8872784457874869,0.890455653623706,0.003177207836219109,0.7739152846414153,0.7765105778130684,0.002595293171653079,0.8616920853767248,0.8643396675473538,0.0026475821706289926
15,mpnet,pubmedbert,0.5654188772703064,0.5847679559630475,0.019349078692741162,0.6232705273443292,0.624106801922859,0.0008362745785297498,0.44558571016596304,0.4467811180959503,0.0011954079299872356
15,mpnet,biobert,0.6104873868805287,0.6145017082645663,0.004014321384037567,0.6332916938809687,0.6334829199645394,0.0001912260835706947,0.4477142352197871,0.4521377548163422,0.0044235195965551255
15,mpnet,simcse,0.6266122121749202,0.6272180952088383,0.0006058830339180643,0.6283702828181471,0.627348624790343,-0.0010216580278040732,0.5310441054271087,0.5324396464640968,0.001395541036988135
15,minilm,pubmedbert,0.5524306252464537,0.5749792968939654,0.02254867164751173,0.5921259799421147,0.5983218848840607,0.0061959049419459955,0.4428269607045709,0.4455455102468646,0.0027185495422937245
15,minilm,biobert,0.5987274383033174,0.6066893847438445,0.007961946440527057,0.6038797825235364,0.6086480909480693,0.004768308424532908,0.45123520288958696,0.4574418205866029,0.006206617697015915
15,minilm,simcse,0.6279101920435641,0.6334459630101179,0.005535770966553777,0.6089717503127322,0.6129855096662901,0.004013759353557855,0.5340983762177465,0.5380489073981224,0.003950531180375916
15,pubmedbert,biobert,0.8698167576641115,0.87183507980937,0.0020183221452585443,0.8385407529939709,0.8303480640963515,-0.008192688897619371,0.89485505407264,0.887117834333293,-0.007737219739346934
15,pubmedbert,simcse,0.6579254351244849,0.6678792431382692,0.009953808013784315,0.6859534621436397,0.6822048091025408,-0.0037486530410989483,0.5950786053446961,0.5785086372422685,-0.016569968102427612
15,biobert,simcse,0.6834033293899556,0.6836477836619409,0.0002444542719852727,0.6883275420367202,0.6853112738953491,-0.0030162681413711256,0.5952406931131013,0.580674920429685,-0.0145657726834163
16,specter,specter2,0.7434748358947179,0.7394980796398377,-0.003976756254880143,0.6984649380424295,0.695295494312293,-0.003169443730136501,0.6415060405127642,0.6334972475112441,-0.00800879300152002
16,specter,scincl,0.7868779755242487,0.7821170056094197,-0.004760969914828994,0.7600099284718413,0.756814210735246,-0.003195717736595327,0.7826173104425423,0.7791744176154366,-0.003442892827105748
16,specter,scibert,0.6977352672664099,0.7178832391441023,0.02014797187769246,0.6791788101864178,0.6795779460974022,0.00039913591098439394,0.5374310354125779,0.5339934842999843,-0.0034375511125935843
16,specter,bert,0.6831988732234687,0.6753781405713835,-0.007820732652085272,0.635995501389603,0.6333135742877811,-0.0026819271018219126,0.5930577369951459,0.5978817885097034,0.004824051514557559
16,specter,mpnet,0.7655318639875504,0.7604277225195961,-0.005104141467954237,0.6988511883533185,0.6949326699464419,-0.0039185184068766254,0.7687263831288121,0.7655195379192997,-0.003206845209512421
16,specter,minilm,0.720041610003722,0.719990846660889,-5.076334283304895e-05,0.6414346488279588,0.6420423327554252,0.0006076839274664625,0.7360222048615513,0.7344809817451994,-0.001541223116351964
16,specter,pubmedbert,0.6734016329731363,0.672957256923815,-0.00044437604932123786,0.6695173875919282,0.6635858669154335,-0.005931520676494717,0.46089915618774885,0.4537951553329877,-0.00710400085476115
16,specter,biobert,0.6749455664761038,0.6811314346770321,0.006185868200928257,0.6640593567248522,0.6631168937614151,-0.0009424629634370296,0.4086645097261595,0.4048029545545074,-0.003861555171652098
16,specter,simcse,0.6134929293588205,0.6106589642589595,-0.002833965099861002,0.6017694464442801,0.5975561456001462,-0.004213300844133849,0.49294870683087233,0.5019950747514874,0.009046367920615084
16,specter2,scincl,0.7728632153635967,0.7705773204137232,-0.0022858949498735237,0.7828664374252289,0.7815502388656729,-0.0013161985595560033,0.592382590294959,0.5881374629808462,-0.004245127314112751
16,specter2,scibert,0.633970763326437,0.6572206587426519,0.023249895416214916,0.6861892311949416,0.6930070842654749,0.006817853070533286,0.4365326729648315,0.4532500456071271,0.016717372642295614
16,specter2,bert,0.5425966315650543,0.5379880962189858,-0.004608535346068532,0.5663281047449741,0.5665605751812957,0.0002324704363215746,0.4071079865287686,0.4062195155910484,-0.0008884709377202094
16,specter2,mpnet,0.7370927242253558,0.7327547189705712,-0.0043380052547845604,0.6706696443183736,0.6672322419890354,-0.0034374023293382017,0.6542018432945012,0.6426704394766761,-0.011531403817825026
16,specter2,minilm,0.6791480760593654,0.6802051733599281,0.0010570973005626927,0.6155669731937919,0.6163981213291059,0.0008311481353139305,0.5991493876388742,0.5874597135226507,-0.011689674116223459
16,specter2,pubmedbert,0.5965362846176784,0.5990146475842931,0.0024783629666147444,0.6266251702902145,0.625014346248714,-0.0016108240415004804,0.3757161053867893,0.3846698515606744,0.008953746173885113
16,specter2,biobert,0.5891600073511029,0.5972783437848921,0.00811833643378923,0.6157921995707125,0.6180483651268881,0.0022561655561755822,0.34601442160603957,0.35113326180783194,0.005118840201792374
16,specter2,simcse,0.5109253326341805,0.5091543001066198,-0.001771032527560723,0.5482223654216021,0.5468617650203641,-0.0013606004012379769,0.3552205086465522,0.3480559738336394,-0.007164534812912793
16,scincl,scibert,0.6127770303939235,0.6285054519820705,0.015728421588147024,0.6880020185486799,0.6916342797033116,0.0036322611546316663,0.4239761662104411,0.4291054340612613,0.005129267850820185
16,scincl,bert,0.5655509532710059,0.5583022789275363,-0.007248674343469652,0.604627446317559,0.603550672780624,-0.0010767735369350273,0.508403645579005,0.5294277552740696,0.02102410969506463
16,scincl,mpnet,0.7477239719583979,0.7428550631714109,-0.004868908786986981,0.6941118984477698,0.6900623887943542,-0.004049509653415551,0.780101754783254,0.7781735245934335,-0.001928230189820579
16,scincl,minilm,0.6922412215261164,0.6934516964083786,0.0012104748822621136,0.637008010953365,0.6378089941493933,0.000800983196028282,0.7290181114545404,0.7303464683613684,0.0013283569068279766
16,scincl,pubmedbert,0.5803028511800008,0.5740854966775484,-0.006217354502452421,0.6432418510982121,0.6376606714206164,-0.005581179677595638,0.3245641239929101,0.3257295522538245,0.0011654282609143696
16,scincl,biobert,0.5800758935194662,0.5818925104157143,0.0018166168962481244,0.6352595010758602,0.6350602676124097,-0.00019923346345041004,0.2716354492315889,0.2770747500056875,0.005439300774098599
16,scincl,simcse,0.5177266452163961,0.512833704969592,-0.0048929402468040895,0.5745313193095407,0.570979424173254,-0.0035518951362867313,0.4344418759156033,0.45346868110617317,0.019026805190569873
16,scibert,bert,0.7904669262143462,0.8078851762682365,0.017418250053890305,0.7642447803627012,0.7589192122257501,-0.005325568136951064,0.7757730592484317,0.7757746551089363,1.5958605046328955e-06
16,scibert,mpnet,0.6137548110654767,0.6325135511906982,0.018758740125221496,0.614343607477426,0.6175828185347374,0.0032392110573113975,0.49567405482918525,0.5013806690034518,0.005706614174266544
16,scibert,minilm,0.6037764860397878,0.6263592888906403,0.022582802850852457,0.5847176763991139,0.5922369510255253,0.007519274626411443,0.49909011082472404,0.5009068426347673,0.001816731810043215
16,scibert,pubmedbert,0.9003247576019857,0.8979170702009389,-0.0024076874010467986,0.8475593426340888,0.8356602287130265,-0.011899113921062354,0.8724614632111493,0.8804250844520585,0.007963621240909213
16,scibert,biobert,0.8880486427054883,0.8950473038142259,0.006998661108737592,0.8283941094333165,0.8226139517974733,-0.005780157635843164,0.8492882834302136,0.8550692785771745,0.005780995146960954
16,scibert,simcse,0.6776523311118313,0.6956068952090009,0.017954564097169556,0.6747090185491726,0.6732691405675189,-0.001439877981653792,0.5963655999074083,0.6108435960061106,0.014477996098702262
16,bert,mpnet,0.5711762093588464,0.5671911926716353,-0.003985016687211074,0.5931695840823078,0.5929872038275548,-0.000182380254753034,0.5926448949161125,0.6030056711340144,0.01036077621790188
16,bert,minilm,0.5822266471598885,0.5849116779331238,0.002685030773235342,0.5760694782949357,0.5817626947863768,0.0056932164914410555,0.6144385960440948,0.6224851852147116,0.008046589170616847
16,bert,pubmedbert,0.7806688622426291,0.7805810165150578,-8.78457275712563e-05,0.7650725747717858,0.7542667991455219,-0.010805775626263947,0.769773772654438,0.7464866901122186,-0.02328708254221945
16,bert,biobert,0.7995207808664758,0.804462532269812,0.004941751403336192,0.7718760638453325,0.7653173571242634,-0.006558706721069063,0.7639870417639691,0.7458861295262155,-0.018100912237753675
16,bert,simcse,0.7571780292600008,0.7592049902552235,0.002026960995222704,0.7854858412254957,0.785305399199895,-0.00018044202560074663,0.7806995932187499,0.7862109276530281,0.005511334434278203
16,mpnet,minilm,0.8089879953781357,0.8118412697161793,0.00285327433804361,0.7274053206719997,0.7295672337588772,0.0021619130868775205,0.8476503043436271,0.8477754684074434,0.00012516406381635203
16,mpnet,pubmedbert,0.589237338217653,0.5883256697964444,-0.0009116684212086001,0.6073366643771445,0.6042669417617158,-0.003069722615428705,0.4431229714913087,0.4312859240892127,-0.011837047402096013
16,mpnet,biobert,0.5937038898719941,0.5989901724307309,0.005286282558736866,0.6135872727505769,0.6142072281735929,0.000619955423015961,0.4070893812007204,0.405975359468439,-0.0011140217322814228
16,mpnet,simcse,0.5684670291365284,0.5655576563407201,-0.002909372795808274,0.5839509580695498,0.5818346396907406,-0.002116318378809212,0.5497244237343107,0.5566503761996301,0.006925952465319352
16,minilm,pubmedbert,0.5734186014529746,0.5784715524536205,0.0050529510006458445,0.5752198990616967,0.5772386091858518,0.0020187101241551098,0.4582546794551388,0.4457890269179725,-0.012465652537166305
16,minilm,biobert,0.5786159069070828,0.587499915842359,0.0088840089352763,0.5814226363751857,0.5866669318598134,0.005244295484627792,0.4145061798297651,0.41133794527584283,-0.003168234553922289
16,minilm,simcse,0.5811109458024067,0.5869017458292258,0.005790800026819087,0.5678877341545496,0.571586865206164,0.003699131051614346,0.5690963873947442,0.5778866221727184,0.008790234777974137
16,pubmedbert,biobert,0.8926910625157963,0.8879521234632051,-0.004738939052591262,0.840802185451355,0.8287283513869653,-0.012073834064389666,0.8785348237533408,0.8724618033901522,-0.006073020363188575
16,pubmedbert,simcse,0.6647089248438453,0.6653662983897163,0.0006573735458710317,0.670939955719234,0.6626659817528311,-0.008273973966402948,0.6215609844089022,0.6047574271183882,-0.01680355729051397
16,biobert,simcse,0.6724402774847582,0.6773606316499141,0.004920354165155905,0.672378427933787,0.669142620002741,-0.003235807931045942,0.6062054778515129,0.599789699184973,-0.006415778666539862
17,specter,specter2,0.7362311593198633,0.7342253940740422,-0.0020057652458210784,0.7432925915339383,0.7423293651141655,-0.0009632264197728668,0.5248413300056042,0.5221828248754541,-0.0026585051301500906
17,specter,scincl,0.7703649690422388,0.7693076011927527,-0.0010573678494861793,0.7692097465697734,0.7685344378721571,-0.0006753086976162281,0.5697105503182796,0.5696048150345083,-0.00010573528377122443
17,specter,scibert,0.5031280099159903,0.5146568010800561,0.0115287911640658,0.649171604810434,0.6514133703728552,0.002241765562421172,0.3519101830297734,0.35784565601611584,0.005935472986342449
17,specter,bert,0.5178874452032975,0.5200960607674615,0.0022086155641639627,0.609959718665325,0.6106843338750614,0.0007246152097364345,0.36285069362662725,0.36672602867731563,0.0038753350506883777
17,specter,mpnet,0.7373906792018938,0.73600084077614,-0.0013898384257537977,0.7124463156388122,0.7112435191769975,-0.001202796461814759,0.5366276719025685,0.5378120656445303,0.0011843937419617756
17,specter,minilm,0.711063927341533,0.7110609240178549,-3.0033236780857564e-06,0.6811999865334577,0.6812780222257062,7.803569224851259e-05,0.557392644797981,0.5587462035183625,0.0013535587203814536
17,specter,pubmedbert,0.4761959062034119,0.4831306596691279,0.0069347534657159815,0.607505163221496,0.6081676421462082,0.0006624789247122731,0.3258894689552246,0.32752327743880916,0.0016338084835845756
17,specter,biobert,0.4846100063105945,0.492571977321426,0.007961971010831514,0.5951802396820117,0.597350513350682,0.002170273668670286,0.3191007326817518,0.32255561336938915,0.0034548806876373295
17,specter,simcse,0.5316117597170339,0.5314542997693469,-0.00015745994768701088,0.608566640270561,0.6081567982136127,-0.000409842056948273,0.362798856263494,0.36455962415040044,0.0017607678869064336
17,specter2,scincl,0.8225017903384645,0.821999484694929,-0.0005023056435354833,0.8275285431359758,0.82738628085179,-0.00014226228418579012,0.7072053123775128,0.7079857139579671,0.0007804015804542264
17,specter2,scibert,0.5911835530765694,0.6071034524802247,0.015919899403655235,0.7192989245798347,0.7239447728144527,0.004645848234618,0.3564509082751258,0.3706412868116034,0.014190378536477588
17,specter2,bert,0.5370222074202299,0.5398071006152905,0.0027848931950605893,0.6170058871170819,0.618419475427293,0.0014135883102111002,0.2762784002031962,0.2818523971181297,0.005573996914933488
17,specter2,mpnet,0.7448091364451488,0.7434401326739909,-0.001369003771157895,0.7093872523457,0.7085361213372019,-0.0008511310084980961,0.66187101300318,0.662088687231724,0.00021767422854401808
17,specter2,minilm,0.7072386826606409,0.7072387679858184,8.532517747905644e-08,0.6741709941503027,0.674451592786437,0.00028059863613427716,0.593365553008415,0.5936171739965389,0.00025162098812392397
17,specter2,pubmedbert,0.5128635745889254,0.52096431273348,0.008100738144554587,0.624429730379014,0.6259012531118873,0.0014715227328733205,0.26435903930189675,0.27062713864356763,0.006268099341670885
17,specter2,biobert,0.5215450738480748,0.5303955593258958,0.008850485477820969,0.6113724742103915,0.6143382705111504,0.002965796300758883,0.25800416994600894,0.26576871002092334,0.0077645400749143945
17,specter2,simcse,0.533330562087514,0.534285235755422,0.0009546736679080237,0.6078522024960463,0.6080278237113328,0.00017562121528647,0.2882472254751191,0.29041911277054766,0.002171887295428554
17,scincl,scibert,0.5259527346744916,0.5396846022620932,0.013731867587601698,0.6808331335802636,0.6849568249144583,0.004123691334194657,0.2170755006356885,0.22577834006444547,0.008702839428756964
17,scincl,bert,0.5201128760394963,0.5221531504837418,0.0020402744442454823,0.6102014584126565,0.6117131961843328,0.001511737771676347,0.1439190848787967,0.1510913815827288,0.007172296703932102
17,scincl,mpnet,0.7736101015824777,0.7727154232549514,-0.0008946783275263215,0.729228635639309,0.7283721020768904,-0.0008565335624185488,0.6026673100386665,0.6032610471621533,0.0005937371234868705
17,scincl,minilm,0.7432189078628009,0.7440416956813418,0.0008227878185409487,0.6967253265114224,0.6972758983372193,0.000550571825796875,0.5680748942831894,0.5693280259843222,0.001253131701132837
17,scincl,pubmedbert,0.4835420286370621,0.49018282694855336,0.0066407983114912805,0.6044827148109984,0.6057069822881043,0.0012242674771059114,0.13700106900200273,0.14380408551401083,0.006803016512008098
17,scincl,biobert,0.48924332955636896,0.4966806443098234,0.007437314753454438,0.5907338706290308,0.5935558327523939,0.002821962123363053,0.11967008449867594,0.12626643242316632,0.0065963479244903755
17,scincl,simcse,0.5373633187654829,0.5376898602685498,0.00032654150306687946,0.6075637343297383,0.6078554791470097,0.0002917448172713444,0.18426079487115254,0.18907325051118415,0.004812455640031604
17,scibert,bert,0.6850002224318525,0.6883097637849486,0.003309541353096024,0.7520210410970062,0.7497348809261838,-0.0022861601708223933,0.7305574563893951,0.7279494694488696,-0.002607986940525442
17,scibert,mpnet,0.5263360808447705,0.5386342145748172,0.012298133730046734,0.6316075093644364,0.6346799319132185,0.003072422548782039,0.41459699578049514,0.4235009455287515,0.008903949748256368
17,scibert,minilm,0.5057772465612324,0.5180135877217839,0.0122363411605515,0.6090675660445305,0.6129896332164383,0.003922067171907795,0.41895525564038916,0.42661538249553876,0.007660126855149607
17,scibert,pubmedbert,0.793085408891271,0.7917527484745699,-0.0013326604167011036,0.8127432440274477,0.8095835699360671,-0.0031596740913806265,0.8209261777413204,0.8211687371634236,0.0002425594221032723
17,scibert,biobert,0.778249037329799,0.7788836747574016,0.0006346374276026134,0.7883624141154101,0.7847719210104128,-0.003590493104997261,0.8103789914064454,0.8030991891202458,-0.0072798022861996214
17,scibert,simcse,0.5765505222777633,0.583635085420105,0.007084563142341738,0.6735078819114383,0.6739983588099041,0.0004904768984658192,0.5616134241960347,0.5676118777620296,0.005998453565994932
17,bert,mpnet,0.5349701162312424,0.536688276759302,0.0017181605280596202,0.6118941392336144,0.6129661578123095,0.0010720185786950998,0.3955213576683039,0.4007497620058744,0.005228404337570547
17,bert,minilm,0.536331514101169,0.5401735133041562,0.003841999202987223,0.6029314572875254,0.6053699724958295,0.0024385152083040706,0.451031577490081,0.4554145225455336,0.004382945055452614
17,bert,pubmedbert,0.757807247067541,0.7634480178796358,0.0056407708120947975,0.7741533103803901,0.7739622864659631,-0.00019102391442704647,0.8339225139448074,0.8278780989611919,-0.00604441498361552
17,bert,biobert,0.7841637951309229,0.7865153140513568,0.002351518920433837,0.7768026668053314,0.774784569382632,-0.0020180974226994275,0.8572389257365954,0.8535594883223989,-0.003679437414196518
17,bert,simcse,0.7908109295576748,0.7915506859459374,0.0007397563882625136,0.8170327069414572,0.8171459227537632,0.00011321581230594457,0.8092700323106726,0.8108955042547351,0.0016254719440624843
17,mpnet,minilm,0.8290798735650131,0.8303999128854818,0.0013200393204686467,0.7630753770915798,0.7638600942177857,0.0007847171262058694,0.7697502237343793,0.7718809611652012,0.0021307374308219273
17,mpnet,pubmedbert,0.49191277892376445,0.49807866642956516,0.006165887505800716,0.593626659009804,0.5949991407600416,0.0013724817502375197,0.3770858323927131,0.38170892084277624,0.004623088450063151
17,mpnet,biobert,0.5045987093158707,0.5113550075099024,0.0067562981940316735,0.5876281020528094,0.5902769266227845,0.0026488245699751722,0.3837770162484415,0.38789034480222595,0.004113328553784434
17,mpnet,simcse,0.5578366635674573,0.5586116091555839,0.0007749455881266298,0.6142514639690874,0.6144901730030392,0.00023870903395184495,0.39596231429540296,0.39913250622633145,0.00317019193092849
17,minilm,pubmedbert,0.4869789535237283,0.4947582564692529,0.0077793029455246465,0.578798471615109,0.5815479763914851,0.0027495047763761438,0.41927752121669615,0.42321704953854095,0.0039395283218447985
17,minilm,biobert,0.4997971180008429,0.508050825893193,0.008253707892350026,0.5755792256059754,0.579194423817662,0.0036151982116865433,0.4312475463461204,0.43605887464015025,0.00481132829402986
17,minilm,simcse,0.5750565301012394,0.5773344164918717,0.002277886390632311,0.6095240318593472,0.6107721987791128,0.001248166919765592,0.4592429862306046,0.46087901073469717,0.0016360245040925592
17,pubmedbert,biobert,0.8576664447961838,0.8604720816114314,0.002805636815247592,0.8259118333282974,0.8234400505085308,-0.002471782819766677,0.9017989461254947,0.9005955737579829,-0.0012033723675117791
17,pubmedbert,simcse,0.6278351154634113,0.6327197974472033,0.004884681983791994,0.6828394269083157,0.6828879315629789,4.8504654663217295e-05,0.6562697233571736,0.6532793938046946,-0.0029903295524790208
17,biobert,simcse,0.6478758825789581,0.6535149714782821,0.005639088899323963,0.6842016739015551,0.6846684639028779,0.00046679000132288095,0.6896941244092326,0.6916009011580039,0.0019067767487712661
18,specter,specter2,0.7384616205087993,0.7383112401203075,-0.0001503803884917998,0.7410020867437522,0.7408528685725714,-0.0001492181711808538,0.5718861774482137,0.5695987203604967,-0.0022874570877169376
18,specter,scincl,0.7796196912577774,0.7783895859143886,-0.0012301053433888542,0.775343105002179,0.7746875495639509,-0.0006555554382280393,0.5993535514213799,0.5989582923768947,-0.00039525904448522997
18,specter,scibert,0.5066975775279214,0.5196634340001699,0.01296585647224846,0.6373514460024989,0.6379565669365589,0.000605120934059955,0.3291200981302983,0.333762728043409,0.004642629913110707
18,specter,bert,0.510236958545091,0.5107819766223125,0.0005450180772215152,0.6116900975382552,0.6117963166328846,0.0001062190946293784,0.3558527308996324,0.3505410495423525,-0.005311681357279885
18,specter,mpnet,0.7492517218598109,0.7474899716504124,-0.001761750209398505,0.7284584141163418,0.7270768788464508,-0.0013815352698910432,0.5726455597146156,0.570036916855597,-0.0026086428590186284
18,specter,minilm,0.706140892443469,0.7067057987479249,0.0005649063044559366,0.6861022750969613,0.6865788892173144,0.0004766141203530472,0.5569504768713763,0.5535900072129741,-0.0033604696584021987
18,specter,pubmedbert,0.4666085209492509,0.4716081884298062,0.004999667480555248,0.6053569499120635,0.6040400027446395,-0.0013169471674239208,0.30882016846004917,0.3079074224552669,-0.00091274600478225
18,specter,biobert,0.49118981990586874,0.49409592952074133,0.0029061096148725873,0.5986865475057401,0.5981023598965705,-0.0005841876091696729,0.3030749608651866,0.3042308529570777,0.0011558920918910975
18,specter,simcse,0.5173343899564776,0.5144309785338036,-0.0029034114226740293,0.6129470663343365,0.6115793662734622,-0.0013677000608742773,0.338022256904057,0.32764945182912275,-0.010372805074934266
18,specter2,scincl,0.8264460795718231,0.827039167092122,0.0005930875202988517,0.8187337710024276,0.8190491823551963,0.0003154113527686908,0.7344563330041459,0.7374790365001979,0.0030227034960519372
18,specter2,scibert,0.5771807716342033,0.5942714637480943,0.017090692113890915,0.6992164494324878,0.7026544632173971,0.0034380137849092662,0.36529183523672987,0.370831394205075,0.005539558968345126
18,specter2,bert,0.5202950256805973,0.5215657035939804,0.0012706779133830892,0.6142521408764623,0.6159296842561284,0.00167754337966608,0.3163294284033236,0.3134729451441813,-0.0028564832591423395
18,specter2,mpnet,0.7676141135197587,0.7683170016771259,0.0007028881573671875,0.7229535832984707,0.7226280198732663,-0.0003255634252044004,0.688422714483556,0.6877193945762995,-0.0007033199072564722
18,specter2,minilm,0.7121368164980019,0.713811554617413,0.001674738119411101,0.6799386974772776,0.6809236041473924,0.000984906670114749,0.6116457650946099,0.6124210870855517,0.0007753219909417686
18,specter2,pubmedbert,0.5030884438549609,0.5094188456364459,0.006330401781485029,0.6206688349467688,0.6211285072472088,0.00045967230043997276,0.31034810132737073,0.3099421815623544,-0.0004059197650163049
18,specter2,biobert,0.5280670221874892,0.5316824136077222,0.0036153914202329274,0.6137516807704445,0.6147433177451243,0.0009916369746797438,0.3064019878765018,0.305454990927138,-0.0009469969493637875
18,specter2,simcse,0.5097362032910859,0.5082819627282714,-0.0014542405628145127,0.6086186272930114,0.6084232444669295,-0.00019538282608189128,0.31162650924206614,0.3057123820612821,-0.005914127180784046
18,scincl,scibert,0.5277954917048118,0.5445859544312732,0.016790462726461453,0.6640055079141202,0.666422206564053,0.00241669864993288,0.3143705509634251,0.3207205608038035,0.006350009840378423
18,scincl,bert,0.5179389294034565,0.5199025911008628,0.0019636616974062493,0.6116864450802837,0.6124888762795612,0.0008024311992774757,0.2553203656523004,0.2598189451140483,0.00449857946174792
18,scincl,mpnet,0.794947261317328,0.7935309815919492,-0.0014162797253787218,0.7438211123556214,0.7423429057174133,-0.0014782066382080794,0.684582447101957,0.6817650551794101,-0.00281739192254693
18,scincl,minilm,0.744660514826264,0.7453369828678797,0.0006764680416156965,0.6996659966407658,0.7000433203274232,0.0003773236866574381,0.6307620976204078,0.6304282687435678,-0.00033382887683997
18,scincl,pubmedbert,0.47980182553003425,0.4865870992468231,0.006785273716788831,0.6043954546444529,0.6038613951228925,-0.0005340595215603816,0.26095490171688723,0.26593452284733593,0.004979621130448697
18,scincl,biobert,0.503477708605643,0.5071560993752461,0.0036783907696030793,0.5975012273366225,0.5974652532697385,-3.5974066883937006e-05,0.24297997294495055,0.24483937250109916,0.001859399556148611
18,scincl,simcse,0.5220098406034397,0.5197483780231256,-0.002261462580314122,0.6113146275554294,0.6103572096134139,-0.0009574179420155371,0.2635435049898607,0.26440739817851866,0.0008638931886579826
18,scibert,bert,0.7003016908547572,0.7059373334258118,0.005635642571054533,0.7618767638481122,0.7605453950181815,-0.0013313688299306792,0.7228450967876149,0.7360032263965051,0.013158129608890179
18,scibert,mpnet,0.530179551700997,0.5444752843503012,0.014295732649304282,0.6303457335164624,0.6324152255112756,0.0020694919948132107,0.4348232129845557,0.4465782428839488,0.011755029899393143
18,scibert,minilm,0.5043033872037058,0.5184589317312458,0.014155544527539976,0.6059866034246698,0.6094047790413852,0.0034181756167154242,0.4079523430843816,0.4186287645970728,0.010676421512691214
18,scibert,pubmedbert,0.8107642783716937,0.8070036210357818,-0.00376065733591191,0.8230227581266478,0.819171416946052,-0.003851341180595824,0.8323199091572943,0.8361023344627537,0.003782425305459469
18,scibert,biobert,0.798429591309833,0.7948356655128602,-0.003593925796972819,0.7994157857199478,0.7953297101717745,-0.004086075548173307,0.8146239675340556,0.8141402868328519,-0.00048368070120374806
18,scibert,simcse,0.5837314044606449,0.5927184373805264,0.008987032919881566,0.6797333180644791,0.6800612784899559,0.00032796042547678095,0.5334114502890259,0.5553898491219762,0.021978398832950274
18,bert,mpnet,0.5325604516249828,0.5335163286099823,0.0009558769849995485,0.6256383128652062,0.6266115359885643,0.0009732231233581246,0.4550189193905473,0.45938746341246706,0.0043685440219197735
18,bert,minilm,0.5235377556305661,0.5280166985825189,0.004478942951952725,0.6104122028806809,0.6134018338152937,0.002989630934612797,0.4678790566992015,0.4718921592127277,0.004013102513526212
18,bert,pubmedbert,0.753178174012551,0.7593041563932211,0.006125982380670081,0.7754287414600891,0.7756068535676541,0.0001781121075650205,0.7951530656808848,0.7973096714937763,0.0021566058128914545
18,bert,biobert,0.784488720087115,0.7833667512684723,-0.0011219688186426824,0.7783726064123503,0.776247012667851,-0.0021255937444992767,0.8208878947817179,0.8206174224925457,-0.0002704722891722078
18,bert,simcse,0.7856337795399517,0.787964692971369,0.0023309134314172253,0.8134722532712768,0.8142736190394098,0.0008013657681329445,0.7835235811888087,0.7891020458972517,0.005578464708443032
18,mpnet,minilm,0.8276554377354824,0.8301229865988723,0.0024675488633898457,0.7677420329046261,0.7691882343500783,0.0014462014454522665,0.8004615595831587,0.8026335818635821,0.002172022280423458
18,mpnet,pubmedbert,0.49124634391056193,0.4967065269621361,0.005460183051574141,0.6032003503639337,0.6031439618504957,-5.638851343803264e-05,0.42487910382019806,0.4324469034311168,0.007567799610918746
18,mpnet,biobert,0.518866494652838,0.5222135815874882,0.003347086934650245,0.6036777342885448,0.604203973012727,0.0005262387241822264,0.42844705944611905,0.4337122681917818,0.005265208745662775
18,mpnet,simcse,0.5455157775582588,0.5434124508186718,-0.002103326739586908,0.6290440868949059,0.6285008502593057,-0.0005432366356001861,0.4383231309803085,0.43861426929303404,0.00029113831272553625
18,minilm,pubmedbert,0.4732360111087936,0.48061491681271673,0.007378905703923133,0.5818886370917646,0.5841555280947106,0.00226689100294597,0.4081986094939964,0.4162537656281365,0.008055156134140096
18,minilm,biobert,0.5040660145984713,0.5088661213309952,0.0048001067325238456,0.5845483595525897,0.5866181481550357,0.002069788602445999,0.41880407544751114,0.42459825459099526,0.005794179143484124
18,minilm,simcse,0.5611177767444637,0.5619915520088239,0.000873775264360166,0.6197168667703987,0.6210090112897603,0.0012921445193615488,0.4775324275198305,0.4746407981926001,-0.002891629327230416
18,pubmedbert,biobert,0.8455927299512331,0.8462494423801312,0.0006567124288980875,0.8259375368840607,0.8236074691869422,-0.002330067697118521,0.875368501040921,0.8730577955536463,-0.0023107054872747446
18,pubmedbert,simcse,0.6137463854334406,0.6189886032428751,0.005242217809434457,0.681229787420396,0.6809015111133917,-0.00032827630700427157,0.5805033939487588,0.5923627752784054,0.01185938132964659
18,biobert,simcse,0.6416304898239392,0.6425358914405799,0.0009054016166406553,0.6847076826588882,0.6839929194456629,-0.0007147632132252779,0.6127553461773884,0.6199927621624829,0.007237415985094531
19,specter,specter2,0.7360667696674855,0.7331705630294231,-0.0028962066380624485,0.7018232617972987,0.6994344460997932,-0.0023888156975054864,0.622109454296774,0.6089969684909894,-0.013112485805784613
19,specter,scincl,0.8365240266628079,0.8345785368715924,-0.001945489791215449,0.7938421942516852,0.7911220810422714,-0.002720113209413788,0.7707248555573134,0.7665830212284575,-0.004141834328855953
19,specter,scibert,0.6257830293457758,0.661445432591984,0.035662403246208174,0.6804023200648016,0.6833650587532649,0.0029627386884633067,0.50231215285378,0.5161012483202516,0.013789095466471668
19,specter,bert,0.667319223237748,0.6766874990238089,0.00936827578606092,0.6736782872535689,0.673241496973326,-0.00043679028024290467,0.5146945191942364,0.5152856871507112,0.0005911679564748473
19,specter,mpnet,0.7729622178103432,0.768097643801531,-0.004864574008812239,0.7206965066535138,0.7156364505964454,-0.005060056057068385,0.7571803976159499,0.7503418743203549,-0.006838523295594978
19,specter,minilm,0.7497691667763903,0.7517568153363088,0.001987648559918509,0.6724232037834499,0.673546787798471,0.0011235840150211063,0.7440800571766977,0.7440828370592041,2.7798825064095922e-06
19,specter,pubmedbert,0.6120954181132165,0.6259367340897031,0.013841315976486523,0.6671806595159366,0.6669387684650864,-0.00024189105085026252,0.5172619398691544,0.5214378172740948,0.004175877404940409
19,specter,biobert,0.588106063839707,0.6116761479416394,0.023570084101932398,0.6454964874911883,0.6480490232937091,0.0025525358025207945,0.4738170546010418,0.4808923422097316,0.0070752876086898064
19,specter,simcse,0.5944043091985171,0.5923388750902296,-0.0020654341082874117,0.6378496602070133,0.6333380551947769,-0.004511605012236353,0.4406700963066739,0.4326870250052174,-0.007983071301456535
19,specter2,scincl,0.7764201596646629,0.7739546898304851,-0.002465469834177836,0.775333522747494,0.7744220769745316,-0.000911445772962427,0.6210382836825942,0.6131913000629745,-0.007846983619619663
19,specter2,scibert,0.6172287720319054,0.6534303312726376,0.036201559240732206,0.6961585132572792,0.7051914189961465,0.00903290573886728,0.36786552185266475,0.3776636750391581,0.009798153186493352
19,specter2,bert,0.5962440344951474,0.6037452128947752,0.007501178399627828,0.6204375371634765,0.6224463593482561,0.0020088221847796017,0.307921013364301,0.30971387274028706,0.0017928593759860556
19,specter2,mpnet,0.7605796156523043,0.7552323203653875,-0.005347295286916798,0.6979624597617193,0.6944333038855284,-0.003529155876190959,0.6539817443279541,0.6445103334032767,-0.009471410924677404
19,specter2,minilm,0.7201444038705954,0.7204603435102461,0.0003159396396507086,0.6491504283775609,0.64989995350464,0.0007495251270791536,0.6038157723710366,0.5942012309450028,-0.009614541426033796
19,specter2,pubmedbert,0.5772484125317917,0.5876549156662839,0.010406503134492207,0.6309541275493211,0.633093722299716,0.0021395947503949353,0.3336852717527136,0.3362094908735255,0.0025242191208118547
19,specter2,biobert,0.5568837967818172,0.5786088511341925,0.02172505435237526,0.612947922423288,0.6176145882404775,0.0046666658171895525,0.2951450670088637,0.2950275375055683,-0.00011752950329541045
19,specter2,simcse,0.5361098135557235,0.5341864547645455,-0.0019233587911779981,0.5945089002639569,0.5924249178646086,-0.002083982399348261,0.26633859250034625,0.2604715165216792,-0.005867075978667036
19,scincl,scibert,0.60220493686597,0.6353351368264262,0.033130199960456186,0.6994464392510145,0.7035289159292885,0.004082476678273994,0.4390307310730761,0.44707632856819,0.00804559749511391
19,scincl,bert,0.6390886850837584,0.6464719670468019,0.007383281963043498,0.6627857474347439,0.6616726012428318,-0.0011131461919121621,0.4333211431533026,0.4232815028512009,-0.010039640302101693
19,scincl,mpnet,0.7994193949636358,0.792576416495389,-0.006842978468246774,0.7301201784554292,0.7244399264622399,-0.005680251993189334,0.7575078739747655,0.7478270610290723,-0.009680812945693229
19,scincl,minilm,0.7703893829018494,0.772339038265399,0.0019496553635495184,0.6809885464849027,0.6822101676958421,0.0012216212109393831,0.7445308668433284,0.7430631734436587,-0.0014676933996696784
19,scincl,pubmedbert,0.5801240337654154,0.5899245945572169,0.009800560791801471,0.6544007488327535,0.6528813627128831,-0.0015193861198703473,0.45062192579855564,0.44325182653763107,-0.0073700992609245786
19,scincl,biobert,0.5595877338793396,0.5791190234230756,0.019531289543736063,0.6325971693081172,0.6338403784109868,0.0012432091028696801,0.4020153073605365,0.39729381227123367,-0.004721495089302807
19,scincl,simcse,0.5847530877349741,0.5819113888475768,-0.0028416988873973814,0.6286088625811398,0.6233131173959201,-0.005295745185219691,0.38644701264161757,0.3690646201456599,-0.017382392495957688
19,scibert,bert,0.7958558313031555,0.8052623358897789,0.009406504586623399,0.7881653394229616,0.782564819973716,-0.005600519449245667,0.7917313453943262,0.7951185010862954,0.0033871556919692347
19,scibert,mpnet,0.5855106475156309,0.6163041239594708,0.030793476443839896,0.6409008589603554,0.6442928537332163,0.0033919947728608957,0.46731953240529844,0.48580948922202477,0.018489956816726327
19,scibert,minilm,0.5708614447845042,0.6113332896470404,0.04047184486253619,0.607361779967683,0.6181624801817387,0.010800700214055658,0.4691449219228605,0.4859988856739975,0.016853963751137013
19,scibert,pubmedbert,0.8525142830872874,0.8663861809602379,0.013871897872950512,0.8411140194409114,0.8352006345442131,-0.005913384896698237,0.8671964765599872,0.8742327476370837,0.007036271077096479
19,scibert,biobert,0.8450960250782221,0.8512362219471191,0.0061401968688969966,0.8170486429742734,0.8080962279279437,-0.00895241504632971,0.8591933100269799,0.8568858012887158,-0.002307508738264019
19,scibert,simcse,0.6406005528648184,0.6524886608174416,0.011888107952623184,0.6934255039621383,0.6917924321912624,-0.0016330717708759046,0.5896420838111079,0.5974976483037471,0.007855564492639133
19,bert,mpnet,0.6258622820800395,0.6346288937140148,0.008766611633975296,0.6631441293672563,0.6641155947112121,0.0009714653439557575,0.49200978940502604,0.4993728627244293,0.007363073319403279
19,bert,minilm,0.6331608718468473,0.6528957042412084,0.019734832394361024,0.6315332653988479,0.6405074117187554,0.00897414631990745,0.5198476093566188,0.5250199246410492,0.0051723152844304066
19,bert,pubmedbert,0.8062815215291608,0.8090521758703902,0.0027706543412294726,0.7963538369047759,0.790843172760369,-0.005510664144406929,0.8272097652160247,0.8130950426357348,-0.014114722580289896
19,bert,biobert,0.8075596341536416,0.815906376674457,0.008346742520815353,0.7934459184942154,0.787057693235034,-0.006388225259181368,0.8495523859243799,0.836084844098215,-0.01346754182616483
19,bert,simcse,0.7985593818735003,0.7964393331933742,-0.002120048680126052,0.8118140524403841,0.8105117933529425,-0.0013022590874415263,0.7869740488164357,0.7788531248566292,-0.00812092395980657
19,mpnet,minilm,0.8423014495549379,0.8465222861875074,0.004220836632569447,0.7563109602915211,0.7587970297987651,0.0024860695072439487,0.8493484976258707,0.8506729546286848,0.001324457002814028
19,mpnet,pubmedbert,0.5699133044961291,0.5786061515980623,0.008692847101933188,0.6332908328665066,0.6326859422836503,-0.0006048905828562878,0.48596714723691714,0.488500432017253,0.002533284780335876
19,mpnet,biobert,0.5550493199887728,0.5736455631396356,0.018596243150862724,0.6239232925874827,0.6264497064675062,0.0025264138800235036,0.4521809084094519,0.45939565479849237,0.007214746389040461
19,mpnet,simcse,0.5765680775189486,0.5767999595010513,0.00023188198210277733,0.6365293300532207,0.6337499292425517,-0.002779400810668964,0.4576337053270836,0.4552270049500696,-0.0024067003770139594
19,minilm,pubmedbert,0.5658922512190825,0.583049354029403,0.017157102810320568,0.6010727015950249,0.607976301786874,0.006903600191849102,0.50859970195,0.5096397034055996,0.0010400014555995707
19,minilm,biobert,0.5529789740322362,0.5799522766395365,0.026973302607300353,0.5949825977707934,0.6040439138050194,0.009061316034225997,0.4819771037854418,0.48940307936650845,0.007425975581066668
19,minilm,simcse,0.5983049347127134,0.6063575828549306,0.008052648142217178,0.6150503902687322,0.6193632936681276,0.004312903399395385,0.49762963960407547,0.49075281586188507,-0.006876823742190397
19,pubmedbert,biobert,0.8631789143058785,0.8735983572782053,0.010419442972326887,0.8344505802583283,0.8269652906294754,-0.007485289628852865,0.8988822082682084,0.8905462967553658,-0.008335911512842631
19,pubmedbert,simcse,0.6518890459023665,0.6496350654682493,-0.0022539804341171754,0.6944938993156442,0.689785130259404,-0.004708769056240181,0.6241314826233322,0.6034869901377188,-0.020644492485613397
19,biobert,simcse,0.6524777651731535,0.6570279010277454,0.0045501358545919635,0.6904878275133292,0.6869312510655335,-0.003556576447795612,0.6467273047903188,0.631791727198479,-0.014935577591839833
20,specter,specter2,0.7031013839558312,0.7032275061660526,0.00012612221022134662,0.7158450512621679,0.7159479365573235,0.00010288529515556366,0.6195586398248943,0.6227822395889561,0.003223599764061724
20,specter,scincl,0.786351768382265,0.7862715593083488,-8.020907391614873e-05,0.7791725166213656,0.7789142633088764,-0.00025825331248918726,0.7453539269193885,0.7444936701567372,-0.0008602567626513347
20,specter,scibert,0.4869974037882605,0.503230309954138,0.01623290616587747,0.633561191910516,0.6360508643746702,0.0024896724641542134,0.44090562775176423,0.44406860774717094,0.0031629799954067117
20,specter,bert,0.49478326866334105,0.4966953021589279,0.001912033495586829,0.6260281699475646,0.6259346788718088,-9.349107575584714e-05,0.4120508338211272,0.41680714807751795,0.004756314256390726
20,specter,mpnet,0.7044062583499161,0.7023182914100293,-0.002087966939886776,0.7085682220600664,0.7070566959545983,-0.0015115261054681195,0.6693298074218264,0.6674752572231843,-0.001854550198642002
20,specter,minilm,0.6792185928487527,0.680477219199521,0.0012586263507682327,0.6708992143667846,0.67173966035929,0.0008404459925054342,0.6502908907137293,0.6497841237719587,-0.0005067669417705423
20,specter,pubmedbert,0.3765723828809055,0.38370050893288254,0.007128126051977046,0.5941611131995005,0.5953337474786359,0.0011726342791353872,0.4026649893406633,0.4067375023678421,0.004072513027178815
20,specter,biobert,0.4057457064312456,0.4125756634944828,0.006829957063237246,0.5860431837206704,0.5858479733554671,-0.00019521036520331325,0.3908759430621876,0.3900689148826728,-0.0008070281795147793
20,specter,simcse,0.5054528400732281,0.5061251819995808,0.000672341926352682,0.6219210745373054,0.6214080179605611,-0.0005130565767442752,0.4033077415832685,0.408390436485977,0.005082694902708518
20,specter2,scincl,0.7856299387398905,0.7858855584215434,0.0002556196816528855,0.7978922688138708,0.7987100532382599,0.0008177844243891785,0.6823592886304015,0.6821395316203481,-0.00021975701005338966
20,specter2,scibert,0.5647444902282908,0.5874840598467161,0.02273956961842538,0.6831126354772368,0.6895814334307259,0.006468797953489092,0.39292996024932714,0.4097729141819341,0.016842953932606985
20,specter2,bert,0.5227572248894239,0.5247976491235683,0.002040424234144411,0.6189113529863892,0.6192953037663353,0.00038395077994612947,0.34237147986992933,0.34751711501429244,0.005145635144363114
20,specter2,mpnet,0.7360521558589074,0.7355562595170061,-0.0004958963419012807,0.7076151871262044,0.7068064927819446,-0.000808694344259786,0.683695643559738,0.684590580923975,0.0008949373642369585
20,specter2,minilm,0.6955892855183707,0.6969646619627851,0.0013753764444143224,0.6699610024054559,0.6706956289512045,0.000734626545748629,0.636917516223791,0.6367564945293932,-0.00016102169439780045
20,specter2,pubmedbert,0.42835653158413445,0.4369551290470103,0.008598597462875834,0.5980710320211406,0.6004241853924899,0.002353153371349226,0.3191040649017606,0.33098701894746696,0.011882954045706384
20,specter2,biobert,0.4597679931112206,0.4698672025987717,0.010099209487551108,0.5940279670266715,0.5953692402901911,0.0013412732635196267,0.3237660808524152,0.32612874422182137,0.0023626633694061594
20,specter2,simcse,0.5078575826629025,0.5088048832754947,0.0009473006125921835,0.6112845891230991,0.6112581145472251,-2.6474575874013695e-05,0.37617892031544886,0.37963542963108793,0.003456509315639067
20,scincl,scibert,0.513160845483751,0.5338404753821397,0.020679629898388785,0.6629948482033414,0.6674309771621044,0.004436128958762997,0.42576168987540497,0.4331183223597967,0.007356632484391723
20,scincl,bert,0.5139470757032549,0.5168168999235828,0.002869824220327888,0.6261411042459791,0.6261083850971555,-3.271914882363447e-05,0.3766333885870828,0.3836184472640434,0.006985058676960643
20,scincl,mpnet,0.7356696380056144,0.7337826029943826,-0.0018870350112317746,0.7183876415397298,0.7166230837947584,-0.0017645577449714178,0.7072194109180476,0.7054374242890912,-0.0017819866289564557
20,scincl,minilm,0.7035456648323603,0.7051275139135205,0.0015818490811602137,0.6800016354093704,0.680708328202088,0.0007066927927176225,0.682311144990279,0.6809571874333968,-0.0013539575568821682
20,scincl,pubmedbert,0.40640107898696054,0.4149134849207916,0.008512405933831069,0.5961268025800166,0.5976654959100054,0.001538693329988794,0.38920871478252017,0.3975903464394766,0.008381631656956434
20,scincl,biobert,0.4298200183333887,0.4389438450097905,0.009123826676401825,0.5864484636684042,0.586955908012417,0.0005074443440128418,0.3751747871269373,0.3764533065591331,0.0012785194321958127
20,scincl,simcse,0.5169515733314551,0.5179545816191526,0.0010030082876975044,0.6191455899163381,0.6187518530786358,-0.0003937368377022743,0.3710310442085787,0.3747742882824361,0.003743244073857399
20,scibert,bert,0.7470406939837125,0.7521062849369369,0.0050655909532243415,0.7854624850385555,0.782438832701265,-0.0030236523372905166,0.7439723927474338,0.7590063016770151,0.015033908929581341
20,scibert,mpnet,0.5324538012258823,0.5498977578736298,0.01744395664774756,0.6251051337551794,0.628615137296948,0.0035100035417685582,0.49867803595519467,0.5172573621811445,0.01857932622594982
20,scibert,minilm,0.5104381392504518,0.5276825094766867,0.01724437022623493,0.6047932453408226,0.6100825548370299,0.005289309496207317,0.48545281525963047,0.5015291444878233,0.0160763292281928
20,scibert,pubmedbert,0.7813866171464542,0.7775038945528675,-0.003882722593586685,0.8269511097734565,0.821324681749546,-0.005626428023910557,0.8320682525216718,0.8347527556818812,0.002684503160209406
20,scibert,biobert,0.7892767613259881,0.7793901805769451,-0.009886580749043028,0.8039092613021651,0.7965436165531432,-0.007365644749021905,0.8113225002153074,0.8107034410592584,-0.0006190591560489844
20,scibert,simcse,0.5982314847341275,0.606798348507559,0.008566863773431521,0.6900625793622779,0.6901923580586415,0.00012977869636365824,0.5660595136881474,0.5868166685415417,0.020757154853394244
20,bert,mpnet,0.5403220440803468,0.5408586022936035,0.0005365582132567104,0.6438052643270075,0.6440570636025293,0.0002517992755218801,0.49536400198740754,0.5022616823281544,0.006897680340746837
20,bert,minilm,0.5335391435790027,0.5384933061118515,0.00495416253284886,0.6258954853040111,0.628934219159037,0.0030387338550259546,0.507656168592142,0.5175902361084779,0.009934067516335854
20,bert,pubmedbert,0.7235762657630341,0.7315582376658666,0.007981971902832452,0.7826883369717481,0.7810863228168274,-0.0016020141549206723,0.8061772965414463,0.8100772410076917,0.0038999444662454197
20,bert,biobert,0.7557313613468951,0.7569273258727693,0.0011959645258742269,0.7811106533844605,0.7775043339319294,-0.0036063194525310927,0.8292210683730457,0.8288114788850278,-0.00040958948801783635
20,bert,simcse,0.7617217954601722,0.762920989707854,0.0011991942476818895,0.81089640153396,0.8109407115778825,4.431004392246862e-05,0.7697538321388883,0.772386129043963,0.002632296905074716
20,mpnet,minilm,0.8124867333748855,0.8149669017934146,0.0024801684185290496,0.7582469248103221,0.7598793306084681,0.0016324057981460527,0.8124310035720739,0.8155637709979129,0.0031327674258390115
20,mpnet,pubmedbert,0.4211408716733051,0.42736603396381195,0.006225162290506847,0.5889352424716249,0.5905322490081013,0.0015970065364764308,0.44831404416928683,0.45975821647689546,0.011444172307608635
20,mpnet,biobert,0.4583700761300985,0.46467942378540783,0.0063093476553093275,0.591757733702018,0.5922030652788174,0.0004453315767993793,0.455409591510025,0.4614917026352299,0.006082111125204848
20,mpnet,simcse,0.5317826108320185,0.5319618901770701,0.00017927934505157506,0.641292990303114,0.6411716266632405,-0.000121363639873584,0.49741293320253266,0.5016937922807342,0.0042808590782015266
20,minilm,pubmedbert,0.40889400722598956,0.41808568197029716,0.009191674744307599,0.5728591320818431,0.5766361178781547,0.0037769857963115827,0.453911319584278,0.4642423400156062,0.01033102043132822
20,minilm,biobert,0.44825655886212307,0.4569895521834196,0.008732993321296512,0.5771811312150437,0.5798411388960327,0.0026600076809890627,0.463256685835643,0.46936642036241266,0.006109734526769661
20,minilm,simcse,0.5538138422937813,0.5560313375927785,0.002217495298997174,0.6289185066435372,0.630816833812264,0.0018983271687268433,0.5384931183952351,0.5451599506224,0.006666832227164909
20,pubmedbert,biobert,0.827565430542127,0.8235134217571337,-0.004052008784993233,0.8267267043523571,0.82074531358776,-0.005981390764597028,0.868902833013257,0.8689665814174143,6.374840415734884e-05
20,pubmedbert,simcse,0.5527986948407271,0.5572614065496164,0.004462711708889344,0.6766223471515165,0.6757278452135015,-0.000894501938014991,0.5863433881053612,0.595552078269878,0.009208690164516753
20,biobert,simcse,0.5829151014446612,0.5850806007398475,0.0021654992951862795,0.6781552196631963,0.6760395675283762,-0.002115652134820012,0.6258340148940825,0.6314643861591667,0.005630371265084144
21,specter,specter2,0.8375717926330173,0.8353933420960072,-0.002178450537010046,0.7415573178364203,0.7391902791293419,-0.0023670387070784393,0.7528281090685759,0.7457599096333999,-0.007068199435176004
21,specter,scincl,0.8744429763899049,0.8743687470186696,-7.422937123524598e-05,0.8016330309466901,0.8002993915018136,-0.001333639444876522,0.7944664651096706,0.792293797769236,-0.002172667340434531
21,specter,scibert,0.759584034306848,0.779178237918118,0.019594203611270067,0.7024024143774232,0.7025994575711223,0.00019704319369906464,0.6365889607064689,0.6423690962949249,0.005780135588456026
21,specter,bert,0.7852374285714434,0.7865620313782374,0.0013246028067940285,0.686014333511149,0.6852107145588855,-0.0008036189522635517,0.6558166313175376,0.6588232474635604,0.0030066161460227114
21,specter,mpnet,0.8718882752046543,0.8691601358630705,-0.0027281393415837796,0.7554213090790726,0.7526221175018497,-0.0027991915772228593,0.816139975998351,0.8133681038709218,-0.0027718721274291314
21,specter,minilm,0.8416445063282616,0.8419998884314038,0.0003553821031422322,0.7065191090411707,0.7071179234963041,0.000598814455133434,0.7914977366357414,0.789644208052609,-0.001853528583132369
21,specter,pubmedbert,0.7387871006192278,0.747089749733613,0.008302649114385163,0.6884286114382276,0.6839849936049255,-0.00444361783330216,0.6242516081781295,0.6226089877705218,-0.0016426204076077644
21,specter,biobert,0.7610552034562944,0.7657265587491134,0.004671355292819035,0.6808720109782906,0.6786918760437433,-0.002180134934547384,0.6174856427957154,0.6168454746361105,-0.0006401681596048814
21,specter,simcse,0.7236296010358604,0.7223569466760551,-0.0012726543598052809,0.6585662441061575,0.6556568133421049,-0.0029094307640525896,0.5471098882977753,0.5462698669536725,-0.0008400213441027704
21,specter2,scincl,0.878211621541504,0.876965899531578,-0.0012457220099260091,0.8113193241420886,0.8097498074724999,-0.0015695166695887108,0.7736274713405754,0.7632673715326657,-0.01036009980790975
21,specter2,scibert,0.7459231050958071,0.7628095401706356,0.016886435074828565,0.728978546707126,0.7324273667023729,0.0034488199952468213,0.5803320513243302,0.583480516277206,0.0031484649528757958
21,specter2,bert,0.7213694483925064,0.7199934037823944,-0.0013760446101119816,0.645748716600659,0.6449840822365815,-0.0007646343640774766,0.5161855370644652,0.5182387886245952,0.0020532515601299206
21,specter2,mpnet,0.8493006669204457,0.8472137116663336,-0.002086955254112066,0.7288194146942104,0.7263120137609949,-0.0025074009332155534,0.7669216868793066,0.7591847424229592,-0.007736944456347428
21,specter2,minilm,0.8175158786034696,0.816984524214076,-0.0005313543893936679,0.6819223916041818,0.6817397838071395,-0.00018260779704226682,0.7315045636157654,0.7248799345606981,-0.006624629055067333
21,specter2,pubmedbert,0.7000391030586051,0.7064458935790583,0.006406790520453232,0.6668723824406255,0.664775802613526,-0.002096579827099543,0.5269093622417731,0.528192249294482,0.0012828870527089586
21,specter2,biobert,0.7239671728131113,0.7265732920988706,0.0026061192857592674,0.6579299639998534,0.6572049625499474,-0.0007250014499059487,0.5138055672245139,0.5085147383032864,-0.005290828921227453
21,specter2,simcse,0.6554566454572505,0.6543837908898519,-0.0010728545673985845,0.6224387718084156,0.620272188824423,-0.0021665829839925266,0.40049484801823687,0.39560642027301757,-0.004888427745219304
21,scincl,scibert,0.716532114192314,0.7374225889745751,0.020890474782261137,0.7174529022708761,0.7193036304766268,0.001850728205750718,0.5547595978388977,0.559563051081909,0.004803453243011235
21,scincl,bert,0.716808884871857,0.7179378036689974,0.001128918797140388,0.6726644004852973,0.6724749303387836,-0.00018947014651371497,0.5373496987463754,0.5404939987512363,0.0031443000048608782
21,scincl,mpnet,0.8696723678636328,0.8682688275324155,-0.0014035403312172567,0.7612582139783985,0.7587703550759483,-0.0024878589024502906,0.8058171999990409,0.8028361461465882,-0.002981053852452731
21,scincl,minilm,0.8390917738571497,0.8399922538908796,0.000900480033729889,0.712805208481644,0.7137445922201504,0.0009393837385064385,0.765152919220883,0.7654693764386747,0.0003164572177917213
21,scincl,pubmedbert,0.6848616447771839,0.6921313814687778,0.00726973669159392,0.6752023852948394,0.6710453517170548,-0.00415703357778463,0.5126998605802503,0.5078662453041671,-0.00483361527608317
21,scincl,biobert,0.7047839070683068,0.7094227372392138,0.004638830170906938,0.6650751482551088,0.663345217629387,-0.0017299306257217983,0.49968171014520646,0.49968353329321125,1.8231480047870008e-06
21,scincl,simcse,0.6750985921959143,0.6730878470935797,-0.0020107451023345657,0.6457118046915885,0.643167245392192,-0.002544559299396454,0.44060952702052303,0.4388707061031772,-0.0017388209173458402
21,scibert,bert,0.8150167697988487,0.8216815402714351,0.006664770472586401,0.7834888734639562,0.7807141769976663,-0.0027746964662899165,0.7633273767783193,0.7719797852739498,0.008652408495630537
21,scibert,mpnet,0.7234313429134539,0.7438284303881761,0.020397087474722242,0.6657299816929941,0.6679721520860542,0.0022421703930600723,0.6156384445740926,0.6194199866780503,0.003781542103957758
21,scibert,minilm,0.7021795768037847,0.7239797914093062,0.021800214605521506,0.6327816108972112,0.6387922093905499,0.006010598493338737,0.5945347646623396,0.5969055809982661,0.0023708163359265066
21,scibert,pubmedbert,0.8921631210631037,0.8915729576112089,-0.0005901634518947763,0.8474045739566678,0.8398162313644639,-0.007588342592203867,0.8652540149671344,0.8677242042723087,0.0024701893051742863
21,scibert,biobert,0.8927331943141875,0.8917387504394538,-0.000994443874733686,0.8254833390569597,0.8201327053477234,-0.005350633709236274,0.837246774108621,0.8389753347289424,0.00172856062032134
21,scibert,simcse,0.7228470412678868,0.734263964466524,0.011416923198637186,0.7037802328478403,0.703518632890673,-0.00026159995716734663,0.5831446361533642,0.5933865899429696,0.010241953789605351
21,bert,mpnet,0.7439506555554032,0.7445879113919718,0.0006372558365685954,0.6681074129932048,0.6676345299032325,-0.0004728830899722869,0.6412719785891795,0.6471030945997581,0.005831116010578619
21,bert,minilm,0.7351254433131721,0.7397380464235097,0.004612603110337621,0.6423084966231214,0.6463095104923678,0.00400101386924645,0.6346230722365569,0.6410012676470003,0.006378195410443377
21,bert,pubmedbert,0.8314903750810155,0.8335192389108017,0.002028863829786176,0.7918334551532656,0.7859869259197848,-0.005846529233480835,0.80768515638621,0.801902632763261,-0.005782523622948954
21,bert,biobert,0.8638830915190127,0.8623169406449475,-0.0015661508740651975,0.7921196016502972,0.7881162505053251,-0.004003351144972078,0.8434995285567505,0.8400481806526212,-0.003451347904129265
21,bert,simcse,0.852107748903391,0.8524894744268661,0.0003817255234750405,0.8228932975042246,0.8232915420963975,0.00039824459217296937,0.8181705694329251,0.8167983971179927,-0.0013721723149323628
21,mpnet,minilm,0.9040792736788567,0.9053805314205603,0.001301257741703643,0.7803717816075042,0.7818808193279068,0.0015090377204025618,0.8686193999395512,0.8688390513150975,0.00021965137554635916
21,mpnet,pubmedbert,0.6978856380710627,0.7069320321560083,0.009046394084945564,0.6543198755756282,0.6520944973296785,-0.002225378245949705,0.5972039572415097,0.5960157538775367,-0.0011882033639729617
21,mpnet,biobert,0.7236124885729402,0.7281711390877633,0.0045586505148230705,0.6549819823615143,0.6540164023530701,-0.0009655800084441557,0.5925755905464372,0.593199607685499,0.0006240171390617943
21,mpnet,simcse,0.6910187946443876,0.6901397470449923,-0.0008790475993953883,0.6525584373408481,0.6508299294068264,-0.0017285079340216836,0.5500060152085137,0.5538156943200372,0.003809679111523523
21,minilm,pubmedbert,0.6782604028264835,0.6894066942407602,0.011146291414276699,0.6222630767191978,0.6239101886100784,0.001647111890880626,0.5915588275618956,0.5901623476749024,-0.0013964798869932071
21,minilm,biobert,0.7056626960087496,0.7125681673114578,0.006905471302708133,0.6245366094615402,0.6273025855130921,0.0027659760515519327,0.5861667811334129,0.5880704791726776,0.0019036980392647118
21,minilm,simcse,0.694749649096442,0.6964714543885373,0.001721805292095313,0.633838841524367,0.6354267619114259,0.0015879203870589054,0.5459777248019428,0.5507206478908031,0.0047429230888602625
21,pubmedbert,biobert,0.9098691783994832,0.9068472629104961,-0.0030219154889871147,0.8416305756187876,0.8335037955810238,-0.008126780037763792,0.8872630659761622,0.8800999551462472,-0.007163110829915054
21,pubmedbert,simcse,0.7305891643236192,0.7355782768139633,0.004989112490344061,0.7065532342439073,0.7019566587340735,-0.004596575509833722,0.623775762603939,0.6156871984322128,-0.008088564171726209
21,biobert,simcse,0.7553394232529119,0.7559124803637444,0.0005730571108324423,0.7065780312083861,0.7040743151874744,-0.002503716020911706,0.6719840606099624,0.6673010927372569,-0.004682967872705501
22,specter,specter2,0.7171641946718981,0.7151679796525079,-0.0019962150193901795,0.7240589480550165,0.7228549568159639,-0.0012039912390525709,0.575396632765493,0.5723104434942792,-0.003086189271213846
22,specter,scincl,0.7741062818470138,0.7729801835882727,-0.001126098258741104,0.7672722472747148,0.7661420434613401,-0.0011302038133746972,0.6167399552953516,0.6156336678900844,-0.0011062874052671923
22,specter,scibert,0.5376511516819482,0.5520667594678006,0.01441560778585238,0.6634759146931831,0.6643780180903173,0.0009021033971341463,0.4419284635913224,0.44086035230365245,-0.0010681112876699261
22,specter,bert,0.5634067608329505,0.5646424403165013,0.0012356794835508556,0.6272012295533768,0.6269811655642308,-0.0002200639891459799,0.4365994595169966,0.43768380503620674,0.0010843455192101614
22,specter,mpnet,0.7298838824143531,0.7278203185980946,-0.0020635638162584957,0.710733084701435,0.709183067783374,-0.0015500169180610035,0.5970604692736518,0.5951593693918987,-0.0019010998817530211
22,specter,minilm,0.684313383773559,0.6848874830963212,0.0005740993227622004,0.6641832194979745,0.6644952753910213,0.00031205589304672543,0.5624862077137159,0.5608167359575444,-0.0016694717561714922
22,specter,pubmedbert,0.5181282481900331,0.5225845753992957,0.004456327209262589,0.6352628433607526,0.6326928056804046,-0.002570037680347914,0.40283381974858484,0.40509802889874497,0.0022642091501601236
22,specter,biobert,0.5342795179533598,0.5316842831241181,-0.0025952348292417327,0.6223984207814152,0.6210951080241781,-0.0013033127572370518,0.38637113650342797,0.38445587242314044,-0.0019152640802875265
22,specter,simcse,0.5554998977723101,0.5552927122746842,-0.00020718549762588356,0.6166769250787246,0.6155907918159412,-0.0010861332627833953,0.3905204917722968,0.38811163306478175,-0.0024088587075150603
22,specter2,scincl,0.7849173036019056,0.7841862752956543,-0.000731028306251269,0.8058526922136242,0.8051985942201818,-0.000654097993442404,0.6519602767508972,0.6485096142657792,-0.003450662485117939
22,specter2,scibert,0.5941365657010519,0.6110239209356797,0.01688735523462781,0.7196480285830605,0.7230992768761144,0.003451248293053877,0.3998891618932249,0.4076074604705196,0.007718298577294724
22,specter2,bert,0.5482211531438356,0.5488121674264784,0.0005910142826428544,0.6106922970416113,0.6109186027146369,0.00022630567302561744,0.3011216781448053,0.3023204962123007,0.001198818067495444
22,specter2,mpnet,0.7120381872288274,0.7105771280181838,-0.001461059210643545,0.6933532007695046,0.6921091078613134,-0.0012440929081911634,0.6268193329720453,0.6249244088408104,-0.0018949241312349319
22,specter2,minilm,0.657916957693877,0.6581629326889101,0.0002459749950330936,0.6468201360040501,0.6470032058367376,0.00018306983268756571,0.5545095697847712,0.5529066258742628,-0.0016029439105084142
22,specter2,pubmedbert,0.5283615018087827,0.5330209864689716,0.0046594846601888396,0.6325419297143012,0.630395027964978,-0.0021469017493231934,0.306083598243209,0.3111532757063813,0.005069677463172273
22,specter2,biobert,0.5493891245957215,0.5479838880387071,-0.001405236557014411,0.6201194509063335,0.6195262721015388,-0.0005931788047947029,0.29067602600018966,0.29019828576099793,-0.00047774023919172626
22,specter2,simcse,0.5173068571310033,0.5182057684417553,0.0008989113107519264,0.5946658567222335,0.5943252728276415,-0.000340583894592017,0.26920122402250357,0.26432119944530347,-0.004880024577200104
22,scincl,scibert,0.5403463444838513,0.55821490171215,0.01786855722829872,0.6928268278529716,0.69496225667996,0.0021354288269884725,0.33939347926448277,0.353141054759352,0.013747575494869213
22,scincl,bert,0.5432483233552602,0.5456710979516317,0.002422774596371524,0.6207751287002917,0.6208554717393233,8.034303903159401e-05,0.2594326146785825,0.26553587316233856,0.006103258483756091
22,scincl,mpnet,0.7495752472835563,0.7471503692099017,-0.002424878073654546,0.7193736101973369,0.7175920600083303,-0.0017815501890066088,0.6302347138970866,0.6276505775161254,-0.0025841363809612217
22,scincl,minilm,0.7051173344210739,0.7059072954448223,0.0007899610237483978,0.672972956086855,0.673469860970016,0.000496904883161009,0.5700700929241735,0.5707418955198547,0.0006718025956811147
22,scincl,pubmedbert,0.4992744393846026,0.5052500864203302,0.005975647035727616,0.6235191744834198,0.6208904472666567,-0.002628727216763105,0.2243667108944171,0.23394324983085718,0.009576538936440088
22,scincl,biobert,0.5204890984281455,0.5195017024345158,-0.000987395993629736,0.6113376232933014,0.6098288811424951,-0.0015087421508063192,0.20987956842119712,0.21449619290324073,0.004616624482043613
22,scincl,simcse,0.5541121204313583,0.554036463478926,-7.565695243227921e-05,0.6112712670111542,0.6101696947382165,-0.001101572272937723,0.26571905140179775,0.26491149919727863,-0.000807552204519113
22,scibert,bert,0.687439228396451,0.6905020102683899,0.003062781871938869,0.7487383561613166,0.7473654904358379,-0.001372865725478678,0.6836957196142429,0.683730674217827,3.495460358404756e-05
22,scibert,mpnet,0.5165567057845798,0.5336365741216481,0.017079868337068316,0.6277187957121494,0.6304790507585322,0.0027602550463827757,0.4025471655193694,0.4130083171085218,0.010461151589152395
22,scibert,minilm,0.4846258461806434,0.5006605985674328,0.01603475238678942,0.5954488916017268,0.5994645869509614,0.004015695349234627,0.38867858603969785,0.4008160778970389,0.012137491857341032
22,scibert,pubmedbert,0.8150740705561895,0.8103969450859796,-0.004677125470209931,0.822391660833371,0.8178028747641806,-0.0045887860691904425,0.8076638905816594,0.8076261340875613,-3.775649409809567e-05
22,scibert,biobert,0.8022498788974086,0.7964728423969379,-0.005777036500470678,0.7971235544857186,0.7930435243309557,-0.0040800301547628814,0.7802820576292121,0.7752392430345982,-0.005042814594613865
22,scibert,simcse,0.5696503938853371,0.5810296703054975,0.011379276420160345,0.6716203284557546,0.6730126189739302,0.0013922905181755763,0.4846270708600646,0.4926189670080489,0.00799189614798429
22,bert,mpnet,0.5430648478744499,0.54586097445222,0.002796126577770175,0.6150724739185938,0.6157393769404486,0.0006669030218547922,0.3849066441562663,0.3937545975513846,0.008847953395118291
22,bert,minilm,0.5281905343091886,0.5328862625951083,0.004695728285919687,0.5940191813256125,0.596569930355007,0.002550749029394561,0.40428943985822663,0.4118792860731998,0.007589846214973162
22,bert,pubmedbert,0.748462041043218,0.752021770181779,0.003559729138560952,0.7681950950584117,0.7670213209579546,-0.0011737741004570479,0.7776421443556021,0.774793219660981,-0.002848924694621058
22,bert,biobert,0.7802032952318816,0.7761600994062023,-0.004043195825679247,0.7690627909107327,0.7674865998480292,-0.001576191062703458,0.8045390561953485,0.7988158980815424,-0.005723158113806082
22,bert,simcse,0.778048226969932,0.7807245389445662,0.002676311974634138,0.8167215342154359,0.8181558648345182,0.0014343306190822691,0.7564984558602452,0.7588772383511923,0.002378782490947029
22,mpnet,minilm,0.803137202744436,0.8047454738381554,0.0016082710937194156,0.7499986846796984,0.7509396342406921,0.0009409495609936647,0.7509988297539989,0.7523686598519204,0.001369830097921465
22,mpnet,pubmedbert,0.49377415806648844,0.49968485154631825,0.005910693479829809,0.6018465739892367,0.6006283111354046,-0.001218262853832086,0.3521949221864881,0.3640928700387325,0.01189794785224435
22,mpnet,biobert,0.5160893552310896,0.5158419214884491,-0.00024743374264046825,0.5982211633371286,0.5977478775827737,-0.00047328575435490183,0.351178167625946,0.35732189734430453,0.006143729718358526
22,mpnet,simcse,0.5530636439524025,0.5533146326839348,0.00025098873153228674,0.6132760192257932,0.6130517298843978,-0.00022428934139540058,0.3891165109507905,0.39443583449608727,0.005319323545296795
22,minilm,pubmedbert,0.47114742675378235,0.4772642130520077,0.006116786298225374,0.5749524105250725,0.5753913077782284,0.0004388972531559343,0.36333856403334597,0.3746480599266198,0.011309495893273847
22,minilm,biobert,0.49312362037694385,0.4936105934534138,0.00048697307646994314,0.5732522324562509,0.5740799047520617,0.0008276722958108218,0.3668247928370614,0.37321136688152823,0.006386574044466853
22,minilm,simcse,0.5570731506055,0.5590832372967213,0.002010086691221269,0.5971198066384986,0.5983866971709658,0.001266890532467202,0.4197922427229798,0.4217549200348898,0.001962677311909966
22,pubmedbert,biobert,0.8495140026329805,0.8479114590849451,-0.0016025435480353512,0.8248868683129056,0.8216503945875236,-0.0032364737253819387,0.8642243793665622,0.857233038695583,-0.006991340670979174
22,pubmedbert,simcse,0.6067878545473964,0.6107351138523497,0.003947259304953321,0.6795481682124328,0.6784041943849709,-0.0011439738274618971,0.5461185900527955,0.5498409466145979,0.00372235656180242
22,biobert,simcse,0.6232691566515653,0.621361847357823,-0.0019073092937423874,0.677455159654368,0.6775434819826855,8.832232831756937e-05,0.576644175244613,0.5743477553553681,-0.002296419889244894
23,specter,specter2,0.7472278904501194,0.7456228957791177,-0.0016049946710017249,0.7209014904503223,0.7190774883207935,-0.0018240021295287123,0.6029901217874748,0.5927254695328119,-0.010264652254662887
23,specter,scincl,0.8320220622562681,0.830095558189194,-0.001926504067074064,0.7946104940889691,0.7924742830581247,-0.0021362110308443816,0.751065416180659,0.7470206274525516,-0.004044788728107429
23,specter,scibert,0.5429909039977582,0.5820973575230107,0.03910645352525255,0.670491624808905,0.6733594198103782,0.0028677950014731612,0.45112995696582553,0.4636943916567368,0.012564434690911286
23,specter,bert,0.5975038285259,0.608707016055849,0.011203187529948977,0.6569169601565641,0.6573785389330399,0.0004615787764757906,0.4641995459290003,0.4754177337605469,0.0112181878315466
23,specter,mpnet,0.7812243003183269,0.7761395089982519,-0.0050847913200749995,0.7320973619080786,0.7281397947333347,-0.003957567174743937,0.7231136404877877,0.7188525105211342,-0.00426112996665351
23,specter,minilm,0.7466612008136838,0.7476902796798218,0.0010290788661380113,0.6822753565127592,0.6829253968323473,0.0006500403195881521,0.7032001967760012,0.7050771889501942,0.0018769921741930151
23,specter,pubmedbert,0.5207137139895419,0.5414800794249878,0.020766365435445855,0.6563210793386635,0.6568905813626968,0.0005695020240333859,0.44436343664940825,0.45210922010327587,0.007745783453867616
23,specter,biobert,0.5468852991681175,0.5621631895449133,0.015277890376795833,0.6444704851340611,0.6451901844350175,0.000719699300956389,0.43140511292851225,0.4406966680282418,0.009291555099729565
23,specter,simcse,0.5422387151869943,0.5417227179282823,-0.0005159972587119865,0.6307621923774234,0.627625356641762,-0.0031368357356613696,0.3721493751843759,0.3643315318323274,-0.007817843352048492
23,specter2,scincl,0.8048814415993816,0.8032202080091793,-0.0016612335902023156,0.7978755938899571,0.7971034201201253,-0.000772173769831852,0.6335862638399653,0.6230492188881247,-0.010537044951840602
23,specter2,scibert,0.579460536138751,0.6191466719417457,0.039686135802994627,0.7024095853351882,0.7099616622281184,0.007552076892930248,0.34663675474309075,0.3627925425264851,0.016155787783394326
23,specter2,bert,0.5625579089266762,0.5706928456271824,0.008134936700506135,0.6184392989005437,0.6201356564679007,0.0016963575673569764,0.291592025144981,0.2923100456717728,0.0007180205267918183
23,specter2,mpnet,0.7723533747695288,0.7689502104191248,-0.0034031643504039977,0.7037436066914928,0.7014724920487478,-0.002271114642744987,0.6713440893208593,0.6604410494966001,-0.01090303982425922
23,specter2,minilm,0.7244172439520827,0.7249330205472472,0.0005157765951644411,0.6565959208155755,0.6572604229227416,0.0006645021071660651,0.5917079689052702,0.5818607162351538,-0.009847252670116435
23,specter2,pubmedbert,0.5212936932883985,0.5419087791553704,0.020615085866971916,0.6343576700639499,0.6373178201494382,0.0029601500854882223,0.29344246429660675,0.2993908511069768,0.005948386810370021
23,specter2,biobert,0.5542933683558334,0.568420180700231,0.01412681234439761,0.6255549086213397,0.6283927398369947,0.0028378312156550622,0.2715282433823205,0.2711884324814716,-0.00033981090084889143
23,specter2,simcse,0.4948511006941996,0.49467368353205027,-0.00017741716214930703,0.5966590294323194,0.5951197404114531,-0.001539289020866308,0.23349410744123603,0.2158828318527067,-0.017611275588529318
23,scincl,scibert,0.5468030735214228,0.5876061394141321,0.04080306589270932,0.693996119930782,0.6985881807457522,0.004592060814970211,0.3762906991022282,0.38740768975001844,0.01111699064779026
23,scincl,bert,0.5785316146316499,0.5889517117875097,0.010420097155859787,0.6466217851437679,0.6468118408317837,0.00019005568801577777,0.3687835259394599,0.372635955139589,0.003852429200129126
23,scincl,mpnet,0.7985316240197848,0.7925428416210887,-0.0059887823986961575,0.736074265974748,0.7319641929870289,-0.004110072987719149,0.7415967825254884,0.7325850396869646,-0.009011742838523795
23,scincl,minilm,0.7585830637729607,0.7593761280435974,0.0007930642706367452,0.6867908939072034,0.6876396184737265,0.0008487245665230736,0.7155065037082643,0.7147270234953177,-0.0007794802129466039
23,scincl,pubmedbert,0.5073129766093925,0.5293128012779098,0.021999824668517354,0.6449863354344203,0.6454855826125063,0.0004992471780860264,0.3543128864002824,0.354772283056929,0.00045939665664657126
23,scincl,biobert,0.5412099347370526,0.5561266707933681,0.014916736056315494,0.6351665900123369,0.6356873009114902,0.0005207108991532872,0.3372002888430013,0.34115597357939104,0.003955684736389742
23,scincl,simcse,0.524643965896004,0.5244873833235614,-0.00015658257244266505,0.6209482360500845,0.6180583564597784,-0.002889879590306177,0.3105888025554707,0.2974812481482017,-0.013107554407269018
23,scibert,bert,0.7471978013507636,0.7537177310695905,0.006519929718826867,0.7759857574794027,0.7712371717158475,-0.004748585763555191,0.7543864602874689,0.7575212647373063,0.0031348044498373806
23,scibert,mpnet,0.540611237321289,0.5788824891408784,0.03827125181958935,0.6391331499200222,0.6433583179954889,0.00422516807546669,0.43693449277533775,0.45556103483290494,0.018626542057567197
23,scibert,minilm,0.5261738218337951,0.5671199369872534,0.04094611515345825,0.6076355220138072,0.6163217209185133,0.008686198904706122,0.44425614854614204,0.4646625117576576,0.020406363211515566
23,scibert,pubmedbert,0.844089506289807,0.8427211197411731,-0.0013683865486338043,0.8403907149107792,0.8330318092183759,-0.0073589056924032725,0.8589653232114098,0.8573775633404426,-0.0015877598709672647
23,scibert,biobert,0.831402166822724,0.833088286024771,0.0016861192020469762,0.8163176379878497,0.809492195878369,-0.006825442109480773,0.8397507283133695,0.8331207082928003,-0.006630020020569227
23,scibert,simcse,0.6092967002542704,0.6229039960246482,0.01360729577037778,0.6866247836305381,0.6858860942066352,-0.0007386894239029829,0.5523498519218771,0.5584266032095626,0.006076751287685478
23,bert,mpnet,0.5866185902219625,0.5962760736011953,0.009657483379232779,0.6525124541529628,0.6540743812324812,0.0015619270795184104,0.46651110456827866,0.47960960125552293,0.013098496687244277
23,bert,minilm,0.5976268260959037,0.6145326625939936,0.016905836498089966,0.6289201611296134,0.6357479824835021,0.006827821353888708,0.5176682605721715,0.5367598444568985,0.01909158388472698
23,bert,pubmedbert,0.7560200386779932,0.7578554008180504,0.0018353621400571951,0.7845343198881121,0.7796066662591543,-0.004927653628957751,0.8152122256870332,0.8013233092208057,-0.013888916466227474
23,bert,biobert,0.7799106393331027,0.7756325220535385,-0.004278117279564175,0.7835399229075026,0.7769401879210228,-0.0065997349864798105,0.8263222207532994,0.8106589188676485,-0.015663301885650904
23,bert,simcse,0.7932936069940274,0.7939861274762643,0.0006925204822368913,0.8114178554272702,0.8115127707626275,9.491533535732621e-05,0.7718807314252075,0.764612422709029,-0.007268308716178562
23,mpnet,minilm,0.8326503704548283,0.8357927038887413,0.003142333433913014,0.7560311986516511,0.7579603710112809,0.0019291723596297494,0.8215490251113734,0.8234523677781271,0.0019033426667537379
23,mpnet,pubmedbert,0.5063367508380934,0.5277705513711499,0.021433800533056546,0.6290146190277153,0.6311311216772465,0.0021165026495312267,0.42284558665461075,0.43421604476353787,0.011370458108927117
23,mpnet,biobert,0.5465669792826084,0.5612004600959147,0.014633480813306288,0.6305953126730285,0.6320723389041056,0.0014770262310771498,0.41347080358517757,0.4222525623296323,0.008781758744454748
23,mpnet,simcse,0.5300686914875289,0.5300263762086195,-4.231527890941056e-05,0.6350557275572868,0.6333743372250472,-0.001681390332239574,0.4183879820149678,0.4128917943857287,-0.005496187629239091
23,minilm,pubmedbert,0.5006993483546321,0.5247611773666678,0.024061829012035685,0.597421449937452,0.6038020634582976,0.006380613520845513,0.45036868342292197,0.46574659690536824,0.01537791348244627
23,minilm,biobert,0.5358615196928174,0.5539014585967982,0.018039938903980812,0.5997241963467601,0.605202600069799,0.005478403723038872,0.45186473451466275,0.4662678297736691,0.014403095259006349
23,minilm,simcse,0.5592390936670965,0.5653697964282721,0.006130702761175666,0.6181259865390156,0.6211349096185691,0.0030089230795534716,0.4866533115751297,0.4860828977972062,-0.0005704137779234952
23,pubmedbert,biobert,0.8543080762241972,0.8534049502993568,-0.0009031259248404311,0.8359361234626758,0.827815294229688,-0.008120829232987736,0.8862491113561258,0.8708846146447059,-0.015364496711419928
23,pubmedbert,simcse,0.6212507936999252,0.6254244535627109,0.004173659862785728,0.6875997720571267,0.6850247801405808,-0.0025749919165459767,0.5977046007692577,0.5851707626209266,-0.012533838148331089
23,biobert,simcse,0.6256837638264922,0.6254853477414438,-0.0001984160850483363,0.6840900805104293,0.6810869912397627,-0.0030030892706666146,0.6095857780379632,0.5921565704353902,-0.01742920760257305
24,specter,specter2,0.7628620206990767,0.7585142065538791,-0.004347814145197582,0.7296096139096052,0.7271899144276954,-0.0024196994819097872,0.6494600276601501,0.6341713548584322,-0.015288672801717862
24,specter,scincl,0.8209965380096275,0.8180488309124081,-0.0029477070972193653,0.7957588758834564,0.7932118360571562,-0.0025470398263002236,0.7475639878784136,0.7433094129417748,-0.004254574936638833
24,specter,scibert,0.6057954595329998,0.6699980747760985,0.06420261524309867,0.6861325362961531,0.6931336292887871,0.0070010929926339616,0.500534171782837,0.5233026568697559,0.022768485086918866
24,specter,bert,0.5522421764613673,0.562598729335824,0.010356552874456693,0.6224711325813762,0.6233822744575551,0.0009111418761789114,0.46808426076471243,0.4797767884764421,0.011692527711729683
24,specter,mpnet,0.7943775189271995,0.787473189097167,-0.0069043298300325295,0.740183816433212,0.7343302835638621,-0.0058535328693498645,0.720530195953327,0.7175021572332498,-0.0030280387200771752
24,specter,minilm,0.7510550629275752,0.75302996915167,0.0019749062240947968,0.6832427187567037,0.6852712281079618,0.00202850935125809,0.7074808254527061,0.7081388984778481,0.0006580730251419808
24,specter,pubmedbert,0.5499175733279026,0.5994760983791358,0.04955852505123326,0.6663761919176234,0.6712833994642566,0.004907207546633208,0.45118759724096885,0.46509897262524735,0.013911375384278502
24,specter,biobert,0.6175291270250842,0.6451935876140806,0.02766446058899641,0.6720071888734955,0.6733955715756257,0.0013883827021301531,0.4919407864708516,0.49289642116574056,0.0009556346948889627
24,specter,simcse,0.49600624372432184,0.49053738649991335,-0.005468857224408485,0.5849076119720112,0.5809318353151283,-0.003975776656882979,0.3416048515280113,0.3420285953220717,0.00042374379406040497
24,specter2,scincl,0.821140904581238,0.8182834602261448,-0.002857444355093164,0.8128327972769575,0.8115658269857843,-0.001266970291173175,0.6467696786024227,0.6367672096624172,-0.01000246894000556
24,specter2,scibert,0.5828507665860276,0.6482045462359984,0.0653537796499708,0.701766217511388,0.7159365098017645,0.014170292290376474,0.39277530612843636,0.42520264994200496,0.0324273438135686
24,specter2,bert,0.489439586450134,0.497140583656623,0.00770099720648898,0.5734968827696543,0.5769946068117897,0.0034977240421354416,0.2940080104875206,0.29930944151677336,0.0053014310292527345
24,specter2,mpnet,0.7712544672795587,0.764824796163232,-0.006429671116326752,0.705593841926086,0.700987208850405,-0.004606633075680988,0.6357199801072991,0.6297507786203738,-0.0059692014869253684
24,specter2,minilm,0.7228225737404277,0.7232415675204497,0.0004189937800219701,0.6542367554694143,0.6556704263640981,0.001433670894683825,0.5985767781594415,0.591920041173798,-0.006656736985643508
24,specter2,pubmedbert,0.5112488689643732,0.5591589485017888,0.04791007953741566,0.6337152250061091,0.6431148539706604,0.009399628964551265,0.31257701616294364,0.3331923953269791,0.02061537916403544
24,specter2,biobert,0.5659960425488448,0.5927931286429229,0.02679708609407805,0.6355345779046302,0.6399797488671178,0.004445170962487643,0.35985589491864206,0.3652602359531529,0.005404341034510818
24,specter2,simcse,0.43749636671039743,0.4311233645127681,-0.006373002197629318,0.5449556256246788,0.5438738039455735,-0.0010818216791053104,0.1754817318892038,0.16919229897448027,-0.006289432914723531
24,scincl,scibert,0.5981401025403364,0.6630164567450626,0.06487635420472615,0.6998961106836514,0.7114844953270676,0.01158838464341616,0.4448929268122354,0.47797484504493687,0.03308191823270146
24,scincl,bert,0.5572866762444367,0.5635991814701337,0.006312505225696929,0.604709618063763,0.6070488988598716,0.002339280796108567,0.45235912840489867,0.47256793250792084,0.02020880410302217
24,scincl,mpnet,0.8027380110167959,0.7962858967060527,-0.006452114310743218,0.7454333046056665,0.7398425498456145,-0.005590754760051997,0.7413155791522917,0.734458663171647,-0.006856915980644751
24,scincl,minilm,0.7553824665378209,0.7560726778680484,0.0006902113302275081,0.6867215723397937,0.6885424162673627,0.0018208439275689825,0.6976968093882423,0.6990594562726472,0.0013626468844049056
24,scincl,pubmedbert,0.5350989479151088,0.5827721299090594,0.04767318199395054,0.6492137633410159,0.6557013346877408,0.006487571346724952,0.38896881139542266,0.4103571866398914,0.021388375244468738
24,scincl,biobert,0.5915847699221634,0.6181689903491389,0.026584220426975502,0.6508545065840109,0.6539611396704881,0.003106633086477184,0.42456900334742204,0.4372576906136465,0.012688687266224463
24,scincl,simcse,0.4909872604096659,0.480256482455897,-0.010730777953768866,0.5676990364073089,0.5632979347998021,-0.004401101607506841,0.3530684128506697,0.35773207074932944,0.0046636578986597454
24,scibert,bert,0.7183240115215084,0.7358670538455184,0.01754304232401005,0.7484626590387345,0.7387635538302402,-0.009699105208494374,0.6893834271929558,0.6775048857512606,-0.0118785414416952
24,scibert,mpnet,0.5737515393319585,0.6359423005513456,0.06219076121938705,0.6282538699286784,0.6379539588801286,0.009700088951450248,0.44848436756321153,0.4825001806982514,0.034015813135039874
24,scibert,minilm,0.571039161220589,0.6431367119802932,0.07209755075970425,0.5936375340699078,0.6113674358518713,0.01772990178196343,0.47025600766914194,0.5099740199999357,0.039718012330793806
24,scibert,pubmedbert,0.8630031164478732,0.8628224352024958,-0.00018068124537740093,0.8454177381853587,0.8339774995731183,-0.011440238612240416,0.8610902563817228,0.8434936777167327,-0.017596578664990092
24,scibert,biobert,0.8538900957161298,0.8585741928155082,0.004684097099378337,0.823999528257789,0.8144954043640711,-0.009504123893717908,0.8435892297419785,0.8306434387551086,-0.012945790986869876
24,scibert,simcse,0.6334277790365209,0.6542487459241197,0.020820966887598824,0.6594290887425408,0.6567814757438285,-0.002647612998712301,0.5074015757860024,0.4994999299567504,-0.007901645829252013
24,bert,mpnet,0.5703952398283121,0.5749587543683802,0.004563514540068092,0.6073552902435595,0.6095945921329692,0.002239301889409684,0.5058073778130157,0.517051776695629,0.011244398882613305
24,bert,minilm,0.6131193448303888,0.6343798722477438,0.02126052741735507,0.5947135500716032,0.6083740067860264,0.013660456714423175,0.5696718042561776,0.6010048866625105,0.031333082406332924
24,bert,pubmedbert,0.6929002494032616,0.7011232407505087,0.008222991347247133,0.7424132525421033,0.7321114108434729,-0.010301841698630465,0.7118687999736665,0.6735139724452895,-0.038354827528376934
24,bert,biobert,0.7299456858700913,0.7214909892501412,-0.00845469661995013,0.7523842172812344,0.7401353267333332,-0.012248890547901237,0.7472720270226824,0.7114837019652089,-0.035788325057473425
24,bert,simcse,0.8095413089044137,0.7973126074593739,-0.012228701445039736,0.7883685169091109,0.7850977584401847,-0.003270758468926216,0.8029422667368554,0.7880774109501973,-0.014864855786658082
24,mpnet,minilm,0.8435787965340611,0.8464730880121318,0.002894291478070743,0.7596319945911232,0.7629416231441598,0.0033096285530366254,0.8240111008595246,0.8279402532058487,0.003929152346324183
24,mpnet,pubmedbert,0.5264717190195504,0.5744018354240489,0.04793011640449851,0.6171107349922296,0.6253176169407355,0.00820688194850594,0.4142789923506976,0.43320526959901406,0.01892627724831647
24,mpnet,biobert,0.5907919929286158,0.6178293563280627,0.027037363399446845,0.6324221104987039,0.6362580910514136,0.003835980552709728,0.44850828218327027,0.4583239873228098,0.009815705139539554
24,mpnet,simcse,0.5042716715914913,0.49219185659166853,-0.012079814999822802,0.5751963939813957,0.5721727345719161,-0.0030236594094795732,0.4080890029517217,0.4020518053486287,-0.006037197603092959
24,minilm,pubmedbert,0.5234743210279651,0.577704372050581,0.05423005102261591,0.5807399787647831,0.596449544551836,0.015709565787052848,0.4362871473542157,0.4590497681476247,0.022762620793409016
24,minilm,biobert,0.5870010395397286,0.6215121395932679,0.0345111000535393,0.5976434559745799,0.6093274147926042,0.01168395881802431,0.4812959187017397,0.49708049622220213,0.015784577520462417
24,minilm,simcse,0.5431965120287907,0.5431314512523359,-6.506077645485053e-05,0.5664090884746327,0.5718673078357859,0.005458219361153205,0.45317510772493586,0.46227002815717316,0.009094920432237308
24,pubmedbert,biobert,0.8541643903838001,0.8538202236653203,-0.0003441667184798103,0.8352095554603426,0.823644914841156,-0.011564640619186606,0.8505346036958442,0.8302310915560763,-0.020303512139767887
24,pubmedbert,simcse,0.6103352000534067,0.6189979593732735,0.00866275931986682,0.6526772112934459,0.6475769961906451,-0.005100215102800787,0.5555642432399113,0.523140968044353,-0.03242327519555832
24,biobert,simcse,0.628933722685159,0.623441489373225,-0.005492233311934047,0.6540217977431054,0.6473142849734299,-0.006707512769675517,0.5518498889006249,0.5198732275506814,-0.03197666134994348
25,specter,specter2,0.7135437631808402,0.7103029007054611,-0.003240862475379136,0.70920507599375,0.7068079727330742,-0.0023971032606758813,0.5939482795933716,0.5876276844620665,-0.006320595131305118
25,specter,scincl,0.7726107832740914,0.7709369823179282,-0.0016738009561632072,0.7658526247095655,0.76399923763457,-0.001853387074995494,0.7409958938954945,0.7390705162841733,-0.0019253776113211662
25,specter,scibert,0.5950429862665378,0.6353108671248815,0.04026788085834365,0.6684889574832271,0.6713447168346932,0.0028557593514660917,0.49750250895475473,0.5134897639377237,0.01598725498296899
25,specter,bert,0.5521365546061521,0.5529246490892002,0.000788094483048174,0.6199757013838785,0.6192241034414858,-0.0007515979423926566,0.5111203519768016,0.5201372542423396,0.009016902265537974
25,specter,mpnet,0.748234221979828,0.7451740530182509,-0.0030601689615771255,0.7179610107208256,0.7153556167801083,-0.0026053939407173488,0.7128493570486273,0.7088550075651376,-0.003994349483489645
25,specter,minilm,0.6904579937289511,0.6923929053240028,0.0019349115950516582,0.6637504820383046,0.6649250907696944,0.001174608731389859,0.6685879617019675,0.6664580665571466,-0.0021298951448209813
25,specter,pubmedbert,0.5763933782845969,0.5989109302896434,0.02251755200504646,0.6594734798350794,0.658876572813603,-0.0005969070214764116,0.47600163445250027,0.4832573888601418,0.007255754407641535
25,specter,biobert,0.5985339537980431,0.6090221663947836,0.010488212596740487,0.6519751522565038,0.6508269590067733,-0.001148193249730478,0.47629379696373453,0.48642765664606963,0.0101338596823351
25,specter,simcse,0.5134645253011685,0.5130021415053677,-0.00046238379580076927,0.6008544095372248,0.5986738845851914,-0.002180524952033358,0.45573875836584427,0.4647359190248405,0.00899716065899625
25,specter2,scincl,0.7808264284690536,0.7777926496117231,-0.0030337788573304714,0.7933065145662761,0.7916081339168085,-0.0016983806494675902,0.5954457343566127,0.5873730849599351,-0.008072649396677622
25,specter2,scibert,0.585364477582371,0.6289005618642214,0.04353608428185041,0.7033711062106717,0.7104312028800904,0.007060096669418758,0.4121563596448918,0.4347778804179442,0.022621520773052406
25,specter2,bert,0.4796812916704423,0.4779918995289122,-0.0016893921415301327,0.5808215657582008,0.5803525922158397,-0.00046897354236108413,0.3365102702502742,0.3338396752625992,-0.002670594987674968
25,specter2,mpnet,0.7434654997113634,0.7385173331283855,-0.00494816658297792,0.694826388967877,0.6917382782017393,-0.003088110766137686,0.6309376379528463,0.6209329928623334,-0.01000464509051291
25,specter2,minilm,0.68378346873281,0.6830370206573223,-0.0007464480754877378,0.6434906902301244,0.6432295425923618,-0.0002611476377626376,0.5758850776692127,0.5668221237940564,-0.009062953875156321
25,specter2,pubmedbert,0.5336721071341235,0.5572281765339541,0.02355606939983057,0.6363790013095669,0.6376947784323932,0.0013157771228262671,0.3638435990481096,0.37350315570076026,0.00965955665265067
25,specter2,biobert,0.556335891715341,0.5675933407468547,0.011257449031513711,0.6278235936792215,0.6277082722136188,-0.00011532146560266909,0.356182064042456,0.36116300543840774,0.004980941395951732
25,specter2,simcse,0.45059396059499424,0.4499139814084217,-0.0006799791865725324,0.5648504720133111,0.5634116004868769,-0.0014388715264341823,0.283965117963414,0.27903914095359633,-0.0049259770098176725
25,scincl,scibert,0.5817326082413128,0.6243330681079501,0.0426004598666373,0.6949038224128485,0.6995007543329725,0.004596931920124003,0.44786703326166893,0.4639097179877739,0.016042684726104983
25,scincl,bert,0.5078439578924098,0.5077784602681314,-6.549762427832118e-05,0.6063004536452332,0.605610724969968,-0.0006897286752651777,0.43213852656184376,0.44390979449077417,0.011771267928930407
25,scincl,mpnet,0.765086459036331,0.7617495377863354,-0.003336921249995628,0.7211097039107139,0.7182966784830982,-0.002813025427615745,0.7331476243348692,0.730382180940457,-0.0027654433944122037
25,scincl,minilm,0.7077531139915128,0.7092410985117766,0.0014879845202638853,0.6681341843146382,0.668915156201185,0.0007809718865467996,0.6833405351338523,0.6828130343175328,-0.0005275008163194705
25,scincl,pubmedbert,0.5431701089282066,0.5644896053939107,0.02131949646570408,0.6463860521798912,0.6454473419968562,-0.0009387101830350408,0.38954090117585394,0.39946046731315304,0.009919566137299107
25,scincl,biobert,0.5669343004104395,0.5772447864940937,0.010310486083654258,0.6391733842349764,0.6383700424917746,-0.0008033417432017353,0.3840114820080282,0.3979737004924351,0.013962218484406874
25,scincl,simcse,0.4779420091945368,0.4769277889484523,-0.0010142202460844962,0.5856353125817131,0.5838326945587414,-0.0018026180229716582,0.41398691655146796,0.4220368743485929,0.008049957797124918
25,scibert,bert,0.6941616626181413,0.7000733273814851,0.005911664763343816,0.7458877015466713,0.7415923279245281,-0.0042953736221431615,0.7351147111397941,0.7366335734635814,0.0015188623237872845
25,scibert,mpnet,0.5446391366405378,0.5854155979211796,0.04077646128064183,0.618758726180879,0.6234357644505665,0.004677038269687461,0.43924279027210766,0.45638970510997323,0.017146914837865568
25,scibert,minilm,0.5227961114917886,0.5641424252414832,0.04134631374969455,0.5888072765930495,0.5967612649958268,0.007953988402777279,0.4447188504198002,0.4588884788247214,0.014169628404921197
25,scibert,pubmedbert,0.8547017593770657,0.8517895238235373,-0.002912235553528375,0.83906593951913,0.8313593415211952,-0.007706597997934828,0.8596781202686914,0.863698856637749,0.0040207363690576425
25,scibert,biobert,0.8412488260410407,0.8373556290770625,-0.0038931969639781627,0.8144671518421852,0.8083759332747013,-0.006091218567483958,0.836194457448984,0.8376900106607246,0.0014955532117405523
25,scibert,simcse,0.5870597114958717,0.6044191715671223,0.017359460071250665,0.6654313617568471,0.6637307706914666,-0.0017005910653805634,0.5623863017524661,0.5647498105143762,0.0023635087619101602
25,bert,mpnet,0.5107120420444929,0.5107372507372248,2.520869273181514e-05,0.599554725961975,0.5997109525728467,0.00015622661087166811,0.4743923081514779,0.4796534316876366,0.005261123536158652
25,bert,minilm,0.50658068517806,0.5123481051384584,0.005767419960398423,0.5813180649137373,0.5856507851872633,0.004332720273526047,0.4995918062739831,0.5051967732194916,0.005604966945508549
25,bert,pubmedbert,0.7145467624063542,0.7181541630157677,0.003607400609413558,0.7546648936803096,0.7500405614794324,-0.0046243322008772125,0.784479075720699,0.7712126127365314,-0.01326646298416756
25,bert,biobert,0.7573652646474337,0.7535901961657616,-0.0037750684816720836,0.7615650473006125,0.7570893110387573,-0.004475736261855157,0.8140397682776053,0.8054640276846592,-0.00857574059294608
25,bert,simcse,0.7331269740238433,0.7334531332685701,0.0003261592447267869,0.7956534155444469,0.7960127948508321,0.000359379306385188,0.7748194405625477,0.7735983247324978,-0.0012211158300499125
25,mpnet,minilm,0.8205601414888553,0.8232614948685074,0.0027013533796521605,0.7564971866172661,0.7581211744792674,0.0016239878620013526,0.8164181196310485,0.8175018330442511,0.0010837134132025694
25,mpnet,pubmedbert,0.5223943033727859,0.5455442242389447,0.023149920866158746,0.6114403484961024,0.6123928618309685,0.000952513334866123,0.4298137146800352,0.43202857282506835,0.0022148581450331384
25,mpnet,biobert,0.5572557351672073,0.5687261948555429,0.0114704596883356,0.615545451938354,0.6155950086453369,4.9556706982922805e-05,0.4340249251700603,0.4415341232398383,0.007509198069778011
25,mpnet,simcse,0.49296392024558267,0.493578757277167,0.0006148370315843255,0.5916242364185156,0.590579218414236,-0.0010450180042795854,0.46189107100022636,0.46433448971683433,0.00244341871660797
25,minilm,pubmedbert,0.5014789372891703,0.5271359409556755,0.02565700366650525,0.5806433724434623,0.5853867265858973,0.004743354142434986,0.44564478306110894,0.4469298529933249,0.0012850699322159431
25,minilm,biobert,0.5375078894409235,0.5513393068029103,0.013831417361986786,0.5867964202102709,0.5903014102614471,0.0035049900511762155,0.4560113295975285,0.46250812049227036,0.006496790894741866
25,minilm,simcse,0.5048816240529405,0.5100049328873394,0.005123308834398932,0.5775222686557215,0.5799744420576389,0.00245217340191739,0.4825887787159733,0.48541828070104587,0.002829501985072591
25,pubmedbert,biobert,0.8552202628064142,0.8499456350692749,-0.00527462773713927,0.8284933077126563,0.8209292907793826,-0.007564016933273687,0.8768011713470076,0.8668648205831608,-0.009936350763846802
25,pubmedbert,simcse,0.5867678148512266,0.5947356214357443,0.007967806584517678,0.6663668279051002,0.6625131795400219,-0.0038536483650782882,0.6156849206627103,0.5969985008789961,-0.018686419783714214
25,biobert,simcse,0.6069703267925423,0.606435171205549,-0.0005351555869932412,0.664511733591886,0.6611631697705844,-0.0033485638213015534,0.6158252948030648,0.6048644631121586,-0.010960831690906225
26,specter,specter2,0.7815033642251833,0.7808364258126502,-0.0006669384125330691,0.7087332331833144,0.7082436413613207,-0.0004895918219937068,0.7024984133982425,0.7034263116320657,0.0009278982338232211
26,specter,scincl,0.8322491499081678,0.8309619912839831,-0.0012871586241847144,0.7676338172173471,0.7669579377948105,-0.0006758794225366627,0.8022478594891227,0.8007295656173261,-0.0015182938717965833
26,specter,scibert,0.6530023152932439,0.6746280089282781,0.021625693635034193,0.6509622583598195,0.654400697796906,0.003438439437086549,0.4774550195966403,0.4809510948113793,0.0034960752147390473
26,specter,bert,0.6231803375900176,0.6255168764789194,0.00233653888890184,0.6137092200250368,0.6151989993685109,0.0014897793434740514,0.5706573146431453,0.5795193673962962,0.008862052753150884
26,specter,mpnet,0.7593016388187849,0.7576356074774335,-0.0016660313413513483,0.6958426843272602,0.6945440609300156,-0.0012986233972445138,0.6291437490458546,0.6281512201873782,-0.000992528858476338
26,specter,minilm,0.7303249403352876,0.7304779432966559,0.00015300296136833147,0.6587967459964755,0.6590240839978038,0.00022733800132823667,0.6157435837683612,0.615126301474815,-0.0006172822935462952
26,specter,pubmedbert,0.5744206122960804,0.5802305101721534,0.005809897876073,0.6050883749141059,0.6065640052333925,0.0014756303192865472,0.47061195539603007,0.477667155625669,0.007055200229638958
26,specter,biobert,0.5320598646874535,0.5388408533917497,0.00678098870429622,0.583419356353827,0.5853508367461978,0.001931480392370788,0.43685020384662593,0.4422372324030907,0.005387028556464779
26,specter,simcse,0.6222633908718371,0.6215362867871234,-0.00072710408471377,0.598106348248539,0.5976954794904318,-0.0004108687581072523,0.5244290336280738,0.5314967357112425,0.007067702083168648
26,specter2,scincl,0.8267476275250698,0.8264858737855315,-0.00026175373953829517,0.7900581899789021,0.7901010195510116,4.282957210954841e-05,0.7620356546160866,0.7650267604680671,0.00299110585198048
26,specter2,scibert,0.6987118327319307,0.7229949246266333,0.02428309189470257,0.705320175519545,0.7113712654083746,0.0060510898888296305,0.48292203670480555,0.4958812301842012,0.01295919347939567
26,specter2,bert,0.6318354034970743,0.6363553674669923,0.0045199639699179395,0.6038414059979536,0.6061593093420873,0.0023179033441337316,0.5150809684612061,0.524924956810312,0.009843988349105937
26,specter2,mpnet,0.7473698390374451,0.7458920198730519,-0.001477819164393268,0.6810811467843668,0.6803818591176011,-0.0006992876667657466,0.6731521489963801,0.6752213885375514,0.0020692395411713305
26,specter2,minilm,0.7195949931330903,0.7205005646134831,0.0009055714803928305,0.6440867656420463,0.6447627468703043,0.0006759812282580713,0.6434492491956237,0.6448660428371632,0.00141679364153946
26,specter2,pubmedbert,0.5827231625991612,0.5905940318821499,0.007870869282988635,0.6076596874479404,0.6103653721371328,0.0027056846891924113,0.425871706276182,0.4345887087289707,0.008717002452788725
26,specter2,biobert,0.5439683520577769,0.5529031382680293,0.008934786210252343,0.5856981661314693,0.5891658589408272,0.0034676928093578807,0.3972975856127437,0.40531359029928543,0.008016004686541733
26,specter2,simcse,0.6401452210434536,0.6409154872541107,0.0007702662106571223,0.590100043813873,0.5901572210836562,5.717726978315962e-05,0.4807430846928589,0.4857903068319764,0.005047222139117458
26,scincl,scibert,0.6613444381962349,0.6851701994235154,0.02382576122728053,0.6883554498340452,0.6934783113766225,0.0051228615425773505,0.46659005996197295,0.47848802812572183,0.011897968163748884
26,scincl,bert,0.6033495763367578,0.606535590657175,0.0031860143204172076,0.6170239803708223,0.6193225033667549,0.0022985229959325837,0.5402919664222293,0.5519757336389383,0.01168376721670894
26,scincl,mpnet,0.7854768349861085,0.7843459370087353,-0.001130897977373202,0.7079769541762699,0.7068977580876831,-0.0010791960885868646,0.686774433461434,0.6858725453626772,-0.0009018880987567979
26,scincl,minilm,0.752825077264137,0.7534159000061614,0.0005908227420243772,0.6714801988377416,0.6718893654733208,0.00040916663557921673,0.65693714779634,0.6576049048035119,0.0006677570071718097
26,scincl,pubmedbert,0.5616567941208389,0.5679266289395192,0.006269834818680264,0.6074928826396453,0.6096173731061734,0.002124490466528073,0.44674586498936797,0.4583530526728842,0.011607187683516207
26,scincl,biobert,0.5221177948488579,0.5303974829720537,0.008279688123195794,0.5852853740890827,0.5880856977801626,0.0028003236910799645,0.42015214974187864,0.43000109850250406,0.00984894876062542
26,scincl,simcse,0.6123524032826878,0.6128534049467498,0.000501001664061973,0.5973502861912049,0.5973921147378222,4.182854661727298e-05,0.48461667134354053,0.49379030071947716,0.009173629375936632
26,scibert,bert,0.7890027524763961,0.79950282418187,0.010500071705473957,0.7617324467370583,0.7586964754438853,-0.003035971293173012,0.7968720143296817,0.7999675273099203,0.0030955129802385795
26,scibert,mpnet,0.6201131250783511,0.6390986503906282,0.01898552531227704,0.6253142855919003,0.6295665762390101,0.004252290647109858,0.4546539842531337,0.46932853320182094,0.01467454894868725
26,scibert,minilm,0.6184284280005089,0.638328062399629,0.019899634399120125,0.6055930400278757,0.6104590524194021,0.0048660123915263975,0.4612694540126725,0.4761435343463593,0.014874080333686812
26,scibert,pubmedbert,0.8296626470100507,0.8301154961690004,0.00045284915894971967,0.8025678727377324,0.7992014446420574,-0.0033664280956750003,0.843601454562005,0.8443479437268753,0.0007464891648703009
26,scibert,biobert,0.8074554006215395,0.8015049889004677,-0.005950411721071802,0.7740290175634512,0.7687137219112999,-0.005315295652151275,0.8236070998000212,0.8180277523010739,-0.005579347498947285
26,scibert,simcse,0.7179431649496113,0.7308967817363762,0.012953616786764877,0.6763183841398758,0.675942727074788,-0.0003756570650877977,0.6322706363456778,0.6530127481850319,0.020742111839354038
26,bert,mpnet,0.5483853349509183,0.5486437124774639,0.00025837752654556123,0.5868736258525722,0.5881355229186811,0.001261897066108908,0.4976763864906885,0.505276869054194,0.007600482563505484
26,bert,minilm,0.5573825713936459,0.5596547515151724,0.0022721801215265236,0.577650680080695,0.580610446548215,0.002959766467520053,0.5330776552446935,0.5388805662766987,0.0058029110320051425
26,bert,pubmedbert,0.857441985124343,0.8593831473472563,0.0019411622229132952,0.7910870526262899,0.7890898341197956,-0.0019972185064942582,0.8650118405290266,0.8637972042594877,-0.0012146362695388824
26,bert,biobert,0.8310094168026569,0.8344684794016156,0.003459062598958673,0.7854156055836896,0.7829491724813464,-0.0024664331023431796,0.8473084716632736,0.8465943331304846,-0.0007141385327890104
26,bert,simcse,0.8041885460607477,0.8050525423965955,0.000863996335847772,0.7962156630230274,0.7968497460487681,0.0006340830257407504,0.8048440078536105,0.8124604598686529,0.007616452015042352
26,mpnet,minilm,0.8543220694222203,0.8559735784395243,0.0016515090173039315,0.7639780928652649,0.7652096747968874,0.0012315819316225385,0.7974317327955813,0.7989102091282702,0.0014784763326888273
26,mpnet,pubmedbert,0.5263957445367341,0.5296074371334226,0.00321169259668852,0.57702006974419,0.5783561715836539,0.0013361018394639768,0.42189340857773583,0.4312173286360425,0.009323920058306678
26,mpnet,biobert,0.49180188949139997,0.496625827440655,0.004823937949255008,0.562782355117108,0.5649340133990793,0.0021516582819713914,0.3927317262428272,0.4024975249032445,0.009765798660417269
26,mpnet,simcse,0.5911934680785994,0.5903329761026594,-0.0008604919759399587,0.5935116165084613,0.5935375326449813,2.5916136520032218e-05,0.47311968749630007,0.47708818883272225,0.003968501336422181
26,minilm,pubmedbert,0.5277656681794854,0.5332536611200146,0.005487992940529152,0.5628203157947468,0.5655803835748269,0.002760067780080089,0.4438297285225729,0.44982886307357134,0.005999134550998431
26,minilm,biobert,0.496016768941291,0.502897939854981,0.0068811709136900046,0.5492860996065771,0.552569255819181,0.0032831562126038882,0.4166908305622287,0.4250996021062482,0.008408771544019478
26,minilm,simcse,0.6046751372006975,0.6058585222812198,0.0011833850805222923,0.5852016843828244,0.5866991463806543,0.001497461997829963,0.5244979313312436,0.5263203287973008,0.0018223974660572795
26,pubmedbert,biobert,0.8915071867679497,0.8942148924260442,0.002707705658094528,0.8192129922988555,0.8164745601797908,-0.00273843211906466,0.8975047168107737,0.8972715042366791,-0.00023321257409458784
26,pubmedbert,simcse,0.7072112821883447,0.7101035033968611,0.002892221208516399,0.677405328548513,0.6766630146791708,-0.0007423138693422038,0.6737728373969328,0.6819292641143235,0.008156426717390697
26,biobert,simcse,0.6875256715515735,0.6910789248958938,0.0035532533443203285,0.6694551265061384,0.6690369137288116,-0.0004182127773267874,0.6406541913881353,0.6544533973856258,0.013799205997490516
27,specter,specter2,0.7209766521987648,0.717834860067579,-0.0031417921311858166,0.7358191209131708,0.7335997546692653,-0.0022193662439055073,0.5743642405144113,0.5667028697272551,-0.007661370787156119
27,specter,scincl,0.7670573013597282,0.7648334747525874,-0.002223826607140711,0.7886539327142486,0.7869420901384636,-0.0017118425757849387,0.6089877175004721,0.6074919493237264,-0.001495768176745682
27,specter,scibert,0.4490480931441342,0.5284770053093227,0.07942891216518855,0.6598096072448898,0.670497874759343,0.010688267514453176,0.3631511702613756,0.4008008038950021,0.0376496336336265
27,specter,bert,0.4820220779200174,0.49481097662637585,0.012788898706358465,0.6012965139943288,0.6050821182131186,0.0037856042187898176,0.35637013238692444,0.37052378193230967,0.014153649545385227
27,specter,mpnet,0.7412948966377872,0.7355333820275719,-0.005761514610215346,0.7348436115775054,0.7300754078726254,-0.00476820370488007,0.6303469158608679,0.6216866744117197,-0.008660241449148232
27,specter,minilm,0.6784393132375083,0.6804629294189926,0.002023616181484278,0.6735973324616076,0.6750718765957493,0.0014745441341417198,0.58416448257241,0.5795585892088957,-0.004605893363514357
27,specter,pubmedbert,0.3925632315039747,0.45180825746695125,0.05924502596297654,0.6410430155398456,0.651956649605374,0.010913634065528477,0.3184589601536479,0.35751905600079825,0.03906009584715037
27,specter,biobert,0.4493713376912438,0.48934457941482284,0.03997324172357902,0.6440594988600173,0.6515808078823495,0.007521309022332168,0.34155526557488947,0.35706114113115284,0.015505875556263371
27,specter,simcse,0.44218892173207325,0.43788478111174134,-0.004304140620331909,0.5786264605980082,0.5758637310576145,-0.0027627295403936936,0.27250829454626896,0.2684300515685754,-0.004078242977693547
27,specter2,scincl,0.7900161304536244,0.7876297852853453,-0.0023863451682790693,0.8180669357097752,0.8165079039575288,-0.0015590317522463648,0.6238715317961788,0.6161997407084973,-0.007671791087681568
27,specter2,scibert,0.45505805940864075,0.5424218133606166,0.08736375395197582,0.6905439653545302,0.7076339276156675,0.017089962261137237,0.25163426308258535,0.29347695190218853,0.04184268881960318
27,specter2,bert,0.42188703399843414,0.4362237905218697,0.014336756523435579,0.5660070117081839,0.5719146660990684,0.005907654390884476,0.21173695501484385,0.21400811137151968,0.002271156356675824
27,specter2,mpnet,0.7184964500651063,0.7149213479302698,-0.003575102134836472,0.6998297517864513,0.6962368444422427,-0.0035929073442086956,0.5978649560676615,0.584469958048677,-0.013394998018984583
27,specter2,minilm,0.6558491781866878,0.6576505229344728,0.0018013447477850386,0.6474180139296182,0.6485647269544297,0.0011467130248115076,0.5271284852618198,0.5161814338294548,-0.010947051432364963
27,specter2,pubmedbert,0.37822188321236117,0.43929349755513186,0.0610716143427707,0.6196741659712952,0.6331305707813729,0.013456404810077705,0.19297976174195008,0.22142796608406956,0.028448204342119476
27,specter2,biobert,0.4348524745323956,0.4775532590182448,0.042700784485849186,0.6217455253865422,0.6312939140865382,0.00954838869999608,0.22146121354665238,0.23274082452735217,0.011279610980699795
27,specter2,simcse,0.3881057135934282,0.38926964158838584,0.0011639279949576253,0.5486924493153283,0.5480696428835586,-0.0006228064317697068,0.14422397722405933,0.1291434757323596,-0.015080501491699733
27,scincl,scibert,0.4384792915129012,0.5189985949529803,0.08051930344007907,0.6782202437752828,0.6918873845847824,0.0136671408094996,0.27089336977123446,0.3057274452293205,0.03483407545808603
27,scincl,bert,0.4677731307410023,0.48223693988869865,0.01446380914769635,0.5863821202629834,0.5909422674586059,0.004560147195622477,0.3064894311522254,0.3233577254278934,0.01686829427566805
27,scincl,mpnet,0.7469156542827353,0.741042495447473,-0.005873158835262293,0.733894016556591,0.7291954443898746,-0.00469857216671643,0.6629670700034167,0.655947220836362,-0.00701984916705467
27,scincl,minilm,0.6855012584724003,0.6863569860616834,0.0008557275892830951,0.6754274632389521,0.6762059027449863,0.0007784395060341787,0.5883039720712625,0.5870055301460124,-0.0012984419252500823
27,scincl,pubmedbert,0.3678605126589592,0.4237228819867337,0.0558623693277745,0.6223147842331607,0.6330037627206243,0.01068897848746364,0.2289170207767928,0.24694478392436128,0.018027763147568487
27,scincl,biobert,0.42760334783627196,0.4668631681788434,0.039259820342571417,0.625863048058825,0.6339517976963676,0.00808874963754258,0.24816216472740518,0.26047857510169564,0.01231641037429046
27,scincl,simcse,0.41593367259214936,0.4138674962781388,-0.0020661763140105704,0.5620013889592933,0.5592752133643943,-0.0027261755948989608,0.2452497984986237,0.2485198748868006,0.003270076388176918
27,scibert,bert,0.6618355335992051,0.6590713988288376,-0.002764134770367521,0.7433257390023177,0.7321674314944379,-0.011158307507879828,0.6700031841175098,0.6373775737384424,-0.032625610379067416
27,scibert,mpnet,0.41550609394568994,0.4898286245641282,0.07432253061843824,0.608050383997293,0.6198929882329856,0.0118426042356925,0.3194394526460991,0.3495994398339996,0.030159987187900528
27,scibert,minilm,0.4160613263047324,0.4946182572825874,0.07855693097785499,0.5770085646710297,0.5937580755937905,0.01674951092276078,0.34502720248956753,0.3736565497151425,0.028629347225574975
27,scibert,pubmedbert,0.8363336766791338,0.8131628355616658,-0.023170841117468033,0.8410404531392648,0.8301383379470236,-0.010902115192241157,0.8414300114030729,0.8218268999965691,-0.019603111406503837
27,scibert,biobert,0.8261839753360543,0.8113073437941879,-0.014876631541866359,0.8185529281752313,0.8094244077640651,-0.009128520411166186,0.8296283519065712,0.8095763859529436,-0.020051965953627682
27,scibert,simcse,0.5705009052209987,0.5790240547822755,0.008523149561276755,0.6593104655864804,0.6547980511936372,-0.0045124143928432225,0.5040463250026133,0.47977938597994907,-0.02426693902266419
27,bert,mpnet,0.47647406939219084,0.4874543051982441,0.010980235806053285,0.5861245903142865,0.5909860386361463,0.0048614483218597515,0.39778856660997236,0.40525552979613977,0.007466963186167408
27,bert,minilm,0.51852739929954,0.5419444233456087,0.023417024046068713,0.5788344378984714,0.5915175811692841,0.012683143270812658,0.4802873749372156,0.5040925340207317,0.023805159083516103
27,bert,pubmedbert,0.6460680135648549,0.6351109520051816,-0.010957061559673242,0.7419755969348217,0.7298167629631614,-0.012158833971660288,0.7242119461830292,0.6724344784540879,-0.05177746772894132
27,bert,biobert,0.6828152968265794,0.6608078596111776,-0.02200743721540177,0.7457807984299246,0.7324707681014657,-0.0133100303284589,0.7274437280001091,0.6835520577978783,-0.04389167020223084
27,bert,simcse,0.7552053794318672,0.7382771691707334,-0.01692821026113378,0.7903360005984438,0.7881574817510117,-0.0021785188474320316,0.8084376226550927,0.7860634143046585,-0.022374208350434133
27,mpnet,minilm,0.7910795316128393,0.7941414665065412,0.0030619348937018787,0.7445808620771853,0.7462743663255862,0.0016935042484008678,0.7563062048527661,0.7581575798693957,0.001851375016629575
27,mpnet,pubmedbert,0.36175676721448957,0.41592100652907815,0.05416423931458858,0.5964620334375529,0.6084408482744527,0.011978814836899776,0.29223443046158776,0.31167986745220116,0.019445436990613407
27,mpnet,biobert,0.4229759592013048,0.46160667203972344,0.038630712838418624,0.6118063900964017,0.6204691805626366,0.00866279046623486,0.2961470878388684,0.30352353412180944,0.00737644628294104
27,mpnet,simcse,0.43356983655288645,0.4307109608342426,-0.0028588757186438496,0.5694164075815932,0.5683004525465191,-0.001115955035074112,0.34435261396038064,0.33321312424253274,-0.011139489717847895
27,minilm,pubmedbert,0.36285786790292895,0.41999142305868953,0.057133555155760574,0.562809279321955,0.5792135173081151,0.016404237986160086,0.32856547136791087,0.34390751332376807,0.0153420419558572
27,minilm,biobert,0.42123688266237413,0.462975333581557,0.04173845091918288,0.5782615505933014,0.5919196714487777,0.013658120855476241,0.33966654098866644,0.3503476727128693,0.010681131724202875
27,minilm,simcse,0.475137970493736,0.48011924687330393,0.004981276379567912,0.5649908035595408,0.5700924482718696,0.005101644712328768,0.4244216992220544,0.4301411054653497,0.005719406243295311
27,pubmedbert,biobert,0.8302890415210425,0.8209874377877623,-0.009301603733280261,0.8332642784484587,0.8233022274508303,-0.00996205099762848,0.8554015682980037,0.831799488001997,-0.023602080296006744
27,pubmedbert,simcse,0.5428365281803682,0.5409418922622855,-0.0018946359180826988,0.6545001472051151,0.648981828742423,-0.005518318462692018,0.5744773938351947,0.5258079163970161,-0.04866947743817862
27,biobert,simcse,0.560905551024328,0.5505781714324165,-0.010327379591911545,0.6542306166599886,0.6481475848202265,-0.00608303183976211,0.5614326887845782,0.5185910308909787,-0.042841657893599505
28,specter,specter2,0.7659912365762656,0.7628769050379743,-0.003114331538291215,0.7452254040356595,0.7434064200849586,-0.0018189839507009031,0.5942649395916646,0.5921728749299284,-0.0020920646617361705
28,specter,scincl,0.782077767603196,0.7802165133129743,-0.00186125429022177,0.7822354600596098,0.7804695887429094,-0.0017658713167003626,0.5868691499716762,0.5820303874065819,-0.004838762565094301
28,specter,scibert,0.5610808385780435,0.6118150261951616,0.05073418761711812,0.6771552905100469,0.6811074757307763,0.003952185220729487,0.44851269768828045,0.4633922614024808,0.01487956371420035
28,specter,bert,0.5453838352440881,0.5433099978356349,-0.0020738374084531275,0.6232280374738477,0.622150616183799,-0.00107742129004873,0.3857207549863004,0.38569639310824416,-2.4361878056211594e-05
28,specter,mpnet,0.777693597302192,0.7719716741223966,-0.005721923179795363,0.7397997942975938,0.7355941878171315,-0.0042056064804623094,0.6518911006387211,0.6409590739354025,-0.01093202670331861
28,specter,minilm,0.7298504432058126,0.7305440788331,0.0006936356272874145,0.6853944426273247,0.6866793496023266,0.0012849069750018316,0.6316054784770135,0.6249860322534668,-0.00661944622354671
28,specter,pubmedbert,0.5316128024931257,0.5643711230219924,0.032758320528866736,0.663787053559249,0.6673489902770301,0.0035619367177810446,0.4152927396557315,0.42172915037832504,0.006436410722593544
28,specter,biobert,0.606686615280387,0.619339829209307,0.012653213928919937,0.6703137784821229,0.6700204114649371,-0.0002933670171858527,0.42335087698737517,0.42618768250696887,0.002836805519593699
28,specter,simcse,0.49205714784840315,0.48809924795966125,-0.0039578998887419,0.6011361962229298,0.5978906114412625,-0.0032455847816672545,0.27366994422617613,0.27806914862317433,0.004399204396998202
28,specter2,scincl,0.8358935551859513,0.8349619925299337,-0.0009315626560175705,0.8303935081192851,0.8296891902059131,-0.000704317913371999,0.6912464661421189,0.6859872669259692,-0.005259199216149701
28,specter2,scibert,0.5679294113068643,0.6319927840086605,0.0640633727017963,0.7194005286847577,0.729737884565106,0.010337355880348342,0.3777615711309038,0.4163689987409235,0.03860742761001967
28,specter2,bert,0.5420617403853211,0.5448203226389723,0.0027585822536512206,0.6063795280109958,0.6075790609605897,0.0011995329495938511,0.3606203855220515,0.35071050671777787,-0.00990987880427363
28,specter2,mpnet,0.7858590508500313,0.7824619757580811,-0.003397075091950197,0.7218383765656582,0.7184869575853456,-0.0033514189803125483,0.673894427883234,0.667718454898298,-0.006175972984935996
28,specter2,minilm,0.7309899583332863,0.7327020898956454,0.0017121315623591649,0.6725518388167326,0.6739152719427118,0.0013634331259791965,0.6047835673739609,0.6020905648582254,-0.0026930025157354542
28,specter2,pubmedbert,0.5279101918389454,0.566715986205493,0.03880579436654763,0.6538906563156669,0.6606740325719773,0.006783376256310425,0.34302259071705765,0.34993335766533207,0.006910766948274416
28,specter2,biobert,0.6112849399174219,0.6313048975816102,0.020019957664188293,0.6595120049038332,0.6625329591983801,0.0030209542945468515,0.39024801952712135,0.3977187709707962,0.007470751443674872
28,specter2,simcse,0.4807039348948537,0.48038134791403025,-0.00032258698082343606,0.5866772291004485,0.5849916869778339,-0.001685542122614625,0.27243972316059994,0.2578206218665507,-0.014619101294049253
28,scincl,scibert,0.5670956995600888,0.6292423435281169,0.06214664396802816,0.7033187900924106,0.7113251227639349,0.008006332671524286,0.37347009485617333,0.39880029290200236,0.025330198045829033
28,scincl,bert,0.5778553453680051,0.5807512106638344,0.002895865295829303,0.6291925533937361,0.6296528631576441,0.0004603097639079845,0.45569704340774264,0.4522172336605434,-0.0034798097471992473
28,scincl,mpnet,0.8119370103284348,0.8082031045739532,-0.0037339057544816256,0.7532020166305222,0.7491295458595496,-0.004072470770972614,0.7443576821858905,0.735999803457999,-0.00835787872789151
28,scincl,minilm,0.7625873088565523,0.764620329383714,0.0020330205271616997,0.6992780256665935,0.7007467628850726,0.001468737218479177,0.6788167285640395,0.6810500989126265,0.0022333703485869494
28,scincl,pubmedbert,0.5275216354945705,0.5659151974128875,0.038393561918317,0.6581436172362141,0.6628199223203912,0.004676305084177157,0.36720428551501216,0.3699299133698287,0.002725627854816559
28,scincl,biobert,0.6160299356758132,0.6350690331654747,0.019039097489661483,0.665230096580255,0.6667779976550374,0.0015479010747824207,0.41210477130426054,0.4220072602625175,0.00990248895825696
28,scincl,simcse,0.5048859461824655,0.5009779367858911,-0.00390800939657443,0.60288649404569,0.5996184218806397,-0.0032680721650502065,0.35945089575912764,0.34960829001102267,-0.009842605748104971
28,scibert,bert,0.7032939264434337,0.7112164782645833,0.007922551821149648,0.7503331532321177,0.7427532347598231,-0.007579918472294556,0.6648071326530225,0.6568791161232006,-0.00792801652982189
28,scibert,mpnet,0.5540972904982612,0.6101195706033442,0.05602228010508303,0.6414628498549516,0.647506722050617,0.0060438721956653785,0.41943893426409645,0.4476769408651906,0.028238006601094157
28,scibert,minilm,0.544189033348108,0.6066715971179717,0.06248256376986372,0.6097947227237253,0.6217274505303155,0.011932727806590271,0.4436168462705397,0.4645681893139217,0.020951343043381976
28,scibert,pubmedbert,0.8501548856955452,0.8451745151388695,-0.004980370556675662,0.8441206518765785,0.8362911980992542,-0.007829453777324247,0.8352805234981955,0.8254026633160036,-0.009877860182191833
28,scibert,biobert,0.8519538804155944,0.8529965211038731,0.001042640688278751,0.8264072572786806,0.8196323925665402,-0.006774864712140394,0.8162878993312239,0.8159685288779189,-0.00031937045330499014
28,scibert,simcse,0.6231648671677384,0.6446985992485305,0.021533732080792012,0.6727520469414264,0.6719450969776868,-0.0008069499637396449,0.5068544101391356,0.5187186842182959,0.011864274079160353
28,bert,mpnet,0.5963828142834673,0.5965030188518243,0.00012020456835704074,0.629315036720025,0.6288959646547057,-0.00041907206531932584,0.5380923707727305,0.5410527915206306,0.002960420747900039
28,bert,minilm,0.6141702864646196,0.6259078539153231,0.011737567450703534,0.6152852507877258,0.6228932244965356,0.007607973708809834,0.586442627208602,0.5993512507648813,0.012908623556279308
28,bert,pubmedbert,0.7268171077453949,0.7286625209371455,0.0018454131917505778,0.7591880426313644,0.7500589185529338,-0.009129124078430584,0.7395573822488918,0.7169508299398784,-0.022606552309013428
28,bert,biobert,0.7729549084102094,0.7645001250772677,-0.008454783332941695,0.7675470484602387,0.7594447183172061,-0.008102330143032632,0.7682699973126792,0.7444363766470927,-0.023833620665586475
28,bert,simcse,0.7785801141311188,0.7755021047926157,-0.003078009338503107,0.8036904263617796,0.803378855557308,-0.0003115708044715282,0.810552282046379,0.8048796896376993,-0.0056725924086796775
28,mpnet,minilm,0.8449796086860326,0.8491959048352427,0.0042162961492100415,0.7640112491560779,0.7668888193901993,0.002877570234121385,0.8263350081843407,0.8313819399084557,0.005046931724114967
28,mpnet,pubmedbert,0.5325234716422089,0.5657308112132529,0.03320733957104394,0.635270646159435,0.6399701050095616,0.004699458850126681,0.4235022970602537,0.42572882223232217,0.00222652517206845
28,mpnet,biobert,0.6233819716225968,0.6397111835658923,0.016329211943295507,0.6521065536134012,0.6532656442947695,0.0011590906813683244,0.4688193442190494,0.48304856518662115,0.014229220967571732
28,mpnet,simcse,0.5229285298136451,0.5194386665709158,-0.003489863242729374,0.6118207418916575,0.6089184624183652,-0.0029022794732922463,0.4361553105898872,0.4378430430356076,0.0016877324457204024
28,minilm,pubmedbert,0.5180009237569493,0.5576757150184318,0.039674791261482545,0.6022234617484341,0.6122202182223679,0.009996756473933832,0.45237926336245016,0.45389129571372755,0.0015120323512773926
28,minilm,biobert,0.6047388970639107,0.6278155059805727,0.023076608916661967,0.6186693826485291,0.6256021076141596,0.006932724965630466,0.49770679846126803,0.5111721462104313,0.013465347749163248
28,minilm,simcse,0.5547668236579197,0.5580278848914796,0.0032610612335598477,0.6027373231576212,0.605532648295728,0.0027953251381067634,0.5036889795367224,0.5143014171497508,0.010612437613028325
28,pubmedbert,biobert,0.8573350717542372,0.8576917659015728,0.0003566941473356344,0.8409349279320929,0.8329321637510742,-0.008002764181018751,0.855093973317239,0.8338689590006705,-0.021225014316568536
28,pubmedbert,simcse,0.6218700716962744,0.6300591855588501,0.008189113862575703,0.6749395429779613,0.6718455501318374,-0.003093992846123883,0.5922970496117357,0.5735139456057893,-0.018783104005946405
28,biobert,simcse,0.6547443759990728,0.6513304341078384,-0.00341394189123434,0.6804158468040999,0.6764598039639337,-0.003956042840166263,0.6143652783029118,0.5938487058461189,-0.020516572456792836
29,specter,specter2,0.7866287340131911,0.7856960185471373,-0.0009327154660537795,0.744445015138541,0.7422090954837707,-0.002235919654770324,0.6823582121943963,0.6672556773466369,-0.015102534847759364
29,specter,scincl,0.8621641799836062,0.8605503533818504,-0.0016138266017557967,0.8093704001406962,0.8078173139257857,-0.0015530862149104596,0.7904436191631079,0.7881027098722564,-0.0023409092908515117
29,specter,scibert,0.6063197377652385,0.6779218121331824,0.07160207436794386,0.686465102589499,0.6950817822031818,0.008616679613682843,0.5123430345403557,0.5507435146813607,0.038400480141005056
29,specter,bert,0.6041712172623002,0.6177779860900132,0.013606768827713056,0.6456414746737082,0.6500722237090308,0.00443074903532259,0.5081888365064724,0.5301113121337776,0.021922475627305205
29,specter,mpnet,0.8323722748634685,0.8275913065949909,-0.004780968268477626,0.760860305854192,0.7562166467664243,-0.004643659087767649,0.7669515939243772,0.7619328702673281,-0.005018723657049029
29,specter,minilm,0.7873462918378626,0.7896258448030188,0.0022795529651561397,0.7049616564613922,0.7066360005178434,0.0016743440564511713,0.7227225780758063,0.723236732292592,0.0005141542167856894
29,specter,pubmedbert,0.5420949133625375,0.5961527595757968,0.054057846213259375,0.6663306273399051,0.6714606652028375,0.005130037862932424,0.44446263926515756,0.4790676863046702,0.03460504703951267
29,specter,biobert,0.6165040942478615,0.6369412713598807,0.0204371771120192,0.6666225353123741,0.6681262320822853,0.0015036967699111337,0.4743470651498675,0.49557115098592786,0.021224085836060336
29,specter,simcse,0.598279274288408,0.5912226931626714,-0.007056581125736594,0.6294252864006723,0.6261677865961568,-0.003257499804515507,0.42037521088593693,0.4198967741802393,-0.00047843670569763797
29,specter2,scincl,0.8449883062675095,0.8430587971368164,-0.001929509130693119,0.8233539111711335,0.8218664416941495,-0.0014874694769840824,0.7065457487633618,0.6906720009031814,-0.015873747860180476
29,specter2,scibert,0.5798088704728933,0.6488008316862833,0.06899196121339002,0.7012050612324098,0.7140129585188357,0.012807897286425951,0.4041961286259909,0.44192789718082015,0.03773176855482924
29,specter2,bert,0.5511646846903562,0.5619692787242475,0.010804594033891335,0.5994430675620606,0.6047566727539769,0.005313605191916371,0.37602836531507555,0.3751930730764838,-0.000835292238591745
29,specter2,mpnet,0.8054070664393189,0.8021823193439341,-0.0032247470953847834,0.7258894233218557,0.7225946961418158,-0.003294727180039869,0.6728030775545067,0.6552711253711718,-0.01753195218333492
29,specter2,minilm,0.756267362656765,0.757756719311345,0.001489356654580054,0.6777007466084296,0.6785977792052195,0.0008970325967898596,0.6261766531764424,0.6134300965160752,-0.01274655666036728
29,specter2,pubmedbert,0.5065580843034835,0.5564947470070175,0.04993666270353403,0.6347432233584266,0.6418631317252175,0.007119908366790884,0.328597545192996,0.355586770095966,0.02698922490297001
29,specter2,biobert,0.5758827344894508,0.5955506740456566,0.019667939556205827,0.6360513764078137,0.6391225772248317,0.0030712008170179494,0.3671583346783945,0.3777314158448263,0.010573081166431797
29,specter2,simcse,0.5374211183762676,0.5306802472139531,-0.006740871162314477,0.5889825549024877,0.5871351002919645,-0.0018474546105232692,0.29962457785256086,0.27325532074713743,-0.026369257105423427
29,scincl,scibert,0.5864340355632607,0.656211686514642,0.06977765095138133,0.6984466457180778,0.7088854465720912,0.010438800854013386,0.4777666305799171,0.5233115244437796,0.04554489386386251
29,scincl,bert,0.590124421797453,0.6040598433216612,0.013935421524208236,0.6336399897879336,0.6378971994144921,0.004257209626558511,0.4905743675934383,0.5120620935906548,0.02148772599721649
29,scincl,mpnet,0.843211367376866,0.8400260353840573,-0.003185331992808682,0.765108615689435,0.7614815067152955,-0.003627108974139537,0.8085239953883107,0.804059908690646,-0.0044640866976646265
29,scincl,minilm,0.790749589955303,0.7932558777012216,0.002506287745918656,0.7102497526516008,0.7122742333183768,0.002024480666775963,0.7470658025611701,0.747798220132997,0.0007324175718269599
29,scincl,pubmedbert,0.5153154231571215,0.5672054015692102,0.051889978412088644,0.6485013527025343,0.6533386932768467,0.004837340574312399,0.4071624133764068,0.43890116941425256,0.03173875603784576
29,scincl,biobert,0.5905170934470022,0.6100605789796215,0.01954348553261931,0.6496946126214606,0.6514090922449686,0.001714479623508014,0.44330860593427485,0.46871509738228645,0.025406491448011603
29,scincl,simcse,0.5747044745395098,0.5691949368369279,-0.00550953770258189,0.6176545869483073,0.6147638594258384,-0.0028907275224688833,0.4220998813192492,0.42067152018768117,-0.0014283611315680234
29,scibert,bert,0.7267982227515853,0.7494699923942537,0.02267176964266837,0.764254140701423,0.7607876363172639,-0.003466504384159075,0.7269477283913676,0.7220036089775069,-0.004944119413860637
29,scibert,mpnet,0.572647633272908,0.6406765241110106,0.0680288908381026,0.6395269518034438,0.6490591561717026,0.009532204368258856,0.4997236084018064,0.5336355112400898,0.03391190283828338
29,scibert,minilm,0.5664783606143077,0.6374827053866797,0.07100434477237205,0.6100392302466858,0.6253329543891244,0.01529372414243857,0.5052554211016388,0.5416186842940429,0.03636326319240413
29,scibert,pubmedbert,0.8583756839343734,0.8499717538609153,-0.008403930073458077,0.8493061351966243,0.8405122871112689,-0.008793848085355438,0.8562403335796045,0.8410648876421636,-0.015175445937440912
29,scibert,biobert,0.859987752345277,0.8534599894115836,-0.006527762933693393,0.8293929887311965,0.8221519476696459,-0.007241041061550546,0.8464322041405818,0.8378983236187448,-0.008533880521837012
29,scibert,simcse,0.6595343101042089,0.6857337839241202,0.02619947381991128,0.6876998264033154,0.6878882342140397,0.00018840781072426704,0.5609157149982923,0.5611181445062957,0.00020242950800342108
29,bert,mpnet,0.6146908779193775,0.6281170210060919,0.013426143086714415,0.6371438980268617,0.6414333849955676,0.004289486968705902,0.5890165944910403,0.6043721659279299,0.015355571436889592
29,bert,minilm,0.6234974748858414,0.6457921737821262,0.02229469889628477,0.6180585839703535,0.6302760032698009,0.012217419299447418,0.617586757362466,0.6431387520613465,0.025551994698880476
29,bert,pubmedbert,0.7095487202295762,0.7276138118604085,0.018065091630832364,0.7664005777455137,0.7630640327968622,-0.003336544948651543,0.7780617241751495,0.7532320381100815,-0.02482968606506797
29,bert,biobert,0.7659129908344589,0.7601010999386626,-0.005811890895796257,0.7734244566977534,0.7658003061041125,-0.007624150593640855,0.7899132254407836,0.759624254394061,-0.030288971046722568
29,bert,simcse,0.8064567634913533,0.8014530732609293,-0.005003690230424018,0.8077757544145211,0.8069994554403739,-0.0007762989741472159,0.8263815498874549,0.8148789794071931,-0.01150257048026182
29,mpnet,minilm,0.8681791173224607,0.8710387333414156,0.0028596160189549025,0.7769198476641532,0.7794197674499296,0.00249991978577635,0.8594178982580449,0.8601767663289378,0.0007588680708928708
29,mpnet,pubmedbert,0.5162957414640527,0.5678219715179542,0.051526230053901556,0.627204769251447,0.6336426279438704,0.006437858692423415,0.46629432059873593,0.4866948297227383,0.020400509124002375
29,mpnet,biobert,0.5962158125710694,0.6170682124496986,0.02085239987862919,0.6394651892600044,0.6415900100786194,0.002124820818614981,0.4928022155105087,0.5055675616329197,0.012765346122411037
29,mpnet,simcse,0.592782316041443,0.5853743179376912,-0.007407998103751812,0.6264358208365556,0.6234625724242543,-0.002973248412301288,0.5285520383143761,0.5182024581535088,-0.010349580160867289
29,minilm,pubmedbert,0.5097297477072853,0.5631705156256914,0.05344076791840613,0.594985837278028,0.6071101670233378,0.012124329745309748,0.47689633860424274,0.49960598929151495,0.02270965068727221
29,minilm,biobert,0.5843664498457785,0.6091665886828912,0.02480013883711274,0.6082938638802871,0.6163322316054799,0.008038367725192841,0.5031851676069652,0.5212236844675583,0.0180385168605931
29,minilm,simcse,0.6084961466083864,0.6092910997351427,0.0007949531267563703,0.6122203136357642,0.6161225998493929,0.0039022862136286474,0.5607501478553683,0.5600620908921569,-0.000688056963211392
29,pubmedbert,biobert,0.8580911125660199,0.8582931525494691,0.00020203998344925367,0.8439378894003287,0.8364939989600308,-0.007443890440297807,0.8650713852086761,0.8413667463394189,-0.023704638869257222
29,pubmedbert,simcse,0.6388063134277188,0.651398274657625,0.012591961229906246,0.6848127520930303,0.6815840907848932,-0.0032286613081370374,0.6343933590019797,0.6064732857656835,-0.027920073236296195
29,biobert,simcse,0.671387012630329,0.6622140292707422,-0.009172983359586717,0.6860943833300243,0.6806661349440463,-0.005428248385977996,0.6243007785112523,0.592731543199334,-0.03156923531191835
30,specter,specter2,0.7652904933984854,0.7611712804384445,-0.004119212960040919,0.7196221502811908,0.7168131512969254,-0.002808998984265454,0.6358622441576571,0.6252344884785827,-0.01062775567907448
30,specter,scincl,0.8304766418203773,0.8274680667005981,-0.0030085751197791444,0.7851556364402748,0.7824373973848926,-0.0027182390553821545,0.6999033147367587,0.7021104310532762,0.002207116316517488
30,specter,scibert,0.6211829724321118,0.6611439258755076,0.039960953443395786,0.6798183020945444,0.6839263099891411,0.004108007894596644,0.506371731773929,0.5207646780329134,0.014392946258984352
30,specter,bert,0.5814725463933107,0.583268999611494,0.001796453218183336,0.6290807870651804,0.6287551485841595,-0.00032563848102096227,0.47274908033537444,0.4787750587874379,0.006025978452063485
30,specter,mpnet,0.805681566122225,0.8016680699347994,-0.004013496187425525,0.729798082971384,0.725420720885988,-0.004377362085396075,0.7089833649534589,0.7091338742263344,0.00015050927287552085
30,specter,minilm,0.744998298930316,0.7477707689221943,0.0027724699918783013,0.6667053299834037,0.6686073454586491,0.0019020154752453777,0.6738440682646087,0.6767843137514614,0.0029402454868526773
30,specter,pubmedbert,0.5759393287644017,0.6031140396722882,0.02717471090788648,0.6605511330866378,0.6625339435189438,0.0019828104323059703,0.4679760279899403,0.47557539466293797,0.007599366672997654
30,specter,biobert,0.6206288869936079,0.6325704243605551,0.011941537366947252,0.6613320116879862,0.6628512684595979,0.0015192567716116878,0.4665337048133346,0.47006387328965815,0.0035301684763235364
30,specter,simcse,0.5537534327800221,0.5456705427798121,-0.008082890000210008,0.6027780609530154,0.5979403660219941,-0.004837694931021375,0.37264838931312005,0.3647420043028539,-0.007906385010266137
30,specter2,scincl,0.8151655580435512,0.8126391879582571,-0.002526370085294105,0.8028516182476642,0.8016203782698642,-0.0012312399777999472,0.6441284976323193,0.6349128825227803,-0.009215615109538944
30,specter2,scibert,0.5891495144025817,0.6335321335200933,0.044382619117511624,0.690669939433751,0.6993097008336893,0.008639761399938273,0.43321778834854363,0.4482398391960964,0.01502205084755276
30,specter2,bert,0.4699084002850017,0.4736522156518996,0.0037438153668978846,0.5691591895945173,0.5701169663216168,0.000957776727099513,0.3461730347804334,0.33640518960101035,-0.00976784517942303
30,specter2,mpnet,0.7646278304568787,0.7608701338017094,-0.0037576966551692292,0.6900922351014857,0.6863367450471005,-0.0037554900543851355,0.6563011807962521,0.6455284138393174,-0.010772766956934743
30,specter2,minilm,0.6902784708446124,0.6915122218258549,0.001233750981242565,0.6329159500202473,0.6337354763842755,0.0008195263640282668,0.603946705797865,0.5941827492394599,-0.009763956558405118
30,specter2,pubmedbert,0.5314815516996019,0.560102168192733,0.02862061649313108,0.6243807206058593,0.6287017754339801,0.0043210548281208405,0.37272153432180466,0.3798939931787345,0.007172458856929853
30,specter2,biobert,0.5657590151469025,0.5776701264865844,0.011911111339681923,0.6224222554428774,0.6244574942069052,0.0020352387640277803,0.3816682171381701,0.37587005523817696,-0.0057981618999931595
30,specter2,simcse,0.45365410134378753,0.44960223708721075,-0.004051864256576776,0.5515056129230322,0.5482377415586799,-0.0032678713643523594,0.2463483188348718,0.22315149596387931,-0.02319682287099248
30,scincl,scibert,0.5812870688035761,0.6242851193903842,0.04299805058680817,0.6941036727043826,0.7009251084046428,0.006821435700260281,0.4184081229125217,0.4365607547319005,0.01815263181937876
30,scincl,bert,0.5094571096075403,0.5152190579528703,0.005761948345329948,0.6105729706918644,0.611513838528565,0.0009408678367005541,0.37714332683335827,0.3899603634824035,0.01281703664904521
30,scincl,mpnet,0.8127373466259871,0.8080772218132376,-0.0046601248127494665,0.7275666747447989,0.7227470555804709,-0.004819619164327937,0.7408149271660374,0.7374862380752163,-0.0033286890908210687
30,scincl,minilm,0.7332188432790661,0.7346469766761252,0.0014281333970591614,0.663651550760425,0.6645795846465984,0.0009280338861733517,0.6524520417516272,0.6535565794938892,0.0011045377422620462
30,scincl,pubmedbert,0.5236788489526003,0.5531059679654384,0.02942711901283812,0.6433595061650227,0.6456437030618728,0.0022841968968501103,0.3487630688479091,0.35892562509481574,0.010162556246906651
30,scincl,biobert,0.5693082477285091,0.5833537208363672,0.014045473107858086,0.6432644052729617,0.6447450261183961,0.0014806208454344327,0.35718814535296917,0.3639142037422862,0.006726058389317058
30,scincl,simcse,0.48478412713093777,0.4792781050773972,-0.00550602205354056,0.5841483331606113,0.5792765287114926,-0.004871804449118722,0.33388620886871484,0.3304193446420486,-0.0034668642266662553
30,scibert,bert,0.6969148647939971,0.6997381574674438,0.00282329267344672,0.7563167162347207,0.748725688145858,-0.007591028088862695,0.7163880092819677,0.7071652077189113,-0.009222801563056326
30,scibert,mpnet,0.5616239344219902,0.6026832356136945,0.04105930119170431,0.6254919814542049,0.6315780701164166,0.006086088662211719,0.49281448469003813,0.5036731833531853,0.010858698663147204
30,scibert,minilm,0.5450072049283518,0.5869142326025224,0.04190702767417065,0.5913349022970129,0.60348451253688,0.012149610239867048,0.4998511840906297,0.510373319885435,0.01052213579480532
30,scibert,pubmedbert,0.8738357411496834,0.8721556262929914,-0.001680114856692061,0.84781320007066,0.8371402430507214,-0.010672957019938534,0.8656651138751614,0.8535327139988347,-0.01213239987632675
30,scibert,biobert,0.8551140860946221,0.8611940779965593,0.006079991901937198,0.8276382053608422,0.8205256265770944,-0.007112578783747825,0.853660163429653,0.847512308433783,-0.006147854995870006
30,scibert,simcse,0.6298685433763185,0.6395284323165116,0.009659888940193095,0.6758432127345034,0.6736839087836182,-0.0021593039508852607,0.5386596264281507,0.525067749039171,-0.013591877388979712
30,bert,mpnet,0.5586152194481457,0.5643382628652778,0.005723043417132034,0.6138225805372007,0.6144770046118186,0.0006544240746179097,0.553191371939981,0.5565766487079435,0.0033852767679625195
30,bert,minilm,0.5729898175521935,0.5865153734296564,0.013525555877462958,0.5941496786950302,0.6034213156936683,0.009271636998638089,0.6005392599598499,0.6135601501854008,0.013020890225550863
30,bert,pubmedbert,0.6995158625591523,0.6982442208920532,-0.0012716416670991437,0.7586122245542152,0.7492589765133258,-0.009353248040889328,0.7747572205833969,0.7391482664518684,-0.035608954131528536
30,bert,biobert,0.7314725096039352,0.7275369906285705,-0.003935518975364705,0.7639416412057463,0.7556507581446574,-0.008290883061088827,0.7996499073941241,0.7761994709619964,-0.02345043643212774
30,bert,simcse,0.7698876236268712,0.765543427839199,-0.0043441957876722,0.7926634013953653,0.7918518031086412,-0.0008115982867240579,0.8056340752480823,0.791466886315667,-0.014167188932415309
30,mpnet,minilm,0.8261451131332486,0.8283030202750991,0.0021579071418504903,0.739619894057695,0.7417213308427512,0.0021014367850561433,0.834337646816346,0.8354022003755045,0.0010645535591584654
30,mpnet,pubmedbert,0.5233976766932049,0.5518122931285504,0.028414616435345486,0.6142770344011964,0.6177167427326155,0.0034397083314190446,0.4784372272805898,0.4762118037295288,-0.0022254235510609788
30,mpnet,biobert,0.5688217000283149,0.5826126637171996,0.013790963688884661,0.625687591353642,0.6274306344307097,0.0017430430770676297,0.4872946773932351,0.4856821767202069,-0.0016125006730282054
30,mpnet,simcse,0.5306725420119504,0.5239468420203015,-0.006725699991648848,0.5918835800017302,0.5875527942967608,-0.004330785704969475,0.4926338575695855,0.4749470563958677,-0.017686801173717792
30,minilm,pubmedbert,0.506676732512508,0.5352021307432592,0.028525398230751176,0.5792551069085815,0.588868408754725,0.009613301846143507,0.5003461415908655,0.49822802393156684,-0.0021181176592987017
30,minilm,biobert,0.5498646900011981,0.5660794509001833,0.016214760898985214,0.5909011060612944,0.5985366998760391,0.007635593814744657,0.5090673014646692,0.511871551722178,0.0028042502575088557
30,minilm,simcse,0.562018082532358,0.5633389639694383,0.0013208814370803124,0.579640314988741,0.5831471146444803,0.003506799655739301,0.530905939934762,0.523845553641114,-0.007060386293648024
30,pubmedbert,biobert,0.866353310465033,0.8687589367369741,0.002405626271941075,0.841245156332342,0.8310520499874166,-0.010193106344925429,0.8808486357826237,0.8597707928744314,-0.021077842908192368
30,pubmedbert,simcse,0.6282062727919824,0.6271856216988692,-0.0010206510931132229,0.6737923958483936,0.6683292873962181,-0.005463108452175458,0.6136931728557331,0.573310487477276,-0.04038268537845713
30,biobert,simcse,0.633008996158871,0.6269564790860273,-0.0060525170728437105,0.6723150024660426,0.6673457369572596,-0.004969265508782961,0.6139255037103134,0.5842038273115091,-0.029721676398804298
31,specter,specter2,0.7319314898005184,0.7270458612839112,-0.004885628516607121,0.7098496599514786,0.707375290180472,-0.002474369771006679,0.5923495248153727,0.5865362313818404,-0.005813293433532318
31,specter,scincl,0.802660278416629,0.799712256539294,-0.0029480218773350053,0.7713240241971879,0.7695936443087158,-0.0017303798884721333,0.7170008920545039,0.7136757197571878,-0.0033251722973161035
31,specter,scibert,0.7096818643378683,0.7333911110869648,0.02370924674909647,0.6952373853245485,0.6977509787107656,0.00251359338621715,0.5383793969599447,0.5457386625623452,0.007359265602400411
31,specter,bert,0.6369155823688694,0.6416160731073447,0.004700490738475338,0.6408264349361,0.6409230549502277,9.662001412769072e-05,0.47323005238907523,0.4751444775688602,0.001914425179784962
31,specter,mpnet,0.7875262114144695,0.7828179443299625,-0.004708267084507001,0.7218882929510783,0.7191627534371565,-0.0027255395139217375,0.7071121286077761,0.7013010633522494,-0.0058110652555266595
31,specter,minilm,0.7270435540686737,0.7270715691582145,2.8015089540756044e-05,0.6699125032308821,0.6702896592223314,0.0003771559914492739,0.6397796397589516,0.6370056649990135,-0.002773974759938125
31,specter,pubmedbert,0.6233680150660118,0.6379380809588318,0.01457006589281995,0.6606851746330544,0.6618571504509322,0.0011719758178777573,0.4906181422015464,0.5000908201177278,0.009472677916181338
31,specter,biobert,0.6219364490733388,0.6303136820764276,0.008377233003088791,0.6517875426351137,0.6520435193368552,0.00025597670174148934,0.4682657496801611,0.47451243235178336,0.006246682671622261
31,specter,simcse,0.5448503524362377,0.5443397101892845,-0.0005106422469531857,0.6045546183671696,0.6027924606279205,-0.0017621577392491483,0.3886153576000355,0.3871803206434521,-0.0014350369565834242
31,specter2,scincl,0.7513611565963304,0.7475981959350917,-0.0037629606612387123,0.7771973486941481,0.7756739267249109,-0.0015234219692372708,0.577205188492511,0.5731334582838324,-0.00407173020867857
31,specter2,scibert,0.6809280623964072,0.7035162920288784,0.022588229632471202,0.721252684166301,0.7262180164172616,0.00496533225096063,0.47621494604203884,0.4847503582438736,0.008535412201834736
31,specter2,bert,0.6067147129634987,0.6109696880314024,0.004254975067903732,0.6155656212668293,0.6164386344285437,0.0008730131617143977,0.39447034908667533,0.3950038635185114,0.0005335144318360796
31,specter2,mpnet,0.7310983201505695,0.7255921577439313,-0.00550616240663826,0.6870928221685099,0.6845429611407325,-0.0025498610277773226,0.5672547094896371,0.5608807045422071,-0.006374004947430012
31,specter2,minilm,0.6716791101591137,0.6707808278255742,-0.0008982823335395018,0.6385627776965646,0.6388385634032645,0.0002757857066999492,0.4662697172971733,0.46250317073075786,-0.003766546566415452
31,specter2,pubmedbert,0.5748304897821727,0.5866967443539784,0.01186625457180579,0.6386615112564165,0.6407654604299272,0.002103949173510755,0.3603324875693325,0.36599384881348435,0.005661361244151841
31,specter2,biobert,0.5771131605839955,0.5850554224394809,0.00794226185548541,0.6290736608184166,0.6306059462603091,0.0015322854418924337,0.3464530506201314,0.34629645430974026,-0.00015659631039111055
31,specter2,simcse,0.5086272847742738,0.5077048577528857,-0.0009224270213881169,0.5785836117567986,0.5774333750691748,-0.001150236687623818,0.2848933176762326,0.28104963214562406,-0.0038436855306085427
31,scincl,scibert,0.6900727420260544,0.7141263440724875,0.024053602046433142,0.721457403070941,0.7252907967529515,0.003833393682010522,0.5048584506366447,0.5112516374071268,0.006393186770482062
31,scincl,bert,0.6048850742005547,0.6092006006362759,0.004315526435721195,0.633068495557961,0.6331332542094882,6.475865152721916e-05,0.46644075785010664,0.4689557979083883,0.002515040058281681
31,scincl,mpnet,0.7894666349978589,0.7854470217974553,-0.00401961320040356,0.7291540463202912,0.7263541803877113,-0.00279986593257997,0.7248331955910764,0.7201480291788708,-0.004685166412205621
31,scincl,minilm,0.7396444407393352,0.7402405387950799,0.000596098055744676,0.6798718794403777,0.6805959146140466,0.0007240351736688133,0.6588030017775044,0.6579860326119666,-0.0008169691655377509
31,scincl,pubmedbert,0.6054209610579536,0.6195431551082681,0.014122194050314452,0.6528933539395602,0.654093915105057,0.0012005611654968273,0.4355316035968296,0.44083157636057996,0.005299972763750382
31,scincl,biobert,0.608133976324125,0.6176537937805828,0.009519817456457802,0.6441501424005048,0.6449066242735118,0.00075648187300692,0.42903964261809874,0.43286942791117416,0.0038297852930754273
31,scincl,simcse,0.5323230372169773,0.5319098346082245,-0.0004132026087527718,0.5979058077209397,0.596276082382191,-0.001629725338748722,0.4059392141768487,0.4055249218723146,-0.00041429230453410293
31,scibert,bert,0.7585658080493708,0.7635276650052699,0.004961856955899124,0.7641057533435374,0.7602026212962543,-0.0039031320472830977,0.7441974808009916,0.7438290854170758,-0.0003683953839157539
31,scibert,mpnet,0.6745903338165069,0.6975508744469019,0.022960540630394988,0.6541812657491076,0.6575705418990452,0.003389276149937559,0.4940035704020052,0.5049635566029096,0.010959986200904381
31,scibert,minilm,0.6405863955701148,0.6640722294946443,0.02348583392452952,0.6216803336434628,0.6276102805940923,0.005929946950629539,0.451818228685546,0.4555355250033386,0.0037172963177926066
31,scibert,pubmedbert,0.8196187295675119,0.8180642693341368,-0.0015544602333751323,0.826753048691637,0.82142628569789,-0.005326762993747014,0.7863592321929008,0.7875351751703346,0.0011759429774337304
31,scibert,biobert,0.8032919348058435,0.7986724730418059,-0.004619461764037602,0.8059207372889537,0.8001557634403526,-0.005764973848601196,0.7783788584854455,0.7691033983962593,-0.009275460089186227
31,scibert,simcse,0.6178207068192968,0.6245156135736586,0.006694906754361796,0.6735969834669294,0.6720369137416298,-0.001560069725299651,0.5368890793287237,0.5474398508556015,0.010550771526877889
31,bert,mpnet,0.6126155102717686,0.617582037256039,0.0049665269842703585,0.6259910633450533,0.6266379885440237,0.0006469251989704716,0.49434742027486644,0.4991547695968853,0.004807349322018872
31,bert,minilm,0.6060379001451139,0.6135845046610858,0.007546604515971889,0.6056502632472193,0.6096267905405223,0.0039765272933030005,0.49511970372929737,0.4918387518520958,-0.0032809518772015656
31,bert,pubmedbert,0.796883840530162,0.7990839024583549,0.002200061928192887,0.7803445177456602,0.7768488868310114,-0.003495630914648773,0.7617102488302779,0.7528052364520121,-0.008905012378265798
31,bert,biobert,0.8191096856182071,0.8163206808169204,-0.002789004801286632,0.7863048571687653,0.7819820747115029,-0.004322782457262364,0.8033199404787966,0.7918157722990387,-0.011504168179757968
31,bert,simcse,0.7711022234972214,0.7714664949619583,0.0003642714647369427,0.8019777465019788,0.8015332752948313,-0.0004444712071475232,0.782397961318491,0.785967754312418,0.0035697929939270123
31,mpnet,minilm,0.8359336909500248,0.8401823032487639,0.004248612298739074,0.7616955956648982,0.7637752380696179,0.002079642404719695,0.8168531723916294,0.8200337859475799,0.003180613555950562
31,mpnet,pubmedbert,0.5966467851738958,0.6122176539457879,0.015570868771892066,0.6267109024316002,0.628753668465081,0.0020427660334807474,0.4899278579903211,0.5033998053179979,0.013471947327676759
31,mpnet,biobert,0.5989430147190969,0.609191352774195,0.01024833805509806,0.6248555060151945,0.6264892944961651,0.0016337884809706216,0.48065474030713606,0.4919903516264756,0.011335611319339522
31,mpnet,simcse,0.5469794451479837,0.547691391226465,0.0007119460784813514,0.6086308406725268,0.6077872548273713,-0.0008435858451555367,0.46230076447275303,0.4635945368274873,0.0012937723547342683
31,minilm,pubmedbert,0.5849762177544363,0.6008304638888076,0.015854246134371253,0.5999717476168729,0.6049242588438346,0.00495251122696172,0.507584513032459,0.5131012029992521,0.005516689966793109
31,minilm,biobert,0.5915326981977588,0.601907931553957,0.010375233356198277,0.5990107878411864,0.6029751731135868,0.003964385272400395,0.5025889307649742,0.5099817579494557,0.007392827184481421
31,minilm,simcse,0.5664263999468184,0.5687811303905734,0.0023547304437550043,0.5939018650182536,0.5957653915776577,0.0018635265594041384,0.4881328762703307,0.48020735863101804,-0.007925517639312651
31,pubmedbert,biobert,0.88448185258976,0.8841667062785856,-0.00031514631117435243,0.8380986403571531,0.8329568515202983,-0.005141788836854788,0.8833876269859636,0.8782936920927351,-0.005093934893228513
31,pubmedbert,simcse,0.6384821299432457,0.6431463991058372,0.004664269162591439,0.6781438264127095,0.6759524067634419,-0.002191419649267612,0.5827368775458399,0.5778637243561601,-0.004873153189679846
31,biobert,simcse,0.6530927255219118,0.6546450826572451,0.0015523571353333043,0.6803258096465592,0.6777758139864817,-0.0025499956600775198,0.6098587277031451,0.6092217494060552,-0.000636978297089863
32,specter,specter2,0.7448541736637104,0.7438150141161666,-0.0010391595475438553,0.7427856305423587,0.7423679272877789,-0.0004177032545797932,0.673096028930743,0.6717805973979555,-0.0013154315327875699
32,specter,scincl,0.770573240037626,0.7688601397856476,-0.00171310025197835,0.7764699193682155,0.775578180549421,-0.000891738818794563,0.7063527947898802,0.7054272369430676,-0.0009255578468125858
32,specter,scibert,0.4853744089092317,0.5058252411271792,0.020450832217947468,0.6442650346995218,0.6477718059871305,0.0035067712876086787,0.355749806728374,0.36238137021895117,0.006631563490577197
32,specter,bert,0.46812073169645213,0.46933278607711987,0.0012120543806677375,0.6202578248088817,0.6206570193512669,0.00039919454238523944,0.3498017149530065,0.35105046757062314,0.0012487526176166441
32,specter,mpnet,0.7492553423865329,0.7463027059756905,-0.002952636410842424,0.7227788296057942,0.7210043274152228,-0.0017745021905714031,0.6865802201554504,0.6854859918832164,-0.0010942282722340435
32,specter,minilm,0.717222474635515,0.7185468132828022,0.0013243386472872043,0.6853844406015627,0.6862590960003625,0.0008746553987998285,0.6700619956481586,0.670870156962175,0.0008081613140163979
32,specter,pubmedbert,0.401659169250162,0.4144593446914571,0.012800175441295136,0.6178333554820603,0.6217091839857111,0.003875828503650758,0.32042273034755653,0.3216786243631969,0.0012558940156403575
32,specter,biobert,0.4621372970992281,0.4748697423485857,0.012732445249357627,0.6200414418625542,0.6229945715741247,0.002953129711570579,0.33093646491834067,0.3326881825897198,0.0017517176713791605
32,specter,simcse,0.48321626519399474,0.48114590944556257,-0.0020703557484321733,0.6176524136742041,0.6157704388979476,-0.001881974776256512,0.3233127326997817,0.32642469676656266,0.0031119640667809367
32,specter2,scincl,0.811774678493339,0.8112134889111506,-0.000561189582188315,0.821921652405471,0.8217771620911342,-0.00014449031433683146,0.7351117622222797,0.7354617522311512,0.00034999000887148135
32,specter2,scibert,0.5295308765698075,0.5576627446600535,0.028131868090246037,0.6940359619984704,0.701671269464628,0.007635307466157593,0.3216494202706206,0.34404329663760813,0.02239387636698753
32,specter2,bert,0.49081732556127206,0.4943895291648661,0.0035722036035940596,0.6157731505981239,0.6175036919362072,0.001730541338083369,0.24541000917602482,0.24628684299671685,0.0008768338206920356
32,specter2,mpnet,0.7604490407589767,0.7585432271311818,-0.00190581362779485,0.718871307018517,0.7175297845776281,-0.0013415224408889204,0.6953396622763531,0.6906435162616118,-0.004696146014741331
32,specter2,minilm,0.7212429673512217,0.7223528820724866,0.0011099147212648708,0.681482108194846,0.6822786591954175,0.0007965510005715215,0.6235030784582615,0.6192795445606971,-0.004223533897564358
32,specter2,pubmedbert,0.43894094937329714,0.4553388277862955,0.016397878412998335,0.621108111094012,0.6267155150376025,0.005607403943590494,0.2618469494856174,0.2700792158731991,0.008232266387581733
32,specter2,biobert,0.5002591555601074,0.5169335652518396,0.016674409691732284,0.6234536438415194,0.6277164926748919,0.004262848833372579,0.2580004943295014,0.26500503364451233,0.007004539315010938
32,specter2,simcse,0.49623683470956886,0.49543249510720017,-0.0008043396023686977,0.6113003340143092,0.6103240014116562,-0.0009763326026529517,0.24353329302583585,0.2441362007428419,0.0006029077170060515
32,scincl,scibert,0.49744406912530525,0.5236885691887888,0.026244500063483556,0.66145721726559,0.6671801850227712,0.005722967757181174,0.3018838931867106,0.3188688769866728,0.016984983799962217
32,scincl,bert,0.4759456595908873,0.4799492089934323,0.0040035494025449925,0.6130537126479972,0.6141374287044543,0.0010837160564570736,0.25986948228767237,0.2668621201991537,0.006992637911481303
32,scincl,mpnet,0.7709572960002091,0.7682524058566739,-0.0027048901435352546,0.7364705920403004,0.7342353932470196,-0.0022351987932808237,0.7238878543897208,0.7205490519643695,-0.0033388024253513393
32,scincl,minilm,0.736654392583405,0.7383798925226274,0.0017254999392223302,0.6973990142312559,0.6983117657043866,0.0009127514731306352,0.6651614657079092,0.6650511732021285,-0.00011029250578076244
32,scincl,pubmedbert,0.4247654574538525,0.4401856516252511,0.01542019417139856,0.6103585644385542,0.6145630666854468,0.004204502246892616,0.26314730842886735,0.2725658060524134,0.009418497623546018
32,scincl,biobert,0.47773765849250494,0.49271755513506443,0.014979896642559498,0.6108026659748815,0.6138253937349157,0.003022727760034205,0.2542671091136682,0.26291942329979817,0.008652314186129995
32,scincl,simcse,0.49126131324642924,0.4899516003401617,-0.001309712906267524,0.6121742632914514,0.6105739154930674,-0.0016003477983840275,0.2685358885583398,0.27437390971543596,0.0058380211570961404
32,scibert,bert,0.7583762855678442,0.7590868058449783,0.0007105202771341412,0.7804175200630645,0.7749929399827339,-0.005424580080330643,0.715156666358888,0.7137709687284297,-0.0013856976304582602
32,scibert,mpnet,0.4868413406837576,0.5088557996759173,0.022014458992159702,0.6155009506100234,0.6205552911629703,0.0050543405529468455,0.3863790920699466,0.40935897346689815,0.022979881396951563
32,scibert,minilm,0.5019378899658392,0.5244811628736101,0.022543272907770917,0.5999912525861351,0.6072603920663586,0.007269139480223563,0.4109708834789271,0.4331902948574758,0.022219411378548715
32,scibert,pubmedbert,0.8266721244735852,0.8262166861517372,-0.0004554383218480229,0.838875086160601,0.8338324550458897,-0.005042631114711371,0.83852574440332,0.8306499472461263,-0.007875797157193665
32,scibert,biobert,0.8385848686275335,0.8358306560083429,-0.0027542126191905103,0.8205513114760872,0.8142661880655787,-0.006285123410508464,0.8288580831051467,0.8195545954888884,-0.009303487616258321
32,scibert,simcse,0.6373390333321169,0.6429479068823298,0.0056088735502128895,0.6878591040489477,0.6869992516989777,-0.0008598523499699917,0.5200148678290349,0.5386914016602268,0.018676533831191833
32,bert,mpnet,0.4915835751977151,0.49409031634826284,0.00250674115054772,0.6276890978282141,0.6293746191587414,0.0016855213305272398,0.40687800590119605,0.4173850450134625,0.01050703911226647
32,bert,minilm,0.5265420196150533,0.5339332340313925,0.007391214416339165,0.619189027383661,0.6246475783768982,0.005458550993237221,0.4867477934778697,0.5005349484798355,0.013787155001965812
32,bert,pubmedbert,0.7489265147005147,0.7519761899028377,0.00304967520232291,0.7827439092484784,0.7796166878747555,-0.0031272213737228993,0.7852288806685734,0.7819546030038886,-0.0032742776646847993
32,bert,biobert,0.7798609856347388,0.7772566190273499,-0.0026043666073889415,0.7864358697242166,0.7815645417914047,-0.004871327932811975,0.8194873840317176,0.8131025609387562,-0.0063848230929614
32,bert,simcse,0.805230715654057,0.8084560581199981,0.0032253424659410834,0.8078713906620902,0.8084278672526576,0.0005564765905673452,0.8065292223018226,0.8133520732778813,0.006822850976058725
32,mpnet,minilm,0.8238766198426506,0.8268252833227193,0.002948663480068725,0.7686500495264484,0.770416353899651,0.0017663043732025763,0.8139722563359326,0.8160487246426185,0.0020764683066858414
32,mpnet,pubmedbert,0.417204097710832,0.4303604923247727,0.013156394613940692,0.5982858258509797,0.6029450381174215,0.004659212266441837,0.36142088127355243,0.3765905588529752,0.01516967757942278
32,mpnet,biobert,0.4801750276996964,0.49349904359192376,0.01332401589222737,0.6088481383335925,0.61255523637653,0.003707098042937451,0.3782397463955986,0.39111185120827685,0.012872104812678253
32,mpnet,simcse,0.5107699948823524,0.5100240665885267,-0.0007459282938256928,0.6310331943816432,0.6303990896384639,-0.0006341047431792646,0.4254681377446703,0.4325204632663014,0.007052325521631098
32,minilm,pubmedbert,0.4341927789370758,0.4490779747888433,0.014885195851767508,0.580284081627956,0.5875768564824441,0.007292774854488093,0.40615171985837867,0.4199749209449372,0.013823201086558545
32,minilm,biobert,0.4938843366831646,0.5095829914457557,0.01569865476259108,0.5926778018106342,0.598915144900501,0.006237343089866787,0.4300470986846178,0.4429818793684556,0.012934780683837799
32,minilm,simcse,0.5557559686360449,0.5577271903502805,0.0019712217142355826,0.6252117147895402,0.627463756001823,0.0022520412122828404,0.5198609772036502,0.5282802139327007,0.008419236729050539
32,pubmedbert,biobert,0.8609485727175344,0.860642416899321,-0.0003061558182134716,0.8417597809412279,0.836637073456548,-0.0051227074846799114,0.8674151085820405,0.8616552989701407,-0.005759809611899813
32,pubmedbert,simcse,0.6112675998274711,0.6154950566067082,0.004227456779237082,0.6828484054374107,0.682655836396645,-0.00019256904076569992,0.6010896659307244,0.6087867057534665,0.007697039822742058
32,biobert,simcse,0.6418997746692627,0.6450306361320413,0.0031308614627785225,0.6873166404867778,0.6860138809004012,-0.0013027595863766006,0.6331197419748,0.6364889794842221,0.003369237509422085
33,specter,specter2,0.6666531817302723,0.668469860043026,0.0018166783127536723,0.7023654756578468,0.703354718406191,0.0009892427483442212,0.5717568513028903,0.5747016443727545,0.002944793069864171
33,specter,scincl,0.7765303609337472,0.7773802413636853,0.0008498804299381657,0.768803548911134,0.7689342322821129,0.00013068337097887905,0.7340556136731412,0.7357186755302962,0.0016630618571550349
33,specter,scibert,0.4815527361310828,0.49634464744219525,0.01479191131111246,0.6271751959651095,0.629995683438769,0.002820487473659483,0.366756896790391,0.3678125196240316,0.0010556228336406348
33,specter,bert,0.48222355890203816,0.4843218885489459,0.0020983296469077595,0.6169826174771472,0.6171848764173161,0.0002022589401688979,0.2936285240390717,0.29167927589419945,-0.0019492481448722399
33,specter,mpnet,0.6743205806450893,0.6720802431896201,-0.0022403374554691435,0.6858935077474632,0.6840420281189094,-0.0018514796285538093,0.5934351617625846,0.5884010493205002,-0.005034112442084404
33,specter,minilm,0.6603906778661602,0.6619783279485413,0.0015876500823810424,0.6541509838198979,0.6552713571501803,0.0011203733302823649,0.5833787944909464,0.5828336564120863,-0.0005451380788601412
33,specter,pubmedbert,0.4354656593356998,0.4450484349875671,0.00958277565186727,0.6083822068233395,0.6099765337209658,0.0015943268976262859,0.36628521191621405,0.3657251437673109,-0.0005600681489031367
33,specter,biobert,0.47223668884331477,0.48182519418337644,0.00958850534006167,0.6035575295734158,0.6042035532647256,0.0006460236913098383,0.32675063332137727,0.32687024639217666,0.00011961307079938477
33,specter,simcse,0.5164250274484203,0.5144680274812423,-0.001956999967178019,0.6171674471174592,0.6158547069781306,-0.0013127401393285831,0.29217599186543997,0.28592381494131053,-0.006252176924129438
33,specter2,scincl,0.7527140388857287,0.7544735047453781,0.0017594658596493673,0.7877775823510274,0.7895110802904325,0.0017334979394051375,0.6558839185502106,0.6578975171062447,0.002013598556034113
33,specter2,scibert,0.5636941775536463,0.5845298328600054,0.020835655306359113,0.6778642431537691,0.6846657768257144,0.006801533671945248,0.3380932341592338,0.34770940896077324,0.009616174801539423
33,specter2,bert,0.5265597614645044,0.5284387861562163,0.0018790246917118614,0.6182767044327625,0.619523887453139,0.0012471830203765188,0.2481450830273618,0.24959431478548533,0.0014492317581235314
33,specter2,mpnet,0.7012169529911569,0.7000072081433871,-0.0012097448477698114,0.6902478292949464,0.6896019840804436,-0.0006458452145028382,0.6240690153076789,0.6200738405556823,-0.003995174751996622
33,specter2,minilm,0.6630472594765544,0.6657540008056492,0.002706741329094764,0.6552359562260482,0.6568877177171651,0.0016517614911168987,0.5757884516739701,0.5758331634625837,4.471178861364944e-05
33,specter2,pubmedbert,0.47056650564972186,0.48178541176711065,0.011218906117388794,0.6081907361155556,0.6114849816638981,0.003294245548342456,0.304179019498446,0.3079351532898376,0.0037561337913916137
33,specter2,biobert,0.511104743589701,0.521648778917394,0.010544035327692991,0.6062518910044901,0.608016873500494,0.0017649824960039862,0.2698549851266375,0.2725888791259719,0.0027338939993343803
33,specter2,simcse,0.517998906888604,0.5165608789025129,-0.0014380279860910505,0.6118683574573585,0.6117108397789093,-0.00015751767844918163,0.3068215858340521,0.30388595626421333,-0.0029356295698387824
33,scincl,scibert,0.5194649219762688,0.5348612603552172,0.015396338378948382,0.6534416004416074,0.6569738120036241,0.0035322115620167738,0.3463428992643575,0.34918784583146895,0.0028449465671114282
33,scincl,bert,0.5064040079832053,0.505469932319498,-0.00093407566370729,0.6155091286743763,0.6144694746756584,-0.001039653998717971,0.21542556216456366,0.2122151157595377,-0.003210446405025963
33,scincl,mpnet,0.6973093272399787,0.6939843919837936,-0.0033249352561851575,0.6954857249139612,0.6931191641894007,-0.0023665607245605402,0.592613949043034,0.5876033796815109,-0.0050105693615231095
33,scincl,minilm,0.6811399528584929,0.6829580046971797,0.0018180518386867739,0.6640588827906584,0.6647296681538717,0.0006707853632132998,0.5657929130564826,0.5669138835462854,0.0011209704898027528
33,scincl,pubmedbert,0.47405333300435853,0.4811113664318117,0.0070580334274531475,0.6064144112463319,0.606925142427866,0.0005107311815341076,0.3328500407786267,0.3283825277059591,-0.004467513072667573
33,scincl,biobert,0.504701629141479,0.5110927884192205,0.006391159277741476,0.6014703245263945,0.600920805869964,-0.0005495186564304921,0.2832418315636033,0.2830319265670814,-0.00020990499652184802
33,scincl,simcse,0.5289975494712985,0.5252136954905968,-0.00378385398070169,0.6138600724517338,0.6120023395220172,-0.0018577329297165823,0.2244251337615609,0.2164763031446904,-0.00794883061687049
33,scibert,bert,0.7821262580147834,0.7862371594738407,0.004110901459057237,0.7864919809618502,0.7832124542817215,-0.0032795266801287637,0.7327462099203624,0.7361085613017718,0.0033623513814093897
33,scibert,mpnet,0.5344786868819983,0.5508072994266785,0.01632861254468021,0.6119370000871917,0.6152200243231608,0.0032830242359691564,0.4467608780379021,0.46394784429337055,0.01718696625546845
33,scibert,minilm,0.507185003080117,0.5244409160829889,0.01725591300287188,0.5923942918941416,0.598447426749788,0.006053134855646403,0.43537273956093275,0.44959516971648766,0.01422243015555491
33,scibert,pubmedbert,0.8077215021405161,0.80832828496215,0.0006067828216339555,0.8309066690086965,0.8263262109491698,-0.004580458059526671,0.8282800550091973,0.8287831470094582,0.0005030920002608852
33,scibert,biobert,0.8180666243853806,0.8130087626781889,-0.005057861707191691,0.8120302791407521,0.8057362524154701,-0.006294026725282009,0.8219782977689435,0.8153843497289593,-0.006593948039984143
33,scibert,simcse,0.6445577390129364,0.6506703198190595,0.006112580806123091,0.6924258121335889,0.6918592082659237,-0.0005666038676651608,0.5127567155138909,0.5316494959636224,0.018892780449731528
33,bert,mpnet,0.5606872677105719,0.5623246112472257,0.0016373435366537903,0.6530245390326685,0.6544391635213703,0.0014146244887017767,0.4286002445000004,0.4372041665410123,0.008603922041011902
33,bert,minilm,0.537395137463484,0.544191692545606,0.006796555082121958,0.6254763118747204,0.6301608710135463,0.004684559138825928,0.43088469643971367,0.44250505630726306,0.01162035986754939
33,bert,pubmedbert,0.7357784346200847,0.7418514684860266,0.006073033865941824,0.7814275359989531,0.7794357110702,-0.00199182492875305,0.7706629683561509,0.7651036991492629,-0.0055592692068879845
33,bert,biobert,0.7693458944027969,0.7684554406213062,-0.0008904537814906632,0.7865443839314643,0.7823977238006444,-0.004146660130819879,0.8108414774885963,0.803223354059558,-0.007618123429038226
33,bert,simcse,0.7742909321464342,0.7756427134181848,0.0013517812717506184,0.811009262028367,0.8110114953317598,2.2333033927735e-06,0.7323871955979668,0.7388949649552368,0.0065077693572699324
33,mpnet,minilm,0.8008183379113323,0.8039669736958088,0.00314863578447655,0.7553629404891689,0.7569962943993733,0.0016333539102044714,0.7843841800909565,0.7863384034598505,0.001954223368894059
33,mpnet,pubmedbert,0.4589821911400447,0.46746533156269054,0.008483140422645863,0.5947614532809267,0.5965324754813636,0.0017710222004369003,0.4220454750621165,0.43141087388552923,0.009365398823412752
33,mpnet,biobert,0.5068905180081522,0.5151385448809062,0.008248026872753944,0.6029461922639482,0.6038788795901235,0.0009326873261753521,0.42132061901280315,0.43146689198267013,0.010146272969866976
33,mpnet,simcse,0.5605501956698629,0.5583731738360237,-0.0021770218338391656,0.6537379273516203,0.6532665906746443,-0.00047133667697596415,0.4778709554676747,0.4784253794750635,0.0005544240073887541
33,minilm,pubmedbert,0.44657304423096184,0.4579812230155726,0.011408178784610756,0.5756425519428081,0.5803623864725477,0.004719834529739564,0.41880192142800593,0.42892307473480795,0.010121153306802022
33,minilm,biobert,0.4919845422011892,0.5032646002783413,0.0112800580771521,0.5844779939216956,0.5882477990541991,0.0037698051325034676,0.42246822850367094,0.433062900220157,0.010594671716486037
33,minilm,simcse,0.5742199441082168,0.5765066001295502,0.0022866560213334886,0.6337871852744604,0.6361209458227838,0.0023337605483233492,0.5071343343168376,0.5107541030823831,0.0036197687655454835
33,pubmedbert,biobert,0.8398976736945049,0.8389566612345283,-0.0009410124599765757,0.8294364148256878,0.8241907236352277,-0.005245691190460033,0.8529973835244972,0.8478823831442089,-0.005115000380288226
33,pubmedbert,simcse,0.6022023704043896,0.6085366800502072,0.006334309645817604,0.6837053180402489,0.6830038284631147,-0.0007014895771342289,0.5362020650020028,0.5421309829103245,0.005928917908321618
33,biobert,simcse,0.6362517644415426,0.6376091765937403,0.0013574121521976457,0.6888300938569161,0.6864995232642342,-0.0023305705926818243,0.5725019689382529,0.5738505643911274,0.0013485954528744681
34,specter,specter2,0.774797164237999,0.7698190898776114,-0.004978074360387663,0.7390998060575095,0.7358525771591412,-0.0032472288983682596,0.6414080827935208,0.6305097356232742,-0.010898347170246625
34,specter,scincl,0.8285583557825296,0.8266978489270813,-0.0018605068554482518,0.7958839823870444,0.794097479939939,-0.0017865024471054314,0.7487052759297644,0.7487846928224575,7.941689269308494e-05
34,specter,scibert,0.540408554295504,0.625459997198817,0.0850514429033129,0.6745545597415229,0.6841771356201306,0.009622575878607709,0.4552092812815239,0.48335193044338337,0.02814264916185949
34,specter,bert,0.56553953777855,0.5865739051838341,0.021034367405284082,0.6361848654033853,0.6396645767540197,0.003479711350634407,0.4078843709907125,0.42141016702852596,0.013525796037813453
34,specter,mpnet,0.7985480037941748,0.7927480119215299,-0.005799991872644905,0.751982188614078,0.7472107721277076,-0.004771416486370361,0.7372021744960038,0.73438796342097,-0.002814211075033768
34,specter,minilm,0.743906127946524,0.7453755869041966,0.001469458957672587,0.693798462724644,0.6950096645903681,0.0012112018657240986,0.6797434216138606,0.6821849998979639,0.0024415782841032962
34,specter,pubmedbert,0.4715959675206229,0.5417640731853582,0.07016810566473536,0.655569847098085,0.6637005586721602,0.008130711574075189,0.4119495010313769,0.4365457058123648,0.024596204780987896
34,specter,biobert,0.5683487046587378,0.6090316234839412,0.04068291882520347,0.6633173718417619,0.6665180912366856,0.0032007193949237234,0.41721823380054335,0.42766711578416716,0.010448881983623814
34,specter,simcse,0.5117270971815572,0.5071466529377052,-0.0045804442438519555,0.6077448305070523,0.6040342053091223,-0.003710625197929973,0.31472612700231545,0.30827650260869116,-0.006449624393624287
34,specter2,scincl,0.8380164743057817,0.8356050612121314,-0.0024114130936503386,0.8184619824147734,0.8170202096260999,-0.0014417727886735232,0.6548064628820163,0.645346775559871,-0.009459687322145305
34,specter2,scibert,0.5215485820589038,0.6099626462239854,0.08841406416508168,0.6953933136939466,0.710527911181373,0.015134597487426404,0.33059263324497973,0.38116235400940673,0.050569720764427006
34,specter2,bert,0.48430855812719203,0.505677623405075,0.021369065277883015,0.5930622676451952,0.5982505590732836,0.00518829142808841,0.21727168497168076,0.22323670467309184,0.005965019701411084
34,specter2,mpnet,0.7875681120027503,0.7825397272751471,-0.005028384727603252,0.7201381739736554,0.7158551362459474,-0.0042830377277079945,0.6356576559186391,0.6224518472946268,-0.013205808624012327
34,specter2,minilm,0.7377937695379949,0.7391756894483988,0.0013819199104039281,0.6720031474795721,0.6729859571439566,0.0009828096643844653,0.5723763967349461,0.5593499558058735,-0.013026440929072569
34,specter2,pubmedbert,0.4360455134738655,0.5061944739099612,0.0701489604360957,0.628009560313794,0.6389946454253745,0.010985085111580584,0.2608826049102058,0.29572360955230803,0.034841004642102213
34,specter2,biobert,0.5232385006552408,0.5648575552607025,0.04161905460546167,0.635351640222577,0.6408665827573506,0.0055149425347736925,0.28182188879355513,0.29418278839695705,0.01236089960340192
34,specter2,simcse,0.4372454243094296,0.4357273900732494,-0.001518034236180188,0.5715159079486556,0.5693679455186946,-0.002147962429960959,0.13440376443750954,0.11597356657843334,-0.018430197859076194
34,scincl,scibert,0.5200892563089206,0.6067354465829393,0.08664619027401876,0.6870089960910302,0.7000173361870567,0.013008340096026583,0.3693723235479294,0.40537136640392835,0.03599904285599892
34,scincl,bert,0.531118276386653,0.5538129234162233,0.02269464702957036,0.6206720376192935,0.6253611698221682,0.004689132202874702,0.3546865862072165,0.3770382667655949,0.022351680558378384
34,scincl,mpnet,0.8173569306009499,0.8130435602382815,-0.004313370362668434,0.7592135384687828,0.7547222269362148,-0.0044913115325679875,0.7761773458329463,0.7705967575744906,-0.005580588258455643
34,scincl,minilm,0.7624128901357022,0.7645831954036632,0.0021703052679609147,0.7026926626205026,0.7038775044923087,0.0011848418718061193,0.7144991693082469,0.7154157584990393,0.0009165891907924051
34,scincl,pubmedbert,0.44252976034621444,0.5098630560526219,0.0673332957064075,0.6360430234596524,0.644417733884644,0.008374710424991605,0.32307214895768127,0.35304821313511947,0.0299760641774382
34,scincl,biobert,0.5376567759299979,0.5788794245821107,0.04122264865211278,0.6444896429699414,0.6489091059627675,0.00441946299282614,0.333425226889064,0.3509267700253176,0.017501543136253572
34,scincl,simcse,0.4793525547403396,0.4752529361251558,-0.00409961861518382,0.5935136270311633,0.5898160241516087,-0.0036976028795545623,0.2849815493234533,0.2839331307003317,-0.0010484186231216053
34,scibert,bert,0.7069551330591836,0.7095656745290513,0.002610541469867722,0.7613966233156474,0.7525674194630084,-0.008829203852638967,0.7081059932147619,0.6734065653605191,-0.03469942785424274
34,scibert,mpnet,0.48162383758356136,0.563832300863271,0.0822084632797096,0.6239896224154468,0.6353154326495307,0.011325810234083966,0.3907217801913053,0.42378208042095733,0.03306030022965201
34,scibert,minilm,0.4773862157569541,0.5638417334910004,0.0864555177340463,0.5939819171291773,0.612429436563434,0.01844751943425671,0.3958528070066325,0.43091609691329036,0.03506328990665786
34,scibert,pubmedbert,0.8483744961772842,0.8371726446493564,-0.011201851527927853,0.8449174707035475,0.8335779193431266,-0.011339551360420863,0.8499085970872735,0.8263123323902754,-0.02359626469699816
34,scibert,biobert,0.8504652295374171,0.8386054319870399,-0.011859797550377249,0.8247193532131445,0.8146743617975376,-0.010044991415606885,0.8397266534078172,0.8069236302463082,-0.03280302316150896
34,scibert,simcse,0.5918472691756792,0.6198002470494389,0.02795297787375972,0.672863895689171,0.6720690118739164,-0.00079488381525461,0.5263440583023573,0.48611893274729806,-0.04022512555505925
34,bert,mpnet,0.5223413002149491,0.5441398318450645,0.02179853163011547,0.6251857752892775,0.6305798513751008,0.005394076085823207,0.4157102743542763,0.4319962132724917,0.016285938918215392
34,bert,minilm,0.5534188384230792,0.5866495442520359,0.03323070582895671,0.6113284535465475,0.6260032961120119,0.014674842565464363,0.47288536262871117,0.5050202018110469,0.03213483918233573
34,bert,pubmedbert,0.6924614233258932,0.6921530835345607,-0.00030833979133249034,0.7613566731381567,0.7508057779580491,-0.010550895180107545,0.7685820200144553,0.7248177370905386,-0.04376428292391665
34,bert,biobert,0.7410980078415146,0.7240526069976411,-0.017045400843873515,0.7670191516146087,0.7554884479253589,-0.0115307036892498,0.7662359641335902,0.7290045008175107,-0.037231463316079516
34,bert,simcse,0.780833185156375,0.7737636603903941,-0.0070695247659808835,0.7982589096834541,0.7974740355715213,-0.0007848741119328428,0.8137043478587606,0.7890380360340921,-0.024666311824668496
34,mpnet,minilm,0.8528407667551632,0.8561300283083287,0.0032892615531655567,0.7752545608158881,0.7774651660364749,0.002210605220586803,0.8328555577201358,0.8353682455069223,0.0025126877867865938
34,mpnet,pubmedbert,0.4236181337071706,0.4893521775240532,0.06573404381688258,0.6138186190614664,0.6235051282112307,0.009686509149764322,0.3660367820310915,0.3916900729767231,0.02565329094563157
34,mpnet,biobert,0.521120924222144,0.5627780028375067,0.04165707861536272,0.6331955177348652,0.6385492986737714,0.005353780938906261,0.3715153695692877,0.38935440581388625,0.01783903624459854
34,mpnet,simcse,0.47167195891246305,0.467541445117528,-0.0041305137949350645,0.6024031594641688,0.5996108441569818,-0.002792315307186932,0.33528034038570276,0.3300819682292048,-0.005198372156497932
34,minilm,pubmedbert,0.42490534699975835,0.49411620007919116,0.06921085307943281,0.583074907207098,0.59928377386608,0.016208866658982024,0.3869229651613081,0.4172361353660899,0.030313170204781803
34,minilm,biobert,0.5136097025251208,0.5601266837694945,0.046516981244373645,0.6011806808382064,0.6132801698278986,0.012099488989692153,0.3953409854833511,0.41943463219358484,0.02409364671023373
34,minilm,simcse,0.5097460271058495,0.5134037261330586,0.003657699027209138,0.596156449034738,0.6006377253846802,0.00448127634994222,0.4050164728095425,0.4186409553626005,0.013624482553057982
34,pubmedbert,biobert,0.8558170094036184,0.8426557252875955,-0.013161284116022909,0.8412705575248275,0.8286327600616685,-0.012637797463158962,0.8600610595701503,0.8326174778635493,-0.027443581706600995
34,pubmedbert,simcse,0.5769796880193457,0.5943763163000098,0.017396628280664017,0.6694531095085217,0.6660434651718792,-0.003409644336642481,0.5991307532678253,0.5489344815628352,-0.05019627170499008
34,biobert,simcse,0.6072537576216157,0.6091648529512755,0.0019110953296598288,0.6734300545281173,0.6688342302596403,-0.0045958242684770445,0.5851506653463739,0.5437365446973429,-0.04141412064903105
35,specter,specter2,0.7691299302133074,0.7666104480727045,-0.0025194821406029355,0.7207662494020597,0.718223742498753,-0.002542506903306707,0.610344835026362,0.5948109237290319,-0.015533911297330172
35,specter,scincl,0.8153390156309039,0.8131686146214007,-0.0021704010095032755,0.7870935752083723,0.7852569458601727,-0.0018366293481996143,0.8077044385562646,0.8034153491715377,-0.004289089384726941
35,specter,scibert,0.5591042389761328,0.6419363144988585,0.08283207552272565,0.6713336554701141,0.6802436923915126,0.008910036921398468,0.5300206410590537,0.5703844362414626,0.04036379518240896
35,specter,bert,0.5642127830957978,0.5863614665884422,0.022148683492644428,0.6336191275318073,0.6368810325555415,0.003261905023734246,0.47984234992910774,0.49602420637606043,0.01618185644695269
35,specter,mpnet,0.8099926884988478,0.8057220931484707,-0.004270595350377104,0.7399786899757421,0.7360799723686956,-0.00389871760704652,0.806956061414893,0.8030330243840794,-0.0039230370308135365
35,specter,minilm,0.7588947940698479,0.759046701391793,0.00015190732194503287,0.6866617138456363,0.688105343412062,0.0014436295664256305,0.7539794658909484,0.756481474904704,0.002502009013755524
35,specter,pubmedbert,0.5140227545049382,0.5856025257042332,0.07157977119929504,0.6566055898493984,0.6650358761878385,0.008430286338440118,0.46477273150592974,0.4958761032891913,0.031103371783261557
35,specter,biobert,0.5842043618494474,0.6239532567863353,0.039748894936887935,0.6565129769397305,0.6616478982191356,0.005134921279405069,0.48963745217259474,0.5032474432871192,0.013609991114524489
35,specter,simcse,0.5326542394399393,0.5298708822006511,-0.002783357239288131,0.6118164567920188,0.608368910780848,-0.00344754601117081,0.4391382550633455,0.43908072326670117,-5.753179664430563e-05
35,specter2,scincl,0.8205972398540695,0.819861470000668,-0.0007357698534015134,0.791254269499634,0.7899476158675037,-0.001306653632130228,0.6135682262034223,0.6003179300167979,-0.013250296186624433
35,specter2,scibert,0.5508589297323558,0.6309727220255508,0.08011379229319493,0.6903580976655129,0.7015590263748842,0.011200928709371283,0.35070831769576916,0.388240597480603,0.037532279784833866
35,specter2,bert,0.5226290768619596,0.5410379679553571,0.018408891093397495,0.588821011473705,0.5912878598502737,0.002466848376568631,0.29635616972989226,0.31980604690351255,0.023449877173620293
35,specter2,mpnet,0.7664032926670318,0.7631047572603844,-0.0032985354066473738,0.6976171211910107,0.694039663549035,-0.003577457641975701,0.6269626929704082,0.6143781588809453,-0.012584534089462918
35,specter2,minilm,0.7246775469470043,0.7249706336836594,0.00029308673665517926,0.6518442727129635,0.6523322354672572,0.000487962754293636,0.5856704170006791,0.5757253205948127,-0.009945096405866383
35,specter2,pubmedbert,0.49211628998911283,0.5590728199789818,0.06695652998986901,0.625028616678278,0.6327942169992968,0.007765600321018806,0.2847464350403639,0.3290394192965959,0.044292984256232015
35,specter2,biobert,0.5530448636598008,0.5886543160006569,0.03560945234085611,0.6252731169757071,0.6299075025213086,0.0046343855456014715,0.3126589210951479,0.33437053641342723,0.02171161531827931
35,specter2,simcse,0.48302088087504774,0.4820915890531392,-0.00092929182190854,0.5685600318437205,0.5656577616205641,-0.002902270223156367,0.2313269693153168,0.22471457823228705,-0.006612391083029745
35,scincl,scibert,0.533075684137677,0.6094799431900599,0.0764042590523829,0.6827748313042129,0.6926925484699503,0.009917717165737416,0.459701014282755,0.503106918351768,0.04340590406901301
35,scincl,bert,0.5387805440756022,0.558450960832864,0.019670416757261888,0.617757466000915,0.6204398558672192,0.0026823898663042023,0.4012137440770325,0.4213591160448968,0.02014537196786431
35,scincl,mpnet,0.8113632215667435,0.808294957916945,-0.0030682636497985083,0.7490132195961429,0.7447528071679034,-0.004260412428239491,0.788542891180858,0.7873998806134952,-0.0011430105673627677
35,scincl,minilm,0.7631530814911178,0.7637452731331555,0.0005921916420377205,0.6960768542173436,0.6972078507722894,0.0011309965549458623,0.7339148652062828,0.7379716716629291,0.0040568064566463
35,scincl,pubmedbert,0.48946527509043525,0.5541170028958086,0.06465172780537332,0.6403615929998435,0.6472841497940516,0.006922556794208057,0.386622855624557,0.417182244187954,0.030559388563397016
35,scincl,biobert,0.5507744240065641,0.5853475344283894,0.034573110421825315,0.6403225050392418,0.6445328159783583,0.004210310939116502,0.41900586769701514,0.43904268349760733,0.02003681580059219
35,scincl,simcse,0.5012129013577238,0.4968402045087179,-0.004372696849005875,0.5953811332619459,0.5912944103154779,-0.004086722946467947,0.3716618198706563,0.3717042243067634,4.240443610714628e-05
35,scibert,bert,0.7320895987434991,0.7386845582679499,0.006594959524450772,0.7595149871506783,0.7536860125692978,-0.005828974581380542,0.7675112555012756,0.7461318971048314,-0.021379358396444226
35,scibert,mpnet,0.5103331458768469,0.5877250333568738,0.0773918874800269,0.6187140952266242,0.6286318786144499,0.009917783387825674,0.49487099279367747,0.5283259297463153,0.03345493695263785
35,scibert,minilm,0.5063738418819668,0.5855671747346194,0.07919333285265262,0.5898089620735407,0.6059174955565578,0.016108533483017107,0.5045922124334816,0.5419823875849578,0.037390175151476135
35,scibert,pubmedbert,0.8548230420666677,0.8510243965844904,-0.003798645482177343,0.8421861141738883,0.8341204124337405,-0.008065701740147868,0.8583728631084339,0.8417624972069057,-0.0166103659015282
35,scibert,biobert,0.852001646415187,0.8491031289835328,-0.0028985174316542572,0.8216704198255113,0.8139151399553386,-0.00775527987017266,0.855032224428078,0.8384217203435541,-0.016610504084523914
35,scibert,simcse,0.6386050607459787,0.6698607121501834,0.03125565140420472,0.6758657598279401,0.6785282068809964,0.002662447053056294,0.6334977895557488,0.6308410107291029,-0.0026567788266458336
35,bert,mpnet,0.5688327862665825,0.5900139217731241,0.02118113550654155,0.6232323965718125,0.626208372819899,0.0029759762480865426,0.4989452309708633,0.5153815077689564,0.01643627679809312
35,bert,minilm,0.5763360856736096,0.604132252285758,0.027796166612148343,0.6050287147483021,0.6163933364464367,0.01136462169813457,0.533935757464341,0.56224888267812,0.028313125213779045
35,bert,pubmedbert,0.7156327639566661,0.7214472124025398,0.005814448445873754,0.7575577386204018,0.752562257593584,-0.004995481026817794,0.7835102474067734,0.7510712483906791,-0.03243899901609437
35,bert,biobert,0.7490090663737952,0.7417430661636938,-0.007266000210101375,0.7627000830010151,0.7553374398087659,-0.007362643192249219,0.7708083907540194,0.7397807988164482,-0.03102759193757121
35,bert,simcse,0.790964813059374,0.7908189776129201,-0.00014583544645396795,0.7963153888114354,0.7978257787148187,0.001510389903383369,0.8286733504276805,0.8148921493172265,-0.013781201110454
35,mpnet,minilm,0.8495451642904817,0.8523112240639812,0.0027660597734995296,0.7713943081141217,0.7738571249349229,0.0024628168208011836,0.8588038284650105,0.8633726627249338,0.004568834259923382
35,mpnet,pubmedbert,0.4786057253518081,0.5450463530408622,0.06644062768905412,0.6133327345545709,0.6221811128454173,0.008848378290846393,0.4343563868443923,0.4587777572544435,0.024421370410051157
35,mpnet,biobert,0.5453275955130473,0.5814222089565018,0.03609461344345444,0.6232110628400737,0.628398843780398,0.005187780940324349,0.45164581656111347,0.46055469894988593,0.008908882388772466
35,mpnet,simcse,0.5351124964725888,0.5312316365437073,-0.0038808599288815415,0.6069924393995264,0.6036602324753634,-0.003332206924163028,0.45021230758103026,0.4418291682635739,-0.008383139317456378
35,minilm,pubmedbert,0.4718683987784011,0.5395716590735238,0.06770326029512269,0.5812967139775487,0.5966731763468798,0.015376462369331101,0.45543782959059464,0.48689753047574713,0.031459700885152486
35,minilm,biobert,0.5323952745432998,0.5722269292656976,0.0398316547223978,0.592355641811979,0.6039581779761823,0.01160253616420337,0.4636093497295229,0.48218040160744824,0.01857105187792535
35,minilm,simcse,0.5477254958237037,0.5499275378184552,0.0022020419947514913,0.5937846919202352,0.5979744826711151,0.004189790750879885,0.48569449917973617,0.49162662983756655,0.005932130657830381
35,pubmedbert,biobert,0.8564348077767399,0.8558674575835429,-0.0005673501931969804,0.8397158639090443,0.8319862010742267,-0.0077296628348175744,0.8689286323893237,0.8500832184912102,-0.01884541389811356
35,pubmedbert,simcse,0.6201949519001709,0.6436619947307671,0.023467042830596196,0.6718707225999015,0.672827722048307,0.0009569994484054378,0.6591100223167723,0.6327494723363731,-0.02636054998039916
35,biobert,simcse,0.6400066294641544,0.6479747815829354,0.007968152118780991,0.6709544924143218,0.6707516813990285,-0.0002028110152932916,0.6244423239536032,0.6042377904975985,-0.020204533456004703
36,specter,specter2,0.723589557165501,0.7244227149657643,0.0008331578002632734,0.7396021119272599,0.7394788281290184,-0.00012328379824144697,0.6252318546015747,0.6238235977210587,-0.0014082568805160456
36,specter,scincl,0.7622140812436664,0.7604018619623638,-0.0018122192813025961,0.7834928776214635,0.7824269543101463,-0.0010659233113171629,0.6991599834918983,0.6969131513497843,-0.0022468321421140747
36,specter,scibert,0.4416451413246413,0.4775467352123535,0.035901593887712246,0.6398217172828586,0.6450780646211001,0.005256347338241429,0.3462730139836829,0.3525684785544234,0.006295464570740539
36,specter,bert,0.4612778704443267,0.4676537182673313,0.006375847823004599,0.6116901772543918,0.613914500632905,0.0022243233785131933,0.29542407678356075,0.30789058107322603,0.012466504289665281
36,specter,mpnet,0.744778955575033,0.7408520539866581,-0.0039269015883749425,0.7375156615160915,0.7350556815918272,-0.0024599799242642773,0.7076652366306678,0.7077740709189358,0.00010883428826802266
36,specter,minilm,0.6930556466165668,0.6944453407633853,0.0013896941468184432,0.685602995461119,0.6867493476793463,0.0011463522182272312,0.6561610512309065,0.6565846674349556,0.00042361620404907097
36,specter,pubmedbert,0.38628019847885364,0.4061186088670791,0.01983841038822548,0.6178074612808651,0.6212985113787772,0.003491050097912174,0.28208827820272125,0.29842465679456115,0.016336378591839895
36,specter,biobert,0.44103333947812196,0.4526983601351034,0.01166502065698144,0.6193306306231764,0.6202944845246402,0.000963853901463807,0.2535217323128048,0.26214157573035435,0.008619843417549566
36,specter,simcse,0.47849969947713794,0.4729739614381152,-0.005525738039022732,0.615876289378613,0.613303085882052,-0.002573203496561094,0.2460614384791527,0.25481336944753274,0.008751930968380034
36,specter2,scincl,0.7919276262843636,0.7922578849795878,0.0003302586952241837,0.8156201615403289,0.816276569357358,0.0006564078170291365,0.69664432485311,0.6964557901211382,-0.00018853473197177895
36,specter2,scibert,0.4706203775709518,0.5209421583292759,0.05032178075832411,0.680770424224874,0.6918088234282147,0.01103839920334071,0.2902263987790645,0.3108536154031349,0.02062721662407041
36,specter2,bert,0.4467101433790696,0.45646591597658526,0.009755772597515644,0.6026649450829141,0.6060306964986475,0.0033657514157333646,0.18744287912910682,0.19234942438887404,0.00490654525976722
36,specter2,mpnet,0.741813888129542,0.7413172997102303,-0.000496588419311661,0.7229553288399854,0.7218650721747141,-0.0010902566652712942,0.6618066078645172,0.6625273982598194,0.0007207903953022621
36,specter2,minilm,0.683290365052308,0.6862132601937414,0.0029228951414334015,0.6746404237936585,0.6763455825044923,0.0017051587108337651,0.5933240897443116,0.5975200861152995,0.004195996370987887
36,specter2,pubmedbert,0.3986959556648467,0.4271267037944153,0.028430748129568584,0.61706748548307,0.6232279263065936,0.006160440823523627,0.19313790888134352,0.20743937503309706,0.014301466151753539
36,specter2,biobert,0.4574810065590148,0.4766881858633623,0.01920717930434751,0.6203716533865536,0.6237163947249451,0.003344741338391466,0.17912637283281604,0.18692890604482337,0.007802533212007329
36,specter2,simcse,0.45577380362753334,0.45554077817810873,-0.00023302544942460646,0.6030389557467242,0.6020824631384312,-0.0009564926082930025,0.18895832710639687,0.18692126217380292,-0.0020370649325939516
36,scincl,scibert,0.4138129403601344,0.45519480862209866,0.04138186826196427,0.6503432427381217,0.6584496181431337,0.008106375405012023,0.26031417412328633,0.27672387251880937,0.01640969839552303
36,scincl,bert,0.4175247018182446,0.42538534472301787,0.007860642904773285,0.5975620627546876,0.5997993230732511,0.0022372603185635276,0.1812603578656509,0.19559839425299663,0.014338036387345737
36,scincl,mpnet,0.7577764437483855,0.7546821051836373,-0.003094338564748167,0.7423732465435527,0.7398550110327398,-0.002518235510812983,0.7156940837367365,0.7153940207209827,-0.00030006301575380423
36,scincl,minilm,0.6971205116773324,0.6985669445235115,0.0014464328461791798,0.6902574863162324,0.691104746813672,0.0008472604974395503,0.6414876215387189,0.6435073681612681,0.0020197466225492233
36,scincl,pubmedbert,0.3601785471148833,0.3833572733936116,0.0231787262787283,0.6024052404745296,0.6066605892817187,0.004255348807189141,0.19061865335204553,0.20735345742538416,0.016734804073338633
36,scincl,biobert,0.41055222536167796,0.42549128313944984,0.01493905777777188,0.6050003402074984,0.6069606530368343,0.001960312829335953,0.16533483870383636,0.17787904929069998,0.012544210586863613
36,scincl,simcse,0.4409674304542236,0.43860868374750517,-0.0023587467067184287,0.6009022561638974,0.5985943437237803,-0.002307912440117077,0.1764415232866044,0.18431097305727653,0.007869449770672138
36,scibert,bert,0.7479276344844851,0.7477835716365806,-0.00014406284790446922,0.78223188639692,0.7772124675335853,-0.005019418863334679,0.714457695908643,0.7169503001668763,0.0024926042582332775
36,scibert,mpnet,0.4365565839266371,0.479440315033394,0.04288373110675692,0.6179740328199801,0.625237841353907,0.007263808533926941,0.3719902178444776,0.39724970491212247,0.02525948706764486
36,scibert,minilm,0.4546118315920292,0.49210032908545737,0.03748849749342814,0.5975123931565851,0.6078100498648263,0.010297656708241232,0.3947607819989052,0.422380512160447,0.02761973016154179
36,scibert,pubmedbert,0.8325002066917689,0.8280078854525041,-0.004492321239264796,0.8462058006552736,0.8399251353905018,-0.006280665264771779,0.8372559552981356,0.8258946479902295,-0.011361307307906077
36,scibert,biobert,0.8391372936102703,0.8291220567232286,-0.010015236887041756,0.827125284110583,0.8196230800131409,-0.007502204097442067,0.8130720363556777,0.7978546281101343,-0.015217408245543407
36,scibert,simcse,0.6226880134850064,0.6264292284631076,0.003741214978101204,0.6959526091404732,0.6944326772841098,-0.0015199318563633435,0.5013570884888928,0.5255889548084743,0.02423186631958152
36,bert,mpnet,0.4631608238915614,0.4725851299008775,0.009424306009316097,0.6240946186111436,0.6272430098846943,0.0031483912735507102,0.3680644975161632,0.38818328586895745,0.020118788352794237
36,bert,minilm,0.4992917414143025,0.5140093340915093,0.014717592677206792,0.6118716069062489,0.6203433638224436,0.008471756916194728,0.4439741220794345,0.47195237040538035,0.027978248325945865
36,bert,pubmedbert,0.744922178912937,0.7427788468218071,-0.0021433320911299347,0.786278803789881,0.7823912726406789,-0.0038875311492021503,0.7788172210155421,0.7677855136509669,-0.01103170736457515
36,bert,biobert,0.7729923901322067,0.759937350041012,-0.013055040091194625,0.7882614068091125,0.781341502317998,-0.006919904491114459,0.8186182017380453,0.8016925867337296,-0.016925615004315775
36,bert,simcse,0.7926568353490864,0.7932357936858557,0.0005789583367693529,0.8113067086509134,0.8109420078297261,-0.0003647008211872249,0.7811635904279047,0.7876296547915751,0.006466064363670365
36,mpnet,minilm,0.7981316932317456,0.8020953431489083,0.003963649917162693,0.7636520042701314,0.765805915648044,0.002153911377912654,0.823062856223657,0.8263339364058341,0.003271080182177033
36,mpnet,pubmedbert,0.3902006283603634,0.4156179573920047,0.02541732903164129,0.6075956683393877,0.6127599541829211,0.005164285843533345,0.31652128321280265,0.341905382653263,0.025384099440460328
36,mpnet,biobert,0.45313131093102244,0.4692326248570985,0.016101313926076055,0.6184597995896299,0.6206385261630896,0.002178726573459633,0.3150167335635428,0.33109510307223655,0.016078369508693735
36,mpnet,simcse,0.4821301482658305,0.48083391044556967,-0.0012962378202608371,0.6295683603733472,0.6284379134432149,-0.0011304469301323117,0.37263878930109606,0.37812757962931914,0.005488790328223081
36,minilm,pubmedbert,0.40892678423813983,0.43100830299007964,0.02208151875193981,0.5830463961735305,0.5917615010990632,0.008715104925532735,0.3549904508934764,0.38297286877693315,0.027982417883456734
36,minilm,biobert,0.46375588791108957,0.47929078573686845,0.015534897825778882,0.5949921380270741,0.6010164248626589,0.006024286835584869,0.3642684592441721,0.3843514394858801,0.02008298024170796
36,minilm,simcse,0.5340767045968169,0.5377150704618832,0.003638365865066273,0.6209959593076104,0.6244599782240823,0.003464018916471856,0.4654805502207008,0.47600438296101233,0.010523832740311545
36,pubmedbert,biobert,0.8612424774752752,0.8545170648009075,-0.006725412674367659,0.8471699308757961,0.8400376054577989,-0.007132325417997132,0.8786965479442348,0.8653385421228429,-0.013358005821391905
36,pubmedbert,simcse,0.6019130644956687,0.6005936185384294,-0.001319445957239318,0.6921095953651554,0.6900880126058733,-0.0020215827592821034,0.5510687926716696,0.5558780283741942,0.004809235702524561
36,biobert,simcse,0.6354948475563023,0.6264761007106562,-0.009018746845646075,0.6964197162528156,0.6915252898078283,-0.0048944264449872765,0.6045666135219185,0.600441458531605,-0.004125154990313518
