field_id,period_start,model_a,model_b,k,queries,mean_overlap
11,2000,specter,specter2,10,100,0.227
11,2000,specter,specter2,25,100,0.2232
11,2000,specter,specter2,50,100,0.2336
11,2000,specter,scincl,10,100,0.34900000000000003
11,2000,specter,scincl,25,100,0.354
11,2000,specter,scincl,50,100,0.3732
11,2000,specter,scibert,10,100,0.12
11,2000,specter,scibert,25,100,0.1396
11,2000,specter,scibert,50,100,0.1578
11,2000,specter,bert,10,100,0.10200000000000001
11,2000,specter,bert,25,100,0.11599999999999999
11,2000,specter,bert,50,100,0.132
11,2000,specter,mpnet,10,100,0.28700000000000003
11,2000,specter,mpnet,25,100,0.2844
11,2000,specter,mpnet,50,100,0.304
11,2000,specter,minilm,10,100,0.236
11,2000,specter,minilm,25,100,0.2444
11,2000,specter,minilm,50,100,0.2648
11,2000,specter,pubmedbert,10,100,0.11399999999999999
11,2000,specter,pubmedbert,25,100,0.1276
11,2000,specter,pubmedbert,50,100,0.15039999999999998
11,2000,specter,biobert,10,100,0.11699999999999999
11,2000,specter,biobert,25,100,0.13119999999999998
11,2000,specter,biobert,50,100,0.1518
11,2000,specter,simcse,10,100,0.088
11,2000,specter,simcse,25,100,0.0932
11,2000,specter,simcse,50,100,0.1066
11,2000,specter2,scincl,10,100,0.267
11,2000,specter2,scincl,25,100,0.2756
11,2000,specter2,scincl,50,100,0.2894
11,2000,specter2,scibert,10,100,0.098
11,2000,specter2,scibert,25,100,0.12119999999999999
11,2000,specter2,scibert,50,100,0.136
11,2000,specter2,bert,10,100,0.08499999999999999
11,2000,specter2,bert,25,100,0.09
11,2000,specter2,bert,50,100,0.1074
11,2000,specter2,mpnet,10,100,0.288
11,2000,specter2,mpnet,25,100,0.2796
11,2000,specter2,mpnet,50,100,0.2874
11,2000,specter2,minilm,10,100,0.252
11,2000,specter2,minilm,25,100,0.254
11,2000,specter2,minilm,50,100,0.2634
11,2000,specter2,pubmedbert,10,100,0.08299999999999999
11,2000,specter2,pubmedbert,25,100,0.11
11,2000,specter2,pubmedbert,50,100,0.1186
11,2000,specter2,biobert,10,100,0.1
11,2000,specter2,biobert,25,100,0.1152
11,2000,specter2,biobert,50,100,0.1222
11,2000,specter2,simcse,10,100,0.072
11,2000,specter2,simcse,25,100,0.07919999999999999
11,2000,specter2,simcse,50,100,0.0932
11,2000,scincl,scibert,10,100,0.11599999999999999
11,2000,scincl,scibert,25,100,0.1404
11,2000,scincl,scibert,50,100,0.1578
11,2000,scincl,bert,10,100,0.097
11,2000,scincl,bert,25,100,0.1092
11,2000,scincl,bert,50,100,0.1258
11,2000,scincl,mpnet,10,100,0.34700000000000003
11,2000,scincl,mpnet,25,100,0.3576
11,2000,scincl,mpnet,50,100,0.37020000000000003
11,2000,scincl,minilm,10,100,0.288
11,2000,scincl,minilm,25,100,0.2968
11,2000,scincl,minilm,50,100,0.3154
11,2000,scincl,pubmedbert,10,100,0.101
11,2000,scincl,pubmedbert,25,100,0.1264
11,2000,scincl,pubmedbert,50,100,0.1376
11,2000,scincl,biobert,10,100,0.101
11,2000,scincl,biobert,25,100,0.12560000000000002
11,2000,scincl,biobert,50,100,0.1444
11,2000,scincl,simcse,10,100,0.08199999999999999
11,2000,scincl,simcse,25,100,0.0916
11,2000,scincl,simcse,50,100,0.1076
11,2000,scibert,bert,10,100,0.22999999999999998
11,2000,scibert,bert,25,100,0.2408
11,2000,scibert,bert,50,100,0.2606
11,2000,scibert,mpnet,10,100,0.096
11,2000,scibert,mpnet,25,100,0.114
11,2000,scibert,mpnet,50,100,0.1396
11,2000,scibert,minilm,10,100,0.098
11,2000,scibert,minilm,25,100,0.1148
11,2000,scibert,minilm,50,100,0.13119999999999998
11,2000,scibert,pubmedbert,10,100,0.355
11,2000,scibert,pubmedbert,25,100,0.3776
11,2000,scibert,pubmedbert,50,100,0.4152
11,2000,scibert,biobert,10,100,0.374
11,2000,scibert,biobert,25,100,0.3724
11,2000,scibert,biobert,50,100,0.385
11,2000,scibert,simcse,10,100,0.099
11,2000,scibert,simcse,25,100,0.1272
11,2000,scibert,simcse,50,100,0.1374
11,2000,bert,mpnet,10,100,0.10200000000000001
11,2000,bert,mpnet,25,100,0.122
11,2000,bert,mpnet,50,100,0.1392
11,2000,bert,minilm,10,100,0.10500000000000001
11,2000,bert,minilm,25,100,0.1164
11,2000,bert,minilm,50,100,0.1334
11,2000,bert,pubmedbert,10,100,0.22999999999999998
11,2000,bert,pubmedbert,25,100,0.242
11,2000,bert,pubmedbert,50,100,0.259
11,2000,bert,biobert,10,100,0.246
11,2000,bert,biobert,25,100,0.2632
11,2000,bert,biobert,50,100,0.2796
11,2000,bert,simcse,10,100,0.179
11,2000,bert,simcse,25,100,0.2032
11,2000,bert,simcse,50,100,0.223
11,2000,mpnet,minilm,10,100,0.43200000000000005
11,2000,mpnet,minilm,25,100,0.4292
11,2000,mpnet,minilm,50,100,0.4458
11,2000,mpnet,pubmedbert,10,100,0.098
11,2000,mpnet,pubmedbert,25,100,0.1216
11,2000,mpnet,pubmedbert,50,100,0.1404
11,2000,mpnet,biobert,10,100,0.101
11,2000,mpnet,biobert,25,100,0.11720000000000001
11,2000,mpnet,biobert,50,100,0.14
11,2000,mpnet,simcse,10,100,0.079
11,2000,mpnet,simcse,25,100,0.10039999999999999
11,2000,mpnet,simcse,50,100,0.1128
11,2000,minilm,pubmedbert,10,100,0.098
11,2000,minilm,pubmedbert,25,100,0.1148
11,2000,minilm,pubmedbert,50,100,0.1352
11,2000,minilm,biobert,10,100,0.101
11,2000,minilm,biobert,25,100,0.1184
11,2000,minilm,biobert,50,100,0.1366
11,2000,minilm,simcse,10,100,0.086
11,2000,minilm,simcse,25,100,0.1
11,2000,minilm,simcse,50,100,0.11599999999999999
11,2000,pubmedbert,biobert,10,100,0.355
11,2000,pubmedbert,biobert,25,100,0.38280000000000003
11,2000,pubmedbert,biobert,50,100,0.4078
11,2000,pubmedbert,simcse,10,100,0.10900000000000001
11,2000,pubmedbert,simcse,25,100,0.12480000000000001
11,2000,pubmedbert,simcse,50,100,0.14
11,2000,biobert,simcse,10,100,0.10500000000000001
11,2000,biobert,simcse,25,100,0.1184
11,2000,biobert,simcse,50,100,0.135
11,2005,specter,specter2,10,100,0.215
11,2005,specter,specter2,25,100,0.24
11,2005,specter,specter2,50,100,0.2444
11,2005,specter,scincl,10,100,0.322
11,2005,specter,scincl,25,100,0.35479999999999995
11,2005,specter,scincl,50,100,0.3642
11,2005,specter,scibert,10,100,0.10700000000000001
11,2005,specter,scibert,25,100,0.1308
11,2005,specter,scibert,50,100,0.1578
11,2005,specter,bert,10,100,0.08199999999999999
11,2005,specter,bert,25,100,0.10800000000000001
11,2005,specter,bert,50,100,0.1222
11,2005,specter,mpnet,10,100,0.269
11,2005,specter,mpnet,25,100,0.29760000000000003
11,2005,specter,mpnet,50,100,0.2984
11,2005,specter,minilm,10,100,0.23900000000000002
11,2005,specter,minilm,25,100,0.2548
11,2005,specter,minilm,50,100,0.2658
11,2005,specter,pubmedbert,10,100,0.096
11,2005,specter,pubmedbert,25,100,0.124
11,2005,specter,pubmedbert,50,100,0.1364
11,2005,specter,biobert,10,100,0.10700000000000001
11,2005,specter,biobert,25,100,0.1304
11,2005,specter,biobert,50,100,0.1474
11,2005,specter,simcse,10,100,0.067
11,2005,specter,simcse,25,100,0.09480000000000001
11,2005,specter,simcse,50,100,0.102
11,2005,specter2,scincl,10,100,0.254
11,2005,specter2,scincl,25,100,0.2836
11,2005,specter2,scincl,50,100,0.31079999999999997
11,2005,specter2,scibert,10,100,0.10600000000000001
11,2005,specter2,scibert,25,100,0.1124
11,2005,specter2,scibert,50,100,0.13119999999999998
11,2005,specter2,bert,10,100,0.078
11,2005,specter2,bert,25,100,0.0848
11,2005,specter2,bert,50,100,0.0984
11,2005,specter2,mpnet,10,100,0.28900000000000003
11,2005,specter2,mpnet,25,100,0.2916
11,2005,specter2,mpnet,50,100,0.2986
11,2005,specter2,minilm,10,100,0.258
11,2005,specter2,minilm,25,100,0.254
11,2005,specter2,minilm,50,100,0.2562
11,2005,specter2,pubmedbert,10,100,0.093
11,2005,specter2,pubmedbert,25,100,0.1
11,2005,specter2,pubmedbert,50,100,0.1106
11,2005,specter2,biobert,10,100,0.094
11,2005,specter2,biobert,25,100,0.1056
11,2005,specter2,biobert,50,100,0.11720000000000001
11,2005,specter2,simcse,10,100,0.057999999999999996
11,2005,specter2,simcse,25,100,0.0708
11,2005,specter2,simcse,50,100,0.08800000000000001
11,2005,scincl,scibert,10,100,0.095
11,2005,scincl,scibert,25,100,0.132
11,2005,scincl,scibert,50,100,0.1516
11,2005,scincl,bert,10,100,0.08499999999999999
11,2005,scincl,bert,25,100,0.1016
11,2005,scincl,bert,50,100,0.12560000000000002
11,2005,scincl,mpnet,10,100,0.34199999999999997
11,2005,scincl,mpnet,25,100,0.358
11,2005,scincl,mpnet,50,100,0.3778
11,2005,scincl,minilm,10,100,0.292
11,2005,scincl,minilm,25,100,0.2992
11,2005,scincl,minilm,50,100,0.31980000000000003
11,2005,scincl,pubmedbert,10,100,0.092
11,2005,scincl,pubmedbert,25,100,0.1144
11,2005,scincl,pubmedbert,50,100,0.1276
11,2005,scincl,biobert,10,100,0.092
11,2005,scincl,biobert,25,100,0.124
11,2005,scincl,biobert,50,100,0.1388
11,2005,scincl,simcse,10,100,0.073
11,2005,scincl,simcse,25,100,0.09759999999999999
11,2005,scincl,simcse,50,100,0.10640000000000001
11,2005,scibert,bert,10,100,0.23700000000000002
11,2005,scibert,bert,25,100,0.2636
11,2005,scibert,bert,50,100,0.2792
11,2005,scibert,mpnet,10,100,0.101
11,2005,scibert,mpnet,25,100,0.12359999999999999
11,2005,scibert,mpnet,50,100,0.1362
11,2005,scibert,minilm,10,100,0.091
11,2005,scibert,minilm,25,100,0.11359999999999999
11,2005,scibert,minilm,50,100,0.1264
11,2005,scibert,pubmedbert,10,100,0.392
11,2005,scibert,pubmedbert,25,100,0.41359999999999997
11,2005,scibert,pubmedbert,50,100,0.4304
11,2005,scibert,biobert,10,100,0.377
11,2005,scibert,biobert,25,100,0.40159999999999996
11,2005,scibert,biobert,50,100,0.42479999999999996
11,2005,scibert,simcse,10,100,0.11399999999999999
11,2005,scibert,simcse,25,100,0.13
11,2005,scibert,simcse,50,100,0.155
11,2005,bert,mpnet,10,100,0.099
11,2005,bert,mpnet,25,100,0.1112
11,2005,bert,mpnet,50,100,0.13
11,2005,bert,minilm,10,100,0.098
11,2005,bert,minilm,25,100,0.106
11,2005,bert,minilm,50,100,0.122
11,2005,bert,pubmedbert,10,100,0.217
11,2005,bert,pubmedbert,25,100,0.24600000000000002
11,2005,bert,pubmedbert,50,100,0.2636
11,2005,bert,biobert,10,100,0.23500000000000001
11,2005,bert,biobert,25,100,0.276
11,2005,bert,biobert,50,100,0.2916
11,2005,bert,simcse,10,100,0.16399999999999998
11,2005,bert,simcse,25,100,0.1948
11,2005,bert,simcse,50,100,0.2236
11,2005,mpnet,minilm,10,100,0.42300000000000004
11,2005,mpnet,minilm,25,100,0.43439999999999995
11,2005,mpnet,minilm,50,100,0.4368
11,2005,mpnet,pubmedbert,10,100,0.097
11,2005,mpnet,pubmedbert,25,100,0.11359999999999999
11,2005,mpnet,pubmedbert,50,100,0.1264
11,2005,mpnet,biobert,10,100,0.097
11,2005,mpnet,biobert,25,100,0.12240000000000001
11,2005,mpnet,biobert,50,100,0.1346
11,2005,mpnet,simcse,10,100,0.08499999999999999
11,2005,mpnet,simcse,25,100,0.0992
11,2005,mpnet,simcse,50,100,0.11359999999999999
11,2005,minilm,pubmedbert,10,100,0.088
11,2005,minilm,pubmedbert,25,100,0.10279999999999999
11,2005,minilm,pubmedbert,50,100,0.1164
11,2005,minilm,biobert,10,100,0.091
11,2005,minilm,biobert,25,100,0.10800000000000001
11,2005,minilm,biobert,50,100,0.1258
11,2005,minilm,simcse,10,100,0.089
11,2005,minilm,simcse,25,100,0.1048
11,2005,minilm,simcse,50,100,0.11960000000000001
11,2005,pubmedbert,biobert,10,100,0.38
11,2005,pubmedbert,biobert,25,100,0.3992
11,2005,pubmedbert,biobert,50,100,0.4236
11,2005,pubmedbert,simcse,10,100,0.087
11,2005,pubmedbert,simcse,25,100,0.1244
11,2005,pubmedbert,simcse,50,100,0.1434
11,2005,biobert,simcse,10,100,0.10400000000000001
11,2005,biobert,simcse,25,100,0.1292
11,2005,biobert,simcse,50,100,0.1522
11,2010,specter,specter2,10,100,0.21400000000000002
11,2010,specter,specter2,25,100,0.23399999999999999
11,2010,specter,specter2,50,100,0.2492
11,2010,specter,scincl,10,100,0.31
11,2010,specter,scincl,25,100,0.34759999999999996
11,2010,specter,scincl,50,100,0.3724
11,2010,specter,scibert,10,100,0.093
11,2010,specter,scibert,25,100,0.12560000000000002
11,2010,specter,scibert,50,100,0.1458
11,2010,specter,bert,10,100,0.08299999999999999
11,2010,specter,bert,25,100,0.1072
11,2010,specter,bert,50,100,0.1292
11,2010,specter,mpnet,10,100,0.251
11,2010,specter,mpnet,25,100,0.282
11,2010,specter,mpnet,50,100,0.308
11,2010,specter,minilm,10,100,0.217
11,2010,specter,minilm,25,100,0.24359999999999998
11,2010,specter,minilm,50,100,0.273
11,2010,specter,pubmedbert,10,100,0.095
11,2010,specter,pubmedbert,25,100,0.1216
11,2010,specter,pubmedbert,50,100,0.14
11,2010,specter,biobert,10,100,0.076
11,2010,specter,biobert,25,100,0.114
11,2010,specter,biobert,50,100,0.136
11,2010,specter,simcse,10,100,0.091
11,2010,specter,simcse,25,100,0.1072
11,2010,specter,simcse,50,100,0.1286
11,2010,specter2,scincl,10,100,0.259
11,2010,specter2,scincl,25,100,0.278
11,2010,specter2,scincl,50,100,0.302
11,2010,specter2,scibert,10,100,0.078
11,2010,specter2,scibert,25,100,0.1036
11,2010,specter2,scibert,50,100,0.12240000000000001
11,2010,specter2,bert,10,100,0.061
11,2010,specter2,bert,25,100,0.0812
11,2010,specter2,bert,50,100,0.0986
11,2010,specter2,mpnet,10,100,0.273
11,2010,specter2,mpnet,25,100,0.278
11,2010,specter2,mpnet,50,100,0.2998
11,2010,specter2,minilm,10,100,0.26
11,2010,specter2,minilm,25,100,0.254
11,2010,specter2,minilm,50,100,0.2562
11,2010,specter2,pubmedbert,10,100,0.076
11,2010,specter2,pubmedbert,25,100,0.09359999999999999
11,2010,specter2,pubmedbert,50,100,0.1042
11,2010,specter2,biobert,10,100,0.05600000000000001
11,2010,specter2,biobert,25,100,0.0864
11,2010,specter2,biobert,50,100,0.10220000000000001
11,2010,specter2,simcse,10,100,0.072
11,2010,specter2,simcse,25,100,0.0808
11,2010,specter2,simcse,50,100,0.095
11,2010,scincl,scibert,10,100,0.101
11,2010,scincl,scibert,25,100,0.1076
11,2010,scincl,scibert,50,100,0.129
11,2010,scincl,bert,10,100,0.06899999999999999
11,2010,scincl,bert,25,100,0.08800000000000001
11,2010,scincl,bert,50,100,0.1042
11,2010,scincl,mpnet,10,100,0.309
11,2010,scincl,mpnet,25,100,0.3464
11,2010,scincl,mpnet,50,100,0.3712
11,2010,scincl,minilm,10,100,0.274
11,2010,scincl,minilm,25,100,0.3084
11,2010,scincl,minilm,50,100,0.32520000000000004
11,2010,scincl,pubmedbert,10,100,0.094
11,2010,scincl,pubmedbert,25,100,0.1072
11,2010,scincl,pubmedbert,50,100,0.12140000000000001
11,2010,scincl,biobert,10,100,0.078
11,2010,scincl,biobert,25,100,0.102
11,2010,scincl,biobert,50,100,0.1182
11,2010,scincl,simcse,10,100,0.068
11,2010,scincl,simcse,25,100,0.0964
11,2010,scincl,simcse,50,100,0.11900000000000001
11,2010,scibert,bert,10,100,0.231
11,2010,scibert,bert,25,100,0.254
11,2010,scibert,bert,50,100,0.28
11,2010,scibert,mpnet,10,100,0.08199999999999999
11,2010,scibert,mpnet,25,100,0.1016
11,2010,scibert,mpnet,50,100,0.11599999999999999
11,2010,scibert,minilm,10,100,0.081
11,2010,scibert,minilm,25,100,0.1048
11,2010,scibert,minilm,50,100,0.1182
11,2010,scibert,pubmedbert,10,100,0.348
11,2010,scibert,pubmedbert,25,100,0.3876
11,2010,scibert,pubmedbert,50,100,0.4362
11,2010,scibert,biobert,10,100,0.34700000000000003
11,2010,scibert,biobert,25,100,0.38520000000000004
11,2010,scibert,biobert,50,100,0.41240000000000004
11,2010,scibert,simcse,10,100,0.11399999999999999
11,2010,scibert,simcse,25,100,0.1412
11,2010,scibert,simcse,50,100,0.1638
11,2010,bert,mpnet,10,100,0.09
11,2010,bert,mpnet,25,100,0.1056
11,2010,bert,mpnet,50,100,0.1222
11,2010,bert,minilm,10,100,0.075
11,2010,bert,minilm,25,100,0.0968
11,2010,bert,minilm,50,100,0.1168
11,2010,bert,pubmedbert,10,100,0.229
11,2010,bert,pubmedbert,25,100,0.24280000000000002
11,2010,bert,pubmedbert,50,100,0.2632
11,2010,bert,biobert,10,100,0.21800000000000003
11,2010,bert,biobert,25,100,0.2532
11,2010,bert,biobert,50,100,0.2868
11,2010,bert,simcse,10,100,0.16699999999999998
11,2010,bert,simcse,25,100,0.198
11,2010,bert,simcse,50,100,0.22719999999999999
11,2010,mpnet,minilm,10,100,0.41500000000000004
11,2010,mpnet,minilm,25,100,0.4404
11,2010,mpnet,minilm,50,100,0.4518
11,2010,mpnet,pubmedbert,10,100,0.08
11,2010,mpnet,pubmedbert,25,100,0.1056
11,2010,mpnet,pubmedbert,50,100,0.11720000000000001
11,2010,mpnet,biobert,10,100,0.076
11,2010,mpnet,biobert,25,100,0.1096
11,2010,mpnet,biobert,50,100,0.11599999999999999
11,2010,mpnet,simcse,10,100,0.079
11,2010,mpnet,simcse,25,100,0.09960000000000001
11,2010,mpnet,simcse,50,100,0.1206
11,2010,minilm,pubmedbert,10,100,0.079
11,2010,minilm,pubmedbert,25,100,0.10039999999999999
11,2010,minilm,pubmedbert,50,100,0.1188
11,2010,minilm,biobert,10,100,0.086
11,2010,minilm,biobert,25,100,0.09480000000000001
11,2010,minilm,biobert,50,100,0.1108
11,2010,minilm,simcse,10,100,0.091
11,2010,minilm,simcse,25,100,0.1036
11,2010,minilm,simcse,50,100,0.1258
11,2010,pubmedbert,biobert,10,100,0.372
11,2010,pubmedbert,biobert,25,100,0.40240000000000004
11,2010,pubmedbert,biobert,50,100,0.4218
11,2010,pubmedbert,simcse,10,100,0.11499999999999999
11,2010,pubmedbert,simcse,25,100,0.134
11,2010,pubmedbert,simcse,50,100,0.1494
11,2010,biobert,simcse,10,100,0.10800000000000001
11,2010,biobert,simcse,25,100,0.1276
11,2010,biobert,simcse,50,100,0.1478
11,2015,specter,specter2,10,100,0.2
11,2015,specter,specter2,25,100,0.2144
11,2015,specter,specter2,50,100,0.2352
11,2015,specter,scincl,10,100,0.306
11,2015,specter,scincl,25,100,0.3224
11,2015,specter,scincl,50,100,0.3586
11,2015,specter,scibert,10,100,0.10200000000000001
11,2015,specter,scibert,25,100,0.1364
11,2015,specter,scibert,50,100,0.14880000000000002
11,2015,specter,bert,10,100,0.097
11,2015,specter,bert,25,100,0.10400000000000001
11,2015,specter,bert,50,100,0.1226
11,2015,specter,mpnet,10,100,0.253
11,2015,specter,mpnet,25,100,0.2884
11,2015,specter,mpnet,50,100,0.304
11,2015,specter,minilm,10,100,0.231
11,2015,specter,minilm,25,100,0.2492
11,2015,specter,minilm,50,100,0.26780000000000004
11,2015,specter,pubmedbert,10,100,0.098
11,2015,specter,pubmedbert,25,100,0.126
11,2015,specter,pubmedbert,50,100,0.1358
11,2015,specter,biobert,10,100,0.11200000000000002
11,2015,specter,biobert,25,100,0.1324
11,2015,specter,biobert,50,100,0.1496
11,2015,specter,simcse,10,100,0.095
11,2015,specter,simcse,25,100,0.1024
11,2015,specter,simcse,50,100,0.114
11,2015,specter2,scincl,10,100,0.256
11,2015,specter2,scincl,25,100,0.2784
11,2015,specter2,scincl,50,100,0.29760000000000003
11,2015,specter2,scibert,10,100,0.097
11,2015,specter2,scibert,25,100,0.1128
11,2015,specter2,scibert,50,100,0.1272
11,2015,specter2,bert,10,100,0.074
11,2015,specter2,bert,25,100,0.0876
11,2015,specter2,bert,50,100,0.1008
11,2015,specter2,mpnet,10,100,0.263
11,2015,specter2,mpnet,25,100,0.2792
11,2015,specter2,mpnet,50,100,0.2838
11,2015,specter2,minilm,10,100,0.236
11,2015,specter2,minilm,25,100,0.2468
11,2015,specter2,minilm,50,100,0.2528
11,2015,specter2,pubmedbert,10,100,0.093
11,2015,specter2,pubmedbert,25,100,0.0984
11,2015,specter2,pubmedbert,50,100,0.107
11,2015,specter2,biobert,10,100,0.096
11,2015,specter2,biobert,25,100,0.1036
11,2015,specter2,biobert,50,100,0.11539999999999999
11,2015,specter2,simcse,10,100,0.078
11,2015,specter2,simcse,25,100,0.0872
11,2015,specter2,simcse,50,100,0.0934
11,2015,scincl,scibert,10,100,0.10500000000000001
11,2015,scincl,scibert,25,100,0.1268
11,2015,scincl,scibert,50,100,0.142
11,2015,scincl,bert,10,100,0.094
11,2015,scincl,bert,25,100,0.1012
11,2015,scincl,bert,50,100,0.1216
11,2015,scincl,mpnet,10,100,0.324
11,2015,scincl,mpnet,25,100,0.3544
11,2015,scincl,mpnet,50,100,0.3776
11,2015,scincl,minilm,10,100,0.27599999999999997
11,2015,scincl,minilm,25,100,0.3016
11,2015,scincl,minilm,50,100,0.3226
11,2015,scincl,pubmedbert,10,100,0.098
11,2015,scincl,pubmedbert,25,100,0.10679999999999999
11,2015,scincl,pubmedbert,50,100,0.126
11,2015,scincl,biobert,10,100,0.11100000000000002
11,2015,scincl,biobert,25,100,0.11
11,2015,scincl,biobert,50,100,0.1328
11,2015,scincl,simcse,10,100,0.08299999999999999
11,2015,scincl,simcse,25,100,0.102
11,2015,scincl,simcse,50,100,0.11220000000000001
11,2015,scibert,bert,10,100,0.23700000000000002
11,2015,scibert,bert,25,100,0.25120000000000003
11,2015,scibert,bert,50,100,0.2792
11,2015,scibert,mpnet,10,100,0.093
11,2015,scibert,mpnet,25,100,0.11560000000000001
11,2015,scibert,mpnet,50,100,0.1346
11,2015,scibert,minilm,10,100,0.088
11,2015,scibert,minilm,25,100,0.11
11,2015,scibert,minilm,50,100,0.1276
11,2015,scibert,pubmedbert,10,100,0.344
11,2015,scibert,pubmedbert,25,100,0.40399999999999997
11,2015,scibert,pubmedbert,50,100,0.4316
11,2015,scibert,biobert,10,100,0.344
11,2015,scibert,biobert,25,100,0.3908
11,2015,scibert,biobert,50,100,0.4178
11,2015,scibert,simcse,10,100,0.127
11,2015,scibert,simcse,25,100,0.1396
11,2015,scibert,simcse,50,100,0.1524
11,2015,bert,mpnet,10,100,0.10400000000000001
11,2015,bert,mpnet,25,100,0.1112
11,2015,bert,mpnet,50,100,0.1318
11,2015,bert,minilm,10,100,0.098
11,2015,bert,minilm,25,100,0.1116
11,2015,bert,minilm,50,100,0.1318
11,2015,bert,pubmedbert,10,100,0.20299999999999999
11,2015,bert,pubmedbert,25,100,0.2372
11,2015,bert,pubmedbert,50,100,0.26780000000000004
11,2015,bert,biobert,10,100,0.256
11,2015,bert,biobert,25,100,0.2672
11,2015,bert,biobert,50,100,0.2948
11,2015,bert,simcse,10,100,0.179
11,2015,bert,simcse,25,100,0.22519999999999998
11,2015,bert,simcse,50,100,0.24480000000000002
11,2015,mpnet,minilm,10,100,0.409
11,2015,mpnet,minilm,25,100,0.43079999999999996
11,2015,mpnet,minilm,50,100,0.45399999999999996
11,2015,mpnet,pubmedbert,10,100,0.08499999999999999
11,2015,mpnet,pubmedbert,25,100,0.11359999999999999
11,2015,mpnet,pubmedbert,50,100,0.12539999999999998
11,2015,mpnet,biobert,10,100,0.10500000000000001
11,2015,mpnet,biobert,25,100,0.1184
11,2015,mpnet,biobert,50,100,0.1374
11,2015,mpnet,simcse,10,100,0.09
11,2015,mpnet,simcse,25,100,0.106
11,2015,mpnet,simcse,50,100,0.1202
11,2015,minilm,pubmedbert,10,100,0.08299999999999999
11,2015,minilm,pubmedbert,25,100,0.106
11,2015,minilm,pubmedbert,50,100,0.1186
11,2015,minilm,biobert,10,100,0.10300000000000001
11,2015,minilm,biobert,25,100,0.1116
11,2015,minilm,biobert,50,100,0.1276
11,2015,minilm,simcse,10,100,0.10300000000000001
11,2015,minilm,simcse,25,100,0.1108
11,2015,minilm,simcse,50,100,0.12480000000000001
11,2015,pubmedbert,biobert,10,100,0.365
11,2015,pubmedbert,biobert,25,100,0.4044
11,2015,pubmedbert,biobert,50,100,0.42719999999999997
11,2015,pubmedbert,simcse,10,100,0.10300000000000001
11,2015,pubmedbert,simcse,25,100,0.1276
11,2015,pubmedbert,simcse,50,100,0.1416
11,2015,biobert,simcse,10,100,0.11399999999999999
11,2015,biobert,simcse,25,100,0.1364
11,2015,biobert,simcse,50,100,0.1534
11,2020,specter,specter2,10,100,0.22999999999999998
11,2020,specter,specter2,25,100,0.2632
11,2020,specter,specter2,50,100,0.2802
11,2020,specter,scincl,10,100,0.33199999999999996
11,2020,specter,scincl,25,100,0.35719999999999996
11,2020,specter,scincl,50,100,0.3766
11,2020,specter,scibert,10,100,0.132
11,2020,specter,scibert,25,100,0.1548
11,2020,specter,scibert,50,100,0.1754
11,2020,specter,bert,10,100,0.10900000000000001
11,2020,specter,bert,25,100,0.1164
11,2020,specter,bert,50,100,0.1392
11,2020,specter,mpnet,10,100,0.265
11,2020,specter,mpnet,25,100,0.29359999999999997
11,2020,specter,mpnet,50,100,0.3234
11,2020,specter,minilm,10,100,0.23199999999999998
11,2020,specter,minilm,25,100,0.25239999999999996
11,2020,specter,minilm,50,100,0.2732
11,2020,specter,pubmedbert,10,100,0.12
11,2020,specter,pubmedbert,25,100,0.1376
11,2020,specter,pubmedbert,50,100,0.1578
11,2020,specter,biobert,10,100,0.125
11,2020,specter,biobert,25,100,0.14679999999999999
11,2020,specter,biobert,50,100,0.168
11,2020,specter,simcse,10,100,0.097
11,2020,specter,simcse,25,100,0.0984
11,2020,specter,simcse,50,100,0.1162
11,2020,specter2,scincl,10,100,0.29700000000000004
11,2020,specter2,scincl,25,100,0.3132
11,2020,specter2,scincl,50,100,0.3382
11,2020,specter2,scibert,10,100,0.124
11,2020,specter2,scibert,25,100,0.12960000000000002
11,2020,specter2,scibert,50,100,0.14679999999999999
11,2020,specter2,bert,10,100,0.08399999999999999
11,2020,specter2,bert,25,100,0.0956
11,2020,specter2,bert,50,100,0.1066
11,2020,specter2,mpnet,10,100,0.301
11,2020,specter2,mpnet,25,100,0.3172
11,2020,specter2,mpnet,50,100,0.33140000000000003
11,2020,specter2,minilm,10,100,0.257
11,2020,specter2,minilm,25,100,0.276
11,2020,specter2,minilm,50,100,0.2912
11,2020,specter2,pubmedbert,10,100,0.11000000000000001
11,2020,specter2,pubmedbert,25,100,0.11800000000000001
11,2020,specter2,pubmedbert,50,100,0.1278
11,2020,specter2,biobert,10,100,0.10900000000000001
11,2020,specter2,biobert,25,100,0.1216
11,2020,specter2,biobert,50,100,0.129
11,2020,specter2,simcse,10,100,0.08199999999999999
11,2020,specter2,simcse,25,100,0.0864
11,2020,specter2,simcse,50,100,0.096
11,2020,scincl,scibert,10,100,0.132
11,2020,scincl,scibert,25,100,0.1436
11,2020,scincl,scibert,50,100,0.155
11,2020,scincl,bert,10,100,0.092
11,2020,scincl,bert,25,100,0.1024
11,2020,scincl,bert,50,100,0.12
11,2020,scincl,mpnet,10,100,0.329
11,2020,scincl,mpnet,25,100,0.35479999999999995
11,2020,scincl,mpnet,50,100,0.381
11,2020,scincl,minilm,10,100,0.286
11,2020,scincl,minilm,25,100,0.3196
11,2020,scincl,minilm,50,100,0.3292
11,2020,scincl,pubmedbert,10,100,0.11000000000000001
11,2020,scincl,pubmedbert,25,100,0.1208
11,2020,scincl,pubmedbert,50,100,0.1348
11,2020,scincl,biobert,10,100,0.11499999999999999
11,2020,scincl,biobert,25,100,0.1288
11,2020,scincl,biobert,50,100,0.1414
11,2020,scincl,simcse,10,100,0.089
11,2020,scincl,simcse,25,100,0.09
11,2020,scincl,simcse,50,100,0.1018
11,2020,scibert,bert,10,100,0.269
11,2020,scibert,bert,25,100,0.2676
11,2020,scibert,bert,50,100,0.2882
11,2020,scibert,mpnet,10,100,0.121
11,2020,scibert,mpnet,25,100,0.1204
11,2020,scibert,mpnet,50,100,0.1414
11,2020,scibert,minilm,10,100,0.098
11,2020,scibert,minilm,25,100,0.1168
11,2020,scibert,minilm,50,100,0.1308
11,2020,scibert,pubmedbert,10,100,0.392
11,2020,scibert,pubmedbert,25,100,0.42840000000000006
11,2020,scibert,pubmedbert,50,100,0.4524
11,2020,scibert,biobert,10,100,0.385
11,2020,scibert,biobert,25,100,0.4172
11,2020,scibert,biobert,50,100,0.44
11,2020,scibert,simcse,10,100,0.121
11,2020,scibert,simcse,25,100,0.1364
11,2020,scibert,simcse,50,100,0.1496
11,2020,bert,mpnet,10,100,0.1
11,2020,bert,mpnet,25,100,0.10640000000000001
11,2020,bert,mpnet,50,100,0.1276
11,2020,bert,minilm,10,100,0.094
11,2020,bert,minilm,25,100,0.1048
11,2020,bert,minilm,50,100,0.121
11,2020,bert,pubmedbert,10,100,0.24900000000000003
11,2020,bert,pubmedbert,25,100,0.2572
11,2020,bert,pubmedbert,50,100,0.2656
11,2020,bert,biobert,10,100,0.258
11,2020,bert,biobert,25,100,0.2868
11,2020,bert,biobert,50,100,0.3024
11,2020,bert,simcse,10,100,0.18
11,2020,bert,simcse,25,100,0.2036
11,2020,bert,simcse,50,100,0.222
11,2020,mpnet,minilm,10,100,0.40800000000000003
11,2020,mpnet,minilm,25,100,0.43560000000000004
11,2020,mpnet,minilm,50,100,0.4512
11,2020,mpnet,pubmedbert,10,100,0.10900000000000001
11,2020,mpnet,pubmedbert,25,100,0.1072
11,2020,mpnet,pubmedbert,50,100,0.1258
11,2020,mpnet,biobert,10,100,0.11299999999999999
11,2020,mpnet,biobert,25,100,0.11720000000000001
11,2020,mpnet,biobert,50,100,0.133
11,2020,mpnet,simcse,10,100,0.1
11,2020,mpnet,simcse,25,100,0.10039999999999999
11,2020,mpnet,simcse,50,100,0.1112
11,2020,minilm,pubmedbert,10,100,0.091
11,2020,minilm,pubmedbert,25,100,0.0992
11,2020,minilm,pubmedbert,50,100,0.1164
11,2020,minilm,biobert,10,100,0.097
11,2020,minilm,biobert,25,100,0.1076
11,2020,minilm,biobert,50,100,0.1276
11,2020,minilm,simcse,10,100,0.091
11,2020,minilm,simcse,25,100,0.0956
11,2020,minilm,simcse,50,100,0.115
11,2020,pubmedbert,biobert,10,100,0.376
11,2020,pubmedbert,biobert,25,100,0.4052
11,2020,pubmedbert,biobert,50,100,0.4286
11,2020,pubmedbert,simcse,10,100,0.11299999999999999
11,2020,pubmedbert,simcse,25,100,0.1264
11,2020,pubmedbert,simcse,50,100,0.14400000000000002
11,2020,biobert,simcse,10,100,0.11100000000000002
11,2020,biobert,simcse,25,100,0.13119999999999998
11,2020,biobert,simcse,50,100,0.14400000000000002
12,2000,specter,specter2,10,100,0.11599999999999999
12,2000,specter,specter2,25,100,0.142
12,2000,specter,specter2,50,100,0.15460000000000002
12,2000,specter,scincl,10,100,0.198
12,2000,specter,scincl,25,100,0.2324
12,2000,specter,scincl,50,100,0.24280000000000002
12,2000,specter,scibert,10,100,0.049
12,2000,specter,scibert,25,100,0.062
12,2000,specter,scibert,50,100,0.07440000000000001
12,2000,specter,bert,10,100,0.054000000000000006
12,2000,specter,bert,25,100,0.068
12,2000,specter,bert,50,100,0.0784
12,2000,specter,mpnet,10,100,0.147
12,2000,specter,mpnet,25,100,0.1724
12,2000,specter,mpnet,50,100,0.1902
12,2000,specter,minilm,10,100,0.137
12,2000,specter,minilm,25,100,0.1616
12,2000,specter,minilm,50,100,0.16879999999999998
12,2000,specter,pubmedbert,10,100,0.036
12,2000,specter,pubmedbert,25,100,0.048
12,2000,specter,pubmedbert,50,100,0.061200000000000004
12,2000,specter,biobert,10,100,0.043
12,2000,specter,biobert,25,100,0.0504
12,2000,specter,biobert,50,100,0.063
12,2000,specter,simcse,10,100,0.05
12,2000,specter,simcse,25,100,0.068
12,2000,specter,simcse,50,100,0.0764
12,2000,specter2,scincl,10,100,0.156
12,2000,specter2,scincl,25,100,0.1864
12,2000,specter2,scincl,50,100,0.1986
12,2000,specter2,scibert,10,100,0.041999999999999996
12,2000,specter2,scibert,25,100,0.062400000000000004
12,2000,specter2,scibert,50,100,0.0728
12,2000,specter2,bert,10,100,0.040999999999999995
12,2000,specter2,bert,25,100,0.0688
12,2000,specter2,bert,50,100,0.0768
12,2000,specter2,mpnet,10,100,0.151
12,2000,specter2,mpnet,25,100,0.184
12,2000,specter2,mpnet,50,100,0.201
12,2000,specter2,minilm,10,100,0.127
12,2000,specter2,minilm,25,100,0.1532
12,2000,specter2,minilm,50,100,0.1724
12,2000,specter2,pubmedbert,10,100,0.039
12,2000,specter2,pubmedbert,25,100,0.0464
12,2000,specter2,pubmedbert,50,100,0.0596
12,2000,specter2,biobert,10,100,0.032
12,2000,specter2,biobert,25,100,0.0408
12,2000,specter2,biobert,50,100,0.0572
12,2000,specter2,simcse,10,100,0.052000000000000005
12,2000,specter2,simcse,25,100,0.0668
12,2000,specter2,simcse,50,100,0.07519999999999999
12,2000,scincl,scibert,10,100,0.052000000000000005
12,2000,scincl,scibert,25,100,0.0728
12,2000,scincl,scibert,50,100,0.0864
12,2000,scincl,bert,10,100,0.054000000000000006
12,2000,scincl,bert,25,100,0.0708
12,2000,scincl,bert,50,100,0.0924
12,2000,scincl,mpnet,10,100,0.186
12,2000,scincl,mpnet,25,100,0.21559999999999999
12,2000,scincl,mpnet,50,100,0.2316
12,2000,scincl,minilm,10,100,0.162
12,2000,scincl,minilm,25,100,0.188
12,2000,scincl,minilm,50,100,0.2052
12,2000,scincl,pubmedbert,10,100,0.043
12,2000,scincl,pubmedbert,25,100,0.0572
12,2000,scincl,pubmedbert,50,100,0.06860000000000001
12,2000,scincl,biobert,10,100,0.034999999999999996
12,2000,scincl,biobert,25,100,0.0556
12,2000,scincl,biobert,50,100,0.0696
12,2000,scincl,simcse,10,100,0.054000000000000006
12,2000,scincl,simcse,25,100,0.0768
12,2000,scincl,simcse,50,100,0.09140000000000001
12,2000,scibert,bert,10,100,0.202
12,2000,scibert,bert,25,100,0.2256
12,2000,scibert,bert,50,100,0.2462
12,2000,scibert,mpnet,10,100,0.051000000000000004
12,2000,scibert,mpnet,25,100,0.0676
12,2000,scibert,mpnet,50,100,0.07519999999999999
12,2000,scibert,minilm,10,100,0.049
12,2000,scibert,minilm,25,100,0.0748
12,2000,scibert,minilm,50,100,0.0828
12,2000,scibert,pubmedbert,10,100,0.275
12,2000,scibert,pubmedbert,25,100,0.32799999999999996
12,2000,scibert,pubmedbert,50,100,0.34340000000000004
12,2000,scibert,biobert,10,100,0.262
12,2000,scibert,biobert,25,100,0.304
12,2000,scibert,biobert,50,100,0.3274
12,2000,scibert,simcse,10,100,0.10200000000000001
12,2000,scibert,simcse,25,100,0.1308
12,2000,scibert,simcse,50,100,0.1464
12,2000,bert,mpnet,10,100,0.10500000000000001
12,2000,bert,mpnet,25,100,0.106
12,2000,bert,mpnet,50,100,0.1276
12,2000,bert,minilm,10,100,0.095
12,2000,bert,minilm,25,100,0.1036
12,2000,bert,minilm,50,100,0.12
12,2000,bert,pubmedbert,10,100,0.174
12,2000,bert,pubmedbert,25,100,0.21
12,2000,bert,pubmedbert,50,100,0.23199999999999998
12,2000,bert,biobert,10,100,0.213
12,2000,bert,biobert,25,100,0.2464
12,2000,bert,biobert,50,100,0.267
12,2000,bert,simcse,10,100,0.20600000000000002
12,2000,bert,simcse,25,100,0.24359999999999998
12,2000,bert,simcse,50,100,0.258
12,2000,mpnet,minilm,10,100,0.33199999999999996
12,2000,mpnet,minilm,25,100,0.36840000000000006
12,2000,mpnet,minilm,50,100,0.38060000000000005
12,2000,mpnet,pubmedbert,10,100,0.051000000000000004
12,2000,mpnet,pubmedbert,25,100,0.057999999999999996
12,2000,mpnet,pubmedbert,50,100,0.0644
12,2000,mpnet,biobert,10,100,0.044
12,2000,mpnet,biobert,25,100,0.0556
12,2000,mpnet,biobert,50,100,0.0718
12,2000,mpnet,simcse,10,100,0.091
12,2000,mpnet,simcse,25,100,0.1092
12,2000,mpnet,simcse,50,100,0.1208
12,2000,minilm,pubmedbert,10,100,0.047
12,2000,minilm,pubmedbert,25,100,0.0552
12,2000,minilm,pubmedbert,50,100,0.0708
12,2000,minilm,biobert,10,100,0.047
12,2000,minilm,biobert,25,100,0.0596
12,2000,minilm,biobert,50,100,0.0756
12,2000,minilm,simcse,10,100,0.1
12,2000,minilm,simcse,25,100,0.12
12,2000,minilm,simcse,50,100,0.133
12,2000,pubmedbert,biobert,10,100,0.24500000000000002
12,2000,pubmedbert,biobert,25,100,0.2944
12,2000,pubmedbert,biobert,50,100,0.341
12,2000,pubmedbert,simcse,10,100,0.091
12,2000,pubmedbert,simcse,25,100,0.1204
12,2000,pubmedbert,simcse,50,100,0.1336
12,2000,biobert,simcse,10,100,0.10400000000000001
12,2000,biobert,simcse,25,100,0.1292
12,2000,biobert,simcse,50,100,0.1426
12,2005,specter,specter2,10,100,0.13899999999999998
12,2005,specter,specter2,25,100,0.16399999999999998
12,2005,specter,specter2,50,100,0.18600000000000003
12,2005,specter,scincl,10,100,0.22799999999999998
12,2005,specter,scincl,25,100,0.2504
12,2005,specter,scincl,50,100,0.2748
12,2005,specter,scibert,10,100,0.059
12,2005,specter,scibert,25,100,0.08439999999999999
12,2005,specter,scibert,50,100,0.1054
12,2005,specter,bert,10,100,0.059
12,2005,specter,bert,25,100,0.0788
12,2005,specter,bert,50,100,0.0958
12,2005,specter,mpnet,10,100,0.144
12,2005,specter,mpnet,25,100,0.18359999999999999
12,2005,specter,mpnet,50,100,0.2048
12,2005,specter,minilm,10,100,0.133
12,2005,specter,minilm,25,100,0.16440000000000002
12,2005,specter,minilm,50,100,0.1796
12,2005,specter,pubmedbert,10,100,0.044
12,2005,specter,pubmedbert,25,100,0.0728
12,2005,specter,pubmedbert,50,100,0.0882
12,2005,specter,biobert,10,100,0.04
12,2005,specter,biobert,25,100,0.0728
12,2005,specter,biobert,50,100,0.08900000000000001
12,2005,specter,simcse,10,100,0.051000000000000004
12,2005,specter,simcse,25,100,0.0748
12,2005,specter,simcse,50,100,0.0986
12,2005,specter2,scincl,10,100,0.198
12,2005,specter2,scincl,25,100,0.22719999999999999
12,2005,specter2,scincl,50,100,0.2462
12,2005,specter2,scibert,10,100,0.06
12,2005,specter2,scibert,25,100,0.0812
12,2005,specter2,scibert,50,100,0.0978
12,2005,specter2,bert,10,100,0.065
12,2005,specter2,bert,25,100,0.0848
12,2005,specter2,bert,50,100,0.0956
12,2005,specter2,mpnet,10,100,0.205
12,2005,specter2,mpnet,25,100,0.2296
12,2005,specter2,mpnet,50,100,0.2444
12,2005,specter2,minilm,10,100,0.178
12,2005,specter2,minilm,25,100,0.192
12,2005,specter2,minilm,50,100,0.214
12,2005,specter2,pubmedbert,10,100,0.037
12,2005,specter2,pubmedbert,25,100,0.064
12,2005,specter2,pubmedbert,50,100,0.079
12,2005,specter2,biobert,10,100,0.052000000000000005
12,2005,specter2,biobert,25,100,0.0672
12,2005,specter2,biobert,50,100,0.084
12,2005,specter2,simcse,10,100,0.06899999999999999
12,2005,specter2,simcse,25,100,0.08960000000000001
12,2005,specter2,simcse,50,100,0.1048
12,2005,scincl,scibert,10,100,0.064
12,2005,scincl,scibert,25,100,0.0808
12,2005,scincl,scibert,50,100,0.10039999999999999
12,2005,scincl,bert,10,100,0.06
12,2005,scincl,bert,25,100,0.0736
12,2005,scincl,bert,50,100,0.098
12,2005,scincl,mpnet,10,100,0.194
12,2005,scincl,mpnet,25,100,0.22440000000000002
12,2005,scincl,mpnet,50,100,0.2412
12,2005,scincl,minilm,10,100,0.16899999999999998
12,2005,scincl,minilm,25,100,0.2036
12,2005,scincl,minilm,50,100,0.2188
12,2005,scincl,pubmedbert,10,100,0.063
12,2005,scincl,pubmedbert,25,100,0.0696
12,2005,scincl,pubmedbert,50,100,0.0806
12,2005,scincl,biobert,10,100,0.05
12,2005,scincl,biobert,25,100,0.0704
12,2005,scincl,biobert,50,100,0.0806
12,2005,scincl,simcse,10,100,0.06899999999999999
12,2005,scincl,simcse,25,100,0.09
12,2005,scincl,simcse,50,100,0.1104
12,2005,scibert,bert,10,100,0.221
12,2005,scibert,bert,25,100,0.2464
12,2005,scibert,bert,50,100,0.272
12,2005,scibert,mpnet,10,100,0.056999999999999995
12,2005,scibert,mpnet,25,100,0.0776
12,2005,scibert,mpnet,50,100,0.09820000000000001
12,2005,scibert,minilm,10,100,0.067
12,2005,scibert,minilm,25,100,0.08800000000000001
12,2005,scibert,minilm,50,100,0.10679999999999999
12,2005,scibert,pubmedbert,10,100,0.275
12,2005,scibert,pubmedbert,25,100,0.3312
12,2005,scibert,pubmedbert,50,100,0.361
12,2005,scibert,biobert,10,100,0.248
12,2005,scibert,biobert,25,100,0.28800000000000003
12,2005,scibert,biobert,50,100,0.33
12,2005,scibert,simcse,10,100,0.10500000000000001
12,2005,scibert,simcse,25,100,0.1352
12,2005,scibert,simcse,50,100,0.15460000000000002
12,2005,bert,mpnet,10,100,0.096
12,2005,bert,mpnet,25,100,0.11599999999999999
12,2005,bert,mpnet,50,100,0.1438
12,2005,bert,minilm,10,100,0.092
12,2005,bert,minilm,25,100,0.1128
12,2005,bert,minilm,50,100,0.133
12,2005,bert,pubmedbert,10,100,0.202
12,2005,bert,pubmedbert,25,100,0.23600000000000002
12,2005,bert,pubmedbert,50,100,0.2584
12,2005,bert,biobert,10,100,0.21600000000000003
12,2005,bert,biobert,25,100,0.2528
12,2005,bert,biobert,50,100,0.28059999999999996
12,2005,bert,simcse,10,100,0.22599999999999998
12,2005,bert,simcse,25,100,0.2584
12,2005,bert,simcse,50,100,0.2834
12,2005,mpnet,minilm,10,100,0.34900000000000003
12,2005,mpnet,minilm,25,100,0.3716
12,2005,mpnet,minilm,50,100,0.3922
12,2005,mpnet,pubmedbert,10,100,0.04
12,2005,mpnet,pubmedbert,25,100,0.0592
12,2005,mpnet,pubmedbert,50,100,0.0852
12,2005,mpnet,biobert,10,100,0.05
12,2005,mpnet,biobert,25,100,0.0764
12,2005,mpnet,biobert,50,100,0.09539999999999998
12,2005,mpnet,simcse,10,100,0.095
12,2005,mpnet,simcse,25,100,0.124
12,2005,mpnet,simcse,50,100,0.1442
12,2005,minilm,pubmedbert,10,100,0.06
12,2005,minilm,pubmedbert,25,100,0.07519999999999999
12,2005,minilm,pubmedbert,50,100,0.0926
12,2005,minilm,biobert,10,100,0.06
12,2005,minilm,biobert,25,100,0.086
12,2005,minilm,biobert,50,100,0.1036
12,2005,minilm,simcse,10,100,0.10600000000000001
12,2005,minilm,simcse,25,100,0.1264
12,2005,minilm,simcse,50,100,0.1452
12,2005,pubmedbert,biobert,10,100,0.253
12,2005,pubmedbert,biobert,25,100,0.3036
12,2005,pubmedbert,biobert,50,100,0.34659999999999996
12,2005,pubmedbert,simcse,10,100,0.11499999999999999
12,2005,pubmedbert,simcse,25,100,0.1416
12,2005,pubmedbert,simcse,50,100,0.1516
12,2005,biobert,simcse,10,100,0.10900000000000001
12,2005,biobert,simcse,25,100,0.14279999999999998
12,2005,biobert,simcse,50,100,0.1594
12,2010,specter,specter2,10,100,0.15
12,2010,specter,specter2,25,100,0.1716
12,2010,specter,specter2,50,100,0.18600000000000003
12,2010,specter,scincl,10,100,0.21400000000000002
12,2010,specter,scincl,25,100,0.23559999999999998
12,2010,specter,scincl,50,100,0.2666
12,2010,specter,scibert,10,100,0.053000000000000005
12,2010,specter,scibert,25,100,0.062400000000000004
12,2010,specter,scibert,50,100,0.086
12,2010,specter,bert,10,100,0.06999999999999999
12,2010,specter,bert,25,100,0.08039999999999999
12,2010,specter,bert,50,100,0.09960000000000001
12,2010,specter,mpnet,10,100,0.15
12,2010,specter,mpnet,25,100,0.174
12,2010,specter,mpnet,50,100,0.1996
12,2010,specter,minilm,10,100,0.156
12,2010,specter,minilm,25,100,0.16879999999999998
12,2010,specter,minilm,50,100,0.1848
12,2010,specter,pubmedbert,10,100,0.051000000000000004
12,2010,specter,pubmedbert,25,100,0.0588
12,2010,specter,pubmedbert,50,100,0.0788
12,2010,specter,biobert,10,100,0.054000000000000006
12,2010,specter,biobert,25,100,0.0552
12,2010,specter,biobert,50,100,0.073
12,2010,specter,simcse,10,100,0.065
12,2010,specter,simcse,25,100,0.0824
12,2010,specter,simcse,50,100,0.0904
12,2010,specter2,scincl,10,100,0.20400000000000001
12,2010,specter2,scincl,25,100,0.22519999999999998
12,2010,specter2,scincl,50,100,0.2368
12,2010,specter2,scibert,10,100,0.066
12,2010,specter2,scibert,25,100,0.07200000000000001
12,2010,specter2,scibert,50,100,0.0908
12,2010,specter2,bert,10,100,0.066
12,2010,specter2,bert,25,100,0.0828
12,2010,specter2,bert,50,100,0.0956
12,2010,specter2,mpnet,10,100,0.187
12,2010,specter2,mpnet,25,100,0.22640000000000002
12,2010,specter2,mpnet,50,100,0.2418
12,2010,specter2,minilm,10,100,0.197
12,2010,specter2,minilm,25,100,0.20559999999999998
12,2010,specter2,minilm,50,100,0.21359999999999998
12,2010,specter2,pubmedbert,10,100,0.047
12,2010,specter2,pubmedbert,25,100,0.06
12,2010,specter2,pubmedbert,50,100,0.0716
12,2010,specter2,biobert,10,100,0.051000000000000004
12,2010,specter2,biobert,25,100,0.0572
12,2010,specter2,biobert,50,100,0.0696
12,2010,specter2,simcse,10,100,0.077
12,2010,specter2,simcse,25,100,0.0764
12,2010,specter2,simcse,50,100,0.09300000000000001
12,2010,scincl,scibert,10,100,0.06
12,2010,scincl,scibert,25,100,0.0652
12,2010,scincl,scibert,50,100,0.081
12,2010,scincl,bert,10,100,0.06899999999999999
12,2010,scincl,bert,25,100,0.084
12,2010,scincl,bert,50,100,0.0984
12,2010,scincl,mpnet,10,100,0.186
12,2010,scincl,mpnet,25,100,0.22399999999999998
12,2010,scincl,mpnet,50,100,0.2398
12,2010,scincl,minilm,10,100,0.19
12,2010,scincl,minilm,25,100,0.2024
12,2010,scincl,minilm,50,100,0.2232
12,2010,scincl,pubmedbert,10,100,0.043
12,2010,scincl,pubmedbert,25,100,0.0584
12,2010,scincl,pubmedbert,50,100,0.0706
12,2010,scincl,biobert,10,100,0.044
12,2010,scincl,biobert,25,100,0.057999999999999996
12,2010,scincl,biobert,50,100,0.0698
12,2010,scincl,simcse,10,100,0.078
12,2010,scincl,simcse,25,100,0.0796
12,2010,scincl,simcse,50,100,0.09960000000000001
12,2010,scibert,bert,10,100,0.187
12,2010,scibert,bert,25,100,0.21760000000000002
12,2010,scibert,bert,50,100,0.249
12,2010,scibert,mpnet,10,100,0.05600000000000001
12,2010,scibert,mpnet,25,100,0.0724
12,2010,scibert,mpnet,50,100,0.0904
12,2010,scibert,minilm,10,100,0.054000000000000006
12,2010,scibert,minilm,25,100,0.0692
12,2010,scibert,minilm,50,100,0.08539999999999999
12,2010,scibert,pubmedbert,10,100,0.27599999999999997
12,2010,scibert,pubmedbert,25,100,0.3124
12,2010,scibert,pubmedbert,50,100,0.3428
12,2010,scibert,biobert,10,100,0.257
12,2010,scibert,biobert,25,100,0.2832
12,2010,scibert,biobert,50,100,0.3184
12,2010,scibert,simcse,10,100,0.10900000000000001
12,2010,scibert,simcse,25,100,0.1148
12,2010,scibert,simcse,50,100,0.1402
12,2010,bert,mpnet,10,100,0.098
12,2010,bert,mpnet,25,100,0.12279999999999999
12,2010,bert,mpnet,50,100,0.13720000000000002
12,2010,bert,minilm,10,100,0.086
12,2010,bert,minilm,25,100,0.10400000000000001
12,2010,bert,minilm,50,100,0.12119999999999999
12,2010,bert,pubmedbert,10,100,0.17099999999999999
12,2010,bert,pubmedbert,25,100,0.21280000000000002
12,2010,bert,pubmedbert,50,100,0.2364
12,2010,bert,biobert,10,100,0.192
12,2010,bert,biobert,25,100,0.2376
12,2010,bert,biobert,50,100,0.2612
12,2010,bert,simcse,10,100,0.231
12,2010,bert,simcse,25,100,0.2532
12,2010,bert,simcse,50,100,0.2752
12,2010,mpnet,minilm,10,100,0.34700000000000003
12,2010,mpnet,minilm,25,100,0.386
12,2010,mpnet,minilm,50,100,0.3982
12,2010,mpnet,pubmedbert,10,100,0.047
12,2010,mpnet,pubmedbert,25,100,0.0684
12,2010,mpnet,pubmedbert,50,100,0.0802
12,2010,mpnet,biobert,10,100,0.061
12,2010,mpnet,biobert,25,100,0.07400000000000001
12,2010,mpnet,biobert,50,100,0.08539999999999999
12,2010,mpnet,simcse,10,100,0.10600000000000001
12,2010,mpnet,simcse,25,100,0.128
12,2010,mpnet,simcse,50,100,0.1458
12,2010,minilm,pubmedbert,10,100,0.040999999999999995
12,2010,minilm,pubmedbert,25,100,0.0608
12,2010,minilm,pubmedbert,50,100,0.07440000000000001
12,2010,minilm,biobert,10,100,0.051000000000000004
12,2010,minilm,biobert,25,100,0.0688
12,2010,minilm,biobert,50,100,0.0836
12,2010,minilm,simcse,10,100,0.10400000000000001
12,2010,minilm,simcse,25,100,0.1168
12,2010,minilm,simcse,50,100,0.1348
12,2010,pubmedbert,biobert,10,100,0.27999999999999997
12,2010,pubmedbert,biobert,25,100,0.322
12,2010,pubmedbert,biobert,50,100,0.3422
12,2010,pubmedbert,simcse,10,100,0.094
12,2010,pubmedbert,simcse,25,100,0.1092
12,2010,pubmedbert,simcse,50,100,0.1272
12,2010,biobert,simcse,10,100,0.10700000000000001
12,2010,biobert,simcse,25,100,0.126
12,2010,biobert,simcse,50,100,0.1424
12,2015,specter,specter2,10,100,0.159
12,2015,specter,specter2,25,100,0.1784
12,2015,specter,specter2,50,100,0.1894
12,2015,specter,scincl,10,100,0.21600000000000003
12,2015,specter,scincl,25,100,0.21960000000000002
12,2015,specter,scincl,50,100,0.25739999999999996
12,2015,specter,scibert,10,100,0.040999999999999995
12,2015,specter,scibert,25,100,0.0556
12,2015,specter,scibert,50,100,0.0694
12,2015,specter,bert,10,100,0.044
12,2015,specter,bert,25,100,0.066
12,2015,specter,bert,50,100,0.073
12,2015,specter,mpnet,10,100,0.16799999999999998
12,2015,specter,mpnet,25,100,0.17800000000000002
12,2015,specter,mpnet,50,100,0.2018
12,2015,specter,minilm,10,100,0.15
12,2015,specter,minilm,25,100,0.1704
12,2015,specter,minilm,50,100,0.1884
12,2015,specter,pubmedbert,10,100,0.028999999999999998
12,2015,specter,pubmedbert,25,100,0.0444
12,2015,specter,pubmedbert,50,100,0.057
12,2015,specter,biobert,10,100,0.046
12,2015,specter,biobert,25,100,0.0528
12,2015,specter,biobert,50,100,0.065
12,2015,specter,simcse,10,100,0.062
12,2015,specter,simcse,25,100,0.066
12,2015,specter,simcse,50,100,0.0746
12,2015,specter2,scincl,10,100,0.197
12,2015,specter2,scincl,25,100,0.2132
12,2015,specter2,scincl,50,100,0.2286
12,2015,specter2,scibert,10,100,0.039
12,2015,specter2,scibert,25,100,0.0644
12,2015,specter2,scibert,50,100,0.0764
12,2015,specter2,bert,10,100,0.059
12,2015,specter2,bert,25,100,0.07400000000000001
12,2015,specter2,bert,50,100,0.0816
12,2015,specter2,mpnet,10,100,0.21200000000000002
12,2015,specter2,mpnet,25,100,0.23120000000000002
12,2015,specter2,mpnet,50,100,0.2534
12,2015,specter2,minilm,10,100,0.198
12,2015,specter2,minilm,25,100,0.2084
12,2015,specter2,minilm,50,100,0.2228
12,2015,specter2,pubmedbert,10,100,0.034999999999999996
12,2015,specter2,pubmedbert,25,100,0.05
12,2015,specter2,pubmedbert,50,100,0.0602
12,2015,specter2,biobert,10,100,0.040999999999999995
12,2015,specter2,biobert,25,100,0.0548
12,2015,specter2,biobert,50,100,0.07
12,2015,specter2,simcse,10,100,0.062
12,2015,specter2,simcse,25,100,0.0736
12,2015,specter2,simcse,50,100,0.0892
12,2015,scincl,scibert,10,100,0.044
12,2015,scincl,scibert,25,100,0.0604
12,2015,scincl,scibert,50,100,0.07440000000000001
12,2015,scincl,bert,10,100,0.040999999999999995
12,2015,scincl,bert,25,100,0.0664
12,2015,scincl,bert,50,100,0.0818
12,2015,scincl,mpnet,10,100,0.182
12,2015,scincl,mpnet,25,100,0.2084
12,2015,scincl,mpnet,50,100,0.2324
12,2015,scincl,minilm,10,100,0.147
12,2015,scincl,minilm,25,100,0.184
12,2015,scincl,minilm,50,100,0.20620000000000002
12,2015,scincl,pubmedbert,10,100,0.031
12,2015,scincl,pubmedbert,25,100,0.0464
12,2015,scincl,pubmedbert,50,100,0.061
12,2015,scincl,biobert,10,100,0.038
12,2015,scincl,biobert,25,100,0.048799999999999996
12,2015,scincl,biobert,50,100,0.0652
12,2015,scincl,simcse,10,100,0.05600000000000001
12,2015,scincl,simcse,25,100,0.0672
12,2015,scincl,simcse,50,100,0.085
12,2015,scibert,bert,10,100,0.191
12,2015,scibert,bert,25,100,0.22760000000000002
12,2015,scibert,bert,50,100,0.2602
12,2015,scibert,mpnet,10,100,0.04
12,2015,scibert,mpnet,25,100,0.0712
12,2015,scibert,mpnet,50,100,0.0862
12,2015,scibert,minilm,10,100,0.054000000000000006
12,2015,scibert,minilm,25,100,0.07400000000000001
12,2015,scibert,minilm,50,100,0.0872
12,2015,scibert,pubmedbert,10,100,0.273
12,2015,scibert,pubmedbert,25,100,0.30760000000000004
12,2015,scibert,pubmedbert,50,100,0.34020000000000006
12,2015,scibert,biobert,10,100,0.24100000000000002
12,2015,scibert,biobert,25,100,0.2988
12,2015,scibert,biobert,50,100,0.3348
12,2015,scibert,simcse,10,100,0.093
12,2015,scibert,simcse,25,100,0.122
12,2015,scibert,simcse,50,100,0.1388
12,2015,bert,mpnet,10,100,0.101
12,2015,bert,mpnet,25,100,0.12279999999999999
12,2015,bert,mpnet,50,100,0.1308
12,2015,bert,minilm,10,100,0.10200000000000001
12,2015,bert,minilm,25,100,0.12240000000000001
12,2015,bert,minilm,50,100,0.1244
12,2015,bert,pubmedbert,10,100,0.176
12,2015,bert,pubmedbert,25,100,0.2224
12,2015,bert,pubmedbert,50,100,0.25079999999999997
12,2015,bert,biobert,10,100,0.20299999999999999
12,2015,bert,biobert,25,100,0.2572
12,2015,bert,biobert,50,100,0.28600000000000003
12,2015,bert,simcse,10,100,0.205
12,2015,bert,simcse,25,100,0.2404
12,2015,bert,simcse,50,100,0.259
12,2015,mpnet,minilm,10,100,0.371
12,2015,mpnet,minilm,25,100,0.392
12,2015,mpnet,minilm,50,100,0.4108
12,2015,mpnet,pubmedbert,10,100,0.04
12,2015,mpnet,pubmedbert,25,100,0.0632
12,2015,mpnet,pubmedbert,50,100,0.0742
12,2015,mpnet,biobert,10,100,0.05600000000000001
12,2015,mpnet,biobert,25,100,0.0876
12,2015,mpnet,biobert,50,100,0.0978
12,2015,mpnet,simcse,10,100,0.10700000000000001
12,2015,mpnet,simcse,25,100,0.13
12,2015,mpnet,simcse,50,100,0.1358
12,2015,minilm,pubmedbert,10,100,0.046
12,2015,minilm,pubmedbert,25,100,0.0632
12,2015,minilm,pubmedbert,50,100,0.0746
12,2015,minilm,biobert,10,100,0.056999999999999995
12,2015,minilm,biobert,25,100,0.0864
12,2015,minilm,biobert,50,100,0.09539999999999998
12,2015,minilm,simcse,10,100,0.10600000000000001
12,2015,minilm,simcse,25,100,0.12480000000000001
12,2015,minilm,simcse,50,100,0.13720000000000002
12,2015,pubmedbert,biobert,10,100,0.26
12,2015,pubmedbert,biobert,25,100,0.3152
12,2015,pubmedbert,biobert,50,100,0.35840000000000005
12,2015,pubmedbert,simcse,10,100,0.077
12,2015,pubmedbert,simcse,25,100,0.1016
12,2015,pubmedbert,simcse,50,100,0.1202
12,2015,biobert,simcse,10,100,0.096
12,2015,biobert,simcse,25,100,0.124
12,2015,biobert,simcse,50,100,0.1452
12,2020,specter,specter2,10,100,0.158
12,2020,specter,specter2,25,100,0.1656
12,2020,specter,specter2,50,100,0.1746
12,2020,specter,scincl,10,100,0.219
12,2020,specter,scincl,25,100,0.24559999999999998
12,2020,specter,scincl,50,100,0.265
12,2020,specter,scibert,10,100,0.08299999999999999
12,2020,specter,scibert,25,100,0.08199999999999999
12,2020,specter,scibert,50,100,0.0926
12,2020,specter,bert,10,100,0.081
12,2020,specter,bert,25,100,0.0724
12,2020,specter,bert,50,100,0.08960000000000001
12,2020,specter,mpnet,10,100,0.16999999999999998
12,2020,specter,mpnet,25,100,0.1864
12,2020,specter,mpnet,50,100,0.193
12,2020,specter,minilm,10,100,0.162
12,2020,specter,minilm,25,100,0.162
12,2020,specter,minilm,50,100,0.17980000000000002
12,2020,specter,pubmedbert,10,100,0.068
12,2020,specter,pubmedbert,25,100,0.0668
12,2020,specter,pubmedbert,50,100,0.078
12,2020,specter,biobert,10,100,0.075
12,2020,specter,biobert,25,100,0.0676
12,2020,specter,biobert,50,100,0.0774
12,2020,specter,simcse,10,100,0.09
12,2020,specter,simcse,25,100,0.0808
12,2020,specter,simcse,50,100,0.09140000000000001
12,2020,specter2,scincl,10,100,0.205
12,2020,specter2,scincl,25,100,0.204
12,2020,specter2,scincl,50,100,0.2224
12,2020,specter2,scibert,10,100,0.096
12,2020,specter2,scibert,25,100,0.0852
12,2020,specter2,scibert,50,100,0.10039999999999999
12,2020,specter2,bert,10,100,0.086
12,2020,specter2,bert,25,100,0.0876
12,2020,specter2,bert,50,100,0.10060000000000001
12,2020,specter2,mpnet,10,100,0.21600000000000003
12,2020,specter2,mpnet,25,100,0.2192
12,2020,specter2,mpnet,50,100,0.2354
12,2020,specter2,minilm,10,100,0.20299999999999999
12,2020,specter2,minilm,25,100,0.2052
12,2020,specter2,minilm,50,100,0.2064
12,2020,specter2,pubmedbert,10,100,0.06899999999999999
12,2020,specter2,pubmedbert,25,100,0.06480000000000001
12,2020,specter2,pubmedbert,50,100,0.079
12,2020,specter2,biobert,10,100,0.06999999999999999
12,2020,specter2,biobert,25,100,0.0688
12,2020,specter2,biobert,50,100,0.085
12,2020,specter2,simcse,10,100,0.086
12,2020,specter2,simcse,25,100,0.0924
12,2020,specter2,simcse,50,100,0.1026
12,2020,scincl,scibert,10,100,0.09
12,2020,scincl,scibert,25,100,0.0852
12,2020,scincl,scibert,50,100,0.0966
12,2020,scincl,bert,10,100,0.088
12,2020,scincl,bert,25,100,0.092
12,2020,scincl,bert,50,100,0.10460000000000001
12,2020,scincl,mpnet,10,100,0.22000000000000003
12,2020,scincl,mpnet,25,100,0.2168
12,2020,scincl,mpnet,50,100,0.23920000000000002
12,2020,scincl,minilm,10,100,0.20800000000000002
12,2020,scincl,minilm,25,100,0.2116
12,2020,scincl,minilm,50,100,0.22899999999999998
12,2020,scincl,pubmedbert,10,100,0.068
12,2020,scincl,pubmedbert,25,100,0.0724
12,2020,scincl,pubmedbert,50,100,0.0866
12,2020,scincl,biobert,10,100,0.075
12,2020,scincl,biobert,25,100,0.07719999999999999
12,2020,scincl,biobert,50,100,0.0876
12,2020,scincl,simcse,10,100,0.101
12,2020,scincl,simcse,25,100,0.0992
12,2020,scincl,simcse,50,100,0.1054
12,2020,scibert,bert,10,100,0.253
12,2020,scibert,bert,25,100,0.2784
12,2020,scibert,bert,50,100,0.287
12,2020,scibert,mpnet,10,100,0.10400000000000001
12,2020,scibert,mpnet,25,100,0.10679999999999999
12,2020,scibert,mpnet,50,100,0.105
12,2020,scibert,minilm,10,100,0.087
12,2020,scibert,minilm,25,100,0.094
12,2020,scibert,minilm,50,100,0.1
12,2020,scibert,pubmedbert,10,100,0.315
12,2020,scibert,pubmedbert,25,100,0.3492
12,2020,scibert,pubmedbert,50,100,0.3782
12,2020,scibert,biobert,10,100,0.284
12,2020,scibert,biobert,25,100,0.3196
12,2020,scibert,biobert,50,100,0.341
12,2020,scibert,simcse,10,100,0.149
12,2020,scibert,simcse,25,100,0.1588
12,2020,scibert,simcse,50,100,0.1632
12,2020,bert,mpnet,10,100,0.128
12,2020,bert,mpnet,25,100,0.1432
12,2020,bert,mpnet,50,100,0.146
12,2020,bert,minilm,10,100,0.11499999999999999
12,2020,bert,minilm,25,100,0.1292
12,2020,bert,minilm,50,100,0.1358
12,2020,bert,pubmedbert,10,100,0.215
12,2020,bert,pubmedbert,25,100,0.24559999999999998
12,2020,bert,pubmedbert,50,100,0.2706
12,2020,bert,biobert,10,100,0.242
12,2020,bert,biobert,25,100,0.26039999999999996
12,2020,bert,biobert,50,100,0.2796
12,2020,bert,simcse,10,100,0.23199999999999998
12,2020,bert,simcse,25,100,0.24960000000000002
12,2020,bert,simcse,50,100,0.26899999999999996
12,2020,mpnet,minilm,10,100,0.35
12,2020,mpnet,minilm,25,100,0.39799999999999996
12,2020,mpnet,minilm,50,100,0.402
12,2020,mpnet,pubmedbert,10,100,0.078
12,2020,mpnet,pubmedbert,25,100,0.0876
12,2020,mpnet,pubmedbert,50,100,0.09300000000000001
12,2020,mpnet,biobert,10,100,0.089
12,2020,mpnet,biobert,25,100,0.10039999999999999
12,2020,mpnet,biobert,50,100,0.10300000000000001
12,2020,mpnet,simcse,10,100,0.13999999999999999
12,2020,mpnet,simcse,25,100,0.14679999999999999
12,2020,mpnet,simcse,50,100,0.15259999999999999
12,2020,minilm,pubmedbert,10,100,0.06999999999999999
12,2020,minilm,pubmedbert,25,100,0.084
12,2020,minilm,pubmedbert,50,100,0.0892
12,2020,minilm,biobert,10,100,0.08399999999999999
12,2020,minilm,biobert,25,100,0.0916
12,2020,minilm,biobert,50,100,0.09960000000000001
12,2020,minilm,simcse,10,100,0.134
12,2020,minilm,simcse,25,100,0.138
12,2020,minilm,simcse,50,100,0.1482
12,2020,pubmedbert,biobert,10,100,0.286
12,2020,pubmedbert,biobert,25,100,0.33159999999999995
12,2020,pubmedbert,biobert,50,100,0.354
12,2020,pubmedbert,simcse,10,100,0.133
12,2020,pubmedbert,simcse,25,100,0.1416
12,2020,pubmedbert,simcse,50,100,0.15439999999999998
12,2020,biobert,simcse,10,100,0.133
12,2020,biobert,simcse,25,100,0.1388
12,2020,biobert,simcse,50,100,0.1398
13,2000,specter,specter2,10,100,0.233
13,2000,specter,specter2,25,100,0.23199999999999998
13,2000,specter,specter2,50,100,0.2458
13,2000,specter,scincl,10,100,0.379
13,2000,specter,scincl,25,100,0.37439999999999996
13,2000,specter,scincl,50,100,0.3832
13,2000,specter,scibert,10,100,0.11699999999999999
13,2000,specter,scibert,25,100,0.1452
13,2000,specter,scibert,50,100,0.1686
13,2000,specter,bert,10,100,0.065
13,2000,specter,bert,25,100,0.08960000000000001
13,2000,specter,bert,50,100,0.106
13,2000,specter,mpnet,10,100,0.305
13,2000,specter,mpnet,25,100,0.3024
13,2000,specter,mpnet,50,100,0.314
13,2000,specter,minilm,10,100,0.279
13,2000,specter,minilm,25,100,0.2724
13,2000,specter,minilm,50,100,0.2822
13,2000,specter,pubmedbert,10,100,0.11699999999999999
13,2000,specter,pubmedbert,25,100,0.1404
13,2000,specter,pubmedbert,50,100,0.154
13,2000,specter,biobert,10,100,0.11499999999999999
13,2000,specter,biobert,25,100,0.1568
13,2000,specter,biobert,50,100,0.1726
13,2000,specter,simcse,10,100,0.064
13,2000,specter,simcse,25,100,0.0808
13,2000,specter,simcse,50,100,0.08779999999999999
13,2000,specter2,scincl,10,100,0.267
13,2000,specter2,scincl,25,100,0.2752
13,2000,specter2,scincl,50,100,0.2882
13,2000,specter2,scibert,10,100,0.1
13,2000,specter2,scibert,25,100,0.1144
13,2000,specter2,scibert,50,100,0.1292
13,2000,specter2,bert,10,100,0.049
13,2000,specter2,bert,25,100,0.0644
13,2000,specter2,bert,50,100,0.07719999999999999
13,2000,specter2,mpnet,10,100,0.257
13,2000,specter2,mpnet,25,100,0.25920000000000004
13,2000,specter2,mpnet,50,100,0.2686
13,2000,specter2,minilm,10,100,0.236
13,2000,specter2,minilm,25,100,0.23559999999999998
13,2000,specter2,minilm,50,100,0.245
13,2000,specter2,pubmedbert,10,100,0.092
13,2000,specter2,pubmedbert,25,100,0.0968
13,2000,specter2,pubmedbert,50,100,0.1106
13,2000,specter2,biobert,10,100,0.099
13,2000,specter2,biobert,25,100,0.11199999999999999
13,2000,specter2,biobert,50,100,0.1184
13,2000,specter2,simcse,10,100,0.056999999999999995
13,2000,specter2,simcse,25,100,0.057999999999999996
13,2000,specter2,simcse,50,100,0.06280000000000001
13,2000,scincl,scibert,10,100,0.121
13,2000,scincl,scibert,25,100,0.1356
13,2000,scincl,scibert,50,100,0.1512
13,2000,scincl,bert,10,100,0.065
13,2000,scincl,bert,25,100,0.0816
13,2000,scincl,bert,50,100,0.0986
13,2000,scincl,mpnet,10,100,0.387
13,2000,scincl,mpnet,25,100,0.39520000000000005
13,2000,scincl,mpnet,50,100,0.3954
13,2000,scincl,minilm,10,100,0.34199999999999997
13,2000,scincl,minilm,25,100,0.33399999999999996
13,2000,scincl,minilm,50,100,0.3378
13,2000,scincl,pubmedbert,10,100,0.10800000000000001
13,2000,scincl,pubmedbert,25,100,0.12240000000000001
13,2000,scincl,pubmedbert,50,100,0.1362
13,2000,scincl,biobert,10,100,0.11000000000000001
13,2000,scincl,biobert,25,100,0.1316
13,2000,scincl,biobert,50,100,0.152
13,2000,scincl,simcse,10,100,0.071
13,2000,scincl,simcse,25,100,0.0704
13,2000,scincl,simcse,50,100,0.08560000000000001
13,2000,scibert,bert,10,100,0.17099999999999999
13,2000,scibert,bert,25,100,0.1984
13,2000,scibert,bert,50,100,0.23440000000000003
13,2000,scibert,mpnet,10,100,0.10900000000000001
13,2000,scibert,mpnet,25,100,0.124
13,2000,scibert,mpnet,50,100,0.1354
13,2000,scibert,minilm,10,100,0.10600000000000001
13,2000,scibert,minilm,25,100,0.10400000000000001
13,2000,scibert,minilm,50,100,0.11800000000000001
13,2000,scibert,pubmedbert,10,100,0.40099999999999997
13,2000,scibert,pubmedbert,25,100,0.4128
13,2000,scibert,pubmedbert,50,100,0.4424
13,2000,scibert,biobert,10,100,0.377
13,2000,scibert,biobert,25,100,0.42
13,2000,scibert,biobert,50,100,0.44299999999999995
13,2000,scibert,simcse,10,100,0.09
13,2000,scibert,simcse,25,100,0.096
13,2000,scibert,simcse,50,100,0.11779999999999999
13,2000,bert,mpnet,10,100,0.06999999999999999
13,2000,bert,mpnet,25,100,0.08800000000000001
13,2000,bert,mpnet,50,100,0.10460000000000001
13,2000,bert,minilm,10,100,0.072
13,2000,bert,minilm,25,100,0.0916
13,2000,bert,minilm,50,100,0.10220000000000001
13,2000,bert,pubmedbert,10,100,0.156
13,2000,bert,pubmedbert,25,100,0.182
13,2000,bert,pubmedbert,50,100,0.2078
13,2000,bert,biobert,10,100,0.187
13,2000,bert,biobert,25,100,0.23920000000000002
13,2000,bert,biobert,50,100,0.25579999999999997
13,2000,bert,simcse,10,100,0.146
13,2000,bert,simcse,25,100,0.1748
13,2000,bert,simcse,50,100,0.2
13,2000,mpnet,minilm,10,100,0.42800000000000005
13,2000,mpnet,minilm,25,100,0.4292
13,2000,mpnet,minilm,50,100,0.44380000000000003
13,2000,mpnet,pubmedbert,10,100,0.10700000000000001
13,2000,mpnet,pubmedbert,25,100,0.10880000000000001
13,2000,mpnet,pubmedbert,50,100,0.1232
13,2000,mpnet,biobert,10,100,0.10400000000000001
13,2000,mpnet,biobert,25,100,0.12279999999999999
13,2000,mpnet,biobert,50,100,0.1354
13,2000,mpnet,simcse,10,100,0.079
13,2000,mpnet,simcse,25,100,0.0788
13,2000,mpnet,simcse,50,100,0.08800000000000001
13,2000,minilm,pubmedbert,10,100,0.098
13,2000,minilm,pubmedbert,25,100,0.0964
13,2000,minilm,pubmedbert,50,100,0.1124
13,2000,minilm,biobert,10,100,0.10900000000000001
13,2000,minilm,biobert,25,100,0.1176
13,2000,minilm,biobert,50,100,0.1338
13,2000,minilm,simcse,10,100,0.071
13,2000,minilm,simcse,25,100,0.0808
13,2000,minilm,simcse,50,100,0.0944
13,2000,pubmedbert,biobert,10,100,0.38
13,2000,pubmedbert,biobert,25,100,0.4012
13,2000,pubmedbert,biobert,50,100,0.4214
13,2000,pubmedbert,simcse,10,100,0.08399999999999999
13,2000,pubmedbert,simcse,25,100,0.09720000000000001
13,2000,pubmedbert,simcse,50,100,0.11539999999999999
13,2000,biobert,simcse,10,100,0.081
13,2000,biobert,simcse,25,100,0.1052
13,2000,biobert,simcse,50,100,0.1246
13,2005,specter,specter2,10,100,0.23500000000000001
13,2005,specter,specter2,25,100,0.2464
13,2005,specter,specter2,50,100,0.2568
13,2005,specter,scincl,10,100,0.34700000000000003
13,2005,specter,scincl,25,100,0.36479999999999996
13,2005,specter,scincl,50,100,0.36840000000000006
13,2005,specter,scibert,10,100,0.122
13,2005,specter,scibert,25,100,0.1376
13,2005,specter,scibert,50,100,0.1534
13,2005,specter,bert,10,100,0.065
13,2005,specter,bert,25,100,0.078
13,2005,specter,bert,50,100,0.0898
13,2005,specter,mpnet,10,100,0.284
13,2005,specter,mpnet,25,100,0.31
13,2005,specter,mpnet,50,100,0.3172
13,2005,specter,minilm,10,100,0.23900000000000002
13,2005,specter,minilm,25,100,0.2504
13,2005,specter,minilm,50,100,0.26239999999999997
13,2005,specter,pubmedbert,10,100,0.11000000000000001
13,2005,specter,pubmedbert,25,100,0.1316
13,2005,specter,pubmedbert,50,100,0.1424
13,2005,specter,biobert,10,100,0.129
13,2005,specter,biobert,25,100,0.1508
13,2005,specter,biobert,50,100,0.17
13,2005,specter,simcse,10,100,0.043
13,2005,specter,simcse,25,100,0.052000000000000005
13,2005,specter,simcse,50,100,0.0646
13,2005,specter2,scincl,10,100,0.28500000000000003
13,2005,specter2,scincl,25,100,0.28559999999999997
13,2005,specter2,scincl,50,100,0.2874
13,2005,specter2,scibert,10,100,0.088
13,2005,specter2,scibert,25,100,0.12
13,2005,specter2,scibert,50,100,0.1346
13,2005,specter2,bert,10,100,0.051000000000000004
13,2005,specter2,bert,25,100,0.0608
13,2005,specter2,bert,50,100,0.07440000000000001
13,2005,specter2,mpnet,10,100,0.255
13,2005,specter2,mpnet,25,100,0.2656
13,2005,specter2,mpnet,50,100,0.2734
13,2005,specter2,minilm,10,100,0.213
13,2005,specter2,minilm,25,100,0.2236
13,2005,specter2,minilm,50,100,0.2364
13,2005,specter2,pubmedbert,10,100,0.08
13,2005,specter2,pubmedbert,25,100,0.10679999999999999
13,2005,specter2,pubmedbert,50,100,0.1166
13,2005,specter2,biobert,10,100,0.094
13,2005,specter2,biobert,25,100,0.1092
13,2005,specter2,biobert,50,100,0.1268
13,2005,specter2,simcse,10,100,0.041999999999999996
13,2005,specter2,simcse,25,100,0.046799999999999994
13,2005,specter2,simcse,50,100,0.051
13,2005,scincl,scibert,10,100,0.10900000000000001
13,2005,scincl,scibert,25,100,0.1392
13,2005,scincl,scibert,50,100,0.1524
13,2005,scincl,bert,10,100,0.05600000000000001
13,2005,scincl,bert,25,100,0.0724
13,2005,scincl,bert,50,100,0.0868
13,2005,scincl,mpnet,10,100,0.327
13,2005,scincl,mpnet,25,100,0.3492
13,2005,scincl,mpnet,50,100,0.3664
13,2005,scincl,minilm,10,100,0.274
13,2005,scincl,minilm,25,100,0.302
13,2005,scincl,minilm,50,100,0.30920000000000003
13,2005,scincl,pubmedbert,10,100,0.098
13,2005,scincl,pubmedbert,25,100,0.1276
13,2005,scincl,pubmedbert,50,100,0.13699999999999998
13,2005,scincl,biobert,10,100,0.11000000000000001
13,2005,scincl,biobert,25,100,0.1448
13,2005,scincl,biobert,50,100,0.1568
13,2005,scincl,simcse,10,100,0.04
13,2005,scincl,simcse,25,100,0.0496
13,2005,scincl,simcse,50,100,0.0608
13,2005,scibert,bert,10,100,0.182
13,2005,scibert,bert,25,100,0.222
13,2005,scibert,bert,50,100,0.231
13,2005,scibert,mpnet,10,100,0.095
13,2005,scibert,mpnet,25,100,0.11199999999999999
13,2005,scibert,mpnet,50,100,0.1322
13,2005,scibert,minilm,10,100,0.08299999999999999
13,2005,scibert,minilm,25,100,0.1024
13,2005,scibert,minilm,50,100,0.1184
13,2005,scibert,pubmedbert,10,100,0.398
13,2005,scibert,pubmedbert,25,100,0.4068
13,2005,scibert,pubmedbert,50,100,0.42840000000000006
13,2005,scibert,biobert,10,100,0.391
13,2005,scibert,biobert,25,100,0.4032
13,2005,scibert,biobert,50,100,0.42119999999999996
13,2005,scibert,simcse,10,100,0.091
13,2005,scibert,simcse,25,100,0.10439999999999999
13,2005,scibert,simcse,50,100,0.1152
13,2005,bert,mpnet,10,100,0.08
13,2005,bert,mpnet,25,100,0.07919999999999999
13,2005,bert,mpnet,50,100,0.092
13,2005,bert,minilm,10,100,0.061
13,2005,bert,minilm,25,100,0.0784
13,2005,bert,minilm,50,100,0.08539999999999999
13,2005,bert,pubmedbert,10,100,0.16699999999999998
13,2005,bert,pubmedbert,25,100,0.1892
13,2005,bert,pubmedbert,50,100,0.21420000000000003
13,2005,bert,biobert,10,100,0.225
13,2005,bert,biobert,25,100,0.24960000000000002
13,2005,bert,biobert,50,100,0.26539999999999997
13,2005,bert,simcse,10,100,0.149
13,2005,bert,simcse,25,100,0.1628
13,2005,bert,simcse,50,100,0.18600000000000003
13,2005,mpnet,minilm,10,100,0.395
13,2005,mpnet,minilm,25,100,0.4096
13,2005,mpnet,minilm,50,100,0.42200000000000004
13,2005,mpnet,pubmedbert,10,100,0.088
13,2005,mpnet,pubmedbert,25,100,0.11599999999999999
13,2005,mpnet,pubmedbert,50,100,0.12480000000000001
13,2005,mpnet,biobert,10,100,0.10800000000000001
13,2005,mpnet,biobert,25,100,0.1292
13,2005,mpnet,biobert,50,100,0.1416
13,2005,mpnet,simcse,10,100,0.05
13,2005,mpnet,simcse,25,100,0.054400000000000004
13,2005,mpnet,simcse,50,100,0.063
13,2005,minilm,pubmedbert,10,100,0.08199999999999999
13,2005,minilm,pubmedbert,25,100,0.1012
13,2005,minilm,pubmedbert,50,100,0.107
13,2005,minilm,biobert,10,100,0.099
13,2005,minilm,biobert,25,100,0.1148
13,2005,minilm,biobert,50,100,0.1272
13,2005,minilm,simcse,10,100,0.05
13,2005,minilm,simcse,25,100,0.0556
13,2005,minilm,simcse,50,100,0.0636
13,2005,pubmedbert,biobert,10,100,0.368
13,2005,pubmedbert,biobert,25,100,0.39
13,2005,pubmedbert,biobert,50,100,0.40979999999999994
13,2005,pubmedbert,simcse,10,100,0.076
13,2005,pubmedbert,simcse,25,100,0.096
13,2005,pubmedbert,simcse,50,100,0.1104
13,2005,biobert,simcse,10,100,0.094
13,2005,biobert,simcse,25,100,0.11199999999999999
13,2005,biobert,simcse,50,100,0.126
13,2010,specter,specter2,10,100,0.23500000000000001
13,2010,specter,specter2,25,100,0.244
13,2010,specter,specter2,50,100,0.2596
13,2010,specter,scincl,10,100,0.33399999999999996
13,2010,specter,scincl,25,100,0.3628
13,2010,specter,scincl,50,100,0.37200000000000005
13,2010,specter,scibert,10,100,0.11200000000000002
13,2010,specter,scibert,25,100,0.1336
13,2010,specter,scibert,50,100,0.1564
13,2010,specter,bert,10,100,0.06899999999999999
13,2010,specter,bert,25,100,0.0956
13,2010,specter,bert,50,100,0.11320000000000001
13,2010,specter,mpnet,10,100,0.29500000000000004
13,2010,specter,mpnet,25,100,0.30920000000000003
13,2010,specter,mpnet,50,100,0.32420000000000004
13,2010,specter,minilm,10,100,0.251
13,2010,specter,minilm,25,100,0.2632
13,2010,specter,minilm,50,100,0.281
13,2010,specter,pubmedbert,10,100,0.10400000000000001
13,2010,specter,pubmedbert,25,100,0.122
13,2010,specter,pubmedbert,50,100,0.1484
13,2010,specter,biobert,10,100,0.12
13,2010,specter,biobert,25,100,0.1516
13,2010,specter,biobert,50,100,0.16620000000000001
13,2010,specter,simcse,10,100,0.068
13,2010,specter,simcse,25,100,0.076
13,2010,specter,simcse,50,100,0.0862
13,2010,specter2,scincl,10,100,0.28900000000000003
13,2010,specter2,scincl,25,100,0.304
13,2010,specter2,scincl,50,100,0.3086
13,2010,specter2,scibert,10,100,0.09
13,2010,specter2,scibert,25,100,0.124
13,2010,specter2,scibert,50,100,0.13699999999999998
13,2010,specter2,bert,10,100,0.052000000000000005
13,2010,specter2,bert,25,100,0.0756
13,2010,specter2,bert,50,100,0.0834
13,2010,specter2,mpnet,10,100,0.294
13,2010,specter2,mpnet,25,100,0.2868
13,2010,specter2,mpnet,50,100,0.2902
13,2010,specter2,minilm,10,100,0.24300000000000002
13,2010,specter2,minilm,25,100,0.2492
13,2010,specter2,minilm,50,100,0.2532
13,2010,specter2,pubmedbert,10,100,0.091
13,2010,specter2,pubmedbert,25,100,0.12
13,2010,specter2,pubmedbert,50,100,0.12539999999999998
13,2010,specter2,biobert,10,100,0.095
13,2010,specter2,biobert,25,100,0.12240000000000001
13,2010,specter2,biobert,50,100,0.13
13,2010,specter2,simcse,10,100,0.059
13,2010,specter2,simcse,25,100,0.06559999999999999
13,2010,specter2,simcse,50,100,0.0664
13,2010,scincl,scibert,10,100,0.10600000000000001
13,2010,scincl,scibert,25,100,0.1344
13,2010,scincl,scibert,50,100,0.1508
13,2010,scincl,bert,10,100,0.067
13,2010,scincl,bert,25,100,0.0908
13,2010,scincl,bert,50,100,0.1
13,2010,scincl,mpnet,10,100,0.356
13,2010,scincl,mpnet,25,100,0.38439999999999996
13,2010,scincl,mpnet,50,100,0.4004
13,2010,scincl,minilm,10,100,0.31
13,2010,scincl,minilm,25,100,0.32159999999999994
13,2010,scincl,minilm,50,100,0.3432
13,2010,scincl,pubmedbert,10,100,0.099
13,2010,scincl,pubmedbert,25,100,0.1208
13,2010,scincl,pubmedbert,50,100,0.1416
13,2010,scincl,biobert,10,100,0.11499999999999999
13,2010,scincl,biobert,25,100,0.1348
13,2010,scincl,biobert,50,100,0.1502
13,2010,scincl,simcse,10,100,0.065
13,2010,scincl,simcse,25,100,0.07200000000000001
13,2010,scincl,simcse,50,100,0.0806
13,2010,scibert,bert,10,100,0.18
13,2010,scibert,bert,25,100,0.2184
13,2010,scibert,bert,50,100,0.24280000000000002
13,2010,scibert,mpnet,10,100,0.098
13,2010,scibert,mpnet,25,100,0.1216
13,2010,scibert,mpnet,50,100,0.138
13,2010,scibert,minilm,10,100,0.088
13,2010,scibert,minilm,25,100,0.1104
13,2010,scibert,minilm,50,100,0.1246
13,2010,scibert,pubmedbert,10,100,0.371
13,2010,scibert,pubmedbert,25,100,0.41759999999999997
13,2010,scibert,pubmedbert,50,100,0.4328
13,2010,scibert,biobert,10,100,0.371
13,2010,scibert,biobert,25,100,0.3992
13,2010,scibert,biobert,50,100,0.4292
13,2010,scibert,simcse,10,100,0.091
13,2010,scibert,simcse,25,100,0.1144
13,2010,scibert,simcse,50,100,0.13
13,2010,bert,mpnet,10,100,0.071
13,2010,bert,mpnet,25,100,0.094
13,2010,bert,mpnet,50,100,0.1058
13,2010,bert,minilm,10,100,0.068
13,2010,bert,minilm,25,100,0.09359999999999999
13,2010,bert,minilm,50,100,0.11
13,2010,bert,pubmedbert,10,100,0.162
13,2010,bert,pubmedbert,25,100,0.2048
13,2010,bert,pubmedbert,50,100,0.22460000000000002
13,2010,bert,biobert,10,100,0.20800000000000002
13,2010,bert,biobert,25,100,0.24559999999999998
13,2010,bert,biobert,50,100,0.25980000000000003
13,2010,bert,simcse,10,100,0.135
13,2010,bert,simcse,25,100,0.16920000000000002
13,2010,bert,simcse,50,100,0.20079999999999998
13,2010,mpnet,minilm,10,100,0.44000000000000006
13,2010,mpnet,minilm,25,100,0.45
13,2010,mpnet,minilm,50,100,0.4522
13,2010,mpnet,pubmedbert,10,100,0.094
13,2010,mpnet,pubmedbert,25,100,0.1184
13,2010,mpnet,pubmedbert,50,100,0.1386
13,2010,mpnet,biobert,10,100,0.101
13,2010,mpnet,biobert,25,100,0.13
13,2010,mpnet,biobert,50,100,0.1502
13,2010,mpnet,simcse,10,100,0.075
13,2010,mpnet,simcse,25,100,0.0736
13,2010,mpnet,simcse,50,100,0.0824
13,2010,minilm,pubmedbert,10,100,0.08
13,2010,minilm,pubmedbert,25,100,0.1072
13,2010,minilm,pubmedbert,50,100,0.12480000000000001
13,2010,minilm,biobert,10,100,0.099
13,2010,minilm,biobert,25,100,0.1208
13,2010,minilm,biobert,50,100,0.1398
13,2010,minilm,simcse,10,100,0.074
13,2010,minilm,simcse,25,100,0.0808
13,2010,minilm,simcse,50,100,0.087
13,2010,pubmedbert,biobert,10,100,0.366
13,2010,pubmedbert,biobert,25,100,0.4004
13,2010,pubmedbert,biobert,50,100,0.425
13,2010,pubmedbert,simcse,10,100,0.087
13,2010,pubmedbert,simcse,25,100,0.10439999999999999
13,2010,pubmedbert,simcse,50,100,0.122
13,2010,biobert,simcse,10,100,0.08299999999999999
13,2010,biobert,simcse,25,100,0.1148
13,2010,biobert,simcse,50,100,0.13419999999999999
13,2015,specter,specter2,10,100,0.24900000000000003
13,2015,specter,specter2,25,100,0.2836
13,2015,specter,specter2,50,100,0.28859999999999997
13,2015,specter,scincl,10,100,0.361
13,2015,specter,scincl,25,100,0.39039999999999997
13,2015,specter,scincl,50,100,0.4
13,2015,specter,scibert,10,100,0.129
13,2015,specter,scibert,25,100,0.132
13,2015,specter,scibert,50,100,0.1576
13,2015,specter,bert,10,100,0.095
13,2015,specter,bert,25,100,0.1
13,2015,specter,bert,50,100,0.11259999999999999
13,2015,specter,mpnet,10,100,0.304
13,2015,specter,mpnet,25,100,0.3408
13,2015,specter,mpnet,50,100,0.35200000000000004
13,2015,specter,minilm,10,100,0.259
13,2015,specter,minilm,25,100,0.2872
13,2015,specter,minilm,50,100,0.2958
13,2015,specter,pubmedbert,10,100,0.10900000000000001
13,2015,specter,pubmedbert,25,100,0.126
13,2015,specter,pubmedbert,50,100,0.14800000000000002
13,2015,specter,biobert,10,100,0.136
13,2015,specter,biobert,25,100,0.154
13,2015,specter,biobert,50,100,0.168
13,2015,specter,simcse,10,100,0.075
13,2015,specter,simcse,25,100,0.084
13,2015,specter,simcse,50,100,0.09179999999999999
13,2015,specter2,scincl,10,100,0.32799999999999996
13,2015,specter2,scincl,25,100,0.336
13,2015,specter2,scincl,50,100,0.3452
13,2015,specter2,scibert,10,100,0.11699999999999999
13,2015,specter2,scibert,25,100,0.1204
13,2015,specter2,scibert,50,100,0.1308
13,2015,specter2,bert,10,100,0.08399999999999999
13,2015,specter2,bert,25,100,0.0816
13,2015,specter2,bert,50,100,0.08380000000000001
13,2015,specter2,mpnet,10,100,0.29300000000000004
13,2015,specter2,mpnet,25,100,0.3136
13,2015,specter2,mpnet,50,100,0.3154
13,2015,specter2,minilm,10,100,0.24900000000000003
13,2015,specter2,minilm,25,100,0.2764
13,2015,specter2,minilm,50,100,0.2904
13,2015,specter2,pubmedbert,10,100,0.10900000000000001
13,2015,specter2,pubmedbert,25,100,0.1112
13,2015,specter2,pubmedbert,50,100,0.1148
13,2015,specter2,biobert,10,100,0.119
13,2015,specter2,biobert,25,100,0.124
13,2015,specter2,biobert,50,100,0.12480000000000001
13,2015,specter2,simcse,10,100,0.072
13,2015,specter2,simcse,25,100,0.0692
13,2015,specter2,simcse,50,100,0.0728
13,2015,scincl,scibert,10,100,0.10700000000000001
13,2015,scincl,scibert,25,100,0.1284
13,2015,scincl,scibert,50,100,0.145
13,2015,scincl,bert,10,100,0.095
13,2015,scincl,bert,25,100,0.0964
13,2015,scincl,bert,50,100,0.10279999999999999
13,2015,scincl,mpnet,10,100,0.37
13,2015,scincl,mpnet,25,100,0.3892
13,2015,scincl,mpnet,50,100,0.4178
13,2015,scincl,minilm,10,100,0.322
13,2015,scincl,minilm,25,100,0.32880000000000004
13,2015,scincl,minilm,50,100,0.3522
13,2015,scincl,pubmedbert,10,100,0.097
13,2015,scincl,pubmedbert,25,100,0.1188
13,2015,scincl,pubmedbert,50,100,0.1316
13,2015,scincl,biobert,10,100,0.125
13,2015,scincl,biobert,25,100,0.1404
13,2015,scincl,biobert,50,100,0.1466
13,2015,scincl,simcse,10,100,0.076
13,2015,scincl,simcse,25,100,0.08439999999999999
13,2015,scincl,simcse,50,100,0.08259999999999999
13,2015,scibert,bert,10,100,0.193
13,2015,scibert,bert,25,100,0.21600000000000003
13,2015,scibert,bert,50,100,0.2514
13,2015,scibert,mpnet,10,100,0.10500000000000001
13,2015,scibert,mpnet,25,100,0.1104
13,2015,scibert,mpnet,50,100,0.1294
13,2015,scibert,minilm,10,100,0.088
13,2015,scibert,minilm,25,100,0.09519999999999999
13,2015,scibert,minilm,50,100,0.113
13,2015,scibert,pubmedbert,10,100,0.38
13,2015,scibert,pubmedbert,25,100,0.41159999999999997
13,2015,scibert,pubmedbert,50,100,0.43
13,2015,scibert,biobert,10,100,0.362
13,2015,scibert,biobert,25,100,0.406
13,2015,scibert,biobert,50,100,0.425
13,2015,scibert,simcse,10,100,0.088
13,2015,scibert,simcse,25,100,0.10800000000000001
13,2015,scibert,simcse,50,100,0.1306
13,2015,bert,mpnet,10,100,0.088
13,2015,bert,mpnet,25,100,0.098
13,2015,bert,mpnet,50,100,0.1092
13,2015,bert,minilm,10,100,0.088
13,2015,bert,minilm,25,100,0.09119999999999999
13,2015,bert,minilm,50,100,0.1018
13,2015,bert,pubmedbert,10,100,0.162
13,2015,bert,pubmedbert,25,100,0.1932
13,2015,bert,pubmedbert,50,100,0.2268
13,2015,bert,biobert,10,100,0.22599999999999998
13,2015,bert,biobert,25,100,0.24960000000000002
13,2015,bert,biobert,50,100,0.2758
13,2015,bert,simcse,10,100,0.16699999999999998
13,2015,bert,simcse,25,100,0.184
13,2015,bert,simcse,50,100,0.20800000000000002
13,2015,mpnet,minilm,10,100,0.42800000000000005
13,2015,mpnet,minilm,25,100,0.43439999999999995
13,2015,mpnet,minilm,50,100,0.455
13,2015,mpnet,pubmedbert,10,100,0.1
13,2015,mpnet,pubmedbert,25,100,0.11
13,2015,mpnet,pubmedbert,50,100,0.1252
13,2015,mpnet,biobert,10,100,0.125
13,2015,mpnet,biobert,25,100,0.1304
13,2015,mpnet,biobert,50,100,0.1394
13,2015,mpnet,simcse,10,100,0.081
13,2015,mpnet,simcse,25,100,0.084
13,2015,mpnet,simcse,50,100,0.0894
13,2015,minilm,pubmedbert,10,100,0.08
13,2015,minilm,pubmedbert,25,100,0.0944
13,2015,minilm,pubmedbert,50,100,0.1128
13,2015,minilm,biobert,10,100,0.10800000000000001
13,2015,minilm,biobert,25,100,0.11560000000000001
13,2015,minilm,biobert,50,100,0.1334
13,2015,minilm,simcse,10,100,0.071
13,2015,minilm,simcse,25,100,0.0832
13,2015,minilm,simcse,50,100,0.0916
13,2015,pubmedbert,biobert,10,100,0.365
13,2015,pubmedbert,biobert,25,100,0.3924
13,2015,pubmedbert,biobert,50,100,0.42100000000000004
13,2015,pubmedbert,simcse,10,100,0.08499999999999999
13,2015,pubmedbert,simcse,25,100,0.1024
13,2015,pubmedbert,simcse,50,100,0.12
13,2015,biobert,simcse,10,100,0.1
13,2015,biobert,simcse,25,100,0.1216
13,2015,biobert,simcse,50,100,0.1322
13,2020,specter,specter2,10,100,0.248
13,2020,specter,specter2,25,100,0.262
13,2020,specter,specter2,50,100,0.2822
13,2020,specter,scincl,10,100,0.331
13,2020,specter,scincl,25,100,0.3628
13,2020,specter,scincl,50,100,0.3864
13,2020,specter,scibert,10,100,0.126
13,2020,specter,scibert,25,100,0.152
13,2020,specter,scibert,50,100,0.1724
13,2020,specter,bert,10,100,0.08199999999999999
13,2020,specter,bert,25,100,0.10640000000000001
13,2020,specter,bert,50,100,0.1208
13,2020,specter,mpnet,10,100,0.305
13,2020,specter,mpnet,25,100,0.3128
13,2020,specter,mpnet,50,100,0.3312
13,2020,specter,minilm,10,100,0.251
13,2020,specter,minilm,25,100,0.2696
13,2020,specter,minilm,50,100,0.2908
13,2020,specter,pubmedbert,10,100,0.095
13,2020,specter,pubmedbert,25,100,0.1348
13,2020,specter,pubmedbert,50,100,0.1582
13,2020,specter,biobert,10,100,0.11499999999999999
13,2020,specter,biobert,25,100,0.14279999999999998
13,2020,specter,biobert,50,100,0.1784
13,2020,specter,simcse,10,100,0.079
13,2020,specter,simcse,25,100,0.0888
13,2020,specter,simcse,50,100,0.1038
13,2020,specter2,scincl,10,100,0.29
13,2020,specter2,scincl,25,100,0.30920000000000003
13,2020,specter2,scincl,50,100,0.34240000000000004
13,2020,specter2,scibert,10,100,0.099
13,2020,specter2,scibert,25,100,0.13
13,2020,specter2,scibert,50,100,0.1448
13,2020,specter2,bert,10,100,0.077
13,2020,specter2,bert,25,100,0.0808
13,2020,specter2,bert,50,100,0.09820000000000001
13,2020,specter2,mpnet,10,100,0.258
13,2020,specter2,mpnet,25,100,0.2852
13,2020,specter2,mpnet,50,100,0.30579999999999996
13,2020,specter2,minilm,10,100,0.23399999999999999
13,2020,specter2,minilm,25,100,0.2492
13,2020,specter2,minilm,50,100,0.2676
13,2020,specter2,pubmedbert,10,100,0.094
13,2020,specter2,pubmedbert,25,100,0.1176
13,2020,specter2,pubmedbert,50,100,0.1346
13,2020,specter2,biobert,10,100,0.096
13,2020,specter2,biobert,25,100,0.12240000000000001
13,2020,specter2,biobert,50,100,0.1404
13,2020,specter2,simcse,10,100,0.067
13,2020,specter2,simcse,25,100,0.07200000000000001
13,2020,specter2,simcse,50,100,0.083
13,2020,scincl,scibert,10,100,0.124
13,2020,scincl,scibert,25,100,0.1348
13,2020,scincl,scibert,50,100,0.1452
13,2020,scincl,bert,10,100,0.08299999999999999
13,2020,scincl,bert,25,100,0.09960000000000001
13,2020,scincl,bert,50,100,0.1112
13,2020,scincl,mpnet,10,100,0.34900000000000003
13,2020,scincl,mpnet,25,100,0.38079999999999997
13,2020,scincl,mpnet,50,100,0.3998
13,2020,scincl,minilm,10,100,0.311
13,2020,scincl,minilm,25,100,0.33880000000000005
13,2020,scincl,minilm,50,100,0.3464
13,2020,scincl,pubmedbert,10,100,0.10400000000000001
13,2020,scincl,pubmedbert,25,100,0.1184
13,2020,scincl,pubmedbert,50,100,0.1366
13,2020,scincl,biobert,10,100,0.10200000000000001
13,2020,scincl,biobert,25,100,0.1268
13,2020,scincl,biobert,50,100,0.152
13,2020,scincl,simcse,10,100,0.079
13,2020,scincl,simcse,25,100,0.0876
13,2020,scincl,simcse,50,100,0.0926
13,2020,scibert,bert,10,100,0.21000000000000002
13,2020,scibert,bert,25,100,0.2492
13,2020,scibert,bert,50,100,0.26039999999999996
13,2020,scibert,mpnet,10,100,0.092
13,2020,scibert,mpnet,25,100,0.11320000000000001
13,2020,scibert,mpnet,50,100,0.12619999999999998
13,2020,scibert,minilm,10,100,0.087
13,2020,scibert,minilm,25,100,0.09880000000000001
13,2020,scibert,minilm,50,100,0.11939999999999999
13,2020,scibert,pubmedbert,10,100,0.413
13,2020,scibert,pubmedbert,25,100,0.436
13,2020,scibert,pubmedbert,50,100,0.4578
13,2020,scibert,biobert,10,100,0.364
13,2020,scibert,biobert,25,100,0.41960000000000003
13,2020,scibert,biobert,50,100,0.4474
13,2020,scibert,simcse,10,100,0.10500000000000001
13,2020,scibert,simcse,25,100,0.14
13,2020,scibert,simcse,50,100,0.1512
13,2020,bert,mpnet,10,100,0.086
13,2020,bert,mpnet,25,100,0.1036
13,2020,bert,mpnet,50,100,0.1108
13,2020,bert,minilm,10,100,0.06999999999999999
13,2020,bert,minilm,25,100,0.1012
13,2020,bert,minilm,50,100,0.11599999999999999
13,2020,bert,pubmedbert,10,100,0.185
13,2020,bert,pubmedbert,25,100,0.2168
13,2020,bert,pubmedbert,50,100,0.23800000000000002
13,2020,bert,biobert,10,100,0.236
13,2020,bert,biobert,25,100,0.2564
13,2020,bert,biobert,50,100,0.275
13,2020,bert,simcse,10,100,0.16699999999999998
13,2020,bert,simcse,25,100,0.1972
13,2020,bert,simcse,50,100,0.2192
13,2020,mpnet,minilm,10,100,0.41200000000000003
13,2020,mpnet,minilm,25,100,0.45
13,2020,mpnet,minilm,50,100,0.4672
13,2020,mpnet,pubmedbert,10,100,0.072
13,2020,mpnet,pubmedbert,25,100,0.10679999999999999
13,2020,mpnet,pubmedbert,50,100,0.125
13,2020,mpnet,biobert,10,100,0.10400000000000001
13,2020,mpnet,biobert,25,100,0.122
13,2020,mpnet,biobert,50,100,0.1412
13,2020,mpnet,simcse,10,100,0.081
13,2020,mpnet,simcse,25,100,0.0824
13,2020,mpnet,simcse,50,100,0.0946
13,2020,minilm,pubmedbert,10,100,0.075
13,2020,minilm,pubmedbert,25,100,0.096
13,2020,minilm,pubmedbert,50,100,0.11699999999999999
13,2020,minilm,biobert,10,100,0.091
13,2020,minilm,biobert,25,100,0.1152
13,2020,minilm,biobert,50,100,0.133
13,2020,minilm,simcse,10,100,0.077
13,2020,minilm,simcse,25,100,0.0864
13,2020,minilm,simcse,50,100,0.0984
13,2020,pubmedbert,biobert,10,100,0.378
13,2020,pubmedbert,biobert,25,100,0.4252
13,2020,pubmedbert,biobert,50,100,0.4364
13,2020,pubmedbert,simcse,10,100,0.10700000000000001
13,2020,pubmedbert,simcse,25,100,0.13
13,2020,pubmedbert,simcse,50,100,0.14800000000000002
13,2020,biobert,simcse,10,100,0.119
13,2020,biobert,simcse,25,100,0.14
13,2020,biobert,simcse,50,100,0.15560000000000002
14,2000,specter,specter2,10,100,0.21400000000000002
14,2000,specter,specter2,25,100,0.22719999999999999
14,2000,specter,specter2,50,100,0.2404
14,2000,specter,scincl,10,100,0.281
14,2000,specter,scincl,25,100,0.30519999999999997
14,2000,specter,scincl,50,100,0.3224
14,2000,specter,scibert,10,100,0.06999999999999999
14,2000,specter,scibert,25,100,0.0664
14,2000,specter,scibert,50,100,0.077
14,2000,specter,bert,10,100,0.05600000000000001
14,2000,specter,bert,25,100,0.0684
14,2000,specter,bert,50,100,0.07980000000000001
14,2000,specter,mpnet,10,100,0.264
14,2000,specter,mpnet,25,100,0.2812
14,2000,specter,mpnet,50,100,0.2898
14,2000,specter,minilm,10,100,0.229
14,2000,specter,minilm,25,100,0.24600000000000002
14,2000,specter,minilm,50,100,0.26940000000000003
14,2000,specter,pubmedbert,10,100,0.051000000000000004
14,2000,specter,pubmedbert,25,100,0.055999999999999994
14,2000,specter,pubmedbert,50,100,0.054400000000000004
14,2000,specter,biobert,10,100,0.05
14,2000,specter,biobert,25,100,0.0492
14,2000,specter,biobert,50,100,0.0596
14,2000,specter,simcse,10,100,0.086
14,2000,specter,simcse,25,100,0.0904
14,2000,specter,simcse,50,100,0.099
14,2000,specter2,scincl,10,100,0.252
14,2000,specter2,scincl,25,100,0.2824
14,2000,specter2,scincl,50,100,0.29100000000000004
14,2000,specter2,scibert,10,100,0.068
14,2000,specter2,scibert,25,100,0.0768
14,2000,specter2,scibert,50,100,0.0866
14,2000,specter2,bert,10,100,0.062
14,2000,specter2,bert,25,100,0.0776
14,2000,specter2,bert,50,100,0.08539999999999999
14,2000,specter2,mpnet,10,100,0.3
14,2000,specter2,mpnet,25,100,0.30760000000000004
14,2000,specter2,mpnet,50,100,0.315
14,2000,specter2,minilm,10,100,0.23199999999999998
14,2000,specter2,minilm,25,100,0.2572
14,2000,specter2,minilm,50,100,0.2742
14,2000,specter2,pubmedbert,10,100,0.046
14,2000,specter2,pubmedbert,25,100,0.0548
14,2000,specter2,pubmedbert,50,100,0.060599999999999994
14,2000,specter2,biobert,10,100,0.044
14,2000,specter2,biobert,25,100,0.052000000000000005
14,2000,specter2,biobert,50,100,0.0668
14,2000,specter2,simcse,10,100,0.081
14,2000,specter2,simcse,25,100,0.09519999999999999
14,2000,specter2,simcse,50,100,0.10880000000000001
14,2000,scincl,scibert,10,100,0.066
14,2000,scincl,scibert,25,100,0.0724
14,2000,scincl,scibert,50,100,0.079
14,2000,scincl,bert,10,100,0.052000000000000005
14,2000,scincl,bert,25,100,0.07200000000000001
14,2000,scincl,bert,50,100,0.07980000000000001
14,2000,scincl,mpnet,10,100,0.29
14,2000,scincl,mpnet,25,100,0.33399999999999996
14,2000,scincl,mpnet,50,100,0.34700000000000003
14,2000,scincl,minilm,10,100,0.261
14,2000,scincl,minilm,25,100,0.2952
14,2000,scincl,minilm,50,100,0.3164
14,2000,scincl,pubmedbert,10,100,0.038
14,2000,scincl,pubmedbert,25,100,0.052000000000000005
14,2000,scincl,pubmedbert,50,100,0.057999999999999996
14,2000,scincl,biobert,10,100,0.044
14,2000,scincl,biobert,25,100,0.0504
14,2000,scincl,biobert,50,100,0.0576
14,2000,scincl,simcse,10,100,0.071
14,2000,scincl,simcse,25,100,0.0864
14,2000,scincl,simcse,50,100,0.10060000000000001
14,2000,scibert,bert,10,100,0.182
14,2000,scibert,bert,25,100,0.20679999999999998
14,2000,scibert,bert,50,100,0.2262
14,2000,scibert,mpnet,10,100,0.079
14,2000,scibert,mpnet,25,100,0.07719999999999999
14,2000,scibert,mpnet,50,100,0.0834
14,2000,scibert,minilm,10,100,0.08199999999999999
14,2000,scibert,minilm,25,100,0.0808
14,2000,scibert,minilm,50,100,0.08560000000000001
14,2000,scibert,pubmedbert,10,100,0.231
14,2000,scibert,pubmedbert,25,100,0.2632
14,2000,scibert,pubmedbert,50,100,0.3014
14,2000,scibert,biobert,10,100,0.22599999999999998
14,2000,scibert,biobert,25,100,0.2544
14,2000,scibert,biobert,50,100,0.2838
14,2000,scibert,simcse,10,100,0.11100000000000002
14,2000,scibert,simcse,25,100,0.1204
14,2000,scibert,simcse,50,100,0.1326
14,2000,bert,mpnet,10,100,0.073
14,2000,bert,mpnet,25,100,0.0864
14,2000,bert,mpnet,50,100,0.0986
14,2000,bert,minilm,10,100,0.078
14,2000,bert,minilm,25,100,0.0932
14,2000,bert,minilm,50,100,0.1072
14,2000,bert,pubmedbert,10,100,0.16599999999999998
14,2000,bert,pubmedbert,25,100,0.1892
14,2000,bert,pubmedbert,50,100,0.2086
14,2000,bert,biobert,10,100,0.16999999999999998
14,2000,bert,biobert,25,100,0.21
14,2000,bert,biobert,50,100,0.2332
14,2000,bert,simcse,10,100,0.20400000000000001
14,2000,bert,simcse,25,100,0.2236
14,2000,bert,simcse,50,100,0.2404
14,2000,mpnet,minilm,10,100,0.396
14,2000,mpnet,minilm,25,100,0.426
14,2000,mpnet,minilm,50,100,0.4426
14,2000,mpnet,pubmedbert,10,100,0.053000000000000005
14,2000,mpnet,pubmedbert,25,100,0.0564
14,2000,mpnet,pubmedbert,50,100,0.062
14,2000,mpnet,biobert,10,100,0.059
14,2000,mpnet,biobert,25,100,0.053200000000000004
14,2000,mpnet,biobert,50,100,0.0672
14,2000,mpnet,simcse,10,100,0.097
14,2000,mpnet,simcse,25,100,0.1108
14,2000,mpnet,simcse,50,100,0.1244
14,2000,minilm,pubmedbert,10,100,0.066
14,2000,minilm,pubmedbert,25,100,0.0596
14,2000,minilm,pubmedbert,50,100,0.064
14,2000,minilm,biobert,10,100,0.061
14,2000,minilm,biobert,25,100,0.061200000000000004
14,2000,minilm,biobert,50,100,0.0726
14,2000,minilm,simcse,10,100,0.11100000000000002
14,2000,minilm,simcse,25,100,0.12960000000000002
14,2000,minilm,simcse,50,100,0.139
14,2000,pubmedbert,biobert,10,100,0.22799999999999998
14,2000,pubmedbert,biobert,25,100,0.2724
14,2000,pubmedbert,biobert,50,100,0.3068
14,2000,pubmedbert,simcse,10,100,0.086
14,2000,pubmedbert,simcse,25,100,0.10400000000000001
14,2000,pubmedbert,simcse,50,100,0.1108
14,2000,biobert,simcse,10,100,0.097
14,2000,biobert,simcse,25,100,0.1104
14,2000,biobert,simcse,50,100,0.12560000000000002
14,2005,specter,specter2,10,100,0.238
14,2005,specter,specter2,25,100,0.24760000000000001
14,2005,specter,specter2,50,100,0.253
14,2005,specter,scincl,10,100,0.316
14,2005,specter,scincl,25,100,0.3212
14,2005,specter,scincl,50,100,0.3342
14,2005,specter,scibert,10,100,0.08199999999999999
14,2005,specter,scibert,25,100,0.076
14,2005,specter,scibert,50,100,0.08460000000000001
14,2005,specter,bert,10,100,0.08299999999999999
14,2005,specter,bert,25,100,0.0852
14,2005,specter,bert,50,100,0.0956
14,2005,specter,mpnet,10,100,0.269
14,2005,specter,mpnet,25,100,0.29359999999999997
14,2005,specter,mpnet,50,100,0.30760000000000004
14,2005,specter,minilm,10,100,0.259
14,2005,specter,minilm,25,100,0.2792
14,2005,specter,minilm,50,100,0.294
14,2005,specter,pubmedbert,10,100,0.072
14,2005,specter,pubmedbert,25,100,0.064
14,2005,specter,pubmedbert,50,100,0.0688
14,2005,specter,biobert,10,100,0.068
14,2005,specter,biobert,25,100,0.0672
14,2005,specter,biobert,50,100,0.0676
14,2005,specter,simcse,10,100,0.1
14,2005,specter,simcse,25,100,0.1024
14,2005,specter,simcse,50,100,0.1048
14,2005,specter2,scincl,10,100,0.27599999999999997
14,2005,specter2,scincl,25,100,0.2896
14,2005,specter2,scincl,50,100,0.2998
14,2005,specter2,scibert,10,100,0.091
14,2005,specter2,scibert,25,100,0.09359999999999999
14,2005,specter2,scibert,50,100,0.09939999999999999
14,2005,specter2,bert,10,100,0.087
14,2005,specter2,bert,25,100,0.09119999999999999
14,2005,specter2,bert,50,100,0.1
14,2005,specter2,mpnet,10,100,0.321
14,2005,specter2,mpnet,25,100,0.3224
14,2005,specter2,mpnet,50,100,0.3234
14,2005,specter2,minilm,10,100,0.277
14,2005,specter2,minilm,25,100,0.278
14,2005,specter2,minilm,50,100,0.2912
14,2005,specter2,pubmedbert,10,100,0.06999999999999999
14,2005,specter2,pubmedbert,25,100,0.0808
14,2005,specter2,pubmedbert,50,100,0.0794
14,2005,specter2,biobert,10,100,0.08399999999999999
14,2005,specter2,biobert,25,100,0.08199999999999999
14,2005,specter2,biobert,50,100,0.09119999999999999
14,2005,specter2,simcse,10,100,0.11100000000000002
14,2005,specter2,simcse,25,100,0.1152
14,2005,specter2,simcse,50,100,0.1152
14,2005,scincl,scibert,10,100,0.081
14,2005,scincl,scibert,25,100,0.07919999999999999
14,2005,scincl,scibert,50,100,0.0808
14,2005,scincl,bert,10,100,0.08299999999999999
14,2005,scincl,bert,25,100,0.0788
14,2005,scincl,bert,50,100,0.0892
14,2005,scincl,mpnet,10,100,0.32599999999999996
14,2005,scincl,mpnet,25,100,0.34759999999999996
14,2005,scincl,mpnet,50,100,0.3576
14,2005,scincl,minilm,10,100,0.29900000000000004
14,2005,scincl,minilm,25,100,0.3276
14,2005,scincl,minilm,50,100,0.34119999999999995
14,2005,scincl,pubmedbert,10,100,0.062
14,2005,scincl,pubmedbert,25,100,0.066
14,2005,scincl,pubmedbert,50,100,0.0654
14,2005,scincl,biobert,10,100,0.06
14,2005,scincl,biobert,25,100,0.0652
14,2005,scincl,biobert,50,100,0.0662
14,2005,scincl,simcse,10,100,0.10200000000000001
14,2005,scincl,simcse,25,100,0.1032
14,2005,scincl,simcse,50,100,0.109
14,2005,scibert,bert,10,100,0.189
14,2005,scibert,bert,25,100,0.23079999999999998
14,2005,scibert,bert,50,100,0.24
14,2005,scibert,mpnet,10,100,0.076
14,2005,scibert,mpnet,25,100,0.0784
14,2005,scibert,mpnet,50,100,0.08460000000000001
14,2005,scibert,minilm,10,100,0.08499999999999999
14,2005,scibert,minilm,25,100,0.0924
14,2005,scibert,minilm,50,100,0.09480000000000001
14,2005,scibert,pubmedbert,10,100,0.271
14,2005,scibert,pubmedbert,25,100,0.3056
14,2005,scibert,pubmedbert,50,100,0.3224
14,2005,scibert,biobert,10,100,0.229
14,2005,scibert,biobert,25,100,0.2672
14,2005,scibert,biobert,50,100,0.285
14,2005,scibert,simcse,10,100,0.123
14,2005,scibert,simcse,25,100,0.1384
14,2005,scibert,simcse,50,100,0.1392
14,2005,bert,mpnet,10,100,0.096
14,2005,bert,mpnet,25,100,0.0984
14,2005,bert,mpnet,50,100,0.107
14,2005,bert,minilm,10,100,0.099
14,2005,bert,minilm,25,100,0.10039999999999999
14,2005,bert,minilm,50,100,0.113
14,2005,bert,pubmedbert,10,100,0.199
14,2005,bert,pubmedbert,25,100,0.2236
14,2005,bert,pubmedbert,50,100,0.2394
14,2005,bert,biobert,10,100,0.2
14,2005,bert,biobert,25,100,0.2316
14,2005,bert,biobert,50,100,0.2486
14,2005,bert,simcse,10,100,0.22000000000000003
14,2005,bert,simcse,25,100,0.2384
14,2005,bert,simcse,50,100,0.2556
14,2005,mpnet,minilm,10,100,0.43499999999999994
14,2005,mpnet,minilm,25,100,0.4376
14,2005,mpnet,minilm,50,100,0.4596
14,2005,mpnet,pubmedbert,10,100,0.068
14,2005,mpnet,pubmedbert,25,100,0.0696
14,2005,mpnet,pubmedbert,50,100,0.071
14,2005,mpnet,biobert,10,100,0.072
14,2005,mpnet,biobert,25,100,0.0708
14,2005,mpnet,biobert,50,100,0.0756
14,2005,mpnet,simcse,10,100,0.11699999999999999
14,2005,mpnet,simcse,25,100,0.134
14,2005,mpnet,simcse,50,100,0.134
14,2005,minilm,pubmedbert,10,100,0.06999999999999999
14,2005,minilm,pubmedbert,25,100,0.0704
14,2005,minilm,pubmedbert,50,100,0.0742
14,2005,minilm,biobert,10,100,0.073
14,2005,minilm,biobert,25,100,0.0732
14,2005,minilm,biobert,50,100,0.081
14,2005,minilm,simcse,10,100,0.13999999999999999
14,2005,minilm,simcse,25,100,0.136
14,2005,minilm,simcse,50,100,0.14300000000000002
14,2005,pubmedbert,biobert,10,100,0.266
14,2005,pubmedbert,biobert,25,100,0.2968
14,2005,pubmedbert,biobert,50,100,0.3256
14,2005,pubmedbert,simcse,10,100,0.121
14,2005,pubmedbert,simcse,25,100,0.1252
14,2005,pubmedbert,simcse,50,100,0.129
14,2005,biobert,simcse,10,100,0.118
14,2005,biobert,simcse,25,100,0.12359999999999999
14,2005,biobert,simcse,50,100,0.1352
14,2010,specter,specter2,10,100,0.256
14,2010,specter,specter2,25,100,0.2644
14,2010,specter,specter2,50,100,0.2816
14,2010,specter,scincl,10,100,0.282
14,2010,specter,scincl,25,100,0.29760000000000003
14,2010,specter,scincl,50,100,0.3356
14,2010,specter,scibert,10,100,0.057999999999999996
14,2010,specter,scibert,25,100,0.06480000000000001
14,2010,specter,scibert,50,100,0.075
14,2010,specter,bert,10,100,0.053000000000000005
14,2010,specter,bert,25,100,0.06559999999999999
14,2010,specter,bert,50,100,0.0716
14,2010,specter,mpnet,10,100,0.305
14,2010,specter,mpnet,25,100,0.29960000000000003
14,2010,specter,mpnet,50,100,0.3248
14,2010,specter,minilm,10,100,0.274
14,2010,specter,minilm,25,100,0.268
14,2010,specter,minilm,50,100,0.2986
14,2010,specter,pubmedbert,10,100,0.046
14,2010,specter,pubmedbert,25,100,0.054000000000000006
14,2010,specter,pubmedbert,50,100,0.06280000000000001
14,2010,specter,biobert,10,100,0.05
14,2010,specter,biobert,25,100,0.0548
14,2010,specter,biobert,50,100,0.0602
14,2010,specter,simcse,10,100,0.077
14,2010,specter,simcse,25,100,0.0928
14,2010,specter,simcse,50,100,0.1058
14,2010,specter2,scincl,10,100,0.303
14,2010,specter2,scincl,25,100,0.33240000000000003
14,2010,specter2,scincl,50,100,0.3446
14,2010,specter2,scibert,10,100,0.092
14,2010,specter2,scibert,25,100,0.0828
14,2010,specter2,scibert,50,100,0.09519999999999999
14,2010,specter2,bert,10,100,0.06999999999999999
14,2010,specter2,bert,25,100,0.0724
14,2010,specter2,bert,50,100,0.077
14,2010,specter2,mpnet,10,100,0.322
14,2010,specter2,mpnet,25,100,0.35159999999999997
14,2010,specter2,mpnet,50,100,0.35960000000000003
14,2010,specter2,minilm,10,100,0.286
14,2010,specter2,minilm,25,100,0.2944
14,2010,specter2,minilm,50,100,0.312
14,2010,specter2,pubmedbert,10,100,0.06
14,2010,specter2,pubmedbert,25,100,0.061200000000000004
14,2010,specter2,pubmedbert,50,100,0.0712
14,2010,specter2,biobert,10,100,0.064
14,2010,specter2,biobert,25,100,0.0636
14,2010,specter2,biobert,50,100,0.0688
14,2010,specter2,simcse,10,100,0.081
14,2010,specter2,simcse,25,100,0.0964
14,2010,specter2,simcse,50,100,0.1032
14,2010,scincl,scibert,10,100,0.073
14,2010,scincl,scibert,25,100,0.0728
14,2010,scincl,scibert,50,100,0.07440000000000001
14,2010,scincl,bert,10,100,0.059
14,2010,scincl,bert,25,100,0.0588
14,2010,scincl,bert,50,100,0.066
14,2010,scincl,mpnet,10,100,0.34700000000000003
14,2010,scincl,mpnet,25,100,0.3616
14,2010,scincl,mpnet,50,100,0.38159999999999994
14,2010,scincl,minilm,10,100,0.3
14,2010,scincl,minilm,25,100,0.3268
14,2010,scincl,minilm,50,100,0.3454
14,2010,scincl,pubmedbert,10,100,0.045
14,2010,scincl,pubmedbert,25,100,0.0508
14,2010,scincl,pubmedbert,50,100,0.0564
14,2010,scincl,biobert,10,100,0.046
14,2010,scincl,biobert,25,100,0.054000000000000006
14,2010,scincl,biobert,50,100,0.0556
14,2010,scincl,simcse,10,100,0.088
14,2010,scincl,simcse,25,100,0.09480000000000001
14,2010,scincl,simcse,50,100,0.106
14,2010,scibert,bert,10,100,0.172
14,2010,scibert,bert,25,100,0.19760000000000003
14,2010,scibert,bert,50,100,0.2094
14,2010,scibert,mpnet,10,100,0.078
14,2010,scibert,mpnet,25,100,0.0776
14,2010,scibert,mpnet,50,100,0.08800000000000001
14,2010,scibert,minilm,10,100,0.081
14,2010,scibert,minilm,25,100,0.08199999999999999
14,2010,scibert,minilm,50,100,0.09140000000000001
14,2010,scibert,pubmedbert,10,100,0.25
14,2010,scibert,pubmedbert,25,100,0.2756
14,2010,scibert,pubmedbert,50,100,0.3148
14,2010,scibert,biobert,10,100,0.219
14,2010,scibert,biobert,25,100,0.26839999999999997
14,2010,scibert,biobert,50,100,0.2896
14,2010,scibert,simcse,10,100,0.10300000000000001
14,2010,scibert,simcse,25,100,0.1084
14,2010,scibert,simcse,50,100,0.12480000000000001
14,2010,bert,mpnet,10,100,0.067
14,2010,bert,mpnet,25,100,0.0748
14,2010,bert,mpnet,50,100,0.0858
14,2010,bert,minilm,10,100,0.073
14,2010,bert,minilm,25,100,0.0756
14,2010,bert,minilm,50,100,0.0888
14,2010,bert,pubmedbert,10,100,0.152
14,2010,bert,pubmedbert,25,100,0.1696
14,2010,bert,pubmedbert,50,100,0.203
14,2010,bert,biobert,10,100,0.16599999999999998
14,2010,bert,biobert,25,100,0.1924
14,2010,bert,biobert,50,100,0.2084
14,2010,bert,simcse,10,100,0.188
14,2010,bert,simcse,25,100,0.20800000000000002
14,2010,bert,simcse,50,100,0.22920000000000001
14,2010,mpnet,minilm,10,100,0.442
14,2010,mpnet,minilm,25,100,0.45880000000000004
14,2010,mpnet,minilm,50,100,0.47700000000000004
14,2010,mpnet,pubmedbert,10,100,0.05
14,2010,mpnet,pubmedbert,25,100,0.0596
14,2010,mpnet,pubmedbert,50,100,0.0694
14,2010,mpnet,biobert,10,100,0.051000000000000004
14,2010,mpnet,biobert,25,100,0.0604
14,2010,mpnet,biobert,50,100,0.0672
14,2010,mpnet,simcse,10,100,0.1
14,2010,mpnet,simcse,25,100,0.1104
14,2010,mpnet,simcse,50,100,0.1244
14,2010,minilm,pubmedbert,10,100,0.059
14,2010,minilm,pubmedbert,25,100,0.0644
14,2010,minilm,pubmedbert,50,100,0.0786
14,2010,minilm,biobert,10,100,0.05
14,2010,minilm,biobert,25,100,0.061200000000000004
14,2010,minilm,biobert,50,100,0.0738
14,2010,minilm,simcse,10,100,0.118
14,2010,minilm,simcse,25,100,0.12960000000000002
14,2010,minilm,simcse,50,100,0.1386
14,2010,pubmedbert,biobert,10,100,0.244
14,2010,pubmedbert,biobert,25,100,0.2732
14,2010,pubmedbert,biobert,50,100,0.30820000000000003
14,2010,pubmedbert,simcse,10,100,0.075
14,2010,pubmedbert,simcse,25,100,0.0956
14,2010,pubmedbert,simcse,50,100,0.10640000000000001
14,2010,biobert,simcse,10,100,0.091
14,2010,biobert,simcse,25,100,0.10640000000000001
14,2010,biobert,simcse,50,100,0.1182
14,2015,specter,specter2,10,100,0.22999999999999998
14,2015,specter,specter2,25,100,0.2468
14,2015,specter,specter2,50,100,0.2662
14,2015,specter,scincl,10,100,0.268
14,2015,specter,scincl,25,100,0.2984
14,2015,specter,scincl,50,100,0.327
14,2015,specter,scibert,10,100,0.059
14,2015,specter,scibert,25,100,0.076
14,2015,specter,scibert,50,100,0.08
14,2015,specter,bert,10,100,0.05600000000000001
14,2015,specter,bert,25,100,0.0652
14,2015,specter,bert,50,100,0.0754
14,2015,specter,mpnet,10,100,0.273
14,2015,specter,mpnet,25,100,0.29960000000000003
14,2015,specter,mpnet,50,100,0.3166
14,2015,specter,minilm,10,100,0.24700000000000003
14,2015,specter,minilm,25,100,0.2716
14,2015,specter,minilm,50,100,0.2816
14,2015,specter,pubmedbert,10,100,0.045
14,2015,specter,pubmedbert,25,100,0.055999999999999994
14,2015,specter,pubmedbert,50,100,0.0594
14,2015,specter,biobert,10,100,0.043
14,2015,specter,biobert,25,100,0.0572
14,2015,specter,biobert,50,100,0.0644
14,2015,specter,simcse,10,100,0.09
14,2015,specter,simcse,25,100,0.09519999999999999
14,2015,specter,simcse,50,100,0.1014
14,2015,specter2,scincl,10,100,0.304
14,2015,specter2,scincl,25,100,0.3296
14,2015,specter2,scincl,50,100,0.3432
14,2015,specter2,scibert,10,100,0.074
14,2015,specter2,scibert,25,100,0.0904
14,2015,specter2,scibert,50,100,0.0986
14,2015,specter2,bert,10,100,0.079
14,2015,specter2,bert,25,100,0.078
14,2015,specter2,bert,50,100,0.09119999999999999
14,2015,specter2,mpnet,10,100,0.331
14,2015,specter2,mpnet,25,100,0.3432
14,2015,specter2,mpnet,50,100,0.3504
14,2015,specter2,minilm,10,100,0.29
14,2015,specter2,minilm,25,100,0.3072
14,2015,specter2,minilm,50,100,0.3098
14,2015,specter2,pubmedbert,10,100,0.052000000000000005
14,2015,specter2,pubmedbert,25,100,0.0632
14,2015,specter2,pubmedbert,50,100,0.0704
14,2015,specter2,biobert,10,100,0.053000000000000005
14,2015,specter2,biobert,25,100,0.066
14,2015,specter2,biobert,50,100,0.07
14,2015,specter2,simcse,10,100,0.08
14,2015,specter2,simcse,25,100,0.094
14,2015,specter2,simcse,50,100,0.09720000000000001
14,2015,scincl,scibert,10,100,0.062
14,2015,scincl,scibert,25,100,0.0748
14,2015,scincl,scibert,50,100,0.08039999999999999
14,2015,scincl,bert,10,100,0.05500000000000001
14,2015,scincl,bert,25,100,0.062400000000000004
14,2015,scincl,bert,50,100,0.0764
14,2015,scincl,mpnet,10,100,0.319
14,2015,scincl,mpnet,25,100,0.3448
14,2015,scincl,mpnet,50,100,0.3644
14,2015,scincl,minilm,10,100,0.29500000000000004
14,2015,scincl,minilm,25,100,0.3188
14,2015,scincl,minilm,50,100,0.3328
14,2015,scincl,pubmedbert,10,100,0.046
14,2015,scincl,pubmedbert,25,100,0.0508
14,2015,scincl,pubmedbert,50,100,0.0572
14,2015,scincl,biobert,10,100,0.040999999999999995
14,2015,scincl,biobert,25,100,0.0484
14,2015,scincl,biobert,50,100,0.0588
14,2015,scincl,simcse,10,100,0.06999999999999999
14,2015,scincl,simcse,25,100,0.0888
14,2015,scincl,simcse,50,100,0.0986
14,2015,scibert,bert,10,100,0.199
14,2015,scibert,bert,25,100,0.2228
14,2015,scibert,bert,50,100,0.23739999999999997
14,2015,scibert,mpnet,10,100,0.068
14,2015,scibert,mpnet,25,100,0.08039999999999999
14,2015,scibert,mpnet,50,100,0.0872
14,2015,scibert,minilm,10,100,0.06999999999999999
14,2015,scibert,minilm,25,100,0.0808
14,2015,scibert,minilm,50,100,0.08779999999999999
14,2015,scibert,pubmedbert,10,100,0.254
14,2015,scibert,pubmedbert,25,100,0.2852
14,2015,scibert,pubmedbert,50,100,0.3156
14,2015,scibert,biobert,10,100,0.229
14,2015,scibert,biobert,25,100,0.2648
14,2015,scibert,biobert,50,100,0.2892
14,2015,scibert,simcse,10,100,0.10800000000000001
14,2015,scibert,simcse,25,100,0.11800000000000001
14,2015,scibert,simcse,50,100,0.1234
14,2015,bert,mpnet,10,100,0.071
14,2015,bert,mpnet,25,100,0.0828
14,2015,bert,mpnet,50,100,0.10039999999999999
14,2015,bert,minilm,10,100,0.076
14,2015,bert,minilm,25,100,0.08199999999999999
14,2015,bert,minilm,50,100,0.1038
14,2015,bert,pubmedbert,10,100,0.181
14,2015,bert,pubmedbert,25,100,0.1968
14,2015,bert,pubmedbert,50,100,0.21660000000000001
14,2015,bert,biobert,10,100,0.182
14,2015,bert,biobert,25,100,0.2116
14,2015,bert,biobert,50,100,0.2262
14,2015,bert,simcse,10,100,0.173
14,2015,bert,simcse,25,100,0.2028
14,2015,bert,simcse,50,100,0.22219999999999998
14,2015,mpnet,minilm,10,100,0.44800000000000006
14,2015,mpnet,minilm,25,100,0.46
14,2015,mpnet,minilm,50,100,0.47759999999999997
14,2015,mpnet,pubmedbert,10,100,0.05
14,2015,mpnet,pubmedbert,25,100,0.0644
14,2015,mpnet,pubmedbert,50,100,0.0704
14,2015,mpnet,biobert,10,100,0.052000000000000005
14,2015,mpnet,biobert,25,100,0.06280000000000001
14,2015,mpnet,biobert,50,100,0.0722
14,2015,mpnet,simcse,10,100,0.10200000000000001
14,2015,mpnet,simcse,25,100,0.1128
14,2015,mpnet,simcse,50,100,0.13019999999999998
14,2015,minilm,pubmedbert,10,100,0.05500000000000001
14,2015,minilm,pubmedbert,25,100,0.06
14,2015,minilm,pubmedbert,50,100,0.0712
14,2015,minilm,biobert,10,100,0.05600000000000001
14,2015,minilm,biobert,25,100,0.062
14,2015,minilm,biobert,50,100,0.0726
14,2015,minilm,simcse,10,100,0.10800000000000001
14,2015,minilm,simcse,25,100,0.12480000000000001
14,2015,minilm,simcse,50,100,0.1384
14,2015,pubmedbert,biobert,10,100,0.22400000000000003
14,2015,pubmedbert,biobert,25,100,0.2836
14,2015,pubmedbert,biobert,50,100,0.3106
14,2015,pubmedbert,simcse,10,100,0.08299999999999999
14,2015,pubmedbert,simcse,25,100,0.1
14,2015,pubmedbert,simcse,50,100,0.1084
14,2015,biobert,simcse,10,100,0.077
14,2015,biobert,simcse,25,100,0.1036
14,2015,biobert,simcse,50,100,0.1176
14,2020,specter,specter2,10,100,0.229
14,2020,specter,specter2,25,100,0.24960000000000002
14,2020,specter,specter2,50,100,0.2734
14,2020,specter,scincl,10,100,0.28900000000000003
14,2020,specter,scincl,25,100,0.3164
14,2020,specter,scincl,50,100,0.3218
14,2020,specter,scibert,10,100,0.071
14,2020,specter,scibert,25,100,0.0808
14,2020,specter,scibert,50,100,0.0992
14,2020,specter,bert,10,100,0.071
14,2020,specter,bert,25,100,0.08560000000000001
14,2020,specter,bert,50,100,0.09759999999999999
14,2020,specter,mpnet,10,100,0.274
14,2020,specter,mpnet,25,100,0.3132
14,2020,specter,mpnet,50,100,0.32280000000000003
14,2020,specter,minilm,10,100,0.252
14,2020,specter,minilm,25,100,0.28559999999999997
14,2020,specter,minilm,50,100,0.292
14,2020,specter,pubmedbert,10,100,0.052000000000000005
14,2020,specter,pubmedbert,25,100,0.064
14,2020,specter,pubmedbert,50,100,0.0784
14,2020,specter,biobert,10,100,0.051000000000000004
14,2020,specter,biobert,25,100,0.06480000000000001
14,2020,specter,biobert,50,100,0.0814
14,2020,specter,simcse,10,100,0.086
14,2020,specter,simcse,25,100,0.1016
14,2020,specter,simcse,50,100,0.1168
14,2020,specter2,scincl,10,100,0.296
14,2020,specter2,scincl,25,100,0.32159999999999994
14,2020,specter2,scincl,50,100,0.34659999999999996
14,2020,specter2,scibert,10,100,0.098
14,2020,specter2,scibert,25,100,0.11359999999999999
14,2020,specter2,scibert,50,100,0.1266
14,2020,specter2,bert,10,100,0.088
14,2020,specter2,bert,25,100,0.0992
14,2020,specter2,bert,50,100,0.1124
14,2020,specter2,mpnet,10,100,0.303
14,2020,specter2,mpnet,25,100,0.34600000000000003
14,2020,specter2,mpnet,50,100,0.3604
14,2020,specter2,minilm,10,100,0.268
14,2020,specter2,minilm,25,100,0.302
14,2020,specter2,minilm,50,100,0.326
14,2020,specter2,pubmedbert,10,100,0.075
14,2020,specter2,pubmedbert,25,100,0.08039999999999999
14,2020,specter2,pubmedbert,50,100,0.08560000000000001
14,2020,specter2,biobert,10,100,0.075
14,2020,specter2,biobert,25,100,0.076
14,2020,specter2,biobert,50,100,0.09179999999999999
14,2020,specter2,simcse,10,100,0.11100000000000002
14,2020,specter2,simcse,25,100,0.1188
14,2020,specter2,simcse,50,100,0.1266
14,2020,scincl,scibert,10,100,0.066
14,2020,scincl,scibert,25,100,0.0812
14,2020,scincl,scibert,50,100,0.0924
14,2020,scincl,bert,10,100,0.064
14,2020,scincl,bert,25,100,0.0812
14,2020,scincl,bert,50,100,0.09179999999999999
14,2020,scincl,mpnet,10,100,0.32
14,2020,scincl,mpnet,25,100,0.35840000000000005
14,2020,scincl,mpnet,50,100,0.38520000000000004
14,2020,scincl,minilm,10,100,0.279
14,2020,scincl,minilm,25,100,0.31920000000000004
14,2020,scincl,minilm,50,100,0.3508
14,2020,scincl,pubmedbert,10,100,0.051000000000000004
14,2020,scincl,pubmedbert,25,100,0.0644
14,2020,scincl,pubmedbert,50,100,0.0702
14,2020,scincl,biobert,10,100,0.052000000000000005
14,2020,scincl,biobert,25,100,0.064
14,2020,scincl,biobert,50,100,0.0746
14,2020,scincl,simcse,10,100,0.097
14,2020,scincl,simcse,25,100,0.1052
14,2020,scincl,simcse,50,100,0.1182
14,2020,scibert,bert,10,100,0.233
14,2020,scibert,bert,25,100,0.25
14,2020,scibert,bert,50,100,0.2642
14,2020,scibert,mpnet,10,100,0.066
14,2020,scibert,mpnet,25,100,0.094
14,2020,scibert,mpnet,50,100,0.1094
14,2020,scibert,minilm,10,100,0.075
14,2020,scibert,minilm,25,100,0.0932
14,2020,scibert,minilm,50,100,0.11220000000000001
14,2020,scibert,pubmedbert,10,100,0.269
14,2020,scibert,pubmedbert,25,100,0.31079999999999997
14,2020,scibert,pubmedbert,50,100,0.336
14,2020,scibert,biobert,10,100,0.26
14,2020,scibert,biobert,25,100,0.2824
14,2020,scibert,biobert,50,100,0.3098
14,2020,scibert,simcse,10,100,0.123
14,2020,scibert,simcse,25,100,0.14
14,2020,scibert,simcse,50,100,0.1594
14,2020,bert,mpnet,10,100,0.09
14,2020,bert,mpnet,25,100,0.106
14,2020,bert,mpnet,50,100,0.11539999999999999
14,2020,bert,minilm,10,100,0.092
14,2020,bert,minilm,25,100,0.1144
14,2020,bert,minilm,50,100,0.1216
14,2020,bert,pubmedbert,10,100,0.215
14,2020,bert,pubmedbert,25,100,0.22519999999999998
14,2020,bert,pubmedbert,50,100,0.2462
14,2020,bert,biobert,10,100,0.20099999999999998
14,2020,bert,biobert,25,100,0.2296
14,2020,bert,biobert,50,100,0.25780000000000003
14,2020,bert,simcse,10,100,0.22400000000000003
14,2020,bert,simcse,25,100,0.248
14,2020,bert,simcse,50,100,0.27140000000000003
14,2020,mpnet,minilm,10,100,0.42800000000000005
14,2020,mpnet,minilm,25,100,0.4732
14,2020,mpnet,minilm,50,100,0.485
14,2020,mpnet,pubmedbert,10,100,0.063
14,2020,mpnet,pubmedbert,25,100,0.0808
14,2020,mpnet,pubmedbert,50,100,0.0864
14,2020,mpnet,biobert,10,100,0.067
14,2020,mpnet,biobert,25,100,0.0796
14,2020,mpnet,biobert,50,100,0.0898
14,2020,mpnet,simcse,10,100,0.11100000000000002
14,2020,mpnet,simcse,25,100,0.1284
14,2020,mpnet,simcse,50,100,0.1388
14,2020,minilm,pubmedbert,10,100,0.074
14,2020,minilm,pubmedbert,25,100,0.0904
14,2020,minilm,pubmedbert,50,100,0.0934
14,2020,minilm,biobert,10,100,0.06899999999999999
14,2020,minilm,biobert,25,100,0.0824
14,2020,minilm,biobert,50,100,0.0962
14,2020,minilm,simcse,10,100,0.119
14,2020,minilm,simcse,25,100,0.1408
14,2020,minilm,simcse,50,100,0.15539999999999998
14,2020,pubmedbert,biobert,10,100,0.265
14,2020,pubmedbert,biobert,25,100,0.2892
14,2020,pubmedbert,biobert,50,100,0.3196
14,2020,pubmedbert,simcse,10,100,0.10700000000000001
14,2020,pubmedbert,simcse,25,100,0.1288
14,2020,pubmedbert,simcse,50,100,0.1392
14,2020,biobert,simcse,10,100,0.11299999999999999
14,2020,biobert,simcse,25,100,0.1336
14,2020,biobert,simcse,50,100,0.14859999999999998
15,2000,specter,specter2,10,100,0.2
15,2000,specter,specter2,25,100,0.21719999999999998
15,2000,specter,specter2,50,100,0.2328
15,2000,specter,scincl,10,100,0.286
15,2000,specter,scincl,25,100,0.3136
15,2000,specter,scincl,50,100,0.34700000000000003
15,2000,specter,scibert,10,100,0.10800000000000001
15,2000,specter,scibert,25,100,0.12119999999999999
15,2000,specter,scibert,50,100,0.1432
15,2000,specter,bert,10,100,0.08
15,2000,specter,bert,25,100,0.0924
15,2000,specter,bert,50,100,0.11220000000000001
15,2000,specter,mpnet,10,100,0.27
15,2000,specter,mpnet,25,100,0.2892
15,2000,specter,mpnet,50,100,0.3098
15,2000,specter,minilm,10,100,0.238
15,2000,specter,minilm,25,100,0.2644
15,2000,specter,minilm,50,100,0.273
15,2000,specter,pubmedbert,10,100,0.097
15,2000,specter,pubmedbert,25,100,0.114
15,2000,specter,pubmedbert,50,100,0.1282
15,2000,specter,biobert,10,100,0.10200000000000001
15,2000,specter,biobert,25,100,0.11720000000000001
15,2000,specter,biobert,50,100,0.1362
15,2000,specter,simcse,10,100,0.081
15,2000,specter,simcse,25,100,0.086
15,2000,specter,simcse,50,100,0.1026
15,2000,specter2,scincl,10,100,0.227
15,2000,specter2,scincl,25,100,0.2596
15,2000,specter2,scincl,50,100,0.2716
15,2000,specter2,scibert,10,100,0.086
15,2000,specter2,scibert,25,100,0.1084
15,2000,specter2,scibert,50,100,0.1104
15,2000,specter2,bert,10,100,0.064
15,2000,specter2,bert,25,100,0.0784
15,2000,specter2,bert,50,100,0.0832
15,2000,specter2,mpnet,10,100,0.27799999999999997
15,2000,specter2,mpnet,25,100,0.302
15,2000,specter2,mpnet,50,100,0.3016
15,2000,specter2,minilm,10,100,0.231
15,2000,specter2,minilm,25,100,0.24480000000000002
15,2000,specter2,minilm,50,100,0.26280000000000003
15,2000,specter2,pubmedbert,10,100,0.06899999999999999
15,2000,specter2,pubmedbert,25,100,0.08800000000000001
15,2000,specter2,pubmedbert,50,100,0.09519999999999999
15,2000,specter2,biobert,10,100,0.076
15,2000,specter2,biobert,25,100,0.09480000000000001
15,2000,specter2,biobert,50,100,0.1
15,2000,specter2,simcse,10,100,0.073
15,2000,specter2,simcse,25,100,0.0796
15,2000,specter2,simcse,50,100,0.0814
15,2000,scincl,scibert,10,100,0.08499999999999999
15,2000,scincl,scibert,25,100,0.1176
15,2000,scincl,scibert,50,100,0.1258
15,2000,scincl,bert,10,100,0.079
15,2000,scincl,bert,25,100,0.08839999999999999
15,2000,scincl,bert,50,100,0.1056
15,2000,scincl,mpnet,10,100,0.317
15,2000,scincl,mpnet,25,100,0.342
15,2000,scincl,mpnet,50,100,0.369
15,2000,scincl,minilm,10,100,0.275
15,2000,scincl,minilm,25,100,0.2916
15,2000,scincl,minilm,50,100,0.3106
15,2000,scincl,pubmedbert,10,100,0.079
15,2000,scincl,pubmedbert,25,100,0.0984
15,2000,scincl,pubmedbert,50,100,0.1104
15,2000,scincl,biobert,10,100,0.079
15,2000,scincl,biobert,25,100,0.10400000000000001
15,2000,scincl,biobert,50,100,0.1184
15,2000,scincl,simcse,10,100,0.08499999999999999
15,2000,scincl,simcse,25,100,0.08439999999999999
15,2000,scincl,simcse,50,100,0.09519999999999999
15,2000,scibert,bert,10,100,0.185
15,2000,scibert,bert,25,100,0.2104
15,2000,scibert,bert,50,100,0.2332
15,2000,scibert,mpnet,10,100,0.089
15,2000,scibert,mpnet,25,100,0.09759999999999999
15,2000,scibert,mpnet,50,100,0.11220000000000001
15,2000,scibert,minilm,10,100,0.08399999999999999
15,2000,scibert,minilm,25,100,0.092
15,2000,scibert,minilm,50,100,0.102
15,2000,scibert,pubmedbert,10,100,0.354
15,2000,scibert,pubmedbert,25,100,0.37479999999999997
15,2000,scibert,pubmedbert,50,100,0.4104
15,2000,scibert,biobert,10,100,0.331
15,2000,scibert,biobert,25,100,0.35600000000000004
15,2000,scibert,biobert,50,100,0.3804
15,2000,scibert,simcse,10,100,0.10900000000000001
15,2000,scibert,simcse,25,100,0.1112
15,2000,scibert,simcse,50,100,0.12560000000000002
15,2000,bert,mpnet,10,100,0.08
15,2000,bert,mpnet,25,100,0.092
15,2000,bert,mpnet,50,100,0.11019999999999999
15,2000,bert,minilm,10,100,0.074
15,2000,bert,minilm,25,100,0.0872
15,2000,bert,minilm,50,100,0.0984
15,2000,bert,pubmedbert,10,100,0.16299999999999998
15,2000,bert,pubmedbert,25,100,0.2016
15,2000,bert,pubmedbert,50,100,0.2228
15,2000,bert,biobert,10,100,0.207
15,2000,bert,biobert,25,100,0.2324
15,2000,bert,biobert,50,100,0.254
15,2000,bert,simcse,10,100,0.178
15,2000,bert,simcse,25,100,0.20120000000000002
15,2000,bert,simcse,50,100,0.2238
15,2000,mpnet,minilm,10,100,0.41500000000000004
15,2000,mpnet,minilm,25,100,0.4316
15,2000,mpnet,minilm,50,100,0.4514
15,2000,mpnet,pubmedbert,10,100,0.08199999999999999
15,2000,mpnet,pubmedbert,25,100,0.09480000000000001
15,2000,mpnet,pubmedbert,50,100,0.1038
15,2000,mpnet,biobert,10,100,0.094
15,2000,mpnet,biobert,25,100,0.102
15,2000,mpnet,biobert,50,100,0.1158
15,2000,mpnet,simcse,10,100,0.088
15,2000,mpnet,simcse,25,100,0.0908
15,2000,mpnet,simcse,50,100,0.10859999999999999
15,2000,minilm,pubmedbert,10,100,0.081
15,2000,minilm,pubmedbert,25,100,0.0904
15,2000,minilm,pubmedbert,50,100,0.09720000000000001
15,2000,minilm,biobert,10,100,0.08199999999999999
15,2000,minilm,biobert,25,100,0.0944
15,2000,minilm,biobert,50,100,0.106
15,2000,minilm,simcse,10,100,0.09
15,2000,minilm,simcse,25,100,0.094
15,2000,minilm,simcse,50,100,0.1066
15,2000,pubmedbert,biobert,10,100,0.33399999999999996
15,2000,pubmedbert,biobert,25,100,0.3732
15,2000,pubmedbert,biobert,50,100,0.3962
15,2000,pubmedbert,simcse,10,100,0.1
15,2000,pubmedbert,simcse,25,100,0.1092
15,2000,pubmedbert,simcse,50,100,0.11900000000000001
15,2000,biobert,simcse,10,100,0.096
15,2000,biobert,simcse,25,100,0.1168
15,2000,biobert,simcse,50,100,0.131
15,2005,specter,specter2,10,100,0.16899999999999998
15,2005,specter,specter2,25,100,0.2072
15,2005,specter,specter2,50,100,0.22219999999999998
15,2005,specter,scincl,10,100,0.252
15,2005,specter,scincl,25,100,0.292
15,2005,specter,scincl,50,100,0.3166
15,2005,specter,scibert,10,100,0.10900000000000001
15,2005,specter,scibert,25,100,0.14
15,2005,specter,scibert,50,100,0.1462
15,2005,specter,bert,10,100,0.073
15,2005,specter,bert,25,100,0.0944
15,2005,specter,bert,50,100,0.115
15,2005,specter,mpnet,10,100,0.242
15,2005,specter,mpnet,25,100,0.278
15,2005,specter,mpnet,50,100,0.299
15,2005,specter,minilm,10,100,0.19
15,2005,specter,minilm,25,100,0.23559999999999998
15,2005,specter,minilm,50,100,0.2622
15,2005,specter,pubmedbert,10,100,0.08
15,2005,specter,pubmedbert,25,100,0.106
15,2005,specter,pubmedbert,50,100,0.1282
15,2005,specter,biobert,10,100,0.10300000000000001
15,2005,specter,biobert,25,100,0.1208
15,2005,specter,biobert,50,100,0.1336
15,2005,specter,simcse,10,100,0.08199999999999999
15,2005,specter,simcse,25,100,0.0908
15,2005,specter,simcse,50,100,0.10400000000000001
15,2005,specter2,scincl,10,100,0.21000000000000002
15,2005,specter2,scincl,25,100,0.242
15,2005,specter2,scincl,50,100,0.2548
15,2005,specter2,scibert,10,100,0.09
15,2005,specter2,scibert,25,100,0.10800000000000001
15,2005,specter2,scibert,50,100,0.1252
15,2005,specter2,bert,10,100,0.056999999999999995
15,2005,specter2,bert,25,100,0.0688
15,2005,specter2,bert,50,100,0.0866
15,2005,specter2,mpnet,10,100,0.238
15,2005,specter2,mpnet,25,100,0.2432
15,2005,specter2,mpnet,50,100,0.276
15,2005,specter2,minilm,10,100,0.189
15,2005,specter2,minilm,25,100,0.22
15,2005,specter2,minilm,50,100,0.2398
15,2005,specter2,pubmedbert,10,100,0.061
15,2005,specter2,pubmedbert,25,100,0.0836
15,2005,specter2,pubmedbert,50,100,0.10339999999999999
15,2005,specter2,biobert,10,100,0.08399999999999999
15,2005,specter2,biobert,25,100,0.09359999999999999
15,2005,specter2,biobert,50,100,0.10859999999999999
15,2005,specter2,simcse,10,100,0.065
15,2005,specter2,simcse,25,100,0.0716
15,2005,specter2,simcse,50,100,0.0834
15,2005,scincl,scibert,10,100,0.09
15,2005,scincl,scibert,25,100,0.11599999999999999
15,2005,scincl,scibert,50,100,0.132
15,2005,scincl,bert,10,100,0.072
15,2005,scincl,bert,25,100,0.0892
15,2005,scincl,bert,50,100,0.10779999999999999
15,2005,scincl,mpnet,10,100,0.325
15,2005,scincl,mpnet,25,100,0.34159999999999996
15,2005,scincl,mpnet,50,100,0.3558
15,2005,scincl,minilm,10,100,0.26
15,2005,scincl,minilm,25,100,0.29600000000000004
15,2005,scincl,minilm,50,100,0.313
15,2005,scincl,pubmedbert,10,100,0.075
15,2005,scincl,pubmedbert,25,100,0.0908
15,2005,scincl,pubmedbert,50,100,0.1096
15,2005,scincl,biobert,10,100,0.08299999999999999
15,2005,scincl,biobert,25,100,0.10679999999999999
15,2005,scincl,biobert,50,100,0.12300000000000001
15,2005,scincl,simcse,10,100,0.06999999999999999
15,2005,scincl,simcse,25,100,0.0848
15,2005,scincl,simcse,50,100,0.0978
15,2005,scibert,bert,10,100,0.176
15,2005,scibert,bert,25,100,0.2024
15,2005,scibert,bert,50,100,0.217
15,2005,scibert,mpnet,10,100,0.091
15,2005,scibert,mpnet,25,100,0.1052
15,2005,scibert,mpnet,50,100,0.1232
15,2005,scibert,minilm,10,100,0.079
15,2005,scibert,minilm,25,100,0.1012
15,2005,scibert,minilm,50,100,0.11560000000000001
15,2005,scibert,pubmedbert,10,100,0.322
15,2005,scibert,pubmedbert,25,100,0.36479999999999996
15,2005,scibert,pubmedbert,50,100,0.3804
15,2005,scibert,biobert,10,100,0.311
15,2005,scibert,biobert,25,100,0.336
15,2005,scibert,biobert,50,100,0.3668
15,2005,scibert,simcse,10,100,0.096
15,2005,scibert,simcse,25,100,0.1112
15,2005,scibert,simcse,50,100,0.129
15,2005,bert,mpnet,10,100,0.076
15,2005,bert,mpnet,25,100,0.09119999999999999
15,2005,bert,mpnet,50,100,0.11560000000000001
15,2005,bert,minilm,10,100,0.08299999999999999
15,2005,bert,minilm,25,100,0.09480000000000001
15,2005,bert,minilm,50,100,0.1106
15,2005,bert,pubmedbert,10,100,0.16299999999999998
15,2005,bert,pubmedbert,25,100,0.196
15,2005,bert,pubmedbert,50,100,0.2148
15,2005,bert,biobert,10,100,0.16499999999999998
15,2005,bert,biobert,25,100,0.21359999999999998
15,2005,bert,biobert,50,100,0.2396
15,2005,bert,simcse,10,100,0.17099999999999999
15,2005,bert,simcse,25,100,0.1936
15,2005,bert,simcse,50,100,0.21960000000000002
15,2005,mpnet,minilm,10,100,0.418
15,2005,mpnet,minilm,25,100,0.4456
15,2005,mpnet,minilm,50,100,0.46159999999999995
15,2005,mpnet,pubmedbert,10,100,0.08399999999999999
15,2005,mpnet,pubmedbert,25,100,0.09720000000000001
15,2005,mpnet,pubmedbert,50,100,0.1144
15,2005,mpnet,biobert,10,100,0.096
15,2005,mpnet,biobert,25,100,0.11
15,2005,mpnet,biobert,50,100,0.126
15,2005,mpnet,simcse,10,100,0.095
15,2005,mpnet,simcse,25,100,0.1024
15,2005,mpnet,simcse,50,100,0.11380000000000001
15,2005,minilm,pubmedbert,10,100,0.066
15,2005,minilm,pubmedbert,25,100,0.0928
15,2005,minilm,pubmedbert,50,100,0.1052
15,2005,minilm,biobert,10,100,0.081
15,2005,minilm,biobert,25,100,0.1012
15,2005,minilm,biobert,50,100,0.1142
15,2005,minilm,simcse,10,100,0.089
15,2005,minilm,simcse,25,100,0.1076
15,2005,minilm,simcse,50,100,0.11560000000000001
15,2005,pubmedbert,biobert,10,100,0.324
15,2005,pubmedbert,biobert,25,100,0.35240000000000005
15,2005,pubmedbert,biobert,50,100,0.377
15,2005,pubmedbert,simcse,10,100,0.092
15,2005,pubmedbert,simcse,25,100,0.10880000000000001
15,2005,pubmedbert,simcse,50,100,0.129
15,2005,biobert,simcse,10,100,0.10400000000000001
15,2005,biobert,simcse,25,100,0.10640000000000001
15,2005,biobert,simcse,50,100,0.1294
15,2010,specter,specter2,10,100,0.213
15,2010,specter,specter2,25,100,0.2184
15,2010,specter,specter2,50,100,0.235
15,2010,specter,scincl,10,100,0.267
15,2010,specter,scincl,25,100,0.3044
15,2010,specter,scincl,50,100,0.3336
15,2010,specter,scibert,10,100,0.10800000000000001
15,2010,specter,scibert,25,100,0.124
15,2010,specter,scibert,50,100,0.1478
15,2010,specter,bert,10,100,0.08199999999999999
15,2010,specter,bert,25,100,0.1076
15,2010,specter,bert,50,100,0.1264
15,2010,specter,mpnet,10,100,0.257
15,2010,specter,mpnet,25,100,0.2812
15,2010,specter,mpnet,50,100,0.3116
15,2010,specter,minilm,10,100,0.225
15,2010,specter,minilm,25,100,0.2416
15,2010,specter,minilm,50,100,0.2658
15,2010,specter,pubmedbert,10,100,0.086
15,2010,specter,pubmedbert,25,100,0.11599999999999999
15,2010,specter,pubmedbert,50,100,0.13699999999999998
15,2010,specter,biobert,10,100,0.10300000000000001
15,2010,specter,biobert,25,100,0.1252
15,2010,specter,biobert,50,100,0.1444
15,2010,specter,simcse,10,100,0.08
15,2010,specter,simcse,25,100,0.0916
15,2010,specter,simcse,50,100,0.1176
15,2010,specter2,scincl,10,100,0.246
15,2010,specter2,scincl,25,100,0.25079999999999997
15,2010,specter2,scincl,50,100,0.258
15,2010,specter2,scibert,10,100,0.093
15,2010,specter2,scibert,25,100,0.11599999999999999
15,2010,specter2,scibert,50,100,0.1272
15,2010,specter2,bert,10,100,0.071
15,2010,specter2,bert,25,100,0.0832
15,2010,specter2,bert,50,100,0.09720000000000001
15,2010,specter2,mpnet,10,100,0.264
15,2010,specter2,mpnet,25,100,0.2788
15,2010,specter2,mpnet,50,100,0.2812
15,2010,specter2,minilm,10,100,0.229
15,2010,specter2,minilm,25,100,0.23120000000000002
15,2010,specter2,minilm,50,100,0.2492
15,2010,specter2,pubmedbert,10,100,0.08499999999999999
15,2010,specter2,pubmedbert,25,100,0.0956
15,2010,specter2,pubmedbert,50,100,0.10619999999999999
15,2010,specter2,biobert,10,100,0.078
15,2010,specter2,biobert,25,100,0.10400000000000001
15,2010,specter2,biobert,50,100,0.1112
15,2010,specter2,simcse,10,100,0.071
15,2010,specter2,simcse,25,100,0.07919999999999999
15,2010,specter2,simcse,50,100,0.0894
15,2010,scincl,scibert,10,100,0.1
15,2010,scincl,scibert,25,100,0.1168
15,2010,scincl,scibert,50,100,0.13140000000000002
15,2010,scincl,bert,10,100,0.081
15,2010,scincl,bert,25,100,0.10439999999999999
15,2010,scincl,bert,50,100,0.11560000000000001
15,2010,scincl,mpnet,10,100,0.317
15,2010,scincl,mpnet,25,100,0.3372
15,2010,scincl,mpnet,50,100,0.354
15,2010,scincl,minilm,10,100,0.273
15,2010,scincl,minilm,25,100,0.2812
15,2010,scincl,minilm,50,100,0.301
15,2010,scincl,pubmedbert,10,100,0.086
15,2010,scincl,pubmedbert,25,100,0.1036
15,2010,scincl,pubmedbert,50,100,0.1188
15,2010,scincl,biobert,10,100,0.081
15,2010,scincl,biobert,25,100,0.1092
15,2010,scincl,biobert,50,100,0.1232
15,2010,scincl,simcse,10,100,0.076
15,2010,scincl,simcse,25,100,0.08800000000000001
15,2010,scincl,simcse,50,100,0.1032
15,2010,scibert,bert,10,100,0.20400000000000001
15,2010,scibert,bert,25,100,0.2316
15,2010,scibert,bert,50,100,0.2376
15,2010,scibert,mpnet,10,100,0.10200000000000001
15,2010,scibert,mpnet,25,100,0.10439999999999999
15,2010,scibert,mpnet,50,100,0.1272
15,2010,scibert,minilm,10,100,0.08399999999999999
15,2010,scibert,minilm,25,100,0.10679999999999999
15,2010,scibert,minilm,50,100,0.12179999999999999
15,2010,scibert,pubmedbert,10,100,0.351
15,2010,scibert,pubmedbert,25,100,0.3972
15,2010,scibert,pubmedbert,50,100,0.426
15,2010,scibert,biobert,10,100,0.32599999999999996
15,2010,scibert,biobert,25,100,0.3704
15,2010,scibert,biobert,50,100,0.3998
15,2010,scibert,simcse,10,100,0.1
15,2010,scibert,simcse,25,100,0.13119999999999998
15,2010,scibert,simcse,50,100,0.1446
15,2010,bert,mpnet,10,100,0.08399999999999999
15,2010,bert,mpnet,25,100,0.09480000000000001
15,2010,bert,mpnet,50,100,0.11939999999999999
15,2010,bert,minilm,10,100,0.078
15,2010,bert,minilm,25,100,0.0908
15,2010,bert,minilm,50,100,0.11199999999999999
15,2010,bert,pubmedbert,10,100,0.195
15,2010,bert,pubmedbert,25,100,0.218
15,2010,bert,pubmedbert,50,100,0.2418
15,2010,bert,biobert,10,100,0.23199999999999998
15,2010,bert,biobert,25,100,0.2536
15,2010,bert,biobert,50,100,0.27140000000000003
15,2010,bert,simcse,10,100,0.177
15,2010,bert,simcse,25,100,0.2096
15,2010,bert,simcse,50,100,0.2364
15,2010,mpnet,minilm,10,100,0.42300000000000004
15,2010,mpnet,minilm,25,100,0.43439999999999995
15,2010,mpnet,minilm,50,100,0.4654
15,2010,mpnet,pubmedbert,10,100,0.078
15,2010,mpnet,pubmedbert,25,100,0.0968
15,2010,mpnet,pubmedbert,50,100,0.1208
15,2010,mpnet,biobert,10,100,0.087
15,2010,mpnet,biobert,25,100,0.1048
15,2010,mpnet,biobert,50,100,0.1298
15,2010,mpnet,simcse,10,100,0.08199999999999999
15,2010,mpnet,simcse,25,100,0.0992
15,2010,mpnet,simcse,50,100,0.11939999999999999
15,2010,minilm,pubmedbert,10,100,0.079
15,2010,minilm,pubmedbert,25,100,0.09480000000000001
15,2010,minilm,pubmedbert,50,100,0.1128
15,2010,minilm,biobert,10,100,0.095
15,2010,minilm,biobert,25,100,0.1024
15,2010,minilm,biobert,50,100,0.1208
15,2010,minilm,simcse,10,100,0.08499999999999999
15,2010,minilm,simcse,25,100,0.098
15,2010,minilm,simcse,50,100,0.11960000000000001
15,2010,pubmedbert,biobert,10,100,0.368
15,2010,pubmedbert,biobert,25,100,0.3972
15,2010,pubmedbert,biobert,50,100,0.4224
15,2010,pubmedbert,simcse,10,100,0.093
15,2010,pubmedbert,simcse,25,100,0.1128
15,2010,pubmedbert,simcse,50,100,0.1392
15,2010,biobert,simcse,10,100,0.10800000000000001
15,2010,biobert,simcse,25,100,0.12359999999999999
15,2010,biobert,simcse,50,100,0.1478
15,2015,specter,specter2,10,100,0.242
15,2015,specter,specter2,25,100,0.2488
15,2015,specter,specter2,50,100,0.2638
15,2015,specter,scincl,10,100,0.294
15,2015,specter,scincl,25,100,0.3356
15,2015,specter,scincl,50,100,0.36200000000000004
15,2015,specter,scibert,10,100,0.10400000000000001
15,2015,specter,scibert,25,100,0.1324
15,2015,specter,scibert,50,100,0.15380000000000002
15,2015,specter,bert,10,100,0.087
15,2015,specter,bert,25,100,0.10880000000000001
15,2015,specter,bert,50,100,0.127
15,2015,specter,mpnet,10,100,0.292
15,2015,specter,mpnet,25,100,0.3136
15,2015,specter,mpnet,50,100,0.33340000000000003
15,2015,specter,minilm,10,100,0.257
15,2015,specter,minilm,25,100,0.2748
15,2015,specter,minilm,50,100,0.2948
15,2015,specter,pubmedbert,10,100,0.08299999999999999
15,2015,specter,pubmedbert,25,100,0.1108
15,2015,specter,pubmedbert,50,100,0.134
15,2015,specter,biobert,10,100,0.092
15,2015,specter,biobert,25,100,0.1144
15,2015,specter,biobert,50,100,0.1432
15,2015,specter,simcse,10,100,0.08399999999999999
15,2015,specter,simcse,25,100,0.10439999999999999
15,2015,specter,simcse,50,100,0.12539999999999998
15,2015,specter2,scincl,10,100,0.258
15,2015,specter2,scincl,25,100,0.2884
15,2015,specter2,scincl,50,100,0.3018
15,2015,specter2,scibert,10,100,0.11100000000000002
15,2015,specter2,scibert,25,100,0.1268
15,2015,specter2,scibert,50,100,0.1404
15,2015,specter2,bert,10,100,0.08199999999999999
15,2015,specter2,bert,25,100,0.08960000000000001
15,2015,specter2,bert,50,100,0.10339999999999999
15,2015,specter2,mpnet,10,100,0.29500000000000004
15,2015,specter2,mpnet,25,100,0.3156
15,2015,specter2,mpnet,50,100,0.3284
15,2015,specter2,minilm,10,100,0.259
15,2015,specter2,minilm,25,100,0.2632
15,2015,specter2,minilm,50,100,0.2782
15,2015,specter2,pubmedbert,10,100,0.091
15,2015,specter2,pubmedbert,25,100,0.1036
15,2015,specter2,pubmedbert,50,100,0.12560000000000002
15,2015,specter2,biobert,10,100,0.10400000000000001
15,2015,specter2,biobert,25,100,0.11320000000000001
15,2015,specter2,biobert,50,100,0.129
15,2015,specter2,simcse,10,100,0.075
15,2015,specter2,simcse,25,100,0.092
15,2015,specter2,simcse,50,100,0.102
15,2015,scincl,scibert,10,100,0.09
15,2015,scincl,scibert,25,100,0.12480000000000001
15,2015,scincl,scibert,50,100,0.1438
15,2015,scincl,bert,10,100,0.08499999999999999
15,2015,scincl,bert,25,100,0.092
15,2015,scincl,bert,50,100,0.11599999999999999
15,2015,scincl,mpnet,10,100,0.319
15,2015,scincl,mpnet,25,100,0.3676
15,2015,scincl,mpnet,50,100,0.387
15,2015,scincl,minilm,10,100,0.271
15,2015,scincl,minilm,25,100,0.3104
15,2015,scincl,minilm,50,100,0.33640000000000003
15,2015,scincl,pubmedbert,10,100,0.08199999999999999
15,2015,scincl,pubmedbert,25,100,0.1052
15,2015,scincl,pubmedbert,50,100,0.12480000000000001
15,2015,scincl,biobert,10,100,0.098
15,2015,scincl,biobert,25,100,0.11359999999999999
15,2015,scincl,biobert,50,100,0.1282
15,2015,scincl,simcse,10,100,0.089
15,2015,scincl,simcse,25,100,0.1032
15,2015,scincl,simcse,50,100,0.11699999999999999
15,2015,scibert,bert,10,100,0.207
15,2015,scibert,bert,25,100,0.2164
15,2015,scibert,bert,50,100,0.254
15,2015,scibert,mpnet,10,100,0.093
15,2015,scibert,mpnet,25,100,0.1188
15,2015,scibert,mpnet,50,100,0.1358
15,2015,scibert,minilm,10,100,0.081
15,2015,scibert,minilm,25,100,0.10800000000000001
15,2015,scibert,minilm,50,100,0.125
15,2015,scibert,pubmedbert,10,100,0.37
15,2015,scibert,pubmedbert,25,100,0.382
15,2015,scibert,pubmedbert,50,100,0.40259999999999996
15,2015,scibert,biobert,10,100,0.323
15,2015,scibert,biobert,25,100,0.3396
15,2015,scibert,biobert,50,100,0.3716
15,2015,scibert,simcse,10,100,0.096
15,2015,scibert,simcse,25,100,0.1184
15,2015,scibert,simcse,50,100,0.14300000000000002
15,2015,bert,mpnet,10,100,0.094
15,2015,bert,mpnet,25,100,0.102
15,2015,bert,mpnet,50,100,0.12119999999999999
15,2015,bert,minilm,10,100,0.08199999999999999
15,2015,bert,minilm,25,100,0.0956
15,2015,bert,minilm,50,100,0.1164
15,2015,bert,pubmedbert,10,100,0.196
15,2015,bert,pubmedbert,25,100,0.2132
15,2015,bert,pubmedbert,50,100,0.2452
15,2015,bert,biobert,10,100,0.22799999999999998
15,2015,bert,biobert,25,100,0.2376
15,2015,bert,biobert,50,100,0.27
15,2015,bert,simcse,10,100,0.18
15,2015,bert,simcse,25,100,0.21719999999999998
15,2015,bert,simcse,50,100,0.23800000000000002
15,2015,mpnet,minilm,10,100,0.445
15,2015,mpnet,minilm,25,100,0.45640000000000003
15,2015,mpnet,minilm,50,100,0.4692
15,2015,mpnet,pubmedbert,10,100,0.08299999999999999
15,2015,mpnet,pubmedbert,25,100,0.1096
15,2015,mpnet,pubmedbert,50,100,0.1252
15,2015,mpnet,biobert,10,100,0.097
15,2015,mpnet,biobert,25,100,0.1076
15,2015,mpnet,biobert,50,100,0.1346
15,2015,mpnet,simcse,10,100,0.092
15,2015,mpnet,simcse,25,100,0.10800000000000001
15,2015,mpnet,simcse,50,100,0.126
15,2015,minilm,pubmedbert,10,100,0.079
15,2015,minilm,pubmedbert,25,100,0.09880000000000001
15,2015,minilm,pubmedbert,50,100,0.11560000000000001
15,2015,minilm,biobert,10,100,0.081
15,2015,minilm,biobert,25,100,0.09880000000000001
15,2015,minilm,biobert,50,100,0.12240000000000001
15,2015,minilm,simcse,10,100,0.094
15,2015,minilm,simcse,25,100,0.1116
15,2015,minilm,simcse,50,100,0.1284
15,2015,pubmedbert,biobert,10,100,0.34500000000000003
15,2015,pubmedbert,biobert,25,100,0.3624
15,2015,pubmedbert,biobert,50,100,0.38799999999999996
15,2015,pubmedbert,simcse,10,100,0.099
15,2015,pubmedbert,simcse,25,100,0.1168
15,2015,pubmedbert,simcse,50,100,0.138
15,2015,biobert,simcse,10,100,0.10900000000000001
15,2015,biobert,simcse,25,100,0.1216
15,2015,biobert,simcse,50,100,0.1422
15,2020,specter,specter2,10,100,0.22799999999999998
15,2020,specter,specter2,25,100,0.2412
15,2020,specter,specter2,50,100,0.2506
15,2020,specter,scincl,10,100,0.307
15,2020,specter,scincl,25,100,0.33799999999999997
15,2020,specter,scincl,50,100,0.35340000000000005
15,2020,specter,scibert,10,100,0.10700000000000001
15,2020,specter,scibert,25,100,0.128
15,2020,specter,scibert,50,100,0.15259999999999999
15,2020,specter,bert,10,100,0.071
15,2020,specter,bert,25,100,0.1
15,2020,specter,bert,50,100,0.12380000000000001
15,2020,specter,mpnet,10,100,0.277
15,2020,specter,mpnet,25,100,0.2888
15,2020,specter,mpnet,50,100,0.313
15,2020,specter,minilm,10,100,0.23700000000000002
15,2020,specter,minilm,25,100,0.2484
15,2020,specter,minilm,50,100,0.268
15,2020,specter,pubmedbert,10,100,0.097
15,2020,specter,pubmedbert,25,100,0.11199999999999999
15,2020,specter,pubmedbert,50,100,0.1352
15,2020,specter,biobert,10,100,0.093
15,2020,specter,biobert,25,100,0.12279999999999999
15,2020,specter,biobert,50,100,0.14800000000000002
15,2020,specter,simcse,10,100,0.072
15,2020,specter,simcse,25,100,0.0932
15,2020,specter,simcse,50,100,0.11560000000000001
15,2020,specter2,scincl,10,100,0.263
15,2020,specter2,scincl,25,100,0.2752
15,2020,specter2,scincl,50,100,0.272
15,2020,specter2,scibert,10,100,0.124
15,2020,specter2,scibert,25,100,0.1344
15,2020,specter2,scibert,50,100,0.14880000000000002
15,2020,specter2,bert,10,100,0.076
15,2020,specter2,bert,25,100,0.0864
15,2020,specter2,bert,50,100,0.0992
15,2020,specter2,mpnet,10,100,0.29300000000000004
15,2020,specter2,mpnet,25,100,0.3048
15,2020,specter2,mpnet,50,100,0.3012
15,2020,specter2,minilm,10,100,0.23900000000000002
15,2020,specter2,minilm,25,100,0.24480000000000002
15,2020,specter2,minilm,50,100,0.24960000000000002
15,2020,specter2,pubmedbert,10,100,0.10200000000000001
15,2020,specter2,pubmedbert,25,100,0.1168
15,2020,specter2,pubmedbert,50,100,0.126
15,2020,specter2,biobert,10,100,0.10500000000000001
15,2020,specter2,biobert,25,100,0.1168
15,2020,specter2,biobert,50,100,0.1308
15,2020,specter2,simcse,10,100,0.081
15,2020,specter2,simcse,25,100,0.0816
15,2020,specter2,simcse,50,100,0.09759999999999999
15,2020,scincl,scibert,10,100,0.119
15,2020,scincl,scibert,25,100,0.1316
15,2020,scincl,scibert,50,100,0.1464
15,2020,scincl,bert,10,100,0.066
15,2020,scincl,bert,25,100,0.09519999999999999
15,2020,scincl,bert,50,100,0.1128
15,2020,scincl,mpnet,10,100,0.315
15,2020,scincl,mpnet,25,100,0.3448
15,2020,scincl,mpnet,50,100,0.3582
15,2020,scincl,minilm,10,100,0.24500000000000002
15,2020,scincl,minilm,25,100,0.282
15,2020,scincl,minilm,50,100,0.29960000000000003
15,2020,scincl,pubmedbert,10,100,0.09
15,2020,scincl,pubmedbert,25,100,0.1076
15,2020,scincl,pubmedbert,50,100,0.12179999999999999
15,2020,scincl,biobert,10,100,0.10800000000000001
15,2020,scincl,biobert,25,100,0.1168
15,2020,scincl,biobert,50,100,0.13419999999999999
15,2020,scincl,simcse,10,100,0.068
15,2020,scincl,simcse,25,100,0.0836
15,2020,scincl,simcse,50,100,0.1038
15,2020,scibert,bert,10,100,0.173
15,2020,scibert,bert,25,100,0.212
15,2020,scibert,bert,50,100,0.2346
15,2020,scibert,mpnet,10,100,0.11399999999999999
15,2020,scibert,mpnet,25,100,0.12240000000000001
15,2020,scibert,mpnet,50,100,0.1392
15,2020,scibert,minilm,10,100,0.098
15,2020,scibert,minilm,25,100,0.102
15,2020,scibert,minilm,50,100,0.1208
15,2020,scibert,pubmedbert,10,100,0.346
15,2020,scibert,pubmedbert,25,100,0.3912
15,2020,scibert,pubmedbert,50,100,0.42340000000000005
15,2020,scibert,biobert,10,100,0.337
15,2020,scibert,biobert,25,100,0.3604
15,2020,scibert,biobert,50,100,0.38439999999999996
15,2020,scibert,simcse,10,100,0.092
15,2020,scibert,simcse,25,100,0.10800000000000001
15,2020,scibert,simcse,50,100,0.1316
15,2020,bert,mpnet,10,100,0.078
15,2020,bert,mpnet,25,100,0.10039999999999999
15,2020,bert,mpnet,50,100,0.1202
15,2020,bert,minilm,10,100,0.072
15,2020,bert,minilm,25,100,0.0984
15,2020,bert,minilm,50,100,0.11560000000000001
15,2020,bert,pubmedbert,10,100,0.18
15,2020,bert,pubmedbert,25,100,0.19920000000000002
15,2020,bert,pubmedbert,50,100,0.2234
15,2020,bert,biobert,10,100,0.197
15,2020,bert,biobert,25,100,0.21280000000000002
15,2020,bert,biobert,50,100,0.24359999999999998
15,2020,bert,simcse,10,100,0.13899999999999998
15,2020,bert,simcse,25,100,0.1808
15,2020,bert,simcse,50,100,0.2112
15,2020,mpnet,minilm,10,100,0.442
15,2020,mpnet,minilm,25,100,0.44799999999999995
15,2020,mpnet,minilm,50,100,0.4576
15,2020,mpnet,pubmedbert,10,100,0.091
15,2020,mpnet,pubmedbert,25,100,0.1048
15,2020,mpnet,pubmedbert,50,100,0.1294
15,2020,mpnet,biobert,10,100,0.092
15,2020,mpnet,biobert,25,100,0.1204
15,2020,mpnet,biobert,50,100,0.139
15,2020,mpnet,simcse,10,100,0.096
15,2020,mpnet,simcse,25,100,0.10640000000000001
15,2020,mpnet,simcse,50,100,0.1242
15,2020,minilm,pubmedbert,10,100,0.06999999999999999
15,2020,minilm,pubmedbert,25,100,0.0924
15,2020,minilm,pubmedbert,50,100,0.11199999999999999
15,2020,minilm,biobert,10,100,0.08
15,2020,minilm,biobert,25,100,0.106
15,2020,minilm,biobert,50,100,0.126
15,2020,minilm,simcse,10,100,0.092
15,2020,minilm,simcse,25,100,0.1016
15,2020,minilm,simcse,50,100,0.1148
15,2020,pubmedbert,biobert,10,100,0.33199999999999996
15,2020,pubmedbert,biobert,25,100,0.3728
15,2020,pubmedbert,biobert,50,100,0.3912
15,2020,pubmedbert,simcse,10,100,0.08
15,2020,pubmedbert,simcse,25,100,0.1012
15,2020,pubmedbert,simcse,50,100,0.12480000000000001
15,2020,biobert,simcse,10,100,0.087
15,2020,biobert,simcse,25,100,0.1072
15,2020,biobert,simcse,50,100,0.1244
16,2000,specter,specter2,10,100,0.177
16,2000,specter,specter2,25,100,0.1844
16,2000,specter,specter2,50,100,0.195
16,2000,specter,scincl,10,100,0.24300000000000002
16,2000,specter,scincl,25,100,0.28800000000000003
16,2000,specter,scincl,50,100,0.3038
16,2000,specter,scibert,10,100,0.087
16,2000,specter,scibert,25,100,0.1176
16,2000,specter,scibert,50,100,0.1418
16,2000,specter,bert,10,100,0.053000000000000005
16,2000,specter,bert,25,100,0.0724
16,2000,specter,bert,50,100,0.0928
16,2000,specter,mpnet,10,100,0.21800000000000003
16,2000,specter,mpnet,25,100,0.24280000000000002
16,2000,specter,mpnet,50,100,0.2632
16,2000,specter,minilm,10,100,0.193
16,2000,specter,minilm,25,100,0.204
16,2000,specter,minilm,50,100,0.2152
16,2000,specter,pubmedbert,10,100,0.088
16,2000,specter,pubmedbert,25,100,0.1032
16,2000,specter,pubmedbert,50,100,0.1324
16,2000,specter,biobert,10,100,0.093
16,2000,specter,biobert,25,100,0.1096
16,2000,specter,biobert,50,100,0.1376
16,2000,specter,simcse,10,100,0.051000000000000004
16,2000,specter,simcse,25,100,0.0644
16,2000,specter,simcse,50,100,0.08800000000000001
16,2000,specter2,scincl,10,100,0.184
16,2000,specter2,scincl,25,100,0.218
16,2000,specter2,scincl,50,100,0.2298
16,2000,specter2,scibert,10,100,0.08299999999999999
16,2000,specter2,scibert,25,100,0.09
16,2000,specter2,scibert,50,100,0.10800000000000001
16,2000,specter2,bert,10,100,0.051000000000000004
16,2000,specter2,bert,25,100,0.0556
16,2000,specter2,bert,50,100,0.0692
16,2000,specter2,mpnet,10,100,0.209
16,2000,specter2,mpnet,25,100,0.22399999999999998
16,2000,specter2,mpnet,50,100,0.2314
16,2000,specter2,minilm,10,100,0.173
16,2000,specter2,minilm,25,100,0.1864
16,2000,specter2,minilm,50,100,0.1956
16,2000,specter2,pubmedbert,10,100,0.076
16,2000,specter2,pubmedbert,25,100,0.0832
16,2000,specter2,pubmedbert,50,100,0.09820000000000001
16,2000,specter2,biobert,10,100,0.073
16,2000,specter2,biobert,25,100,0.08560000000000001
16,2000,specter2,biobert,50,100,0.1
16,2000,specter2,simcse,10,100,0.038
16,2000,specter2,simcse,25,100,0.0552
16,2000,specter2,simcse,50,100,0.0632
16,2000,scincl,scibert,10,100,0.089
16,2000,scincl,scibert,25,100,0.1124
16,2000,scincl,scibert,50,100,0.1462
16,2000,scincl,bert,10,100,0.046
16,2000,scincl,bert,25,100,0.0724
16,2000,scincl,bert,50,100,0.0946
16,2000,scincl,mpnet,10,100,0.253
16,2000,scincl,mpnet,25,100,0.2892
16,2000,scincl,mpnet,50,100,0.30820000000000003
16,2000,scincl,minilm,10,100,0.20099999999999998
16,2000,scincl,minilm,25,100,0.222
16,2000,scincl,minilm,50,100,0.24239999999999998
16,2000,scincl,pubmedbert,10,100,0.08499999999999999
16,2000,scincl,pubmedbert,25,100,0.10640000000000001
16,2000,scincl,pubmedbert,50,100,0.1272
16,2000,scincl,biobert,10,100,0.08399999999999999
16,2000,scincl,biobert,25,100,0.11320000000000001
16,2000,scincl,biobert,50,100,0.1334
16,2000,scincl,simcse,10,100,0.043
16,2000,scincl,simcse,25,100,0.0632
16,2000,scincl,simcse,50,100,0.0828
16,2000,scibert,bert,10,100,0.183
16,2000,scibert,bert,25,100,0.222
16,2000,scibert,bert,50,100,0.2494
16,2000,scibert,mpnet,10,100,0.071
16,2000,scibert,mpnet,25,100,0.1
16,2000,scibert,mpnet,50,100,0.12539999999999998
16,2000,scibert,minilm,10,100,0.078
16,2000,scibert,minilm,25,100,0.092
16,2000,scibert,minilm,50,100,0.11560000000000001
16,2000,scibert,pubmedbert,10,100,0.385
16,2000,scibert,pubmedbert,25,100,0.418
16,2000,scibert,pubmedbert,50,100,0.442
16,2000,scibert,biobert,10,100,0.357
16,2000,scibert,biobert,25,100,0.3796
16,2000,scibert,biobert,50,100,0.4182
16,2000,scibert,simcse,10,100,0.097
16,2000,scibert,simcse,25,100,0.11800000000000001
16,2000,scibert,simcse,50,100,0.13720000000000002
16,2000,bert,mpnet,10,100,0.059
16,2000,bert,mpnet,25,100,0.0748
16,2000,bert,mpnet,50,100,0.09720000000000001
16,2000,bert,minilm,10,100,0.05500000000000001
16,2000,bert,minilm,25,100,0.076
16,2000,bert,minilm,50,100,0.0902
16,2000,bert,pubmedbert,10,100,0.16999999999999998
16,2000,bert,pubmedbert,25,100,0.2
16,2000,bert,pubmedbert,50,100,0.23399999999999999
16,2000,bert,biobert,10,100,0.2
16,2000,bert,biobert,25,100,0.2304
16,2000,bert,biobert,50,100,0.2648
16,2000,bert,simcse,10,100,0.13899999999999998
16,2000,bert,simcse,25,100,0.1716
16,2000,bert,simcse,50,100,0.1954
16,2000,mpnet,minilm,10,100,0.33999999999999997
16,2000,mpnet,minilm,25,100,0.3696
16,2000,mpnet,minilm,50,100,0.392
16,2000,mpnet,pubmedbert,10,100,0.065
16,2000,mpnet,pubmedbert,25,100,0.096
16,2000,mpnet,pubmedbert,50,100,0.1202
16,2000,mpnet,biobert,10,100,0.074
16,2000,mpnet,biobert,25,100,0.1056
16,2000,mpnet,biobert,50,100,0.1274
16,2000,mpnet,simcse,10,100,0.05
16,2000,mpnet,simcse,25,100,0.07
16,2000,mpnet,simcse,50,100,0.09140000000000001
16,2000,minilm,pubmedbert,10,100,0.08
16,2000,minilm,pubmedbert,25,100,0.08800000000000001
16,2000,minilm,pubmedbert,50,100,0.11259999999999999
16,2000,minilm,biobert,10,100,0.08399999999999999
16,2000,minilm,biobert,25,100,0.1036
16,2000,minilm,biobert,50,100,0.11900000000000001
16,2000,minilm,simcse,10,100,0.05600000000000001
16,2000,minilm,simcse,25,100,0.0692
16,2000,minilm,simcse,50,100,0.0882
16,2000,pubmedbert,biobert,10,100,0.359
16,2000,pubmedbert,biobert,25,100,0.3884
16,2000,pubmedbert,biobert,50,100,0.4228
16,2000,pubmedbert,simcse,10,100,0.08199999999999999
16,2000,pubmedbert,simcse,25,100,0.1092
16,2000,pubmedbert,simcse,50,100,0.135
16,2000,biobert,simcse,10,100,0.091
16,2000,biobert,simcse,25,100,0.1128
16,2000,biobert,simcse,50,100,0.1352
16,2005,specter,specter2,10,100,0.16799999999999998
16,2005,specter,specter2,25,100,0.2096
16,2005,specter,specter2,50,100,0.22820000000000001
16,2005,specter,scincl,10,100,0.298
16,2005,specter,scincl,25,100,0.3156
16,2005,specter,scincl,50,100,0.3452
16,2005,specter,scibert,10,100,0.10200000000000001
16,2005,specter,scibert,25,100,0.1316
16,2005,specter,scibert,50,100,0.16440000000000002
16,2005,specter,bert,10,100,0.076
16,2005,specter,bert,25,100,0.0836
16,2005,specter,bert,50,100,0.1128
16,2005,specter,mpnet,10,100,0.259
16,2005,specter,mpnet,25,100,0.2828
16,2005,specter,mpnet,50,100,0.306
16,2005,specter,minilm,10,100,0.217
16,2005,specter,minilm,25,100,0.2432
16,2005,specter,minilm,50,100,0.264
16,2005,specter,pubmedbert,10,100,0.10200000000000001
16,2005,specter,pubmedbert,25,100,0.1208
16,2005,specter,pubmedbert,50,100,0.1578
16,2005,specter,biobert,10,100,0.10600000000000001
16,2005,specter,biobert,25,100,0.132
16,2005,specter,biobert,50,100,0.1646
16,2005,specter,simcse,10,100,0.076
16,2005,specter,simcse,25,100,0.0872
16,2005,specter,simcse,50,100,0.1056
16,2005,specter2,scincl,10,100,0.19
16,2005,specter2,scincl,25,100,0.2212
16,2005,specter2,scincl,50,100,0.2522
16,2005,specter2,scibert,10,100,0.077
16,2005,specter2,scibert,25,100,0.09880000000000001
16,2005,specter2,scibert,50,100,0.1324
16,2005,specter2,bert,10,100,0.065
16,2005,specter2,bert,25,100,0.066
16,2005,specter2,bert,50,100,0.08220000000000001
16,2005,specter2,mpnet,10,100,0.22400000000000003
16,2005,specter2,mpnet,25,100,0.228
16,2005,specter2,mpnet,50,100,0.2552
16,2005,specter2,minilm,10,100,0.194
16,2005,specter2,minilm,25,100,0.198
16,2005,specter2,minilm,50,100,0.2132
16,2005,specter2,pubmedbert,10,100,0.079
16,2005,specter2,pubmedbert,25,100,0.096
16,2005,specter2,pubmedbert,50,100,0.11779999999999999
16,2005,specter2,biobert,10,100,0.073
16,2005,specter2,biobert,25,100,0.08960000000000001
16,2005,specter2,biobert,50,100,0.1186
16,2005,specter2,simcse,10,100,0.041999999999999996
16,2005,specter2,simcse,25,100,0.0608
16,2005,specter2,simcse,50,100,0.0796
16,2005,scincl,scibert,10,100,0.089
16,2005,scincl,scibert,25,100,0.1268
16,2005,scincl,scibert,50,100,0.1524
16,2005,scincl,bert,10,100,0.059
16,2005,scincl,bert,25,100,0.0808
16,2005,scincl,bert,50,100,0.10460000000000001
16,2005,scincl,mpnet,10,100,0.273
16,2005,scincl,mpnet,25,100,0.2984
16,2005,scincl,mpnet,50,100,0.31739999999999996
16,2005,scincl,minilm,10,100,0.229
16,2005,scincl,minilm,25,100,0.2384
16,2005,scincl,minilm,50,100,0.2656
16,2005,scincl,pubmedbert,10,100,0.08499999999999999
16,2005,scincl,pubmedbert,25,100,0.1188
16,2005,scincl,pubmedbert,50,100,0.14
16,2005,scincl,biobert,10,100,0.09
16,2005,scincl,biobert,25,100,0.1152
16,2005,scincl,biobert,50,100,0.1414
16,2005,scincl,simcse,10,100,0.05
16,2005,scincl,simcse,25,100,0.078
16,2005,scincl,simcse,50,100,0.10060000000000001
16,2005,scibert,bert,10,100,0.215
16,2005,scibert,bert,25,100,0.24719999999999998
16,2005,scibert,bert,50,100,0.2838
16,2005,scibert,mpnet,10,100,0.071
16,2005,scibert,mpnet,25,100,0.1096
16,2005,scibert,mpnet,50,100,0.1358
16,2005,scibert,minilm,10,100,0.078
16,2005,scibert,minilm,25,100,0.10279999999999999
16,2005,scibert,minilm,50,100,0.13140000000000002
16,2005,scibert,pubmedbert,10,100,0.393
16,2005,scibert,pubmedbert,25,100,0.4292
16,2005,scibert,pubmedbert,50,100,0.46380000000000005
16,2005,scibert,biobert,10,100,0.348
16,2005,scibert,biobert,25,100,0.4072
16,2005,scibert,biobert,50,100,0.442
16,2005,scibert,simcse,10,100,0.092
16,2005,scibert,simcse,25,100,0.1292
16,2005,scibert,simcse,50,100,0.1586
16,2005,bert,mpnet,10,100,0.067
16,2005,bert,mpnet,25,100,0.0812
16,2005,bert,mpnet,50,100,0.1104
16,2005,bert,minilm,10,100,0.078
16,2005,bert,minilm,25,100,0.0816
16,2005,bert,minilm,50,100,0.10099999999999999
16,2005,bert,pubmedbert,10,100,0.199
16,2005,bert,pubmedbert,25,100,0.2372
16,2005,bert,pubmedbert,50,100,0.266
16,2005,bert,biobert,10,100,0.244
16,2005,bert,biobert,25,100,0.2576
16,2005,bert,biobert,50,100,0.29359999999999997
16,2005,bert,simcse,10,100,0.132
16,2005,bert,simcse,25,100,0.1696
16,2005,bert,simcse,50,100,0.21059999999999998
16,2005,mpnet,minilm,10,100,0.371
16,2005,mpnet,minilm,25,100,0.38439999999999996
16,2005,mpnet,minilm,50,100,0.40259999999999996
16,2005,mpnet,pubmedbert,10,100,0.089
16,2005,mpnet,pubmedbert,25,100,0.10400000000000001
16,2005,mpnet,pubmedbert,50,100,0.1304
16,2005,mpnet,biobert,10,100,0.09
16,2005,mpnet,biobert,25,100,0.11320000000000001
16,2005,mpnet,biobert,50,100,0.1396
16,2005,mpnet,simcse,10,100,0.06
16,2005,mpnet,simcse,25,100,0.0836
16,2005,mpnet,simcse,50,100,0.102
16,2005,minilm,pubmedbert,10,100,0.08199999999999999
16,2005,minilm,pubmedbert,25,100,0.0956
16,2005,minilm,pubmedbert,50,100,0.12359999999999999
16,2005,minilm,biobert,10,100,0.094
16,2005,minilm,biobert,25,100,0.10800000000000001
16,2005,minilm,biobert,50,100,0.1322
16,2005,minilm,simcse,10,100,0.067
16,2005,minilm,simcse,25,100,0.0836
16,2005,minilm,simcse,50,100,0.1054
16,2005,pubmedbert,biobert,10,100,0.355
16,2005,pubmedbert,biobert,25,100,0.4064
16,2005,pubmedbert,biobert,50,100,0.4374
16,2005,pubmedbert,simcse,10,100,0.091
16,2005,pubmedbert,simcse,25,100,0.12240000000000001
16,2005,pubmedbert,simcse,50,100,0.1494
16,2005,biobert,simcse,10,100,0.089
16,2005,biobert,simcse,25,100,0.12480000000000001
16,2005,biobert,simcse,50,100,0.1534
16,2010,specter,specter2,10,100,0.189
16,2010,specter,specter2,25,100,0.19640000000000002
16,2010,specter,specter2,50,100,0.2112
16,2010,specter,scincl,10,100,0.268
16,2010,specter,scincl,25,100,0.2988
16,2010,specter,scincl,50,100,0.3248
16,2010,specter,scibert,10,100,0.124
16,2010,specter,scibert,25,100,0.1452
16,2010,specter,scibert,50,100,0.16940000000000002
16,2010,specter,bert,10,100,0.06999999999999999
16,2010,specter,bert,25,100,0.09960000000000001
16,2010,specter,bert,50,100,0.12359999999999999
16,2010,specter,mpnet,10,100,0.233
16,2010,specter,mpnet,25,100,0.2632
16,2010,specter,mpnet,50,100,0.2818
16,2010,specter,minilm,10,100,0.195
16,2010,specter,minilm,25,100,0.21359999999999998
16,2010,specter,minilm,50,100,0.243
16,2010,specter,pubmedbert,10,100,0.1
16,2010,specter,pubmedbert,25,100,0.1364
16,2010,specter,pubmedbert,50,100,0.1616
16,2010,specter,biobert,10,100,0.11399999999999999
16,2010,specter,biobert,25,100,0.1368
16,2010,specter,biobert,50,100,0.16920000000000002
16,2010,specter,simcse,10,100,0.059
16,2010,specter,simcse,25,100,0.0816
16,2010,specter,simcse,50,100,0.10800000000000001
16,2010,specter2,scincl,10,100,0.2
16,2010,specter2,scincl,25,100,0.2212
16,2010,specter2,scincl,50,100,0.24059999999999998
16,2010,specter2,scibert,10,100,0.091
16,2010,specter2,scibert,25,100,0.12240000000000001
16,2010,specter2,scibert,50,100,0.1406
16,2010,specter2,bert,10,100,0.046
16,2010,specter2,bert,25,100,0.0708
16,2010,specter2,bert,50,100,0.0928
16,2010,specter2,mpnet,10,100,0.219
16,2010,specter2,mpnet,25,100,0.222
16,2010,specter2,mpnet,50,100,0.2324
16,2010,specter2,minilm,10,100,0.185
16,2010,specter2,minilm,25,100,0.19039999999999999
16,2010,specter2,minilm,50,100,0.1978
16,2010,specter2,pubmedbert,10,100,0.08499999999999999
16,2010,specter2,pubmedbert,25,100,0.1108
16,2010,specter2,pubmedbert,50,100,0.124
16,2010,specter2,biobert,10,100,0.075
16,2010,specter2,biobert,25,100,0.10279999999999999
16,2010,specter2,biobert,50,100,0.126
16,2010,specter2,simcse,10,100,0.045
16,2010,specter2,simcse,25,100,0.06559999999999999
16,2010,specter2,simcse,50,100,0.084
16,2010,scincl,scibert,10,100,0.10900000000000001
16,2010,scincl,scibert,25,100,0.1352
16,2010,scincl,scibert,50,100,0.166
16,2010,scincl,bert,10,100,0.066
16,2010,scincl,bert,25,100,0.0888
16,2010,scincl,bert,50,100,0.12179999999999999
16,2010,scincl,mpnet,10,100,0.267
16,2010,scincl,mpnet,25,100,0.2652
16,2010,scincl,mpnet,50,100,0.299
16,2010,scincl,minilm,10,100,0.209
16,2010,scincl,minilm,25,100,0.2444
16,2010,scincl,minilm,50,100,0.2502
16,2010,scincl,pubmedbert,10,100,0.098
16,2010,scincl,pubmedbert,25,100,0.1188
16,2010,scincl,pubmedbert,50,100,0.1542
16,2010,scincl,biobert,10,100,0.091
16,2010,scincl,biobert,25,100,0.1208
16,2010,scincl,biobert,50,100,0.1562
16,2010,scincl,simcse,10,100,0.043
16,2010,scincl,simcse,25,100,0.0736
16,2010,scincl,simcse,50,100,0.10400000000000001
16,2010,scibert,bert,10,100,0.22599999999999998
16,2010,scibert,bert,25,100,0.2728
16,2010,scibert,bert,50,100,0.30219999999999997
16,2010,scibert,mpnet,10,100,0.098
16,2010,scibert,mpnet,25,100,0.12
16,2010,scibert,mpnet,50,100,0.14400000000000002
16,2010,scibert,minilm,10,100,0.086
16,2010,scibert,minilm,25,100,0.1092
16,2010,scibert,minilm,50,100,0.139
16,2010,scibert,pubmedbert,10,100,0.379
16,2010,scibert,pubmedbert,25,100,0.44799999999999995
16,2010,scibert,pubmedbert,50,100,0.4818
16,2010,scibert,biobert,10,100,0.358
16,2010,scibert,biobert,25,100,0.41840000000000005
16,2010,scibert,biobert,50,100,0.45399999999999996
16,2010,scibert,simcse,10,100,0.119
16,2010,scibert,simcse,25,100,0.1524
16,2010,scibert,simcse,50,100,0.1788
16,2010,bert,mpnet,10,100,0.067
16,2010,bert,mpnet,25,100,0.09119999999999999
16,2010,bert,mpnet,50,100,0.1166
16,2010,bert,minilm,10,100,0.075
16,2010,bert,minilm,25,100,0.0968
16,2010,bert,minilm,50,100,0.1144
16,2010,bert,pubmedbert,10,100,0.217
16,2010,bert,pubmedbert,25,100,0.2636
16,2010,bert,pubmedbert,50,100,0.28800000000000003
16,2010,bert,biobert,10,100,0.229
16,2010,bert,biobert,25,100,0.2748
16,2010,bert,biobert,50,100,0.3048
16,2010,bert,simcse,10,100,0.159
16,2010,bert,simcse,25,100,0.19079999999999997
16,2010,bert,simcse,50,100,0.22
16,2010,mpnet,minilm,10,100,0.355
16,2010,mpnet,minilm,25,100,0.38439999999999996
16,2010,mpnet,minilm,50,100,0.40299999999999997
16,2010,mpnet,pubmedbert,10,100,0.08399999999999999
16,2010,mpnet,pubmedbert,25,100,0.1184
16,2010,mpnet,pubmedbert,50,100,0.1408
16,2010,mpnet,biobert,10,100,0.086
16,2010,mpnet,biobert,25,100,0.1188
16,2010,mpnet,biobert,50,100,0.1512
16,2010,mpnet,simcse,10,100,0.063
16,2010,mpnet,simcse,25,100,0.08439999999999999
16,2010,mpnet,simcse,50,100,0.1134
16,2010,minilm,pubmedbert,10,100,0.08299999999999999
16,2010,minilm,pubmedbert,25,100,0.1048
16,2010,minilm,pubmedbert,50,100,0.1328
16,2010,minilm,biobert,10,100,0.071
16,2010,minilm,biobert,25,100,0.10880000000000001
16,2010,minilm,biobert,50,100,0.1442
16,2010,minilm,simcse,10,100,0.059
16,2010,minilm,simcse,25,100,0.08199999999999999
16,2010,minilm,simcse,50,100,0.1092
16,2010,pubmedbert,biobert,10,100,0.351
16,2010,pubmedbert,biobert,25,100,0.4324
16,2010,pubmedbert,biobert,50,100,0.46380000000000005
16,2010,pubmedbert,simcse,10,100,0.101
16,2010,pubmedbert,simcse,25,100,0.1348
16,2010,pubmedbert,simcse,50,100,0.171
16,2010,biobert,simcse,10,100,0.11399999999999999
16,2010,biobert,simcse,25,100,0.1448
16,2010,biobert,simcse,50,100,0.1766
16,2015,specter,specter2,10,100,0.16899999999999998
16,2015,specter,specter2,25,100,0.20079999999999998
16,2015,specter,specter2,50,100,0.21420000000000003
16,2015,specter,scincl,10,100,0.24
16,2015,specter,scincl,25,100,0.2692
16,2015,specter,scincl,50,100,0.2962
16,2015,specter,scibert,10,100,0.093
16,2015,specter,scibert,25,100,0.1208
16,2015,specter,scibert,50,100,0.153
16,2015,specter,bert,10,100,0.08299999999999999
16,2015,specter,bert,25,100,0.096
16,2015,specter,bert,50,100,0.11259999999999999
16,2015,specter,mpnet,10,100,0.21400000000000002
16,2015,specter,mpnet,25,100,0.23120000000000002
16,2015,specter,mpnet,50,100,0.2606
16,2015,specter,minilm,10,100,0.16899999999999998
16,2015,specter,minilm,25,100,0.1916
16,2015,specter,minilm,50,100,0.2202
16,2015,specter,pubmedbert,10,100,0.08199999999999999
16,2015,specter,pubmedbert,25,100,0.1168
16,2015,specter,pubmedbert,50,100,0.1456
16,2015,specter,biobert,10,100,0.086
16,2015,specter,biobert,25,100,0.11720000000000001
16,2015,specter,biobert,50,100,0.1442
16,2015,specter,simcse,10,100,0.045
16,2015,specter,simcse,25,100,0.0784
16,2015,specter,simcse,50,100,0.0958
16,2015,specter2,scincl,10,100,0.20400000000000001
16,2015,specter2,scincl,25,100,0.2212
16,2015,specter2,scincl,50,100,0.23879999999999998
16,2015,specter2,scibert,10,100,0.088
16,2015,specter2,scibert,25,100,0.1056
16,2015,specter2,scibert,50,100,0.1308
16,2015,specter2,bert,10,100,0.061
16,2015,specter2,bert,25,100,0.07
16,2015,specter2,bert,50,100,0.087
16,2015,specter2,mpnet,10,100,0.21400000000000002
16,2015,specter2,mpnet,25,100,0.2232
16,2015,specter2,mpnet,50,100,0.2506
16,2015,specter2,minilm,10,100,0.174
16,2015,specter2,minilm,25,100,0.1764
16,2015,specter2,minilm,50,100,0.1996
16,2015,specter2,pubmedbert,10,100,0.08
16,2015,specter2,pubmedbert,25,100,0.102
16,2015,specter2,pubmedbert,50,100,0.12179999999999999
16,2015,specter2,biobert,10,100,0.074
16,2015,specter2,biobert,25,100,0.0916
16,2015,specter2,biobert,50,100,0.11539999999999999
16,2015,specter2,simcse,10,100,0.045
16,2015,specter2,simcse,25,100,0.0604
16,2015,specter2,simcse,50,100,0.0802
16,2015,scincl,scibert,10,100,0.1
16,2015,scincl,scibert,25,100,0.11560000000000001
16,2015,scincl,scibert,50,100,0.1446
16,2015,scincl,bert,10,100,0.063
16,2015,scincl,bert,25,100,0.08439999999999999
16,2015,scincl,bert,50,100,0.09939999999999999
16,2015,scincl,mpnet,10,100,0.27
16,2015,scincl,mpnet,25,100,0.2852
16,2015,scincl,mpnet,50,100,0.2952
16,2015,scincl,minilm,10,100,0.196
16,2015,scincl,minilm,25,100,0.2376
16,2015,scincl,minilm,50,100,0.24559999999999998
16,2015,scincl,pubmedbert,10,100,0.076
16,2015,scincl,pubmedbert,25,100,0.10800000000000001
16,2015,scincl,pubmedbert,50,100,0.131
16,2015,scincl,biobert,10,100,0.08399999999999999
16,2015,scincl,biobert,25,100,0.11320000000000001
16,2015,scincl,biobert,50,100,0.1338
16,2015,scincl,simcse,10,100,0.040999999999999995
16,2015,scincl,simcse,25,100,0.07
16,2015,scincl,simcse,50,100,0.087
16,2015,scibert,bert,10,100,0.21000000000000002
16,2015,scibert,bert,25,100,0.2644
16,2015,scibert,bert,50,100,0.2978
16,2015,scibert,mpnet,10,100,0.073
16,2015,scibert,mpnet,25,100,0.098
16,2015,scibert,mpnet,50,100,0.12240000000000001
16,2015,scibert,minilm,10,100,0.074
16,2015,scibert,minilm,25,100,0.096
16,2015,scibert,minilm,50,100,0.1174
16,2015,scibert,pubmedbert,10,100,0.366
16,2015,scibert,pubmedbert,25,100,0.41840000000000005
16,2015,scibert,pubmedbert,50,100,0.45
16,2015,scibert,biobert,10,100,0.33799999999999997
16,2015,scibert,biobert,25,100,0.3884
16,2015,scibert,biobert,50,100,0.42619999999999997
16,2015,scibert,simcse,10,100,0.096
16,2015,scibert,simcse,25,100,0.12480000000000001
16,2015,scibert,simcse,50,100,0.1528
16,2015,bert,mpnet,10,100,0.072
16,2015,bert,mpnet,25,100,0.08439999999999999
16,2015,bert,mpnet,50,100,0.10859999999999999
16,2015,bert,minilm,10,100,0.079
16,2015,bert,minilm,25,100,0.09720000000000001
16,2015,bert,minilm,50,100,0.10800000000000001
16,2015,bert,pubmedbert,10,100,0.202
16,2015,bert,pubmedbert,25,100,0.2416
16,2015,bert,pubmedbert,50,100,0.275
16,2015,bert,biobert,10,100,0.213
16,2015,bert,biobert,25,100,0.27
16,2015,bert,biobert,50,100,0.3116
16,2015,bert,simcse,10,100,0.159
16,2015,bert,simcse,25,100,0.2016
16,2015,bert,simcse,50,100,0.23260000000000003
16,2015,mpnet,minilm,10,100,0.341
16,2015,mpnet,minilm,25,100,0.364
16,2015,mpnet,minilm,50,100,0.3908
16,2015,mpnet,pubmedbert,10,100,0.068
16,2015,mpnet,pubmedbert,25,100,0.1048
16,2015,mpnet,pubmedbert,50,100,0.126
16,2015,mpnet,biobert,10,100,0.08299999999999999
16,2015,mpnet,biobert,25,100,0.09759999999999999
16,2015,mpnet,biobert,50,100,0.127
16,2015,mpnet,simcse,10,100,0.064
16,2015,mpnet,simcse,25,100,0.07
16,2015,mpnet,simcse,50,100,0.0942
16,2015,minilm,pubmedbert,10,100,0.072
16,2015,minilm,pubmedbert,25,100,0.1032
16,2015,minilm,pubmedbert,50,100,0.1166
16,2015,minilm,biobert,10,100,0.081
16,2015,minilm,biobert,25,100,0.1012
16,2015,minilm,biobert,50,100,0.1222
16,2015,minilm,simcse,10,100,0.061
16,2015,minilm,simcse,25,100,0.0832
16,2015,minilm,simcse,50,100,0.10039999999999999
16,2015,pubmedbert,biobert,10,100,0.33799999999999997
16,2015,pubmedbert,biobert,25,100,0.3868
16,2015,pubmedbert,biobert,50,100,0.423
16,2015,pubmedbert,simcse,10,100,0.09
16,2015,pubmedbert,simcse,25,100,0.122
16,2015,pubmedbert,simcse,50,100,0.1448
16,2015,biobert,simcse,10,100,0.088
16,2015,biobert,simcse,25,100,0.128
16,2015,biobert,simcse,50,100,0.1566
16,2020,specter,specter2,10,100,0.158
16,2020,specter,specter2,25,100,0.18280000000000002
16,2020,specter,specter2,50,100,0.207
16,2020,specter,scincl,10,100,0.26
16,2020,specter,scincl,25,100,0.28559999999999997
16,2020,specter,scincl,50,100,0.3188
16,2020,specter,scibert,10,100,0.10300000000000001
16,2020,specter,scibert,25,100,0.128
16,2020,specter,scibert,50,100,0.15
16,2020,specter,bert,10,100,0.06999999999999999
16,2020,specter,bert,25,100,0.09
16,2020,specter,bert,50,100,0.10800000000000001
16,2020,specter,mpnet,10,100,0.233
16,2020,specter,mpnet,25,100,0.244
16,2020,specter,mpnet,50,100,0.2688
16,2020,specter,minilm,10,100,0.176
16,2020,specter,minilm,25,100,0.1928
16,2020,specter,minilm,50,100,0.22
16,2020,specter,pubmedbert,10,100,0.10900000000000001
16,2020,specter,pubmedbert,25,100,0.12
16,2020,specter,pubmedbert,50,100,0.1434
16,2020,specter,biobert,10,100,0.098
16,2020,specter,biobert,25,100,0.1204
16,2020,specter,biobert,50,100,0.1438
16,2020,specter,simcse,10,100,0.063
16,2020,specter,simcse,25,100,0.0816
16,2020,specter,simcse,50,100,0.09699999999999999
16,2020,specter2,scincl,10,100,0.20299999999999999
16,2020,specter2,scincl,25,100,0.2304
16,2020,specter2,scincl,50,100,0.2514
16,2020,specter2,scibert,10,100,0.099
16,2020,specter2,scibert,25,100,0.12
16,2020,specter2,scibert,50,100,0.14300000000000002
16,2020,specter2,bert,10,100,0.057999999999999996
16,2020,specter2,bert,25,100,0.07400000000000001
16,2020,specter2,bert,50,100,0.08460000000000001
16,2020,specter2,mpnet,10,100,0.23900000000000002
16,2020,specter2,mpnet,25,100,0.2516
16,2020,specter2,mpnet,50,100,0.2602
16,2020,specter2,minilm,10,100,0.198
16,2020,specter2,minilm,25,100,0.2036
16,2020,specter2,minilm,50,100,0.21739999999999998
16,2020,specter2,pubmedbert,10,100,0.09
16,2020,specter2,pubmedbert,25,100,0.1096
16,2020,specter2,pubmedbert,50,100,0.1292
16,2020,specter2,biobert,10,100,0.078
16,2020,specter2,biobert,25,100,0.1016
16,2020,specter2,biobert,50,100,0.1192
16,2020,specter2,simcse,10,100,0.054000000000000006
16,2020,specter2,simcse,25,100,0.0708
16,2020,specter2,simcse,50,100,0.079
16,2020,scincl,scibert,10,100,0.08499999999999999
16,2020,scincl,scibert,25,100,0.12240000000000001
16,2020,scincl,scibert,50,100,0.1528
16,2020,scincl,bert,10,100,0.065
16,2020,scincl,bert,25,100,0.08039999999999999
16,2020,scincl,bert,50,100,0.1032
16,2020,scincl,mpnet,10,100,0.272
16,2020,scincl,mpnet,25,100,0.3044
16,2020,scincl,mpnet,50,100,0.312
16,2020,scincl,minilm,10,100,0.20299999999999999
16,2020,scincl,minilm,25,100,0.23399999999999999
16,2020,scincl,minilm,50,100,0.2488
16,2020,scincl,pubmedbert,10,100,0.074
16,2020,scincl,pubmedbert,25,100,0.102
16,2020,scincl,pubmedbert,50,100,0.1278
16,2020,scincl,biobert,10,100,0.076
16,2020,scincl,biobert,25,100,0.11199999999999999
16,2020,scincl,biobert,50,100,0.1386
16,2020,scincl,simcse,10,100,0.05600000000000001
16,2020,scincl,simcse,25,100,0.0764
16,2020,scincl,simcse,50,100,0.0926
16,2020,scibert,bert,10,100,0.20400000000000001
16,2020,scibert,bert,25,100,0.2248
16,2020,scibert,bert,50,100,0.265
16,2020,scibert,mpnet,10,100,0.088
16,2020,scibert,mpnet,25,100,0.1032
16,2020,scibert,mpnet,50,100,0.1232
16,2020,scibert,minilm,10,100,0.086
16,2020,scibert,minilm,25,100,0.1152
16,2020,scibert,minilm,50,100,0.126
16,2020,scibert,pubmedbert,10,100,0.375
16,2020,scibert,pubmedbert,25,100,0.4192
16,2020,scibert,pubmedbert,50,100,0.45840000000000003
16,2020,scibert,biobert,10,100,0.33999999999999997
16,2020,scibert,biobert,25,100,0.3804
16,2020,scibert,biobert,50,100,0.4156
16,2020,scibert,simcse,10,100,0.10800000000000001
16,2020,scibert,simcse,25,100,0.124
16,2020,scibert,simcse,50,100,0.1442
16,2020,bert,mpnet,10,100,0.071
16,2020,bert,mpnet,25,100,0.084
16,2020,bert,mpnet,50,100,0.0986
16,2020,bert,minilm,10,100,0.067
16,2020,bert,minilm,25,100,0.08800000000000001
16,2020,bert,minilm,50,100,0.10279999999999999
16,2020,bert,pubmedbert,10,100,0.186
16,2020,bert,pubmedbert,25,100,0.2192
16,2020,bert,pubmedbert,50,100,0.2586
16,2020,bert,biobert,10,100,0.211
16,2020,bert,biobert,25,100,0.2408
16,2020,bert,biobert,50,100,0.2772
16,2020,bert,simcse,10,100,0.161
16,2020,bert,simcse,25,100,0.18600000000000003
16,2020,bert,simcse,50,100,0.20559999999999998
16,2020,mpnet,minilm,10,100,0.373
16,2020,mpnet,minilm,25,100,0.3836
16,2020,mpnet,minilm,50,100,0.41700000000000004
16,2020,mpnet,pubmedbert,10,100,0.08399999999999999
16,2020,mpnet,pubmedbert,25,100,0.09960000000000001
16,2020,mpnet,pubmedbert,50,100,0.11900000000000001
16,2020,mpnet,biobert,10,100,0.086
16,2020,mpnet,biobert,25,100,0.10279999999999999
16,2020,mpnet,biobert,50,100,0.1206
16,2020,mpnet,simcse,10,100,0.06999999999999999
16,2020,mpnet,simcse,25,100,0.0824
16,2020,mpnet,simcse,50,100,0.099
16,2020,minilm,pubmedbert,10,100,0.086
16,2020,minilm,pubmedbert,25,100,0.1032
16,2020,minilm,pubmedbert,50,100,0.1226
16,2020,minilm,biobert,10,100,0.08299999999999999
16,2020,minilm,biobert,25,100,0.10439999999999999
16,2020,minilm,biobert,50,100,0.11779999999999999
16,2020,minilm,simcse,10,100,0.064
16,2020,minilm,simcse,25,100,0.07919999999999999
16,2020,minilm,simcse,50,100,0.10039999999999999
16,2020,pubmedbert,biobert,10,100,0.355
16,2020,pubmedbert,biobert,25,100,0.392
16,2020,pubmedbert,biobert,50,100,0.4266
16,2020,pubmedbert,simcse,10,100,0.10300000000000001
16,2020,pubmedbert,simcse,25,100,0.12560000000000002
16,2020,pubmedbert,simcse,50,100,0.1398
16,2020,biobert,simcse,10,100,0.089
16,2020,biobert,simcse,25,100,0.1188
16,2020,biobert,simcse,50,100,0.1442
17,2000,specter,specter2,10,100,0.195
17,2000,specter,specter2,25,100,0.24239999999999998
17,2000,specter,specter2,50,100,0.248
17,2000,specter,scincl,10,100,0.29100000000000004
17,2000,specter,scincl,25,100,0.3136
17,2000,specter,scincl,50,100,0.33899999999999997
17,2000,specter,scibert,10,100,0.077
17,2000,specter,scibert,25,100,0.1016
17,2000,specter,scibert,50,100,0.11800000000000001
17,2000,specter,bert,10,100,0.049
17,2000,specter,bert,25,100,0.062
17,2000,specter,bert,50,100,0.081
17,2000,specter,mpnet,10,100,0.292
17,2000,specter,mpnet,25,100,0.302
17,2000,specter,mpnet,50,100,0.3134
17,2000,specter,minilm,10,100,0.269
17,2000,specter,minilm,25,100,0.2876
17,2000,specter,minilm,50,100,0.2958
17,2000,specter,pubmedbert,10,100,0.048
17,2000,specter,pubmedbert,25,100,0.0632
17,2000,specter,pubmedbert,50,100,0.076
17,2000,specter,biobert,10,100,0.059
17,2000,specter,biobert,25,100,0.0644
17,2000,specter,biobert,50,100,0.07519999999999999
17,2000,specter,simcse,10,100,0.052000000000000005
17,2000,specter,simcse,25,100,0.0676
17,2000,specter,simcse,50,100,0.081
17,2000,specter2,scincl,10,100,0.28700000000000003
17,2000,specter2,scincl,25,100,0.3064
17,2000,specter2,scincl,50,100,0.3186
17,2000,specter2,scibert,10,100,0.11599999999999999
17,2000,specter2,scibert,25,100,0.1336
17,2000,specter2,scibert,50,100,0.1388
17,2000,specter2,bert,10,100,0.052000000000000005
17,2000,specter2,bert,25,100,0.06280000000000001
17,2000,specter2,bert,50,100,0.0802
17,2000,specter2,mpnet,10,100,0.284
17,2000,specter2,mpnet,25,100,0.2956
17,2000,specter2,mpnet,50,100,0.3054
17,2000,specter2,minilm,10,100,0.23900000000000002
17,2000,specter2,minilm,25,100,0.2576
17,2000,specter2,minilm,50,100,0.26539999999999997
17,2000,specter2,pubmedbert,10,100,0.051000000000000004
17,2000,specter2,pubmedbert,25,100,0.06480000000000001
17,2000,specter2,pubmedbert,50,100,0.0736
17,2000,specter2,biobert,10,100,0.057999999999999996
17,2000,specter2,biobert,25,100,0.0692
17,2000,specter2,biobert,50,100,0.0774
17,2000,specter2,simcse,10,100,0.062
17,2000,specter2,simcse,25,100,0.0712
17,2000,specter2,simcse,50,100,0.0776
17,2000,scincl,scibert,10,100,0.095
17,2000,scincl,scibert,25,100,0.11960000000000001
17,2000,scincl,scibert,50,100,0.1226
17,2000,scincl,bert,10,100,0.057999999999999996
17,2000,scincl,bert,25,100,0.0668
17,2000,scincl,bert,50,100,0.08539999999999999
17,2000,scincl,mpnet,10,100,0.356
17,2000,scincl,mpnet,25,100,0.37560000000000004
17,2000,scincl,mpnet,50,100,0.40399999999999997
17,2000,scincl,minilm,10,100,0.319
17,2000,scincl,minilm,25,100,0.33799999999999997
17,2000,scincl,minilm,50,100,0.36619999999999997
17,2000,scincl,pubmedbert,10,100,0.05
17,2000,scincl,pubmedbert,25,100,0.057999999999999996
17,2000,scincl,pubmedbert,50,100,0.0672
17,2000,scincl,biobert,10,100,0.052000000000000005
17,2000,scincl,biobert,25,100,0.0588
17,2000,scincl,biobert,50,100,0.0688
17,2000,scincl,simcse,10,100,0.065
17,2000,scincl,simcse,25,100,0.07400000000000001
17,2000,scincl,simcse,50,100,0.086
17,2000,scibert,bert,10,100,0.146
17,2000,scibert,bert,25,100,0.1684
17,2000,scibert,bert,50,100,0.196
17,2000,scibert,mpnet,10,100,0.089
17,2000,scibert,mpnet,25,100,0.12240000000000001
17,2000,scibert,mpnet,50,100,0.1362
17,2000,scibert,minilm,10,100,0.093
17,2000,scibert,minilm,25,100,0.1192
17,2000,scibert,minilm,50,100,0.1384
17,2000,scibert,pubmedbert,10,100,0.244
17,2000,scibert,pubmedbert,25,100,0.2812
17,2000,scibert,pubmedbert,50,100,0.3028
17,2000,scibert,biobert,10,100,0.22400000000000003
17,2000,scibert,biobert,25,100,0.2384
17,2000,scibert,biobert,50,100,0.2606
17,2000,scibert,simcse,10,100,0.08499999999999999
17,2000,scibert,simcse,25,100,0.09519999999999999
17,2000,scibert,simcse,50,100,0.10980000000000001
17,2000,bert,mpnet,10,100,0.05600000000000001
17,2000,bert,mpnet,25,100,0.0768
17,2000,bert,mpnet,50,100,0.09699999999999999
17,2000,bert,minilm,10,100,0.06
17,2000,bert,minilm,25,100,0.084
17,2000,bert,minilm,50,100,0.1036
17,2000,bert,pubmedbert,10,100,0.16399999999999998
17,2000,bert,pubmedbert,25,100,0.1808
17,2000,bert,pubmedbert,50,100,0.217
17,2000,bert,biobert,10,100,0.16299999999999998
17,2000,bert,biobert,25,100,0.1984
17,2000,bert,biobert,50,100,0.2268
17,2000,bert,simcse,10,100,0.148
17,2000,bert,simcse,25,100,0.1924
17,2000,bert,simcse,50,100,0.2288
17,2000,mpnet,minilm,10,100,0.466
17,2000,mpnet,minilm,25,100,0.46520000000000006
17,2000,mpnet,minilm,50,100,0.4964
17,2000,mpnet,pubmedbert,10,100,0.053000000000000005
17,2000,mpnet,pubmedbert,25,100,0.0732
17,2000,mpnet,pubmedbert,50,100,0.08039999999999999
17,2000,mpnet,biobert,10,100,0.064
17,2000,mpnet,biobert,25,100,0.0696
17,2000,mpnet,biobert,50,100,0.0782
17,2000,mpnet,simcse,10,100,0.073
17,2000,mpnet,simcse,25,100,0.0864
17,2000,mpnet,simcse,50,100,0.1038
17,2000,minilm,pubmedbert,10,100,0.05500000000000001
17,2000,minilm,pubmedbert,25,100,0.07
17,2000,minilm,pubmedbert,50,100,0.0824
17,2000,minilm,biobert,10,100,0.066
17,2000,minilm,biobert,25,100,0.07
17,2000,minilm,biobert,50,100,0.08460000000000001
17,2000,minilm,simcse,10,100,0.08199999999999999
17,2000,minilm,simcse,25,100,0.09480000000000001
17,2000,minilm,simcse,50,100,0.1042
17,2000,pubmedbert,biobert,10,100,0.24900000000000003
17,2000,pubmedbert,biobert,25,100,0.2872
17,2000,pubmedbert,biobert,50,100,0.3224
17,2000,pubmedbert,simcse,10,100,0.06
17,2000,pubmedbert,simcse,25,100,0.08800000000000001
17,2000,pubmedbert,simcse,50,100,0.1056
17,2000,biobert,simcse,10,100,0.074
17,2000,biobert,simcse,25,100,0.0888
17,2000,biobert,simcse,50,100,0.1072
17,2005,specter,specter2,10,100,0.256
17,2005,specter,specter2,25,100,0.27440000000000003
17,2005,specter,specter2,50,100,0.289
17,2005,specter,scincl,10,100,0.33799999999999997
17,2005,specter,scincl,25,100,0.37200000000000005
17,2005,specter,scincl,50,100,0.37799999999999995
17,2005,specter,scibert,10,100,0.101
17,2005,specter,scibert,25,100,0.1152
17,2005,specter,scibert,50,100,0.131
17,2005,specter,bert,10,100,0.065
17,2005,specter,bert,25,100,0.0776
17,2005,specter,bert,50,100,0.09140000000000001
17,2005,specter,mpnet,10,100,0.344
17,2005,specter,mpnet,25,100,0.3592
17,2005,specter,mpnet,50,100,0.36200000000000004
17,2005,specter,minilm,10,100,0.29900000000000004
17,2005,specter,minilm,25,100,0.3272
17,2005,specter,minilm,50,100,0.3406
17,2005,specter,pubmedbert,10,100,0.067
17,2005,specter,pubmedbert,25,100,0.078
17,2005,specter,pubmedbert,50,100,0.0834
17,2005,specter,biobert,10,100,0.066
17,2005,specter,biobert,25,100,0.0708
17,2005,specter,biobert,50,100,0.0788
17,2005,specter,simcse,10,100,0.073
17,2005,specter,simcse,25,100,0.0864
17,2005,specter,simcse,50,100,0.10099999999999999
17,2005,specter2,scincl,10,100,0.309
17,2005,specter2,scincl,25,100,0.33399999999999996
17,2005,specter2,scincl,50,100,0.3614
17,2005,specter2,scibert,10,100,0.13
17,2005,specter2,scibert,25,100,0.1456
17,2005,specter2,scibert,50,100,0.15560000000000002
17,2005,specter2,bert,10,100,0.066
17,2005,specter2,bert,25,100,0.0836
17,2005,specter2,bert,50,100,0.09519999999999999
17,2005,specter2,mpnet,10,100,0.308
17,2005,specter2,mpnet,25,100,0.316
17,2005,specter2,mpnet,50,100,0.341
17,2005,specter2,minilm,10,100,0.271
17,2005,specter2,minilm,25,100,0.2884
17,2005,specter2,minilm,50,100,0.3086
17,2005,specter2,pubmedbert,10,100,0.073
17,2005,specter2,pubmedbert,25,100,0.0764
17,2005,specter2,pubmedbert,50,100,0.0928
17,2005,specter2,biobert,10,100,0.06999999999999999
17,2005,specter2,biobert,25,100,0.0664
17,2005,specter2,biobert,50,100,0.0802
17,2005,specter2,simcse,10,100,0.079
17,2005,specter2,simcse,25,100,0.08839999999999999
17,2005,specter2,simcse,50,100,0.10039999999999999
17,2005,scincl,scibert,10,100,0.10600000000000001
17,2005,scincl,scibert,25,100,0.12359999999999999
17,2005,scincl,scibert,50,100,0.1362
17,2005,scincl,bert,10,100,0.071
17,2005,scincl,bert,25,100,0.08199999999999999
17,2005,scincl,bert,50,100,0.092
17,2005,scincl,mpnet,10,100,0.42000000000000004
17,2005,scincl,mpnet,25,100,0.4264
17,2005,scincl,mpnet,50,100,0.43579999999999997
17,2005,scincl,minilm,10,100,0.381
17,2005,scincl,minilm,25,100,0.3944
17,2005,scincl,minilm,50,100,0.40979999999999994
17,2005,scincl,pubmedbert,10,100,0.06999999999999999
17,2005,scincl,pubmedbert,25,100,0.0728
17,2005,scincl,pubmedbert,50,100,0.08460000000000001
17,2005,scincl,biobert,10,100,0.06999999999999999
17,2005,scincl,biobert,25,100,0.07400000000000001
17,2005,scincl,biobert,50,100,0.08199999999999999
17,2005,scincl,simcse,10,100,0.08199999999999999
17,2005,scincl,simcse,25,100,0.09519999999999999
17,2005,scincl,simcse,50,100,0.105
17,2005,scibert,bert,10,100,0.174
17,2005,scibert,bert,25,100,0.19
17,2005,scibert,bert,50,100,0.2066
17,2005,scibert,mpnet,10,100,0.11200000000000002
17,2005,scibert,mpnet,25,100,0.13720000000000002
17,2005,scibert,mpnet,50,100,0.154
17,2005,scibert,minilm,10,100,0.123
17,2005,scibert,minilm,25,100,0.14400000000000002
17,2005,scibert,minilm,50,100,0.1502
17,2005,scibert,pubmedbert,10,100,0.273
17,2005,scibert,pubmedbert,25,100,0.284
17,2005,scibert,pubmedbert,50,100,0.307
17,2005,scibert,biobert,10,100,0.221
17,2005,scibert,biobert,25,100,0.2384
17,2005,scibert,biobert,50,100,0.26039999999999996
17,2005,scibert,simcse,10,100,0.092
17,2005,scibert,simcse,25,100,0.11359999999999999
17,2005,scibert,simcse,50,100,0.1222
17,2005,bert,mpnet,10,100,0.08399999999999999
17,2005,bert,mpnet,25,100,0.1032
17,2005,bert,mpnet,50,100,0.1174
17,2005,bert,minilm,10,100,0.093
17,2005,bert,minilm,25,100,0.11359999999999999
17,2005,bert,minilm,50,100,0.11939999999999999
17,2005,bert,pubmedbert,10,100,0.16999999999999998
17,2005,bert,pubmedbert,25,100,0.1884
17,2005,bert,pubmedbert,50,100,0.1998
17,2005,bert,biobert,10,100,0.16899999999999998
17,2005,bert,biobert,25,100,0.1864
17,2005,bert,biobert,50,100,0.2114
17,2005,bert,simcse,10,100,0.181
17,2005,bert,simcse,25,100,0.20679999999999998
17,2005,bert,simcse,50,100,0.2306
17,2005,mpnet,minilm,10,100,0.517
17,2005,mpnet,minilm,25,100,0.5332
17,2005,mpnet,minilm,50,100,0.5406
17,2005,mpnet,pubmedbert,10,100,0.072
17,2005,mpnet,pubmedbert,25,100,0.08800000000000001
17,2005,mpnet,pubmedbert,50,100,0.10060000000000001
17,2005,mpnet,biobert,10,100,0.076
17,2005,mpnet,biobert,25,100,0.08560000000000001
17,2005,mpnet,biobert,50,100,0.0978
17,2005,mpnet,simcse,10,100,0.101
17,2005,mpnet,simcse,25,100,0.11560000000000001
17,2005,mpnet,simcse,50,100,0.12539999999999998
17,2005,minilm,pubmedbert,10,100,0.081
17,2005,minilm,pubmedbert,25,100,0.0924
17,2005,minilm,pubmedbert,50,100,0.1018
17,2005,minilm,biobert,10,100,0.08499999999999999
17,2005,minilm,biobert,25,100,0.08800000000000001
17,2005,minilm,biobert,50,100,0.098
17,2005,minilm,simcse,10,100,0.101
17,2005,minilm,simcse,25,100,0.12
17,2005,minilm,simcse,50,100,0.1338
17,2005,pubmedbert,biobert,10,100,0.273
17,2005,pubmedbert,biobert,25,100,0.2816
17,2005,pubmedbert,biobert,50,100,0.3042
17,2005,pubmedbert,simcse,10,100,0.094
17,2005,pubmedbert,simcse,25,100,0.09759999999999999
17,2005,pubmedbert,simcse,50,100,0.1094
17,2005,biobert,simcse,10,100,0.087
17,2005,biobert,simcse,25,100,0.102
17,2005,biobert,simcse,50,100,0.11220000000000001
17,2010,specter,specter2,10,100,0.28500000000000003
17,2010,specter,specter2,25,100,0.3048
17,2010,specter,specter2,50,100,0.3166
17,2010,specter,scincl,10,100,0.34199999999999997
17,2010,specter,scincl,25,100,0.3608
17,2010,specter,scincl,50,100,0.37579999999999997
17,2010,specter,scibert,10,100,0.11699999999999999
17,2010,specter,scibert,25,100,0.1252
17,2010,specter,scibert,50,100,0.135
17,2010,specter,bert,10,100,0.08399999999999999
17,2010,specter,bert,25,100,0.08800000000000001
17,2010,specter,bert,50,100,0.0978
17,2010,specter,mpnet,10,100,0.34199999999999997
17,2010,specter,mpnet,25,100,0.34240000000000004
17,2010,specter,mpnet,50,100,0.36
17,2010,specter,minilm,10,100,0.32799999999999996
17,2010,specter,minilm,25,100,0.3204
17,2010,specter,minilm,50,100,0.3386
17,2010,specter,pubmedbert,10,100,0.086
17,2010,specter,pubmedbert,25,100,0.084
17,2010,specter,pubmedbert,50,100,0.0866
17,2010,specter,biobert,10,100,0.08299999999999999
17,2010,specter,biobert,25,100,0.08839999999999999
17,2010,specter,biobert,50,100,0.09
17,2010,specter,simcse,10,100,0.087
17,2010,specter,simcse,25,100,0.09720000000000001
17,2010,specter,simcse,50,100,0.10460000000000001
17,2010,specter2,scincl,10,100,0.361
17,2010,specter2,scincl,25,100,0.37560000000000004
17,2010,specter2,scincl,50,100,0.38060000000000005
17,2010,specter2,scibert,10,100,0.12
17,2010,specter2,scibert,25,100,0.1324
17,2010,specter2,scibert,50,100,0.15259999999999999
17,2010,specter2,bert,10,100,0.077
17,2010,specter2,bert,25,100,0.07919999999999999
17,2010,specter2,bert,50,100,0.0922
17,2010,specter2,mpnet,10,100,0.356
17,2010,specter2,mpnet,25,100,0.3568
17,2010,specter2,mpnet,50,100,0.36060000000000003
17,2010,specter2,minilm,10,100,0.309
17,2010,specter2,minilm,25,100,0.3148
17,2010,specter2,minilm,50,100,0.319
17,2010,specter2,pubmedbert,10,100,0.08299999999999999
17,2010,specter2,pubmedbert,25,100,0.07919999999999999
17,2010,specter2,pubmedbert,50,100,0.087
17,2010,specter2,biobert,10,100,0.08
17,2010,specter2,biobert,25,100,0.09119999999999999
17,2010,specter2,biobert,50,100,0.096
17,2010,specter2,simcse,10,100,0.079
17,2010,specter2,simcse,25,100,0.092
17,2010,specter2,simcse,50,100,0.1012
17,2010,scincl,scibert,10,100,0.12
17,2010,scincl,scibert,25,100,0.1216
17,2010,scincl,scibert,50,100,0.1398
17,2010,scincl,bert,10,100,0.08199999999999999
17,2010,scincl,bert,25,100,0.0808
17,2010,scincl,bert,50,100,0.0906
17,2010,scincl,mpnet,10,100,0.418
17,2010,scincl,mpnet,25,100,0.4436
17,2010,scincl,mpnet,50,100,0.4456
17,2010,scincl,minilm,10,100,0.367
17,2010,scincl,minilm,25,100,0.39799999999999996
17,2010,scincl,minilm,50,100,0.40020000000000006
17,2010,scincl,pubmedbert,10,100,0.08
17,2010,scincl,pubmedbert,25,100,0.08
17,2010,scincl,pubmedbert,50,100,0.0902
17,2010,scincl,biobert,10,100,0.08499999999999999
17,2010,scincl,biobert,25,100,0.0816
17,2010,scincl,biobert,50,100,0.0888
17,2010,scincl,simcse,10,100,0.091
17,2010,scincl,simcse,25,100,0.09519999999999999
17,2010,scincl,simcse,50,100,0.1058
17,2010,scibert,bert,10,100,0.199
17,2010,scibert,bert,25,100,0.21719999999999998
17,2010,scibert,bert,50,100,0.2322
17,2010,scibert,mpnet,10,100,0.123
17,2010,scibert,mpnet,25,100,0.1244
17,2010,scibert,mpnet,50,100,0.1434
17,2010,scibert,minilm,10,100,0.13
17,2010,scibert,minilm,25,100,0.1368
17,2010,scibert,minilm,50,100,0.1536
17,2010,scibert,pubmedbert,10,100,0.28300000000000003
17,2010,scibert,pubmedbert,25,100,0.31679999999999997
17,2010,scibert,pubmedbert,50,100,0.32780000000000004
17,2010,scibert,biobert,10,100,0.244
17,2010,scibert,biobert,25,100,0.282
17,2010,scibert,biobert,50,100,0.29359999999999997
17,2010,scibert,simcse,10,100,0.11100000000000002
17,2010,scibert,simcse,25,100,0.1276
17,2010,scibert,simcse,50,100,0.1474
17,2010,bert,mpnet,10,100,0.091
17,2010,bert,mpnet,25,100,0.0984
17,2010,bert,mpnet,50,100,0.1096
17,2010,bert,minilm,10,100,0.092
17,2010,bert,minilm,25,100,0.1052
17,2010,bert,minilm,50,100,0.11939999999999999
17,2010,bert,pubmedbert,10,100,0.185
17,2010,bert,pubmedbert,25,100,0.2248
17,2010,bert,pubmedbert,50,100,0.2382
17,2010,bert,biobert,10,100,0.211
17,2010,bert,biobert,25,100,0.2408
17,2010,bert,biobert,50,100,0.2544
17,2010,bert,simcse,10,100,0.219
17,2010,bert,simcse,25,100,0.2464
17,2010,bert,simcse,50,100,0.2564
17,2010,mpnet,minilm,10,100,0.48200000000000004
17,2010,mpnet,minilm,25,100,0.5128
17,2010,mpnet,minilm,50,100,0.5207999999999999
17,2010,mpnet,pubmedbert,10,100,0.092
17,2010,mpnet,pubmedbert,25,100,0.0932
17,2010,mpnet,pubmedbert,50,100,0.09519999999999999
17,2010,mpnet,biobert,10,100,0.093
17,2010,mpnet,biobert,25,100,0.0944
17,2010,mpnet,biobert,50,100,0.1012
17,2010,mpnet,simcse,10,100,0.097
17,2010,mpnet,simcse,25,100,0.11720000000000001
17,2010,mpnet,simcse,50,100,0.121
17,2010,minilm,pubmedbert,10,100,0.09
17,2010,minilm,pubmedbert,25,100,0.0956
17,2010,minilm,pubmedbert,50,100,0.1048
17,2010,minilm,biobert,10,100,0.097
17,2010,minilm,biobert,25,100,0.1
17,2010,minilm,biobert,50,100,0.11359999999999999
17,2010,minilm,simcse,10,100,0.097
17,2010,minilm,simcse,25,100,0.12240000000000001
17,2010,minilm,simcse,50,100,0.1398
17,2010,pubmedbert,biobert,10,100,0.29500000000000004
17,2010,pubmedbert,biobert,25,100,0.32439999999999997
17,2010,pubmedbert,biobert,50,100,0.3464
17,2010,pubmedbert,simcse,10,100,0.11100000000000002
17,2010,pubmedbert,simcse,25,100,0.1284
17,2010,pubmedbert,simcse,50,100,0.1416
17,2010,biobert,simcse,10,100,0.125
17,2010,biobert,simcse,25,100,0.1404
17,2010,biobert,simcse,50,100,0.1462
17,2015,specter,specter2,10,100,0.327
17,2015,specter,specter2,25,100,0.35240000000000005
17,2015,specter,specter2,50,100,0.3618
17,2015,specter,scincl,10,100,0.361
17,2015,specter,scincl,25,100,0.4096
17,2015,specter,scincl,50,100,0.4048
17,2015,specter,scibert,10,100,0.11499999999999999
17,2015,specter,scibert,25,100,0.1316
17,2015,specter,scibert,50,100,0.1366
17,2015,specter,bert,10,100,0.089
17,2015,specter,bert,25,100,0.09720000000000001
17,2015,specter,bert,50,100,0.10619999999999999
17,2015,specter,mpnet,10,100,0.36
17,2015,specter,mpnet,25,100,0.3924
17,2015,specter,mpnet,50,100,0.3992
17,2015,specter,minilm,10,100,0.33199999999999996
17,2015,specter,minilm,25,100,0.364
17,2015,specter,minilm,50,100,0.3714
17,2015,specter,pubmedbert,10,100,0.086
17,2015,specter,pubmedbert,25,100,0.0864
17,2015,specter,pubmedbert,50,100,0.09140000000000001
17,2015,specter,biobert,10,100,0.08499999999999999
17,2015,specter,biobert,25,100,0.0916
17,2015,specter,biobert,50,100,0.09179999999999999
17,2015,specter,simcse,10,100,0.098
17,2015,specter,simcse,25,100,0.10279999999999999
17,2015,specter,simcse,50,100,0.1054
17,2015,specter2,scincl,10,100,0.41600000000000004
17,2015,specter2,scincl,25,100,0.428
17,2015,specter2,scincl,50,100,0.447
17,2015,specter2,scibert,10,100,0.127
17,2015,specter2,scibert,25,100,0.1568
17,2015,specter2,scibert,50,100,0.1616
17,2015,specter2,bert,10,100,0.08
17,2015,specter2,bert,25,100,0.0984
17,2015,specter2,bert,50,100,0.11220000000000001
17,2015,specter2,mpnet,10,100,0.367
17,2015,specter2,mpnet,25,100,0.39520000000000005
17,2015,specter2,mpnet,50,100,0.4132
17,2015,specter2,minilm,10,100,0.323
17,2015,specter2,minilm,25,100,0.3532
17,2015,specter2,minilm,50,100,0.37520000000000003
17,2015,specter2,pubmedbert,10,100,0.078
17,2015,specter2,pubmedbert,25,100,0.0892
17,2015,specter2,pubmedbert,50,100,0.1014
17,2015,specter2,biobert,10,100,0.08499999999999999
17,2015,specter2,biobert,25,100,0.0888
17,2015,specter2,biobert,50,100,0.09699999999999999
17,2015,specter2,simcse,10,100,0.089
17,2015,specter2,simcse,25,100,0.1072
17,2015,specter2,simcse,50,100,0.1108
17,2015,scincl,scibert,10,100,0.119
17,2015,scincl,scibert,25,100,0.138
17,2015,scincl,scibert,50,100,0.1432
17,2015,scincl,bert,10,100,0.073
17,2015,scincl,bert,25,100,0.098
17,2015,scincl,bert,50,100,0.1108
17,2015,scincl,mpnet,10,100,0.41600000000000004
17,2015,scincl,mpnet,25,100,0.4548
17,2015,scincl,mpnet,50,100,0.4698
17,2015,scincl,minilm,10,100,0.389
17,2015,scincl,minilm,25,100,0.4192
17,2015,scincl,minilm,50,100,0.436
17,2015,scincl,pubmedbert,10,100,0.074
17,2015,scincl,pubmedbert,25,100,0.0812
17,2015,scincl,pubmedbert,50,100,0.092
17,2015,scincl,biobert,10,100,0.073
17,2015,scincl,biobert,25,100,0.0836
17,2015,scincl,biobert,50,100,0.0906
17,2015,scincl,simcse,10,100,0.08399999999999999
17,2015,scincl,simcse,25,100,0.0956
17,2015,scincl,simcse,50,100,0.10619999999999999
17,2015,scibert,bert,10,100,0.192
17,2015,scibert,bert,25,100,0.22519999999999998
17,2015,scibert,bert,50,100,0.2316
17,2015,scibert,mpnet,10,100,0.12
17,2015,scibert,mpnet,25,100,0.1396
17,2015,scibert,mpnet,50,100,0.14980000000000002
17,2015,scibert,minilm,10,100,0.10500000000000001
17,2015,scibert,minilm,25,100,0.14679999999999999
17,2015,scibert,minilm,50,100,0.1536
17,2015,scibert,pubmedbert,10,100,0.263
17,2015,scibert,pubmedbert,25,100,0.314
17,2015,scibert,pubmedbert,50,100,0.33240000000000003
17,2015,scibert,biobert,10,100,0.23199999999999998
17,2015,scibert,biobert,25,100,0.2752
17,2015,scibert,biobert,50,100,0.2888
17,2015,scibert,simcse,10,100,0.10900000000000001
17,2015,scibert,simcse,25,100,0.128
17,2015,scibert,simcse,50,100,0.1432
17,2015,bert,mpnet,10,100,0.099
17,2015,bert,mpnet,25,100,0.10880000000000001
17,2015,bert,mpnet,50,100,0.127
17,2015,bert,minilm,10,100,0.099
17,2015,bert,minilm,25,100,0.1292
17,2015,bert,minilm,50,100,0.1398
17,2015,bert,pubmedbert,10,100,0.178
17,2015,bert,pubmedbert,25,100,0.2168
17,2015,bert,pubmedbert,50,100,0.23120000000000002
17,2015,bert,biobert,10,100,0.192
17,2015,bert,biobert,25,100,0.2144
17,2015,bert,biobert,50,100,0.2372
17,2015,bert,simcse,10,100,0.199
17,2015,bert,simcse,25,100,0.23440000000000003
17,2015,bert,simcse,50,100,0.24739999999999998
17,2015,mpnet,minilm,10,100,0.497
17,2015,mpnet,minilm,25,100,0.5264
17,2015,mpnet,minilm,50,100,0.5396
17,2015,mpnet,pubmedbert,10,100,0.075
17,2015,mpnet,pubmedbert,25,100,0.092
17,2015,mpnet,pubmedbert,50,100,0.10339999999999999
17,2015,mpnet,biobert,10,100,0.08499999999999999
17,2015,mpnet,biobert,25,100,0.0956
17,2015,mpnet,biobert,50,100,0.1052
17,2015,mpnet,simcse,10,100,0.11499999999999999
17,2015,mpnet,simcse,25,100,0.1232
17,2015,mpnet,simcse,50,100,0.1348
17,2015,minilm,pubmedbert,10,100,0.079
17,2015,minilm,pubmedbert,25,100,0.1008
17,2015,minilm,pubmedbert,50,100,0.11220000000000001
17,2015,minilm,biobert,10,100,0.086
17,2015,minilm,biobert,25,100,0.10279999999999999
17,2015,minilm,biobert,50,100,0.1108
17,2015,minilm,simcse,10,100,0.11599999999999999
17,2015,minilm,simcse,25,100,0.13720000000000002
17,2015,minilm,simcse,50,100,0.1438
17,2015,pubmedbert,biobert,10,100,0.267
17,2015,pubmedbert,biobert,25,100,0.3132
17,2015,pubmedbert,biobert,50,100,0.3296
17,2015,pubmedbert,simcse,10,100,0.1
17,2015,pubmedbert,simcse,25,100,0.11359999999999999
17,2015,pubmedbert,simcse,50,100,0.12619999999999998
17,2015,biobert,simcse,10,100,0.10300000000000001
17,2015,biobert,simcse,25,100,0.1176
17,2015,biobert,simcse,50,100,0.128
17,2020,specter,specter2,10,100,0.29500000000000004
17,2020,specter,specter2,25,100,0.3184
17,2020,specter,specter2,50,100,0.3344
17,2020,specter,scincl,10,100,0.32799999999999996
17,2020,specter,scincl,25,100,0.3568
17,2020,specter,scincl,50,100,0.36979999999999996
17,2020,specter,scibert,10,100,0.091
17,2020,specter,scibert,25,100,0.10880000000000001
17,2020,specter,scibert,50,100,0.1216
17,2020,specter,bert,10,100,0.061
17,2020,specter,bert,25,100,0.0864
17,2020,specter,bert,50,100,0.09179999999999999
17,2020,specter,mpnet,10,100,0.313
17,2020,specter,mpnet,25,100,0.33520000000000005
17,2020,specter,mpnet,50,100,0.3486
17,2020,specter,minilm,10,100,0.27999999999999997
17,2020,specter,minilm,25,100,0.31920000000000004
17,2020,specter,minilm,50,100,0.3224
17,2020,specter,pubmedbert,10,100,0.072
17,2020,specter,pubmedbert,25,100,0.09
17,2020,specter,pubmedbert,50,100,0.094
17,2020,specter,biobert,10,100,0.074
17,2020,specter,biobert,25,100,0.0916
17,2020,specter,biobert,50,100,0.0958
17,2020,specter,simcse,10,100,0.08299999999999999
17,2020,specter,simcse,25,100,0.092
17,2020,specter,simcse,50,100,0.09960000000000001
17,2020,specter2,scincl,10,100,0.367
17,2020,specter2,scincl,25,100,0.4096
17,2020,specter2,scincl,50,100,0.4174
17,2020,specter2,scibert,10,100,0.1
17,2020,specter2,scibert,25,100,0.124
17,2020,specter2,scibert,50,100,0.1458
17,2020,specter2,bert,10,100,0.081
17,2020,specter2,bert,25,100,0.08800000000000001
17,2020,specter2,bert,50,100,0.1
17,2020,specter2,mpnet,10,100,0.344
17,2020,specter2,mpnet,25,100,0.382
17,2020,specter2,mpnet,50,100,0.3972
17,2020,specter2,minilm,10,100,0.28700000000000003
17,2020,specter2,minilm,25,100,0.3236
17,2020,specter2,minilm,50,100,0.35
17,2020,specter2,pubmedbert,10,100,0.078
17,2020,specter2,pubmedbert,25,100,0.0876
17,2020,specter2,pubmedbert,50,100,0.10220000000000001
17,2020,specter2,biobert,10,100,0.077
17,2020,specter2,biobert,25,100,0.0944
17,2020,specter2,biobert,50,100,0.10460000000000001
17,2020,specter2,simcse,10,100,0.078
17,2020,specter2,simcse,25,100,0.09119999999999999
17,2020,specter2,simcse,50,100,0.1018
17,2020,scincl,scibert,10,100,0.096
17,2020,scincl,scibert,25,100,0.1168
17,2020,scincl,scibert,50,100,0.13
17,2020,scincl,bert,10,100,0.075
17,2020,scincl,bert,25,100,0.0796
17,2020,scincl,bert,50,100,0.09480000000000001
17,2020,scincl,mpnet,10,100,0.391
17,2020,scincl,mpnet,25,100,0.4232
17,2020,scincl,mpnet,50,100,0.4368
17,2020,scincl,minilm,10,100,0.335
17,2020,scincl,minilm,25,100,0.3716
17,2020,scincl,minilm,50,100,0.3906
17,2020,scincl,pubmedbert,10,100,0.077
17,2020,scincl,pubmedbert,25,100,0.08439999999999999
17,2020,scincl,pubmedbert,50,100,0.0934
17,2020,scincl,biobert,10,100,0.074
17,2020,scincl,biobert,25,100,0.0872
17,2020,scincl,biobert,50,100,0.096
17,2020,scincl,simcse,10,100,0.088
17,2020,scincl,simcse,25,100,0.092
17,2020,scincl,simcse,50,100,0.1024
17,2020,scibert,bert,10,100,0.207
17,2020,scibert,bert,25,100,0.2076
17,2020,scibert,bert,50,100,0.22519999999999998
17,2020,scibert,mpnet,10,100,0.10700000000000001
17,2020,scibert,mpnet,25,100,0.1232
17,2020,scibert,mpnet,50,100,0.1398
17,2020,scibert,minilm,10,100,0.091
17,2020,scibert,minilm,25,100,0.1164
17,2020,scibert,minilm,50,100,0.1374
17,2020,scibert,pubmedbert,10,100,0.312
17,2020,scibert,pubmedbert,25,100,0.3332
17,2020,scibert,pubmedbert,50,100,0.34759999999999996
17,2020,scibert,biobert,10,100,0.272
17,2020,scibert,biobert,25,100,0.28559999999999997
17,2020,scibert,biobert,50,100,0.3102
17,2020,scibert,simcse,10,100,0.119
17,2020,scibert,simcse,25,100,0.11800000000000001
17,2020,scibert,simcse,50,100,0.1334
17,2020,bert,mpnet,10,100,0.092
17,2020,bert,mpnet,25,100,0.10439999999999999
17,2020,bert,mpnet,50,100,0.1198
17,2020,bert,minilm,10,100,0.08199999999999999
17,2020,bert,minilm,25,100,0.10279999999999999
17,2020,bert,minilm,50,100,0.1222
17,2020,bert,pubmedbert,10,100,0.176
17,2020,bert,pubmedbert,25,100,0.2072
17,2020,bert,pubmedbert,50,100,0.2194
17,2020,bert,biobert,10,100,0.196
17,2020,bert,biobert,25,100,0.22519999999999998
17,2020,bert,biobert,50,100,0.24760000000000001
17,2020,bert,simcse,10,100,0.188
17,2020,bert,simcse,25,100,0.21600000000000003
17,2020,bert,simcse,50,100,0.2408
17,2020,mpnet,minilm,10,100,0.488
17,2020,mpnet,minilm,25,100,0.5
17,2020,mpnet,minilm,50,100,0.5144
17,2020,mpnet,pubmedbert,10,100,0.092
17,2020,mpnet,pubmedbert,25,100,0.102
17,2020,mpnet,pubmedbert,50,100,0.105
17,2020,mpnet,biobert,10,100,0.087
17,2020,mpnet,biobert,25,100,0.10439999999999999
17,2020,mpnet,biobert,50,100,0.1118
17,2020,mpnet,simcse,10,100,0.101
17,2020,mpnet,simcse,25,100,0.1108
17,2020,mpnet,simcse,50,100,0.12119999999999999
17,2020,minilm,pubmedbert,10,100,0.078
17,2020,minilm,pubmedbert,25,100,0.096
17,2020,minilm,pubmedbert,50,100,0.1072
17,2020,minilm,biobert,10,100,0.071
17,2020,minilm,biobert,25,100,0.09880000000000001
17,2020,minilm,biobert,50,100,0.1166
17,2020,minilm,simcse,10,100,0.089
17,2020,minilm,simcse,25,100,0.1148
17,2020,minilm,simcse,50,100,0.1284
17,2020,pubmedbert,biobert,10,100,0.31
17,2020,pubmedbert,biobert,25,100,0.3392
17,2020,pubmedbert,biobert,50,100,0.3532
17,2020,pubmedbert,simcse,10,100,0.092
17,2020,pubmedbert,simcse,25,100,0.10400000000000001
17,2020,pubmedbert,simcse,50,100,0.1222
17,2020,biobert,simcse,10,100,0.088
17,2020,biobert,simcse,25,100,0.1204
17,2020,biobert,simcse,50,100,0.1366
18,2000,specter,specter2,10,100,0.193
18,2000,specter,specter2,25,100,0.212
18,2000,specter,specter2,50,100,0.2328
18,2000,specter,scincl,10,100,0.23900000000000002
18,2000,specter,scincl,25,100,0.2908
18,2000,specter,scincl,50,100,0.3118
18,2000,specter,scibert,10,100,0.061
18,2000,specter,scibert,25,100,0.0736
18,2000,specter,scibert,50,100,0.08839999999999999
18,2000,specter,bert,10,100,0.043
18,2000,specter,bert,25,100,0.0608
18,2000,specter,bert,50,100,0.07139999999999999
18,2000,specter,mpnet,10,100,0.259
18,2000,specter,mpnet,25,100,0.2876
18,2000,specter,mpnet,50,100,0.297
18,2000,specter,minilm,10,100,0.22599999999999998
18,2000,specter,minilm,25,100,0.24239999999999998
18,2000,specter,minilm,50,100,0.2526
18,2000,specter,pubmedbert,10,100,0.046
18,2000,specter,pubmedbert,25,100,0.056799999999999996
18,2000,specter,pubmedbert,50,100,0.0716
18,2000,specter,biobert,10,100,0.034
18,2000,specter,biobert,25,100,0.0504
18,2000,specter,biobert,50,100,0.061
18,2000,specter,simcse,10,100,0.048
18,2000,specter,simcse,25,100,0.06280000000000001
18,2000,specter,simcse,50,100,0.07339999999999999
18,2000,specter2,scincl,10,100,0.24300000000000002
18,2000,specter2,scincl,25,100,0.256
18,2000,specter2,scincl,50,100,0.2782
18,2000,specter2,scibert,10,100,0.08
18,2000,specter2,scibert,25,100,0.08439999999999999
18,2000,specter2,scibert,50,100,0.10339999999999999
18,2000,specter2,bert,10,100,0.051000000000000004
18,2000,specter2,bert,25,100,0.0604
18,2000,specter2,bert,50,100,0.0684
18,2000,specter2,mpnet,10,100,0.24900000000000003
18,2000,specter2,mpnet,25,100,0.262
18,2000,specter2,mpnet,50,100,0.2802
18,2000,specter2,minilm,10,100,0.198
18,2000,specter2,minilm,25,100,0.2228
18,2000,specter2,minilm,50,100,0.23620000000000002
18,2000,specter2,pubmedbert,10,100,0.047
18,2000,specter2,pubmedbert,25,100,0.0564
18,2000,specter2,pubmedbert,50,100,0.0688
18,2000,specter2,biobert,10,100,0.047
18,2000,specter2,biobert,25,100,0.0504
18,2000,specter2,biobert,50,100,0.066
18,2000,specter2,simcse,10,100,0.041999999999999996
18,2000,specter2,simcse,25,100,0.0644
18,2000,specter2,simcse,50,100,0.0726
18,2000,scincl,scibert,10,100,0.064
18,2000,scincl,scibert,25,100,0.0808
18,2000,scincl,scibert,50,100,0.095
18,2000,scincl,bert,10,100,0.05
18,2000,scincl,bert,25,100,0.0596
18,2000,scincl,bert,50,100,0.0696
18,2000,scincl,mpnet,10,100,0.298
18,2000,scincl,mpnet,25,100,0.33759999999999996
18,2000,scincl,mpnet,50,100,0.3626
18,2000,scincl,minilm,10,100,0.252
18,2000,scincl,minilm,25,100,0.292
18,2000,scincl,minilm,50,100,0.3104
18,2000,scincl,pubmedbert,10,100,0.047
18,2000,scincl,pubmedbert,25,100,0.055999999999999994
18,2000,scincl,pubmedbert,50,100,0.0674
18,2000,scincl,biobert,10,100,0.043
18,2000,scincl,biobert,25,100,0.053200000000000004
18,2000,scincl,biobert,50,100,0.0596
18,2000,scincl,simcse,10,100,0.056999999999999995
18,2000,scincl,simcse,25,100,0.0696
18,2000,scincl,simcse,50,100,0.076
18,2000,scibert,bert,10,100,0.156
18,2000,scibert,bert,25,100,0.184
18,2000,scibert,bert,50,100,0.203
18,2000,scibert,mpnet,10,100,0.06999999999999999
18,2000,scibert,mpnet,25,100,0.0848
18,2000,scibert,mpnet,50,100,0.09
18,2000,scibert,minilm,10,100,0.078
18,2000,scibert,minilm,25,100,0.0924
18,2000,scibert,minilm,50,100,0.099
18,2000,scibert,pubmedbert,10,100,0.258
18,2000,scibert,pubmedbert,25,100,0.2864
18,2000,scibert,pubmedbert,50,100,0.31620000000000004
18,2000,scibert,biobert,10,100,0.207
18,2000,scibert,biobert,25,100,0.24600000000000002
18,2000,scibert,biobert,50,100,0.264
18,2000,scibert,simcse,10,100,0.097
18,2000,scibert,simcse,25,100,0.10400000000000001
18,2000,scibert,simcse,50,100,0.1182
18,2000,bert,mpnet,10,100,0.054000000000000006
18,2000,bert,mpnet,25,100,0.0688
18,2000,bert,mpnet,50,100,0.08439999999999999
18,2000,bert,minilm,10,100,0.061
18,2000,bert,minilm,25,100,0.0828
18,2000,bert,minilm,50,100,0.09759999999999999
18,2000,bert,pubmedbert,10,100,0.15
18,2000,bert,pubmedbert,25,100,0.1884
18,2000,bert,pubmedbert,50,100,0.209
18,2000,bert,biobert,10,100,0.161
18,2000,bert,biobert,25,100,0.1932
18,2000,bert,biobert,50,100,0.21780000000000002
18,2000,bert,simcse,10,100,0.172
18,2000,bert,simcse,25,100,0.1968
18,2000,bert,simcse,50,100,0.2234
18,2000,mpnet,minilm,10,100,0.392
18,2000,mpnet,minilm,25,100,0.42200000000000004
18,2000,mpnet,minilm,50,100,0.4448
18,2000,mpnet,pubmedbert,10,100,0.054000000000000006
18,2000,mpnet,pubmedbert,25,100,0.06480000000000001
18,2000,mpnet,pubmedbert,50,100,0.07400000000000001
18,2000,mpnet,biobert,10,100,0.051000000000000004
18,2000,mpnet,biobert,25,100,0.057999999999999996
18,2000,mpnet,biobert,50,100,0.0682
18,2000,mpnet,simcse,10,100,0.066
18,2000,mpnet,simcse,25,100,0.0808
18,2000,mpnet,simcse,50,100,0.0924
18,2000,minilm,pubmedbert,10,100,0.05600000000000001
18,2000,minilm,pubmedbert,25,100,0.0668
18,2000,minilm,pubmedbert,50,100,0.0816
18,2000,minilm,biobert,10,100,0.053000000000000005
18,2000,minilm,biobert,25,100,0.0676
18,2000,minilm,biobert,50,100,0.0788
18,2000,minilm,simcse,10,100,0.08
18,2000,minilm,simcse,25,100,0.1
18,2000,minilm,simcse,50,100,0.1094
18,2000,pubmedbert,biobert,10,100,0.248
18,2000,pubmedbert,biobert,25,100,0.2956
18,2000,pubmedbert,biobert,50,100,0.3172
18,2000,pubmedbert,simcse,10,100,0.088
18,2000,pubmedbert,simcse,25,100,0.09759999999999999
18,2000,pubmedbert,simcse,50,100,0.115
18,2000,biobert,simcse,10,100,0.079
18,2000,biobert,simcse,25,100,0.10679999999999999
18,2000,biobert,simcse,50,100,0.11960000000000001
18,2005,specter,specter2,10,100,0.246
18,2005,specter,specter2,25,100,0.2364
18,2005,specter,specter2,50,100,0.24059999999999998
18,2005,specter,scincl,10,100,0.28700000000000003
18,2005,specter,scincl,25,100,0.3032
18,2005,specter,scincl,50,100,0.32280000000000003
18,2005,specter,scibert,10,100,0.06999999999999999
18,2005,specter,scibert,25,100,0.0784
18,2005,specter,scibert,50,100,0.08460000000000001
18,2005,specter,bert,10,100,0.063
18,2005,specter,bert,25,100,0.06559999999999999
18,2005,specter,bert,50,100,0.0746
18,2005,specter,mpnet,10,100,0.281
18,2005,specter,mpnet,25,100,0.2964
18,2005,specter,mpnet,50,100,0.2948
18,2005,specter,minilm,10,100,0.273
18,2005,specter,minilm,25,100,0.2724
18,2005,specter,minilm,50,100,0.2804
18,2005,specter,pubmedbert,10,100,0.063
18,2005,specter,pubmedbert,25,100,0.0728
18,2005,specter,pubmedbert,50,100,0.0726
18,2005,specter,biobert,10,100,0.056999999999999995
18,2005,specter,biobert,25,100,0.0616
18,2005,specter,biobert,50,100,0.0652
18,2005,specter,simcse,10,100,0.064
18,2005,specter,simcse,25,100,0.07
18,2005,specter,simcse,50,100,0.0746
18,2005,specter2,scincl,10,100,0.284
18,2005,specter2,scincl,25,100,0.2932
18,2005,specter2,scincl,50,100,0.3044
18,2005,specter2,scibert,10,100,0.096
18,2005,specter2,scibert,25,100,0.1012
18,2005,specter2,scibert,50,100,0.102
18,2005,specter2,bert,10,100,0.06999999999999999
18,2005,specter2,bert,25,100,0.0732
18,2005,specter2,bert,50,100,0.073
18,2005,specter2,mpnet,10,100,0.281
18,2005,specter2,mpnet,25,100,0.2892
18,2005,specter2,mpnet,50,100,0.2964
18,2005,specter2,minilm,10,100,0.252
18,2005,specter2,minilm,25,100,0.25920000000000004
18,2005,specter2,minilm,50,100,0.2632
18,2005,specter2,pubmedbert,10,100,0.08299999999999999
18,2005,specter2,pubmedbert,25,100,0.0724
18,2005,specter2,pubmedbert,50,100,0.0724
18,2005,specter2,biobert,10,100,0.071
18,2005,specter2,biobert,25,100,0.0736
18,2005,specter2,biobert,50,100,0.0762
18,2005,specter2,simcse,10,100,0.079
18,2005,specter2,simcse,25,100,0.0732
18,2005,specter2,simcse,50,100,0.0796
18,2005,scincl,scibert,10,100,0.08299999999999999
18,2005,scincl,scibert,25,100,0.09
18,2005,scincl,scibert,50,100,0.0892
18,2005,scincl,bert,10,100,0.064
18,2005,scincl,bert,25,100,0.0692
18,2005,scincl,bert,50,100,0.0726
18,2005,scincl,mpnet,10,100,0.341
18,2005,scincl,mpnet,25,100,0.3544
18,2005,scincl,mpnet,50,100,0.36939999999999995
18,2005,scincl,minilm,10,100,0.323
18,2005,scincl,minilm,25,100,0.3184
18,2005,scincl,minilm,50,100,0.33020000000000005
18,2005,scincl,pubmedbert,10,100,0.064
18,2005,scincl,pubmedbert,25,100,0.0676
18,2005,scincl,pubmedbert,50,100,0.0674
18,2005,scincl,biobert,10,100,0.051000000000000004
18,2005,scincl,biobert,25,100,0.0592
18,2005,scincl,biobert,50,100,0.0696
18,2005,scincl,simcse,10,100,0.08199999999999999
18,2005,scincl,simcse,25,100,0.07400000000000001
18,2005,scincl,simcse,50,100,0.07780000000000001
18,2005,scibert,bert,10,100,0.187
18,2005,scibert,bert,25,100,0.2024
18,2005,scibert,bert,50,100,0.20379999999999998
18,2005,scibert,mpnet,10,100,0.091
18,2005,scibert,mpnet,25,100,0.0992
18,2005,scibert,mpnet,50,100,0.1038
18,2005,scibert,minilm,10,100,0.093
18,2005,scibert,minilm,25,100,0.0984
18,2005,scibert,minilm,50,100,0.099
18,2005,scibert,pubmedbert,10,100,0.27599999999999997
18,2005,scibert,pubmedbert,25,100,0.2916
18,2005,scibert,pubmedbert,50,100,0.3048
18,2005,scibert,biobert,10,100,0.25
18,2005,scibert,biobert,25,100,0.2672
18,2005,scibert,biobert,50,100,0.2818
18,2005,scibert,simcse,10,100,0.10200000000000001
18,2005,scibert,simcse,25,100,0.1092
18,2005,scibert,simcse,50,100,0.11560000000000001
18,2005,bert,mpnet,10,100,0.089
18,2005,bert,mpnet,25,100,0.08560000000000001
18,2005,bert,mpnet,50,100,0.0922
18,2005,bert,minilm,10,100,0.088
18,2005,bert,minilm,25,100,0.08800000000000001
18,2005,bert,minilm,50,100,0.0926
18,2005,bert,pubmedbert,10,100,0.20299999999999999
18,2005,bert,pubmedbert,25,100,0.1916
18,2005,bert,pubmedbert,50,100,0.209
18,2005,bert,biobert,10,100,0.209
18,2005,bert,biobert,25,100,0.2072
18,2005,bert,biobert,50,100,0.22440000000000002
18,2005,bert,simcse,10,100,0.20600000000000002
18,2005,bert,simcse,25,100,0.20600000000000002
18,2005,bert,simcse,50,100,0.222
18,2005,mpnet,minilm,10,100,0.44699999999999995
18,2005,mpnet,minilm,25,100,0.4548
18,2005,mpnet,minilm,50,100,0.4606
18,2005,mpnet,pubmedbert,10,100,0.08299999999999999
18,2005,mpnet,pubmedbert,25,100,0.0832
18,2005,mpnet,pubmedbert,50,100,0.08779999999999999
18,2005,mpnet,biobert,10,100,0.079
18,2005,mpnet,biobert,25,100,0.078
18,2005,mpnet,biobert,50,100,0.085
18,2005,mpnet,simcse,10,100,0.10400000000000001
18,2005,mpnet,simcse,25,100,0.1
18,2005,mpnet,simcse,50,100,0.10300000000000001
18,2005,minilm,pubmedbert,10,100,0.081
18,2005,minilm,pubmedbert,25,100,0.08199999999999999
18,2005,minilm,pubmedbert,50,100,0.0808
18,2005,minilm,biobert,10,100,0.073
18,2005,minilm,biobert,25,100,0.07400000000000001
18,2005,minilm,biobert,50,100,0.08259999999999999
18,2005,minilm,simcse,10,100,0.10900000000000001
18,2005,minilm,simcse,25,100,0.0984
18,2005,minilm,simcse,50,100,0.10880000000000001
18,2005,pubmedbert,biobert,10,100,0.28900000000000003
18,2005,pubmedbert,biobert,25,100,0.306
18,2005,pubmedbert,biobert,50,100,0.3164
18,2005,pubmedbert,simcse,10,100,0.097
18,2005,pubmedbert,simcse,25,100,0.1116
18,2005,pubmedbert,simcse,50,100,0.11779999999999999
18,2005,biobert,simcse,10,100,0.10200000000000001
18,2005,biobert,simcse,25,100,0.1052
18,2005,biobert,simcse,50,100,0.1142
18,2010,specter,specter2,10,100,0.268
18,2010,specter,specter2,25,100,0.2704
18,2010,specter,specter2,50,100,0.28600000000000003
18,2010,specter,scincl,10,100,0.312
18,2010,specter,scincl,25,100,0.31920000000000004
18,2010,specter,scincl,50,100,0.3432
18,2010,specter,scibert,10,100,0.077
18,2010,specter,scibert,25,100,0.0904
18,2010,specter,scibert,50,100,0.10039999999999999
18,2010,specter,bert,10,100,0.053000000000000005
18,2010,specter,bert,25,100,0.0684
18,2010,specter,bert,50,100,0.078
18,2010,specter,mpnet,10,100,0.29700000000000004
18,2010,specter,mpnet,25,100,0.30079999999999996
18,2010,specter,mpnet,50,100,0.3292
18,2010,specter,minilm,10,100,0.257
18,2010,specter,minilm,25,100,0.29
18,2010,specter,minilm,50,100,0.2948
18,2010,specter,pubmedbert,10,100,0.05600000000000001
18,2010,specter,pubmedbert,25,100,0.07
18,2010,specter,pubmedbert,50,100,0.07780000000000001
18,2010,specter,biobert,10,100,0.063
18,2010,specter,biobert,25,100,0.07
18,2010,specter,biobert,50,100,0.0762
18,2010,specter,simcse,10,100,0.064
18,2010,specter,simcse,25,100,0.0824
18,2010,specter,simcse,50,100,0.09480000000000001
18,2010,specter2,scincl,10,100,0.313
18,2010,specter2,scincl,25,100,0.3136
18,2010,specter2,scincl,50,100,0.3394
18,2010,specter2,scibert,10,100,0.10400000000000001
18,2010,specter2,scibert,25,100,0.1012
18,2010,specter2,scibert,50,100,0.1104
18,2010,specter2,bert,10,100,0.066
18,2010,specter2,bert,25,100,0.0664
18,2010,specter2,bert,50,100,0.0758
18,2010,specter2,mpnet,10,100,0.317
18,2010,specter2,mpnet,25,100,0.3188
18,2010,specter2,mpnet,50,100,0.3378
18,2010,specter2,minilm,10,100,0.277
18,2010,specter2,minilm,25,100,0.2808
18,2010,specter2,minilm,50,100,0.2896
18,2010,specter2,pubmedbert,10,100,0.079
18,2010,specter2,pubmedbert,25,100,0.07400000000000001
18,2010,specter2,pubmedbert,50,100,0.0818
18,2010,specter2,biobert,10,100,0.075
18,2010,specter2,biobert,25,100,0.07519999999999999
18,2010,specter2,biobert,50,100,0.0796
18,2010,specter2,simcse,10,100,0.076
18,2010,specter2,simcse,25,100,0.0808
18,2010,specter2,simcse,50,100,0.091
18,2010,scincl,scibert,10,100,0.08299999999999999
18,2010,scincl,scibert,25,100,0.09519999999999999
18,2010,scincl,scibert,50,100,0.1008
18,2010,scincl,bert,10,100,0.053000000000000005
18,2010,scincl,bert,25,100,0.0608
18,2010,scincl,bert,50,100,0.0762
18,2010,scincl,mpnet,10,100,0.34199999999999997
18,2010,scincl,mpnet,25,100,0.3468
18,2010,scincl,mpnet,50,100,0.3682
18,2010,scincl,minilm,10,100,0.296
18,2010,scincl,minilm,25,100,0.32
18,2010,scincl,minilm,50,100,0.332
18,2010,scincl,pubmedbert,10,100,0.063
18,2010,scincl,pubmedbert,25,100,0.0732
18,2010,scincl,pubmedbert,50,100,0.0754
18,2010,scincl,biobert,10,100,0.059
18,2010,scincl,biobert,25,100,0.0716
18,2010,scincl,biobert,50,100,0.07400000000000001
18,2010,scincl,simcse,10,100,0.064
18,2010,scincl,simcse,25,100,0.0808
18,2010,scincl,simcse,50,100,0.094
18,2010,scibert,bert,10,100,0.2
18,2010,scibert,bert,25,100,0.2232
18,2010,scibert,bert,50,100,0.2266
18,2010,scibert,mpnet,10,100,0.091
18,2010,scibert,mpnet,25,100,0.0984
18,2010,scibert,mpnet,50,100,0.10880000000000001
18,2010,scibert,minilm,10,100,0.09
18,2010,scibert,minilm,25,100,0.1108
18,2010,scibert,minilm,50,100,0.1182
18,2010,scibert,pubmedbert,10,100,0.29900000000000004
18,2010,scibert,pubmedbert,25,100,0.3136
18,2010,scibert,pubmedbert,50,100,0.345
18,2010,scibert,biobert,10,100,0.264
18,2010,scibert,biobert,25,100,0.2928
18,2010,scibert,biobert,50,100,0.3066
18,2010,scibert,simcse,10,100,0.10700000000000001
18,2010,scibert,simcse,25,100,0.13
18,2010,scibert,simcse,50,100,0.1322
18,2010,bert,mpnet,10,100,0.078
18,2010,bert,mpnet,25,100,0.08199999999999999
18,2010,bert,mpnet,50,100,0.09359999999999999
18,2010,bert,minilm,10,100,0.078
18,2010,bert,minilm,25,100,0.08960000000000001
18,2010,bert,minilm,50,100,0.1092
18,2010,bert,pubmedbert,10,100,0.189
18,2010,bert,pubmedbert,25,100,0.1972
18,2010,bert,pubmedbert,50,100,0.221
18,2010,bert,biobert,10,100,0.186
18,2010,bert,biobert,25,100,0.214
18,2010,bert,biobert,50,100,0.2274
18,2010,bert,simcse,10,100,0.19
18,2010,bert,simcse,25,100,0.222
18,2010,bert,simcse,50,100,0.2368
18,2010,mpnet,minilm,10,100,0.40499999999999997
18,2010,mpnet,minilm,25,100,0.43320000000000003
18,2010,mpnet,minilm,50,100,0.45740000000000003
18,2010,mpnet,pubmedbert,10,100,0.074
18,2010,mpnet,pubmedbert,25,100,0.08039999999999999
18,2010,mpnet,pubmedbert,50,100,0.0858
18,2010,mpnet,biobert,10,100,0.079
18,2010,mpnet,biobert,25,100,0.0864
18,2010,mpnet,biobert,50,100,0.0886
18,2010,mpnet,simcse,10,100,0.08
18,2010,mpnet,simcse,25,100,0.09880000000000001
18,2010,mpnet,simcse,50,100,0.11199999999999999
18,2010,minilm,pubmedbert,10,100,0.074
18,2010,minilm,pubmedbert,25,100,0.0868
18,2010,minilm,pubmedbert,50,100,0.0946
18,2010,minilm,biobert,10,100,0.06999999999999999
18,2010,minilm,biobert,25,100,0.0868
18,2010,minilm,biobert,50,100,0.09519999999999999
18,2010,minilm,simcse,10,100,0.091
18,2010,minilm,simcse,25,100,0.11599999999999999
18,2010,minilm,simcse,50,100,0.1278
18,2010,pubmedbert,biobert,10,100,0.298
18,2010,pubmedbert,biobert,25,100,0.3236
18,2010,pubmedbert,biobert,50,100,0.3514
18,2010,pubmedbert,simcse,10,100,0.10300000000000001
18,2010,pubmedbert,simcse,25,100,0.1188
18,2010,pubmedbert,simcse,50,100,0.1292
18,2010,biobert,simcse,10,100,0.099
18,2010,biobert,simcse,25,100,0.12560000000000002
18,2010,biobert,simcse,50,100,0.1338
18,2015,specter,specter2,10,100,0.266
18,2015,specter,specter2,25,100,0.2784
18,2015,specter,specter2,50,100,0.2752
18,2015,specter,scincl,10,100,0.32
18,2015,specter,scincl,25,100,0.31079999999999997
18,2015,specter,scincl,50,100,0.3276
18,2015,specter,scibert,10,100,0.09
18,2015,specter,scibert,25,100,0.09960000000000001
18,2015,specter,scibert,50,100,0.1058
18,2015,specter,bert,10,100,0.06999999999999999
18,2015,specter,bert,25,100,0.0776
18,2015,specter,bert,50,100,0.0892
18,2015,specter,mpnet,10,100,0.317
18,2015,specter,mpnet,25,100,0.3104
18,2015,specter,mpnet,50,100,0.3296
18,2015,specter,minilm,10,100,0.27799999999999997
18,2015,specter,minilm,25,100,0.2848
18,2015,specter,minilm,50,100,0.2914
18,2015,specter,pubmedbert,10,100,0.066
18,2015,specter,pubmedbert,25,100,0.06559999999999999
18,2015,specter,pubmedbert,50,100,0.079
18,2015,specter,biobert,10,100,0.063
18,2015,specter,biobert,25,100,0.0768
18,2015,specter,biobert,50,100,0.0796
18,2015,specter,simcse,10,100,0.073
18,2015,specter,simcse,25,100,0.08839999999999999
18,2015,specter,simcse,50,100,0.0922
18,2015,specter2,scincl,10,100,0.341
18,2015,specter2,scincl,25,100,0.34840000000000004
18,2015,specter2,scincl,50,100,0.3508
18,2015,specter2,scibert,10,100,0.096
18,2015,specter2,scibert,25,100,0.09960000000000001
18,2015,specter2,scibert,50,100,0.1142
18,2015,specter2,bert,10,100,0.075
18,2015,specter2,bert,25,100,0.0728
18,2015,specter2,bert,50,100,0.0812
18,2015,specter2,mpnet,10,100,0.33999999999999997
18,2015,specter2,mpnet,25,100,0.3532
18,2015,specter2,mpnet,50,100,0.3432
18,2015,specter2,minilm,10,100,0.274
18,2015,specter2,minilm,25,100,0.2988
18,2015,specter2,minilm,50,100,0.3024
18,2015,specter2,pubmedbert,10,100,0.073
18,2015,specter2,pubmedbert,25,100,0.0748
18,2015,specter2,pubmedbert,50,100,0.08439999999999999
18,2015,specter2,biobert,10,100,0.073
18,2015,specter2,biobert,25,100,0.076
18,2015,specter2,biobert,50,100,0.0818
18,2015,specter2,simcse,10,100,0.076
18,2015,specter2,simcse,25,100,0.08439999999999999
18,2015,specter2,simcse,50,100,0.09179999999999999
18,2015,scincl,scibert,10,100,0.076
18,2015,scincl,scibert,25,100,0.0888
18,2015,scincl,scibert,50,100,0.1012
18,2015,scincl,bert,10,100,0.067
18,2015,scincl,bert,25,100,0.0756
18,2015,scincl,bert,50,100,0.08220000000000001
18,2015,scincl,mpnet,10,100,0.371
18,2015,scincl,mpnet,25,100,0.3764
18,2015,scincl,mpnet,50,100,0.377
18,2015,scincl,minilm,10,100,0.339
18,2015,scincl,minilm,25,100,0.3472
18,2015,scincl,minilm,50,100,0.34600000000000003
18,2015,scincl,pubmedbert,10,100,0.056999999999999995
18,2015,scincl,pubmedbert,25,100,0.0608
18,2015,scincl,pubmedbert,50,100,0.0718
18,2015,scincl,biobert,10,100,0.064
18,2015,scincl,biobert,25,100,0.06
18,2015,scincl,biobert,50,100,0.07200000000000001
18,2015,scincl,simcse,10,100,0.08199999999999999
18,2015,scincl,simcse,25,100,0.086
18,2015,scincl,simcse,50,100,0.09300000000000001
18,2015,scibert,bert,10,100,0.181
18,2015,scibert,bert,25,100,0.1924
18,2015,scibert,bert,50,100,0.2114
18,2015,scibert,mpnet,10,100,0.089
18,2015,scibert,mpnet,25,100,0.09880000000000001
18,2015,scibert,mpnet,50,100,0.11599999999999999
18,2015,scibert,minilm,10,100,0.08299999999999999
18,2015,scibert,minilm,25,100,0.10400000000000001
18,2015,scibert,minilm,50,100,0.115
18,2015,scibert,pubmedbert,10,100,0.263
18,2015,scibert,pubmedbert,25,100,0.3032
18,2015,scibert,pubmedbert,50,100,0.3194
18,2015,scibert,biobert,10,100,0.24300000000000002
18,2015,scibert,biobert,25,100,0.2804
18,2015,scibert,biobert,50,100,0.294
18,2015,scibert,simcse,10,100,0.088
18,2015,scibert,simcse,25,100,0.096
18,2015,scibert,simcse,50,100,0.11259999999999999
18,2015,bert,mpnet,10,100,0.072
18,2015,bert,mpnet,25,100,0.084
18,2015,bert,mpnet,50,100,0.0984
18,2015,bert,minilm,10,100,0.075
18,2015,bert,minilm,25,100,0.0888
18,2015,bert,minilm,50,100,0.10220000000000001
18,2015,bert,pubmedbert,10,100,0.16899999999999998
18,2015,bert,pubmedbert,25,100,0.184
18,2015,bert,pubmedbert,50,100,0.1984
18,2015,bert,biobert,10,100,0.192
18,2015,bert,biobert,25,100,0.20920000000000002
18,2015,bert,biobert,50,100,0.21960000000000002
18,2015,bert,simcse,10,100,0.178
18,2015,bert,simcse,25,100,0.19440000000000002
18,2015,bert,simcse,50,100,0.2214
18,2015,mpnet,minilm,10,100,0.45499999999999996
18,2015,mpnet,minilm,25,100,0.4472
18,2015,mpnet,minilm,50,100,0.46799999999999997
18,2015,mpnet,pubmedbert,10,100,0.06899999999999999
18,2015,mpnet,pubmedbert,25,100,0.07440000000000001
18,2015,mpnet,pubmedbert,50,100,0.0842
18,2015,mpnet,biobert,10,100,0.08
18,2015,mpnet,biobert,25,100,0.08039999999999999
18,2015,mpnet,biobert,50,100,0.08460000000000001
18,2015,mpnet,simcse,10,100,0.09
18,2015,mpnet,simcse,25,100,0.10279999999999999
18,2015,mpnet,simcse,50,100,0.1094
18,2015,minilm,pubmedbert,10,100,0.06999999999999999
18,2015,minilm,pubmedbert,25,100,0.07919999999999999
18,2015,minilm,pubmedbert,50,100,0.0862
18,2015,minilm,biobert,10,100,0.076
18,2015,minilm,biobert,25,100,0.0824
18,2015,minilm,biobert,50,100,0.0876
18,2015,minilm,simcse,10,100,0.09
18,2015,minilm,simcse,25,100,0.1076
18,2015,minilm,simcse,50,100,0.1176
18,2015,pubmedbert,biobert,10,100,0.296
18,2015,pubmedbert,biobert,25,100,0.31679999999999997
18,2015,pubmedbert,biobert,50,100,0.33159999999999995
18,2015,pubmedbert,simcse,10,100,0.08
18,2015,pubmedbert,simcse,25,100,0.0888
18,2015,pubmedbert,simcse,50,100,0.10300000000000001
18,2015,biobert,simcse,10,100,0.08199999999999999
18,2015,biobert,simcse,25,100,0.1
18,2015,biobert,simcse,50,100,0.114
18,2020,specter,specter2,10,100,0.259
18,2020,specter,specter2,25,100,0.2668
18,2020,specter,specter2,50,100,0.2762
18,2020,specter,scincl,10,100,0.305
18,2020,specter,scincl,25,100,0.3336
18,2020,specter,scincl,50,100,0.3406
18,2020,specter,scibert,10,100,0.06899999999999999
18,2020,specter,scibert,25,100,0.0832
18,2020,specter,scibert,50,100,0.0926
18,2020,specter,bert,10,100,0.067
18,2020,specter,bert,25,100,0.076
18,2020,specter,bert,50,100,0.0922
18,2020,specter,mpnet,10,100,0.33599999999999997
18,2020,specter,mpnet,25,100,0.32439999999999997
18,2020,specter,mpnet,50,100,0.3358
18,2020,specter,minilm,10,100,0.27599999999999997
18,2020,specter,minilm,25,100,0.3012
18,2020,specter,minilm,50,100,0.3002
18,2020,specter,pubmedbert,10,100,0.045
18,2020,specter,pubmedbert,25,100,0.0644
18,2020,specter,pubmedbert,50,100,0.0726
18,2020,specter,biobert,10,100,0.046
18,2020,specter,biobert,25,100,0.0708
18,2020,specter,biobert,50,100,0.0786
18,2020,specter,simcse,10,100,0.08399999999999999
18,2020,specter,simcse,25,100,0.0868
18,2020,specter,simcse,50,100,0.09539999999999998
18,2020,specter2,scincl,10,100,0.309
18,2020,specter2,scincl,25,100,0.3368
18,2020,specter2,scincl,50,100,0.3396
18,2020,specter2,scibert,10,100,0.06899999999999999
18,2020,specter2,scibert,25,100,0.0828
18,2020,specter2,scibert,50,100,0.0992
18,2020,specter2,bert,10,100,0.074
18,2020,specter2,bert,25,100,0.0788
18,2020,specter2,bert,50,100,0.09300000000000001
18,2020,specter2,mpnet,10,100,0.331
18,2020,specter2,mpnet,25,100,0.3344
18,2020,specter2,mpnet,50,100,0.33659999999999995
18,2020,specter2,minilm,10,100,0.292
18,2020,specter2,minilm,25,100,0.294
18,2020,specter2,minilm,50,100,0.2988
18,2020,specter2,pubmedbert,10,100,0.048
18,2020,specter2,pubmedbert,25,100,0.06559999999999999
18,2020,specter2,pubmedbert,50,100,0.0742
18,2020,specter2,biobert,10,100,0.059
18,2020,specter2,biobert,25,100,0.0696
18,2020,specter2,biobert,50,100,0.0862
18,2020,specter2,simcse,10,100,0.074
18,2020,specter2,simcse,25,100,0.0868
18,2020,specter2,simcse,50,100,0.096
18,2020,scincl,scibert,10,100,0.065
18,2020,scincl,scibert,25,100,0.0832
18,2020,scincl,scibert,50,100,0.0892
18,2020,scincl,bert,10,100,0.064
18,2020,scincl,bert,25,100,0.07919999999999999
18,2020,scincl,bert,50,100,0.08380000000000001
18,2020,scincl,mpnet,10,100,0.369
18,2020,scincl,mpnet,25,100,0.3836
18,2020,scincl,mpnet,50,100,0.39640000000000003
18,2020,scincl,minilm,10,100,0.307
18,2020,scincl,minilm,25,100,0.34240000000000004
18,2020,scincl,minilm,50,100,0.3428
18,2020,scincl,pubmedbert,10,100,0.047
18,2020,scincl,pubmedbert,25,100,0.0592
18,2020,scincl,pubmedbert,50,100,0.067
18,2020,scincl,biobert,10,100,0.045
18,2020,scincl,biobert,25,100,0.0636
18,2020,scincl,biobert,50,100,0.0724
18,2020,scincl,simcse,10,100,0.076
18,2020,scincl,simcse,25,100,0.0852
18,2020,scincl,simcse,50,100,0.0892
18,2020,scibert,bert,10,100,0.202
18,2020,scibert,bert,25,100,0.2236
18,2020,scibert,bert,50,100,0.23379999999999998
18,2020,scibert,mpnet,10,100,0.075
18,2020,scibert,mpnet,25,100,0.08960000000000001
18,2020,scibert,mpnet,50,100,0.1036
18,2020,scibert,minilm,10,100,0.072
18,2020,scibert,minilm,25,100,0.0892
18,2020,scibert,minilm,50,100,0.1038
18,2020,scibert,pubmedbert,10,100,0.301
18,2020,scibert,pubmedbert,25,100,0.32880000000000004
18,2020,scibert,pubmedbert,50,100,0.3446
18,2020,scibert,biobert,10,100,0.27799999999999997
18,2020,scibert,biobert,25,100,0.302
18,2020,scibert,biobert,50,100,0.3136
18,2020,scibert,simcse,10,100,0.095
18,2020,scibert,simcse,25,100,0.11199999999999999
18,2020,scibert,simcse,50,100,0.1208
18,2020,bert,mpnet,10,100,0.095
18,2020,bert,mpnet,25,100,0.0992
18,2020,bert,mpnet,50,100,0.1104
18,2020,bert,minilm,10,100,0.088
18,2020,bert,minilm,25,100,0.10279999999999999
18,2020,bert,minilm,50,100,0.1148
18,2020,bert,pubmedbert,10,100,0.187
18,2020,bert,pubmedbert,25,100,0.2096
18,2020,bert,pubmedbert,50,100,0.21600000000000003
18,2020,bert,biobert,10,100,0.195
18,2020,bert,biobert,25,100,0.21960000000000002
18,2020,bert,biobert,50,100,0.2398
18,2020,bert,simcse,10,100,0.202
18,2020,bert,simcse,25,100,0.2152
18,2020,bert,simcse,50,100,0.23879999999999998
18,2020,mpnet,minilm,10,100,0.472
18,2020,mpnet,minilm,25,100,0.4768
18,2020,mpnet,minilm,50,100,0.4782
18,2020,mpnet,pubmedbert,10,100,0.053000000000000005
18,2020,mpnet,pubmedbert,25,100,0.0724
18,2020,mpnet,pubmedbert,50,100,0.07919999999999999
18,2020,mpnet,biobert,10,100,0.065
18,2020,mpnet,biobert,25,100,0.0768
18,2020,mpnet,biobert,50,100,0.08539999999999999
18,2020,mpnet,simcse,10,100,0.11299999999999999
18,2020,mpnet,simcse,25,100,0.1112
18,2020,mpnet,simcse,50,100,0.1096
18,2020,minilm,pubmedbert,10,100,0.054000000000000006
18,2020,minilm,pubmedbert,25,100,0.0704
18,2020,minilm,pubmedbert,50,100,0.0788
18,2020,minilm,biobert,10,100,0.06
18,2020,minilm,biobert,25,100,0.0796
18,2020,minilm,biobert,50,100,0.08800000000000001
18,2020,minilm,simcse,10,100,0.10800000000000001
18,2020,minilm,simcse,25,100,0.1124
18,2020,minilm,simcse,50,100,0.1112
18,2020,pubmedbert,biobert,10,100,0.312
18,2020,pubmedbert,biobert,25,100,0.3224
18,2020,pubmedbert,biobert,50,100,0.342
18,2020,pubmedbert,simcse,10,100,0.08499999999999999
18,2020,pubmedbert,simcse,25,100,0.1016
18,2020,pubmedbert,simcse,50,100,0.11380000000000001
18,2020,biobert,simcse,10,100,0.095
18,2020,biobert,simcse,25,100,0.1148
18,2020,biobert,simcse,50,100,0.1282
19,2000,specter,specter2,10,100,0.16799999999999998
19,2000,specter,specter2,25,100,0.2052
19,2000,specter,specter2,50,100,0.2238
19,2000,specter,scincl,10,100,0.29500000000000004
19,2000,specter,scincl,25,100,0.3232
19,2000,specter,scincl,50,100,0.3688
19,2000,specter,scibert,10,100,0.137
19,2000,specter,scibert,25,100,0.14679999999999999
19,2000,specter,scibert,50,100,0.17
19,2000,specter,bert,10,100,0.11699999999999999
19,2000,specter,bert,25,100,0.1304
19,2000,specter,bert,50,100,0.1562
19,2000,specter,mpnet,10,100,0.24300000000000002
19,2000,specter,mpnet,25,100,0.2664
19,2000,specter,mpnet,50,100,0.2986
19,2000,specter,minilm,10,100,0.199
19,2000,specter,minilm,25,100,0.2348
19,2000,specter,minilm,50,100,0.263
19,2000,specter,pubmedbert,10,100,0.11399999999999999
19,2000,specter,pubmedbert,25,100,0.1268
19,2000,specter,pubmedbert,50,100,0.1476
19,2000,specter,biobert,10,100,0.097
19,2000,specter,biobert,25,100,0.1204
19,2000,specter,biobert,50,100,0.1378
19,2000,specter,simcse,10,100,0.08299999999999999
19,2000,specter,simcse,25,100,0.09960000000000001
19,2000,specter,simcse,50,100,0.1232
19,2000,specter2,scincl,10,100,0.21800000000000003
19,2000,specter2,scincl,25,100,0.242
19,2000,specter2,scincl,50,100,0.2718
19,2000,specter2,scibert,10,100,0.10300000000000001
19,2000,specter2,scibert,25,100,0.1288
19,2000,specter2,scibert,50,100,0.1494
19,2000,specter2,bert,10,100,0.093
19,2000,specter2,bert,25,100,0.1024
19,2000,specter2,bert,50,100,0.12179999999999999
19,2000,specter2,mpnet,10,100,0.255
19,2000,specter2,mpnet,25,100,0.2824
19,2000,specter2,mpnet,50,100,0.306
19,2000,specter2,minilm,10,100,0.223
19,2000,specter2,minilm,25,100,0.24239999999999998
19,2000,specter2,minilm,50,100,0.256
19,2000,specter2,pubmedbert,10,100,0.087
19,2000,specter2,pubmedbert,25,100,0.1072
19,2000,specter2,pubmedbert,50,100,0.1286
19,2000,specter2,biobert,10,100,0.08299999999999999
19,2000,specter2,biobert,25,100,0.1016
19,2000,specter2,biobert,50,100,0.11939999999999999
19,2000,specter2,simcse,10,100,0.063
19,2000,specter2,simcse,25,100,0.0736
19,2000,specter2,simcse,50,100,0.09519999999999999
19,2000,scincl,scibert,10,100,0.11499999999999999
19,2000,scincl,scibert,25,100,0.1484
19,2000,scincl,scibert,50,100,0.17079999999999998
19,2000,scincl,bert,10,100,0.11399999999999999
19,2000,scincl,bert,25,100,0.1332
19,2000,scincl,bert,50,100,0.158
19,2000,scincl,mpnet,10,100,0.294
19,2000,scincl,mpnet,25,100,0.3204
19,2000,scincl,mpnet,50,100,0.34840000000000004
19,2000,scincl,minilm,10,100,0.263
19,2000,scincl,minilm,25,100,0.2868
19,2000,scincl,minilm,50,100,0.31079999999999997
19,2000,scincl,pubmedbert,10,100,0.10500000000000001
19,2000,scincl,pubmedbert,25,100,0.13119999999999998
19,2000,scincl,pubmedbert,50,100,0.1492
19,2000,scincl,biobert,10,100,0.086
19,2000,scincl,biobert,25,100,0.1128
19,2000,scincl,biobert,50,100,0.136
19,2000,scincl,simcse,10,100,0.072
19,2000,scincl,simcse,25,100,0.092
19,2000,scincl,simcse,50,100,0.1216
19,2000,scibert,bert,10,100,0.259
19,2000,scibert,bert,25,100,0.29
19,2000,scibert,bert,50,100,0.3184
19,2000,scibert,mpnet,10,100,0.122
19,2000,scibert,mpnet,25,100,0.1476
19,2000,scibert,mpnet,50,100,0.16699999999999998
19,2000,scibert,minilm,10,100,0.10400000000000001
19,2000,scibert,minilm,25,100,0.122
19,2000,scibert,minilm,50,100,0.14880000000000002
19,2000,scibert,pubmedbert,10,100,0.335
19,2000,scibert,pubmedbert,25,100,0.386
19,2000,scibert,pubmedbert,50,100,0.423
19,2000,scibert,biobert,10,100,0.325
19,2000,scibert,biobert,25,100,0.364
19,2000,scibert,biobert,50,100,0.3776
19,2000,scibert,simcse,10,100,0.11399999999999999
19,2000,scibert,simcse,25,100,0.1528
19,2000,scibert,simcse,50,100,0.1772
19,2000,bert,mpnet,10,100,0.144
19,2000,bert,mpnet,25,100,0.1616
19,2000,bert,mpnet,50,100,0.17980000000000002
19,2000,bert,minilm,10,100,0.132
19,2000,bert,minilm,25,100,0.142
19,2000,bert,minilm,50,100,0.16760000000000003
19,2000,bert,pubmedbert,10,100,0.253
19,2000,bert,pubmedbert,25,100,0.2892
19,2000,bert,pubmedbert,50,100,0.30920000000000003
19,2000,bert,biobert,10,100,0.24300000000000002
19,2000,bert,biobert,25,100,0.2932
19,2000,bert,biobert,50,100,0.32439999999999997
19,2000,bert,simcse,10,100,0.196
19,2000,bert,simcse,25,100,0.24559999999999998
19,2000,bert,simcse,50,100,0.2772
19,2000,mpnet,minilm,10,100,0.425
19,2000,mpnet,minilm,25,100,0.44920000000000004
19,2000,mpnet,minilm,50,100,0.4532
19,2000,mpnet,pubmedbert,10,100,0.1
19,2000,mpnet,pubmedbert,25,100,0.13
19,2000,mpnet,pubmedbert,50,100,0.1552
19,2000,mpnet,biobert,10,100,0.095
19,2000,mpnet,biobert,25,100,0.1204
19,2000,mpnet,biobert,50,100,0.14880000000000002
19,2000,mpnet,simcse,10,100,0.089
19,2000,mpnet,simcse,25,100,0.1128
19,2000,mpnet,simcse,50,100,0.1404
19,2000,minilm,pubmedbert,10,100,0.098
19,2000,minilm,pubmedbert,25,100,0.114
19,2000,minilm,pubmedbert,50,100,0.1438
19,2000,minilm,biobert,10,100,0.096
19,2000,minilm,biobert,25,100,0.1108
19,2000,minilm,biobert,50,100,0.1406
19,2000,minilm,simcse,10,100,0.09
19,2000,minilm,simcse,25,100,0.106
19,2000,minilm,simcse,50,100,0.1398
19,2000,pubmedbert,biobert,10,100,0.341
19,2000,pubmedbert,biobert,25,100,0.3676
19,2000,pubmedbert,biobert,50,100,0.40020000000000006
19,2000,pubmedbert,simcse,10,100,0.126
19,2000,pubmedbert,simcse,25,100,0.156
19,2000,pubmedbert,simcse,50,100,0.17859999999999998
19,2000,biobert,simcse,10,100,0.11299999999999999
19,2000,biobert,simcse,25,100,0.14400000000000002
19,2000,biobert,simcse,50,100,0.1728
19,2005,specter,specter2,10,100,0.19
19,2005,specter,specter2,25,100,0.2076
19,2005,specter,specter2,50,100,0.2224
19,2005,specter,scincl,10,100,0.28700000000000003
19,2005,specter,scincl,25,100,0.3404
19,2005,specter,scincl,50,100,0.35719999999999996
19,2005,specter,scibert,10,100,0.122
19,2005,specter,scibert,25,100,0.1456
19,2005,specter,scibert,50,100,0.17559999999999998
19,2005,specter,bert,10,100,0.10500000000000001
19,2005,specter,bert,25,100,0.1316
19,2005,specter,bert,50,100,0.156
19,2005,specter,mpnet,10,100,0.229
19,2005,specter,mpnet,25,100,0.2668
19,2005,specter,mpnet,50,100,0.2842
19,2005,specter,minilm,10,100,0.191
19,2005,specter,minilm,25,100,0.23879999999999998
19,2005,specter,minilm,50,100,0.2636
19,2005,specter,pubmedbert,10,100,0.10400000000000001
19,2005,specter,pubmedbert,25,100,0.1332
19,2005,specter,pubmedbert,50,100,0.1518
19,2005,specter,biobert,10,100,0.10300000000000001
19,2005,specter,biobert,25,100,0.1192
19,2005,specter,biobert,50,100,0.1402
19,2005,specter,simcse,10,100,0.101
19,2005,specter,simcse,25,100,0.1152
19,2005,specter,simcse,50,100,0.1374
19,2005,specter2,scincl,10,100,0.23900000000000002
19,2005,specter2,scincl,25,100,0.25079999999999997
19,2005,specter2,scincl,50,100,0.26539999999999997
19,2005,specter2,scibert,10,100,0.11399999999999999
19,2005,specter2,scibert,25,100,0.1416
19,2005,specter2,scibert,50,100,0.1586
19,2005,specter2,bert,10,100,0.092
19,2005,specter2,bert,25,100,0.10800000000000001
19,2005,specter2,bert,50,100,0.13019999999999998
19,2005,specter2,mpnet,10,100,0.28300000000000003
19,2005,specter2,mpnet,25,100,0.2896
19,2005,specter2,mpnet,50,100,0.3028
19,2005,specter2,minilm,10,100,0.221
19,2005,specter2,minilm,25,100,0.23920000000000002
19,2005,specter2,minilm,50,100,0.2518
19,2005,specter2,pubmedbert,10,100,0.091
19,2005,specter2,pubmedbert,25,100,0.11560000000000001
19,2005,specter2,pubmedbert,50,100,0.1338
19,2005,specter2,biobert,10,100,0.095
19,2005,specter2,biobert,25,100,0.114
19,2005,specter2,biobert,50,100,0.1276
19,2005,specter2,simcse,10,100,0.08399999999999999
19,2005,specter2,simcse,25,100,0.092
19,2005,specter2,simcse,50,100,0.10679999999999999
19,2005,scincl,scibert,10,100,0.126
19,2005,scincl,scibert,25,100,0.16079999999999997
19,2005,scincl,scibert,50,100,0.1802
19,2005,scincl,bert,10,100,0.11399999999999999
19,2005,scincl,bert,25,100,0.142
19,2005,scincl,bert,50,100,0.16519999999999999
19,2005,scincl,mpnet,10,100,0.28900000000000003
19,2005,scincl,mpnet,25,100,0.3208
19,2005,scincl,mpnet,50,100,0.3406
19,2005,scincl,minilm,10,100,0.24
19,2005,scincl,minilm,25,100,0.292
19,2005,scincl,minilm,50,100,0.3106
19,2005,scincl,pubmedbert,10,100,0.10400000000000001
19,2005,scincl,pubmedbert,25,100,0.1432
19,2005,scincl,pubmedbert,50,100,0.1552
19,2005,scincl,biobert,10,100,0.1
19,2005,scincl,biobert,25,100,0.1188
19,2005,scincl,biobert,50,100,0.1426
19,2005,scincl,simcse,10,100,0.1
19,2005,scincl,simcse,25,100,0.12
19,2005,scincl,simcse,50,100,0.1364
19,2005,scibert,bert,10,100,0.257
19,2005,scibert,bert,25,100,0.2928
19,2005,scibert,bert,50,100,0.309
19,2005,scibert,mpnet,10,100,0.125
19,2005,scibert,mpnet,25,100,0.1508
19,2005,scibert,mpnet,50,100,0.17859999999999998
19,2005,scibert,minilm,10,100,0.121
19,2005,scibert,minilm,25,100,0.1448
19,2005,scibert,minilm,50,100,0.1616
19,2005,scibert,pubmedbert,10,100,0.383
19,2005,scibert,pubmedbert,25,100,0.42200000000000004
19,2005,scibert,pubmedbert,50,100,0.43520000000000003
19,2005,scibert,biobert,10,100,0.327
19,2005,scibert,biobert,25,100,0.3676
19,2005,scibert,biobert,50,100,0.3936
19,2005,scibert,simcse,10,100,0.10900000000000001
19,2005,scibert,simcse,25,100,0.1424
19,2005,scibert,simcse,50,100,0.16079999999999997
19,2005,bert,mpnet,10,100,0.136
19,2005,bert,mpnet,25,100,0.1576
19,2005,bert,mpnet,50,100,0.1924
19,2005,bert,minilm,10,100,0.126
19,2005,bert,minilm,25,100,0.1464
19,2005,bert,minilm,50,100,0.16620000000000001
19,2005,bert,pubmedbert,10,100,0.23900000000000002
19,2005,bert,pubmedbert,25,100,0.2788
19,2005,bert,pubmedbert,50,100,0.31420000000000003
19,2005,bert,biobert,10,100,0.253
19,2005,bert,biobert,25,100,0.284
19,2005,bert,biobert,50,100,0.32539999999999997
19,2005,bert,simcse,10,100,0.21600000000000003
19,2005,bert,simcse,25,100,0.2484
19,2005,bert,simcse,50,100,0.2768
19,2005,mpnet,minilm,10,100,0.41100000000000003
19,2005,mpnet,minilm,25,100,0.43200000000000005
19,2005,mpnet,minilm,50,100,0.4672
19,2005,mpnet,pubmedbert,10,100,0.122
19,2005,mpnet,pubmedbert,25,100,0.1396
19,2005,mpnet,pubmedbert,50,100,0.17
19,2005,mpnet,biobert,10,100,0.11699999999999999
19,2005,mpnet,biobert,25,100,0.1352
19,2005,mpnet,biobert,50,100,0.16579999999999998
19,2005,mpnet,simcse,10,100,0.10900000000000001
19,2005,mpnet,simcse,25,100,0.1308
19,2005,mpnet,simcse,50,100,0.1528
19,2005,minilm,pubmedbert,10,100,0.10300000000000001
19,2005,minilm,pubmedbert,25,100,0.128
19,2005,minilm,pubmedbert,50,100,0.1454
19,2005,minilm,biobert,10,100,0.10700000000000001
19,2005,minilm,biobert,25,100,0.1152
19,2005,minilm,biobert,50,100,0.1448
19,2005,minilm,simcse,10,100,0.10800000000000001
19,2005,minilm,simcse,25,100,0.1264
19,2005,minilm,simcse,50,100,0.1438
19,2005,pubmedbert,biobert,10,100,0.366
19,2005,pubmedbert,biobert,25,100,0.39880000000000004
19,2005,pubmedbert,biobert,50,100,0.42119999999999996
19,2005,pubmedbert,simcse,10,100,0.11299999999999999
19,2005,pubmedbert,simcse,25,100,0.14679999999999999
19,2005,pubmedbert,simcse,50,100,0.1696
19,2005,biobert,simcse,10,100,0.121
19,2005,biobert,simcse,25,100,0.1484
19,2005,biobert,simcse,50,100,0.1624
19,2010,specter,specter2,10,100,0.178
19,2010,specter,specter2,25,100,0.19519999999999998
19,2010,specter,specter2,50,100,0.20379999999999998
19,2010,specter,scincl,10,100,0.309
19,2010,specter,scincl,25,100,0.3368
19,2010,specter,scincl,50,100,0.36719999999999997
19,2010,specter,scibert,10,100,0.128
19,2010,specter,scibert,25,100,0.1376
19,2010,specter,scibert,50,100,0.15960000000000002
19,2010,specter,bert,10,100,0.122
19,2010,specter,bert,25,100,0.1436
19,2010,specter,bert,50,100,0.163
19,2010,specter,mpnet,10,100,0.24500000000000002
19,2010,specter,mpnet,25,100,0.2736
19,2010,specter,mpnet,50,100,0.2954
19,2010,specter,minilm,10,100,0.221
19,2010,specter,minilm,25,100,0.24239999999999998
19,2010,specter,minilm,50,100,0.2708
19,2010,specter,pubmedbert,10,100,0.10800000000000001
19,2010,specter,pubmedbert,25,100,0.12279999999999999
19,2010,specter,pubmedbert,50,100,0.1472
19,2010,specter,biobert,10,100,0.10400000000000001
19,2010,specter,biobert,25,100,0.1208
19,2010,specter,biobert,50,100,0.1442
19,2010,specter,simcse,10,100,0.10500000000000001
19,2010,specter,simcse,25,100,0.11359999999999999
19,2010,specter,simcse,50,100,0.127
19,2010,specter2,scincl,10,100,0.22000000000000003
19,2010,specter2,scincl,25,100,0.2336
19,2010,specter2,scincl,50,100,0.256
19,2010,specter2,scibert,10,100,0.118
19,2010,specter2,scibert,25,100,0.1448
19,2010,specter2,scibert,50,100,0.154
19,2010,specter2,bert,10,100,0.094
19,2010,specter2,bert,25,100,0.11359999999999999
19,2010,specter2,bert,50,100,0.1306
19,2010,specter2,mpnet,10,100,0.26
19,2010,specter2,mpnet,25,100,0.2792
19,2010,specter2,mpnet,50,100,0.2942
19,2010,specter2,minilm,10,100,0.21800000000000003
19,2010,specter2,minilm,25,100,0.23440000000000003
19,2010,specter2,minilm,50,100,0.2398
19,2010,specter2,pubmedbert,10,100,0.088
19,2010,specter2,pubmedbert,25,100,0.1128
19,2010,specter2,pubmedbert,50,100,0.1272
19,2010,specter2,biobert,10,100,0.091
19,2010,specter2,biobert,25,100,0.1116
19,2010,specter2,biobert,50,100,0.124
19,2010,specter2,simcse,10,100,0.078
19,2010,specter2,simcse,25,100,0.086
19,2010,specter2,simcse,50,100,0.10400000000000001
19,2010,scincl,scibert,10,100,0.13
19,2010,scincl,scibert,25,100,0.1416
19,2010,scincl,scibert,50,100,0.16519999999999999
19,2010,scincl,bert,10,100,0.11200000000000002
19,2010,scincl,bert,25,100,0.1404
19,2010,scincl,bert,50,100,0.1572
19,2010,scincl,mpnet,10,100,0.29300000000000004
19,2010,scincl,mpnet,25,100,0.3208
19,2010,scincl,mpnet,50,100,0.3468
19,2010,scincl,minilm,10,100,0.253
19,2010,scincl,minilm,25,100,0.282
19,2010,scincl,minilm,50,100,0.30820000000000003
19,2010,scincl,pubmedbert,10,100,0.091
19,2010,scincl,pubmedbert,25,100,0.1168
19,2010,scincl,pubmedbert,50,100,0.1432
19,2010,scincl,biobert,10,100,0.08399999999999999
19,2010,scincl,biobert,25,100,0.1144
19,2010,scincl,biobert,50,100,0.138
19,2010,scincl,simcse,10,100,0.08499999999999999
19,2010,scincl,simcse,25,100,0.1092
19,2010,scincl,simcse,50,100,0.1292
19,2010,scibert,bert,10,100,0.269
19,2010,scibert,bert,25,100,0.2992
19,2010,scibert,bert,50,100,0.3208
19,2010,scibert,mpnet,10,100,0.145
19,2010,scibert,mpnet,25,100,0.1408
19,2010,scibert,mpnet,50,100,0.1508
19,2010,scibert,minilm,10,100,0.11699999999999999
19,2010,scibert,minilm,25,100,0.1304
19,2010,scibert,minilm,50,100,0.14279999999999998
19,2010,scibert,pubmedbert,10,100,0.382
19,2010,scibert,pubmedbert,25,100,0.4092
19,2010,scibert,pubmedbert,50,100,0.4446
19,2010,scibert,biobert,10,100,0.362
19,2010,scibert,biobert,25,100,0.3876
19,2010,scibert,biobert,50,100,0.4194
19,2010,scibert,simcse,10,100,0.143
19,2010,scibert,simcse,25,100,0.16440000000000002
19,2010,scibert,simcse,50,100,0.1744
19,2010,bert,mpnet,10,100,0.141
19,2010,bert,mpnet,25,100,0.154
19,2010,bert,mpnet,50,100,0.1666
19,2010,bert,minilm,10,100,0.137
19,2010,bert,minilm,25,100,0.1424
19,2010,bert,minilm,50,100,0.1582
19,2010,bert,pubmedbert,10,100,0.254
19,2010,bert,pubmedbert,25,100,0.2988
19,2010,bert,pubmedbert,50,100,0.3232
19,2010,bert,biobert,10,100,0.274
19,2010,bert,biobert,25,100,0.31
19,2010,bert,biobert,50,100,0.344
19,2010,bert,simcse,10,100,0.22000000000000003
19,2010,bert,simcse,25,100,0.256
19,2010,bert,simcse,50,100,0.2784
19,2010,mpnet,minilm,10,100,0.41600000000000004
19,2010,mpnet,minilm,25,100,0.4432
19,2010,mpnet,minilm,50,100,0.45799999999999996
19,2010,mpnet,pubmedbert,10,100,0.10700000000000001
19,2010,mpnet,pubmedbert,25,100,0.1316
19,2010,mpnet,pubmedbert,50,100,0.1458
19,2010,mpnet,biobert,10,100,0.11299999999999999
19,2010,mpnet,biobert,25,100,0.1308
19,2010,mpnet,biobert,50,100,0.1446
19,2010,mpnet,simcse,10,100,0.10700000000000001
19,2010,mpnet,simcse,25,100,0.1304
19,2010,mpnet,simcse,50,100,0.1438
19,2010,minilm,pubmedbert,10,100,0.086
19,2010,minilm,pubmedbert,25,100,0.11359999999999999
19,2010,minilm,pubmedbert,50,100,0.13140000000000002
19,2010,minilm,biobert,10,100,0.10200000000000001
19,2010,minilm,biobert,25,100,0.1204
19,2010,minilm,biobert,50,100,0.132
19,2010,minilm,simcse,10,100,0.10600000000000001
19,2010,minilm,simcse,25,100,0.122
19,2010,minilm,simcse,50,100,0.1382
19,2010,pubmedbert,biobert,10,100,0.364
19,2010,pubmedbert,biobert,25,100,0.39759999999999995
19,2010,pubmedbert,biobert,50,100,0.4278
19,2010,pubmedbert,simcse,10,100,0.134
19,2010,pubmedbert,simcse,25,100,0.1484
19,2010,pubmedbert,simcse,50,100,0.17059999999999997
19,2010,biobert,simcse,10,100,0.146
19,2010,biobert,simcse,25,100,0.1588
19,2010,biobert,simcse,50,100,0.1772
19,2015,specter,specter2,10,100,0.207
19,2015,specter,specter2,25,100,0.2248
19,2015,specter,specter2,50,100,0.242
19,2015,specter,scincl,10,100,0.323
19,2015,specter,scincl,25,100,0.34119999999999995
19,2015,specter,scincl,50,100,0.36719999999999997
19,2015,specter,scibert,10,100,0.11200000000000002
19,2015,specter,scibert,25,100,0.1476
19,2015,specter,scibert,50,100,0.16519999999999999
19,2015,specter,bert,10,100,0.1
19,2015,specter,bert,25,100,0.12279999999999999
19,2015,specter,bert,50,100,0.1442
19,2015,specter,mpnet,10,100,0.23900000000000002
19,2015,specter,mpnet,25,100,0.2784
19,2015,specter,mpnet,50,100,0.29760000000000003
19,2015,specter,minilm,10,100,0.217
19,2015,specter,minilm,25,100,0.24960000000000002
19,2015,specter,minilm,50,100,0.2648
19,2015,specter,pubmedbert,10,100,0.10500000000000001
19,2015,specter,pubmedbert,25,100,0.1328
19,2015,specter,pubmedbert,50,100,0.1506
19,2015,specter,biobert,10,100,0.09
19,2015,specter,biobert,25,100,0.12
19,2015,specter,biobert,50,100,0.1354
19,2015,specter,simcse,10,100,0.091
19,2015,specter,simcse,25,100,0.1092
19,2015,specter,simcse,50,100,0.125
19,2015,specter2,scincl,10,100,0.255
19,2015,specter2,scincl,25,100,0.2796
19,2015,specter2,scincl,50,100,0.2866
19,2015,specter2,scibert,10,100,0.124
19,2015,specter2,scibert,25,100,0.1424
19,2015,specter2,scibert,50,100,0.16079999999999997
19,2015,specter2,bert,10,100,0.094
19,2015,specter2,bert,25,100,0.1116
19,2015,specter2,bert,50,100,0.1274
19,2015,specter2,mpnet,10,100,0.303
19,2015,specter2,mpnet,25,100,0.31920000000000004
19,2015,specter2,mpnet,50,100,0.3286
19,2015,specter2,minilm,10,100,0.24300000000000002
19,2015,specter2,minilm,25,100,0.258
19,2015,specter2,minilm,50,100,0.2664
19,2015,specter2,pubmedbert,10,100,0.10300000000000001
19,2015,specter2,pubmedbert,25,100,0.12240000000000001
19,2015,specter2,pubmedbert,50,100,0.1396
19,2015,specter2,biobert,10,100,0.091
19,2015,specter2,biobert,25,100,0.114
19,2015,specter2,biobert,50,100,0.129
19,2015,specter2,simcse,10,100,0.087
19,2015,specter2,simcse,25,100,0.0908
19,2015,specter2,simcse,50,100,0.1024
19,2015,scincl,scibert,10,100,0.118
19,2015,scincl,scibert,25,100,0.1484
19,2015,scincl,scibert,50,100,0.1726
19,2015,scincl,bert,10,100,0.11299999999999999
19,2015,scincl,bert,25,100,0.1264
19,2015,scincl,bert,50,100,0.1422
19,2015,scincl,mpnet,10,100,0.313
19,2015,scincl,mpnet,25,100,0.34119999999999995
19,2015,scincl,mpnet,50,100,0.37020000000000003
19,2015,scincl,minilm,10,100,0.275
19,2015,scincl,minilm,25,100,0.3096
19,2015,scincl,minilm,50,100,0.32780000000000004
19,2015,scincl,pubmedbert,10,100,0.10400000000000001
19,2015,scincl,pubmedbert,25,100,0.12960000000000002
19,2015,scincl,pubmedbert,50,100,0.1524
19,2015,scincl,biobert,10,100,0.097
19,2015,scincl,biobert,25,100,0.12119999999999999
19,2015,scincl,biobert,50,100,0.1366
19,2015,scincl,simcse,10,100,0.09
19,2015,scincl,simcse,25,100,0.1076
19,2015,scincl,simcse,50,100,0.12619999999999998
19,2015,scibert,bert,10,100,0.281
19,2015,scibert,bert,25,100,0.29760000000000003
19,2015,scibert,bert,50,100,0.31620000000000004
19,2015,scibert,mpnet,10,100,0.118
19,2015,scibert,mpnet,25,100,0.1396
19,2015,scibert,mpnet,50,100,0.16399999999999998
19,2015,scibert,minilm,10,100,0.098
19,2015,scibert,minilm,25,100,0.1292
19,2015,scibert,minilm,50,100,0.14880000000000002
19,2015,scibert,pubmedbert,10,100,0.384
19,2015,scibert,pubmedbert,25,100,0.4144
19,2015,scibert,pubmedbert,50,100,0.43700000000000006
19,2015,scibert,biobert,10,100,0.337
19,2015,scibert,biobert,25,100,0.3668
19,2015,scibert,biobert,50,100,0.39039999999999997
19,2015,scibert,simcse,10,100,0.133
19,2015,scibert,simcse,25,100,0.1572
19,2015,scibert,simcse,50,100,0.1668
19,2015,bert,mpnet,10,100,0.12
19,2015,bert,mpnet,25,100,0.1492
19,2015,bert,mpnet,50,100,0.16899999999999998
19,2015,bert,minilm,10,100,0.11599999999999999
19,2015,bert,minilm,25,100,0.1424
19,2015,bert,minilm,50,100,0.15539999999999998
19,2015,bert,pubmedbert,10,100,0.262
19,2015,bert,pubmedbert,25,100,0.2884
19,2015,bert,pubmedbert,50,100,0.3084
19,2015,bert,biobert,10,100,0.27799999999999997
19,2015,bert,biobert,25,100,0.2944
19,2015,bert,biobert,50,100,0.32780000000000004
19,2015,bert,simcse,10,100,0.23199999999999998
19,2015,bert,simcse,25,100,0.26
19,2015,bert,simcse,50,100,0.2792
19,2015,mpnet,minilm,10,100,0.41500000000000004
19,2015,mpnet,minilm,25,100,0.43119999999999997
19,2015,mpnet,minilm,50,100,0.4532
19,2015,mpnet,pubmedbert,10,100,0.10800000000000001
19,2015,mpnet,pubmedbert,25,100,0.13720000000000002
19,2015,mpnet,pubmedbert,50,100,0.1558
19,2015,mpnet,biobert,10,100,0.095
19,2015,mpnet,biobert,25,100,0.11960000000000001
19,2015,mpnet,biobert,50,100,0.1482
19,2015,mpnet,simcse,10,100,0.095
19,2015,mpnet,simcse,25,100,0.1204
19,2015,mpnet,simcse,50,100,0.1336
19,2015,minilm,pubmedbert,10,100,0.10300000000000001
19,2015,minilm,pubmedbert,25,100,0.1292
19,2015,minilm,pubmedbert,50,100,0.1408
19,2015,minilm,biobert,10,100,0.101
19,2015,minilm,biobert,25,100,0.1176
19,2015,minilm,biobert,50,100,0.1346
19,2015,minilm,simcse,10,100,0.099
19,2015,minilm,simcse,25,100,0.1188
19,2015,minilm,simcse,50,100,0.1352
19,2015,pubmedbert,biobert,10,100,0.339
19,2015,pubmedbert,biobert,25,100,0.3848
19,2015,pubmedbert,biobert,50,100,0.4178
19,2015,pubmedbert,simcse,10,100,0.133
19,2015,pubmedbert,simcse,25,100,0.1484
19,2015,pubmedbert,simcse,50,100,0.1638
19,2015,biobert,simcse,10,100,0.13
19,2015,biobert,simcse,25,100,0.1508
19,2015,biobert,simcse,50,100,0.1724
19,2020,specter,specter2,10,100,0.183
19,2020,specter,specter2,25,100,0.22440000000000002
19,2020,specter,specter2,50,100,0.2464
19,2020,specter,scincl,10,100,0.29700000000000004
19,2020,specter,scincl,25,100,0.35240000000000005
19,2020,specter,scincl,50,100,0.3766
19,2020,specter,scibert,10,100,0.122
19,2020,specter,scibert,25,100,0.15439999999999998
19,2020,specter,scibert,50,100,0.1852
19,2020,specter,bert,10,100,0.095
19,2020,specter,bert,25,100,0.1392
19,2020,specter,bert,50,100,0.1624
19,2020,specter,mpnet,10,100,0.236
19,2020,specter,mpnet,25,100,0.264
19,2020,specter,mpnet,50,100,0.3038
19,2020,specter,minilm,10,100,0.21200000000000002
19,2020,specter,minilm,25,100,0.2492
19,2020,specter,minilm,50,100,0.2754
19,2020,specter,pubmedbert,10,100,0.124
19,2020,specter,pubmedbert,25,100,0.15039999999999998
19,2020,specter,pubmedbert,50,100,0.1668
19,2020,specter,biobert,10,100,0.094
19,2020,specter,biobert,25,100,0.1308
19,2020,specter,biobert,50,100,0.15
19,2020,specter,simcse,10,100,0.097
19,2020,specter,simcse,25,100,0.1252
19,2020,specter,simcse,50,100,0.1448
19,2020,specter2,scincl,10,100,0.23900000000000002
19,2020,specter2,scincl,25,100,0.2596
19,2020,specter2,scincl,50,100,0.29059999999999997
19,2020,specter2,scibert,10,100,0.129
19,2020,specter2,scibert,25,100,0.1432
19,2020,specter2,scibert,50,100,0.1732
19,2020,specter2,bert,10,100,0.096
19,2020,specter2,bert,25,100,0.12359999999999999
19,2020,specter2,bert,50,100,0.13720000000000002
19,2020,specter2,mpnet,10,100,0.27799999999999997
19,2020,specter2,mpnet,25,100,0.2988
19,2020,specter2,mpnet,50,100,0.3222
19,2020,specter2,minilm,10,100,0.25
19,2020,specter2,minilm,25,100,0.2596
19,2020,specter2,minilm,50,100,0.282
19,2020,specter2,pubmedbert,10,100,0.10300000000000001
19,2020,specter2,pubmedbert,25,100,0.1304
19,2020,specter2,pubmedbert,50,100,0.1478
19,2020,specter2,biobert,10,100,0.091
19,2020,specter2,biobert,25,100,0.124
19,2020,specter2,biobert,50,100,0.1386
19,2020,specter2,simcse,10,100,0.087
19,2020,specter2,simcse,25,100,0.09759999999999999
19,2020,specter2,simcse,50,100,0.1166
19,2020,scincl,scibert,10,100,0.13999999999999999
19,2020,scincl,scibert,25,100,0.1612
19,2020,scincl,scibert,50,100,0.18359999999999999
19,2020,scincl,bert,10,100,0.11699999999999999
19,2020,scincl,bert,25,100,0.14880000000000002
19,2020,scincl,bert,50,100,0.17
19,2020,scincl,mpnet,10,100,0.28900000000000003
19,2020,scincl,mpnet,25,100,0.3308
19,2020,scincl,mpnet,50,100,0.3546
19,2020,scincl,minilm,10,100,0.272
19,2020,scincl,minilm,25,100,0.3016
19,2020,scincl,minilm,50,100,0.3218
19,2020,scincl,pubmedbert,10,100,0.126
19,2020,scincl,pubmedbert,25,100,0.1496
19,2020,scincl,pubmedbert,50,100,0.156
19,2020,scincl,biobert,10,100,0.10600000000000001
19,2020,scincl,biobert,25,100,0.1308
19,2020,scincl,biobert,50,100,0.141
19,2020,scincl,simcse,10,100,0.1
19,2020,scincl,simcse,25,100,0.128
19,2020,scincl,simcse,50,100,0.1476
19,2020,scibert,bert,10,100,0.257
19,2020,scibert,bert,25,100,0.3024
19,2020,scibert,bert,50,100,0.33
19,2020,scibert,mpnet,10,100,0.11399999999999999
19,2020,scibert,mpnet,25,100,0.1472
19,2020,scibert,mpnet,50,100,0.1838
19,2020,scibert,minilm,10,100,0.11599999999999999
19,2020,scibert,minilm,25,100,0.1496
19,2020,scibert,minilm,50,100,0.17059999999999997
19,2020,scibert,pubmedbert,10,100,0.386
19,2020,scibert,pubmedbert,25,100,0.43439999999999995
19,2020,scibert,pubmedbert,50,100,0.4608
19,2020,scibert,biobert,10,100,0.333
19,2020,scibert,biobert,25,100,0.37
19,2020,scibert,biobert,50,100,0.4046
19,2020,scibert,simcse,10,100,0.128
19,2020,scibert,simcse,25,100,0.15960000000000002
19,2020,scibert,simcse,50,100,0.1886
19,2020,bert,mpnet,10,100,0.13
19,2020,bert,mpnet,25,100,0.1568
19,2020,bert,mpnet,50,100,0.19519999999999998
19,2020,bert,minilm,10,100,0.132
19,2020,bert,minilm,25,100,0.15960000000000002
19,2020,bert,minilm,50,100,0.1848
19,2020,bert,pubmedbert,10,100,0.231
19,2020,bert,pubmedbert,25,100,0.2788
19,2020,bert,pubmedbert,50,100,0.313
19,2020,bert,biobert,10,100,0.244
19,2020,bert,biobert,25,100,0.292
19,2020,bert,biobert,50,100,0.3236
19,2020,bert,simcse,10,100,0.21200000000000002
19,2020,bert,simcse,25,100,0.2484
19,2020,bert,simcse,50,100,0.2836
19,2020,mpnet,minilm,10,100,0.44800000000000006
19,2020,mpnet,minilm,25,100,0.45840000000000003
19,2020,mpnet,minilm,50,100,0.48340000000000005
19,2020,mpnet,pubmedbert,10,100,0.125
19,2020,mpnet,pubmedbert,25,100,0.15039999999999998
19,2020,mpnet,pubmedbert,50,100,0.1646
19,2020,mpnet,biobert,10,100,0.11100000000000002
19,2020,mpnet,biobert,25,100,0.1384
19,2020,mpnet,biobert,50,100,0.1594
19,2020,mpnet,simcse,10,100,0.11100000000000002
19,2020,mpnet,simcse,25,100,0.1328
19,2020,mpnet,simcse,50,100,0.1574
19,2020,minilm,pubmedbert,10,100,0.131
19,2020,minilm,pubmedbert,25,100,0.142
19,2020,minilm,pubmedbert,50,100,0.1512
19,2020,minilm,biobert,10,100,0.11100000000000002
19,2020,minilm,biobert,25,100,0.1408
19,2020,minilm,biobert,50,100,0.1528
19,2020,minilm,simcse,10,100,0.11699999999999999
19,2020,minilm,simcse,25,100,0.14
19,2020,minilm,simcse,50,100,0.162
19,2020,pubmedbert,biobert,10,100,0.33399999999999996
19,2020,pubmedbert,biobert,25,100,0.3688
19,2020,pubmedbert,biobert,50,100,0.42100000000000004
19,2020,pubmedbert,simcse,10,100,0.126
19,2020,pubmedbert,simcse,25,100,0.1568
19,2020,pubmedbert,simcse,50,100,0.1804
19,2020,biobert,simcse,10,100,0.128
19,2020,biobert,simcse,25,100,0.1576
19,2020,biobert,simcse,50,100,0.1746
20,2000,specter,specter2,10,100,0.196
20,2000,specter,specter2,25,100,0.2112
20,2000,specter,specter2,50,100,0.2224
20,2000,specter,scincl,10,100,0.28300000000000003
20,2000,specter,scincl,25,100,0.2928
20,2000,specter,scincl,50,100,0.3212
20,2000,specter,scibert,10,100,0.072
20,2000,specter,scibert,25,100,0.0808
20,2000,specter,scibert,50,100,0.09480000000000001
20,2000,specter,bert,10,100,0.057999999999999996
20,2000,specter,bert,25,100,0.07
20,2000,specter,bert,50,100,0.0858
20,2000,specter,mpnet,10,100,0.248
20,2000,specter,mpnet,25,100,0.2656
20,2000,specter,mpnet,50,100,0.2858
20,2000,specter,minilm,10,100,0.211
20,2000,specter,minilm,25,100,0.22719999999999999
20,2000,specter,minilm,50,100,0.2462
20,2000,specter,pubmedbert,10,100,0.052000000000000005
20,2000,specter,pubmedbert,25,100,0.0524
20,2000,specter,pubmedbert,50,100,0.063
20,2000,specter,biobert,10,100,0.048
20,2000,specter,biobert,25,100,0.0524
20,2000,specter,biobert,50,100,0.0616
20,2000,specter,simcse,10,100,0.075
20,2000,specter,simcse,25,100,0.0832
20,2000,specter,simcse,50,100,0.09380000000000001
20,2000,specter2,scincl,10,100,0.24100000000000002
20,2000,specter2,scincl,25,100,0.2756
20,2000,specter2,scincl,50,100,0.278
20,2000,specter2,scibert,10,100,0.08499999999999999
20,2000,specter2,scibert,25,100,0.08800000000000001
20,2000,specter2,scibert,50,100,0.10460000000000001
20,2000,specter2,bert,10,100,0.063
20,2000,specter2,bert,25,100,0.0768
20,2000,specter2,bert,50,100,0.091
20,2000,specter2,mpnet,10,100,0.272
20,2000,specter2,mpnet,25,100,0.2964
20,2000,specter2,mpnet,50,100,0.2986
20,2000,specter2,minilm,10,100,0.24900000000000003
20,2000,specter2,minilm,25,100,0.2572
20,2000,specter2,minilm,50,100,0.2602
20,2000,specter2,pubmedbert,10,100,0.044
20,2000,specter2,pubmedbert,25,100,0.056799999999999996
20,2000,specter2,pubmedbert,50,100,0.0638
20,2000,specter2,biobert,10,100,0.05500000000000001
20,2000,specter2,biobert,25,100,0.0588
20,2000,specter2,biobert,50,100,0.0676
20,2000,specter2,simcse,10,100,0.071
20,2000,specter2,simcse,25,100,0.0924
20,2000,specter2,simcse,50,100,0.1016
20,2000,scincl,scibert,10,100,0.089
20,2000,scincl,scibert,25,100,0.0924
20,2000,scincl,scibert,50,100,0.1026
20,2000,scincl,bert,10,100,0.068
20,2000,scincl,bert,25,100,0.0732
20,2000,scincl,bert,50,100,0.0874
20,2000,scincl,mpnet,10,100,0.288
20,2000,scincl,mpnet,25,100,0.32880000000000004
20,2000,scincl,mpnet,50,100,0.34
20,2000,scincl,minilm,10,100,0.254
20,2000,scincl,minilm,25,100,0.2644
20,2000,scincl,minilm,50,100,0.29100000000000004
20,2000,scincl,pubmedbert,10,100,0.054000000000000006
20,2000,scincl,pubmedbert,25,100,0.0592
20,2000,scincl,pubmedbert,50,100,0.0638
20,2000,scincl,biobert,10,100,0.049
20,2000,scincl,biobert,25,100,0.0564
20,2000,scincl,biobert,50,100,0.0646
20,2000,scincl,simcse,10,100,0.06999999999999999
20,2000,scincl,simcse,25,100,0.09480000000000001
20,2000,scincl,simcse,50,100,0.10039999999999999
20,2000,scibert,bert,10,100,0.191
20,2000,scibert,bert,25,100,0.2164
20,2000,scibert,bert,50,100,0.24239999999999998
20,2000,scibert,mpnet,10,100,0.081
20,2000,scibert,mpnet,25,100,0.092
20,2000,scibert,mpnet,50,100,0.1074
20,2000,scibert,minilm,10,100,0.086
20,2000,scibert,minilm,25,100,0.09720000000000001
20,2000,scibert,minilm,50,100,0.107
20,2000,scibert,pubmedbert,10,100,0.271
20,2000,scibert,pubmedbert,25,100,0.29760000000000003
20,2000,scibert,pubmedbert,50,100,0.32159999999999994
20,2000,scibert,biobert,10,100,0.23700000000000002
20,2000,scibert,biobert,25,100,0.2708
20,2000,scibert,biobert,50,100,0.2892
20,2000,scibert,simcse,10,100,0.10200000000000001
20,2000,scibert,simcse,25,100,0.1364
20,2000,scibert,simcse,50,100,0.15
20,2000,bert,mpnet,10,100,0.08499999999999999
20,2000,bert,mpnet,25,100,0.09720000000000001
20,2000,bert,mpnet,50,100,0.11199999999999999
20,2000,bert,minilm,10,100,0.089
20,2000,bert,minilm,25,100,0.0992
20,2000,bert,minilm,50,100,0.114
20,2000,bert,pubmedbert,10,100,0.19
20,2000,bert,pubmedbert,25,100,0.214
20,2000,bert,pubmedbert,50,100,0.2298
20,2000,bert,biobert,10,100,0.197
20,2000,bert,biobert,25,100,0.22760000000000002
20,2000,bert,biobert,50,100,0.23879999999999998
20,2000,bert,simcse,10,100,0.191
20,2000,bert,simcse,25,100,0.23079999999999998
20,2000,bert,simcse,50,100,0.2584
20,2000,mpnet,minilm,10,100,0.42000000000000004
20,2000,mpnet,minilm,25,100,0.4316
20,2000,mpnet,minilm,50,100,0.44299999999999995
20,2000,mpnet,pubmedbert,10,100,0.06
20,2000,mpnet,pubmedbert,25,100,0.0644
20,2000,mpnet,pubmedbert,50,100,0.076
20,2000,mpnet,biobert,10,100,0.05600000000000001
20,2000,mpnet,biobert,25,100,0.0664
20,2000,mpnet,biobert,50,100,0.075
20,2000,mpnet,simcse,10,100,0.095
20,2000,mpnet,simcse,25,100,0.11960000000000001
20,2000,mpnet,simcse,50,100,0.13019999999999998
20,2000,minilm,pubmedbert,10,100,0.057999999999999996
20,2000,minilm,pubmedbert,25,100,0.0684
20,2000,minilm,pubmedbert,50,100,0.0722
20,2000,minilm,biobert,10,100,0.063
20,2000,minilm,biobert,25,100,0.0748
20,2000,minilm,biobert,50,100,0.07719999999999999
20,2000,minilm,simcse,10,100,0.10400000000000001
20,2000,minilm,simcse,25,100,0.1264
20,2000,minilm,simcse,50,100,0.135
20,2000,pubmedbert,biobert,10,100,0.262
20,2000,pubmedbert,biobert,25,100,0.3072
20,2000,pubmedbert,biobert,50,100,0.3276
20,2000,pubmedbert,simcse,10,100,0.087
20,2000,pubmedbert,simcse,25,100,0.11720000000000001
20,2000,pubmedbert,simcse,50,100,0.1286
20,2000,biobert,simcse,10,100,0.101
20,2000,biobert,simcse,25,100,0.1272
20,2000,biobert,simcse,50,100,0.13720000000000002
20,2005,specter,specter2,10,100,0.21000000000000002
20,2005,specter,specter2,25,100,0.2212
20,2005,specter,specter2,50,100,0.2366
20,2005,specter,scincl,10,100,0.31
20,2005,specter,scincl,25,100,0.3296
20,2005,specter,scincl,50,100,0.3322
20,2005,specter,scibert,10,100,0.093
20,2005,specter,scibert,25,100,0.0916
20,2005,specter,scibert,50,100,0.0928
20,2005,specter,bert,10,100,0.076
20,2005,specter,bert,25,100,0.08039999999999999
20,2005,specter,bert,50,100,0.0876
20,2005,specter,mpnet,10,100,0.257
20,2005,specter,mpnet,25,100,0.2704
20,2005,specter,mpnet,50,100,0.2818
20,2005,specter,minilm,10,100,0.23399999999999999
20,2005,specter,minilm,25,100,0.24480000000000002
20,2005,specter,minilm,50,100,0.2546
20,2005,specter,pubmedbert,10,100,0.073
20,2005,specter,pubmedbert,25,100,0.06480000000000001
20,2005,specter,pubmedbert,50,100,0.0664
20,2005,specter,biobert,10,100,0.063
20,2005,specter,biobert,25,100,0.062
20,2005,specter,biobert,50,100,0.0644
20,2005,specter,simcse,10,100,0.099
20,2005,specter,simcse,25,100,0.0968
20,2005,specter,simcse,50,100,0.0984
20,2005,specter2,scincl,10,100,0.266
20,2005,specter2,scincl,25,100,0.2796
20,2005,specter2,scincl,50,100,0.29359999999999997
20,2005,specter2,scibert,10,100,0.099
20,2005,specter2,scibert,25,100,0.1092
20,2005,specter2,scibert,50,100,0.1182
20,2005,specter2,bert,10,100,0.079
20,2005,specter2,bert,25,100,0.0864
20,2005,specter2,bert,50,100,0.09820000000000001
20,2005,specter2,mpnet,10,100,0.292
20,2005,specter2,mpnet,25,100,0.3004
20,2005,specter2,mpnet,50,100,0.3178
20,2005,specter2,minilm,10,100,0.265
20,2005,specter2,minilm,25,100,0.2756
20,2005,specter2,minilm,50,100,0.2802
20,2005,specter2,pubmedbert,10,100,0.076
20,2005,specter2,pubmedbert,25,100,0.0736
20,2005,specter2,pubmedbert,50,100,0.083
20,2005,specter2,biobert,10,100,0.064
20,2005,specter2,biobert,25,100,0.0652
20,2005,specter2,biobert,50,100,0.0824
20,2005,specter2,simcse,10,100,0.097
20,2005,specter2,simcse,25,100,0.0992
20,2005,specter2,simcse,50,100,0.1072
20,2005,scincl,scibert,10,100,0.09
20,2005,scincl,scibert,25,100,0.1016
20,2005,scincl,scibert,50,100,0.10060000000000001
20,2005,scincl,bert,10,100,0.06999999999999999
20,2005,scincl,bert,25,100,0.0848
20,2005,scincl,bert,50,100,0.0894
20,2005,scincl,mpnet,10,100,0.294
20,2005,scincl,mpnet,25,100,0.3184
20,2005,scincl,mpnet,50,100,0.3332
20,2005,scincl,minilm,10,100,0.27
20,2005,scincl,minilm,25,100,0.2944
20,2005,scincl,minilm,50,100,0.30519999999999997
20,2005,scincl,pubmedbert,10,100,0.054000000000000006
20,2005,scincl,pubmedbert,25,100,0.0632
20,2005,scincl,pubmedbert,50,100,0.07
20,2005,scincl,biobert,10,100,0.051000000000000004
20,2005,scincl,biobert,25,100,0.057999999999999996
20,2005,scincl,biobert,50,100,0.0668
20,2005,scincl,simcse,10,100,0.10300000000000001
20,2005,scincl,simcse,25,100,0.098
20,2005,scincl,simcse,50,100,0.105
20,2005,scibert,bert,10,100,0.23399999999999999
20,2005,scibert,bert,25,100,0.2416
20,2005,scibert,bert,50,100,0.255
20,2005,scibert,mpnet,10,100,0.091
20,2005,scibert,mpnet,25,100,0.1048
20,2005,scibert,mpnet,50,100,0.1106
20,2005,scibert,minilm,10,100,0.096
20,2005,scibert,minilm,25,100,0.1016
20,2005,scibert,minilm,50,100,0.1076
20,2005,scibert,pubmedbert,10,100,0.28300000000000003
20,2005,scibert,pubmedbert,25,100,0.2928
20,2005,scibert,pubmedbert,50,100,0.322
20,2005,scibert,biobert,10,100,0.24900000000000003
20,2005,scibert,biobert,25,100,0.2784
20,2005,scibert,biobert,50,100,0.2948
20,2005,scibert,simcse,10,100,0.125
20,2005,scibert,simcse,25,100,0.1352
20,2005,scibert,simcse,50,100,0.1436
20,2005,bert,mpnet,10,100,0.093
20,2005,bert,mpnet,25,100,0.10679999999999999
20,2005,bert,mpnet,50,100,0.1198
20,2005,bert,minilm,10,100,0.09
20,2005,bert,minilm,25,100,0.10279999999999999
20,2005,bert,minilm,50,100,0.127
20,2005,bert,pubmedbert,10,100,0.209
20,2005,bert,pubmedbert,25,100,0.2296
20,2005,bert,pubmedbert,50,100,0.2438
20,2005,bert,biobert,10,100,0.229
20,2005,bert,biobert,25,100,0.24559999999999998
20,2005,bert,biobert,50,100,0.2528
20,2005,bert,simcse,10,100,0.21400000000000002
20,2005,bert,simcse,25,100,0.23440000000000003
20,2005,bert,simcse,50,100,0.2536
20,2005,mpnet,minilm,10,100,0.42800000000000005
20,2005,mpnet,minilm,25,100,0.4404
20,2005,mpnet,minilm,50,100,0.46759999999999996
20,2005,mpnet,pubmedbert,10,100,0.059
20,2005,mpnet,pubmedbert,25,100,0.0736
20,2005,mpnet,pubmedbert,50,100,0.0828
20,2005,mpnet,biobert,10,100,0.063
20,2005,mpnet,biobert,25,100,0.0748
20,2005,mpnet,biobert,50,100,0.0848
20,2005,mpnet,simcse,10,100,0.126
20,2005,mpnet,simcse,25,100,0.126
20,2005,mpnet,simcse,50,100,0.1284
20,2005,minilm,pubmedbert,10,100,0.06999999999999999
20,2005,minilm,pubmedbert,25,100,0.08
20,2005,minilm,pubmedbert,50,100,0.0864
20,2005,minilm,biobert,10,100,0.06
20,2005,minilm,biobert,25,100,0.0776
20,2005,minilm,biobert,50,100,0.08900000000000001
20,2005,minilm,simcse,10,100,0.13
20,2005,minilm,simcse,25,100,0.1404
20,2005,minilm,simcse,50,100,0.1454
20,2005,pubmedbert,biobert,10,100,0.28500000000000003
20,2005,pubmedbert,biobert,25,100,0.312
20,2005,pubmedbert,biobert,50,100,0.33799999999999997
20,2005,pubmedbert,simcse,10,100,0.10500000000000001
20,2005,pubmedbert,simcse,25,100,0.1148
20,2005,pubmedbert,simcse,50,100,0.1268
20,2005,biobert,simcse,10,100,0.101
20,2005,biobert,simcse,25,100,0.1188
20,2005,biobert,simcse,50,100,0.1244
20,2010,specter,specter2,10,100,0.188
20,2010,specter,specter2,25,100,0.2108
20,2010,specter,specter2,50,100,0.2218
20,2010,specter,scincl,10,100,0.266
20,2010,specter,scincl,25,100,0.306
20,2010,specter,scincl,50,100,0.33659999999999995
20,2010,specter,scibert,10,100,0.066
20,2010,specter,scibert,25,100,0.08560000000000001
20,2010,specter,scibert,50,100,0.0962
20,2010,specter,bert,10,100,0.06999999999999999
20,2010,specter,bert,25,100,0.0852
20,2010,specter,bert,50,100,0.1016
20,2010,specter,mpnet,10,100,0.231
20,2010,specter,mpnet,25,100,0.266
20,2010,specter,mpnet,50,100,0.2784
20,2010,specter,minilm,10,100,0.195
20,2010,specter,minilm,25,100,0.2328
20,2010,specter,minilm,50,100,0.2492
20,2010,specter,pubmedbert,10,100,0.048
20,2010,specter,pubmedbert,25,100,0.0596
20,2010,specter,pubmedbert,50,100,0.0698
20,2010,specter,biobert,10,100,0.051000000000000004
20,2010,specter,biobert,25,100,0.0596
20,2010,specter,biobert,50,100,0.07200000000000001
20,2010,specter,simcse,10,100,0.086
20,2010,specter,simcse,25,100,0.092
20,2010,specter,simcse,50,100,0.11460000000000001
20,2010,specter2,scincl,10,100,0.266
20,2010,specter2,scincl,25,100,0.2668
20,2010,specter2,scincl,50,100,0.2824
20,2010,specter2,scibert,10,100,0.10200000000000001
20,2010,specter2,scibert,25,100,0.1144
20,2010,specter2,scibert,50,100,0.1284
20,2010,specter2,bert,10,100,0.087
20,2010,specter2,bert,25,100,0.10439999999999999
20,2010,specter2,bert,50,100,0.1204
20,2010,specter2,mpnet,10,100,0.292
20,2010,specter2,mpnet,25,100,0.2988
20,2010,specter2,mpnet,50,100,0.3132
20,2010,specter2,minilm,10,100,0.252
20,2010,specter2,minilm,25,100,0.2556
20,2010,specter2,minilm,50,100,0.28300000000000003
20,2010,specter2,pubmedbert,10,100,0.071
20,2010,specter2,pubmedbert,25,100,0.0796
20,2010,specter2,pubmedbert,50,100,0.0894
20,2010,specter2,biobert,10,100,0.06
20,2010,specter2,biobert,25,100,0.0732
20,2010,specter2,biobert,50,100,0.08560000000000001
20,2010,specter2,simcse,10,100,0.092
20,2010,specter2,simcse,25,100,0.1076
20,2010,specter2,simcse,50,100,0.11960000000000001
20,2010,scincl,scibert,10,100,0.101
20,2010,scincl,scibert,25,100,0.1084
20,2010,scincl,scibert,50,100,0.11199999999999999
20,2010,scincl,bert,10,100,0.089
20,2010,scincl,bert,25,100,0.1032
20,2010,scincl,bert,50,100,0.11460000000000001
20,2010,scincl,mpnet,10,100,0.303
20,2010,scincl,mpnet,25,100,0.32439999999999997
20,2010,scincl,mpnet,50,100,0.33640000000000003
20,2010,scincl,minilm,10,100,0.266
20,2010,scincl,minilm,25,100,0.29760000000000003
20,2010,scincl,minilm,50,100,0.307
20,2010,scincl,pubmedbert,10,100,0.05500000000000001
20,2010,scincl,pubmedbert,25,100,0.0748
20,2010,scincl,pubmedbert,50,100,0.0868
20,2010,scincl,biobert,10,100,0.05600000000000001
20,2010,scincl,biobert,25,100,0.068
20,2010,scincl,biobert,50,100,0.077
20,2010,scincl,simcse,10,100,0.10800000000000001
20,2010,scincl,simcse,25,100,0.1076
20,2010,scincl,simcse,50,100,0.12380000000000001
20,2010,scibert,bert,10,100,0.23399999999999999
20,2010,scibert,bert,25,100,0.24280000000000002
20,2010,scibert,bert,50,100,0.2682
20,2010,scibert,mpnet,10,100,0.099
20,2010,scibert,mpnet,25,100,0.1192
20,2010,scibert,mpnet,50,100,0.1226
20,2010,scibert,minilm,10,100,0.093
20,2010,scibert,minilm,25,100,0.1084
20,2010,scibert,minilm,50,100,0.12140000000000001
20,2010,scibert,pubmedbert,10,100,0.29100000000000004
20,2010,scibert,pubmedbert,25,100,0.3164
20,2010,scibert,pubmedbert,50,100,0.3452
20,2010,scibert,biobert,10,100,0.251
20,2010,scibert,biobert,25,100,0.284
20,2010,scibert,biobert,50,100,0.311
20,2010,scibert,simcse,10,100,0.132
20,2010,scibert,simcse,25,100,0.136
20,2010,scibert,simcse,50,100,0.1552
20,2010,bert,mpnet,10,100,0.11599999999999999
20,2010,bert,mpnet,25,100,0.1308
20,2010,bert,mpnet,50,100,0.1444
20,2010,bert,minilm,10,100,0.11399999999999999
20,2010,bert,minilm,25,100,0.1308
20,2010,bert,minilm,50,100,0.1456
20,2010,bert,pubmedbert,10,100,0.217
20,2010,bert,pubmedbert,25,100,0.23559999999999998
20,2010,bert,pubmedbert,50,100,0.257
20,2010,bert,biobert,10,100,0.21000000000000002
20,2010,bert,biobert,25,100,0.242
20,2010,bert,biobert,50,100,0.2596
20,2010,bert,simcse,10,100,0.227
20,2010,bert,simcse,25,100,0.24559999999999998
20,2010,bert,simcse,50,100,0.2638
20,2010,mpnet,minilm,10,100,0.43099999999999994
20,2010,mpnet,minilm,25,100,0.4592
20,2010,mpnet,minilm,50,100,0.4756
20,2010,mpnet,pubmedbert,10,100,0.068
20,2010,mpnet,pubmedbert,25,100,0.0832
20,2010,mpnet,pubmedbert,50,100,0.0958
20,2010,mpnet,biobert,10,100,0.08199999999999999
20,2010,mpnet,biobert,25,100,0.086
20,2010,mpnet,biobert,50,100,0.0956
20,2010,mpnet,simcse,10,100,0.136
20,2010,mpnet,simcse,25,100,0.1436
20,2010,mpnet,simcse,50,100,0.1502
20,2010,minilm,pubmedbert,10,100,0.076
20,2010,minilm,pubmedbert,25,100,0.084
20,2010,minilm,pubmedbert,50,100,0.0974
20,2010,minilm,biobert,10,100,0.08299999999999999
20,2010,minilm,biobert,25,100,0.0928
20,2010,minilm,biobert,50,100,0.10039999999999999
20,2010,minilm,simcse,10,100,0.154
20,2010,minilm,simcse,25,100,0.1524
20,2010,minilm,simcse,50,100,0.1642
20,2010,pubmedbert,biobert,10,100,0.28300000000000003
20,2010,pubmedbert,biobert,25,100,0.3016
20,2010,pubmedbert,biobert,50,100,0.35259999999999997
20,2010,pubmedbert,simcse,10,100,0.12
20,2010,pubmedbert,simcse,25,100,0.12
20,2010,pubmedbert,simcse,50,100,0.1294
20,2010,biobert,simcse,10,100,0.11200000000000002
20,2010,biobert,simcse,25,100,0.1244
20,2010,biobert,simcse,50,100,0.1364
20,2015,specter,specter2,10,100,0.197
20,2015,specter,specter2,25,100,0.21960000000000002
20,2015,specter,specter2,50,100,0.231
20,2015,specter,scincl,10,100,0.282
20,2015,specter,scincl,25,100,0.3208
20,2015,specter,scincl,50,100,0.34619999999999995
20,2015,specter,scibert,10,100,0.076
20,2015,specter,scibert,25,100,0.08560000000000001
20,2015,specter,scibert,50,100,0.0974
20,2015,specter,bert,10,100,0.051000000000000004
20,2015,specter,bert,25,100,0.0776
20,2015,specter,bert,50,100,0.083
20,2015,specter,mpnet,10,100,0.238
20,2015,specter,mpnet,25,100,0.264
20,2015,specter,mpnet,50,100,0.2812
20,2015,specter,minilm,10,100,0.211
20,2015,specter,minilm,25,100,0.2396
20,2015,specter,minilm,50,100,0.2544
20,2015,specter,pubmedbert,10,100,0.056999999999999995
20,2015,specter,pubmedbert,25,100,0.0644
20,2015,specter,pubmedbert,50,100,0.0728
20,2015,specter,biobert,10,100,0.05
20,2015,specter,biobert,25,100,0.064
20,2015,specter,biobert,50,100,0.0702
20,2015,specter,simcse,10,100,0.06
20,2015,specter,simcse,25,100,0.07400000000000001
20,2015,specter,simcse,50,100,0.08460000000000001
20,2015,specter2,scincl,10,100,0.242
20,2015,specter2,scincl,25,100,0.2752
20,2015,specter2,scincl,50,100,0.2892
20,2015,specter2,scibert,10,100,0.087
20,2015,specter2,scibert,25,100,0.09480000000000001
20,2015,specter2,scibert,50,100,0.111
20,2015,specter2,bert,10,100,0.06899999999999999
20,2015,specter2,bert,25,100,0.0828
20,2015,specter2,bert,50,100,0.09480000000000001
20,2015,specter2,mpnet,10,100,0.29300000000000004
20,2015,specter2,mpnet,25,100,0.3036
20,2015,specter2,mpnet,50,100,0.3078
20,2015,specter2,minilm,10,100,0.258
20,2015,specter2,minilm,25,100,0.2648
20,2015,specter2,minilm,50,100,0.2736
20,2015,specter2,pubmedbert,10,100,0.05500000000000001
20,2015,specter2,pubmedbert,25,100,0.06
20,2015,specter2,pubmedbert,50,100,0.075
20,2015,specter2,biobert,10,100,0.057999999999999996
20,2015,specter2,biobert,25,100,0.0692
20,2015,specter2,biobert,50,100,0.0768
20,2015,specter2,simcse,10,100,0.074
20,2015,specter2,simcse,25,100,0.08199999999999999
20,2015,specter2,simcse,50,100,0.0942
20,2015,scincl,scibert,10,100,0.089
20,2015,scincl,scibert,25,100,0.0968
20,2015,scincl,scibert,50,100,0.1054
20,2015,scincl,bert,10,100,0.075
20,2015,scincl,bert,25,100,0.08199999999999999
20,2015,scincl,bert,50,100,0.08839999999999999
20,2015,scincl,mpnet,10,100,0.296
20,2015,scincl,mpnet,25,100,0.32280000000000003
20,2015,scincl,mpnet,50,100,0.349
20,2015,scincl,minilm,10,100,0.24
20,2015,scincl,minilm,25,100,0.2792
20,2015,scincl,minilm,50,100,0.2938
20,2015,scincl,pubmedbert,10,100,0.06999999999999999
20,2015,scincl,pubmedbert,25,100,0.0704
20,2015,scincl,pubmedbert,50,100,0.0754
20,2015,scincl,biobert,10,100,0.062
20,2015,scincl,biobert,25,100,0.0696
20,2015,scincl,biobert,50,100,0.07139999999999999
20,2015,scincl,simcse,10,100,0.08199999999999999
20,2015,scincl,simcse,25,100,0.08560000000000001
20,2015,scincl,simcse,50,100,0.0932
20,2015,scibert,bert,10,100,0.192
20,2015,scibert,bert,25,100,0.2132
20,2015,scibert,bert,50,100,0.2462
20,2015,scibert,mpnet,10,100,0.091
20,2015,scibert,mpnet,25,100,0.1036
20,2015,scibert,mpnet,50,100,0.1148
20,2015,scibert,minilm,10,100,0.095
20,2015,scibert,minilm,25,100,0.1024
20,2015,scibert,minilm,50,100,0.109
20,2015,scibert,pubmedbert,10,100,0.27599999999999997
20,2015,scibert,pubmedbert,25,100,0.30760000000000004
20,2015,scibert,pubmedbert,50,100,0.3312
20,2015,scibert,biobert,10,100,0.22599999999999998
20,2015,scibert,biobert,25,100,0.26039999999999996
20,2015,scibert,biobert,50,100,0.2884
20,2015,scibert,simcse,10,100,0.10800000000000001
20,2015,scibert,simcse,25,100,0.12560000000000002
20,2015,scibert,simcse,50,100,0.1384
20,2015,bert,mpnet,10,100,0.10600000000000001
20,2015,bert,mpnet,25,100,0.106
20,2015,bert,mpnet,50,100,0.1152
20,2015,bert,minilm,10,100,0.094
20,2015,bert,minilm,25,100,0.1072
20,2015,bert,minilm,50,100,0.11199999999999999
20,2015,bert,pubmedbert,10,100,0.184
20,2015,bert,pubmedbert,25,100,0.2024
20,2015,bert,pubmedbert,50,100,0.2368
20,2015,bert,biobert,10,100,0.16799999999999998
20,2015,bert,biobert,25,100,0.21
20,2015,bert,biobert,50,100,0.2382
20,2015,bert,simcse,10,100,0.2
20,2015,bert,simcse,25,100,0.22039999999999998
20,2015,bert,simcse,50,100,0.24600000000000002
20,2015,mpnet,minilm,10,100,0.42300000000000004
20,2015,mpnet,minilm,25,100,0.45
20,2015,mpnet,minilm,50,100,0.4618
20,2015,mpnet,pubmedbert,10,100,0.075
20,2015,mpnet,pubmedbert,25,100,0.076
20,2015,mpnet,pubmedbert,50,100,0.0852
20,2015,mpnet,biobert,10,100,0.067
20,2015,mpnet,biobert,25,100,0.0796
20,2015,mpnet,biobert,50,100,0.0864
20,2015,mpnet,simcse,10,100,0.10600000000000001
20,2015,mpnet,simcse,25,100,0.1188
20,2015,mpnet,simcse,50,100,0.1234
20,2015,minilm,pubmedbert,10,100,0.08
20,2015,minilm,pubmedbert,25,100,0.0808
20,2015,minilm,pubmedbert,50,100,0.0858
20,2015,minilm,biobert,10,100,0.062
20,2015,minilm,biobert,25,100,0.0788
20,2015,minilm,biobert,50,100,0.0872
20,2015,minilm,simcse,10,100,0.10600000000000001
20,2015,minilm,simcse,25,100,0.1168
20,2015,minilm,simcse,50,100,0.1264
20,2015,pubmedbert,biobert,10,100,0.244
20,2015,pubmedbert,biobert,25,100,0.2964
20,2015,pubmedbert,biobert,50,100,0.3276
20,2015,pubmedbert,simcse,10,100,0.099
20,2015,pubmedbert,simcse,25,100,0.1144
20,2015,pubmedbert,simcse,50,100,0.1286
20,2015,biobert,simcse,10,100,0.08499999999999999
20,2015,biobert,simcse,25,100,0.11359999999999999
20,2015,biobert,simcse,50,100,0.13
20,2020,specter,specter2,10,100,0.22599999999999998
20,2020,specter,specter2,25,100,0.2596
20,2020,specter,specter2,50,100,0.273
20,2020,specter,scincl,10,100,0.32599999999999996
20,2020,specter,scincl,25,100,0.3504
20,2020,specter,scincl,50,100,0.37579999999999997
20,2020,specter,scibert,10,100,0.09
20,2020,specter,scibert,25,100,0.1108
20,2020,specter,scibert,50,100,0.1232
20,2020,specter,bert,10,100,0.088
20,2020,specter,bert,25,100,0.11359999999999999
20,2020,specter,bert,50,100,0.12119999999999999
20,2020,specter,mpnet,10,100,0.24900000000000003
20,2020,specter,mpnet,25,100,0.3004
20,2020,specter,mpnet,50,100,0.3152
20,2020,specter,minilm,10,100,0.225
20,2020,specter,minilm,25,100,0.2812
20,2020,specter,minilm,50,100,0.2896
20,2020,specter,pubmedbert,10,100,0.079
20,2020,specter,pubmedbert,25,100,0.0832
20,2020,specter,pubmedbert,50,100,0.095
20,2020,specter,biobert,10,100,0.06999999999999999
20,2020,specter,biobert,25,100,0.07919999999999999
20,2020,specter,biobert,50,100,0.09380000000000001
20,2020,specter,simcse,10,100,0.095
20,2020,specter,simcse,25,100,0.1036
20,2020,specter,simcse,50,100,0.114
20,2020,specter2,scincl,10,100,0.306
20,2020,specter2,scincl,25,100,0.3148
20,2020,specter2,scincl,50,100,0.32899999999999996
20,2020,specter2,scibert,10,100,0.11299999999999999
20,2020,specter2,scibert,25,100,0.1308
20,2020,specter2,scibert,50,100,0.1418
20,2020,specter2,bert,10,100,0.11200000000000002
20,2020,specter2,bert,25,100,0.1176
20,2020,specter2,bert,50,100,0.1282
20,2020,specter2,mpnet,10,100,0.318
20,2020,specter2,mpnet,25,100,0.3396
20,2020,specter2,mpnet,50,100,0.3538
20,2020,specter2,minilm,10,100,0.28300000000000003
20,2020,specter2,minilm,25,100,0.3016
20,2020,specter2,minilm,50,100,0.31379999999999997
20,2020,specter2,pubmedbert,10,100,0.087
20,2020,specter2,pubmedbert,25,100,0.09519999999999999
20,2020,specter2,pubmedbert,50,100,0.10220000000000001
20,2020,specter2,biobert,10,100,0.086
20,2020,specter2,biobert,25,100,0.096
20,2020,specter2,biobert,50,100,0.1054
20,2020,specter2,simcse,10,100,0.098
20,2020,specter2,simcse,25,100,0.1084
20,2020,specter2,simcse,50,100,0.12560000000000002
20,2020,scincl,scibert,10,100,0.1
20,2020,scincl,scibert,25,100,0.1244
20,2020,scincl,scibert,50,100,0.1318
20,2020,scincl,bert,10,100,0.093
20,2020,scincl,bert,25,100,0.11359999999999999
20,2020,scincl,bert,50,100,0.122
20,2020,scincl,mpnet,10,100,0.31
20,2020,scincl,mpnet,25,100,0.33799999999999997
20,2020,scincl,mpnet,50,100,0.3586
20,2020,scincl,minilm,10,100,0.261
20,2020,scincl,minilm,25,100,0.30920000000000003
20,2020,scincl,minilm,50,100,0.3268
20,2020,scincl,pubmedbert,10,100,0.074
20,2020,scincl,pubmedbert,25,100,0.0944
20,2020,scincl,pubmedbert,50,100,0.09539999999999998
20,2020,scincl,biobert,10,100,0.072
20,2020,scincl,biobert,25,100,0.0872
20,2020,scincl,biobert,50,100,0.1
20,2020,scincl,simcse,10,100,0.095
20,2020,scincl,simcse,25,100,0.1096
20,2020,scincl,simcse,50,100,0.122
20,2020,scibert,bert,10,100,0.256
20,2020,scibert,bert,25,100,0.2832
20,2020,scibert,bert,50,100,0.29
20,2020,scibert,mpnet,10,100,0.11000000000000001
20,2020,scibert,mpnet,25,100,0.13
20,2020,scibert,mpnet,50,100,0.1432
20,2020,scibert,minilm,10,100,0.11000000000000001
20,2020,scibert,minilm,25,100,0.13119999999999998
20,2020,scibert,minilm,50,100,0.1418
20,2020,scibert,pubmedbert,10,100,0.318
20,2020,scibert,pubmedbert,25,100,0.34600000000000003
20,2020,scibert,pubmedbert,50,100,0.368
20,2020,scibert,biobert,10,100,0.262
20,2020,scibert,biobert,25,100,0.2944
20,2020,scibert,biobert,50,100,0.32659999999999995
20,2020,scibert,simcse,10,100,0.13
20,2020,scibert,simcse,25,100,0.152
20,2020,scibert,simcse,50,100,0.1746
20,2020,bert,mpnet,10,100,0.121
20,2020,bert,mpnet,25,100,0.1396
20,2020,bert,mpnet,50,100,0.1496
20,2020,bert,minilm,10,100,0.125
20,2020,bert,minilm,25,100,0.15039999999999998
20,2020,bert,minilm,50,100,0.1604
20,2020,bert,pubmedbert,10,100,0.229
20,2020,bert,pubmedbert,25,100,0.2404
20,2020,bert,pubmedbert,50,100,0.2718
20,2020,bert,biobert,10,100,0.251
20,2020,bert,biobert,25,100,0.2584
20,2020,bert,biobert,50,100,0.2804
20,2020,bert,simcse,10,100,0.213
20,2020,bert,simcse,25,100,0.2492
20,2020,bert,simcse,50,100,0.2836
20,2020,mpnet,minilm,10,100,0.426
20,2020,mpnet,minilm,25,100,0.4692
20,2020,mpnet,minilm,50,100,0.4916
20,2020,mpnet,pubmedbert,10,100,0.093
20,2020,mpnet,pubmedbert,25,100,0.09880000000000001
20,2020,mpnet,pubmedbert,50,100,0.10800000000000001
20,2020,mpnet,biobert,10,100,0.091
20,2020,mpnet,biobert,25,100,0.102
20,2020,mpnet,biobert,50,100,0.11960000000000001
20,2020,mpnet,simcse,10,100,0.128
20,2020,mpnet,simcse,25,100,0.1388
20,2020,mpnet,simcse,50,100,0.1514
20,2020,minilm,pubmedbert,10,100,0.095
20,2020,minilm,pubmedbert,25,100,0.10279999999999999
20,2020,minilm,pubmedbert,50,100,0.11699999999999999
20,2020,minilm,biobert,10,100,0.08199999999999999
20,2020,minilm,biobert,25,100,0.1048
20,2020,minilm,biobert,50,100,0.11800000000000001
20,2020,minilm,simcse,10,100,0.141
20,2020,minilm,simcse,25,100,0.14880000000000002
20,2020,minilm,simcse,50,100,0.165
20,2020,pubmedbert,biobert,10,100,0.29300000000000004
20,2020,pubmedbert,biobert,25,100,0.314
20,2020,pubmedbert,biobert,50,100,0.3518
20,2020,pubmedbert,simcse,10,100,0.11299999999999999
20,2020,pubmedbert,simcse,25,100,0.128
20,2020,pubmedbert,simcse,50,100,0.1542
20,2020,biobert,simcse,10,100,0.11399999999999999
20,2020,biobert,simcse,25,100,0.1332
20,2020,biobert,simcse,50,100,0.1502
21,2000,specter,specter2,10,100,0.2
21,2000,specter,specter2,25,100,0.2132
21,2000,specter,specter2,50,100,0.23120000000000002
21,2000,specter,scincl,10,100,0.316
21,2000,specter,scincl,25,100,0.3152
21,2000,specter,scincl,50,100,0.33840000000000003
21,2000,specter,scibert,10,100,0.092
21,2000,specter,scibert,25,100,0.1164
21,2000,specter,scibert,50,100,0.128
21,2000,specter,bert,10,100,0.08299999999999999
21,2000,specter,bert,25,100,0.0852
21,2000,specter,bert,50,100,0.09820000000000001
21,2000,specter,mpnet,10,100,0.28700000000000003
21,2000,specter,mpnet,25,100,0.308
21,2000,specter,mpnet,50,100,0.32299999999999995
21,2000,specter,minilm,10,100,0.229
21,2000,specter,minilm,25,100,0.2636
21,2000,specter,minilm,50,100,0.2796
21,2000,specter,pubmedbert,10,100,0.088
21,2000,specter,pubmedbert,25,100,0.1024
21,2000,specter,pubmedbert,50,100,0.11320000000000001
21,2000,specter,biobert,10,100,0.081
21,2000,specter,biobert,25,100,0.10039999999999999
21,2000,specter,biobert,50,100,0.10400000000000001
21,2000,specter,simcse,10,100,0.065
21,2000,specter,simcse,25,100,0.08
21,2000,specter,simcse,50,100,0.0924
21,2000,specter2,scincl,10,100,0.23199999999999998
21,2000,specter2,scincl,25,100,0.2464
21,2000,specter2,scincl,50,100,0.2626
21,2000,specter2,scibert,10,100,0.092
21,2000,specter2,scibert,25,100,0.1012
21,2000,specter2,scibert,50,100,0.11720000000000001
21,2000,specter2,bert,10,100,0.08499999999999999
21,2000,specter2,bert,25,100,0.0824
21,2000,specter2,bert,50,100,0.0876
21,2000,specter2,mpnet,10,100,0.284
21,2000,specter2,mpnet,25,100,0.266
21,2000,specter2,mpnet,50,100,0.2832
21,2000,specter2,minilm,10,100,0.223
21,2000,specter2,minilm,25,100,0.2212
21,2000,specter2,minilm,50,100,0.23199999999999998
21,2000,specter2,pubmedbert,10,100,0.075
21,2000,specter2,pubmedbert,25,100,0.07919999999999999
21,2000,specter2,pubmedbert,50,100,0.0882
21,2000,specter2,biobert,10,100,0.063
21,2000,specter2,biobert,25,100,0.08199999999999999
21,2000,specter2,biobert,50,100,0.0852
21,2000,specter2,simcse,10,100,0.06899999999999999
21,2000,specter2,simcse,25,100,0.0684
21,2000,specter2,simcse,50,100,0.076
21,2000,scincl,scibert,10,100,0.089
21,2000,scincl,scibert,25,100,0.10400000000000001
21,2000,scincl,scibert,50,100,0.1206
21,2000,scincl,bert,10,100,0.081
21,2000,scincl,bert,25,100,0.0764
21,2000,scincl,bert,50,100,0.0892
21,2000,scincl,mpnet,10,100,0.33199999999999996
21,2000,scincl,mpnet,25,100,0.3448
21,2000,scincl,mpnet,50,100,0.3738
21,2000,scincl,minilm,10,100,0.271
21,2000,scincl,minilm,25,100,0.284
21,2000,scincl,minilm,50,100,0.3184
21,2000,scincl,pubmedbert,10,100,0.075
21,2000,scincl,pubmedbert,25,100,0.0872
21,2000,scincl,pubmedbert,50,100,0.1008
21,2000,scincl,biobert,10,100,0.076
21,2000,scincl,biobert,25,100,0.08960000000000001
21,2000,scincl,biobert,50,100,0.1002
21,2000,scincl,simcse,10,100,0.066
21,2000,scincl,simcse,25,100,0.0676
21,2000,scincl,simcse,50,100,0.0868
21,2000,scibert,bert,10,100,0.175
21,2000,scibert,bert,25,100,0.2028
21,2000,scibert,bert,50,100,0.221
21,2000,scibert,mpnet,10,100,0.10500000000000001
21,2000,scibert,mpnet,25,100,0.1084
21,2000,scibert,mpnet,50,100,0.12119999999999999
21,2000,scibert,minilm,10,100,0.097
21,2000,scibert,minilm,25,100,0.1032
21,2000,scibert,minilm,50,100,0.109
21,2000,scibert,pubmedbert,10,100,0.29500000000000004
21,2000,scibert,pubmedbert,25,100,0.3328
21,2000,scibert,pubmedbert,50,100,0.3554
21,2000,scibert,biobert,10,100,0.272
21,2000,scibert,biobert,25,100,0.3064
21,2000,scibert,biobert,50,100,0.3164
21,2000,scibert,simcse,10,100,0.101
21,2000,scibert,simcse,25,100,0.10800000000000001
21,2000,scibert,simcse,50,100,0.122
21,2000,bert,mpnet,10,100,0.093
21,2000,bert,mpnet,25,100,0.1036
21,2000,bert,mpnet,50,100,0.109
21,2000,bert,minilm,10,100,0.097
21,2000,bert,minilm,25,100,0.09759999999999999
21,2000,bert,minilm,50,100,0.10439999999999999
21,2000,bert,pubmedbert,10,100,0.16999999999999998
21,2000,bert,pubmedbert,25,100,0.2028
21,2000,bert,pubmedbert,50,100,0.2228
21,2000,bert,biobert,10,100,0.193
21,2000,bert,biobert,25,100,0.20120000000000002
21,2000,bert,biobert,50,100,0.2242
21,2000,bert,simcse,10,100,0.17099999999999999
21,2000,bert,simcse,25,100,0.1888
21,2000,bert,simcse,50,100,0.2146
21,2000,mpnet,minilm,10,100,0.417
21,2000,mpnet,minilm,25,100,0.4476
21,2000,mpnet,minilm,50,100,0.4612
21,2000,mpnet,pubmedbert,10,100,0.088
21,2000,mpnet,pubmedbert,25,100,0.09519999999999999
21,2000,mpnet,pubmedbert,50,100,0.10619999999999999
21,2000,mpnet,biobert,10,100,0.08499999999999999
21,2000,mpnet,biobert,25,100,0.0968
21,2000,mpnet,biobert,50,100,0.10439999999999999
21,2000,mpnet,simcse,10,100,0.09
21,2000,mpnet,simcse,25,100,0.09119999999999999
21,2000,mpnet,simcse,50,100,0.10300000000000001
21,2000,minilm,pubmedbert,10,100,0.077
21,2000,minilm,pubmedbert,25,100,0.09119999999999999
21,2000,minilm,pubmedbert,50,100,0.0926
21,2000,minilm,biobert,10,100,0.073
21,2000,minilm,biobert,25,100,0.0888
21,2000,minilm,biobert,50,100,0.0966
21,2000,minilm,simcse,10,100,0.092
21,2000,minilm,simcse,25,100,0.1
21,2000,minilm,simcse,50,100,0.106
21,2000,pubmedbert,biobert,10,100,0.29
21,2000,pubmedbert,biobert,25,100,0.31079999999999997
21,2000,pubmedbert,biobert,50,100,0.32780000000000004
21,2000,pubmedbert,simcse,10,100,0.1
21,2000,pubmedbert,simcse,25,100,0.106
21,2000,pubmedbert,simcse,50,100,0.1222
21,2000,biobert,simcse,10,100,0.078
21,2000,biobert,simcse,25,100,0.0924
21,2000,biobert,simcse,50,100,0.1094
21,2005,specter,specter2,10,100,0.215
21,2005,specter,specter2,25,100,0.23920000000000002
21,2005,specter,specter2,50,100,0.2514
21,2005,specter,scincl,10,100,0.305
21,2005,specter,scincl,25,100,0.3236
21,2005,specter,scincl,50,100,0.34700000000000003
21,2005,specter,scibert,10,100,0.095
21,2005,specter,scibert,25,100,0.1072
21,2005,specter,scibert,50,100,0.11939999999999999
21,2005,specter,bert,10,100,0.078
21,2005,specter,bert,25,100,0.09480000000000001
21,2005,specter,bert,50,100,0.10339999999999999
21,2005,specter,mpnet,10,100,0.269
21,2005,specter,mpnet,25,100,0.2952
21,2005,specter,mpnet,50,100,0.3296
21,2005,specter,minilm,10,100,0.261
21,2005,specter,minilm,25,100,0.2836
21,2005,specter,minilm,50,100,0.3062
21,2005,specter,pubmedbert,10,100,0.079
21,2005,specter,pubmedbert,25,100,0.0892
21,2005,specter,pubmedbert,50,100,0.10439999999999999
21,2005,specter,biobert,10,100,0.079
21,2005,specter,biobert,25,100,0.09
21,2005,specter,biobert,50,100,0.10060000000000001
21,2005,specter,simcse,10,100,0.06899999999999999
21,2005,specter,simcse,25,100,0.08839999999999999
21,2005,specter,simcse,50,100,0.1018
21,2005,specter2,scincl,10,100,0.261
21,2005,specter2,scincl,25,100,0.27
21,2005,specter2,scincl,50,100,0.297
21,2005,specter2,scibert,10,100,0.097
21,2005,specter2,scibert,25,100,0.11320000000000001
21,2005,specter2,scibert,50,100,0.12240000000000001
21,2005,specter2,bert,10,100,0.059
21,2005,specter2,bert,25,100,0.0852
21,2005,specter2,bert,50,100,0.09759999999999999
21,2005,specter2,mpnet,10,100,0.269
21,2005,specter2,mpnet,25,100,0.284
21,2005,specter2,mpnet,50,100,0.3048
21,2005,specter2,minilm,10,100,0.24
21,2005,specter2,minilm,25,100,0.2576
21,2005,specter2,minilm,50,100,0.2656
21,2005,specter2,pubmedbert,10,100,0.065
21,2005,specter2,pubmedbert,25,100,0.08039999999999999
21,2005,specter2,pubmedbert,50,100,0.09720000000000001
21,2005,specter2,biobert,10,100,0.067
21,2005,specter2,biobert,25,100,0.086
21,2005,specter2,biobert,50,100,0.09380000000000001
21,2005,specter2,simcse,10,100,0.062
21,2005,specter2,simcse,25,100,0.0852
21,2005,specter2,simcse,50,100,0.094
21,2005,scincl,scibert,10,100,0.10300000000000001
21,2005,scincl,scibert,25,100,0.10439999999999999
21,2005,scincl,scibert,50,100,0.111
21,2005,scincl,bert,10,100,0.076
21,2005,scincl,bert,25,100,0.08839999999999999
21,2005,scincl,bert,50,100,0.1
21,2005,scincl,mpnet,10,100,0.33399999999999996
21,2005,scincl,mpnet,25,100,0.3468
21,2005,scincl,mpnet,50,100,0.3826
21,2005,scincl,minilm,10,100,0.322
21,2005,scincl,minilm,25,100,0.3272
21,2005,scincl,minilm,50,100,0.3538
21,2005,scincl,pubmedbert,10,100,0.08
21,2005,scincl,pubmedbert,25,100,0.0808
21,2005,scincl,pubmedbert,50,100,0.0944
21,2005,scincl,biobert,10,100,0.074
21,2005,scincl,biobert,25,100,0.08439999999999999
21,2005,scincl,biobert,50,100,0.0916
21,2005,scincl,simcse,10,100,0.071
21,2005,scincl,simcse,25,100,0.092
21,2005,scincl,simcse,50,100,0.1038
21,2005,scibert,bert,10,100,0.183
21,2005,scibert,bert,25,100,0.2184
21,2005,scibert,bert,50,100,0.239
21,2005,scibert,mpnet,10,100,0.086
21,2005,scibert,mpnet,25,100,0.1032
21,2005,scibert,mpnet,50,100,0.11199999999999999
21,2005,scibert,minilm,10,100,0.086
21,2005,scibert,minilm,25,100,0.1
21,2005,scibert,minilm,50,100,0.1116
21,2005,scibert,pubmedbert,10,100,0.296
21,2005,scibert,pubmedbert,25,100,0.3404
21,2005,scibert,pubmedbert,50,100,0.35240000000000005
21,2005,scibert,biobert,10,100,0.268
21,2005,scibert,biobert,25,100,0.2948
21,2005,scibert,biobert,50,100,0.3194
21,2005,scibert,simcse,10,100,0.10300000000000001
21,2005,scibert,simcse,25,100,0.1264
21,2005,scibert,simcse,50,100,0.13699999999999998
21,2005,bert,mpnet,10,100,0.078
21,2005,bert,mpnet,25,100,0.1024
21,2005,bert,mpnet,50,100,0.12300000000000001
21,2005,bert,minilm,10,100,0.094
21,2005,bert,minilm,25,100,0.1112
21,2005,bert,minilm,50,100,0.12119999999999999
21,2005,bert,pubmedbert,10,100,0.19
21,2005,bert,pubmedbert,25,100,0.222
21,2005,bert,pubmedbert,50,100,0.2384
21,2005,bert,biobert,10,100,0.193
21,2005,bert,biobert,25,100,0.2192
21,2005,bert,biobert,50,100,0.24780000000000002
21,2005,bert,simcse,10,100,0.177
21,2005,bert,simcse,25,100,0.22
21,2005,bert,simcse,50,100,0.2466
21,2005,mpnet,minilm,10,100,0.44699999999999995
21,2005,mpnet,minilm,25,100,0.474
21,2005,mpnet,minilm,50,100,0.49560000000000004
21,2005,mpnet,pubmedbert,10,100,0.072
21,2005,mpnet,pubmedbert,25,100,0.08439999999999999
21,2005,mpnet,pubmedbert,50,100,0.0966
21,2005,mpnet,biobert,10,100,0.076
21,2005,mpnet,biobert,25,100,0.0908
21,2005,mpnet,biobert,50,100,0.0984
21,2005,mpnet,simcse,10,100,0.06899999999999999
21,2005,mpnet,simcse,25,100,0.1052
21,2005,mpnet,simcse,50,100,0.124
21,2005,minilm,pubmedbert,10,100,0.078
21,2005,minilm,pubmedbert,25,100,0.0892
21,2005,minilm,pubmedbert,50,100,0.1
21,2005,minilm,biobert,10,100,0.073
21,2005,minilm,biobert,25,100,0.09119999999999999
21,2005,minilm,biobert,50,100,0.1016
21,2005,minilm,simcse,10,100,0.08
21,2005,minilm,simcse,25,100,0.1128
21,2005,minilm,simcse,50,100,0.1274
21,2005,pubmedbert,biobert,10,100,0.27599999999999997
21,2005,pubmedbert,biobert,25,100,0.3184
21,2005,pubmedbert,biobert,50,100,0.341
21,2005,pubmedbert,simcse,10,100,0.091
21,2005,pubmedbert,simcse,25,100,0.1152
21,2005,pubmedbert,simcse,50,100,0.1276
21,2005,biobert,simcse,10,100,0.08299999999999999
21,2005,biobert,simcse,25,100,0.11599999999999999
21,2005,biobert,simcse,50,100,0.1352
21,2010,specter,specter2,10,100,0.215
21,2010,specter,specter2,25,100,0.23399999999999999
21,2010,specter,specter2,50,100,0.261
21,2010,specter,scincl,10,100,0.344
21,2010,specter,scincl,25,100,0.3568
21,2010,specter,scincl,50,100,0.3832
21,2010,specter,scibert,10,100,0.101
21,2010,specter,scibert,25,100,0.1268
21,2010,specter,scibert,50,100,0.1454
21,2010,specter,bert,10,100,0.097
21,2010,specter,bert,25,100,0.1104
21,2010,specter,bert,50,100,0.1208
21,2010,specter,mpnet,10,100,0.31
21,2010,specter,mpnet,25,100,0.33399999999999996
21,2010,specter,mpnet,50,100,0.3556
21,2010,specter,minilm,10,100,0.279
21,2010,specter,minilm,25,100,0.30920000000000003
21,2010,specter,minilm,50,100,0.3144
21,2010,specter,pubmedbert,10,100,0.08
21,2010,specter,pubmedbert,25,100,0.11
21,2010,specter,pubmedbert,50,100,0.1364
21,2010,specter,biobert,10,100,0.087
21,2010,specter,biobert,25,100,0.10679999999999999
21,2010,specter,biobert,50,100,0.1376
21,2010,specter,simcse,10,100,0.079
21,2010,specter,simcse,25,100,0.1016
21,2010,specter,simcse,50,100,0.11539999999999999
21,2010,specter2,scincl,10,100,0.26
21,2010,specter2,scincl,25,100,0.282
21,2010,specter2,scincl,50,100,0.297
21,2010,specter2,scibert,10,100,0.11200000000000002
21,2010,specter2,scibert,25,100,0.1344
21,2010,specter2,scibert,50,100,0.1436
21,2010,specter2,bert,10,100,0.089
21,2010,specter2,bert,25,100,0.092
21,2010,specter2,bert,50,100,0.10099999999999999
21,2010,specter2,mpnet,10,100,0.292
21,2010,specter2,mpnet,25,100,0.3036
21,2010,specter2,mpnet,50,100,0.3218
21,2010,specter2,minilm,10,100,0.24500000000000002
21,2010,specter2,minilm,25,100,0.26239999999999997
21,2010,specter2,minilm,50,100,0.282
21,2010,specter2,pubmedbert,10,100,0.096
21,2010,specter2,pubmedbert,25,100,0.1024
21,2010,specter2,pubmedbert,50,100,0.1208
21,2010,specter2,biobert,10,100,0.087
21,2010,specter2,biobert,25,100,0.1024
21,2010,specter2,biobert,50,100,0.11699999999999999
21,2010,specter2,simcse,10,100,0.071
21,2010,specter2,simcse,25,100,0.0848
21,2010,specter2,simcse,50,100,0.0902
21,2010,scincl,scibert,10,100,0.11299999999999999
21,2010,scincl,scibert,25,100,0.1392
21,2010,scincl,scibert,50,100,0.1412
21,2010,scincl,bert,10,100,0.088
21,2010,scincl,bert,25,100,0.1096
21,2010,scincl,bert,50,100,0.1204
21,2010,scincl,mpnet,10,100,0.367
21,2010,scincl,mpnet,25,100,0.3864
21,2010,scincl,mpnet,50,100,0.4138
21,2010,scincl,minilm,10,100,0.335
21,2010,scincl,minilm,25,100,0.344
21,2010,scincl,minilm,50,100,0.3686
21,2010,scincl,pubmedbert,10,100,0.08299999999999999
21,2010,scincl,pubmedbert,25,100,0.1092
21,2010,scincl,pubmedbert,50,100,0.1266
21,2010,scincl,biobert,10,100,0.095
21,2010,scincl,biobert,25,100,0.124
21,2010,scincl,biobert,50,100,0.12960000000000002
21,2010,scincl,simcse,10,100,0.081
21,2010,scincl,simcse,25,100,0.10039999999999999
21,2010,scincl,simcse,50,100,0.1074
21,2010,scibert,bert,10,100,0.21000000000000002
21,2010,scibert,bert,25,100,0.22760000000000002
21,2010,scibert,bert,50,100,0.2404
21,2010,scibert,mpnet,10,100,0.10400000000000001
21,2010,scibert,mpnet,25,100,0.1188
21,2010,scibert,mpnet,50,100,0.1304
21,2010,scibert,minilm,10,100,0.11599999999999999
21,2010,scibert,minilm,25,100,0.1216
21,2010,scibert,minilm,50,100,0.1292
21,2010,scibert,pubmedbert,10,100,0.32799999999999996
21,2010,scibert,pubmedbert,25,100,0.36560000000000004
21,2010,scibert,pubmedbert,50,100,0.39740000000000003
21,2010,scibert,biobert,10,100,0.316
21,2010,scibert,biobert,25,100,0.3408
21,2010,scibert,biobert,50,100,0.37
21,2010,scibert,simcse,10,100,0.10600000000000001
21,2010,scibert,simcse,25,100,0.1216
21,2010,scibert,simcse,50,100,0.13720000000000002
21,2010,bert,mpnet,10,100,0.097
21,2010,bert,mpnet,25,100,0.10880000000000001
21,2010,bert,mpnet,50,100,0.1264
21,2010,bert,minilm,10,100,0.11200000000000002
21,2010,bert,minilm,25,100,0.1152
21,2010,bert,minilm,50,100,0.128
21,2010,bert,pubmedbert,10,100,0.21000000000000002
21,2010,bert,pubmedbert,25,100,0.2248
21,2010,bert,pubmedbert,50,100,0.2412
21,2010,bert,biobert,10,100,0.221
21,2010,bert,biobert,25,100,0.25120000000000003
21,2010,bert,biobert,50,100,0.2682
21,2010,bert,simcse,10,100,0.192
21,2010,bert,simcse,25,100,0.2116
21,2010,bert,simcse,50,100,0.2422
21,2010,mpnet,minilm,10,100,0.46399999999999997
21,2010,mpnet,minilm,25,100,0.486
21,2010,mpnet,minilm,50,100,0.5096
21,2010,mpnet,pubmedbert,10,100,0.086
21,2010,mpnet,pubmedbert,25,100,0.09359999999999999
21,2010,mpnet,pubmedbert,50,100,0.1222
21,2010,mpnet,biobert,10,100,0.093
21,2010,mpnet,biobert,25,100,0.10640000000000001
21,2010,mpnet,biobert,50,100,0.12300000000000001
21,2010,mpnet,simcse,10,100,0.088
21,2010,mpnet,simcse,25,100,0.10679999999999999
21,2010,mpnet,simcse,50,100,0.126
21,2010,minilm,pubmedbert,10,100,0.092
21,2010,minilm,pubmedbert,25,100,0.1032
21,2010,minilm,pubmedbert,50,100,0.11960000000000001
21,2010,minilm,biobert,10,100,0.10900000000000001
21,2010,minilm,biobert,25,100,0.11199999999999999
21,2010,minilm,biobert,50,100,0.1232
21,2010,minilm,simcse,10,100,0.101
21,2010,minilm,simcse,25,100,0.11800000000000001
21,2010,minilm,simcse,50,100,0.13019999999999998
21,2010,pubmedbert,biobert,10,100,0.329
21,2010,pubmedbert,biobert,25,100,0.3628
21,2010,pubmedbert,biobert,50,100,0.3936
21,2010,pubmedbert,simcse,10,100,0.094
21,2010,pubmedbert,simcse,25,100,0.122
21,2010,pubmedbert,simcse,50,100,0.13699999999999998
21,2010,biobert,simcse,10,100,0.118
21,2010,biobert,simcse,25,100,0.1328
21,2010,biobert,simcse,50,100,0.14880000000000002
21,2015,specter,specter2,10,100,0.242
21,2015,specter,specter2,25,100,0.26
21,2015,specter,specter2,50,100,0.2842
21,2015,specter,scincl,10,100,0.327
21,2015,specter,scincl,25,100,0.3472
21,2015,specter,scincl,50,100,0.37479999999999997
21,2015,specter,scibert,10,100,0.098
21,2015,specter,scibert,25,100,0.1184
21,2015,specter,scibert,50,100,0.1416
21,2015,specter,bert,10,100,0.086
21,2015,specter,bert,25,100,0.1032
21,2015,specter,bert,50,100,0.124
21,2015,specter,mpnet,10,100,0.313
21,2015,specter,mpnet,25,100,0.33799999999999997
21,2015,specter,mpnet,50,100,0.35119999999999996
21,2015,specter,minilm,10,100,0.261
21,2015,specter,minilm,25,100,0.2876
21,2015,specter,minilm,50,100,0.32
21,2015,specter,pubmedbert,10,100,0.097
21,2015,specter,pubmedbert,25,100,0.11560000000000001
21,2015,specter,pubmedbert,50,100,0.134
21,2015,specter,biobert,10,100,0.091
21,2015,specter,biobert,25,100,0.1012
21,2015,specter,biobert,50,100,0.1268
21,2015,specter,simcse,10,100,0.067
21,2015,specter,simcse,25,100,0.0888
21,2015,specter,simcse,50,100,0.111
21,2015,specter2,scincl,10,100,0.272
21,2015,specter2,scincl,25,100,0.2872
21,2015,specter2,scincl,50,100,0.3184
21,2015,specter2,scibert,10,100,0.091
21,2015,specter2,scibert,25,100,0.11320000000000001
21,2015,specter2,scibert,50,100,0.1366
21,2015,specter2,bert,10,100,0.06
21,2015,specter2,bert,25,100,0.08039999999999999
21,2015,specter2,bert,50,100,0.09820000000000001
21,2015,specter2,mpnet,10,100,0.292
21,2015,specter2,mpnet,25,100,0.3208
21,2015,specter2,mpnet,50,100,0.3344
21,2015,specter2,minilm,10,100,0.266
21,2015,specter2,minilm,25,100,0.2788
21,2015,specter2,minilm,50,100,0.307
21,2015,specter2,pubmedbert,10,100,0.087
21,2015,specter2,pubmedbert,25,100,0.10400000000000001
21,2015,specter2,pubmedbert,50,100,0.1176
21,2015,specter2,biobert,10,100,0.073
21,2015,specter2,biobert,25,100,0.09119999999999999
21,2015,specter2,biobert,50,100,0.111
21,2015,specter2,simcse,10,100,0.056999999999999995
21,2015,specter2,simcse,25,100,0.07519999999999999
21,2015,specter2,simcse,50,100,0.0892
21,2015,scincl,scibert,10,100,0.091
21,2015,scincl,scibert,25,100,0.1092
21,2015,scincl,scibert,50,100,0.134
21,2015,scincl,bert,10,100,0.076
21,2015,scincl,bert,25,100,0.094
21,2015,scincl,bert,50,100,0.11320000000000001
21,2015,scincl,mpnet,10,100,0.354
21,2015,scincl,mpnet,25,100,0.37920000000000004
21,2015,scincl,mpnet,50,100,0.4114
21,2015,scincl,minilm,10,100,0.29100000000000004
21,2015,scincl,minilm,25,100,0.34
21,2015,scincl,minilm,50,100,0.36619999999999997
21,2015,scincl,pubmedbert,10,100,0.09
21,2015,scincl,pubmedbert,25,100,0.1072
21,2015,scincl,pubmedbert,50,100,0.1246
21,2015,scincl,biobert,10,100,0.076
21,2015,scincl,biobert,25,100,0.096
21,2015,scincl,biobert,50,100,0.1168
21,2015,scincl,simcse,10,100,0.066
21,2015,scincl,simcse,25,100,0.0852
21,2015,scincl,simcse,50,100,0.1002
21,2015,scibert,bert,10,100,0.21800000000000003
21,2015,scibert,bert,25,100,0.2228
21,2015,scibert,bert,50,100,0.2504
21,2015,scibert,mpnet,10,100,0.081
21,2015,scibert,mpnet,25,100,0.11
21,2015,scibert,mpnet,50,100,0.1304
21,2015,scibert,minilm,10,100,0.08
21,2015,scibert,minilm,25,100,0.1076
21,2015,scibert,minilm,50,100,0.1288
21,2015,scibert,pubmedbert,10,100,0.34700000000000003
21,2015,scibert,pubmedbert,25,100,0.3836
21,2015,scibert,pubmedbert,50,100,0.40159999999999996
21,2015,scibert,biobert,10,100,0.282
21,2015,scibert,biobert,25,100,0.3248
21,2015,scibert,biobert,50,100,0.3558
21,2015,scibert,simcse,10,100,0.11699999999999999
21,2015,scibert,simcse,25,100,0.1292
21,2015,scibert,simcse,50,100,0.15
21,2015,bert,mpnet,10,100,0.094
21,2015,bert,mpnet,25,100,0.10439999999999999
21,2015,bert,mpnet,50,100,0.1244
21,2015,bert,minilm,10,100,0.09
21,2015,bert,minilm,25,100,0.10039999999999999
21,2015,bert,minilm,50,100,0.12380000000000001
21,2015,bert,pubmedbert,10,100,0.21200000000000002
21,2015,bert,pubmedbert,25,100,0.226
21,2015,bert,pubmedbert,50,100,0.245
21,2015,bert,biobert,10,100,0.209
21,2015,bert,biobert,25,100,0.2396
21,2015,bert,biobert,50,100,0.2652
21,2015,bert,simcse,10,100,0.16399999999999998
21,2015,bert,simcse,25,100,0.2208
21,2015,bert,simcse,50,100,0.2486
21,2015,mpnet,minilm,10,100,0.457
21,2015,mpnet,minilm,25,100,0.4892
21,2015,mpnet,minilm,50,100,0.5054
21,2015,mpnet,pubmedbert,10,100,0.096
21,2015,mpnet,pubmedbert,25,100,0.1076
21,2015,mpnet,pubmedbert,50,100,0.1226
21,2015,mpnet,biobert,10,100,0.08299999999999999
21,2015,mpnet,biobert,25,100,0.10679999999999999
21,2015,mpnet,biobert,50,100,0.1188
21,2015,mpnet,simcse,10,100,0.075
21,2015,mpnet,simcse,25,100,0.098
21,2015,mpnet,simcse,50,100,0.1124
21,2015,minilm,pubmedbert,10,100,0.098
21,2015,minilm,pubmedbert,25,100,0.10640000000000001
21,2015,minilm,pubmedbert,50,100,0.1232
21,2015,minilm,biobert,10,100,0.088
21,2015,minilm,biobert,25,100,0.09759999999999999
21,2015,minilm,biobert,50,100,0.11900000000000001
21,2015,minilm,simcse,10,100,0.08199999999999999
21,2015,minilm,simcse,25,100,0.09720000000000001
21,2015,minilm,simcse,50,100,0.121
21,2015,pubmedbert,biobert,10,100,0.315
21,2015,pubmedbert,biobert,25,100,0.35960000000000003
21,2015,pubmedbert,biobert,50,100,0.3858
21,2015,pubmedbert,simcse,10,100,0.099
21,2015,pubmedbert,simcse,25,100,0.1268
21,2015,pubmedbert,simcse,50,100,0.1422
21,2015,biobert,simcse,10,100,0.10600000000000001
21,2015,biobert,simcse,25,100,0.12279999999999999
21,2015,biobert,simcse,50,100,0.1436
21,2020,specter,specter2,10,100,0.22200000000000003
21,2020,specter,specter2,25,100,0.25120000000000003
21,2020,specter,specter2,50,100,0.273
21,2020,specter,scincl,10,100,0.302
21,2020,specter,scincl,25,100,0.3496
21,2020,specter,scincl,50,100,0.3728
21,2020,specter,scibert,10,100,0.119
21,2020,specter,scibert,25,100,0.1316
21,2020,specter,scibert,50,100,0.15439999999999998
21,2020,specter,bert,10,100,0.10900000000000001
21,2020,specter,bert,25,100,0.126
21,2020,specter,bert,50,100,0.139
21,2020,specter,mpnet,10,100,0.294
21,2020,specter,mpnet,25,100,0.3356
21,2020,specter,mpnet,50,100,0.3568
21,2020,specter,minilm,10,100,0.265
21,2020,specter,minilm,25,100,0.3048
21,2020,specter,minilm,50,100,0.32780000000000004
21,2020,specter,pubmedbert,10,100,0.099
21,2020,specter,pubmedbert,25,100,0.1184
21,2020,specter,pubmedbert,50,100,0.1442
21,2020,specter,biobert,10,100,0.10600000000000001
21,2020,specter,biobert,25,100,0.1252
21,2020,specter,biobert,50,100,0.147
21,2020,specter,simcse,10,100,0.10700000000000001
21,2020,specter,simcse,25,100,0.11359999999999999
21,2020,specter,simcse,50,100,0.12359999999999999
21,2020,specter2,scincl,10,100,0.268
21,2020,specter2,scincl,25,100,0.3012
21,2020,specter2,scincl,50,100,0.3284
21,2020,specter2,scibert,10,100,0.11200000000000002
21,2020,specter2,scibert,25,100,0.1384
21,2020,specter2,scibert,50,100,0.154
21,2020,specter2,bert,10,100,0.077
21,2020,specter2,bert,25,100,0.10039999999999999
21,2020,specter2,bert,50,100,0.1158
21,2020,specter2,mpnet,10,100,0.29300000000000004
21,2020,specter2,mpnet,25,100,0.3184
21,2020,specter2,mpnet,50,100,0.33740000000000003
21,2020,specter2,minilm,10,100,0.246
21,2020,specter2,minilm,25,100,0.27
21,2020,specter2,minilm,50,100,0.2984
21,2020,specter2,pubmedbert,10,100,0.096
21,2020,specter2,pubmedbert,25,100,0.1108
21,2020,specter2,pubmedbert,50,100,0.132
21,2020,specter2,biobert,10,100,0.08
21,2020,specter2,biobert,25,100,0.1084
21,2020,specter2,biobert,50,100,0.1266
21,2020,specter2,simcse,10,100,0.076
21,2020,specter2,simcse,25,100,0.0932
21,2020,specter2,simcse,50,100,0.1096
21,2020,scincl,scibert,10,100,0.11299999999999999
21,2020,scincl,scibert,25,100,0.12560000000000002
21,2020,scincl,scibert,50,100,0.1476
21,2020,scincl,bert,10,100,0.099
21,2020,scincl,bert,25,100,0.1056
21,2020,scincl,bert,50,100,0.11939999999999999
21,2020,scincl,mpnet,10,100,0.337
21,2020,scincl,mpnet,25,100,0.3784
21,2020,scincl,mpnet,50,100,0.4056
21,2020,scincl,minilm,10,100,0.3
21,2020,scincl,minilm,25,100,0.3444
21,2020,scincl,minilm,50,100,0.36719999999999997
21,2020,scincl,pubmedbert,10,100,0.097
21,2020,scincl,pubmedbert,25,100,0.10679999999999999
21,2020,scincl,pubmedbert,50,100,0.12619999999999998
21,2020,scincl,biobert,10,100,0.091
21,2020,scincl,biobert,25,100,0.114
21,2020,scincl,biobert,50,100,0.12960000000000002
21,2020,scincl,simcse,10,100,0.08199999999999999
21,2020,scincl,simcse,25,100,0.1052
21,2020,scincl,simcse,50,100,0.1116
21,2020,scibert,bert,10,100,0.229
21,2020,scibert,bert,25,100,0.2576
21,2020,scibert,bert,50,100,0.272
21,2020,scibert,mpnet,10,100,0.11399999999999999
21,2020,scibert,mpnet,25,100,0.1304
21,2020,scibert,mpnet,50,100,0.1448
21,2020,scibert,minilm,10,100,0.10200000000000001
21,2020,scibert,minilm,25,100,0.1216
21,2020,scibert,minilm,50,100,0.141
21,2020,scibert,pubmedbert,10,100,0.38
21,2020,scibert,pubmedbert,25,100,0.392
21,2020,scibert,pubmedbert,50,100,0.41200000000000003
21,2020,scibert,biobert,10,100,0.343
21,2020,scibert,biobert,25,100,0.3576
21,2020,scibert,biobert,50,100,0.3812
21,2020,scibert,simcse,10,100,0.125
21,2020,scibert,simcse,25,100,0.14800000000000002
21,2020,scibert,simcse,50,100,0.15560000000000002
21,2020,bert,mpnet,10,100,0.10200000000000001
21,2020,bert,mpnet,25,100,0.1168
21,2020,bert,mpnet,50,100,0.12539999999999998
21,2020,bert,minilm,10,100,0.098
21,2020,bert,minilm,25,100,0.1208
21,2020,bert,minilm,50,100,0.13419999999999999
21,2020,bert,pubmedbert,10,100,0.217
21,2020,bert,pubmedbert,25,100,0.23120000000000002
21,2020,bert,pubmedbert,50,100,0.2608
21,2020,bert,biobert,10,100,0.21800000000000003
21,2020,bert,biobert,25,100,0.2596
21,2020,bert,biobert,50,100,0.2866
21,2020,bert,simcse,10,100,0.192
21,2020,bert,simcse,25,100,0.22640000000000002
21,2020,bert,simcse,50,100,0.2506
21,2020,mpnet,minilm,10,100,0.43099999999999994
21,2020,mpnet,minilm,25,100,0.48200000000000004
21,2020,mpnet,minilm,50,100,0.5056
21,2020,mpnet,pubmedbert,10,100,0.096
21,2020,mpnet,pubmedbert,25,100,0.10880000000000001
21,2020,mpnet,pubmedbert,50,100,0.1242
21,2020,mpnet,biobert,10,100,0.11100000000000002
21,2020,mpnet,biobert,25,100,0.1188
21,2020,mpnet,biobert,50,100,0.133
21,2020,mpnet,simcse,10,100,0.11000000000000001
21,2020,mpnet,simcse,25,100,0.1188
21,2020,mpnet,simcse,50,100,0.128
21,2020,minilm,pubmedbert,10,100,0.095
21,2020,minilm,pubmedbert,25,100,0.10679999999999999
21,2020,minilm,pubmedbert,50,100,0.12380000000000001
21,2020,minilm,biobert,10,100,0.094
21,2020,minilm,biobert,25,100,0.1124
21,2020,minilm,biobert,50,100,0.1358
21,2020,minilm,simcse,10,100,0.10200000000000001
21,2020,minilm,simcse,25,100,0.1272
21,2020,minilm,simcse,50,100,0.1404
21,2020,pubmedbert,biobert,10,100,0.34700000000000003
21,2020,pubmedbert,biobert,25,100,0.3768
21,2020,pubmedbert,biobert,50,100,0.4014
21,2020,pubmedbert,simcse,10,100,0.11699999999999999
21,2020,pubmedbert,simcse,25,100,0.1376
21,2020,pubmedbert,simcse,50,100,0.1478
21,2020,biobert,simcse,10,100,0.11599999999999999
21,2020,biobert,simcse,25,100,0.132
21,2020,biobert,simcse,50,100,0.15539999999999998
22,2000,specter,specter2,10,100,0.182
22,2000,specter,specter2,25,100,0.2032
22,2000,specter,specter2,50,100,0.21899999999999997
22,2000,specter,scincl,10,100,0.244
22,2000,specter,scincl,25,100,0.29359999999999997
22,2000,specter,scincl,50,100,0.304
22,2000,specter,scibert,10,100,0.067
22,2000,specter,scibert,25,100,0.0956
22,2000,specter,scibert,50,100,0.1148
22,2000,specter,bert,10,100,0.062
22,2000,specter,bert,25,100,0.076
22,2000,specter,bert,50,100,0.0868
22,2000,specter,mpnet,10,100,0.23500000000000001
22,2000,specter,mpnet,25,100,0.2768
22,2000,specter,mpnet,50,100,0.2898
22,2000,specter,minilm,10,100,0.229
22,2000,specter,minilm,25,100,0.2608
22,2000,specter,minilm,50,100,0.2724
22,2000,specter,pubmedbert,10,100,0.044
22,2000,specter,pubmedbert,25,100,0.0716
22,2000,specter,pubmedbert,50,100,0.08839999999999999
22,2000,specter,biobert,10,100,0.05500000000000001
22,2000,specter,biobert,25,100,0.0652
22,2000,specter,biobert,50,100,0.084
22,2000,specter,simcse,10,100,0.056999999999999995
22,2000,specter,simcse,25,100,0.0708
22,2000,specter,simcse,50,100,0.084
22,2000,specter2,scincl,10,100,0.233
22,2000,specter2,scincl,25,100,0.2548
22,2000,specter2,scincl,50,100,0.28059999999999996
22,2000,specter2,scibert,10,100,0.086
22,2000,specter2,scibert,25,100,0.10039999999999999
22,2000,specter2,scibert,50,100,0.1158
22,2000,specter2,bert,10,100,0.057999999999999996
22,2000,specter2,bert,25,100,0.0588
22,2000,specter2,bert,50,100,0.0692
22,2000,specter2,mpnet,10,100,0.257
22,2000,specter2,mpnet,25,100,0.2664
22,2000,specter2,mpnet,50,100,0.2838
22,2000,specter2,minilm,10,100,0.20299999999999999
22,2000,specter2,minilm,25,100,0.22
22,2000,specter2,minilm,50,100,0.23920000000000002
22,2000,specter2,pubmedbert,10,100,0.053000000000000005
22,2000,specter2,pubmedbert,25,100,0.0632
22,2000,specter2,pubmedbert,50,100,0.0836
22,2000,specter2,biobert,10,100,0.063
22,2000,specter2,biobert,25,100,0.0632
22,2000,specter2,biobert,50,100,0.0736
22,2000,specter2,simcse,10,100,0.043
22,2000,specter2,simcse,25,100,0.0564
22,2000,specter2,simcse,50,100,0.0674
22,2000,scincl,scibert,10,100,0.096
22,2000,scincl,scibert,25,100,0.1016
22,2000,scincl,scibert,50,100,0.1216
22,2000,scincl,bert,10,100,0.062
22,2000,scincl,bert,25,100,0.068
22,2000,scincl,bert,50,100,0.0874
22,2000,scincl,mpnet,10,100,0.356
22,2000,scincl,mpnet,25,100,0.3564
22,2000,scincl,mpnet,50,100,0.3784
22,2000,scincl,minilm,10,100,0.311
22,2000,scincl,minilm,25,100,0.32159999999999994
22,2000,scincl,minilm,50,100,0.34740000000000004
22,2000,scincl,pubmedbert,10,100,0.052000000000000005
22,2000,scincl,pubmedbert,25,100,0.0664
22,2000,scincl,pubmedbert,50,100,0.0842
22,2000,scincl,biobert,10,100,0.068
22,2000,scincl,biobert,25,100,0.06480000000000001
22,2000,scincl,biobert,50,100,0.0774
22,2000,scincl,simcse,10,100,0.05600000000000001
22,2000,scincl,simcse,25,100,0.0724
22,2000,scincl,simcse,50,100,0.08
22,2000,scibert,bert,10,100,0.161
22,2000,scibert,bert,25,100,0.17679999999999998
22,2000,scibert,bert,50,100,0.1886
22,2000,scibert,mpnet,10,100,0.086
22,2000,scibert,mpnet,25,100,0.1048
22,2000,scibert,mpnet,50,100,0.1266
22,2000,scibert,minilm,10,100,0.08
22,2000,scibert,minilm,25,100,0.1032
22,2000,scibert,minilm,50,100,0.1234
22,2000,scibert,pubmedbert,10,100,0.256
22,2000,scibert,pubmedbert,25,100,0.2908
22,2000,scibert,pubmedbert,50,100,0.31079999999999997
22,2000,scibert,biobert,10,100,0.229
22,2000,scibert,biobert,25,100,0.25920000000000004
22,2000,scibert,biobert,50,100,0.2798
22,2000,scibert,simcse,10,100,0.06899999999999999
22,2000,scibert,simcse,25,100,0.1012
22,2000,scibert,simcse,50,100,0.1096
22,2000,bert,mpnet,10,100,0.071
22,2000,bert,mpnet,25,100,0.0816
22,2000,bert,mpnet,50,100,0.0984
22,2000,bert,minilm,10,100,0.075
22,2000,bert,minilm,25,100,0.09
22,2000,bert,minilm,50,100,0.1072
22,2000,bert,pubmedbert,10,100,0.15
22,2000,bert,pubmedbert,25,100,0.1696
22,2000,bert,pubmedbert,50,100,0.1912
22,2000,bert,biobert,10,100,0.16999999999999998
22,2000,bert,biobert,25,100,0.1808
22,2000,bert,biobert,50,100,0.207
22,2000,bert,simcse,10,100,0.144
22,2000,bert,simcse,25,100,0.1832
22,2000,bert,simcse,50,100,0.209
22,2000,mpnet,minilm,10,100,0.434
22,2000,mpnet,minilm,25,100,0.4732
22,2000,mpnet,minilm,50,100,0.48719999999999997
22,2000,mpnet,pubmedbert,10,100,0.059
22,2000,mpnet,pubmedbert,25,100,0.0748
22,2000,mpnet,pubmedbert,50,100,0.0872
22,2000,mpnet,biobert,10,100,0.065
22,2000,mpnet,biobert,25,100,0.0696
22,2000,mpnet,biobert,50,100,0.0866
22,2000,mpnet,simcse,10,100,0.065
22,2000,mpnet,simcse,25,100,0.08199999999999999
22,2000,mpnet,simcse,50,100,0.09759999999999999
22,2000,minilm,pubmedbert,10,100,0.065
22,2000,minilm,pubmedbert,25,100,0.0796
22,2000,minilm,pubmedbert,50,100,0.0916
22,2000,minilm,biobert,10,100,0.057999999999999996
22,2000,minilm,biobert,25,100,0.07200000000000001
22,2000,minilm,biobert,50,100,0.0904
22,2000,minilm,simcse,10,100,0.062
22,2000,minilm,simcse,25,100,0.0916
22,2000,minilm,simcse,50,100,0.0968
22,2000,pubmedbert,biobert,10,100,0.266
22,2000,pubmedbert,biobert,25,100,0.3056
22,2000,pubmedbert,biobert,50,100,0.327
22,2000,pubmedbert,simcse,10,100,0.072
22,2000,pubmedbert,simcse,25,100,0.09519999999999999
22,2000,pubmedbert,simcse,50,100,0.1056
22,2000,biobert,simcse,10,100,0.079
22,2000,biobert,simcse,25,100,0.096
22,2000,biobert,simcse,50,100,0.1142
22,2005,specter,specter2,10,100,0.22400000000000003
22,2005,specter,specter2,25,100,0.22399999999999998
22,2005,specter,specter2,50,100,0.2288
22,2005,specter,scincl,10,100,0.277
22,2005,specter,scincl,25,100,0.2884
22,2005,specter,scincl,50,100,0.3062
22,2005,specter,scibert,10,100,0.097
22,2005,specter,scibert,25,100,0.10679999999999999
22,2005,specter,scibert,50,100,0.11560000000000001
22,2005,specter,bert,10,100,0.088
22,2005,specter,bert,25,100,0.0892
22,2005,specter,bert,50,100,0.10279999999999999
22,2005,specter,mpnet,10,100,0.279
22,2005,specter,mpnet,25,100,0.31079999999999997
22,2005,specter,mpnet,50,100,0.32
22,2005,specter,minilm,10,100,0.268
22,2005,specter,minilm,25,100,0.266
22,2005,specter,minilm,50,100,0.27899999999999997
22,2005,specter,pubmedbert,10,100,0.075
22,2005,specter,pubmedbert,25,100,0.0888
22,2005,specter,pubmedbert,50,100,0.1014
22,2005,specter,biobert,10,100,0.06899999999999999
22,2005,specter,biobert,25,100,0.0848
22,2005,specter,biobert,50,100,0.0986
22,2005,specter,simcse,10,100,0.08
22,2005,specter,simcse,25,100,0.0892
22,2005,specter,simcse,50,100,0.096
22,2005,specter2,scincl,10,100,0.267
22,2005,specter2,scincl,25,100,0.2704
22,2005,specter2,scincl,50,100,0.2934
22,2005,specter2,scibert,10,100,0.093
22,2005,specter2,scibert,25,100,0.1208
22,2005,specter2,scibert,50,100,0.1318
22,2005,specter2,bert,10,100,0.072
22,2005,specter2,bert,25,100,0.0776
22,2005,specter2,bert,50,100,0.0894
22,2005,specter2,mpnet,10,100,0.272
22,2005,specter2,mpnet,25,100,0.27399999999999997
22,2005,specter2,mpnet,50,100,0.29460000000000003
22,2005,specter2,minilm,10,100,0.22999999999999998
22,2005,specter2,minilm,25,100,0.244
22,2005,specter2,minilm,50,100,0.26239999999999997
22,2005,specter2,pubmedbert,10,100,0.066
22,2005,specter2,pubmedbert,25,100,0.08439999999999999
22,2005,specter2,pubmedbert,50,100,0.1012
22,2005,specter2,biobert,10,100,0.08399999999999999
22,2005,specter2,biobert,25,100,0.09
22,2005,specter2,biobert,50,100,0.10060000000000001
22,2005,specter2,simcse,10,100,0.068
22,2005,specter2,simcse,25,100,0.0784
22,2005,specter2,simcse,50,100,0.0828
22,2005,scincl,scibert,10,100,0.097
22,2005,scincl,scibert,25,100,0.1096
22,2005,scincl,scibert,50,100,0.1166
22,2005,scincl,bert,10,100,0.065
22,2005,scincl,bert,25,100,0.07919999999999999
22,2005,scincl,bert,50,100,0.0906
22,2005,scincl,mpnet,10,100,0.33799999999999997
22,2005,scincl,mpnet,25,100,0.3636
22,2005,scincl,mpnet,50,100,0.38280000000000003
22,2005,scincl,minilm,10,100,0.307
22,2005,scincl,minilm,25,100,0.31079999999999997
22,2005,scincl,minilm,50,100,0.3414
22,2005,scincl,pubmedbert,10,100,0.06899999999999999
22,2005,scincl,pubmedbert,25,100,0.0828
22,2005,scincl,pubmedbert,50,100,0.0962
22,2005,scincl,biobert,10,100,0.074
22,2005,scincl,biobert,25,100,0.0812
22,2005,scincl,biobert,50,100,0.09140000000000001
22,2005,scincl,simcse,10,100,0.06899999999999999
22,2005,scincl,simcse,25,100,0.084
22,2005,scincl,simcse,50,100,0.09
22,2005,scibert,bert,10,100,0.182
22,2005,scibert,bert,25,100,0.1928
22,2005,scibert,bert,50,100,0.2054
22,2005,scibert,mpnet,10,100,0.10600000000000001
22,2005,scibert,mpnet,25,100,0.1148
22,2005,scibert,mpnet,50,100,0.12539999999999998
22,2005,scibert,minilm,10,100,0.1
22,2005,scibert,minilm,25,100,0.10439999999999999
22,2005,scibert,minilm,50,100,0.1162
22,2005,scibert,pubmedbert,10,100,0.266
22,2005,scibert,pubmedbert,25,100,0.3072
22,2005,scibert,pubmedbert,50,100,0.34
22,2005,scibert,biobert,10,100,0.256
22,2005,scibert,biobert,25,100,0.2728
22,2005,scibert,biobert,50,100,0.2992
22,2005,scibert,simcse,10,100,0.10500000000000001
22,2005,scibert,simcse,25,100,0.124
22,2005,scibert,simcse,50,100,0.1322
22,2005,bert,mpnet,10,100,0.08499999999999999
22,2005,bert,mpnet,25,100,0.1072
22,2005,bert,mpnet,50,100,0.1166
22,2005,bert,minilm,10,100,0.087
22,2005,bert,minilm,25,100,0.098
22,2005,bert,minilm,50,100,0.1092
22,2005,bert,pubmedbert,10,100,0.175
22,2005,bert,pubmedbert,25,100,0.1948
22,2005,bert,pubmedbert,50,100,0.21239999999999998
22,2005,bert,biobert,10,100,0.178
22,2005,bert,biobert,25,100,0.19760000000000003
22,2005,bert,biobert,50,100,0.2186
22,2005,bert,simcse,10,100,0.174
22,2005,bert,simcse,25,100,0.19920000000000002
22,2005,bert,simcse,50,100,0.22640000000000002
22,2005,mpnet,minilm,10,100,0.483
22,2005,mpnet,minilm,25,100,0.48479999999999995
22,2005,mpnet,minilm,50,100,0.49420000000000003
22,2005,mpnet,pubmedbert,10,100,0.075
22,2005,mpnet,pubmedbert,25,100,0.09519999999999999
22,2005,mpnet,pubmedbert,50,100,0.10439999999999999
22,2005,mpnet,biobert,10,100,0.08299999999999999
22,2005,mpnet,biobert,25,100,0.094
22,2005,mpnet,biobert,50,100,0.10300000000000001
22,2005,mpnet,simcse,10,100,0.08499999999999999
22,2005,mpnet,simcse,25,100,0.1024
22,2005,mpnet,simcse,50,100,0.115
22,2005,minilm,pubmedbert,10,100,0.074
22,2005,minilm,pubmedbert,25,100,0.0908
22,2005,minilm,pubmedbert,50,100,0.1008
22,2005,minilm,biobert,10,100,0.08
22,2005,minilm,biobert,25,100,0.0876
22,2005,minilm,biobert,50,100,0.09960000000000001
22,2005,minilm,simcse,10,100,0.088
22,2005,minilm,simcse,25,100,0.0984
22,2005,minilm,simcse,50,100,0.10800000000000001
22,2005,pubmedbert,biobert,10,100,0.28700000000000003
22,2005,pubmedbert,biobert,25,100,0.3004
22,2005,pubmedbert,biobert,50,100,0.33140000000000003
22,2005,pubmedbert,simcse,10,100,0.092
22,2005,pubmedbert,simcse,25,100,0.10880000000000001
22,2005,pubmedbert,simcse,50,100,0.12380000000000001
22,2005,biobert,simcse,10,100,0.118
22,2005,biobert,simcse,25,100,0.11199999999999999
22,2005,biobert,simcse,50,100,0.1242
22,2010,specter,specter2,10,100,0.221
22,2010,specter,specter2,25,100,0.25120000000000003
22,2010,specter,specter2,50,100,0.2682
22,2010,specter,scincl,10,100,0.27799999999999997
22,2010,specter,scincl,25,100,0.2992
22,2010,specter,scincl,50,100,0.33840000000000003
22,2010,specter,scibert,10,100,0.097
22,2010,specter,scibert,25,100,0.11359999999999999
22,2010,specter,scibert,50,100,0.1294
22,2010,specter,bert,10,100,0.073
22,2010,specter,bert,25,100,0.084
22,2010,specter,bert,50,100,0.1
22,2010,specter,mpnet,10,100,0.302
22,2010,specter,mpnet,25,100,0.3196
22,2010,specter,mpnet,50,100,0.3272
22,2010,specter,minilm,10,100,0.267
22,2010,specter,minilm,25,100,0.2916
22,2010,specter,minilm,50,100,0.3012
22,2010,specter,pubmedbert,10,100,0.079
22,2010,specter,pubmedbert,25,100,0.096
22,2010,specter,pubmedbert,50,100,0.1014
22,2010,specter,biobert,10,100,0.073
22,2010,specter,biobert,25,100,0.08839999999999999
22,2010,specter,biobert,50,100,0.09759999999999999
22,2010,specter,simcse,10,100,0.077
22,2010,specter,simcse,25,100,0.094
22,2010,specter,simcse,50,100,0.1116
22,2010,specter2,scincl,10,100,0.268
22,2010,specter2,scincl,25,100,0.298
22,2010,specter2,scincl,50,100,0.3226
22,2010,specter2,scibert,10,100,0.123
22,2010,specter2,scibert,25,100,0.1348
22,2010,specter2,scibert,50,100,0.1508
22,2010,specter2,bert,10,100,0.06899999999999999
22,2010,specter2,bert,25,100,0.08960000000000001
22,2010,specter2,bert,50,100,0.1048
22,2010,specter2,mpnet,10,100,0.298
22,2010,specter2,mpnet,25,100,0.3144
22,2010,specter2,mpnet,50,100,0.3232
22,2010,specter2,minilm,10,100,0.266
22,2010,specter2,minilm,25,100,0.2828
22,2010,specter2,minilm,50,100,0.281
22,2010,specter2,pubmedbert,10,100,0.08199999999999999
22,2010,specter2,pubmedbert,25,100,0.0904
22,2010,specter2,pubmedbert,50,100,0.10060000000000001
22,2010,specter2,biobert,10,100,0.077
22,2010,specter2,biobert,25,100,0.092
22,2010,specter2,biobert,50,100,0.10279999999999999
22,2010,specter2,simcse,10,100,0.08
22,2010,specter2,simcse,25,100,0.0924
22,2010,specter2,simcse,50,100,0.10779999999999999
22,2010,scincl,scibert,10,100,0.1
22,2010,scincl,scibert,25,100,0.11720000000000001
22,2010,scincl,scibert,50,100,0.129
22,2010,scincl,bert,10,100,0.068
22,2010,scincl,bert,25,100,0.0852
22,2010,scincl,bert,50,100,0.098
22,2010,scincl,mpnet,10,100,0.34500000000000003
22,2010,scincl,mpnet,25,100,0.3568
22,2010,scincl,mpnet,50,100,0.38420000000000004
22,2010,scincl,minilm,10,100,0.323
22,2010,scincl,minilm,25,100,0.3236
22,2010,scincl,minilm,50,100,0.3492
22,2010,scincl,pubmedbert,10,100,0.076
22,2010,scincl,pubmedbert,25,100,0.0908
22,2010,scincl,pubmedbert,50,100,0.09380000000000001
22,2010,scincl,biobert,10,100,0.073
22,2010,scincl,biobert,25,100,0.09
22,2010,scincl,biobert,50,100,0.094
22,2010,scincl,simcse,10,100,0.073
22,2010,scincl,simcse,25,100,0.0928
22,2010,scincl,simcse,50,100,0.1052
22,2010,scibert,bert,10,100,0.207
22,2010,scibert,bert,25,100,0.2048
22,2010,scibert,bert,50,100,0.2208
22,2010,scibert,mpnet,10,100,0.119
22,2010,scibert,mpnet,25,100,0.11960000000000001
22,2010,scibert,mpnet,50,100,0.1318
22,2010,scibert,minilm,10,100,0.125
22,2010,scibert,minilm,25,100,0.12359999999999999
22,2010,scibert,minilm,50,100,0.1304
22,2010,scibert,pubmedbert,10,100,0.319
22,2010,scibert,pubmedbert,25,100,0.3396
22,2010,scibert,pubmedbert,50,100,0.35340000000000005
22,2010,scibert,biobert,10,100,0.281
22,2010,scibert,biobert,25,100,0.31079999999999997
22,2010,scibert,biobert,50,100,0.326
22,2010,scibert,simcse,10,100,0.11499999999999999
22,2010,scibert,simcse,25,100,0.12960000000000002
22,2010,scibert,simcse,50,100,0.1378
22,2010,bert,mpnet,10,100,0.079
22,2010,bert,mpnet,25,100,0.09359999999999999
22,2010,bert,mpnet,50,100,0.1148
22,2010,bert,minilm,10,100,0.093
22,2010,bert,minilm,25,100,0.1048
22,2010,bert,minilm,50,100,0.11220000000000001
22,2010,bert,pubmedbert,10,100,0.19
22,2010,bert,pubmedbert,25,100,0.20440000000000003
22,2010,bert,pubmedbert,50,100,0.2288
22,2010,bert,biobert,10,100,0.20099999999999998
22,2010,bert,biobert,25,100,0.2232
22,2010,bert,biobert,50,100,0.2368
22,2010,bert,simcse,10,100,0.186
22,2010,bert,simcse,25,100,0.214
22,2010,bert,simcse,50,100,0.23559999999999998
22,2010,mpnet,minilm,10,100,0.489
22,2010,mpnet,minilm,25,100,0.4936
22,2010,mpnet,minilm,50,100,0.5097999999999999
22,2010,mpnet,pubmedbert,10,100,0.097
22,2010,mpnet,pubmedbert,25,100,0.1016
22,2010,mpnet,pubmedbert,50,100,0.1054
22,2010,mpnet,biobert,10,100,0.077
22,2010,mpnet,biobert,25,100,0.09880000000000001
22,2010,mpnet,biobert,50,100,0.10859999999999999
22,2010,mpnet,simcse,10,100,0.096
22,2010,mpnet,simcse,25,100,0.1076
22,2010,mpnet,simcse,50,100,0.1252
22,2010,minilm,pubmedbert,10,100,0.098
22,2010,minilm,pubmedbert,25,100,0.094
22,2010,minilm,pubmedbert,50,100,0.10220000000000001
22,2010,minilm,biobert,10,100,0.087
22,2010,minilm,biobert,25,100,0.0944
22,2010,minilm,biobert,50,100,0.1042
22,2010,minilm,simcse,10,100,0.097
22,2010,minilm,simcse,25,100,0.11599999999999999
22,2010,minilm,simcse,50,100,0.13119999999999998
22,2010,pubmedbert,biobert,10,100,0.28500000000000003
22,2010,pubmedbert,biobert,25,100,0.3348
22,2010,pubmedbert,biobert,50,100,0.3578
22,2010,pubmedbert,simcse,10,100,0.11000000000000001
22,2010,pubmedbert,simcse,25,100,0.1316
22,2010,pubmedbert,simcse,50,100,0.129
22,2010,biobert,simcse,10,100,0.10500000000000001
22,2010,biobert,simcse,25,100,0.1272
22,2010,biobert,simcse,50,100,0.132
22,2015,specter,specter2,10,100,0.23500000000000001
22,2015,specter,specter2,25,100,0.2408
22,2015,specter,specter2,50,100,0.25120000000000003
22,2015,specter,scincl,10,100,0.273
22,2015,specter,scincl,25,100,0.2988
22,2015,specter,scincl,50,100,0.3264
22,2015,specter,scibert,10,100,0.098
22,2015,specter,scibert,25,100,0.10679999999999999
22,2015,specter,scibert,50,100,0.12560000000000002
22,2015,specter,bert,10,100,0.06999999999999999
22,2015,specter,bert,25,100,0.0872
22,2015,specter,bert,50,100,0.10640000000000001
22,2015,specter,mpnet,10,100,0.27799999999999997
22,2015,specter,mpnet,25,100,0.31120000000000003
22,2015,specter,mpnet,50,100,0.33240000000000003
22,2015,specter,minilm,10,100,0.263
22,2015,specter,minilm,25,100,0.2792
22,2015,specter,minilm,50,100,0.3054
22,2015,specter,pubmedbert,10,100,0.074
22,2015,specter,pubmedbert,25,100,0.07919999999999999
22,2015,specter,pubmedbert,50,100,0.10099999999999999
22,2015,specter,biobert,10,100,0.079
22,2015,specter,biobert,25,100,0.0892
22,2015,specter,biobert,50,100,0.1074
22,2015,specter,simcse,10,100,0.078
22,2015,specter,simcse,25,100,0.0828
22,2015,specter,simcse,50,100,0.0944
22,2015,specter2,scincl,10,100,0.27799999999999997
22,2015,specter2,scincl,25,100,0.302
22,2015,specter2,scincl,50,100,0.3068
22,2015,specter2,scibert,10,100,0.10400000000000001
22,2015,specter2,scibert,25,100,0.1232
22,2015,specter2,scibert,50,100,0.1402
22,2015,specter2,bert,10,100,0.067
22,2015,specter2,bert,25,100,0.07719999999999999
22,2015,specter2,bert,50,100,0.09140000000000001
22,2015,specter2,mpnet,10,100,0.28700000000000003
22,2015,specter2,mpnet,25,100,0.302
22,2015,specter2,mpnet,50,100,0.30519999999999997
22,2015,specter2,minilm,10,100,0.262
22,2015,specter2,minilm,25,100,0.2596
22,2015,specter2,minilm,50,100,0.27
22,2015,specter2,pubmedbert,10,100,0.071
22,2015,specter2,pubmedbert,25,100,0.08039999999999999
22,2015,specter2,pubmedbert,50,100,0.10099999999999999
22,2015,specter2,biobert,10,100,0.086
22,2015,specter2,biobert,25,100,0.0928
22,2015,specter2,biobert,50,100,0.1042
22,2015,specter2,simcse,10,100,0.071
22,2015,specter2,simcse,25,100,0.07919999999999999
22,2015,specter2,simcse,50,100,0.085
22,2015,scincl,scibert,10,100,0.089
22,2015,scincl,scibert,25,100,0.12279999999999999
22,2015,scincl,scibert,50,100,0.1386
22,2015,scincl,bert,10,100,0.078
22,2015,scincl,bert,25,100,0.0876
22,2015,scincl,bert,50,100,0.1018
22,2015,scincl,mpnet,10,100,0.354
22,2015,scincl,mpnet,25,100,0.3624
22,2015,scincl,mpnet,50,100,0.3926
22,2015,scincl,minilm,10,100,0.308
22,2015,scincl,minilm,25,100,0.31920000000000004
22,2015,scincl,minilm,50,100,0.3488
22,2015,scincl,pubmedbert,10,100,0.06899999999999999
22,2015,scincl,pubmedbert,25,100,0.086
22,2015,scincl,pubmedbert,50,100,0.1016
22,2015,scincl,biobert,10,100,0.074
22,2015,scincl,biobert,25,100,0.0888
22,2015,scincl,biobert,50,100,0.10099999999999999
22,2015,scincl,simcse,10,100,0.062
22,2015,scincl,simcse,25,100,0.0748
22,2015,scincl,simcse,50,100,0.0926
22,2015,scibert,bert,10,100,0.182
22,2015,scibert,bert,25,100,0.2004
22,2015,scibert,bert,50,100,0.2162
22,2015,scibert,mpnet,10,100,0.097
22,2015,scibert,mpnet,25,100,0.1168
22,2015,scibert,mpnet,50,100,0.133
22,2015,scibert,minilm,10,100,0.087
22,2015,scibert,minilm,25,100,0.1128
22,2015,scibert,minilm,50,100,0.13019999999999998
22,2015,scibert,pubmedbert,10,100,0.277
22,2015,scibert,pubmedbert,25,100,0.3276
22,2015,scibert,pubmedbert,50,100,0.3528
22,2015,scibert,biobert,10,100,0.24900000000000003
22,2015,scibert,biobert,25,100,0.2892
22,2015,scibert,biobert,50,100,0.304
22,2015,scibert,simcse,10,100,0.091
22,2015,scibert,simcse,25,100,0.1168
22,2015,scibert,simcse,50,100,0.1292
22,2015,bert,mpnet,10,100,0.081
22,2015,bert,mpnet,25,100,0.1
22,2015,bert,mpnet,50,100,0.1162
22,2015,bert,minilm,10,100,0.08199999999999999
22,2015,bert,minilm,25,100,0.1012
22,2015,bert,minilm,50,100,0.11599999999999999
22,2015,bert,pubmedbert,10,100,0.155
22,2015,bert,pubmedbert,25,100,0.17600000000000002
22,2015,bert,pubmedbert,50,100,0.2014
22,2015,bert,biobert,10,100,0.19
22,2015,bert,biobert,25,100,0.20679999999999998
22,2015,bert,biobert,50,100,0.226
22,2015,bert,simcse,10,100,0.17099999999999999
22,2015,bert,simcse,25,100,0.20920000000000002
22,2015,bert,simcse,50,100,0.2364
22,2015,mpnet,minilm,10,100,0.46799999999999997
22,2015,mpnet,minilm,25,100,0.48560000000000003
22,2015,mpnet,minilm,50,100,0.5046
22,2015,mpnet,pubmedbert,10,100,0.068
22,2015,mpnet,pubmedbert,25,100,0.0836
22,2015,mpnet,pubmedbert,50,100,0.10099999999999999
22,2015,mpnet,biobert,10,100,0.08
22,2015,mpnet,biobert,25,100,0.098
22,2015,mpnet,biobert,50,100,0.1066
22,2015,mpnet,simcse,10,100,0.093
22,2015,mpnet,simcse,25,100,0.1
22,2015,mpnet,simcse,50,100,0.11019999999999999
22,2015,minilm,pubmedbert,10,100,0.068
22,2015,minilm,pubmedbert,25,100,0.0828
22,2015,minilm,pubmedbert,50,100,0.0968
22,2015,minilm,biobert,10,100,0.08299999999999999
22,2015,minilm,biobert,25,100,0.0924
22,2015,minilm,biobert,50,100,0.1074
22,2015,minilm,simcse,10,100,0.089
22,2015,minilm,simcse,25,100,0.1012
22,2015,minilm,simcse,50,100,0.11320000000000001
22,2015,pubmedbert,biobert,10,100,0.279
22,2015,pubmedbert,biobert,25,100,0.3264
22,2015,pubmedbert,biobert,50,100,0.3458
22,2015,pubmedbert,simcse,10,100,0.075
22,2015,pubmedbert,simcse,25,100,0.1032
22,2015,pubmedbert,simcse,50,100,0.1174
22,2015,biobert,simcse,10,100,0.1
22,2015,biobert,simcse,25,100,0.11199999999999999
22,2015,biobert,simcse,50,100,0.1188
22,2020,specter,specter2,10,100,0.258
22,2020,specter,specter2,25,100,0.2784
22,2020,specter,specter2,50,100,0.2968
22,2020,specter,scincl,10,100,0.306
22,2020,specter,scincl,25,100,0.332
22,2020,specter,scincl,50,100,0.3588
22,2020,specter,scibert,10,100,0.10800000000000001
22,2020,specter,scibert,25,100,0.1252
22,2020,specter,scibert,50,100,0.1418
22,2020,specter,bert,10,100,0.073
22,2020,specter,bert,25,100,0.10039999999999999
22,2020,specter,bert,50,100,0.109
22,2020,specter,mpnet,10,100,0.308
22,2020,specter,mpnet,25,100,0.3404
22,2020,specter,mpnet,50,100,0.3494
22,2020,specter,minilm,10,100,0.29900000000000004
22,2020,specter,minilm,25,100,0.3172
22,2020,specter,minilm,50,100,0.3286
22,2020,specter,pubmedbert,10,100,0.08199999999999999
22,2020,specter,pubmedbert,25,100,0.09480000000000001
22,2020,specter,pubmedbert,50,100,0.1148
22,2020,specter,biobert,10,100,0.077
22,2020,specter,biobert,25,100,0.0992
22,2020,specter,biobert,50,100,0.10679999999999999
22,2020,specter,simcse,10,100,0.075
22,2020,specter,simcse,25,100,0.08960000000000001
22,2020,specter,simcse,50,100,0.1094
22,2020,specter2,scincl,10,100,0.3
22,2020,specter2,scincl,25,100,0.3276
22,2020,specter2,scincl,50,100,0.34259999999999996
22,2020,specter2,scibert,10,100,0.10200000000000001
22,2020,specter2,scibert,25,100,0.1284
22,2020,specter2,scibert,50,100,0.1412
22,2020,specter2,bert,10,100,0.064
22,2020,specter2,bert,25,100,0.0812
22,2020,specter2,bert,50,100,0.09519999999999999
22,2020,specter2,mpnet,10,100,0.3
22,2020,specter2,mpnet,25,100,0.324
22,2020,specter2,mpnet,50,100,0.33759999999999996
22,2020,specter2,minilm,10,100,0.255
22,2020,specter2,minilm,25,100,0.2816
22,2020,specter2,minilm,50,100,0.2984
22,2020,specter2,pubmedbert,10,100,0.06999999999999999
22,2020,specter2,pubmedbert,25,100,0.0824
22,2020,specter2,pubmedbert,50,100,0.1032
22,2020,specter2,biobert,10,100,0.06999999999999999
22,2020,specter2,biobert,25,100,0.08560000000000001
22,2020,specter2,biobert,50,100,0.09960000000000001
22,2020,specter2,simcse,10,100,0.08199999999999999
22,2020,specter2,simcse,25,100,0.0836
22,2020,specter2,simcse,50,100,0.0956
22,2020,scincl,scibert,10,100,0.095
22,2020,scincl,scibert,25,100,0.11
22,2020,scincl,scibert,50,100,0.1234
22,2020,scincl,bert,10,100,0.077
22,2020,scincl,bert,25,100,0.0832
22,2020,scincl,bert,50,100,0.094
22,2020,scincl,mpnet,10,100,0.33999999999999997
22,2020,scincl,mpnet,25,100,0.382
22,2020,scincl,mpnet,50,100,0.39280000000000004
22,2020,scincl,minilm,10,100,0.31
22,2020,scincl,minilm,25,100,0.34759999999999996
22,2020,scincl,minilm,50,100,0.3532
22,2020,scincl,pubmedbert,10,100,0.067
22,2020,scincl,pubmedbert,25,100,0.076
22,2020,scincl,pubmedbert,50,100,0.0944
22,2020,scincl,biobert,10,100,0.059
22,2020,scincl,biobert,25,100,0.07719999999999999
22,2020,scincl,biobert,50,100,0.0904
22,2020,scincl,simcse,10,100,0.076
22,2020,scincl,simcse,25,100,0.0812
22,2020,scincl,simcse,50,100,0.0942
22,2020,scibert,bert,10,100,0.188
22,2020,scibert,bert,25,100,0.1984
22,2020,scibert,bert,50,100,0.21739999999999998
22,2020,scibert,mpnet,10,100,0.099
22,2020,scibert,mpnet,25,100,0.1148
22,2020,scibert,mpnet,50,100,0.1268
22,2020,scibert,minilm,10,100,0.10400000000000001
22,2020,scibert,minilm,25,100,0.124
22,2020,scibert,minilm,50,100,0.1324
22,2020,scibert,pubmedbert,10,100,0.307
22,2020,scibert,pubmedbert,25,100,0.33880000000000005
22,2020,scibert,pubmedbert,50,100,0.37439999999999996
22,2020,scibert,biobert,10,100,0.304
22,2020,scibert,biobert,25,100,0.3024
22,2020,scibert,biobert,50,100,0.327
22,2020,scibert,simcse,10,100,0.093
22,2020,scibert,simcse,25,100,0.1108
22,2020,scibert,simcse,50,100,0.1328
22,2020,bert,mpnet,10,100,0.09
22,2020,bert,mpnet,25,100,0.098
22,2020,bert,mpnet,50,100,0.1108
22,2020,bert,minilm,10,100,0.08399999999999999
22,2020,bert,minilm,25,100,0.10400000000000001
22,2020,bert,minilm,50,100,0.11900000000000001
22,2020,bert,pubmedbert,10,100,0.172
22,2020,bert,pubmedbert,25,100,0.19079999999999997
22,2020,bert,pubmedbert,50,100,0.2116
22,2020,bert,biobert,10,100,0.195
22,2020,bert,biobert,25,100,0.2104
22,2020,bert,biobert,50,100,0.22899999999999998
22,2020,bert,simcse,10,100,0.173
22,2020,bert,simcse,25,100,0.20120000000000002
22,2020,bert,simcse,50,100,0.23579999999999998
22,2020,mpnet,minilm,10,100,0.46699999999999997
22,2020,mpnet,minilm,25,100,0.5075999999999999
22,2020,mpnet,minilm,50,100,0.5092
22,2020,mpnet,pubmedbert,10,100,0.071
22,2020,mpnet,pubmedbert,25,100,0.0868
22,2020,mpnet,pubmedbert,50,100,0.10460000000000001
22,2020,mpnet,biobert,10,100,0.076
22,2020,mpnet,biobert,25,100,0.0872
22,2020,mpnet,biobert,50,100,0.1
22,2020,mpnet,simcse,10,100,0.08199999999999999
22,2020,mpnet,simcse,25,100,0.102
22,2020,mpnet,simcse,50,100,0.11699999999999999
22,2020,minilm,pubmedbert,10,100,0.075
22,2020,minilm,pubmedbert,25,100,0.09880000000000001
22,2020,minilm,pubmedbert,50,100,0.10880000000000001
22,2020,minilm,biobert,10,100,0.08199999999999999
22,2020,minilm,biobert,25,100,0.1016
22,2020,minilm,biobert,50,100,0.10800000000000001
22,2020,minilm,simcse,10,100,0.092
22,2020,minilm,simcse,25,100,0.102
22,2020,minilm,simcse,50,100,0.1258
22,2020,pubmedbert,biobert,10,100,0.335
22,2020,pubmedbert,biobert,25,100,0.3456
22,2020,pubmedbert,biobert,50,100,0.365
22,2020,pubmedbert,simcse,10,100,0.088
22,2020,pubmedbert,simcse,25,100,0.1016
22,2020,pubmedbert,simcse,50,100,0.1182
22,2020,biobert,simcse,10,100,0.1
22,2020,biobert,simcse,25,100,0.1124
22,2020,biobert,simcse,50,100,0.1264
23,2000,specter,specter2,10,100,0.181
23,2000,specter,specter2,25,100,0.19920000000000002
23,2000,specter,specter2,50,100,0.2262
23,2000,specter,scincl,10,100,0.308
23,2000,specter,scincl,25,100,0.31679999999999997
23,2000,specter,scincl,50,100,0.34340000000000004
23,2000,specter,scibert,10,100,0.086
23,2000,specter,scibert,25,100,0.1
23,2000,specter,scibert,50,100,0.1182
23,2000,specter,bert,10,100,0.089
23,2000,specter,bert,25,100,0.0928
23,2000,specter,bert,50,100,0.10859999999999999
23,2000,specter,mpnet,10,100,0.267
23,2000,specter,mpnet,25,100,0.2636
23,2000,specter,mpnet,50,100,0.2864
23,2000,specter,minilm,10,100,0.225
23,2000,specter,minilm,25,100,0.23800000000000002
23,2000,specter,minilm,50,100,0.25739999999999996
23,2000,specter,pubmedbert,10,100,0.08
23,2000,specter,pubmedbert,25,100,0.0932
23,2000,specter,pubmedbert,50,100,0.11539999999999999
23,2000,specter,biobert,10,100,0.079
23,2000,specter,biobert,25,100,0.0904
23,2000,specter,biobert,50,100,0.1082
23,2000,specter,simcse,10,100,0.08
23,2000,specter,simcse,25,100,0.0812
23,2000,specter,simcse,50,100,0.095
23,2000,specter2,scincl,10,100,0.242
23,2000,specter2,scincl,25,100,0.2516
23,2000,specter2,scincl,50,100,0.2672
23,2000,specter2,scibert,10,100,0.072
23,2000,specter2,scibert,25,100,0.09880000000000001
23,2000,specter2,scibert,50,100,0.1158
23,2000,specter2,bert,10,100,0.068
23,2000,specter2,bert,25,100,0.0824
23,2000,specter2,bert,50,100,0.0892
23,2000,specter2,mpnet,10,100,0.252
23,2000,specter2,mpnet,25,100,0.248
23,2000,specter2,mpnet,50,100,0.27
23,2000,specter2,minilm,10,100,0.202
23,2000,specter2,minilm,25,100,0.2144
23,2000,specter2,minilm,50,100,0.22640000000000002
23,2000,specter2,pubmedbert,10,100,0.064
23,2000,specter2,pubmedbert,25,100,0.076
23,2000,specter2,pubmedbert,50,100,0.0898
23,2000,specter2,biobert,10,100,0.06999999999999999
23,2000,specter2,biobert,25,100,0.08039999999999999
23,2000,specter2,biobert,50,100,0.0944
23,2000,specter2,simcse,10,100,0.047
23,2000,specter2,simcse,25,100,0.0704
23,2000,specter2,simcse,50,100,0.075
23,2000,scincl,scibert,10,100,0.086
23,2000,scincl,scibert,25,100,0.1048
23,2000,scincl,scibert,50,100,0.1176
23,2000,scincl,bert,10,100,0.081
23,2000,scincl,bert,25,100,0.084
23,2000,scincl,bert,50,100,0.09699999999999999
23,2000,scincl,mpnet,10,100,0.335
23,2000,scincl,mpnet,25,100,0.3232
23,2000,scincl,mpnet,50,100,0.35700000000000004
23,2000,scincl,minilm,10,100,0.27
23,2000,scincl,minilm,25,100,0.2796
23,2000,scincl,minilm,50,100,0.30760000000000004
23,2000,scincl,pubmedbert,10,100,0.076
23,2000,scincl,pubmedbert,25,100,0.0872
23,2000,scincl,pubmedbert,50,100,0.09359999999999999
23,2000,scincl,biobert,10,100,0.072
23,2000,scincl,biobert,25,100,0.0828
23,2000,scincl,biobert,50,100,0.09720000000000001
23,2000,scincl,simcse,10,100,0.068
23,2000,scincl,simcse,25,100,0.0776
23,2000,scincl,simcse,50,100,0.0908
23,2000,scibert,bert,10,100,0.186
23,2000,scibert,bert,25,100,0.2324
23,2000,scibert,bert,50,100,0.24760000000000001
23,2000,scibert,mpnet,10,100,0.074
23,2000,scibert,mpnet,25,100,0.0904
23,2000,scibert,mpnet,50,100,0.1054
23,2000,scibert,minilm,10,100,0.077
23,2000,scibert,minilm,25,100,0.0888
23,2000,scibert,minilm,50,100,0.1112
23,2000,scibert,pubmedbert,10,100,0.378
23,2000,scibert,pubmedbert,25,100,0.3836
23,2000,scibert,pubmedbert,50,100,0.3918
23,2000,scibert,biobert,10,100,0.298
23,2000,scibert,biobert,25,100,0.3256
23,2000,scibert,biobert,50,100,0.35200000000000004
23,2000,scibert,simcse,10,100,0.10900000000000001
23,2000,scibert,simcse,25,100,0.1264
23,2000,scibert,simcse,50,100,0.146
23,2000,bert,mpnet,10,100,0.095
23,2000,bert,mpnet,25,100,0.1076
23,2000,bert,mpnet,50,100,0.11939999999999999
23,2000,bert,minilm,10,100,0.092
23,2000,bert,minilm,25,100,0.1092
23,2000,bert,minilm,50,100,0.12179999999999999
23,2000,bert,pubmedbert,10,100,0.20099999999999998
23,2000,bert,pubmedbert,25,100,0.23440000000000003
23,2000,bert,pubmedbert,50,100,0.25120000000000003
23,2000,bert,biobert,10,100,0.22000000000000003
23,2000,bert,biobert,25,100,0.2408
23,2000,bert,biobert,50,100,0.2564
23,2000,bert,simcse,10,100,0.193
23,2000,bert,simcse,25,100,0.2268
23,2000,bert,simcse,50,100,0.24719999999999998
23,2000,mpnet,minilm,10,100,0.394
23,2000,mpnet,minilm,25,100,0.40399999999999997
23,2000,mpnet,minilm,50,100,0.43079999999999996
23,2000,mpnet,pubmedbert,10,100,0.06999999999999999
23,2000,mpnet,pubmedbert,25,100,0.08
23,2000,mpnet,pubmedbert,50,100,0.10039999999999999
23,2000,mpnet,biobert,10,100,0.075
23,2000,mpnet,biobert,25,100,0.08560000000000001
23,2000,mpnet,biobert,50,100,0.1054
23,2000,mpnet,simcse,10,100,0.087
23,2000,mpnet,simcse,25,100,0.0944
23,2000,mpnet,simcse,50,100,0.1054
23,2000,minilm,pubmedbert,10,100,0.066
23,2000,minilm,pubmedbert,25,100,0.0832
23,2000,minilm,pubmedbert,50,100,0.09939999999999999
23,2000,minilm,biobert,10,100,0.071
23,2000,minilm,biobert,25,100,0.09119999999999999
23,2000,minilm,biobert,50,100,0.10619999999999999
23,2000,minilm,simcse,10,100,0.081
23,2000,minilm,simcse,25,100,0.1008
23,2000,minilm,simcse,50,100,0.1128
23,2000,pubmedbert,biobert,10,100,0.323
23,2000,pubmedbert,biobert,25,100,0.34759999999999996
23,2000,pubmedbert,biobert,50,100,0.377
23,2000,pubmedbert,simcse,10,100,0.10200000000000001
23,2000,pubmedbert,simcse,25,100,0.1276
23,2000,pubmedbert,simcse,50,100,0.1412
23,2000,biobert,simcse,10,100,0.11599999999999999
23,2000,biobert,simcse,25,100,0.134
23,2000,biobert,simcse,50,100,0.1424
23,2005,specter,specter2,10,100,0.174
23,2005,specter,specter2,25,100,0.1848
23,2005,specter,specter2,50,100,0.20379999999999998
23,2005,specter,scincl,10,100,0.29
23,2005,specter,scincl,25,100,0.3332
23,2005,specter,scincl,50,100,0.3504
23,2005,specter,scibert,10,100,0.097
23,2005,specter,scibert,25,100,0.1204
23,2005,specter,scibert,50,100,0.1328
23,2005,specter,bert,10,100,0.073
23,2005,specter,bert,25,100,0.0892
23,2005,specter,bert,50,100,0.114
23,2005,specter,mpnet,10,100,0.22599999999999998
23,2005,specter,mpnet,25,100,0.254
23,2005,specter,mpnet,50,100,0.2944
23,2005,specter,minilm,10,100,0.205
23,2005,specter,minilm,25,100,0.2336
23,2005,specter,minilm,50,100,0.2568
23,2005,specter,pubmedbert,10,100,0.08
23,2005,specter,pubmedbert,25,100,0.106
23,2005,specter,pubmedbert,50,100,0.11720000000000001
23,2005,specter,biobert,10,100,0.08199999999999999
23,2005,specter,biobert,25,100,0.1016
23,2005,specter,biobert,50,100,0.11699999999999999
23,2005,specter,simcse,10,100,0.074
23,2005,specter,simcse,25,100,0.08560000000000001
23,2005,specter,simcse,50,100,0.10400000000000001
23,2005,specter2,scincl,10,100,0.223
23,2005,specter2,scincl,25,100,0.2544
23,2005,specter2,scincl,50,100,0.263
23,2005,specter2,scibert,10,100,0.093
23,2005,specter2,scibert,25,100,0.1116
23,2005,specter2,scibert,50,100,0.1204
23,2005,specter2,bert,10,100,0.072
23,2005,specter2,bert,25,100,0.08560000000000001
23,2005,specter2,bert,50,100,0.0956
23,2005,specter2,mpnet,10,100,0.25
23,2005,specter2,mpnet,25,100,0.2716
23,2005,specter2,mpnet,50,100,0.2816
23,2005,specter2,minilm,10,100,0.219
23,2005,specter2,minilm,25,100,0.2328
23,2005,specter2,minilm,50,100,0.2464
23,2005,specter2,pubmedbert,10,100,0.074
23,2005,specter2,pubmedbert,25,100,0.09119999999999999
23,2005,specter2,pubmedbert,50,100,0.0986
23,2005,specter2,biobert,10,100,0.06899999999999999
23,2005,specter2,biobert,25,100,0.09759999999999999
23,2005,specter2,biobert,50,100,0.1032
23,2005,specter2,simcse,10,100,0.054000000000000006
23,2005,specter2,simcse,25,100,0.07719999999999999
23,2005,specter2,simcse,50,100,0.0842
23,2005,scincl,scibert,10,100,0.094
23,2005,scincl,scibert,25,100,0.1112
23,2005,scincl,scibert,50,100,0.128
23,2005,scincl,bert,10,100,0.08399999999999999
23,2005,scincl,bert,25,100,0.09
23,2005,scincl,bert,50,100,0.1124
23,2005,scincl,mpnet,10,100,0.308
23,2005,scincl,mpnet,25,100,0.3444
23,2005,scincl,mpnet,50,100,0.36200000000000004
23,2005,scincl,minilm,10,100,0.266
23,2005,scincl,minilm,25,100,0.29359999999999997
23,2005,scincl,minilm,50,100,0.3122
23,2005,scincl,pubmedbert,10,100,0.06999999999999999
23,2005,scincl,pubmedbert,25,100,0.0848
23,2005,scincl,pubmedbert,50,100,0.1074
23,2005,scincl,biobert,10,100,0.08499999999999999
23,2005,scincl,biobert,25,100,0.08800000000000001
23,2005,scincl,biobert,50,100,0.1036
23,2005,scincl,simcse,10,100,0.08199999999999999
23,2005,scincl,simcse,25,100,0.08960000000000001
23,2005,scincl,simcse,50,100,0.10300000000000001
23,2005,scibert,bert,10,100,0.21600000000000003
23,2005,scibert,bert,25,100,0.2416
23,2005,scibert,bert,50,100,0.2724
23,2005,scibert,mpnet,10,100,0.078
23,2005,scibert,mpnet,25,100,0.1104
23,2005,scibert,mpnet,50,100,0.13019999999999998
23,2005,scibert,minilm,10,100,0.077
23,2005,scibert,minilm,25,100,0.10279999999999999
23,2005,scibert,minilm,50,100,0.1164
23,2005,scibert,pubmedbert,10,100,0.348
23,2005,scibert,pubmedbert,25,100,0.3732
23,2005,scibert,pubmedbert,50,100,0.406
23,2005,scibert,biobert,10,100,0.306
23,2005,scibert,biobert,25,100,0.3532
23,2005,scibert,biobert,50,100,0.374
23,2005,scibert,simcse,10,100,0.10700000000000001
23,2005,scibert,simcse,25,100,0.1244
23,2005,scibert,simcse,50,100,0.1476
23,2005,bert,mpnet,10,100,0.088
23,2005,bert,mpnet,25,100,0.11320000000000001
23,2005,bert,mpnet,50,100,0.12380000000000001
23,2005,bert,minilm,10,100,0.08299999999999999
23,2005,bert,minilm,25,100,0.1032
23,2005,bert,minilm,50,100,0.1186
23,2005,bert,pubmedbert,10,100,0.202
23,2005,bert,pubmedbert,25,100,0.2288
23,2005,bert,pubmedbert,50,100,0.2634
23,2005,bert,biobert,10,100,0.199
23,2005,bert,biobert,25,100,0.25239999999999996
23,2005,bert,biobert,50,100,0.2696
23,2005,bert,simcse,10,100,0.20299999999999999
23,2005,bert,simcse,25,100,0.21760000000000002
23,2005,bert,simcse,50,100,0.24420000000000003
23,2005,mpnet,minilm,10,100,0.393
23,2005,mpnet,minilm,25,100,0.4164
23,2005,mpnet,minilm,50,100,0.44520000000000004
23,2005,mpnet,pubmedbert,10,100,0.073
23,2005,mpnet,pubmedbert,25,100,0.1008
23,2005,mpnet,pubmedbert,50,100,0.1184
23,2005,mpnet,biobert,10,100,0.08
23,2005,mpnet,biobert,25,100,0.10679999999999999
23,2005,mpnet,biobert,50,100,0.1216
23,2005,mpnet,simcse,10,100,0.08399999999999999
23,2005,mpnet,simcse,25,100,0.0968
23,2005,mpnet,simcse,50,100,0.11320000000000001
23,2005,minilm,pubmedbert,10,100,0.053000000000000005
23,2005,minilm,pubmedbert,25,100,0.086
23,2005,minilm,pubmedbert,50,100,0.1012
23,2005,minilm,biobert,10,100,0.071
23,2005,minilm,biobert,25,100,0.09720000000000001
23,2005,minilm,biobert,50,100,0.107
23,2005,minilm,simcse,10,100,0.08399999999999999
23,2005,minilm,simcse,25,100,0.09759999999999999
23,2005,minilm,simcse,50,100,0.11259999999999999
23,2005,pubmedbert,biobert,10,100,0.307
23,2005,pubmedbert,biobert,25,100,0.36119999999999997
23,2005,pubmedbert,biobert,50,100,0.38780000000000003
23,2005,pubmedbert,simcse,10,100,0.095
23,2005,pubmedbert,simcse,25,100,0.11320000000000001
23,2005,pubmedbert,simcse,50,100,0.13720000000000002
23,2005,biobert,simcse,10,100,0.097
23,2005,biobert,simcse,25,100,0.11800000000000001
23,2005,biobert,simcse,50,100,0.1346
23,2010,specter,specter2,10,100,0.231
23,2010,specter,specter2,25,100,0.24719999999999998
23,2010,specter,specter2,50,100,0.259
23,2010,specter,scincl,10,100,0.319
23,2010,specter,scincl,25,100,0.3576
23,2010,specter,scincl,50,100,0.3704
23,2010,specter,scibert,10,100,0.087
23,2010,specter,scibert,25,100,0.10880000000000001
23,2010,specter,scibert,50,100,0.12140000000000001
23,2010,specter,bert,10,100,0.088
23,2010,specter,bert,25,100,0.098
23,2010,specter,bert,50,100,0.1124
23,2010,specter,mpnet,10,100,0.263
23,2010,specter,mpnet,25,100,0.3004
23,2010,specter,mpnet,50,100,0.3148
23,2010,specter,minilm,10,100,0.248
23,2010,specter,minilm,25,100,0.2836
23,2010,specter,minilm,50,100,0.299
23,2010,specter,pubmedbert,10,100,0.071
23,2010,specter,pubmedbert,25,100,0.0968
23,2010,specter,pubmedbert,50,100,0.1104
23,2010,specter,biobert,10,100,0.081
23,2010,specter,biobert,25,100,0.0992
23,2010,specter,biobert,50,100,0.10880000000000001
23,2010,specter,simcse,10,100,0.071
23,2010,specter,simcse,25,100,0.1036
23,2010,specter,simcse,50,100,0.1112
23,2010,specter2,scincl,10,100,0.263
23,2010,specter2,scincl,25,100,0.27440000000000003
23,2010,specter2,scincl,50,100,0.29359999999999997
23,2010,specter2,scibert,10,100,0.097
23,2010,specter2,scibert,25,100,0.1152
23,2010,specter2,scibert,50,100,0.1284
23,2010,specter2,bert,10,100,0.079
23,2010,specter2,bert,25,100,0.0968
23,2010,specter2,bert,50,100,0.106
23,2010,specter2,mpnet,10,100,0.3
23,2010,specter2,mpnet,25,100,0.3096
23,2010,specter2,mpnet,50,100,0.3152
23,2010,specter2,minilm,10,100,0.24500000000000002
23,2010,specter2,minilm,25,100,0.2556
23,2010,specter2,minilm,50,100,0.26539999999999997
23,2010,specter2,pubmedbert,10,100,0.086
23,2010,specter2,pubmedbert,25,100,0.0868
23,2010,specter2,pubmedbert,50,100,0.1014
23,2010,specter2,biobert,10,100,0.088
23,2010,specter2,biobert,25,100,0.0932
23,2010,specter2,biobert,50,100,0.111
23,2010,specter2,simcse,10,100,0.064
23,2010,specter2,simcse,25,100,0.08839999999999999
23,2010,specter2,simcse,50,100,0.09880000000000001
23,2010,scincl,scibert,10,100,0.087
23,2010,scincl,scibert,25,100,0.1124
23,2010,scincl,scibert,50,100,0.1264
23,2010,scincl,bert,10,100,0.091
23,2010,scincl,bert,25,100,0.1024
23,2010,scincl,bert,50,100,0.1134
23,2010,scincl,mpnet,10,100,0.309
23,2010,scincl,mpnet,25,100,0.35960000000000003
23,2010,scincl,mpnet,50,100,0.37439999999999996
23,2010,scincl,minilm,10,100,0.29
23,2010,scincl,minilm,25,100,0.32799999999999996
23,2010,scincl,minilm,50,100,0.33759999999999996
23,2010,scincl,pubmedbert,10,100,0.067
23,2010,scincl,pubmedbert,25,100,0.09
23,2010,scincl,pubmedbert,50,100,0.1082
23,2010,scincl,biobert,10,100,0.071
23,2010,scincl,biobert,25,100,0.1012
23,2010,scincl,biobert,50,100,0.1112
23,2010,scincl,simcse,10,100,0.088
23,2010,scincl,simcse,25,100,0.1016
23,2010,scincl,simcse,50,100,0.113
23,2010,scibert,bert,10,100,0.229
23,2010,scibert,bert,25,100,0.2548
23,2010,scibert,bert,50,100,0.2644
23,2010,scibert,mpnet,10,100,0.098
23,2010,scibert,mpnet,25,100,0.1176
23,2010,scibert,mpnet,50,100,0.1264
23,2010,scibert,minilm,10,100,0.079
23,2010,scibert,minilm,25,100,0.1084
23,2010,scibert,minilm,50,100,0.124
23,2010,scibert,pubmedbert,10,100,0.32999999999999996
23,2010,scibert,pubmedbert,25,100,0.37520000000000003
23,2010,scibert,pubmedbert,50,100,0.4028
23,2010,scibert,biobert,10,100,0.312
23,2010,scibert,biobert,25,100,0.3504
23,2010,scibert,biobert,50,100,0.36579999999999996
23,2010,scibert,simcse,10,100,0.088
23,2010,scibert,simcse,25,100,0.1176
23,2010,scibert,simcse,50,100,0.1356
23,2010,bert,mpnet,10,100,0.11000000000000001
23,2010,bert,mpnet,25,100,0.1332
23,2010,bert,mpnet,50,100,0.1442
23,2010,bert,minilm,10,100,0.098
23,2010,bert,minilm,25,100,0.11960000000000001
23,2010,bert,minilm,50,100,0.14
23,2010,bert,pubmedbert,10,100,0.215
23,2010,bert,pubmedbert,25,100,0.2348
23,2010,bert,pubmedbert,50,100,0.2614
23,2010,bert,biobert,10,100,0.23399999999999999
23,2010,bert,biobert,25,100,0.25079999999999997
23,2010,bert,biobert,50,100,0.2816
23,2010,bert,simcse,10,100,0.158
23,2010,bert,simcse,25,100,0.1984
23,2010,bert,simcse,50,100,0.225
23,2010,mpnet,minilm,10,100,0.41900000000000004
23,2010,mpnet,minilm,25,100,0.4576
23,2010,mpnet,minilm,50,100,0.4756
23,2010,mpnet,pubmedbert,10,100,0.081
23,2010,mpnet,pubmedbert,25,100,0.0992
23,2010,mpnet,pubmedbert,50,100,0.1168
23,2010,mpnet,biobert,10,100,0.10300000000000001
23,2010,mpnet,biobert,25,100,0.1164
23,2010,mpnet,biobert,50,100,0.1322
23,2010,mpnet,simcse,10,100,0.08299999999999999
23,2010,mpnet,simcse,25,100,0.1148
23,2010,mpnet,simcse,50,100,0.1282
23,2010,minilm,pubmedbert,10,100,0.072
23,2010,minilm,pubmedbert,25,100,0.092
23,2010,minilm,pubmedbert,50,100,0.1148
23,2010,minilm,biobert,10,100,0.08299999999999999
23,2010,minilm,biobert,25,100,0.10640000000000001
23,2010,minilm,biobert,50,100,0.1202
23,2010,minilm,simcse,10,100,0.097
23,2010,minilm,simcse,25,100,0.1192
23,2010,minilm,simcse,50,100,0.1392
23,2010,pubmedbert,biobert,10,100,0.325
23,2010,pubmedbert,biobert,25,100,0.36200000000000004
23,2010,pubmedbert,biobert,50,100,0.39659999999999995
23,2010,pubmedbert,simcse,10,100,0.08399999999999999
23,2010,pubmedbert,simcse,25,100,0.10679999999999999
23,2010,pubmedbert,simcse,50,100,0.1286
23,2010,biobert,simcse,10,100,0.08199999999999999
23,2010,biobert,simcse,25,100,0.1108
23,2010,biobert,simcse,50,100,0.1326
23,2015,specter,specter2,10,100,0.23900000000000002
23,2015,specter,specter2,25,100,0.2556
23,2015,specter,specter2,50,100,0.26
23,2015,specter,scincl,10,100,0.337
23,2015,specter,scincl,25,100,0.38439999999999996
23,2015,specter,scincl,50,100,0.389
23,2015,specter,scibert,10,100,0.126
23,2015,specter,scibert,25,100,0.1484
23,2015,specter,scibert,50,100,0.1592
23,2015,specter,bert,10,100,0.10600000000000001
23,2015,specter,bert,25,100,0.1348
23,2015,specter,bert,50,100,0.1386
23,2015,specter,mpnet,10,100,0.27999999999999997
23,2015,specter,mpnet,25,100,0.32159999999999994
23,2015,specter,mpnet,50,100,0.3312
23,2015,specter,minilm,10,100,0.266
23,2015,specter,minilm,25,100,0.284
23,2015,specter,minilm,50,100,0.2934
23,2015,specter,pubmedbert,10,100,0.11200000000000002
23,2015,specter,pubmedbert,25,100,0.1276
23,2015,specter,pubmedbert,50,100,0.1348
23,2015,specter,biobert,10,100,0.11699999999999999
23,2015,specter,biobert,25,100,0.1264
23,2015,specter,biobert,50,100,0.1422
23,2015,specter,simcse,10,100,0.093
23,2015,specter,simcse,25,100,0.1104
23,2015,specter,simcse,50,100,0.1284
23,2015,specter2,scincl,10,100,0.274
23,2015,specter2,scincl,25,100,0.29719999999999996
23,2015,specter2,scincl,50,100,0.306
23,2015,specter2,scibert,10,100,0.119
23,2015,specter2,scibert,25,100,0.1332
23,2015,specter2,scibert,50,100,0.142
23,2015,specter2,bert,10,100,0.10400000000000001
23,2015,specter2,bert,25,100,0.11720000000000001
23,2015,specter2,bert,50,100,0.12140000000000001
23,2015,specter2,mpnet,10,100,0.315
23,2015,specter2,mpnet,25,100,0.3212
23,2015,specter2,mpnet,50,100,0.3224
23,2015,specter2,minilm,10,100,0.277
23,2015,specter2,minilm,25,100,0.2796
23,2015,specter2,minilm,50,100,0.2834
23,2015,specter2,pubmedbert,10,100,0.11299999999999999
23,2015,specter2,pubmedbert,25,100,0.1208
23,2015,specter2,pubmedbert,50,100,0.1148
23,2015,specter2,biobert,10,100,0.119
23,2015,specter2,biobert,25,100,0.1268
23,2015,specter2,biobert,50,100,0.1266
23,2015,specter2,simcse,10,100,0.087
23,2015,specter2,simcse,25,100,0.102
23,2015,specter2,simcse,50,100,0.10460000000000001
23,2015,scincl,scibert,10,100,0.129
23,2015,scincl,scibert,25,100,0.1388
23,2015,scincl,scibert,50,100,0.14880000000000002
23,2015,scincl,bert,10,100,0.101
23,2015,scincl,bert,25,100,0.1244
23,2015,scincl,bert,50,100,0.127
23,2015,scincl,mpnet,10,100,0.357
23,2015,scincl,mpnet,25,100,0.384
23,2015,scincl,mpnet,50,100,0.3948
23,2015,scincl,minilm,10,100,0.331
23,2015,scincl,minilm,25,100,0.3404
23,2015,scincl,minilm,50,100,0.33399999999999996
23,2015,scincl,pubmedbert,10,100,0.119
23,2015,scincl,pubmedbert,25,100,0.1304
23,2015,scincl,pubmedbert,50,100,0.126
23,2015,scincl,biobert,10,100,0.121
23,2015,scincl,biobert,25,100,0.1264
23,2015,scincl,biobert,50,100,0.1324
23,2015,scincl,simcse,10,100,0.101
23,2015,scincl,simcse,25,100,0.10679999999999999
23,2015,scincl,simcse,50,100,0.1174
23,2015,scibert,bert,10,100,0.229
23,2015,scibert,bert,25,100,0.2648
23,2015,scibert,bert,50,100,0.2788
23,2015,scibert,mpnet,10,100,0.11499999999999999
23,2015,scibert,mpnet,25,100,0.1336
23,2015,scibert,mpnet,50,100,0.1502
23,2015,scibert,minilm,10,100,0.11399999999999999
23,2015,scibert,minilm,25,100,0.1272
23,2015,scibert,minilm,50,100,0.139
23,2015,scibert,pubmedbert,10,100,0.372
23,2015,scibert,pubmedbert,25,100,0.38880000000000003
23,2015,scibert,pubmedbert,50,100,0.4094
23,2015,scibert,biobert,10,100,0.33599999999999997
23,2015,scibert,biobert,25,100,0.3668
23,2015,scibert,biobert,50,100,0.387
23,2015,scibert,simcse,10,100,0.10600000000000001
23,2015,scibert,simcse,25,100,0.1448
23,2015,scibert,simcse,50,100,0.1602
23,2015,bert,mpnet,10,100,0.119
23,2015,bert,mpnet,25,100,0.13
23,2015,bert,mpnet,50,100,0.1514
23,2015,bert,minilm,10,100,0.123
23,2015,bert,minilm,25,100,0.1396
23,2015,bert,minilm,50,100,0.1572
23,2015,bert,pubmedbert,10,100,0.24300000000000002
23,2015,bert,pubmedbert,25,100,0.2528
23,2015,bert,pubmedbert,50,100,0.27
23,2015,bert,biobert,10,100,0.252
23,2015,bert,biobert,25,100,0.2728
23,2015,bert,biobert,50,100,0.2894
23,2015,bert,simcse,10,100,0.207
23,2015,bert,simcse,25,100,0.24760000000000001
23,2015,bert,simcse,50,100,0.26239999999999997
23,2015,mpnet,minilm,10,100,0.445
23,2015,mpnet,minilm,25,100,0.4632
23,2015,mpnet,minilm,50,100,0.4746
23,2015,mpnet,pubmedbert,10,100,0.132
23,2015,mpnet,pubmedbert,25,100,0.1368
23,2015,mpnet,pubmedbert,50,100,0.1402
23,2015,mpnet,biobert,10,100,0.127
23,2015,mpnet,biobert,25,100,0.1336
23,2015,mpnet,biobert,50,100,0.1472
23,2015,mpnet,simcse,10,100,0.11399999999999999
23,2015,mpnet,simcse,25,100,0.1184
23,2015,mpnet,simcse,50,100,0.1328
23,2015,minilm,pubmedbert,10,100,0.11599999999999999
23,2015,minilm,pubmedbert,25,100,0.126
23,2015,minilm,pubmedbert,50,100,0.1322
23,2015,minilm,biobert,10,100,0.122
23,2015,minilm,biobert,25,100,0.13
23,2015,minilm,biobert,50,100,0.14300000000000002
23,2015,minilm,simcse,10,100,0.11200000000000002
23,2015,minilm,simcse,25,100,0.1348
23,2015,minilm,simcse,50,100,0.1432
23,2015,pubmedbert,biobert,10,100,0.362
23,2015,pubmedbert,biobert,25,100,0.38280000000000003
23,2015,pubmedbert,biobert,50,100,0.40619999999999995
23,2015,pubmedbert,simcse,10,100,0.11200000000000002
23,2015,pubmedbert,simcse,25,100,0.1348
23,2015,pubmedbert,simcse,50,100,0.1472
23,2015,biobert,simcse,10,100,0.11299999999999999
23,2015,biobert,simcse,25,100,0.1408
23,2015,biobert,simcse,50,100,0.15560000000000002
23,2020,specter,specter2,10,100,0.23900000000000002
23,2020,specter,specter2,25,100,0.2464
23,2020,specter,specter2,50,100,0.25980000000000003
23,2020,specter,scincl,10,100,0.32999999999999996
23,2020,specter,scincl,25,100,0.3532
23,2020,specter,scincl,50,100,0.37420000000000003
23,2020,specter,scibert,10,100,0.10700000000000001
23,2020,specter,scibert,25,100,0.1188
23,2020,specter,scibert,50,100,0.1356
23,2020,specter,bert,10,100,0.098
23,2020,specter,bert,25,100,0.12119999999999999
23,2020,specter,bert,50,100,0.13699999999999998
23,2020,specter,mpnet,10,100,0.29100000000000004
23,2020,specter,mpnet,25,100,0.3124
23,2020,specter,mpnet,50,100,0.3308
23,2020,specter,minilm,10,100,0.24100000000000002
23,2020,specter,minilm,25,100,0.2804
23,2020,specter,minilm,50,100,0.2908
23,2020,specter,pubmedbert,10,100,0.079
23,2020,specter,pubmedbert,25,100,0.1008
23,2020,specter,pubmedbert,50,100,0.1116
23,2020,specter,biobert,10,100,0.092
23,2020,specter,biobert,25,100,0.1124
23,2020,specter,biobert,50,100,0.12119999999999999
23,2020,specter,simcse,10,100,0.089
23,2020,specter,simcse,25,100,0.1144
23,2020,specter,simcse,50,100,0.11900000000000001
23,2020,specter2,scincl,10,100,0.266
23,2020,specter2,scincl,25,100,0.2888
23,2020,specter2,scincl,50,100,0.30260000000000004
23,2020,specter2,scibert,10,100,0.11000000000000001
23,2020,specter2,scibert,25,100,0.11560000000000001
23,2020,specter2,scibert,50,100,0.1358
23,2020,specter2,bert,10,100,0.089
23,2020,specter2,bert,25,100,0.1076
23,2020,specter2,bert,50,100,0.121
23,2020,specter2,mpnet,10,100,0.281
23,2020,specter2,mpnet,25,100,0.31679999999999997
23,2020,specter2,mpnet,50,100,0.327
23,2020,specter2,minilm,10,100,0.22599999999999998
23,2020,specter2,minilm,25,100,0.2656
23,2020,specter2,minilm,50,100,0.2708
23,2020,specter2,pubmedbert,10,100,0.08199999999999999
23,2020,specter2,pubmedbert,25,100,0.08800000000000001
23,2020,specter2,pubmedbert,50,100,0.107
23,2020,specter2,biobert,10,100,0.088
23,2020,specter2,biobert,25,100,0.1
23,2020,specter2,biobert,50,100,0.1128
23,2020,specter2,simcse,10,100,0.074
23,2020,specter2,simcse,25,100,0.094
23,2020,specter2,simcse,50,100,0.1076
23,2020,scincl,scibert,10,100,0.096
23,2020,scincl,scibert,25,100,0.122
23,2020,scincl,scibert,50,100,0.1322
23,2020,scincl,bert,10,100,0.094
23,2020,scincl,bert,25,100,0.1144
23,2020,scincl,bert,50,100,0.1242
23,2020,scincl,mpnet,10,100,0.317
23,2020,scincl,mpnet,25,100,0.3564
23,2020,scincl,mpnet,50,100,0.381
23,2020,scincl,minilm,10,100,0.24900000000000003
23,2020,scincl,minilm,25,100,0.30079999999999996
23,2020,scincl,minilm,50,100,0.32539999999999997
23,2020,scincl,pubmedbert,10,100,0.06999999999999999
23,2020,scincl,pubmedbert,25,100,0.084
23,2020,scincl,pubmedbert,50,100,0.102
23,2020,scincl,biobert,10,100,0.08399999999999999
23,2020,scincl,biobert,25,100,0.1052
23,2020,scincl,biobert,50,100,0.115
23,2020,scincl,simcse,10,100,0.087
23,2020,scincl,simcse,25,100,0.1048
23,2020,scincl,simcse,50,100,0.11960000000000001
23,2020,scibert,bert,10,100,0.23900000000000002
23,2020,scibert,bert,25,100,0.2612
23,2020,scibert,bert,50,100,0.29359999999999997
23,2020,scibert,mpnet,10,100,0.10400000000000001
23,2020,scibert,mpnet,25,100,0.1204
23,2020,scibert,mpnet,50,100,0.1426
23,2020,scibert,minilm,10,100,0.087
23,2020,scibert,minilm,25,100,0.11199999999999999
23,2020,scibert,minilm,50,100,0.1288
23,2020,scibert,pubmedbert,10,100,0.361
23,2020,scibert,pubmedbert,25,100,0.396
23,2020,scibert,pubmedbert,50,100,0.43060000000000004
23,2020,scibert,biobert,10,100,0.343
23,2020,scibert,biobert,25,100,0.3776
23,2020,scibert,biobert,50,100,0.3994
23,2020,scibert,simcse,10,100,0.10700000000000001
23,2020,scibert,simcse,25,100,0.1404
23,2020,scibert,simcse,50,100,0.166
23,2020,bert,mpnet,10,100,0.125
23,2020,bert,mpnet,25,100,0.15039999999999998
23,2020,bert,mpnet,50,100,0.1606
23,2020,bert,minilm,10,100,0.11100000000000002
23,2020,bert,minilm,25,100,0.13
23,2020,bert,minilm,50,100,0.14859999999999998
23,2020,bert,pubmedbert,10,100,0.244
23,2020,bert,pubmedbert,25,100,0.2452
23,2020,bert,pubmedbert,50,100,0.26899999999999996
23,2020,bert,biobert,10,100,0.256
23,2020,bert,biobert,25,100,0.2888
23,2020,bert,biobert,50,100,0.3034
23,2020,bert,simcse,10,100,0.192
23,2020,bert,simcse,25,100,0.2332
23,2020,bert,simcse,50,100,0.2596
23,2020,mpnet,minilm,10,100,0.396
23,2020,mpnet,minilm,25,100,0.4448
23,2020,mpnet,minilm,50,100,0.479
23,2020,mpnet,pubmedbert,10,100,0.095
23,2020,mpnet,pubmedbert,25,100,0.09880000000000001
23,2020,mpnet,pubmedbert,50,100,0.12
23,2020,mpnet,biobert,10,100,0.10900000000000001
23,2020,mpnet,biobert,25,100,0.12
23,2020,mpnet,biobert,50,100,0.1354
23,2020,mpnet,simcse,10,100,0.1
23,2020,mpnet,simcse,25,100,0.1268
23,2020,mpnet,simcse,50,100,0.1432
23,2020,minilm,pubmedbert,10,100,0.088
23,2020,minilm,pubmedbert,25,100,0.09480000000000001
23,2020,minilm,pubmedbert,50,100,0.1118
23,2020,minilm,biobert,10,100,0.092
23,2020,minilm,biobert,25,100,0.11199999999999999
23,2020,minilm,biobert,50,100,0.1274
23,2020,minilm,simcse,10,100,0.11499999999999999
23,2020,minilm,simcse,25,100,0.1292
23,2020,minilm,simcse,50,100,0.145
23,2020,pubmedbert,biobert,10,100,0.335
23,2020,pubmedbert,biobert,25,100,0.37079999999999996
23,2020,pubmedbert,biobert,50,100,0.4028
23,2020,pubmedbert,simcse,10,100,0.11100000000000002
23,2020,pubmedbert,simcse,25,100,0.12480000000000001
23,2020,pubmedbert,simcse,50,100,0.1446
23,2020,biobert,simcse,10,100,0.12
23,2020,biobert,simcse,25,100,0.12960000000000002
23,2020,biobert,simcse,50,100,0.152
24,2000,specter,specter2,10,100,0.24
24,2000,specter,specter2,25,100,0.24480000000000002
24,2000,specter,specter2,50,100,0.2662
24,2000,specter,scincl,10,100,0.358
24,2000,specter,scincl,25,100,0.3712
24,2000,specter,scincl,50,100,0.3822
24,2000,specter,scibert,10,100,0.13
24,2000,specter,scibert,25,100,0.14279999999999998
24,2000,specter,scibert,50,100,0.1638
24,2000,specter,bert,10,100,0.067
24,2000,specter,bert,25,100,0.0692
24,2000,specter,bert,50,100,0.0828
24,2000,specter,mpnet,10,100,0.323
24,2000,specter,mpnet,25,100,0.3528
24,2000,specter,mpnet,50,100,0.3522
24,2000,specter,minilm,10,100,0.265
24,2000,specter,minilm,25,100,0.29960000000000003
24,2000,specter,minilm,50,100,0.30260000000000004
24,2000,specter,pubmedbert,10,100,0.10700000000000001
24,2000,specter,pubmedbert,25,100,0.1336
24,2000,specter,pubmedbert,50,100,0.1438
24,2000,specter,biobert,10,100,0.142
24,2000,specter,biobert,25,100,0.1648
24,2000,specter,biobert,50,100,0.1818
24,2000,specter,simcse,10,100,0.04
24,2000,specter,simcse,25,100,0.053200000000000004
24,2000,specter,simcse,50,100,0.0632
24,2000,specter2,scincl,10,100,0.288
24,2000,specter2,scincl,25,100,0.3
24,2000,specter2,scincl,50,100,0.3218
24,2000,specter2,scibert,10,100,0.099
24,2000,specter2,scibert,25,100,0.1048
24,2000,specter2,scibert,50,100,0.114
24,2000,specter2,bert,10,100,0.045
24,2000,specter2,bert,25,100,0.048
24,2000,specter2,bert,50,100,0.054000000000000006
24,2000,specter2,mpnet,10,100,0.29300000000000004
24,2000,specter2,mpnet,25,100,0.29600000000000004
24,2000,specter2,mpnet,50,100,0.3036
24,2000,specter2,minilm,10,100,0.267
24,2000,specter2,minilm,25,100,0.2644
24,2000,specter2,minilm,50,100,0.2736
24,2000,specter2,pubmedbert,10,100,0.076
24,2000,specter2,pubmedbert,25,100,0.0848
24,2000,specter2,pubmedbert,50,100,0.0958
24,2000,specter2,biobert,10,100,0.095
24,2000,specter2,biobert,25,100,0.10800000000000001
24,2000,specter2,biobert,50,100,0.1244
24,2000,specter2,simcse,10,100,0.033
24,2000,specter2,simcse,25,100,0.037599999999999995
24,2000,specter2,simcse,50,100,0.0404
24,2000,scincl,scibert,10,100,0.10900000000000001
24,2000,scincl,scibert,25,100,0.1204
24,2000,scincl,scibert,50,100,0.1392
24,2000,scincl,bert,10,100,0.061
24,2000,scincl,bert,25,100,0.0576
24,2000,scincl,bert,50,100,0.06480000000000001
24,2000,scincl,mpnet,10,100,0.398
24,2000,scincl,mpnet,25,100,0.43079999999999996
24,2000,scincl,mpnet,50,100,0.4314
24,2000,scincl,minilm,10,100,0.355
24,2000,scincl,minilm,25,100,0.376
24,2000,scincl,minilm,50,100,0.3768
24,2000,scincl,pubmedbert,10,100,0.099
24,2000,scincl,pubmedbert,25,100,0.114
24,2000,scincl,pubmedbert,50,100,0.1266
24,2000,scincl,biobert,10,100,0.11000000000000001
24,2000,scincl,biobert,25,100,0.1244
24,2000,scincl,biobert,50,100,0.1424
24,2000,scincl,simcse,10,100,0.038
24,2000,scincl,simcse,25,100,0.046
24,2000,scincl,simcse,50,100,0.0536
24,2000,scibert,bert,10,100,0.184
24,2000,scibert,bert,25,100,0.19440000000000002
24,2000,scibert,bert,50,100,0.215
24,2000,scibert,mpnet,10,100,0.097
24,2000,scibert,mpnet,25,100,0.11199999999999999
24,2000,scibert,mpnet,50,100,0.1294
24,2000,scibert,minilm,10,100,0.098
24,2000,scibert,minilm,25,100,0.1036
24,2000,scibert,minilm,50,100,0.1192
24,2000,scibert,pubmedbert,10,100,0.391
24,2000,scibert,pubmedbert,25,100,0.424
24,2000,scibert,pubmedbert,50,100,0.4458
24,2000,scibert,biobert,10,100,0.359
24,2000,scibert,biobert,25,100,0.3992
24,2000,scibert,biobert,50,100,0.41759999999999997
24,2000,scibert,simcse,10,100,0.087
24,2000,scibert,simcse,25,100,0.09759999999999999
24,2000,scibert,simcse,50,100,0.1082
24,2000,bert,mpnet,10,100,0.05600000000000001
24,2000,bert,mpnet,25,100,0.06480000000000001
24,2000,bert,mpnet,50,100,0.07400000000000001
24,2000,bert,minilm,10,100,0.068
24,2000,bert,minilm,25,100,0.0596
24,2000,bert,minilm,50,100,0.0724
24,2000,bert,pubmedbert,10,100,0.159
24,2000,bert,pubmedbert,25,100,0.174
24,2000,bert,pubmedbert,50,100,0.19140000000000001
24,2000,bert,biobert,10,100,0.192
24,2000,bert,biobert,25,100,0.21760000000000002
24,2000,bert,biobert,50,100,0.2298
24,2000,bert,simcse,10,100,0.128
24,2000,bert,simcse,25,100,0.154
24,2000,bert,simcse,50,100,0.18100000000000002
24,2000,mpnet,minilm,10,100,0.47400000000000003
24,2000,mpnet,minilm,25,100,0.47159999999999996
24,2000,mpnet,minilm,50,100,0.4844
24,2000,mpnet,pubmedbert,10,100,0.08499999999999999
24,2000,mpnet,pubmedbert,25,100,0.10800000000000001
24,2000,mpnet,pubmedbert,50,100,0.11939999999999999
24,2000,mpnet,biobert,10,100,0.11200000000000002
24,2000,mpnet,biobert,25,100,0.1268
24,2000,mpnet,biobert,50,100,0.1422
24,2000,mpnet,simcse,10,100,0.028999999999999998
24,2000,mpnet,simcse,25,100,0.046
24,2000,mpnet,simcse,50,100,0.0542
24,2000,minilm,pubmedbert,10,100,0.092
24,2000,minilm,pubmedbert,25,100,0.0964
24,2000,minilm,pubmedbert,50,100,0.1084
24,2000,minilm,biobert,10,100,0.10700000000000001
24,2000,minilm,biobert,25,100,0.1192
24,2000,minilm,biobert,50,100,0.1328
24,2000,minilm,simcse,10,100,0.033
24,2000,minilm,simcse,25,100,0.0516
24,2000,minilm,simcse,50,100,0.059000000000000004
24,2000,pubmedbert,biobert,10,100,0.35
24,2000,pubmedbert,biobert,25,100,0.39840000000000003
24,2000,pubmedbert,biobert,50,100,0.41479999999999995
24,2000,pubmedbert,simcse,10,100,0.078
24,2000,pubmedbert,simcse,25,100,0.09480000000000001
24,2000,pubmedbert,simcse,50,100,0.1032
24,2000,biobert,simcse,10,100,0.08499999999999999
24,2000,biobert,simcse,25,100,0.0968
24,2000,biobert,simcse,50,100,0.1104
24,2005,specter,specter2,10,100,0.22400000000000003
24,2005,specter,specter2,25,100,0.2384
24,2005,specter,specter2,50,100,0.2516
24,2005,specter,scincl,10,100,0.357
24,2005,specter,scincl,25,100,0.3736
24,2005,specter,scincl,50,100,0.37420000000000003
24,2005,specter,scibert,10,100,0.118
24,2005,specter,scibert,25,100,0.13119999999999998
24,2005,specter,scibert,50,100,0.1532
24,2005,specter,bert,10,100,0.059
24,2005,specter,bert,25,100,0.0732
24,2005,specter,bert,50,100,0.08960000000000001
24,2005,specter,mpnet,10,100,0.281
24,2005,specter,mpnet,25,100,0.294
24,2005,specter,mpnet,50,100,0.3196
24,2005,specter,minilm,10,100,0.269
24,2005,specter,minilm,25,100,0.27440000000000003
24,2005,specter,minilm,50,100,0.2782
24,2005,specter,pubmedbert,10,100,0.10800000000000001
24,2005,specter,pubmedbert,25,100,0.1168
24,2005,specter,pubmedbert,50,100,0.1336
24,2005,specter,biobert,10,100,0.137
24,2005,specter,biobert,25,100,0.1404
24,2005,specter,biobert,50,100,0.1576
24,2005,specter,simcse,10,100,0.041999999999999996
24,2005,specter,simcse,25,100,0.0576
24,2005,specter,simcse,50,100,0.06559999999999999
24,2005,specter2,scincl,10,100,0.27599999999999997
24,2005,specter2,scincl,25,100,0.2952
24,2005,specter2,scincl,50,100,0.3066
24,2005,specter2,scibert,10,100,0.093
24,2005,specter2,scibert,25,100,0.1
24,2005,specter2,scibert,50,100,0.1076
24,2005,specter2,bert,10,100,0.041999999999999996
24,2005,specter2,bert,25,100,0.053200000000000004
24,2005,specter2,bert,50,100,0.0608
24,2005,specter2,mpnet,10,100,0.263
24,2005,specter2,mpnet,25,100,0.27399999999999997
24,2005,specter2,mpnet,50,100,0.2818
24,2005,specter2,minilm,10,100,0.256
24,2005,specter2,minilm,25,100,0.2504
24,2005,specter2,minilm,50,100,0.2444
24,2005,specter2,pubmedbert,10,100,0.075
24,2005,specter2,pubmedbert,25,100,0.08800000000000001
24,2005,specter2,pubmedbert,50,100,0.0892
24,2005,specter2,biobert,10,100,0.09
24,2005,specter2,biobert,25,100,0.09960000000000001
24,2005,specter2,biobert,50,100,0.1048
24,2005,specter2,simcse,10,100,0.039
24,2005,specter2,simcse,25,100,0.0472
24,2005,specter2,simcse,50,100,0.0496
24,2005,scincl,scibert,10,100,0.1
24,2005,scincl,scibert,25,100,0.1116
24,2005,scincl,scibert,50,100,0.12960000000000002
24,2005,scincl,bert,10,100,0.041999999999999996
24,2005,scincl,bert,25,100,0.0688
24,2005,scincl,bert,50,100,0.0708
24,2005,scincl,mpnet,10,100,0.392
24,2005,scincl,mpnet,25,100,0.39520000000000005
24,2005,scincl,mpnet,50,100,0.4106
24,2005,scincl,minilm,10,100,0.366
24,2005,scincl,minilm,25,100,0.36119999999999997
24,2005,scincl,minilm,50,100,0.3626
24,2005,scincl,pubmedbert,10,100,0.086
24,2005,scincl,pubmedbert,25,100,0.11
24,2005,scincl,pubmedbert,50,100,0.11599999999999999
24,2005,scincl,biobert,10,100,0.101
24,2005,scincl,biobert,25,100,0.122
24,2005,scincl,biobert,50,100,0.1318
24,2005,scincl,simcse,10,100,0.045
24,2005,scincl,simcse,25,100,0.0492
24,2005,scincl,simcse,50,100,0.057800000000000004
24,2005,scibert,bert,10,100,0.153
24,2005,scibert,bert,25,100,0.1864
24,2005,scibert,bert,50,100,0.221
24,2005,scibert,mpnet,10,100,0.095
24,2005,scibert,mpnet,25,100,0.09880000000000001
24,2005,scibert,mpnet,50,100,0.1158
24,2005,scibert,minilm,10,100,0.089
24,2005,scibert,minilm,25,100,0.0956
24,2005,scibert,minilm,50,100,0.11220000000000001
24,2005,scibert,pubmedbert,10,100,0.35
24,2005,scibert,pubmedbert,25,100,0.3788
24,2005,scibert,pubmedbert,50,100,0.4044
24,2005,scibert,biobert,10,100,0.344
24,2005,scibert,biobert,25,100,0.37520000000000003
24,2005,scibert,biobert,50,100,0.4064
24,2005,scibert,simcse,10,100,0.076
24,2005,scibert,simcse,25,100,0.08839999999999999
24,2005,scibert,simcse,50,100,0.105
24,2005,bert,mpnet,10,100,0.05500000000000001
24,2005,bert,mpnet,25,100,0.07
24,2005,bert,mpnet,50,100,0.077
24,2005,bert,minilm,10,100,0.05600000000000001
24,2005,bert,minilm,25,100,0.0692
24,2005,bert,minilm,50,100,0.07719999999999999
24,2005,bert,pubmedbert,10,100,0.131
24,2005,bert,pubmedbert,25,100,0.1624
24,2005,bert,pubmedbert,50,100,0.1886
24,2005,bert,biobert,10,100,0.178
24,2005,bert,biobert,25,100,0.214
24,2005,bert,biobert,50,100,0.23379999999999998
24,2005,bert,simcse,10,100,0.11000000000000001
24,2005,bert,simcse,25,100,0.142
24,2005,bert,simcse,50,100,0.16440000000000002
24,2005,mpnet,minilm,10,100,0.471
24,2005,mpnet,minilm,25,100,0.4788
24,2005,mpnet,minilm,50,100,0.46619999999999995
24,2005,mpnet,pubmedbert,10,100,0.097
24,2005,mpnet,pubmedbert,25,100,0.1056
24,2005,mpnet,pubmedbert,50,100,0.11359999999999999
24,2005,mpnet,biobert,10,100,0.10600000000000001
24,2005,mpnet,biobert,25,100,0.11359999999999999
24,2005,mpnet,biobert,50,100,0.1264
24,2005,mpnet,simcse,10,100,0.041999999999999996
24,2005,mpnet,simcse,25,100,0.052000000000000005
24,2005,mpnet,simcse,50,100,0.060599999999999994
24,2005,minilm,pubmedbert,10,100,0.086
24,2005,minilm,pubmedbert,25,100,0.0984
24,2005,minilm,pubmedbert,50,100,0.105
24,2005,minilm,biobert,10,100,0.097
24,2005,minilm,biobert,25,100,0.1076
24,2005,minilm,biobert,50,100,0.12359999999999999
24,2005,minilm,simcse,10,100,0.057999999999999996
24,2005,minilm,simcse,25,100,0.0592
24,2005,minilm,simcse,50,100,0.0666
24,2005,pubmedbert,biobert,10,100,0.348
24,2005,pubmedbert,biobert,25,100,0.37
24,2005,pubmedbert,biobert,50,100,0.40979999999999994
24,2005,pubmedbert,simcse,10,100,0.073
24,2005,pubmedbert,simcse,25,100,0.09480000000000001
24,2005,pubmedbert,simcse,50,100,0.10400000000000001
24,2005,biobert,simcse,10,100,0.079
24,2005,biobert,simcse,25,100,0.09720000000000001
24,2005,biobert,simcse,50,100,0.111
24,2010,specter,specter2,10,100,0.22599999999999998
24,2010,specter,specter2,25,100,0.2376
24,2010,specter,specter2,50,100,0.25420000000000004
24,2010,specter,scincl,10,100,0.327
24,2010,specter,scincl,25,100,0.3404
24,2010,specter,scincl,50,100,0.363
24,2010,specter,scibert,10,100,0.10900000000000001
24,2010,specter,scibert,25,100,0.1332
24,2010,specter,scibert,50,100,0.1482
24,2010,specter,bert,10,100,0.057999999999999996
24,2010,specter,bert,25,100,0.0664
24,2010,specter,bert,50,100,0.08539999999999999
24,2010,specter,mpnet,10,100,0.271
24,2010,specter,mpnet,25,100,0.30079999999999996
24,2010,specter,mpnet,50,100,0.316
24,2010,specter,minilm,10,100,0.229
24,2010,specter,minilm,25,100,0.2528
24,2010,specter,minilm,50,100,0.2752
24,2010,specter,pubmedbert,10,100,0.10200000000000001
24,2010,specter,pubmedbert,25,100,0.12119999999999999
24,2010,specter,pubmedbert,50,100,0.13699999999999998
24,2010,specter,biobert,10,100,0.12
24,2010,specter,biobert,25,100,0.136
24,2010,specter,biobert,50,100,0.15460000000000002
24,2010,specter,simcse,10,100,0.046
24,2010,specter,simcse,25,100,0.0576
24,2010,specter,simcse,50,100,0.0638
24,2010,specter2,scincl,10,100,0.29
24,2010,specter2,scincl,25,100,0.292
24,2010,specter2,scincl,50,100,0.30879999999999996
24,2010,specter2,scibert,10,100,0.092
24,2010,specter2,scibert,25,100,0.1056
24,2010,specter2,scibert,50,100,0.1216
24,2010,specter2,bert,10,100,0.049
24,2010,specter2,bert,25,100,0.054400000000000004
24,2010,specter2,bert,50,100,0.0626
24,2010,specter2,mpnet,10,100,0.267
24,2010,specter2,mpnet,25,100,0.2796
24,2010,specter2,mpnet,50,100,0.2884
24,2010,specter2,minilm,10,100,0.233
24,2010,specter2,minilm,25,100,0.23199999999999998
24,2010,specter2,minilm,50,100,0.243
24,2010,specter2,pubmedbert,10,100,0.075
24,2010,specter2,pubmedbert,25,100,0.09480000000000001
24,2010,specter2,pubmedbert,50,100,0.1038
24,2010,specter2,biobert,10,100,0.081
24,2010,specter2,biobert,25,100,0.094
24,2010,specter2,biobert,50,100,0.1118
24,2010,specter2,simcse,10,100,0.041999999999999996
24,2010,specter2,simcse,25,100,0.0408
24,2010,specter2,simcse,50,100,0.0506
24,2010,scincl,scibert,10,100,0.10400000000000001
24,2010,scincl,scibert,25,100,0.11599999999999999
24,2010,scincl,scibert,50,100,0.136
24,2010,scincl,bert,10,100,0.059
24,2010,scincl,bert,25,100,0.0604
24,2010,scincl,bert,50,100,0.0708
24,2010,scincl,mpnet,10,100,0.368
24,2010,scincl,mpnet,25,100,0.4012
24,2010,scincl,mpnet,50,100,0.4132
24,2010,scincl,minilm,10,100,0.298
24,2010,scincl,minilm,25,100,0.33399999999999996
24,2010,scincl,minilm,50,100,0.3468
24,2010,scincl,pubmedbert,10,100,0.096
24,2010,scincl,pubmedbert,25,100,0.1096
24,2010,scincl,pubmedbert,50,100,0.12140000000000001
24,2010,scincl,biobert,10,100,0.10500000000000001
24,2010,scincl,biobert,25,100,0.11599999999999999
24,2010,scincl,biobert,50,100,0.1316
24,2010,scincl,simcse,10,100,0.049
24,2010,scincl,simcse,25,100,0.0524
24,2010,scincl,simcse,50,100,0.0536
24,2010,scibert,bert,10,100,0.16599999999999998
24,2010,scibert,bert,25,100,0.20079999999999998
24,2010,scibert,bert,50,100,0.23
24,2010,scibert,mpnet,10,100,0.078
24,2010,scibert,mpnet,25,100,0.1012
24,2010,scibert,mpnet,50,100,0.1144
24,2010,scibert,minilm,10,100,0.06999999999999999
24,2010,scibert,minilm,25,100,0.0832
24,2010,scibert,minilm,50,100,0.1038
24,2010,scibert,pubmedbert,10,100,0.352
24,2010,scibert,pubmedbert,25,100,0.3948
24,2010,scibert,pubmedbert,50,100,0.4242
24,2010,scibert,biobert,10,100,0.339
24,2010,scibert,biobert,25,100,0.38799999999999996
24,2010,scibert,biobert,50,100,0.41759999999999997
24,2010,scibert,simcse,10,100,0.074
24,2010,scibert,simcse,25,100,0.0944
24,2010,scibert,simcse,50,100,0.1112
24,2010,bert,mpnet,10,100,0.065
24,2010,bert,mpnet,25,100,0.062400000000000004
24,2010,bert,mpnet,50,100,0.075
24,2010,bert,minilm,10,100,0.057999999999999996
24,2010,bert,minilm,25,100,0.0696
24,2010,bert,minilm,50,100,0.0766
24,2010,bert,pubmedbert,10,100,0.152
24,2010,bert,pubmedbert,25,100,0.1736
24,2010,bert,pubmedbert,50,100,0.1978
24,2010,bert,biobert,10,100,0.157
24,2010,bert,biobert,25,100,0.214
24,2010,bert,biobert,50,100,0.2364
24,2010,bert,simcse,10,100,0.129
24,2010,bert,simcse,25,100,0.1484
24,2010,bert,simcse,50,100,0.171
24,2010,mpnet,minilm,10,100,0.437
24,2010,mpnet,minilm,25,100,0.45
24,2010,mpnet,minilm,50,100,0.4576
24,2010,mpnet,pubmedbert,10,100,0.086
24,2010,mpnet,pubmedbert,25,100,0.09960000000000001
24,2010,mpnet,pubmedbert,50,100,0.1128
24,2010,mpnet,biobert,10,100,0.096
24,2010,mpnet,biobert,25,100,0.1096
24,2010,mpnet,biobert,50,100,0.11960000000000001
24,2010,mpnet,simcse,10,100,0.045
24,2010,mpnet,simcse,25,100,0.0504
24,2010,mpnet,simcse,50,100,0.061200000000000004
24,2010,minilm,pubmedbert,10,100,0.071
24,2010,minilm,pubmedbert,25,100,0.0824
24,2010,minilm,pubmedbert,50,100,0.0966
24,2010,minilm,biobert,10,100,0.077
24,2010,minilm,biobert,25,100,0.0924
24,2010,minilm,biobert,50,100,0.1162
24,2010,minilm,simcse,10,100,0.049
24,2010,minilm,simcse,25,100,0.0588
24,2010,minilm,simcse,50,100,0.0668
24,2010,pubmedbert,biobert,10,100,0.33799999999999997
24,2010,pubmedbert,biobert,25,100,0.38520000000000004
24,2010,pubmedbert,biobert,50,100,0.3992
24,2010,pubmedbert,simcse,10,100,0.067
24,2010,pubmedbert,simcse,25,100,0.08839999999999999
24,2010,pubmedbert,simcse,50,100,0.0998
24,2010,biobert,simcse,10,100,0.072
24,2010,biobert,simcse,25,100,0.08960000000000001
24,2010,biobert,simcse,50,100,0.113
24,2015,specter,specter2,10,100,0.29500000000000004
24,2015,specter,specter2,25,100,0.2784
24,2015,specter,specter2,50,100,0.2924
24,2015,specter,scincl,10,100,0.386
24,2015,specter,scincl,25,100,0.38439999999999996
24,2015,specter,scincl,50,100,0.3918
24,2015,specter,scibert,10,100,0.127
24,2015,specter,scibert,25,100,0.1412
24,2015,specter,scibert,50,100,0.1414
24,2015,specter,bert,10,100,0.08399999999999999
24,2015,specter,bert,25,100,0.0868
24,2015,specter,bert,50,100,0.09519999999999999
24,2015,specter,mpnet,10,100,0.33199999999999996
24,2015,specter,mpnet,25,100,0.344
24,2015,specter,mpnet,50,100,0.3492
24,2015,specter,minilm,10,100,0.298
24,2015,specter,minilm,25,100,0.30879999999999996
24,2015,specter,minilm,50,100,0.31
24,2015,specter,pubmedbert,10,100,0.11299999999999999
24,2015,specter,pubmedbert,25,100,0.1252
24,2015,specter,pubmedbert,50,100,0.1306
24,2015,specter,biobert,10,100,0.136
24,2015,specter,biobert,25,100,0.1452
24,2015,specter,biobert,50,100,0.154
24,2015,specter,simcse,10,100,0.06999999999999999
24,2015,specter,simcse,25,100,0.0692
24,2015,specter,simcse,50,100,0.075
24,2015,specter2,scincl,10,100,0.333
24,2015,specter2,scincl,25,100,0.3232
24,2015,specter2,scincl,50,100,0.342
24,2015,specter2,scibert,10,100,0.10800000000000001
24,2015,specter2,scibert,25,100,0.10439999999999999
24,2015,specter2,scibert,50,100,0.1186
24,2015,specter2,bert,10,100,0.068
24,2015,specter2,bert,25,100,0.0632
24,2015,specter2,bert,50,100,0.0742
24,2015,specter2,mpnet,10,100,0.353
24,2015,specter2,mpnet,25,100,0.3356
24,2015,specter2,mpnet,50,100,0.3298
24,2015,specter2,minilm,10,100,0.31
24,2015,specter2,minilm,25,100,0.2896
24,2015,specter2,minilm,50,100,0.2892
24,2015,specter2,pubmedbert,10,100,0.099
24,2015,specter2,pubmedbert,25,100,0.0964
24,2015,specter2,pubmedbert,50,100,0.10619999999999999
24,2015,specter2,biobert,10,100,0.12
24,2015,specter2,biobert,25,100,0.1184
24,2015,specter2,biobert,50,100,0.1222
24,2015,specter2,simcse,10,100,0.057999999999999996
24,2015,specter2,simcse,25,100,0.0524
24,2015,specter2,simcse,50,100,0.057800000000000004
24,2015,scincl,scibert,10,100,0.122
24,2015,scincl,scibert,25,100,0.1176
24,2015,scincl,scibert,50,100,0.12279999999999999
24,2015,scincl,bert,10,100,0.065
24,2015,scincl,bert,25,100,0.0796
24,2015,scincl,bert,50,100,0.0788
24,2015,scincl,mpnet,10,100,0.388
24,2015,scincl,mpnet,25,100,0.4396
24,2015,scincl,mpnet,50,100,0.4454
24,2015,scincl,minilm,10,100,0.355
24,2015,scincl,minilm,25,100,0.37799999999999995
24,2015,scincl,minilm,50,100,0.38420000000000004
24,2015,scincl,pubmedbert,10,100,0.10500000000000001
24,2015,scincl,pubmedbert,25,100,0.1084
24,2015,scincl,pubmedbert,50,100,0.1144
24,2015,scincl,biobert,10,100,0.13
24,2015,scincl,biobert,25,100,0.13
24,2015,scincl,biobert,50,100,0.13140000000000002
24,2015,scincl,simcse,10,100,0.053000000000000005
24,2015,scincl,simcse,25,100,0.061200000000000004
24,2015,scincl,simcse,50,100,0.0674
24,2015,scibert,bert,10,100,0.181
24,2015,scibert,bert,25,100,0.21280000000000002
24,2015,scibert,bert,50,100,0.2198
24,2015,scibert,mpnet,10,100,0.097
24,2015,scibert,mpnet,25,100,0.10400000000000001
24,2015,scibert,mpnet,50,100,0.1118
24,2015,scibert,minilm,10,100,0.097
24,2015,scibert,minilm,25,100,0.1032
24,2015,scibert,minilm,50,100,0.1104
24,2015,scibert,pubmedbert,10,100,0.383
24,2015,scibert,pubmedbert,25,100,0.396
24,2015,scibert,pubmedbert,50,100,0.4156
24,2015,scibert,biobert,10,100,0.375
24,2015,scibert,biobert,25,100,0.4012
24,2015,scibert,biobert,50,100,0.415
24,2015,scibert,simcse,10,100,0.078
24,2015,scibert,simcse,25,100,0.1024
24,2015,scibert,simcse,50,100,0.1094
24,2015,bert,mpnet,10,100,0.075
24,2015,bert,mpnet,25,100,0.0764
24,2015,bert,mpnet,50,100,0.0828
24,2015,bert,minilm,10,100,0.075
24,2015,bert,minilm,25,100,0.0776
24,2015,bert,minilm,50,100,0.0894
24,2015,bert,pubmedbert,10,100,0.16799999999999998
24,2015,bert,pubmedbert,25,100,0.17600000000000002
24,2015,bert,pubmedbert,50,100,0.1938
24,2015,bert,biobert,10,100,0.194
24,2015,bert,biobert,25,100,0.21600000000000003
24,2015,bert,biobert,50,100,0.23739999999999997
24,2015,bert,simcse,10,100,0.128
24,2015,bert,simcse,25,100,0.15439999999999998
24,2015,bert,simcse,50,100,0.17600000000000002
24,2015,mpnet,minilm,10,100,0.45999999999999996
24,2015,mpnet,minilm,25,100,0.4868
24,2015,mpnet,minilm,50,100,0.4842
24,2015,mpnet,pubmedbert,10,100,0.10300000000000001
24,2015,mpnet,pubmedbert,25,100,0.1056
24,2015,mpnet,pubmedbert,50,100,0.1072
24,2015,mpnet,biobert,10,100,0.11599999999999999
24,2015,mpnet,biobert,25,100,0.124
24,2015,mpnet,biobert,50,100,0.1288
24,2015,mpnet,simcse,10,100,0.06999999999999999
24,2015,mpnet,simcse,25,100,0.07
24,2015,mpnet,simcse,50,100,0.073
24,2015,minilm,pubmedbert,10,100,0.10400000000000001
24,2015,minilm,pubmedbert,25,100,0.09519999999999999
24,2015,minilm,pubmedbert,50,100,0.10220000000000001
24,2015,minilm,biobert,10,100,0.11299999999999999
24,2015,minilm,biobert,25,100,0.1188
24,2015,minilm,biobert,50,100,0.1276
24,2015,minilm,simcse,10,100,0.06999999999999999
24,2015,minilm,simcse,25,100,0.0736
24,2015,minilm,simcse,50,100,0.0724
24,2015,pubmedbert,biobert,10,100,0.351
24,2015,pubmedbert,biobert,25,100,0.3832
24,2015,pubmedbert,biobert,50,100,0.3996
24,2015,pubmedbert,simcse,10,100,0.078
24,2015,pubmedbert,simcse,25,100,0.0908
24,2015,pubmedbert,simcse,50,100,0.10300000000000001
24,2015,biobert,simcse,10,100,0.09
24,2015,biobert,simcse,25,100,0.10039999999999999
24,2015,biobert,simcse,50,100,0.1142
24,2020,specter,specter2,10,100,0.24300000000000002
24,2020,specter,specter2,25,100,0.254
24,2020,specter,specter2,50,100,0.27699999999999997
24,2020,specter,scincl,10,100,0.33999999999999997
24,2020,specter,scincl,25,100,0.3764
24,2020,specter,scincl,50,100,0.37200000000000005
24,2020,specter,scibert,10,100,0.123
24,2020,specter,scibert,25,100,0.136
24,2020,specter,scibert,50,100,0.1474
24,2020,specter,bert,10,100,0.09
24,2020,specter,bert,25,100,0.0924
24,2020,specter,bert,50,100,0.11220000000000001
24,2020,specter,mpnet,10,100,0.312
24,2020,specter,mpnet,25,100,0.3184
24,2020,specter,mpnet,50,100,0.3344
24,2020,specter,minilm,10,100,0.282
24,2020,specter,minilm,25,100,0.298
24,2020,specter,minilm,50,100,0.3016
24,2020,specter,pubmedbert,10,100,0.125
24,2020,specter,pubmedbert,25,100,0.1364
24,2020,specter,pubmedbert,50,100,0.1456
24,2020,specter,biobert,10,100,0.126
24,2020,specter,biobert,25,100,0.146
24,2020,specter,biobert,50,100,0.1636
24,2020,specter,simcse,10,100,0.071
24,2020,specter,simcse,25,100,0.07
24,2020,specter,simcse,50,100,0.0816
24,2020,specter2,scincl,10,100,0.327
24,2020,specter2,scincl,25,100,0.3284
24,2020,specter2,scincl,50,100,0.32280000000000003
24,2020,specter2,scibert,10,100,0.098
24,2020,specter2,scibert,25,100,0.1108
24,2020,specter2,scibert,50,100,0.12279999999999999
24,2020,specter2,bert,10,100,0.06
24,2020,specter2,bert,25,100,0.0716
24,2020,specter2,bert,50,100,0.0766
24,2020,specter2,mpnet,10,100,0.341
24,2020,specter2,mpnet,25,100,0.3156
24,2020,specter2,mpnet,50,100,0.3188
24,2020,specter2,minilm,10,100,0.27999999999999997
24,2020,specter2,minilm,25,100,0.2736
24,2020,specter2,minilm,50,100,0.268
24,2020,specter2,pubmedbert,10,100,0.095
24,2020,specter2,pubmedbert,25,100,0.1076
24,2020,specter2,pubmedbert,50,100,0.11380000000000001
24,2020,specter2,biobert,10,100,0.092
24,2020,specter2,biobert,25,100,0.11320000000000001
24,2020,specter2,biobert,50,100,0.12179999999999999
24,2020,specter2,simcse,10,100,0.065
24,2020,specter2,simcse,25,100,0.061200000000000004
24,2020,specter2,simcse,50,100,0.06280000000000001
24,2020,scincl,scibert,10,100,0.10600000000000001
24,2020,scincl,scibert,25,100,0.11320000000000001
24,2020,scincl,scibert,50,100,0.12380000000000001
24,2020,scincl,bert,10,100,0.079
24,2020,scincl,bert,25,100,0.0868
24,2020,scincl,bert,50,100,0.08779999999999999
24,2020,scincl,mpnet,10,100,0.417
24,2020,scincl,mpnet,25,100,0.41119999999999995
24,2020,scincl,mpnet,50,100,0.42
24,2020,scincl,minilm,10,100,0.359
24,2020,scincl,minilm,25,100,0.36119999999999997
24,2020,scincl,minilm,50,100,0.353
24,2020,scincl,pubmedbert,10,100,0.12
24,2020,scincl,pubmedbert,25,100,0.1204
24,2020,scincl,pubmedbert,50,100,0.1246
24,2020,scincl,biobert,10,100,0.119
24,2020,scincl,biobert,25,100,0.1292
24,2020,scincl,biobert,50,100,0.1352
24,2020,scincl,simcse,10,100,0.076
24,2020,scincl,simcse,25,100,0.0688
24,2020,scincl,simcse,50,100,0.075
24,2020,scibert,bert,10,100,0.21400000000000002
24,2020,scibert,bert,25,100,0.2328
24,2020,scibert,bert,50,100,0.2422
24,2020,scibert,mpnet,10,100,0.088
24,2020,scibert,mpnet,25,100,0.102
24,2020,scibert,mpnet,50,100,0.11720000000000001
24,2020,scibert,minilm,10,100,0.096
24,2020,scibert,minilm,25,100,0.1056
24,2020,scibert,minilm,50,100,0.1182
24,2020,scibert,pubmedbert,10,100,0.392
24,2020,scibert,pubmedbert,25,100,0.41359999999999997
24,2020,scibert,pubmedbert,50,100,0.425
24,2020,scibert,biobert,10,100,0.38
24,2020,scibert,biobert,25,100,0.3912
24,2020,scibert,biobert,50,100,0.41259999999999997
24,2020,scibert,simcse,10,100,0.098
24,2020,scibert,simcse,25,100,0.09880000000000001
24,2020,scibert,simcse,50,100,0.11259999999999999
24,2020,bert,mpnet,10,100,0.076
24,2020,bert,mpnet,25,100,0.08199999999999999
24,2020,bert,mpnet,50,100,0.0926
24,2020,bert,minilm,10,100,0.077
24,2020,bert,minilm,25,100,0.0872
24,2020,bert,minilm,50,100,0.0958
24,2020,bert,pubmedbert,10,100,0.18
24,2020,bert,pubmedbert,25,100,0.19440000000000002
24,2020,bert,pubmedbert,50,100,0.20420000000000002
24,2020,bert,biobert,10,100,0.221
24,2020,bert,biobert,25,100,0.24359999999999998
24,2020,bert,biobert,50,100,0.25120000000000003
24,2020,bert,simcse,10,100,0.135
24,2020,bert,simcse,25,100,0.16440000000000002
24,2020,bert,simcse,50,100,0.1784
24,2020,mpnet,minilm,10,100,0.47300000000000003
24,2020,mpnet,minilm,25,100,0.48840000000000006
24,2020,mpnet,minilm,50,100,0.4888
24,2020,mpnet,pubmedbert,10,100,0.096
24,2020,mpnet,pubmedbert,25,100,0.1084
24,2020,mpnet,pubmedbert,50,100,0.1208
24,2020,mpnet,biobert,10,100,0.097
24,2020,mpnet,biobert,25,100,0.11560000000000001
24,2020,mpnet,biobert,50,100,0.1318
24,2020,mpnet,simcse,10,100,0.077
24,2020,mpnet,simcse,25,100,0.0748
24,2020,mpnet,simcse,50,100,0.085
24,2020,minilm,pubmedbert,10,100,0.10800000000000001
24,2020,minilm,pubmedbert,25,100,0.1104
24,2020,minilm,pubmedbert,50,100,0.11699999999999999
24,2020,minilm,biobert,10,100,0.101
24,2020,minilm,biobert,25,100,0.1164
24,2020,minilm,biobert,50,100,0.1294
24,2020,minilm,simcse,10,100,0.08
24,2020,minilm,simcse,25,100,0.0816
24,2020,minilm,simcse,50,100,0.0874
24,2020,pubmedbert,biobert,10,100,0.377
24,2020,pubmedbert,biobert,25,100,0.39399999999999996
24,2020,pubmedbert,biobert,50,100,0.42200000000000004
24,2020,pubmedbert,simcse,10,100,0.091
24,2020,pubmedbert,simcse,25,100,0.092
24,2020,pubmedbert,simcse,50,100,0.10400000000000001
24,2020,biobert,simcse,10,100,0.092
24,2020,biobert,simcse,25,100,0.10439999999999999
24,2020,biobert,simcse,50,100,0.1162
25,2000,specter,specter2,10,100,0.196
25,2000,specter,specter2,25,100,0.19920000000000002
25,2000,specter,specter2,50,100,0.2036
25,2000,specter,scincl,10,100,0.286
25,2000,specter,scincl,25,100,0.292
25,2000,specter,scincl,50,100,0.313
25,2000,specter,scibert,10,100,0.086
25,2000,specter,scibert,25,100,0.10439999999999999
25,2000,specter,scibert,50,100,0.1292
25,2000,specter,bert,10,100,0.063
25,2000,specter,bert,25,100,0.0784
25,2000,specter,bert,50,100,0.0882
25,2000,specter,mpnet,10,100,0.261
25,2000,specter,mpnet,25,100,0.2848
25,2000,specter,mpnet,50,100,0.28800000000000003
25,2000,specter,minilm,10,100,0.24900000000000003
25,2000,specter,minilm,25,100,0.2552
25,2000,specter,minilm,50,100,0.263
25,2000,specter,pubmedbert,10,100,0.08299999999999999
25,2000,specter,pubmedbert,25,100,0.092
25,2000,specter,pubmedbert,50,100,0.11220000000000001
25,2000,specter,biobert,10,100,0.08399999999999999
25,2000,specter,biobert,25,100,0.09359999999999999
25,2000,specter,biobert,50,100,0.1104
25,2000,specter,simcse,10,100,0.063
25,2000,specter,simcse,25,100,0.0684
25,2000,specter,simcse,50,100,0.0796
25,2000,specter2,scincl,10,100,0.23900000000000002
25,2000,specter2,scincl,25,100,0.2432
25,2000,specter2,scincl,50,100,0.26
25,2000,specter2,scibert,10,100,0.06899999999999999
25,2000,specter2,scibert,25,100,0.096
25,2000,specter2,scibert,50,100,0.1188
25,2000,specter2,bert,10,100,0.039
25,2000,specter2,bert,25,100,0.054400000000000004
25,2000,specter2,bert,50,100,0.0678
25,2000,specter2,mpnet,10,100,0.255
25,2000,specter2,mpnet,25,100,0.284
25,2000,specter2,mpnet,50,100,0.2902
25,2000,specter2,minilm,10,100,0.223
25,2000,specter2,minilm,25,100,0.24480000000000002
25,2000,specter2,minilm,50,100,0.25579999999999997
25,2000,specter2,pubmedbert,10,100,0.067
25,2000,specter2,pubmedbert,25,100,0.0824
25,2000,specter2,pubmedbert,50,100,0.09539999999999998
25,2000,specter2,biobert,10,100,0.071
25,2000,specter2,biobert,25,100,0.08800000000000001
25,2000,specter2,biobert,50,100,0.09699999999999999
25,2000,specter2,simcse,10,100,0.05500000000000001
25,2000,specter2,simcse,25,100,0.0572
25,2000,specter2,simcse,50,100,0.0666
25,2000,scincl,scibert,10,100,0.094
25,2000,scincl,scibert,25,100,0.1104
25,2000,scincl,scibert,50,100,0.1338
25,2000,scincl,bert,10,100,0.054000000000000006
25,2000,scincl,bert,25,100,0.0748
25,2000,scincl,bert,50,100,0.0862
25,2000,scincl,mpnet,10,100,0.313
25,2000,scincl,mpnet,25,100,0.348
25,2000,scincl,mpnet,50,100,0.359
25,2000,scincl,minilm,10,100,0.28500000000000003
25,2000,scincl,minilm,25,100,0.30879999999999996
25,2000,scincl,minilm,50,100,0.3188
25,2000,scincl,pubmedbert,10,100,0.068
25,2000,scincl,pubmedbert,25,100,0.09720000000000001
25,2000,scincl,pubmedbert,50,100,0.11199999999999999
25,2000,scincl,biobert,10,100,0.06899999999999999
25,2000,scincl,biobert,25,100,0.0924
25,2000,scincl,biobert,50,100,0.1038
25,2000,scincl,simcse,10,100,0.054000000000000006
25,2000,scincl,simcse,25,100,0.0672
25,2000,scincl,simcse,50,100,0.0824
25,2000,scibert,bert,10,100,0.17099999999999999
25,2000,scibert,bert,25,100,0.2096
25,2000,scibert,bert,50,100,0.21780000000000002
25,2000,scibert,mpnet,10,100,0.089
25,2000,scibert,mpnet,25,100,0.10439999999999999
25,2000,scibert,mpnet,50,100,0.1192
25,2000,scibert,minilm,10,100,0.089
25,2000,scibert,minilm,25,100,0.1008
25,2000,scibert,minilm,50,100,0.12
25,2000,scibert,pubmedbert,10,100,0.34199999999999997
25,2000,scibert,pubmedbert,25,100,0.3716
25,2000,scibert,pubmedbert,50,100,0.39280000000000004
25,2000,scibert,biobert,10,100,0.29300000000000004
25,2000,scibert,biobert,25,100,0.32280000000000003
25,2000,scibert,biobert,50,100,0.3502
25,2000,scibert,simcse,10,100,0.092
25,2000,scibert,simcse,25,100,0.1008
25,2000,scibert,simcse,50,100,0.11560000000000001
25,2000,bert,mpnet,10,100,0.064
25,2000,bert,mpnet,25,100,0.07719999999999999
25,2000,bert,mpnet,50,100,0.0882
25,2000,bert,minilm,10,100,0.066
25,2000,bert,minilm,25,100,0.0712
25,2000,bert,minilm,50,100,0.0864
25,2000,bert,pubmedbert,10,100,0.155
25,2000,bert,pubmedbert,25,100,0.19519999999999998
25,2000,bert,pubmedbert,50,100,0.2122
25,2000,bert,biobert,10,100,0.189
25,2000,bert,biobert,25,100,0.214
25,2000,bert,biobert,50,100,0.2314
25,2000,bert,simcse,10,100,0.141
25,2000,bert,simcse,25,100,0.1724
25,2000,bert,simcse,50,100,0.19079999999999997
25,2000,mpnet,minilm,10,100,0.46799999999999997
25,2000,mpnet,minilm,25,100,0.4796
25,2000,mpnet,minilm,50,100,0.49
25,2000,mpnet,pubmedbert,10,100,0.075
25,2000,mpnet,pubmedbert,25,100,0.09480000000000001
25,2000,mpnet,pubmedbert,50,100,0.1096
25,2000,mpnet,biobert,10,100,0.081
25,2000,mpnet,biobert,25,100,0.09720000000000001
25,2000,mpnet,biobert,50,100,0.1076
25,2000,mpnet,simcse,10,100,0.063
25,2000,mpnet,simcse,25,100,0.0716
25,2000,mpnet,simcse,50,100,0.0782
25,2000,minilm,pubmedbert,10,100,0.075
25,2000,minilm,pubmedbert,25,100,0.0916
25,2000,minilm,pubmedbert,50,100,0.1038
25,2000,minilm,biobert,10,100,0.088
25,2000,minilm,biobert,25,100,0.09519999999999999
25,2000,minilm,biobert,50,100,0.10679999999999999
25,2000,minilm,simcse,10,100,0.065
25,2000,minilm,simcse,25,100,0.0736
25,2000,minilm,simcse,50,100,0.0832
25,2000,pubmedbert,biobert,10,100,0.29
25,2000,pubmedbert,biobert,25,100,0.3392
25,2000,pubmedbert,biobert,50,100,0.3712
25,2000,pubmedbert,simcse,10,100,0.086
25,2000,pubmedbert,simcse,25,100,0.0956
25,2000,pubmedbert,simcse,50,100,0.113
25,2000,biobert,simcse,10,100,0.089
25,2000,biobert,simcse,25,100,0.0956
25,2000,biobert,simcse,50,100,0.1114
25,2005,specter,specter2,10,100,0.197
25,2005,specter,specter2,25,100,0.212
25,2005,specter,specter2,50,100,0.2192
25,2005,specter,scincl,10,100,0.292
25,2005,specter,scincl,25,100,0.29359999999999997
25,2005,specter,scincl,50,100,0.3258
25,2005,specter,scibert,10,100,0.094
25,2005,specter,scibert,25,100,0.1076
25,2005,specter,scibert,50,100,0.1226
25,2005,specter,bert,10,100,0.063
25,2005,specter,bert,25,100,0.0796
25,2005,specter,bert,50,100,0.0876
25,2005,specter,mpnet,10,100,0.288
25,2005,specter,mpnet,25,100,0.3064
25,2005,specter,mpnet,50,100,0.3124
25,2005,specter,minilm,10,100,0.251
25,2005,specter,minilm,25,100,0.2636
25,2005,specter,minilm,50,100,0.272
25,2005,specter,pubmedbert,10,100,0.08199999999999999
25,2005,specter,pubmedbert,25,100,0.1052
25,2005,specter,pubmedbert,50,100,0.11699999999999999
25,2005,specter,biobert,10,100,0.077
25,2005,specter,biobert,25,100,0.1016
25,2005,specter,biobert,50,100,0.1162
25,2005,specter,simcse,10,100,0.056999999999999995
25,2005,specter,simcse,25,100,0.0676
25,2005,specter,simcse,50,100,0.0756
25,2005,specter2,scincl,10,100,0.24100000000000002
25,2005,specter2,scincl,25,100,0.25120000000000003
25,2005,specter2,scincl,50,100,0.2554
25,2005,specter2,scibert,10,100,0.088
25,2005,specter2,scibert,25,100,0.0932
25,2005,specter2,scibert,50,100,0.1066
25,2005,specter2,bert,10,100,0.049
25,2005,specter2,bert,25,100,0.0528
25,2005,specter2,bert,50,100,0.0636
25,2005,specter2,mpnet,10,100,0.279
25,2005,specter2,mpnet,25,100,0.2704
25,2005,specter2,mpnet,50,100,0.26780000000000004
25,2005,specter2,minilm,10,100,0.246
25,2005,specter2,minilm,25,100,0.2432
25,2005,specter2,minilm,50,100,0.24359999999999998
25,2005,specter2,pubmedbert,10,100,0.068
25,2005,specter2,pubmedbert,25,100,0.08
25,2005,specter2,pubmedbert,50,100,0.09119999999999999
25,2005,specter2,biobert,10,100,0.061
25,2005,specter2,biobert,25,100,0.07400000000000001
25,2005,specter2,biobert,50,100,0.0874
25,2005,specter2,simcse,10,100,0.044
25,2005,specter2,simcse,25,100,0.048
25,2005,specter2,simcse,50,100,0.0584
25,2005,scincl,scibert,10,100,0.096
25,2005,scincl,scibert,25,100,0.11
25,2005,scincl,scibert,50,100,0.1252
25,2005,scincl,bert,10,100,0.057999999999999996
25,2005,scincl,bert,25,100,0.0672
25,2005,scincl,bert,50,100,0.0834
25,2005,scincl,mpnet,10,100,0.306
25,2005,scincl,mpnet,25,100,0.3492
25,2005,scincl,mpnet,50,100,0.3636
25,2005,scincl,minilm,10,100,0.29300000000000004
25,2005,scincl,minilm,25,100,0.30079999999999996
25,2005,scincl,minilm,50,100,0.3204
25,2005,scincl,pubmedbert,10,100,0.077
25,2005,scincl,pubmedbert,25,100,0.09759999999999999
25,2005,scincl,pubmedbert,50,100,0.11259999999999999
25,2005,scincl,biobert,10,100,0.08
25,2005,scincl,biobert,25,100,0.0992
25,2005,scincl,biobert,50,100,0.1118
25,2005,scincl,simcse,10,100,0.05500000000000001
25,2005,scincl,simcse,25,100,0.0664
25,2005,scincl,simcse,50,100,0.07519999999999999
25,2005,scibert,bert,10,100,0.157
25,2005,scibert,bert,25,100,0.1664
25,2005,scibert,bert,50,100,0.1866
25,2005,scibert,mpnet,10,100,0.088
25,2005,scibert,mpnet,25,100,0.1076
25,2005,scibert,mpnet,50,100,0.1166
25,2005,scibert,minilm,10,100,0.091
25,2005,scibert,minilm,25,100,0.1036
25,2005,scibert,minilm,50,100,0.11199999999999999
25,2005,scibert,pubmedbert,10,100,0.305
25,2005,scibert,pubmedbert,25,100,0.324
25,2005,scibert,pubmedbert,50,100,0.34759999999999996
25,2005,scibert,biobert,10,100,0.298
25,2005,scibert,biobert,25,100,0.3068
25,2005,scibert,biobert,50,100,0.3308
25,2005,scibert,simcse,10,100,0.062
25,2005,scibert,simcse,25,100,0.08
25,2005,scibert,simcse,50,100,0.0942
25,2005,bert,mpnet,10,100,0.056999999999999995
25,2005,bert,mpnet,25,100,0.0784
25,2005,bert,mpnet,50,100,0.0858
25,2005,bert,minilm,10,100,0.073
25,2005,bert,minilm,25,100,0.0812
25,2005,bert,minilm,50,100,0.0902
25,2005,bert,pubmedbert,10,100,0.144
25,2005,bert,pubmedbert,25,100,0.17079999999999998
25,2005,bert,pubmedbert,50,100,0.19440000000000002
25,2005,bert,biobert,10,100,0.155
25,2005,bert,biobert,25,100,0.1784
25,2005,bert,biobert,50,100,0.2016
25,2005,bert,simcse,10,100,0.136
25,2005,bert,simcse,25,100,0.1532
25,2005,bert,simcse,50,100,0.1894
25,2005,mpnet,minilm,10,100,0.44400000000000006
25,2005,mpnet,minilm,25,100,0.4644
25,2005,mpnet,minilm,50,100,0.483
25,2005,mpnet,pubmedbert,10,100,0.076
25,2005,mpnet,pubmedbert,25,100,0.0944
25,2005,mpnet,pubmedbert,50,100,0.10300000000000001
25,2005,mpnet,biobert,10,100,0.076
25,2005,mpnet,biobert,25,100,0.09480000000000001
25,2005,mpnet,biobert,50,100,0.1056
25,2005,mpnet,simcse,10,100,0.061
25,2005,mpnet,simcse,25,100,0.08199999999999999
25,2005,mpnet,simcse,50,100,0.08039999999999999
25,2005,minilm,pubmedbert,10,100,0.063
25,2005,minilm,pubmedbert,25,100,0.08560000000000001
25,2005,minilm,pubmedbert,50,100,0.10060000000000001
25,2005,minilm,biobert,10,100,0.076
25,2005,minilm,biobert,25,100,0.09480000000000001
25,2005,minilm,biobert,50,100,0.1072
25,2005,minilm,simcse,10,100,0.075
25,2005,minilm,simcse,25,100,0.086
25,2005,minilm,simcse,50,100,0.09179999999999999
25,2005,pubmedbert,biobert,10,100,0.27999999999999997
25,2005,pubmedbert,biobert,25,100,0.316
25,2005,pubmedbert,biobert,50,100,0.3552
25,2005,pubmedbert,simcse,10,100,0.068
25,2005,pubmedbert,simcse,25,100,0.08960000000000001
25,2005,pubmedbert,simcse,50,100,0.0992
25,2005,biobert,simcse,10,100,0.062
25,2005,biobert,simcse,25,100,0.0768
25,2005,biobert,simcse,50,100,0.09140000000000001
25,2010,specter,specter2,10,100,0.20099999999999998
25,2010,specter,specter2,25,100,0.23079999999999998
25,2010,specter,specter2,50,100,0.2376
25,2010,specter,scincl,10,100,0.319
25,2010,specter,scincl,25,100,0.32799999999999996
25,2010,specter,scincl,50,100,0.3456
25,2010,specter,scibert,10,100,0.095
25,2010,specter,scibert,25,100,0.12
25,2010,specter,scibert,50,100,0.1348
25,2010,specter,bert,10,100,0.072
25,2010,specter,bert,25,100,0.0816
25,2010,specter,bert,50,100,0.09300000000000001
25,2010,specter,mpnet,10,100,0.275
25,2010,specter,mpnet,25,100,0.30760000000000004
25,2010,specter,mpnet,50,100,0.3206
25,2010,specter,minilm,10,100,0.24100000000000002
25,2010,specter,minilm,25,100,0.2608
25,2010,specter,minilm,50,100,0.2756
25,2010,specter,pubmedbert,10,100,0.098
25,2010,specter,pubmedbert,25,100,0.11359999999999999
25,2010,specter,pubmedbert,50,100,0.1306
25,2010,specter,biobert,10,100,0.091
25,2010,specter,biobert,25,100,0.1152
25,2010,specter,biobert,50,100,0.134
25,2010,specter,simcse,10,100,0.066
25,2010,specter,simcse,25,100,0.0916
25,2010,specter,simcse,50,100,0.1058
25,2010,specter2,scincl,10,100,0.24900000000000003
25,2010,specter2,scincl,25,100,0.2648
25,2010,specter2,scincl,50,100,0.281
25,2010,specter2,scibert,10,100,0.096
25,2010,specter2,scibert,25,100,0.12119999999999999
25,2010,specter2,scibert,50,100,0.13419999999999999
25,2010,specter2,bert,10,100,0.061
25,2010,specter2,bert,25,100,0.0664
25,2010,specter2,bert,50,100,0.0762
25,2010,specter2,mpnet,10,100,0.262
25,2010,specter2,mpnet,25,100,0.2752
25,2010,specter2,mpnet,50,100,0.29100000000000004
25,2010,specter2,minilm,10,100,0.233
25,2010,specter2,minilm,25,100,0.2464
25,2010,specter2,minilm,50,100,0.261
25,2010,specter2,pubmedbert,10,100,0.092
25,2010,specter2,pubmedbert,25,100,0.1036
25,2010,specter2,pubmedbert,50,100,0.1084
25,2010,specter2,biobert,10,100,0.078
25,2010,specter2,biobert,25,100,0.09759999999999999
25,2010,specter2,biobert,50,100,0.1144
25,2010,specter2,simcse,10,100,0.049
25,2010,specter2,simcse,25,100,0.06559999999999999
25,2010,specter2,simcse,50,100,0.07519999999999999
25,2010,scincl,scibert,10,100,0.087
25,2010,scincl,scibert,25,100,0.1204
25,2010,scincl,scibert,50,100,0.1318
25,2010,scincl,bert,10,100,0.064
25,2010,scincl,bert,25,100,0.0724
25,2010,scincl,bert,50,100,0.0852
25,2010,scincl,mpnet,10,100,0.343
25,2010,scincl,mpnet,25,100,0.3704
25,2010,scincl,mpnet,50,100,0.39
25,2010,scincl,minilm,10,100,0.281
25,2010,scincl,minilm,25,100,0.3188
25,2010,scincl,minilm,50,100,0.3362
25,2010,scincl,pubmedbert,10,100,0.092
25,2010,scincl,pubmedbert,25,100,0.11
25,2010,scincl,pubmedbert,50,100,0.11259999999999999
25,2010,scincl,biobert,10,100,0.093
25,2010,scincl,biobert,25,100,0.1052
25,2010,scincl,biobert,50,100,0.12240000000000001
25,2010,scincl,simcse,10,100,0.051000000000000004
25,2010,scincl,simcse,25,100,0.0728
25,2010,scincl,simcse,50,100,0.08900000000000001
25,2010,scibert,bert,10,100,0.191
25,2010,scibert,bert,25,100,0.20559999999999998
25,2010,scibert,bert,50,100,0.22219999999999998
25,2010,scibert,mpnet,10,100,0.086
25,2010,scibert,mpnet,25,100,0.1008
25,2010,scibert,mpnet,50,100,0.1166
25,2010,scibert,minilm,10,100,0.091
25,2010,scibert,minilm,25,100,0.1052
25,2010,scibert,minilm,50,100,0.1206
25,2010,scibert,pubmedbert,10,100,0.35
25,2010,scibert,pubmedbert,25,100,0.40880000000000005
25,2010,scibert,pubmedbert,50,100,0.4236
25,2010,scibert,biobert,10,100,0.329
25,2010,scibert,biobert,25,100,0.3728
25,2010,scibert,biobert,50,100,0.3884
25,2010,scibert,simcse,10,100,0.095
25,2010,scibert,simcse,25,100,0.1204
25,2010,scibert,simcse,50,100,0.1288
25,2010,bert,mpnet,10,100,0.066
25,2010,bert,mpnet,25,100,0.076
25,2010,bert,mpnet,50,100,0.09
25,2010,bert,minilm,10,100,0.075
25,2010,bert,minilm,25,100,0.0812
25,2010,bert,minilm,50,100,0.0942
25,2010,bert,pubmedbert,10,100,0.185
25,2010,bert,pubmedbert,25,100,0.19920000000000002
25,2010,bert,pubmedbert,50,100,0.21899999999999997
25,2010,bert,biobert,10,100,0.196
25,2010,bert,biobert,25,100,0.21760000000000002
25,2010,bert,biobert,50,100,0.2416
25,2010,bert,simcse,10,100,0.157
25,2010,bert,simcse,25,100,0.192
25,2010,bert,simcse,50,100,0.213
25,2010,mpnet,minilm,10,100,0.421
25,2010,mpnet,minilm,25,100,0.47479999999999994
25,2010,mpnet,minilm,50,100,0.4836
25,2010,mpnet,pubmedbert,10,100,0.093
25,2010,mpnet,pubmedbert,25,100,0.1012
25,2010,mpnet,pubmedbert,50,100,0.11019999999999999
25,2010,mpnet,biobert,10,100,0.08399999999999999
25,2010,mpnet,biobert,25,100,0.09759999999999999
25,2010,mpnet,biobert,50,100,0.1162
25,2010,mpnet,simcse,10,100,0.066
25,2010,mpnet,simcse,25,100,0.0876
25,2010,mpnet,simcse,50,100,0.10400000000000001
25,2010,minilm,pubmedbert,10,100,0.08299999999999999
25,2010,minilm,pubmedbert,25,100,0.098
25,2010,minilm,pubmedbert,50,100,0.10800000000000001
25,2010,minilm,biobert,10,100,0.08199999999999999
25,2010,minilm,biobert,25,100,0.10279999999999999
25,2010,minilm,biobert,50,100,0.1162
25,2010,minilm,simcse,10,100,0.064
25,2010,minilm,simcse,25,100,0.0876
25,2010,minilm,simcse,50,100,0.10460000000000001
25,2010,pubmedbert,biobert,10,100,0.357
25,2010,pubmedbert,biobert,25,100,0.37479999999999997
25,2010,pubmedbert,biobert,50,100,0.3986
25,2010,pubmedbert,simcse,10,100,0.09
25,2010,pubmedbert,simcse,25,100,0.1108
25,2010,pubmedbert,simcse,50,100,0.1258
25,2010,biobert,simcse,10,100,0.091
25,2010,biobert,simcse,25,100,0.1116
25,2010,biobert,simcse,50,100,0.129
25,2015,specter,specter2,10,100,0.192
25,2015,specter,specter2,25,100,0.23
25,2015,specter,specter2,50,100,0.2502
25,2015,specter,scincl,10,100,0.286
25,2015,specter,scincl,25,100,0.3196
25,2015,specter,scincl,50,100,0.34380000000000005
25,2015,specter,scibert,10,100,0.074
25,2015,specter,scibert,25,100,0.11560000000000001
25,2015,specter,scibert,50,100,0.1396
25,2015,specter,bert,10,100,0.08499999999999999
25,2015,specter,bert,25,100,0.0908
25,2015,specter,bert,50,100,0.0984
25,2015,specter,mpnet,10,100,0.29300000000000004
25,2015,specter,mpnet,25,100,0.30760000000000004
25,2015,specter,mpnet,50,100,0.3218
25,2015,specter,minilm,10,100,0.253
25,2015,specter,minilm,25,100,0.2796
25,2015,specter,minilm,50,100,0.2958
25,2015,specter,pubmedbert,10,100,0.086
25,2015,specter,pubmedbert,25,100,0.11800000000000001
25,2015,specter,pubmedbert,50,100,0.1344
25,2015,specter,biobert,10,100,0.086
25,2015,specter,biobert,25,100,0.1164
25,2015,specter,biobert,50,100,0.1388
25,2015,specter,simcse,10,100,0.06999999999999999
25,2015,specter,simcse,25,100,0.08
25,2015,specter,simcse,50,100,0.10220000000000001
25,2015,specter2,scincl,10,100,0.24300000000000002
25,2015,specter2,scincl,25,100,0.2728
25,2015,specter2,scincl,50,100,0.2896
25,2015,specter2,scibert,10,100,0.096
25,2015,specter2,scibert,25,100,0.1192
25,2015,specter2,scibert,50,100,0.1336
25,2015,specter2,bert,10,100,0.072
25,2015,specter2,bert,25,100,0.0784
25,2015,specter2,bert,50,100,0.0842
25,2015,specter2,mpnet,10,100,0.273
25,2015,specter2,mpnet,25,100,0.2896
25,2015,specter2,mpnet,50,100,0.3084
25,2015,specter2,minilm,10,100,0.24
25,2015,specter2,minilm,25,100,0.2668
25,2015,specter2,minilm,50,100,0.2848
25,2015,specter2,pubmedbert,10,100,0.08499999999999999
25,2015,specter2,pubmedbert,25,100,0.1036
25,2015,specter2,pubmedbert,50,100,0.11560000000000001
25,2015,specter2,biobert,10,100,0.09
25,2015,specter2,biobert,25,100,0.1104
25,2015,specter2,biobert,50,100,0.1232
25,2015,specter2,simcse,10,100,0.061
25,2015,specter2,simcse,25,100,0.0756
25,2015,specter2,simcse,50,100,0.08539999999999999
25,2015,scincl,scibert,10,100,0.094
25,2015,scincl,scibert,25,100,0.1192
25,2015,scincl,scibert,50,100,0.1406
25,2015,scincl,bert,10,100,0.074
25,2015,scincl,bert,25,100,0.08839999999999999
25,2015,scincl,bert,50,100,0.0934
25,2015,scincl,mpnet,10,100,0.354
25,2015,scincl,mpnet,25,100,0.3716
25,2015,scincl,mpnet,50,100,0.3874
25,2015,scincl,minilm,10,100,0.309
25,2015,scincl,minilm,25,100,0.3272
25,2015,scincl,minilm,50,100,0.336
25,2015,scincl,pubmedbert,10,100,0.089
25,2015,scincl,pubmedbert,25,100,0.1072
25,2015,scincl,pubmedbert,50,100,0.1268
25,2015,scincl,biobert,10,100,0.087
25,2015,scincl,biobert,25,100,0.11
25,2015,scincl,biobert,50,100,0.125
25,2015,scincl,simcse,10,100,0.067
25,2015,scincl,simcse,25,100,0.0892
25,2015,scincl,simcse,50,100,0.099
25,2015,scibert,bert,10,100,0.22799999999999998
25,2015,scibert,bert,25,100,0.22519999999999998
25,2015,scibert,bert,50,100,0.2382
25,2015,scibert,mpnet,10,100,0.081
25,2015,scibert,mpnet,25,100,0.106
25,2015,scibert,mpnet,50,100,0.1222
25,2015,scibert,minilm,10,100,0.09
25,2015,scibert,minilm,25,100,0.1092
25,2015,scibert,minilm,50,100,0.12380000000000001
25,2015,scibert,pubmedbert,10,100,0.389
25,2015,scibert,pubmedbert,25,100,0.396
25,2015,scibert,pubmedbert,50,100,0.4268
25,2015,scibert,biobert,10,100,0.346
25,2015,scibert,biobert,25,100,0.37
25,2015,scibert,biobert,50,100,0.3926
25,2015,scibert,simcse,10,100,0.10800000000000001
25,2015,scibert,simcse,25,100,0.124
25,2015,scibert,simcse,50,100,0.147
25,2015,bert,mpnet,10,100,0.075
25,2015,bert,mpnet,25,100,0.0808
25,2015,bert,mpnet,50,100,0.08839999999999999
25,2015,bert,minilm,10,100,0.09
25,2015,bert,minilm,25,100,0.08839999999999999
25,2015,bert,minilm,50,100,0.0992
25,2015,bert,pubmedbert,10,100,0.196
25,2015,bert,pubmedbert,25,100,0.2112
25,2015,bert,pubmedbert,50,100,0.2286
25,2015,bert,biobert,10,100,0.22599999999999998
25,2015,bert,biobert,25,100,0.2412
25,2015,bert,biobert,50,100,0.26780000000000004
25,2015,bert,simcse,10,100,0.179
25,2015,bert,simcse,25,100,0.21239999999999998
25,2015,bert,simcse,50,100,0.2382
25,2015,mpnet,minilm,10,100,0.44699999999999995
25,2015,mpnet,minilm,25,100,0.4808
25,2015,mpnet,minilm,50,100,0.5068
25,2015,mpnet,pubmedbert,10,100,0.086
25,2015,mpnet,pubmedbert,25,100,0.1056
25,2015,mpnet,pubmedbert,50,100,0.11800000000000001
25,2015,mpnet,biobert,10,100,0.091
25,2015,mpnet,biobert,25,100,0.10800000000000001
25,2015,mpnet,biobert,50,100,0.1244
25,2015,mpnet,simcse,10,100,0.06999999999999999
25,2015,mpnet,simcse,25,100,0.0848
25,2015,mpnet,simcse,50,100,0.10060000000000001
25,2015,minilm,pubmedbert,10,100,0.094
25,2015,minilm,pubmedbert,25,100,0.1084
25,2015,minilm,pubmedbert,50,100,0.1192
25,2015,minilm,biobert,10,100,0.10300000000000001
25,2015,minilm,biobert,25,100,0.1124
25,2015,minilm,biobert,50,100,0.1282
25,2015,minilm,simcse,10,100,0.08199999999999999
25,2015,minilm,simcse,25,100,0.0956
25,2015,minilm,simcse,50,100,0.10980000000000001
25,2015,pubmedbert,biobert,10,100,0.335
25,2015,pubmedbert,biobert,25,100,0.36719999999999997
25,2015,pubmedbert,biobert,50,100,0.39399999999999996
25,2015,pubmedbert,simcse,10,100,0.1
25,2015,pubmedbert,simcse,25,100,0.1168
25,2015,pubmedbert,simcse,50,100,0.1358
25,2015,biobert,simcse,10,100,0.096
25,2015,biobert,simcse,25,100,0.1268
25,2015,biobert,simcse,50,100,0.146
25,2020,specter,specter2,10,100,0.23500000000000001
25,2020,specter,specter2,25,100,0.2596
25,2020,specter,specter2,50,100,0.2648
25,2020,specter,scincl,10,100,0.307
25,2020,specter,scincl,25,100,0.33880000000000005
25,2020,specter,scincl,50,100,0.36060000000000003
25,2020,specter,scibert,10,100,0.11200000000000002
25,2020,specter,scibert,25,100,0.1388
25,2020,specter,scibert,50,100,0.1566
25,2020,specter,bert,10,100,0.08299999999999999
25,2020,specter,bert,25,100,0.1008
25,2020,specter,bert,50,100,0.12
25,2020,specter,mpnet,10,100,0.29700000000000004
25,2020,specter,mpnet,25,100,0.3164
25,2020,specter,mpnet,50,100,0.3372
25,2020,specter,minilm,10,100,0.238
25,2020,specter,minilm,25,100,0.26839999999999997
25,2020,specter,minilm,50,100,0.2948
25,2020,specter,pubmedbert,10,100,0.08499999999999999
25,2020,specter,pubmedbert,25,100,0.1216
25,2020,specter,pubmedbert,50,100,0.1424
25,2020,specter,biobert,10,100,0.099
25,2020,specter,biobert,25,100,0.1268
25,2020,specter,biobert,50,100,0.14679999999999999
25,2020,specter,simcse,10,100,0.078
25,2020,specter,simcse,25,100,0.09519999999999999
25,2020,specter,simcse,50,100,0.1144
25,2020,specter2,scincl,10,100,0.275
25,2020,specter2,scincl,25,100,0.2964
25,2020,specter2,scincl,50,100,0.3038
25,2020,specter2,scibert,10,100,0.122
25,2020,specter2,scibert,25,100,0.1396
25,2020,specter2,scibert,50,100,0.1588
25,2020,specter2,bert,10,100,0.08
25,2020,specter2,bert,25,100,0.0916
25,2020,specter2,bert,50,100,0.1114
25,2020,specter2,mpnet,10,100,0.302
25,2020,specter2,mpnet,25,100,0.314
25,2020,specter2,mpnet,50,100,0.3212
25,2020,specter2,minilm,10,100,0.24
25,2020,specter2,minilm,25,100,0.2532
25,2020,specter2,minilm,50,100,0.2704
25,2020,specter2,pubmedbert,10,100,0.097
25,2020,specter2,pubmedbert,25,100,0.12119999999999999
25,2020,specter2,pubmedbert,50,100,0.13119999999999998
25,2020,specter2,biobert,10,100,0.092
25,2020,specter2,biobert,25,100,0.1076
25,2020,specter2,biobert,50,100,0.1354
25,2020,specter2,simcse,10,100,0.078
25,2020,specter2,simcse,25,100,0.0872
25,2020,specter2,simcse,50,100,0.09759999999999999
25,2020,scincl,scibert,10,100,0.11200000000000002
25,2020,scincl,scibert,25,100,0.1316
25,2020,scincl,scibert,50,100,0.15460000000000002
25,2020,scincl,bert,10,100,0.087
25,2020,scincl,bert,25,100,0.096
25,2020,scincl,bert,50,100,0.11320000000000001
25,2020,scincl,mpnet,10,100,0.353
25,2020,scincl,mpnet,25,100,0.3796
25,2020,scincl,mpnet,50,100,0.4028
25,2020,scincl,minilm,10,100,0.28700000000000003
25,2020,scincl,minilm,25,100,0.32880000000000004
25,2020,scincl,minilm,50,100,0.34119999999999995
25,2020,scincl,pubmedbert,10,100,0.10200000000000001
25,2020,scincl,pubmedbert,25,100,0.11599999999999999
25,2020,scincl,pubmedbert,50,100,0.1334
25,2020,scincl,biobert,10,100,0.10700000000000001
25,2020,scincl,biobert,25,100,0.1144
25,2020,scincl,biobert,50,100,0.1362
25,2020,scincl,simcse,10,100,0.079
25,2020,scincl,simcse,25,100,0.0908
25,2020,scincl,simcse,50,100,0.1084
25,2020,scibert,bert,10,100,0.21400000000000002
25,2020,scibert,bert,25,100,0.244
25,2020,scibert,bert,50,100,0.2586
25,2020,scibert,mpnet,10,100,0.10500000000000001
25,2020,scibert,mpnet,25,100,0.1276
25,2020,scibert,mpnet,50,100,0.1426
25,2020,scibert,minilm,10,100,0.10400000000000001
25,2020,scibert,minilm,25,100,0.1076
25,2020,scibert,minilm,50,100,0.13419999999999999
25,2020,scibert,pubmedbert,10,100,0.369
25,2020,scibert,pubmedbert,25,100,0.40240000000000004
25,2020,scibert,pubmedbert,50,100,0.42060000000000003
25,2020,scibert,biobert,10,100,0.33799999999999997
25,2020,scibert,biobert,25,100,0.39039999999999997
25,2020,scibert,biobert,50,100,0.40700000000000003
25,2020,scibert,simcse,10,100,0.121
25,2020,scibert,simcse,25,100,0.1308
25,2020,scibert,simcse,50,100,0.1454
25,2020,bert,mpnet,10,100,0.093
25,2020,bert,mpnet,25,100,0.10640000000000001
25,2020,bert,mpnet,50,100,0.1186
25,2020,bert,minilm,10,100,0.097
25,2020,bert,minilm,25,100,0.096
25,2020,bert,minilm,50,100,0.11460000000000001
25,2020,bert,pubmedbert,10,100,0.198
25,2020,bert,pubmedbert,25,100,0.2336
25,2020,bert,pubmedbert,50,100,0.2522
25,2020,bert,biobert,10,100,0.219
25,2020,bert,biobert,25,100,0.2564
25,2020,bert,biobert,50,100,0.273
25,2020,bert,simcse,10,100,0.21000000000000002
25,2020,bert,simcse,25,100,0.2188
25,2020,bert,simcse,50,100,0.24100000000000002
25,2020,mpnet,minilm,10,100,0.44299999999999995
25,2020,mpnet,minilm,25,100,0.47240000000000004
25,2020,mpnet,minilm,50,100,0.5004
25,2020,mpnet,pubmedbert,10,100,0.10500000000000001
25,2020,mpnet,pubmedbert,25,100,0.1192
25,2020,mpnet,pubmedbert,50,100,0.13019999999999998
25,2020,mpnet,biobert,10,100,0.1
25,2020,mpnet,biobert,25,100,0.1204
25,2020,mpnet,biobert,50,100,0.1384
25,2020,mpnet,simcse,10,100,0.094
25,2020,mpnet,simcse,25,100,0.1052
25,2020,mpnet,simcse,50,100,0.1206
25,2020,minilm,pubmedbert,10,100,0.10300000000000001
25,2020,minilm,pubmedbert,25,100,0.1108
25,2020,minilm,pubmedbert,50,100,0.125
25,2020,minilm,biobert,10,100,0.10900000000000001
25,2020,minilm,biobert,25,100,0.11320000000000001
25,2020,minilm,biobert,50,100,0.1306
25,2020,minilm,simcse,10,100,0.093
25,2020,minilm,simcse,25,100,0.10279999999999999
25,2020,minilm,simcse,50,100,0.11939999999999999
25,2020,pubmedbert,biobert,10,100,0.364
25,2020,pubmedbert,biobert,25,100,0.3772
25,2020,pubmedbert,biobert,50,100,0.40740000000000004
25,2020,pubmedbert,simcse,10,100,0.10700000000000001
25,2020,pubmedbert,simcse,25,100,0.1276
25,2020,pubmedbert,simcse,50,100,0.1424
25,2020,biobert,simcse,10,100,0.10700000000000001
25,2020,biobert,simcse,25,100,0.1352
25,2020,biobert,simcse,50,100,0.152
26,2000,specter,specter2,10,100,0.172
26,2000,specter,specter2,25,100,0.1916
26,2000,specter,specter2,50,100,0.2168
26,2000,specter,scincl,10,100,0.281
26,2000,specter,scincl,25,100,0.316
26,2000,specter,scincl,50,100,0.3344
26,2000,specter,scibert,10,100,0.094
26,2000,specter,scibert,25,100,0.102
26,2000,specter,scibert,50,100,0.12119999999999999
26,2000,specter,bert,10,100,0.052000000000000005
26,2000,specter,bert,25,100,0.06480000000000001
26,2000,specter,bert,50,100,0.0842
26,2000,specter,mpnet,10,100,0.263
26,2000,specter,mpnet,25,100,0.2736
26,2000,specter,mpnet,50,100,0.2944
26,2000,specter,minilm,10,100,0.23399999999999999
26,2000,specter,minilm,25,100,0.2368
26,2000,specter,minilm,50,100,0.2672
26,2000,specter,pubmedbert,10,100,0.049
26,2000,specter,pubmedbert,25,100,0.0632
26,2000,specter,pubmedbert,50,100,0.0806
26,2000,specter,biobert,10,100,0.045
26,2000,specter,biobert,25,100,0.0556
26,2000,specter,biobert,50,100,0.0706
26,2000,specter,simcse,10,100,0.066
26,2000,specter,simcse,25,100,0.0688
26,2000,specter,simcse,50,100,0.0888
26,2000,specter2,scincl,10,100,0.236
26,2000,specter2,scincl,25,100,0.2608
26,2000,specter2,scincl,50,100,0.2842
26,2000,specter2,scibert,10,100,0.098
26,2000,specter2,scibert,25,100,0.1232
26,2000,specter2,scibert,50,100,0.1502
26,2000,specter2,bert,10,100,0.067
26,2000,specter2,bert,25,100,0.07440000000000001
26,2000,specter2,bert,50,100,0.0898
26,2000,specter2,mpnet,10,100,0.23900000000000002
26,2000,specter2,mpnet,25,100,0.25120000000000003
26,2000,specter2,mpnet,50,100,0.275
26,2000,specter2,minilm,10,100,0.202
26,2000,specter2,minilm,25,100,0.2184
26,2000,specter2,minilm,50,100,0.2418
26,2000,specter2,pubmedbert,10,100,0.05
26,2000,specter2,pubmedbert,25,100,0.0676
26,2000,specter2,pubmedbert,50,100,0.086
26,2000,specter2,biobert,10,100,0.05500000000000001
26,2000,specter2,biobert,25,100,0.0608
26,2000,specter2,biobert,50,100,0.07719999999999999
26,2000,specter2,simcse,10,100,0.061
26,2000,specter2,simcse,25,100,0.0712
26,2000,specter2,simcse,50,100,0.0832
26,2000,scincl,scibert,10,100,0.101
26,2000,scincl,scibert,25,100,0.1204
26,2000,scincl,scibert,50,100,0.1482
26,2000,scincl,bert,10,100,0.063
26,2000,scincl,bert,25,100,0.0808
26,2000,scincl,bert,50,100,0.096
26,2000,scincl,mpnet,10,100,0.32999999999999996
26,2000,scincl,mpnet,25,100,0.3464
26,2000,scincl,mpnet,50,100,0.37439999999999996
26,2000,scincl,minilm,10,100,0.29700000000000004
26,2000,scincl,minilm,25,100,0.3064
26,2000,scincl,minilm,50,100,0.3276
26,2000,scincl,pubmedbert,10,100,0.047
26,2000,scincl,pubmedbert,25,100,0.068
26,2000,scincl,pubmedbert,50,100,0.087
26,2000,scincl,biobert,10,100,0.048
26,2000,scincl,biobert,25,100,0.06480000000000001
26,2000,scincl,biobert,50,100,0.0742
26,2000,scincl,simcse,10,100,0.064
26,2000,scincl,simcse,25,100,0.0704
26,2000,scincl,simcse,50,100,0.09480000000000001
26,2000,scibert,bert,10,100,0.213
26,2000,scibert,bert,25,100,0.2516
26,2000,scibert,bert,50,100,0.2866
26,2000,scibert,mpnet,10,100,0.10400000000000001
26,2000,scibert,mpnet,25,100,0.12240000000000001
26,2000,scibert,mpnet,50,100,0.1482
26,2000,scibert,minilm,10,100,0.10700000000000001
26,2000,scibert,minilm,25,100,0.12279999999999999
26,2000,scibert,minilm,50,100,0.1478
26,2000,scibert,pubmedbert,10,100,0.266
26,2000,scibert,pubmedbert,25,100,0.30879999999999996
26,2000,scibert,pubmedbert,50,100,0.3354
26,2000,scibert,biobert,10,100,0.21000000000000002
26,2000,scibert,biobert,25,100,0.25920000000000004
26,2000,scibert,biobert,50,100,0.2938
26,2000,scibert,simcse,10,100,0.11599999999999999
26,2000,scibert,simcse,25,100,0.1348
26,2000,scibert,simcse,50,100,0.161
26,2000,bert,mpnet,10,100,0.072
26,2000,bert,mpnet,25,100,0.0944
26,2000,bert,mpnet,50,100,0.107
26,2000,bert,minilm,10,100,0.096
26,2000,bert,minilm,25,100,0.10279999999999999
26,2000,bert,minilm,50,100,0.1182
26,2000,bert,pubmedbert,10,100,0.211
26,2000,bert,pubmedbert,25,100,0.2596
26,2000,bert,pubmedbert,50,100,0.2866
26,2000,bert,biobert,10,100,0.20800000000000002
26,2000,bert,biobert,25,100,0.2532
26,2000,bert,biobert,50,100,0.28300000000000003
26,2000,bert,simcse,10,100,0.20800000000000002
26,2000,bert,simcse,25,100,0.23600000000000002
26,2000,bert,simcse,50,100,0.26739999999999997
26,2000,mpnet,minilm,10,100,0.476
26,2000,mpnet,minilm,25,100,0.4852
26,2000,mpnet,minilm,50,100,0.4968
26,2000,mpnet,pubmedbert,10,100,0.062
26,2000,mpnet,pubmedbert,25,100,0.0728
26,2000,mpnet,pubmedbert,50,100,0.09179999999999999
26,2000,mpnet,biobert,10,100,0.053000000000000005
26,2000,mpnet,biobert,25,100,0.06480000000000001
26,2000,mpnet,biobert,50,100,0.0806
26,2000,mpnet,simcse,10,100,0.094
26,2000,mpnet,simcse,25,100,0.09119999999999999
26,2000,mpnet,simcse,50,100,0.1112
26,2000,minilm,pubmedbert,10,100,0.061
26,2000,minilm,pubmedbert,25,100,0.0784
26,2000,minilm,pubmedbert,50,100,0.09119999999999999
26,2000,minilm,biobert,10,100,0.05500000000000001
26,2000,minilm,biobert,25,100,0.0704
26,2000,minilm,biobert,50,100,0.0892
26,2000,minilm,simcse,10,100,0.091
26,2000,minilm,simcse,25,100,0.1008
26,2000,minilm,simcse,50,100,0.12359999999999999
26,2000,pubmedbert,biobert,10,100,0.261
26,2000,pubmedbert,biobert,25,100,0.31120000000000003
26,2000,pubmedbert,biobert,50,100,0.3464
26,2000,pubmedbert,simcse,10,100,0.10400000000000001
26,2000,pubmedbert,simcse,25,100,0.1324
26,2000,pubmedbert,simcse,50,100,0.1566
26,2000,biobert,simcse,10,100,0.095
26,2000,biobert,simcse,25,100,0.1216
26,2000,biobert,simcse,50,100,0.1464
26,2005,specter,specter2,10,100,0.184
26,2005,specter,specter2,25,100,0.21719999999999998
26,2005,specter,specter2,50,100,0.22760000000000002
26,2005,specter,scincl,10,100,0.282
26,2005,specter,scincl,25,100,0.30760000000000004
26,2005,specter,scincl,50,100,0.331
26,2005,specter,scibert,10,100,0.08399999999999999
26,2005,specter,scibert,25,100,0.1052
26,2005,specter,scibert,50,100,0.1298
26,2005,specter,bert,10,100,0.054000000000000006
26,2005,specter,bert,25,100,0.0696
26,2005,specter,bert,50,100,0.09119999999999999
26,2005,specter,mpnet,10,100,0.256
26,2005,specter,mpnet,25,100,0.28559999999999997
26,2005,specter,mpnet,50,100,0.298
26,2005,specter,minilm,10,100,0.22999999999999998
26,2005,specter,minilm,25,100,0.24280000000000002
26,2005,specter,minilm,50,100,0.266
26,2005,specter,pubmedbert,10,100,0.05500000000000001
26,2005,specter,pubmedbert,25,100,0.064
26,2005,specter,pubmedbert,50,100,0.0828
26,2005,specter,biobert,10,100,0.041999999999999996
26,2005,specter,biobert,25,100,0.057999999999999996
26,2005,specter,biobert,50,100,0.073
26,2005,specter,simcse,10,100,0.05600000000000001
26,2005,specter,simcse,25,100,0.07
26,2005,specter,simcse,50,100,0.0934
26,2005,specter2,scincl,10,100,0.255
26,2005,specter2,scincl,25,100,0.2736
26,2005,specter2,scincl,50,100,0.2952
26,2005,specter2,scibert,10,100,0.099
26,2005,specter2,scibert,25,100,0.122
26,2005,specter2,scibert,50,100,0.151
26,2005,specter2,bert,10,100,0.054000000000000006
26,2005,specter2,bert,25,100,0.0708
26,2005,specter2,bert,50,100,0.08560000000000001
26,2005,specter2,mpnet,10,100,0.242
26,2005,specter2,mpnet,25,100,0.2764
26,2005,specter2,mpnet,50,100,0.2804
26,2005,specter2,minilm,10,100,0.22799999999999998
26,2005,specter2,minilm,25,100,0.2248
26,2005,specter2,minilm,50,100,0.2572
26,2005,specter2,pubmedbert,10,100,0.062
26,2005,specter2,pubmedbert,25,100,0.0724
26,2005,specter2,pubmedbert,50,100,0.08539999999999999
26,2005,specter2,biobert,10,100,0.046
26,2005,specter2,biobert,25,100,0.0552
26,2005,specter2,biobert,50,100,0.07440000000000001
26,2005,specter2,simcse,10,100,0.066
26,2005,specter2,simcse,25,100,0.07400000000000001
26,2005,specter2,simcse,50,100,0.085
26,2005,scincl,scibert,10,100,0.10600000000000001
26,2005,scincl,scibert,25,100,0.1276
26,2005,scincl,scibert,50,100,0.1512
26,2005,scincl,bert,10,100,0.057999999999999996
26,2005,scincl,bert,25,100,0.078
26,2005,scincl,bert,50,100,0.10039999999999999
26,2005,scincl,mpnet,10,100,0.31
26,2005,scincl,mpnet,25,100,0.3368
26,2005,scincl,mpnet,50,100,0.3654
26,2005,scincl,minilm,10,100,0.296
26,2005,scincl,minilm,25,100,0.29960000000000003
26,2005,scincl,minilm,50,100,0.3268
26,2005,scincl,pubmedbert,10,100,0.064
26,2005,scincl,pubmedbert,25,100,0.0708
26,2005,scincl,pubmedbert,50,100,0.0864
26,2005,scincl,biobert,10,100,0.045
26,2005,scincl,biobert,25,100,0.0576
26,2005,scincl,biobert,50,100,0.0736
26,2005,scincl,simcse,10,100,0.073
26,2005,scincl,simcse,25,100,0.07719999999999999
26,2005,scincl,simcse,50,100,0.0916
26,2005,scibert,bert,10,100,0.21000000000000002
26,2005,scibert,bert,25,100,0.2396
26,2005,scibert,bert,50,100,0.27699999999999997
26,2005,scibert,mpnet,10,100,0.10700000000000001
26,2005,scibert,mpnet,25,100,0.1308
26,2005,scibert,mpnet,50,100,0.155
26,2005,scibert,minilm,10,100,0.11299999999999999
26,2005,scibert,minilm,25,100,0.1332
26,2005,scibert,minilm,50,100,0.1598
26,2005,scibert,pubmedbert,10,100,0.272
26,2005,scibert,pubmedbert,25,100,0.3016
26,2005,scibert,pubmedbert,50,100,0.3346
26,2005,scibert,biobert,10,100,0.22200000000000003
26,2005,scibert,biobert,25,100,0.2556
26,2005,scibert,biobert,50,100,0.2894
26,2005,scibert,simcse,10,100,0.088
26,2005,scibert,simcse,25,100,0.12119999999999999
26,2005,scibert,simcse,50,100,0.1438
26,2005,bert,mpnet,10,100,0.08
26,2005,bert,mpnet,25,100,0.09
26,2005,bert,mpnet,50,100,0.11539999999999999
26,2005,bert,minilm,10,100,0.086
26,2005,bert,minilm,25,100,0.1052
26,2005,bert,minilm,50,100,0.126
26,2005,bert,pubmedbert,10,100,0.205
26,2005,bert,pubmedbert,25,100,0.2464
26,2005,bert,pubmedbert,50,100,0.2742
26,2005,bert,biobert,10,100,0.207
26,2005,bert,biobert,25,100,0.2432
26,2005,bert,biobert,50,100,0.2798
26,2005,bert,simcse,10,100,0.162
26,2005,bert,simcse,25,100,0.1916
26,2005,bert,simcse,50,100,0.2234
26,2005,mpnet,minilm,10,100,0.46699999999999997
26,2005,mpnet,minilm,25,100,0.4796
26,2005,mpnet,minilm,50,100,0.4978
26,2005,mpnet,pubmedbert,10,100,0.06999999999999999
26,2005,mpnet,pubmedbert,25,100,0.0788
26,2005,mpnet,pubmedbert,50,100,0.1002
26,2005,mpnet,biobert,10,100,0.06
26,2005,mpnet,biobert,25,100,0.0688
26,2005,mpnet,biobert,50,100,0.08539999999999999
26,2005,mpnet,simcse,10,100,0.087
26,2005,mpnet,simcse,25,100,0.1032
26,2005,mpnet,simcse,50,100,0.11380000000000001
26,2005,minilm,pubmedbert,10,100,0.074
26,2005,minilm,pubmedbert,25,100,0.096
26,2005,minilm,pubmedbert,50,100,0.1084
26,2005,minilm,biobert,10,100,0.062
26,2005,minilm,biobert,25,100,0.078
26,2005,minilm,biobert,50,100,0.09359999999999999
26,2005,minilm,simcse,10,100,0.10200000000000001
26,2005,minilm,simcse,25,100,0.10880000000000001
26,2005,minilm,simcse,50,100,0.12359999999999999
26,2005,pubmedbert,biobert,10,100,0.28700000000000003
26,2005,pubmedbert,biobert,25,100,0.3116
26,2005,pubmedbert,biobert,50,100,0.349
26,2005,pubmedbert,simcse,10,100,0.089
26,2005,pubmedbert,simcse,25,100,0.1048
26,2005,pubmedbert,simcse,50,100,0.1284
26,2005,biobert,simcse,10,100,0.076
26,2005,biobert,simcse,25,100,0.09519999999999999
26,2005,biobert,simcse,50,100,0.128
26,2010,specter,specter2,10,100,0.209
26,2010,specter,specter2,25,100,0.228
26,2010,specter,specter2,50,100,0.25579999999999997
26,2010,specter,scincl,10,100,0.288
26,2010,specter,scincl,25,100,0.3152
26,2010,specter,scincl,50,100,0.36200000000000004
26,2010,specter,scibert,10,100,0.10300000000000001
26,2010,specter,scibert,25,100,0.1276
26,2010,specter,scibert,50,100,0.1514
26,2010,specter,bert,10,100,0.06
26,2010,specter,bert,25,100,0.0848
26,2010,specter,bert,50,100,0.10339999999999999
26,2010,specter,mpnet,10,100,0.284
26,2010,specter,mpnet,25,100,0.3056
26,2010,specter,mpnet,50,100,0.3292
26,2010,specter,minilm,10,100,0.25
26,2010,specter,minilm,25,100,0.2708
26,2010,specter,minilm,50,100,0.2944
26,2010,specter,pubmedbert,10,100,0.072
26,2010,specter,pubmedbert,25,100,0.086
26,2010,specter,pubmedbert,50,100,0.09720000000000001
26,2010,specter,biobert,10,100,0.061
26,2010,specter,biobert,25,100,0.0684
26,2010,specter,biobert,50,100,0.0864
26,2010,specter,simcse,10,100,0.068
26,2010,specter,simcse,25,100,0.08560000000000001
26,2010,specter,simcse,50,100,0.1024
26,2010,specter2,scincl,10,100,0.251
26,2010,specter2,scincl,25,100,0.2752
26,2010,specter2,scincl,50,100,0.2986
26,2010,specter2,scibert,10,100,0.10700000000000001
26,2010,specter2,scibert,25,100,0.14
26,2010,specter2,scibert,50,100,0.1698
26,2010,specter2,bert,10,100,0.062
26,2010,specter2,bert,25,100,0.0768
26,2010,specter2,bert,50,100,0.09359999999999999
26,2010,specter2,mpnet,10,100,0.268
26,2010,specter2,mpnet,25,100,0.2828
26,2010,specter2,mpnet,50,100,0.3042
26,2010,specter2,minilm,10,100,0.236
26,2010,specter2,minilm,25,100,0.2452
26,2010,specter2,minilm,50,100,0.2698
26,2010,specter2,pubmedbert,10,100,0.064
26,2010,specter2,pubmedbert,25,100,0.0812
26,2010,specter2,pubmedbert,50,100,0.0958
26,2010,specter2,biobert,10,100,0.066
26,2010,specter2,biobert,25,100,0.0764
26,2010,specter2,biobert,50,100,0.0824
26,2010,specter2,simcse,10,100,0.068
26,2010,specter2,simcse,25,100,0.07719999999999999
26,2010,specter2,simcse,50,100,0.0934
26,2010,scincl,scibert,10,100,0.10800000000000001
26,2010,scincl,scibert,25,100,0.1388
26,2010,scincl,scibert,50,100,0.16620000000000001
26,2010,scincl,bert,10,100,0.066
26,2010,scincl,bert,25,100,0.0816
26,2010,scincl,bert,50,100,0.1052
26,2010,scincl,mpnet,10,100,0.325
26,2010,scincl,mpnet,25,100,0.3608
26,2010,scincl,mpnet,50,100,0.3814
26,2010,scincl,minilm,10,100,0.301
26,2010,scincl,minilm,25,100,0.3204
26,2010,scincl,minilm,50,100,0.3386
26,2010,scincl,pubmedbert,10,100,0.078
26,2010,scincl,pubmedbert,25,100,0.09
26,2010,scincl,pubmedbert,50,100,0.1056
26,2010,scincl,biobert,10,100,0.062
26,2010,scincl,biobert,25,100,0.0764
26,2010,scincl,biobert,50,100,0.0864
26,2010,scincl,simcse,10,100,0.072
26,2010,scincl,simcse,25,100,0.0788
26,2010,scincl,simcse,50,100,0.10099999999999999
26,2010,scibert,bert,10,100,0.21400000000000002
26,2010,scibert,bert,25,100,0.24480000000000002
26,2010,scibert,bert,50,100,0.268
26,2010,scibert,mpnet,10,100,0.122
26,2010,scibert,mpnet,25,100,0.1432
26,2010,scibert,mpnet,50,100,0.16879999999999998
26,2010,scibert,minilm,10,100,0.12
26,2010,scibert,minilm,25,100,0.1548
26,2010,scibert,minilm,50,100,0.1718
26,2010,scibert,pubmedbert,10,100,0.304
26,2010,scibert,pubmedbert,25,100,0.32520000000000004
26,2010,scibert,pubmedbert,50,100,0.3522
26,2010,scibert,biobert,10,100,0.238
26,2010,scibert,biobert,25,100,0.2708
26,2010,scibert,biobert,50,100,0.2866
26,2010,scibert,simcse,10,100,0.133
26,2010,scibert,simcse,25,100,0.1476
26,2010,scibert,simcse,50,100,0.1678
26,2010,bert,mpnet,10,100,0.08499999999999999
26,2010,bert,mpnet,25,100,0.0932
26,2010,bert,mpnet,50,100,0.111
26,2010,bert,minilm,10,100,0.094
26,2010,bert,minilm,25,100,0.1124
26,2010,bert,minilm,50,100,0.1282
26,2010,bert,pubmedbert,10,100,0.21400000000000002
26,2010,bert,pubmedbert,25,100,0.252
26,2010,bert,pubmedbert,50,100,0.27899999999999997
26,2010,bert,biobert,10,100,0.197
26,2010,bert,biobert,25,100,0.2236
26,2010,bert,biobert,50,100,0.2548
26,2010,bert,simcse,10,100,0.185
26,2010,bert,simcse,25,100,0.228
26,2010,bert,simcse,50,100,0.25780000000000003
26,2010,mpnet,minilm,10,100,0.465
26,2010,mpnet,minilm,25,100,0.5
26,2010,mpnet,minilm,50,100,0.5074000000000001
26,2010,mpnet,pubmedbert,10,100,0.089
26,2010,mpnet,pubmedbert,25,100,0.09759999999999999
26,2010,mpnet,pubmedbert,50,100,0.113
26,2010,mpnet,biobert,10,100,0.074
26,2010,mpnet,biobert,25,100,0.0828
26,2010,mpnet,biobert,50,100,0.0966
26,2010,mpnet,simcse,10,100,0.093
26,2010,mpnet,simcse,25,100,0.0968
26,2010,mpnet,simcse,50,100,0.11900000000000001
26,2010,minilm,pubmedbert,10,100,0.08499999999999999
26,2010,minilm,pubmedbert,25,100,0.1032
26,2010,minilm,pubmedbert,50,100,0.1152
26,2010,minilm,biobert,10,100,0.067
26,2010,minilm,biobert,25,100,0.08800000000000001
26,2010,minilm,biobert,50,100,0.1024
26,2010,minilm,simcse,10,100,0.10400000000000001
26,2010,minilm,simcse,25,100,0.11599999999999999
26,2010,minilm,simcse,50,100,0.1318
26,2010,pubmedbert,biobert,10,100,0.27999999999999997
26,2010,pubmedbert,biobert,25,100,0.30920000000000003
26,2010,pubmedbert,biobert,50,100,0.3408
26,2010,pubmedbert,simcse,10,100,0.121
26,2010,pubmedbert,simcse,25,100,0.13119999999999998
26,2010,pubmedbert,simcse,50,100,0.1528
26,2010,biobert,simcse,10,100,0.10300000000000001
26,2010,biobert,simcse,25,100,0.12480000000000001
26,2010,biobert,simcse,50,100,0.1444
26,2015,specter,specter2,10,100,0.22000000000000003
26,2015,specter,specter2,25,100,0.2544
26,2015,specter,specter2,50,100,0.27140000000000003
26,2015,specter,scincl,10,100,0.29500000000000004
26,2015,specter,scincl,25,100,0.34600000000000003
26,2015,specter,scincl,50,100,0.3678
26,2015,specter,scibert,10,100,0.118
26,2015,specter,scibert,25,100,0.1376
26,2015,specter,scibert,50,100,0.1574
26,2015,specter,bert,10,100,0.087
26,2015,specter,bert,25,100,0.09720000000000001
26,2015,specter,bert,50,100,0.114
26,2015,specter,mpnet,10,100,0.296
26,2015,specter,mpnet,25,100,0.3116
26,2015,specter,mpnet,50,100,0.3248
26,2015,specter,minilm,10,100,0.264
26,2015,specter,minilm,25,100,0.2792
26,2015,specter,minilm,50,100,0.2928
26,2015,specter,pubmedbert,10,100,0.071
26,2015,specter,pubmedbert,25,100,0.0876
26,2015,specter,pubmedbert,50,100,0.1054
26,2015,specter,biobert,10,100,0.066
26,2015,specter,biobert,25,100,0.08199999999999999
26,2015,specter,biobert,50,100,0.0962
26,2015,specter,simcse,10,100,0.079
26,2015,specter,simcse,25,100,0.09119999999999999
26,2015,specter,simcse,50,100,0.1048
26,2015,specter2,scincl,10,100,0.272
26,2015,specter2,scincl,25,100,0.3024
26,2015,specter2,scincl,50,100,0.33140000000000003
26,2015,specter2,scibert,10,100,0.134
26,2015,specter2,scibert,25,100,0.1684
26,2015,specter2,scibert,50,100,0.17559999999999998
26,2015,specter2,bert,10,100,0.08499999999999999
26,2015,specter2,bert,25,100,0.1012
26,2015,specter2,bert,50,100,0.1166
26,2015,specter2,mpnet,10,100,0.27799999999999997
26,2015,specter2,mpnet,25,100,0.2924
26,2015,specter2,mpnet,50,100,0.3124
26,2015,specter2,minilm,10,100,0.238
26,2015,specter2,minilm,25,100,0.2572
26,2015,specter2,minilm,50,100,0.27899999999999997
26,2015,specter2,pubmedbert,10,100,0.08
26,2015,specter2,pubmedbert,25,100,0.106
26,2015,specter2,pubmedbert,50,100,0.1108
26,2015,specter2,biobert,10,100,0.079
26,2015,specter2,biobert,25,100,0.09359999999999999
26,2015,specter2,biobert,50,100,0.10300000000000001
26,2015,specter2,simcse,10,100,0.08299999999999999
26,2015,specter2,simcse,25,100,0.094
26,2015,specter2,simcse,50,100,0.11019999999999999
26,2015,scincl,scibert,10,100,0.125
26,2015,scincl,scibert,25,100,0.14880000000000002
26,2015,scincl,scibert,50,100,0.1726
26,2015,scincl,bert,10,100,0.1
26,2015,scincl,bert,25,100,0.10679999999999999
26,2015,scincl,bert,50,100,0.124
26,2015,scincl,mpnet,10,100,0.339
26,2015,scincl,mpnet,25,100,0.37799999999999995
26,2015,scincl,mpnet,50,100,0.39399999999999996
26,2015,scincl,minilm,10,100,0.321
26,2015,scincl,minilm,25,100,0.3332
26,2015,scincl,minilm,50,100,0.35359999999999997
26,2015,scincl,pubmedbert,10,100,0.078
26,2015,scincl,pubmedbert,25,100,0.09480000000000001
26,2015,scincl,pubmedbert,50,100,0.10880000000000001
26,2015,scincl,biobert,10,100,0.076
26,2015,scincl,biobert,25,100,0.08839999999999999
26,2015,scincl,biobert,50,100,0.102
26,2015,scincl,simcse,10,100,0.073
26,2015,scincl,simcse,25,100,0.098
26,2015,scincl,simcse,50,100,0.1134
26,2015,scibert,bert,10,100,0.23199999999999998
26,2015,scibert,bert,25,100,0.272
26,2015,scibert,bert,50,100,0.28859999999999997
26,2015,scibert,mpnet,10,100,0.121
26,2015,scibert,mpnet,25,100,0.1512
26,2015,scibert,mpnet,50,100,0.1672
26,2015,scibert,minilm,10,100,0.13899999999999998
26,2015,scibert,minilm,25,100,0.1484
26,2015,scibert,minilm,50,100,0.1668
26,2015,scibert,pubmedbert,10,100,0.296
26,2015,scibert,pubmedbert,25,100,0.3368
26,2015,scibert,pubmedbert,50,100,0.3626
26,2015,scibert,biobert,10,100,0.256
26,2015,scibert,biobert,25,100,0.2876
26,2015,scibert,biobert,50,100,0.3156
26,2015,scibert,simcse,10,100,0.13799999999999998
26,2015,scibert,simcse,25,100,0.1476
26,2015,scibert,simcse,50,100,0.168
26,2015,bert,mpnet,10,100,0.088
26,2015,bert,mpnet,25,100,0.10880000000000001
26,2015,bert,mpnet,50,100,0.1294
26,2015,bert,minilm,10,100,0.101
26,2015,bert,minilm,25,100,0.1176
26,2015,bert,minilm,50,100,0.1358
26,2015,bert,pubmedbert,10,100,0.21200000000000002
26,2015,bert,pubmedbert,25,100,0.252
26,2015,bert,pubmedbert,50,100,0.2928
26,2015,bert,biobert,10,100,0.24100000000000002
26,2015,bert,biobert,25,100,0.2664
26,2015,bert,biobert,50,100,0.2826
26,2015,bert,simcse,10,100,0.20400000000000001
26,2015,bert,simcse,25,100,0.21
26,2015,bert,simcse,50,100,0.2432
26,2015,mpnet,minilm,10,100,0.46399999999999997
26,2015,mpnet,minilm,25,100,0.5024000000000001
26,2015,mpnet,minilm,50,100,0.5146000000000001
26,2015,mpnet,pubmedbert,10,100,0.09
26,2015,mpnet,pubmedbert,25,100,0.1
26,2015,mpnet,pubmedbert,50,100,0.11380000000000001
26,2015,mpnet,biobert,10,100,0.087
26,2015,mpnet,biobert,25,100,0.098
26,2015,mpnet,biobert,50,100,0.1084
26,2015,mpnet,simcse,10,100,0.091
26,2015,mpnet,simcse,25,100,0.1104
26,2015,mpnet,simcse,50,100,0.1288
26,2015,minilm,pubmedbert,10,100,0.08399999999999999
26,2015,minilm,pubmedbert,25,100,0.102
26,2015,minilm,pubmedbert,50,100,0.115
26,2015,minilm,biobert,10,100,0.08299999999999999
26,2015,minilm,biobert,25,100,0.0944
26,2015,minilm,biobert,50,100,0.1082
26,2015,minilm,simcse,10,100,0.099
26,2015,minilm,simcse,25,100,0.1144
26,2015,minilm,simcse,50,100,0.13019999999999998
26,2015,pubmedbert,biobert,10,100,0.3
26,2015,pubmedbert,biobert,25,100,0.3356
26,2015,pubmedbert,biobert,50,100,0.3696
26,2015,pubmedbert,simcse,10,100,0.10800000000000001
26,2015,pubmedbert,simcse,25,100,0.1272
26,2015,pubmedbert,simcse,50,100,0.15380000000000002
26,2015,biobert,simcse,10,100,0.11299999999999999
26,2015,biobert,simcse,25,100,0.1288
26,2015,biobert,simcse,50,100,0.1452
26,2020,specter,specter2,10,100,0.233
26,2020,specter,specter2,25,100,0.26039999999999996
26,2020,specter,specter2,50,100,0.2854
26,2020,specter,scincl,10,100,0.312
26,2020,specter,scincl,25,100,0.36479999999999996
26,2020,specter,scincl,50,100,0.3766
26,2020,specter,scibert,10,100,0.11000000000000001
26,2020,specter,scibert,25,100,0.1384
26,2020,specter,scibert,50,100,0.1618
26,2020,specter,bert,10,100,0.091
26,2020,specter,bert,25,100,0.106
26,2020,specter,bert,50,100,0.1192
26,2020,specter,mpnet,10,100,0.28900000000000003
26,2020,specter,mpnet,25,100,0.3028
26,2020,specter,mpnet,50,100,0.342
26,2020,specter,minilm,10,100,0.256
26,2020,specter,minilm,25,100,0.2756
26,2020,specter,minilm,50,100,0.3084
26,2020,specter,pubmedbert,10,100,0.078
26,2020,specter,pubmedbert,25,100,0.09480000000000001
26,2020,specter,pubmedbert,50,100,0.11939999999999999
26,2020,specter,biobert,10,100,0.078
26,2020,specter,biobert,25,100,0.094
26,2020,specter,biobert,50,100,0.1074
26,2020,specter,simcse,10,100,0.08499999999999999
26,2020,specter,simcse,25,100,0.10439999999999999
26,2020,specter,simcse,50,100,0.1186
26,2020,specter2,scincl,10,100,0.281
26,2020,specter2,scincl,25,100,0.29960000000000003
26,2020,specter2,scincl,50,100,0.32159999999999994
26,2020,specter2,scibert,10,100,0.155
26,2020,specter2,scibert,25,100,0.16519999999999999
26,2020,specter2,scibert,50,100,0.1766
26,2020,specter2,bert,10,100,0.10600000000000001
26,2020,specter2,bert,25,100,0.1084
26,2020,specter2,bert,50,100,0.1168
26,2020,specter2,mpnet,10,100,0.29900000000000004
26,2020,specter2,mpnet,25,100,0.2992
26,2020,specter2,mpnet,50,100,0.32380000000000003
26,2020,specter2,minilm,10,100,0.267
26,2020,specter2,minilm,25,100,0.2704
26,2020,specter2,minilm,50,100,0.2874
26,2020,specter2,pubmedbert,10,100,0.1
26,2020,specter2,pubmedbert,25,100,0.10880000000000001
26,2020,specter2,pubmedbert,50,100,0.11939999999999999
26,2020,specter2,biobert,10,100,0.096
26,2020,specter2,biobert,25,100,0.098
26,2020,specter2,biobert,50,100,0.10279999999999999
26,2020,specter2,simcse,10,100,0.094
26,2020,specter2,simcse,25,100,0.10400000000000001
26,2020,specter2,simcse,50,100,0.11939999999999999
26,2020,scincl,scibert,10,100,0.142
26,2020,scincl,scibert,25,100,0.1564
26,2020,scincl,scibert,50,100,0.1746
26,2020,scincl,bert,10,100,0.1
26,2020,scincl,bert,25,100,0.10439999999999999
26,2020,scincl,bert,50,100,0.121
26,2020,scincl,mpnet,10,100,0.352
26,2020,scincl,mpnet,25,100,0.36479999999999996
26,2020,scincl,mpnet,50,100,0.3922
26,2020,scincl,minilm,10,100,0.32599999999999996
26,2020,scincl,minilm,25,100,0.3472
26,2020,scincl,minilm,50,100,0.35979999999999995
26,2020,scincl,pubmedbert,10,100,0.087
26,2020,scincl,pubmedbert,25,100,0.0984
26,2020,scincl,pubmedbert,50,100,0.11720000000000001
26,2020,scincl,biobert,10,100,0.09
26,2020,scincl,biobert,25,100,0.0984
26,2020,scincl,biobert,50,100,0.105
26,2020,scincl,simcse,10,100,0.092
26,2020,scincl,simcse,25,100,0.1104
26,2020,scincl,simcse,50,100,0.12480000000000001
26,2020,scibert,bert,10,100,0.257
26,2020,scibert,bert,25,100,0.2816
26,2020,scibert,bert,50,100,0.31420000000000003
26,2020,scibert,mpnet,10,100,0.13799999999999998
26,2020,scibert,mpnet,25,100,0.1512
26,2020,scibert,mpnet,50,100,0.16899999999999998
26,2020,scibert,minilm,10,100,0.133
26,2020,scibert,minilm,25,100,0.152
26,2020,scibert,minilm,50,100,0.16920000000000002
26,2020,scibert,pubmedbert,10,100,0.305
26,2020,scibert,pubmedbert,25,100,0.35159999999999997
26,2020,scibert,pubmedbert,50,100,0.38659999999999994
26,2020,scibert,biobert,10,100,0.28900000000000003
26,2020,scibert,biobert,25,100,0.3116
26,2020,scibert,biobert,50,100,0.3528
26,2020,scibert,simcse,10,100,0.135
26,2020,scibert,simcse,25,100,0.1572
26,2020,scibert,simcse,50,100,0.1884
26,2020,bert,mpnet,10,100,0.10900000000000001
26,2020,bert,mpnet,25,100,0.1108
26,2020,bert,mpnet,50,100,0.1324
26,2020,bert,minilm,10,100,0.10800000000000001
26,2020,bert,minilm,25,100,0.11320000000000001
26,2020,bert,minilm,50,100,0.1316
26,2020,bert,pubmedbert,10,100,0.261
26,2020,bert,pubmedbert,25,100,0.2736
26,2020,bert,pubmedbert,50,100,0.3068
26,2020,bert,biobert,10,100,0.256
26,2020,bert,biobert,25,100,0.282
26,2020,bert,biobert,50,100,0.3114
26,2020,bert,simcse,10,100,0.186
26,2020,bert,simcse,25,100,0.226
26,2020,bert,simcse,50,100,0.2494
26,2020,mpnet,minilm,10,100,0.47800000000000004
26,2020,mpnet,minilm,25,100,0.4976
26,2020,mpnet,minilm,50,100,0.5136
26,2020,mpnet,pubmedbert,10,100,0.095
26,2020,mpnet,pubmedbert,25,100,0.1092
26,2020,mpnet,pubmedbert,50,100,0.1226
26,2020,mpnet,biobert,10,100,0.095
26,2020,mpnet,biobert,25,100,0.1
26,2020,mpnet,biobert,50,100,0.1128
26,2020,mpnet,simcse,10,100,0.11100000000000002
26,2020,mpnet,simcse,25,100,0.1208
26,2020,mpnet,simcse,50,100,0.1394
26,2020,minilm,pubmedbert,10,100,0.094
26,2020,minilm,pubmedbert,25,100,0.1052
26,2020,minilm,pubmedbert,50,100,0.12279999999999999
26,2020,minilm,biobert,10,100,0.09
26,2020,minilm,biobert,25,100,0.10400000000000001
26,2020,minilm,biobert,50,100,0.11199999999999999
26,2020,minilm,simcse,10,100,0.11200000000000002
26,2020,minilm,simcse,25,100,0.1324
26,2020,minilm,simcse,50,100,0.1442
26,2020,pubmedbert,biobert,10,100,0.327
26,2020,pubmedbert,biobert,25,100,0.35960000000000003
26,2020,pubmedbert,biobert,50,100,0.3874
26,2020,pubmedbert,simcse,10,100,0.128
26,2020,pubmedbert,simcse,25,100,0.1416
26,2020,pubmedbert,simcse,50,100,0.1654
26,2020,biobert,simcse,10,100,0.128
26,2020,biobert,simcse,25,100,0.136
26,2020,biobert,simcse,50,100,0.1624
27,2000,specter,specter2,10,100,0.264
27,2000,specter,specter2,25,100,0.2708
27,2000,specter,specter2,50,100,0.287
27,2000,specter,scincl,10,100,0.369
27,2000,specter,scincl,25,100,0.3896
27,2000,specter,scincl,50,100,0.41479999999999995
27,2000,specter,scibert,10,100,0.11000000000000001
27,2000,specter,scibert,25,100,0.12960000000000002
27,2000,specter,scibert,50,100,0.14679999999999999
27,2000,specter,bert,10,100,0.08299999999999999
27,2000,specter,bert,25,100,0.084
27,2000,specter,bert,50,100,0.09119999999999999
27,2000,specter,mpnet,10,100,0.313
27,2000,specter,mpnet,25,100,0.3404
27,2000,specter,mpnet,50,100,0.364
27,2000,specter,minilm,10,100,0.306
27,2000,specter,minilm,25,100,0.30519999999999997
27,2000,specter,minilm,50,100,0.31980000000000003
27,2000,specter,pubmedbert,10,100,0.10600000000000001
27,2000,specter,pubmedbert,25,100,0.12480000000000001
27,2000,specter,pubmedbert,50,100,0.13140000000000002
27,2000,specter,biobert,10,100,0.12
27,2000,specter,biobert,25,100,0.1404
27,2000,specter,biobert,50,100,0.1534
27,2000,specter,simcse,10,100,0.072
27,2000,specter,simcse,25,100,0.078
27,2000,specter,simcse,50,100,0.0868
27,2000,specter2,scincl,10,100,0.303
27,2000,specter2,scincl,25,100,0.3264
27,2000,specter2,scincl,50,100,0.3436
27,2000,specter2,scibert,10,100,0.079
27,2000,specter2,scibert,25,100,0.0916
27,2000,specter2,scibert,50,100,0.109
27,2000,specter2,bert,10,100,0.052000000000000005
27,2000,specter2,bert,25,100,0.0608
27,2000,specter2,bert,50,100,0.0676
27,2000,specter2,mpnet,10,100,0.28500000000000003
27,2000,specter2,mpnet,25,100,0.3084
27,2000,specter2,mpnet,50,100,0.32439999999999997
27,2000,specter2,minilm,10,100,0.267
27,2000,specter2,minilm,25,100,0.2728
27,2000,specter2,minilm,50,100,0.282
27,2000,specter2,pubmedbert,10,100,0.064
27,2000,specter2,pubmedbert,25,100,0.0824
27,2000,specter2,pubmedbert,50,100,0.092
27,2000,specter2,biobert,10,100,0.08499999999999999
27,2000,specter2,biobert,25,100,0.1016
27,2000,specter2,biobert,50,100,0.11220000000000001
27,2000,specter2,simcse,10,100,0.05500000000000001
27,2000,specter2,simcse,25,100,0.0608
27,2000,specter2,simcse,50,100,0.0626
27,2000,scincl,scibert,10,100,0.087
27,2000,scincl,scibert,25,100,0.102
27,2000,scincl,scibert,50,100,0.11960000000000001
27,2000,scincl,bert,10,100,0.062
27,2000,scincl,bert,25,100,0.0664
27,2000,scincl,bert,50,100,0.07719999999999999
27,2000,scincl,mpnet,10,100,0.40599999999999997
27,2000,scincl,mpnet,25,100,0.4288
27,2000,scincl,mpnet,50,100,0.4612
27,2000,scincl,minilm,10,100,0.352
27,2000,scincl,minilm,25,100,0.3696
27,2000,scincl,minilm,50,100,0.38
27,2000,scincl,pubmedbert,10,100,0.074
27,2000,scincl,pubmedbert,25,100,0.0928
27,2000,scincl,pubmedbert,50,100,0.10880000000000001
27,2000,scincl,biobert,10,100,0.10500000000000001
27,2000,scincl,biobert,25,100,0.10800000000000001
27,2000,scincl,biobert,50,100,0.1284
27,2000,scincl,simcse,10,100,0.062
27,2000,scincl,simcse,25,100,0.0664
27,2000,scincl,simcse,50,100,0.0742
27,2000,scibert,bert,10,100,0.155
27,2000,scibert,bert,25,100,0.1932
27,2000,scibert,bert,50,100,0.21239999999999998
27,2000,scibert,mpnet,10,100,0.081
27,2000,scibert,mpnet,25,100,0.096
27,2000,scibert,mpnet,50,100,0.1092
27,2000,scibert,minilm,10,100,0.089
27,2000,scibert,minilm,25,100,0.0964
27,2000,scibert,minilm,50,100,0.1074
27,2000,scibert,pubmedbert,10,100,0.343
27,2000,scibert,pubmedbert,25,100,0.39159999999999995
27,2000,scibert,pubmedbert,50,100,0.4096
27,2000,scibert,biobert,10,100,0.343
27,2000,scibert,biobert,25,100,0.3624
27,2000,scibert,biobert,50,100,0.3918
27,2000,scibert,simcse,10,100,0.092
27,2000,scibert,simcse,25,100,0.1072
27,2000,scibert,simcse,50,100,0.1174
27,2000,bert,mpnet,10,100,0.065
27,2000,bert,mpnet,25,100,0.0716
27,2000,bert,mpnet,50,100,0.0812
27,2000,bert,minilm,10,100,0.06899999999999999
27,2000,bert,minilm,25,100,0.07719999999999999
27,2000,bert,minilm,50,100,0.08259999999999999
27,2000,bert,pubmedbert,10,100,0.137
27,2000,bert,pubmedbert,25,100,0.16399999999999998
27,2000,bert,pubmedbert,50,100,0.1862
27,2000,bert,biobert,10,100,0.18
27,2000,bert,biobert,25,100,0.20879999999999999
27,2000,bert,biobert,50,100,0.24100000000000002
27,2000,bert,simcse,10,100,0.141
27,2000,bert,simcse,25,100,0.1576
27,2000,bert,simcse,50,100,0.1822
27,2000,mpnet,minilm,10,100,0.458
27,2000,mpnet,minilm,25,100,0.474
27,2000,mpnet,minilm,50,100,0.4852
27,2000,mpnet,pubmedbert,10,100,0.072
27,2000,mpnet,pubmedbert,25,100,0.0928
27,2000,mpnet,pubmedbert,50,100,0.10039999999999999
27,2000,mpnet,biobert,10,100,0.097
27,2000,mpnet,biobert,25,100,0.1072
27,2000,mpnet,biobert,50,100,0.1266
27,2000,mpnet,simcse,10,100,0.071
27,2000,mpnet,simcse,25,100,0.0712
27,2000,mpnet,simcse,50,100,0.0806
27,2000,minilm,pubmedbert,10,100,0.066
27,2000,minilm,pubmedbert,25,100,0.0888
27,2000,minilm,pubmedbert,50,100,0.0964
27,2000,minilm,biobert,10,100,0.095
27,2000,minilm,biobert,25,100,0.10679999999999999
27,2000,minilm,biobert,50,100,0.11720000000000001
27,2000,minilm,simcse,10,100,0.087
27,2000,minilm,simcse,25,100,0.084
27,2000,minilm,simcse,50,100,0.0848
27,2000,pubmedbert,biobert,10,100,0.359
27,2000,pubmedbert,biobert,25,100,0.376
27,2000,pubmedbert,biobert,50,100,0.4064
27,2000,pubmedbert,simcse,10,100,0.08199999999999999
27,2000,pubmedbert,simcse,25,100,0.0944
27,2000,pubmedbert,simcse,50,100,0.1052
27,2000,biobert,simcse,10,100,0.10200000000000001
27,2000,biobert,simcse,25,100,0.11
27,2000,biobert,simcse,50,100,0.1234
27,2005,specter,specter2,10,100,0.27
27,2005,specter,specter2,25,100,0.2616
27,2005,specter,specter2,50,100,0.2894
27,2005,specter,scincl,10,100,0.379
27,2005,specter,scincl,25,100,0.38159999999999994
27,2005,specter,scincl,50,100,0.3946
27,2005,specter,scibert,10,100,0.1
27,2005,specter,scibert,25,100,0.12279999999999999
27,2005,specter,scibert,50,100,0.142
27,2005,specter,bert,10,100,0.071
27,2005,specter,bert,25,100,0.0848
27,2005,specter,bert,50,100,0.0922
27,2005,specter,mpnet,10,100,0.319
27,2005,specter,mpnet,25,100,0.3452
27,2005,specter,mpnet,50,100,0.3546
27,2005,specter,minilm,10,100,0.29300000000000004
27,2005,specter,minilm,25,100,0.3156
27,2005,specter,minilm,50,100,0.3226
27,2005,specter,pubmedbert,10,100,0.093
27,2005,specter,pubmedbert,25,100,0.1152
27,2005,specter,pubmedbert,50,100,0.129
27,2005,specter,biobert,10,100,0.10200000000000001
27,2005,specter,biobert,25,100,0.1276
27,2005,specter,biobert,50,100,0.1442
27,2005,specter,simcse,10,100,0.066
27,2005,specter,simcse,25,100,0.07440000000000001
27,2005,specter,simcse,50,100,0.0834
27,2005,specter2,scincl,10,100,0.324
27,2005,specter2,scincl,25,100,0.3208
27,2005,specter2,scincl,50,100,0.3408
27,2005,specter2,scibert,10,100,0.097
27,2005,specter2,scibert,25,100,0.10279999999999999
27,2005,specter2,scibert,50,100,0.1198
27,2005,specter2,bert,10,100,0.059
27,2005,specter2,bert,25,100,0.0684
27,2005,specter2,bert,50,100,0.07719999999999999
27,2005,specter2,mpnet,10,100,0.301
27,2005,specter2,mpnet,25,100,0.2948
27,2005,specter2,mpnet,50,100,0.3188
27,2005,specter2,minilm,10,100,0.261
27,2005,specter2,minilm,25,100,0.26
27,2005,specter2,minilm,50,100,0.2782
27,2005,specter2,pubmedbert,10,100,0.077
27,2005,specter2,pubmedbert,25,100,0.09759999999999999
27,2005,specter2,pubmedbert,50,100,0.109
27,2005,specter2,biobert,10,100,0.1
27,2005,specter2,biobert,25,100,0.1052
27,2005,specter2,biobert,50,100,0.1206
27,2005,specter2,simcse,10,100,0.05600000000000001
27,2005,specter2,simcse,25,100,0.0636
27,2005,specter2,simcse,50,100,0.0722
27,2005,scincl,scibert,10,100,0.086
27,2005,scincl,scibert,25,100,0.1012
27,2005,scincl,scibert,50,100,0.11800000000000001
27,2005,scincl,bert,10,100,0.06899999999999999
27,2005,scincl,bert,25,100,0.08039999999999999
27,2005,scincl,bert,50,100,0.0888
27,2005,scincl,mpnet,10,100,0.393
27,2005,scincl,mpnet,25,100,0.4152
27,2005,scincl,mpnet,50,100,0.43200000000000005
27,2005,scincl,minilm,10,100,0.344
27,2005,scincl,minilm,25,100,0.3528
27,2005,scincl,minilm,50,100,0.375
27,2005,scincl,pubmedbert,10,100,0.08199999999999999
27,2005,scincl,pubmedbert,25,100,0.1032
27,2005,scincl,pubmedbert,50,100,0.1182
27,2005,scincl,biobert,10,100,0.092
27,2005,scincl,biobert,25,100,0.1112
27,2005,scincl,biobert,50,100,0.1242
27,2005,scincl,simcse,10,100,0.063
27,2005,scincl,simcse,25,100,0.0708
27,2005,scincl,simcse,50,100,0.08
27,2005,scibert,bert,10,100,0.198
27,2005,scibert,bert,25,100,0.2248
27,2005,scibert,bert,50,100,0.24420000000000003
27,2005,scibert,mpnet,10,100,0.078
27,2005,scibert,mpnet,25,100,0.09519999999999999
27,2005,scibert,mpnet,50,100,0.1066
27,2005,scibert,minilm,10,100,0.078
27,2005,scibert,minilm,25,100,0.0984
27,2005,scibert,minilm,50,100,0.11220000000000001
27,2005,scibert,pubmedbert,10,100,0.377
27,2005,scibert,pubmedbert,25,100,0.4068
27,2005,scibert,pubmedbert,50,100,0.43560000000000004
27,2005,scibert,biobert,10,100,0.375
27,2005,scibert,biobert,25,100,0.3924
27,2005,scibert,biobert,50,100,0.40880000000000005
27,2005,scibert,simcse,10,100,0.11100000000000002
27,2005,scibert,simcse,25,100,0.12240000000000001
27,2005,scibert,simcse,50,100,0.1346
27,2005,bert,mpnet,10,100,0.067
27,2005,bert,mpnet,25,100,0.0796
27,2005,bert,mpnet,50,100,0.09179999999999999
27,2005,bert,minilm,10,100,0.071
27,2005,bert,minilm,25,100,0.0796
27,2005,bert,minilm,50,100,0.0968
27,2005,bert,pubmedbert,10,100,0.178
27,2005,bert,pubmedbert,25,100,0.2024
27,2005,bert,pubmedbert,50,100,0.225
27,2005,bert,biobert,10,100,0.21400000000000002
27,2005,bert,biobert,25,100,0.24239999999999998
27,2005,bert,biobert,50,100,0.2564
27,2005,bert,simcse,10,100,0.154
27,2005,bert,simcse,25,100,0.18760000000000002
27,2005,bert,simcse,50,100,0.21100000000000002
27,2005,mpnet,minilm,10,100,0.45999999999999996
27,2005,mpnet,minilm,25,100,0.4876
27,2005,mpnet,minilm,50,100,0.4962
27,2005,mpnet,pubmedbert,10,100,0.06899999999999999
27,2005,mpnet,pubmedbert,25,100,0.0932
27,2005,mpnet,pubmedbert,50,100,0.11259999999999999
27,2005,mpnet,biobert,10,100,0.089
27,2005,mpnet,biobert,25,100,0.102
27,2005,mpnet,biobert,50,100,0.1208
27,2005,mpnet,simcse,10,100,0.056999999999999995
27,2005,mpnet,simcse,25,100,0.0768
27,2005,mpnet,simcse,50,100,0.0926
27,2005,minilm,pubmedbert,10,100,0.08
27,2005,minilm,pubmedbert,25,100,0.09480000000000001
27,2005,minilm,pubmedbert,50,100,0.1096
27,2005,minilm,biobert,10,100,0.098
27,2005,minilm,biobert,25,100,0.1008
27,2005,minilm,biobert,50,100,0.1192
27,2005,minilm,simcse,10,100,0.067
27,2005,minilm,simcse,25,100,0.0832
27,2005,minilm,simcse,50,100,0.10060000000000001
27,2005,pubmedbert,biobert,10,100,0.375
27,2005,pubmedbert,biobert,25,100,0.4036
27,2005,pubmedbert,biobert,50,100,0.42719999999999997
27,2005,pubmedbert,simcse,10,100,0.098
27,2005,pubmedbert,simcse,25,100,0.11199999999999999
27,2005,pubmedbert,simcse,50,100,0.1322
27,2005,biobert,simcse,10,100,0.11200000000000002
27,2005,biobert,simcse,25,100,0.1188
27,2005,biobert,simcse,50,100,0.1392
27,2010,specter,specter2,10,100,0.316
27,2010,specter,specter2,25,100,0.31920000000000004
27,2010,specter,specter2,50,100,0.33159999999999995
27,2010,specter,scincl,10,100,0.42800000000000005
27,2010,specter,scincl,25,100,0.428
27,2010,specter,scincl,50,100,0.43
27,2010,specter,scibert,10,100,0.11200000000000002
27,2010,specter,scibert,25,100,0.1316
27,2010,specter,scibert,50,100,0.1322
27,2010,specter,bert,10,100,0.074
27,2010,specter,bert,25,100,0.08
27,2010,specter,bert,50,100,0.09140000000000001
27,2010,specter,mpnet,10,100,0.38
27,2010,specter,mpnet,25,100,0.4
27,2010,specter,mpnet,50,100,0.40020000000000006
27,2010,specter,minilm,10,100,0.359
27,2010,specter,minilm,25,100,0.35840000000000005
27,2010,specter,minilm,50,100,0.3604
27,2010,specter,pubmedbert,10,100,0.10900000000000001
27,2010,specter,pubmedbert,25,100,0.1124
27,2010,specter,pubmedbert,50,100,0.11320000000000001
27,2010,specter,biobert,10,100,0.12
27,2010,specter,biobert,25,100,0.1292
27,2010,specter,biobert,50,100,0.134
27,2010,specter,simcse,10,100,0.073
27,2010,specter,simcse,25,100,0.08439999999999999
27,2010,specter,simcse,50,100,0.0922
27,2010,specter2,scincl,10,100,0.341
27,2010,specter2,scincl,25,100,0.3688
27,2010,specter2,scincl,50,100,0.365
27,2010,specter2,scibert,10,100,0.099
27,2010,specter2,scibert,25,100,0.106
27,2010,specter2,scibert,50,100,0.1104
27,2010,specter2,bert,10,100,0.064
27,2010,specter2,bert,25,100,0.0668
27,2010,specter2,bert,50,100,0.0746
27,2010,specter2,mpnet,10,100,0.32
27,2010,specter2,mpnet,25,100,0.34600000000000003
27,2010,specter2,mpnet,50,100,0.3448
27,2010,specter2,minilm,10,100,0.292
27,2010,specter2,minilm,25,100,0.3036
27,2010,specter2,minilm,50,100,0.30879999999999996
27,2010,specter2,pubmedbert,10,100,0.08499999999999999
27,2010,specter2,pubmedbert,25,100,0.0864
27,2010,specter2,pubmedbert,50,100,0.0958
27,2010,specter2,biobert,10,100,0.08399999999999999
27,2010,specter2,biobert,25,100,0.0968
27,2010,specter2,biobert,50,100,0.10859999999999999
27,2010,specter2,simcse,10,100,0.061
27,2010,specter2,simcse,25,100,0.0728
27,2010,specter2,simcse,50,100,0.07719999999999999
27,2010,scincl,scibert,10,100,0.101
27,2010,scincl,scibert,25,100,0.11359999999999999
27,2010,scincl,scibert,50,100,0.12119999999999999
27,2010,scincl,bert,10,100,0.061
27,2010,scincl,bert,25,100,0.0764
27,2010,scincl,bert,50,100,0.08800000000000001
27,2010,scincl,mpnet,10,100,0.44800000000000006
27,2010,scincl,mpnet,25,100,0.46520000000000006
27,2010,scincl,mpnet,50,100,0.4694
27,2010,scincl,minilm,10,100,0.4
27,2010,scincl,minilm,25,100,0.40759999999999996
27,2010,scincl,minilm,50,100,0.4048
27,2010,scincl,pubmedbert,10,100,0.088
27,2010,scincl,pubmedbert,25,100,0.1016
27,2010,scincl,pubmedbert,50,100,0.105
27,2010,scincl,biobert,10,100,0.10400000000000001
27,2010,scincl,biobert,25,100,0.1188
27,2010,scincl,biobert,50,100,0.12619999999999998
27,2010,scincl,simcse,10,100,0.067
27,2010,scincl,simcse,25,100,0.0808
27,2010,scincl,simcse,50,100,0.08539999999999999
27,2010,scibert,bert,10,100,0.178
27,2010,scibert,bert,25,100,0.19440000000000002
27,2010,scibert,bert,50,100,0.22399999999999998
27,2010,scibert,mpnet,10,100,0.08199999999999999
27,2010,scibert,mpnet,25,100,0.1016
27,2010,scibert,mpnet,50,100,0.10619999999999999
27,2010,scibert,minilm,10,100,0.08299999999999999
27,2010,scibert,minilm,25,100,0.1024
27,2010,scibert,minilm,50,100,0.11259999999999999
27,2010,scibert,pubmedbert,10,100,0.375
27,2010,scibert,pubmedbert,25,100,0.40240000000000004
27,2010,scibert,pubmedbert,50,100,0.42619999999999997
27,2010,scibert,biobert,10,100,0.353
27,2010,scibert,biobert,25,100,0.38799999999999996
27,2010,scibert,biobert,50,100,0.40700000000000003
27,2010,scibert,simcse,10,100,0.097
27,2010,scibert,simcse,25,100,0.1124
27,2010,scibert,simcse,50,100,0.126
27,2010,bert,mpnet,10,100,0.061
27,2010,bert,mpnet,25,100,0.07719999999999999
27,2010,bert,mpnet,50,100,0.09
27,2010,bert,minilm,10,100,0.068
27,2010,bert,minilm,25,100,0.0808
27,2010,bert,minilm,50,100,0.0986
27,2010,bert,pubmedbert,10,100,0.162
27,2010,bert,pubmedbert,25,100,0.1748
27,2010,bert,pubmedbert,50,100,0.1996
27,2010,bert,biobert,10,100,0.187
27,2010,bert,biobert,25,100,0.20879999999999999
27,2010,bert,biobert,50,100,0.23800000000000002
27,2010,bert,simcse,10,100,0.155
27,2010,bert,simcse,25,100,0.1776
27,2010,bert,simcse,50,100,0.2014
27,2010,mpnet,minilm,10,100,0.508
27,2010,mpnet,minilm,25,100,0.5096
27,2010,mpnet,minilm,50,100,0.52
27,2010,mpnet,pubmedbert,10,100,0.08399999999999999
27,2010,mpnet,pubmedbert,25,100,0.0964
27,2010,mpnet,pubmedbert,50,100,0.10039999999999999
27,2010,mpnet,biobert,10,100,0.092
27,2010,mpnet,biobert,25,100,0.1112
27,2010,mpnet,biobert,50,100,0.11779999999999999
27,2010,mpnet,simcse,10,100,0.063
27,2010,mpnet,simcse,25,100,0.084
27,2010,mpnet,simcse,50,100,0.0922
27,2010,minilm,pubmedbert,10,100,0.08
27,2010,minilm,pubmedbert,25,100,0.0892
27,2010,minilm,pubmedbert,50,100,0.09939999999999999
27,2010,minilm,biobert,10,100,0.087
27,2010,minilm,biobert,25,100,0.1092
27,2010,minilm,biobert,50,100,0.12179999999999999
27,2010,minilm,simcse,10,100,0.077
27,2010,minilm,simcse,25,100,0.0928
27,2010,minilm,simcse,50,100,0.1032
27,2010,pubmedbert,biobert,10,100,0.371
27,2010,pubmedbert,biobert,25,100,0.3892
27,2010,pubmedbert,biobert,50,100,0.4236
27,2010,pubmedbert,simcse,10,100,0.086
27,2010,pubmedbert,simcse,25,100,0.10400000000000001
27,2010,pubmedbert,simcse,50,100,0.1202
27,2010,biobert,simcse,10,100,0.09
27,2010,biobert,simcse,25,100,0.1124
27,2010,biobert,simcse,50,100,0.1276
27,2015,specter,specter2,10,100,0.298
27,2015,specter,specter2,25,100,0.3256
27,2015,specter,specter2,50,100,0.3264
27,2015,specter,scincl,10,100,0.391
27,2015,specter,scincl,25,100,0.4188
27,2015,specter,scincl,50,100,0.43079999999999996
27,2015,specter,scibert,10,100,0.08
27,2015,specter,scibert,25,100,0.1008
27,2015,specter,scibert,50,100,0.107
27,2015,specter,bert,10,100,0.05500000000000001
27,2015,specter,bert,25,100,0.06280000000000001
27,2015,specter,bert,50,100,0.0748
27,2015,specter,mpnet,10,100,0.35
27,2015,specter,mpnet,25,100,0.37439999999999996
27,2015,specter,mpnet,50,100,0.3912
27,2015,specter,minilm,10,100,0.322
27,2015,specter,minilm,25,100,0.3312
27,2015,specter,minilm,50,100,0.33380000000000004
27,2015,specter,pubmedbert,10,100,0.08199999999999999
27,2015,specter,pubmedbert,25,100,0.0908
27,2015,specter,pubmedbert,50,100,0.10220000000000001
27,2015,specter,biobert,10,100,0.09
27,2015,specter,biobert,25,100,0.10439999999999999
27,2015,specter,biobert,50,100,0.114
27,2015,specter,simcse,10,100,0.057999999999999996
27,2015,specter,simcse,25,100,0.07
27,2015,specter,simcse,50,100,0.0774
27,2015,specter2,scincl,10,100,0.356
27,2015,specter2,scincl,25,100,0.3636
27,2015,specter2,scincl,50,100,0.3732
27,2015,specter2,scibert,10,100,0.074
27,2015,specter2,scibert,25,100,0.08
27,2015,specter2,scibert,50,100,0.0942
27,2015,specter2,bert,10,100,0.043
27,2015,specter2,bert,25,100,0.046799999999999994
27,2015,specter2,bert,50,100,0.057
27,2015,specter2,mpnet,10,100,0.35
27,2015,specter2,mpnet,25,100,0.35359999999999997
27,2015,specter2,mpnet,50,100,0.3588
27,2015,specter2,minilm,10,100,0.308
27,2015,specter2,minilm,25,100,0.3044
27,2015,specter2,minilm,50,100,0.299
27,2015,specter2,pubmedbert,10,100,0.065
27,2015,specter2,pubmedbert,25,100,0.0732
27,2015,specter2,pubmedbert,50,100,0.08539999999999999
27,2015,specter2,biobert,10,100,0.078
27,2015,specter2,biobert,25,100,0.0808
27,2015,specter2,biobert,50,100,0.09300000000000001
27,2015,specter2,simcse,10,100,0.05
27,2015,specter2,simcse,25,100,0.0604
27,2015,specter2,simcse,50,100,0.0616
27,2015,scincl,scibert,10,100,0.078
27,2015,scincl,scibert,25,100,0.0916
27,2015,scincl,scibert,50,100,0.0964
27,2015,scincl,bert,10,100,0.049
27,2015,scincl,bert,25,100,0.0604
27,2015,scincl,bert,50,100,0.06860000000000001
27,2015,scincl,mpnet,10,100,0.42000000000000004
27,2015,scincl,mpnet,25,100,0.4532
27,2015,scincl,mpnet,50,100,0.4558
27,2015,scincl,minilm,10,100,0.373
27,2015,scincl,minilm,25,100,0.39159999999999995
27,2015,scincl,minilm,50,100,0.395
27,2015,scincl,pubmedbert,10,100,0.071
27,2015,scincl,pubmedbert,25,100,0.0848
27,2015,scincl,pubmedbert,50,100,0.08779999999999999
27,2015,scincl,biobert,10,100,0.08299999999999999
27,2015,scincl,biobert,25,100,0.094
27,2015,scincl,biobert,50,100,0.0964
27,2015,scincl,simcse,10,100,0.065
27,2015,scincl,simcse,25,100,0.0664
27,2015,scincl,simcse,50,100,0.0708
27,2015,scibert,bert,10,100,0.20099999999999998
27,2015,scibert,bert,25,100,0.2212
27,2015,scibert,bert,50,100,0.2302
27,2015,scibert,mpnet,10,100,0.066
27,2015,scibert,mpnet,25,100,0.08800000000000001
27,2015,scibert,mpnet,50,100,0.0932
27,2015,scibert,minilm,10,100,0.068
27,2015,scibert,minilm,25,100,0.08199999999999999
27,2015,scibert,minilm,50,100,0.09119999999999999
27,2015,scibert,pubmedbert,10,100,0.382
27,2015,scibert,pubmedbert,25,100,0.4204
27,2015,scibert,pubmedbert,50,100,0.4328
27,2015,scibert,biobert,10,100,0.341
27,2015,scibert,biobert,25,100,0.37799999999999995
27,2015,scibert,biobert,50,100,0.3956
27,2015,scibert,simcse,10,100,0.10600000000000001
27,2015,scibert,simcse,25,100,0.1116
27,2015,scibert,simcse,50,100,0.1282
27,2015,bert,mpnet,10,100,0.05
27,2015,bert,mpnet,25,100,0.056799999999999996
27,2015,bert,mpnet,50,100,0.0676
27,2015,bert,minilm,10,100,0.059
27,2015,bert,minilm,25,100,0.06
27,2015,bert,minilm,50,100,0.07339999999999999
27,2015,bert,pubmedbert,10,100,0.191
27,2015,bert,pubmedbert,25,100,0.192
27,2015,bert,pubmedbert,50,100,0.2032
27,2015,bert,biobert,10,100,0.21000000000000002
27,2015,bert,biobert,25,100,0.21760000000000002
27,2015,bert,biobert,50,100,0.2376
27,2015,bert,simcse,10,100,0.151
27,2015,bert,simcse,25,100,0.17079999999999998
27,2015,bert,simcse,50,100,0.19219999999999998
27,2015,mpnet,minilm,10,100,0.49400000000000005
27,2015,mpnet,minilm,25,100,0.5015999999999999
27,2015,mpnet,minilm,50,100,0.5002
27,2015,mpnet,pubmedbert,10,100,0.063
27,2015,mpnet,pubmedbert,25,100,0.0784
27,2015,mpnet,pubmedbert,50,100,0.0908
27,2015,mpnet,biobert,10,100,0.076
27,2015,mpnet,biobert,25,100,0.09
27,2015,mpnet,biobert,50,100,0.09820000000000001
27,2015,mpnet,simcse,10,100,0.062
27,2015,mpnet,simcse,25,100,0.068
27,2015,mpnet,simcse,50,100,0.0722
27,2015,minilm,pubmedbert,10,100,0.067
27,2015,minilm,pubmedbert,25,100,0.0712
27,2015,minilm,pubmedbert,50,100,0.0842
27,2015,minilm,biobert,10,100,0.079
27,2015,minilm,biobert,25,100,0.08960000000000001
27,2015,minilm,biobert,50,100,0.09820000000000001
27,2015,minilm,simcse,10,100,0.077
27,2015,minilm,simcse,25,100,0.07719999999999999
27,2015,minilm,simcse,50,100,0.0762
27,2015,pubmedbert,biobert,10,100,0.363
27,2015,pubmedbert,biobert,25,100,0.392
27,2015,pubmedbert,biobert,50,100,0.4144
27,2015,pubmedbert,simcse,10,100,0.099
27,2015,pubmedbert,simcse,25,100,0.106
27,2015,pubmedbert,simcse,50,100,0.11960000000000001
27,2015,biobert,simcse,10,100,0.11200000000000002
27,2015,biobert,simcse,25,100,0.1208
27,2015,biobert,simcse,50,100,0.13
27,2020,specter,specter2,10,100,0.288
27,2020,specter,specter2,25,100,0.2964
27,2020,specter,specter2,50,100,0.3134
27,2020,specter,scincl,10,100,0.376
27,2020,specter,scincl,25,100,0.4036
27,2020,specter,scincl,50,100,0.41100000000000003
27,2020,specter,scibert,10,100,0.094
27,2020,specter,scibert,25,100,0.1056
27,2020,specter,scibert,50,100,0.1158
27,2020,specter,bert,10,100,0.072
27,2020,specter,bert,25,100,0.08199999999999999
27,2020,specter,bert,50,100,0.0904
27,2020,specter,mpnet,10,100,0.346
27,2020,specter,mpnet,25,100,0.36719999999999997
27,2020,specter,mpnet,50,100,0.3848
27,2020,specter,minilm,10,100,0.309
27,2020,specter,minilm,25,100,0.336
27,2020,specter,minilm,50,100,0.3368
27,2020,specter,pubmedbert,10,100,0.091
27,2020,specter,pubmedbert,25,100,0.10400000000000001
27,2020,specter,pubmedbert,50,100,0.10679999999999999
27,2020,specter,biobert,10,100,0.11399999999999999
27,2020,specter,biobert,25,100,0.12119999999999999
27,2020,specter,biobert,50,100,0.1306
27,2020,specter,simcse,10,100,0.062
27,2020,specter,simcse,25,100,0.0664
27,2020,specter,simcse,50,100,0.07339999999999999
27,2020,specter2,scincl,10,100,0.327
27,2020,specter2,scincl,25,100,0.336
27,2020,specter2,scincl,50,100,0.35159999999999997
27,2020,specter2,scibert,10,100,0.09
27,2020,specter2,scibert,25,100,0.09880000000000001
27,2020,specter2,scibert,50,100,0.1072
27,2020,specter2,bert,10,100,0.06
27,2020,specter2,bert,25,100,0.0732
27,2020,specter2,bert,50,100,0.07919999999999999
27,2020,specter2,mpnet,10,100,0.339
27,2020,specter2,mpnet,25,100,0.33640000000000003
27,2020,specter2,mpnet,50,100,0.3404
27,2020,specter2,minilm,10,100,0.305
27,2020,specter2,minilm,25,100,0.2944
27,2020,specter2,minilm,50,100,0.3006
27,2020,specter2,pubmedbert,10,100,0.087
27,2020,specter2,pubmedbert,25,100,0.09720000000000001
27,2020,specter2,pubmedbert,50,100,0.09960000000000001
27,2020,specter2,biobert,10,100,0.11299999999999999
27,2020,specter2,biobert,25,100,0.106
27,2020,specter2,biobert,50,100,0.113
27,2020,specter2,simcse,10,100,0.047
27,2020,specter2,simcse,25,100,0.0588
27,2020,specter2,simcse,50,100,0.0676
27,2020,scincl,scibert,10,100,0.087
27,2020,scincl,scibert,25,100,0.09960000000000001
27,2020,scincl,scibert,50,100,0.1058
27,2020,scincl,bert,10,100,0.072
27,2020,scincl,bert,25,100,0.0776
27,2020,scincl,bert,50,100,0.0806
27,2020,scincl,mpnet,10,100,0.409
27,2020,scincl,mpnet,25,100,0.4388
27,2020,scincl,mpnet,50,100,0.45840000000000003
27,2020,scincl,minilm,10,100,0.353
27,2020,scincl,minilm,25,100,0.37079999999999996
27,2020,scincl,minilm,50,100,0.39020000000000005
27,2020,scincl,pubmedbert,10,100,0.08499999999999999
27,2020,scincl,pubmedbert,25,100,0.09880000000000001
27,2020,scincl,pubmedbert,50,100,0.09759999999999999
27,2020,scincl,biobert,10,100,0.11399999999999999
27,2020,scincl,biobert,25,100,0.11599999999999999
27,2020,scincl,biobert,50,100,0.1206
27,2020,scincl,simcse,10,100,0.053000000000000005
27,2020,scincl,simcse,25,100,0.0652
27,2020,scincl,simcse,50,100,0.06860000000000001
27,2020,scibert,bert,10,100,0.213
27,2020,scibert,bert,25,100,0.2288
27,2020,scibert,bert,50,100,0.24420000000000003
27,2020,scibert,mpnet,10,100,0.08499999999999999
27,2020,scibert,mpnet,25,100,0.09960000000000001
27,2020,scibert,mpnet,50,100,0.1066
27,2020,scibert,minilm,10,100,0.08399999999999999
27,2020,scibert,minilm,25,100,0.0908
27,2020,scibert,minilm,50,100,0.10060000000000001
27,2020,scibert,pubmedbert,10,100,0.354
27,2020,scibert,pubmedbert,25,100,0.39759999999999995
27,2020,scibert,pubmedbert,50,100,0.41979999999999995
27,2020,scibert,biobert,10,100,0.366
27,2020,scibert,biobert,25,100,0.37799999999999995
27,2020,scibert,biobert,50,100,0.39659999999999995
27,2020,scibert,simcse,10,100,0.10900000000000001
27,2020,scibert,simcse,25,100,0.12119999999999999
27,2020,scibert,simcse,50,100,0.1318
27,2020,bert,mpnet,10,100,0.087
27,2020,bert,mpnet,25,100,0.0848
27,2020,bert,mpnet,50,100,0.0962
27,2020,bert,minilm,10,100,0.079
27,2020,bert,minilm,25,100,0.0848
27,2020,bert,minilm,50,100,0.0892
27,2020,bert,pubmedbert,10,100,0.194
27,2020,bert,pubmedbert,25,100,0.19760000000000003
27,2020,bert,pubmedbert,50,100,0.2238
27,2020,bert,biobert,10,100,0.20600000000000002
27,2020,bert,biobert,25,100,0.2284
27,2020,bert,biobert,50,100,0.2506
27,2020,bert,simcse,10,100,0.16799999999999998
27,2020,bert,simcse,25,100,0.1892
27,2020,bert,simcse,50,100,0.20620000000000002
27,2020,mpnet,minilm,10,100,0.45099999999999996
27,2020,mpnet,minilm,25,100,0.4732
27,2020,mpnet,minilm,50,100,0.4858
27,2020,mpnet,pubmedbert,10,100,0.08399999999999999
27,2020,mpnet,pubmedbert,25,100,0.0968
27,2020,mpnet,pubmedbert,50,100,0.10099999999999999
27,2020,mpnet,biobert,10,100,0.11399999999999999
27,2020,mpnet,biobert,25,100,0.1208
27,2020,mpnet,biobert,50,100,0.1274
27,2020,mpnet,simcse,10,100,0.05
27,2020,mpnet,simcse,25,100,0.0672
27,2020,mpnet,simcse,50,100,0.0796
27,2020,minilm,pubmedbert,10,100,0.074
27,2020,minilm,pubmedbert,25,100,0.08560000000000001
27,2020,minilm,pubmedbert,50,100,0.09140000000000001
27,2020,minilm,biobert,10,100,0.092
27,2020,minilm,biobert,25,100,0.114
27,2020,minilm,biobert,50,100,0.1166
27,2020,minilm,simcse,10,100,0.057999999999999996
27,2020,minilm,simcse,25,100,0.0716
27,2020,minilm,simcse,50,100,0.0812
27,2020,pubmedbert,biobert,10,100,0.376
27,2020,pubmedbert,biobert,25,100,0.38880000000000003
27,2020,pubmedbert,biobert,50,100,0.4086
27,2020,pubmedbert,simcse,10,100,0.098
27,2020,pubmedbert,simcse,25,100,0.11359999999999999
27,2020,pubmedbert,simcse,50,100,0.12119999999999999
27,2020,biobert,simcse,10,100,0.10700000000000001
27,2020,biobert,simcse,25,100,0.11599999999999999
27,2020,biobert,simcse,50,100,0.1322
28,2000,specter,specter2,10,100,0.274
28,2000,specter,specter2,25,100,0.2968
28,2000,specter,specter2,50,100,0.3128
28,2000,specter,scincl,10,100,0.33999999999999997
28,2000,specter,scincl,25,100,0.3696
28,2000,specter,scincl,50,100,0.3922
28,2000,specter,scibert,10,100,0.126
28,2000,specter,scibert,25,100,0.1384
28,2000,specter,scibert,50,100,0.156
28,2000,specter,bert,10,100,0.076
28,2000,specter,bert,25,100,0.09480000000000001
28,2000,specter,bert,50,100,0.0998
28,2000,specter,mpnet,10,100,0.33999999999999997
28,2000,specter,mpnet,25,100,0.3608
28,2000,specter,mpnet,50,100,0.381
28,2000,specter,minilm,10,100,0.29
28,2000,specter,minilm,25,100,0.2892
28,2000,specter,minilm,50,100,0.30920000000000003
28,2000,specter,pubmedbert,10,100,0.128
28,2000,specter,pubmedbert,25,100,0.1368
28,2000,specter,pubmedbert,50,100,0.1514
28,2000,specter,biobert,10,100,0.121
28,2000,specter,biobert,25,100,0.15439999999999998
28,2000,specter,biobert,50,100,0.17120000000000002
28,2000,specter,simcse,10,100,0.074
28,2000,specter,simcse,25,100,0.0852
28,2000,specter,simcse,50,100,0.0922
28,2000,specter2,scincl,10,100,0.312
28,2000,specter2,scincl,25,100,0.34240000000000004
28,2000,specter2,scincl,50,100,0.3728
28,2000,specter2,scibert,10,100,0.118
28,2000,specter2,scibert,25,100,0.134
28,2000,specter2,scibert,50,100,0.1478
28,2000,specter2,bert,10,100,0.072
28,2000,specter2,bert,25,100,0.08560000000000001
28,2000,specter2,bert,50,100,0.0906
28,2000,specter2,mpnet,10,100,0.29300000000000004
28,2000,specter2,mpnet,25,100,0.3332
28,2000,specter2,mpnet,50,100,0.35340000000000005
28,2000,specter2,minilm,10,100,0.253
28,2000,specter2,minilm,25,100,0.2852
28,2000,specter2,minilm,50,100,0.29460000000000003
28,2000,specter2,pubmedbert,10,100,0.096
28,2000,specter2,pubmedbert,25,100,0.12279999999999999
28,2000,specter2,pubmedbert,50,100,0.12960000000000002
28,2000,specter2,biobert,10,100,0.101
28,2000,specter2,biobert,25,100,0.1268
28,2000,specter2,biobert,50,100,0.1466
28,2000,specter2,simcse,10,100,0.067
28,2000,specter2,simcse,25,100,0.0796
28,2000,specter2,simcse,50,100,0.087
28,2000,scincl,scibert,10,100,0.128
28,2000,scincl,scibert,25,100,0.1328
28,2000,scincl,scibert,50,100,0.1548
28,2000,scincl,bert,10,100,0.077
28,2000,scincl,bert,25,100,0.08960000000000001
28,2000,scincl,bert,50,100,0.10279999999999999
28,2000,scincl,mpnet,10,100,0.41
28,2000,scincl,mpnet,25,100,0.446
28,2000,scincl,mpnet,50,100,0.46399999999999997
28,2000,scincl,minilm,10,100,0.335
28,2000,scincl,minilm,25,100,0.3676
28,2000,scincl,minilm,50,100,0.3892
28,2000,scincl,pubmedbert,10,100,0.118
28,2000,scincl,pubmedbert,25,100,0.1356
28,2000,scincl,pubmedbert,50,100,0.14400000000000002
28,2000,scincl,biobert,10,100,0.123
28,2000,scincl,biobert,25,100,0.136
28,2000,scincl,biobert,50,100,0.1542
28,2000,scincl,simcse,10,100,0.063
28,2000,scincl,simcse,25,100,0.076
28,2000,scincl,simcse,50,100,0.08800000000000001
28,2000,scibert,bert,10,100,0.185
28,2000,scibert,bert,25,100,0.2084
28,2000,scibert,bert,50,100,0.2268
28,2000,scibert,mpnet,10,100,0.11399999999999999
28,2000,scibert,mpnet,25,100,0.1272
28,2000,scibert,mpnet,50,100,0.1432
28,2000,scibert,minilm,10,100,0.10800000000000001
28,2000,scibert,minilm,25,100,0.11599999999999999
28,2000,scibert,minilm,50,100,0.131
28,2000,scibert,pubmedbert,10,100,0.385
28,2000,scibert,pubmedbert,25,100,0.40399999999999997
28,2000,scibert,pubmedbert,50,100,0.4288
28,2000,scibert,biobert,10,100,0.364
28,2000,scibert,biobert,25,100,0.4092
28,2000,scibert,biobert,50,100,0.43420000000000003
28,2000,scibert,simcse,10,100,0.10300000000000001
28,2000,scibert,simcse,25,100,0.11599999999999999
28,2000,scibert,simcse,50,100,0.1272
28,2000,bert,mpnet,10,100,0.08399999999999999
28,2000,bert,mpnet,25,100,0.09119999999999999
28,2000,bert,mpnet,50,100,0.10859999999999999
28,2000,bert,minilm,10,100,0.06999999999999999
28,2000,bert,minilm,25,100,0.094
28,2000,bert,minilm,50,100,0.1128
28,2000,bert,pubmedbert,10,100,0.16599999999999998
28,2000,bert,pubmedbert,25,100,0.1956
28,2000,bert,pubmedbert,50,100,0.2216
28,2000,bert,biobert,10,100,0.215
28,2000,bert,biobert,25,100,0.2444
28,2000,bert,biobert,50,100,0.26899999999999996
28,2000,bert,simcse,10,100,0.162
28,2000,bert,simcse,25,100,0.1848
28,2000,bert,simcse,50,100,0.2054
28,2000,mpnet,minilm,10,100,0.441
28,2000,mpnet,minilm,25,100,0.4708
28,2000,mpnet,minilm,50,100,0.49520000000000003
28,2000,mpnet,pubmedbert,10,100,0.133
28,2000,mpnet,pubmedbert,25,100,0.1304
28,2000,mpnet,pubmedbert,50,100,0.145
28,2000,mpnet,biobert,10,100,0.11599999999999999
28,2000,mpnet,biobert,25,100,0.136
28,2000,mpnet,biobert,50,100,0.1618
28,2000,mpnet,simcse,10,100,0.08499999999999999
28,2000,mpnet,simcse,25,100,0.0852
28,2000,mpnet,simcse,50,100,0.1008
28,2000,minilm,pubmedbert,10,100,0.10700000000000001
28,2000,minilm,pubmedbert,25,100,0.11320000000000001
28,2000,minilm,pubmedbert,50,100,0.1278
28,2000,minilm,biobert,10,100,0.096
28,2000,minilm,biobert,25,100,0.1264
28,2000,minilm,biobert,50,100,0.1482
28,2000,minilm,simcse,10,100,0.08499999999999999
28,2000,minilm,simcse,25,100,0.092
28,2000,minilm,simcse,50,100,0.1074
28,2000,pubmedbert,biobert,10,100,0.384
28,2000,pubmedbert,biobert,25,100,0.41240000000000004
28,2000,pubmedbert,biobert,50,100,0.428
28,2000,pubmedbert,simcse,10,100,0.10400000000000001
28,2000,pubmedbert,simcse,25,100,0.1124
28,2000,pubmedbert,simcse,50,100,0.1276
28,2000,biobert,simcse,10,100,0.1
28,2000,biobert,simcse,25,100,0.1216
28,2000,biobert,simcse,50,100,0.14
28,2005,specter,specter2,10,100,0.29
28,2005,specter,specter2,25,100,0.3064
28,2005,specter,specter2,50,100,0.32380000000000003
28,2005,specter,scincl,10,100,0.36
28,2005,specter,scincl,25,100,0.37920000000000004
28,2005,specter,scincl,50,100,0.38799999999999996
28,2005,specter,scibert,10,100,0.12
28,2005,specter,scibert,25,100,0.1496
28,2005,specter,scibert,50,100,0.163
28,2005,specter,bert,10,100,0.071
28,2005,specter,bert,25,100,0.0904
28,2005,specter,bert,50,100,0.107
28,2005,specter,mpnet,10,100,0.306
28,2005,specter,mpnet,25,100,0.3468
28,2005,specter,mpnet,50,100,0.3538
28,2005,specter,minilm,10,100,0.271
28,2005,specter,minilm,25,100,0.304
28,2005,specter,minilm,50,100,0.31579999999999997
28,2005,specter,pubmedbert,10,100,0.093
28,2005,specter,pubmedbert,25,100,0.1364
28,2005,specter,pubmedbert,50,100,0.1534
28,2005,specter,biobert,10,100,0.11599999999999999
28,2005,specter,biobert,25,100,0.1568
28,2005,specter,biobert,50,100,0.172
28,2005,specter,simcse,10,100,0.074
28,2005,specter,simcse,25,100,0.0984
28,2005,specter,simcse,50,100,0.1042
28,2005,specter2,scincl,10,100,0.33199999999999996
28,2005,specter2,scincl,25,100,0.3396
28,2005,specter2,scincl,50,100,0.3594
28,2005,specter2,scibert,10,100,0.11000000000000001
28,2005,specter2,scibert,25,100,0.1264
28,2005,specter2,scibert,50,100,0.1384
28,2005,specter2,bert,10,100,0.06899999999999999
28,2005,specter2,bert,25,100,0.0708
28,2005,specter2,bert,50,100,0.0862
28,2005,specter2,mpnet,10,100,0.308
28,2005,specter2,mpnet,25,100,0.31679999999999997
28,2005,specter2,mpnet,50,100,0.3348
28,2005,specter2,minilm,10,100,0.254
28,2005,specter2,minilm,25,100,0.2772
28,2005,specter2,minilm,50,100,0.29359999999999997
28,2005,specter2,pubmedbert,10,100,0.08499999999999999
28,2005,specter2,pubmedbert,25,100,0.10679999999999999
28,2005,specter2,pubmedbert,50,100,0.12119999999999999
28,2005,specter2,biobert,10,100,0.10600000000000001
28,2005,specter2,biobert,25,100,0.12
28,2005,specter2,biobert,50,100,0.1392
28,2005,specter2,simcse,10,100,0.06999999999999999
28,2005,specter2,simcse,25,100,0.07719999999999999
28,2005,specter2,simcse,50,100,0.0898
28,2005,scincl,scibert,10,100,0.10700000000000001
28,2005,scincl,scibert,25,100,0.12960000000000002
28,2005,scincl,scibert,50,100,0.1508
28,2005,scincl,bert,10,100,0.06899999999999999
28,2005,scincl,bert,25,100,0.08039999999999999
28,2005,scincl,bert,50,100,0.0984
28,2005,scincl,mpnet,10,100,0.396
28,2005,scincl,mpnet,25,100,0.40759999999999996
28,2005,scincl,mpnet,50,100,0.4208
28,2005,scincl,minilm,10,100,0.34500000000000003
28,2005,scincl,minilm,25,100,0.3676
28,2005,scincl,minilm,50,100,0.3732
28,2005,scincl,pubmedbert,10,100,0.091
28,2005,scincl,pubmedbert,25,100,0.1216
28,2005,scincl,pubmedbert,50,100,0.13699999999999998
28,2005,scincl,biobert,10,100,0.119
28,2005,scincl,biobert,25,100,0.132
28,2005,scincl,biobert,50,100,0.1532
28,2005,scincl,simcse,10,100,0.077
28,2005,scincl,simcse,25,100,0.0928
28,2005,scincl,simcse,50,100,0.1042
28,2005,scibert,bert,10,100,0.20299999999999999
28,2005,scibert,bert,25,100,0.23079999999999998
28,2005,scibert,bert,50,100,0.2482
28,2005,scibert,mpnet,10,100,0.088
28,2005,scibert,mpnet,25,100,0.1184
28,2005,scibert,mpnet,50,100,0.14279999999999998
28,2005,scibert,minilm,10,100,0.09
28,2005,scibert,minilm,25,100,0.1168
28,2005,scibert,minilm,50,100,0.1368
28,2005,scibert,pubmedbert,10,100,0.34900000000000003
28,2005,scibert,pubmedbert,25,100,0.4064
28,2005,scibert,pubmedbert,50,100,0.4336
28,2005,scibert,biobert,10,100,0.33199999999999996
28,2005,scibert,biobert,25,100,0.39159999999999995
28,2005,scibert,biobert,50,100,0.4146
28,2005,scibert,simcse,10,100,0.092
28,2005,scibert,simcse,25,100,0.122
28,2005,scibert,simcse,50,100,0.1322
28,2005,bert,mpnet,10,100,0.061
28,2005,bert,mpnet,25,100,0.084
28,2005,bert,mpnet,50,100,0.1054
28,2005,bert,minilm,10,100,0.073
28,2005,bert,minilm,25,100,0.0808
28,2005,bert,minilm,50,100,0.1024
28,2005,bert,pubmedbert,10,100,0.16999999999999998
28,2005,bert,pubmedbert,25,100,0.20199999999999999
28,2005,bert,pubmedbert,50,100,0.22760000000000002
28,2005,bert,biobert,10,100,0.202
28,2005,bert,biobert,25,100,0.2364
28,2005,bert,biobert,50,100,0.2638
28,2005,bert,simcse,10,100,0.153
28,2005,bert,simcse,25,100,0.1752
28,2005,bert,simcse,50,100,0.1998
28,2005,mpnet,minilm,10,100,0.433
28,2005,mpnet,minilm,25,100,0.47200000000000003
28,2005,mpnet,minilm,50,100,0.4782
28,2005,mpnet,pubmedbert,10,100,0.08
28,2005,mpnet,pubmedbert,25,100,0.1128
28,2005,mpnet,pubmedbert,50,100,0.1338
28,2005,mpnet,biobert,10,100,0.10800000000000001
28,2005,mpnet,biobert,25,100,0.1368
28,2005,mpnet,biobert,50,100,0.1612
28,2005,mpnet,simcse,10,100,0.08299999999999999
28,2005,mpnet,simcse,25,100,0.10400000000000001
28,2005,mpnet,simcse,50,100,0.115
28,2005,minilm,pubmedbert,10,100,0.08299999999999999
28,2005,minilm,pubmedbert,25,100,0.1108
28,2005,minilm,pubmedbert,50,100,0.1264
28,2005,minilm,biobert,10,100,0.101
28,2005,minilm,biobert,25,100,0.1284
28,2005,minilm,biobert,50,100,0.151
28,2005,minilm,simcse,10,100,0.096
28,2005,minilm,simcse,25,100,0.10880000000000001
28,2005,minilm,simcse,50,100,0.1162
28,2005,pubmedbert,biobert,10,100,0.333
28,2005,pubmedbert,biobert,25,100,0.38439999999999996
28,2005,pubmedbert,biobert,50,100,0.4158
28,2005,pubmedbert,simcse,10,100,0.08299999999999999
28,2005,pubmedbert,simcse,25,100,0.1148
28,2005,pubmedbert,simcse,50,100,0.1328
28,2005,biobert,simcse,10,100,0.091
28,2005,biobert,simcse,25,100,0.1192
28,2005,biobert,simcse,50,100,0.1376
28,2010,specter,specter2,10,100,0.31
28,2010,specter,specter2,25,100,0.3256
28,2010,specter,specter2,50,100,0.3336
28,2010,specter,scincl,10,100,0.383
28,2010,specter,scincl,25,100,0.39759999999999995
28,2010,specter,scincl,50,100,0.4192
28,2010,specter,scibert,10,100,0.142
28,2010,specter,scibert,25,100,0.14880000000000002
28,2010,specter,scibert,50,100,0.1664
28,2010,specter,bert,10,100,0.092
28,2010,specter,bert,25,100,0.1024
28,2010,specter,bert,50,100,0.1162
28,2010,specter,mpnet,10,100,0.352
28,2010,specter,mpnet,25,100,0.3604
28,2010,specter,mpnet,50,100,0.38280000000000003
28,2010,specter,minilm,10,100,0.33399999999999996
28,2010,specter,minilm,25,100,0.3276
28,2010,specter,minilm,50,100,0.3452
28,2010,specter,pubmedbert,10,100,0.129
28,2010,specter,pubmedbert,25,100,0.14
28,2010,specter,pubmedbert,50,100,0.1548
28,2010,specter,biobert,10,100,0.132
28,2010,specter,biobert,25,100,0.1476
28,2010,specter,biobert,50,100,0.168
28,2010,specter,simcse,10,100,0.096
28,2010,specter,simcse,25,100,0.1008
28,2010,specter,simcse,50,100,0.11220000000000001
28,2010,specter2,scincl,10,100,0.358
28,2010,specter2,scincl,25,100,0.37479999999999997
28,2010,specter2,scincl,50,100,0.3812
28,2010,specter2,scibert,10,100,0.137
28,2010,specter2,scibert,25,100,0.14679999999999999
28,2010,specter2,scibert,50,100,0.1564
28,2010,specter2,bert,10,100,0.076
28,2010,specter2,bert,25,100,0.09
28,2010,specter2,bert,50,100,0.09759999999999999
28,2010,specter2,mpnet,10,100,0.34700000000000003
28,2010,specter2,mpnet,25,100,0.33159999999999995
28,2010,specter2,mpnet,50,100,0.3464
28,2010,specter2,minilm,10,100,0.312
28,2010,specter2,minilm,25,100,0.308
28,2010,specter2,minilm,50,100,0.31620000000000004
28,2010,specter2,pubmedbert,10,100,0.11699999999999999
28,2010,specter2,pubmedbert,25,100,0.1304
28,2010,specter2,pubmedbert,50,100,0.1394
28,2010,specter2,biobert,10,100,0.11599999999999999
28,2010,specter2,biobert,25,100,0.138
28,2010,specter2,biobert,50,100,0.151
28,2010,specter2,simcse,10,100,0.08399999999999999
28,2010,specter2,simcse,25,100,0.0916
28,2010,specter2,simcse,50,100,0.0992
28,2010,scincl,scibert,10,100,0.128
28,2010,scincl,scibert,25,100,0.138
28,2010,scincl,scibert,50,100,0.1522
28,2010,scincl,bert,10,100,0.076
28,2010,scincl,bert,25,100,0.09359999999999999
28,2010,scincl,bert,50,100,0.1084
28,2010,scincl,mpnet,10,100,0.42800000000000005
28,2010,scincl,mpnet,25,100,0.436
28,2010,scincl,mpnet,50,100,0.4518
28,2010,scincl,minilm,10,100,0.364
28,2010,scincl,minilm,25,100,0.3848
28,2010,scincl,minilm,50,100,0.3992
28,2010,scincl,pubmedbert,10,100,0.11299999999999999
28,2010,scincl,pubmedbert,25,100,0.12359999999999999
28,2010,scincl,pubmedbert,50,100,0.14300000000000002
28,2010,scincl,biobert,10,100,0.125
28,2010,scincl,biobert,25,100,0.134
28,2010,scincl,biobert,50,100,0.16079999999999997
28,2010,scincl,simcse,10,100,0.093
28,2010,scincl,simcse,25,100,0.0984
28,2010,scincl,simcse,50,100,0.11019999999999999
28,2010,scibert,bert,10,100,0.20400000000000001
28,2010,scibert,bert,25,100,0.22719999999999999
28,2010,scibert,bert,50,100,0.2412
28,2010,scibert,mpnet,10,100,0.12
28,2010,scibert,mpnet,25,100,0.1412
28,2010,scibert,mpnet,50,100,0.145
28,2010,scibert,minilm,10,100,0.124
28,2010,scibert,minilm,25,100,0.132
28,2010,scibert,minilm,50,100,0.139
28,2010,scibert,pubmedbert,10,100,0.393
28,2010,scibert,pubmedbert,25,100,0.42479999999999996
28,2010,scibert,pubmedbert,50,100,0.434
28,2010,scibert,biobert,10,100,0.388
28,2010,scibert,biobert,25,100,0.4096
28,2010,scibert,biobert,50,100,0.4236
28,2010,scibert,simcse,10,100,0.11699999999999999
28,2010,scibert,simcse,25,100,0.1328
28,2010,scibert,simcse,50,100,0.145
28,2010,bert,mpnet,10,100,0.08499999999999999
28,2010,bert,mpnet,25,100,0.09960000000000001
28,2010,bert,mpnet,50,100,0.1106
28,2010,bert,minilm,10,100,0.093
28,2010,bert,minilm,25,100,0.10039999999999999
28,2010,bert,minilm,50,100,0.1198
28,2010,bert,pubmedbert,10,100,0.194
28,2010,bert,pubmedbert,25,100,0.21
28,2010,bert,pubmedbert,50,100,0.2316
28,2010,bert,biobert,10,100,0.22999999999999998
28,2010,bert,biobert,25,100,0.256
28,2010,bert,biobert,50,100,0.2666
28,2010,bert,simcse,10,100,0.16899999999999998
28,2010,bert,simcse,25,100,0.19920000000000002
28,2010,bert,simcse,50,100,0.2216
28,2010,mpnet,minilm,10,100,0.47800000000000004
28,2010,mpnet,minilm,25,100,0.5056
28,2010,mpnet,minilm,50,100,0.5047999999999999
28,2010,mpnet,pubmedbert,10,100,0.11399999999999999
28,2010,mpnet,pubmedbert,25,100,0.134
28,2010,mpnet,pubmedbert,50,100,0.14300000000000002
28,2010,mpnet,biobert,10,100,0.11599999999999999
28,2010,mpnet,biobert,25,100,0.14400000000000002
28,2010,mpnet,biobert,50,100,0.1634
28,2010,mpnet,simcse,10,100,0.10900000000000001
28,2010,mpnet,simcse,25,100,0.106
28,2010,mpnet,simcse,50,100,0.11320000000000001
28,2010,minilm,pubmedbert,10,100,0.118
28,2010,minilm,pubmedbert,25,100,0.1284
28,2010,minilm,pubmedbert,50,100,0.13720000000000002
28,2010,minilm,biobert,10,100,0.13
28,2010,minilm,biobert,25,100,0.1444
28,2010,minilm,biobert,50,100,0.15539999999999998
28,2010,minilm,simcse,10,100,0.11399999999999999
28,2010,minilm,simcse,25,100,0.11560000000000001
28,2010,minilm,simcse,50,100,0.1258
28,2010,pubmedbert,biobert,10,100,0.387
28,2010,pubmedbert,biobert,25,100,0.4044
28,2010,pubmedbert,biobert,50,100,0.433
28,2010,pubmedbert,simcse,10,100,0.10600000000000001
28,2010,pubmedbert,simcse,25,100,0.1168
28,2010,pubmedbert,simcse,50,100,0.1338
28,2010,biobert,simcse,10,100,0.123
28,2010,biobert,simcse,25,100,0.14
28,2010,biobert,simcse,50,100,0.14980000000000002
28,2015,specter,specter2,10,100,0.317
28,2015,specter,specter2,25,100,0.3264
28,2015,specter,specter2,50,100,0.3208
28,2015,specter,scincl,10,100,0.344
28,2015,specter,scincl,25,100,0.374
28,2015,specter,scincl,50,100,0.37520000000000003
28,2015,specter,scibert,10,100,0.123
28,2015,specter,scibert,25,100,0.1332
28,2015,specter,scibert,50,100,0.14800000000000002
28,2015,specter,bert,10,100,0.073
28,2015,specter,bert,25,100,0.096
28,2015,specter,bert,50,100,0.1074
28,2015,specter,mpnet,10,100,0.33599999999999997
28,2015,specter,mpnet,25,100,0.3688
28,2015,specter,mpnet,50,100,0.37
28,2015,specter,minilm,10,100,0.274
28,2015,specter,minilm,25,100,0.3188
28,2015,specter,minilm,50,100,0.3224
28,2015,specter,pubmedbert,10,100,0.11599999999999999
28,2015,specter,pubmedbert,25,100,0.1344
28,2015,specter,pubmedbert,50,100,0.14400000000000002
28,2015,specter,biobert,10,100,0.125
28,2015,specter,biobert,25,100,0.1476
28,2015,specter,biobert,50,100,0.1572
28,2015,specter,simcse,10,100,0.081
28,2015,specter,simcse,25,100,0.1048
28,2015,specter,simcse,50,100,0.1116
28,2015,specter2,scincl,10,100,0.335
28,2015,specter2,scincl,25,100,0.36560000000000004
28,2015,specter2,scincl,50,100,0.3896
28,2015,specter2,scibert,10,100,0.11499999999999999
28,2015,specter2,scibert,25,100,0.12480000000000001
28,2015,specter2,scibert,50,100,0.1442
28,2015,specter2,bert,10,100,0.068
28,2015,specter2,bert,25,100,0.0828
28,2015,specter2,bert,50,100,0.095
28,2015,specter2,mpnet,10,100,0.32799999999999996
28,2015,specter2,mpnet,25,100,0.36119999999999997
28,2015,specter2,mpnet,50,100,0.3736
28,2015,specter2,minilm,10,100,0.279
28,2015,specter2,minilm,25,100,0.3072
28,2015,specter2,minilm,50,100,0.3268
28,2015,specter2,pubmedbert,10,100,0.10600000000000001
28,2015,specter2,pubmedbert,25,100,0.1184
28,2015,specter2,pubmedbert,50,100,0.128
28,2015,specter2,biobert,10,100,0.11499999999999999
28,2015,specter2,biobert,25,100,0.1284
28,2015,specter2,biobert,50,100,0.1422
28,2015,specter2,simcse,10,100,0.087
28,2015,specter2,simcse,25,100,0.09359999999999999
28,2015,specter2,simcse,50,100,0.107
28,2015,scincl,scibert,10,100,0.101
28,2015,scincl,scibert,25,100,0.11960000000000001
28,2015,scincl,scibert,50,100,0.1376
28,2015,scincl,bert,10,100,0.074
28,2015,scincl,bert,25,100,0.0868
28,2015,scincl,bert,50,100,0.102
28,2015,scincl,mpnet,10,100,0.40199999999999997
28,2015,scincl,mpnet,25,100,0.4364
28,2015,scincl,mpnet,50,100,0.43560000000000004
28,2015,scincl,minilm,10,100,0.348
28,2015,scincl,minilm,25,100,0.3868
28,2015,scincl,minilm,50,100,0.3926
28,2015,scincl,pubmedbert,10,100,0.09
28,2015,scincl,pubmedbert,25,100,0.114
28,2015,scincl,pubmedbert,50,100,0.1292
28,2015,scincl,biobert,10,100,0.10900000000000001
28,2015,scincl,biobert,25,100,0.13720000000000002
28,2015,scincl,biobert,50,100,0.1496
28,2015,scincl,simcse,10,100,0.086
28,2015,scincl,simcse,25,100,0.09960000000000001
28,2015,scincl,simcse,50,100,0.11359999999999999
28,2015,scibert,bert,10,100,0.195
28,2015,scibert,bert,25,100,0.2144
28,2015,scibert,bert,50,100,0.2548
28,2015,scibert,mpnet,10,100,0.11000000000000001
28,2015,scibert,mpnet,25,100,0.1272
28,2015,scibert,mpnet,50,100,0.14400000000000002
28,2015,scibert,minilm,10,100,0.10600000000000001
28,2015,scibert,minilm,25,100,0.12480000000000001
28,2015,scibert,minilm,50,100,0.13019999999999998
28,2015,scibert,pubmedbert,10,100,0.367
28,2015,scibert,pubmedbert,25,100,0.392
28,2015,scibert,pubmedbert,50,100,0.42340000000000005
28,2015,scibert,biobert,10,100,0.348
28,2015,scibert,biobert,25,100,0.37479999999999997
28,2015,scibert,biobert,50,100,0.41
28,2015,scibert,simcse,10,100,0.10900000000000001
28,2015,scibert,simcse,25,100,0.1288
28,2015,scibert,simcse,50,100,0.1482
28,2015,bert,mpnet,10,100,0.098
28,2015,bert,mpnet,25,100,0.098
28,2015,bert,mpnet,50,100,0.11599999999999999
28,2015,bert,minilm,10,100,0.096
28,2015,bert,minilm,25,100,0.106
28,2015,bert,minilm,50,100,0.1176
28,2015,bert,pubmedbert,10,100,0.172
28,2015,bert,pubmedbert,25,100,0.21600000000000003
28,2015,bert,pubmedbert,50,100,0.2434
28,2015,bert,biobert,10,100,0.223
28,2015,bert,biobert,25,100,0.2568
28,2015,bert,biobert,50,100,0.285
28,2015,bert,simcse,10,100,0.16499999999999998
28,2015,bert,simcse,25,100,0.2104
28,2015,bert,simcse,50,100,0.23739999999999997
28,2015,mpnet,minilm,10,100,0.457
28,2015,mpnet,minilm,25,100,0.4728
28,2015,mpnet,minilm,50,100,0.47979999999999995
28,2015,mpnet,pubmedbert,10,100,0.11100000000000002
28,2015,mpnet,pubmedbert,25,100,0.12119999999999999
28,2015,mpnet,pubmedbert,50,100,0.1366
28,2015,mpnet,biobert,10,100,0.12
28,2015,mpnet,biobert,25,100,0.1444
28,2015,mpnet,biobert,50,100,0.1598
28,2015,mpnet,simcse,10,100,0.096
28,2015,mpnet,simcse,25,100,0.1104
28,2015,mpnet,simcse,50,100,0.12560000000000002
28,2015,minilm,pubmedbert,10,100,0.099
28,2015,minilm,pubmedbert,25,100,0.1168
28,2015,minilm,pubmedbert,50,100,0.1292
28,2015,minilm,biobert,10,100,0.126
28,2015,minilm,biobert,25,100,0.134
28,2015,minilm,biobert,50,100,0.1522
28,2015,minilm,simcse,10,100,0.10800000000000001
28,2015,minilm,simcse,25,100,0.1208
28,2015,minilm,simcse,50,100,0.1382
28,2015,pubmedbert,biobert,10,100,0.383
28,2015,pubmedbert,biobert,25,100,0.4052
28,2015,pubmedbert,biobert,50,100,0.423
28,2015,pubmedbert,simcse,10,100,0.10900000000000001
28,2015,pubmedbert,simcse,25,100,0.1288
28,2015,pubmedbert,simcse,50,100,0.1436
28,2015,biobert,simcse,10,100,0.132
28,2015,biobert,simcse,25,100,0.1444
28,2015,biobert,simcse,50,100,0.1576
28,2020,specter,specter2,10,100,0.305
28,2020,specter,specter2,25,100,0.3248
28,2020,specter,specter2,50,100,0.3354
28,2020,specter,scincl,10,100,0.381
28,2020,specter,scincl,25,100,0.382
28,2020,specter,scincl,50,100,0.3946
28,2020,specter,scibert,10,100,0.10800000000000001
28,2020,specter,scibert,25,100,0.114
28,2020,specter,scibert,50,100,0.1266
28,2020,specter,bert,10,100,0.066
28,2020,specter,bert,25,100,0.08199999999999999
28,2020,specter,bert,50,100,0.0926
28,2020,specter,mpnet,10,100,0.34900000000000003
28,2020,specter,mpnet,25,100,0.3564
28,2020,specter,mpnet,50,100,0.366
28,2020,specter,minilm,10,100,0.274
28,2020,specter,minilm,25,100,0.302
28,2020,specter,minilm,50,100,0.313
28,2020,specter,pubmedbert,10,100,0.092
28,2020,specter,pubmedbert,25,100,0.1016
28,2020,specter,pubmedbert,50,100,0.11460000000000001
28,2020,specter,biobert,10,100,0.11599999999999999
28,2020,specter,biobert,25,100,0.1252
28,2020,specter,biobert,50,100,0.1412
28,2020,specter,simcse,10,100,0.062
28,2020,specter,simcse,25,100,0.0784
28,2020,specter,simcse,50,100,0.0834
28,2020,specter2,scincl,10,100,0.371
28,2020,specter2,scincl,25,100,0.37520000000000003
28,2020,specter2,scincl,50,100,0.387
28,2020,specter2,scibert,10,100,0.10500000000000001
28,2020,specter2,scibert,25,100,0.11560000000000001
28,2020,specter2,scibert,50,100,0.127
28,2020,specter2,bert,10,100,0.064
28,2020,specter2,bert,25,100,0.0764
28,2020,specter2,bert,50,100,0.0874
28,2020,specter2,mpnet,10,100,0.33199999999999996
28,2020,specter2,mpnet,25,100,0.3488
28,2020,specter2,mpnet,50,100,0.3642
28,2020,specter2,minilm,10,100,0.282
28,2020,specter2,minilm,25,100,0.3
28,2020,specter2,minilm,50,100,0.3184
28,2020,specter2,pubmedbert,10,100,0.092
28,2020,specter2,pubmedbert,25,100,0.09519999999999999
28,2020,specter2,pubmedbert,50,100,0.10800000000000001
28,2020,specter2,biobert,10,100,0.11000000000000001
28,2020,specter2,biobert,25,100,0.1168
28,2020,specter2,biobert,50,100,0.131
28,2020,specter2,simcse,10,100,0.065
28,2020,specter2,simcse,25,100,0.0696
28,2020,specter2,simcse,50,100,0.0842
28,2020,scincl,scibert,10,100,0.10600000000000001
28,2020,scincl,scibert,25,100,0.1104
28,2020,scincl,scibert,50,100,0.11800000000000001
28,2020,scincl,bert,10,100,0.06899999999999999
28,2020,scincl,bert,25,100,0.0736
28,2020,scincl,bert,50,100,0.0862
28,2020,scincl,mpnet,10,100,0.441
28,2020,scincl,mpnet,25,100,0.4388
28,2020,scincl,mpnet,50,100,0.45299999999999996
28,2020,scincl,minilm,10,100,0.365
28,2020,scincl,minilm,25,100,0.3872
28,2020,scincl,minilm,50,100,0.39380000000000004
28,2020,scincl,pubmedbert,10,100,0.091
28,2020,scincl,pubmedbert,25,100,0.0904
28,2020,scincl,pubmedbert,50,100,0.10619999999999999
28,2020,scincl,biobert,10,100,0.12
28,2020,scincl,biobert,25,100,0.114
28,2020,scincl,biobert,50,100,0.1274
28,2020,scincl,simcse,10,100,0.074
28,2020,scincl,simcse,25,100,0.08
28,2020,scincl,simcse,50,100,0.0904
28,2020,scibert,bert,10,100,0.182
28,2020,scibert,bert,25,100,0.20120000000000002
28,2020,scibert,bert,50,100,0.2206
28,2020,scibert,mpnet,10,100,0.094
28,2020,scibert,mpnet,25,100,0.10400000000000001
28,2020,scibert,mpnet,50,100,0.11900000000000001
28,2020,scibert,minilm,10,100,0.094
28,2020,scibert,minilm,25,100,0.09880000000000001
28,2020,scibert,minilm,50,100,0.10779999999999999
28,2020,scibert,pubmedbert,10,100,0.351
28,2020,scibert,pubmedbert,25,100,0.39039999999999997
28,2020,scibert,pubmedbert,50,100,0.40700000000000003
28,2020,scibert,biobert,10,100,0.341
28,2020,scibert,biobert,25,100,0.3768
28,2020,scibert,biobert,50,100,0.3956
28,2020,scibert,simcse,10,100,0.076
28,2020,scibert,simcse,25,100,0.1052
28,2020,scibert,simcse,50,100,0.1164
28,2020,bert,mpnet,10,100,0.061
28,2020,bert,mpnet,25,100,0.0784
28,2020,bert,mpnet,50,100,0.0962
28,2020,bert,minilm,10,100,0.065
28,2020,bert,minilm,25,100,0.0808
28,2020,bert,minilm,50,100,0.09960000000000001
28,2020,bert,pubmedbert,10,100,0.156
28,2020,bert,pubmedbert,25,100,0.18760000000000002
28,2020,bert,pubmedbert,50,100,0.20579999999999998
28,2020,bert,biobert,10,100,0.205
28,2020,bert,biobert,25,100,0.2284
28,2020,bert,biobert,50,100,0.2516
28,2020,bert,simcse,10,100,0.134
28,2020,bert,simcse,25,100,0.1668
28,2020,bert,simcse,50,100,0.19519999999999998
28,2020,mpnet,minilm,10,100,0.46699999999999997
28,2020,mpnet,minilm,25,100,0.4692
28,2020,mpnet,minilm,50,100,0.4826
28,2020,mpnet,pubmedbert,10,100,0.079
28,2020,mpnet,pubmedbert,25,100,0.092
28,2020,mpnet,pubmedbert,50,100,0.105
28,2020,mpnet,biobert,10,100,0.1
28,2020,mpnet,biobert,25,100,0.12279999999999999
28,2020,mpnet,biobert,50,100,0.135
28,2020,mpnet,simcse,10,100,0.068
28,2020,mpnet,simcse,25,100,0.09119999999999999
28,2020,mpnet,simcse,50,100,0.0966
28,2020,minilm,pubmedbert,10,100,0.06899999999999999
28,2020,minilm,pubmedbert,25,100,0.0872
28,2020,minilm,pubmedbert,50,100,0.099
28,2020,minilm,biobert,10,100,0.10400000000000001
28,2020,minilm,biobert,25,100,0.1148
28,2020,minilm,biobert,50,100,0.1252
28,2020,minilm,simcse,10,100,0.075
28,2020,minilm,simcse,25,100,0.0944
28,2020,minilm,simcse,50,100,0.107
28,2020,pubmedbert,biobert,10,100,0.358
28,2020,pubmedbert,biobert,25,100,0.3932
28,2020,pubmedbert,biobert,50,100,0.4104
28,2020,pubmedbert,simcse,10,100,0.065
28,2020,pubmedbert,simcse,25,100,0.09519999999999999
28,2020,pubmedbert,simcse,50,100,0.1072
28,2020,biobert,simcse,10,100,0.088
28,2020,biobert,simcse,25,100,0.10640000000000001
28,2020,biobert,simcse,50,100,0.11939999999999999
29,2000,specter,specter2,10,100,0.21000000000000002
29,2000,specter,specter2,25,100,0.22760000000000002
29,2000,specter,specter2,50,100,0.2376
29,2000,specter,scincl,10,100,0.308
29,2000,specter,scincl,25,100,0.33240000000000003
29,2000,specter,scincl,50,100,0.3422
29,2000,specter,scibert,10,100,0.08
29,2000,specter,scibert,25,100,0.096
29,2000,specter,scibert,50,100,0.1092
29,2000,specter,bert,10,100,0.062
29,2000,specter,bert,25,100,0.0668
29,2000,specter,bert,50,100,0.078
29,2000,specter,mpnet,10,100,0.248
29,2000,specter,mpnet,25,100,0.2672
29,2000,specter,mpnet,50,100,0.2788
29,2000,specter,minilm,10,100,0.22000000000000003
29,2000,specter,minilm,25,100,0.2384
29,2000,specter,minilm,50,100,0.24780000000000002
29,2000,specter,pubmedbert,10,100,0.071
29,2000,specter,pubmedbert,25,100,0.0736
29,2000,specter,pubmedbert,50,100,0.0874
29,2000,specter,biobert,10,100,0.088
29,2000,specter,biobert,25,100,0.08439999999999999
29,2000,specter,biobert,50,100,0.09820000000000001
29,2000,specter,simcse,10,100,0.068
29,2000,specter,simcse,25,100,0.0776
29,2000,specter,simcse,50,100,0.0794
29,2000,specter2,scincl,10,100,0.28300000000000003
29,2000,specter2,scincl,25,100,0.2844
29,2000,specter2,scincl,50,100,0.2916
29,2000,specter2,scibert,10,100,0.08299999999999999
29,2000,specter2,scibert,25,100,0.0872
29,2000,specter2,scibert,50,100,0.1002
29,2000,specter2,bert,10,100,0.06999999999999999
29,2000,specter2,bert,25,100,0.06
29,2000,specter2,bert,50,100,0.0676
29,2000,specter2,mpnet,10,100,0.302
29,2000,specter2,mpnet,25,100,0.2956
29,2000,specter2,mpnet,50,100,0.2942
29,2000,specter2,minilm,10,100,0.264
29,2000,specter2,minilm,25,100,0.25120000000000003
29,2000,specter2,minilm,50,100,0.2492
29,2000,specter2,pubmedbert,10,100,0.064
29,2000,specter2,pubmedbert,25,100,0.0668
29,2000,specter2,pubmedbert,50,100,0.0764
29,2000,specter2,biobert,10,100,0.067
29,2000,specter2,biobert,25,100,0.07519999999999999
29,2000,specter2,biobert,50,100,0.0852
29,2000,specter2,simcse,10,100,0.056999999999999995
29,2000,specter2,simcse,25,100,0.0652
29,2000,specter2,simcse,50,100,0.0706
29,2000,scincl,scibert,10,100,0.087
29,2000,scincl,scibert,25,100,0.0876
29,2000,scincl,scibert,50,100,0.1012
29,2000,scincl,bert,10,100,0.067
29,2000,scincl,bert,25,100,0.0632
29,2000,scincl,bert,50,100,0.07400000000000001
29,2000,scincl,mpnet,10,100,0.33599999999999997
29,2000,scincl,mpnet,25,100,0.3652
29,2000,scincl,mpnet,50,100,0.3766
29,2000,scincl,minilm,10,100,0.29300000000000004
29,2000,scincl,minilm,25,100,0.3132
29,2000,scincl,minilm,50,100,0.3206
29,2000,scincl,pubmedbert,10,100,0.074
29,2000,scincl,pubmedbert,25,100,0.07440000000000001
29,2000,scincl,pubmedbert,50,100,0.08460000000000001
29,2000,scincl,biobert,10,100,0.081
29,2000,scincl,biobert,25,100,0.0812
29,2000,scincl,biobert,50,100,0.0916
29,2000,scincl,simcse,10,100,0.065
29,2000,scincl,simcse,25,100,0.0788
29,2000,scincl,simcse,50,100,0.0802
29,2000,scibert,bert,10,100,0.189
29,2000,scibert,bert,25,100,0.20079999999999998
29,2000,scibert,bert,50,100,0.2194
29,2000,scibert,mpnet,10,100,0.073
29,2000,scibert,mpnet,25,100,0.0832
29,2000,scibert,mpnet,50,100,0.099
29,2000,scibert,minilm,10,100,0.06899999999999999
29,2000,scibert,minilm,25,100,0.08199999999999999
29,2000,scibert,minilm,50,100,0.0926
29,2000,scibert,pubmedbert,10,100,0.344
29,2000,scibert,pubmedbert,25,100,0.35719999999999996
29,2000,scibert,pubmedbert,50,100,0.38420000000000004
29,2000,scibert,biobert,10,100,0.309
29,2000,scibert,biobert,25,100,0.3328
29,2000,scibert,biobert,50,100,0.3566
29,2000,scibert,simcse,10,100,0.067
29,2000,scibert,simcse,25,100,0.09759999999999999
29,2000,scibert,simcse,50,100,0.1036
29,2000,bert,mpnet,10,100,0.078
29,2000,bert,mpnet,25,100,0.07919999999999999
29,2000,bert,mpnet,50,100,0.08259999999999999
29,2000,bert,minilm,10,100,0.079
29,2000,bert,minilm,25,100,0.0812
29,2000,bert,minilm,50,100,0.0872
29,2000,bert,pubmedbert,10,100,0.16799999999999998
29,2000,bert,pubmedbert,25,100,0.1772
29,2000,bert,pubmedbert,50,100,0.2032
29,2000,bert,biobert,10,100,0.181
29,2000,bert,biobert,25,100,0.2016
29,2000,bert,biobert,50,100,0.22899999999999998
29,2000,bert,simcse,10,100,0.16499999999999998
29,2000,bert,simcse,25,100,0.17920000000000003
29,2000,bert,simcse,50,100,0.1892
29,2000,mpnet,minilm,10,100,0.429
29,2000,mpnet,minilm,25,100,0.45520000000000005
29,2000,mpnet,minilm,50,100,0.4572
29,2000,mpnet,pubmedbert,10,100,0.065
29,2000,mpnet,pubmedbert,25,100,0.07719999999999999
29,2000,mpnet,pubmedbert,50,100,0.0864
29,2000,mpnet,biobert,10,100,0.074
29,2000,mpnet,biobert,25,100,0.0824
29,2000,mpnet,biobert,50,100,0.0928
29,2000,mpnet,simcse,10,100,0.072
29,2000,mpnet,simcse,25,100,0.084
29,2000,mpnet,simcse,50,100,0.08839999999999999
29,2000,minilm,pubmedbert,10,100,0.065
29,2000,minilm,pubmedbert,25,100,0.0756
29,2000,minilm,pubmedbert,50,100,0.085
29,2000,minilm,biobert,10,100,0.075
29,2000,minilm,biobert,25,100,0.0784
29,2000,minilm,biobert,50,100,0.0924
29,2000,minilm,simcse,10,100,0.06999999999999999
29,2000,minilm,simcse,25,100,0.0868
29,2000,minilm,simcse,50,100,0.09880000000000001
29,2000,pubmedbert,biobert,10,100,0.312
29,2000,pubmedbert,biobert,25,100,0.34240000000000004
29,2000,pubmedbert,biobert,50,100,0.37
29,2000,pubmedbert,simcse,10,100,0.08299999999999999
29,2000,pubmedbert,simcse,25,100,0.0888
29,2000,pubmedbert,simcse,50,100,0.0978
29,2000,biobert,simcse,10,100,0.081
29,2000,biobert,simcse,25,100,0.08800000000000001
29,2000,biobert,simcse,50,100,0.09880000000000001
29,2005,specter,specter2,10,100,0.22799999999999998
29,2005,specter,specter2,25,100,0.23399999999999999
29,2005,specter,specter2,50,100,0.2492
29,2005,specter,scincl,10,100,0.305
29,2005,specter,scincl,25,100,0.34759999999999996
29,2005,specter,scincl,50,100,0.3736
29,2005,specter,scibert,10,100,0.1
29,2005,specter,scibert,25,100,0.10640000000000001
29,2005,specter,scibert,50,100,0.12359999999999999
29,2005,specter,bert,10,100,0.068
29,2005,specter,bert,25,100,0.07400000000000001
29,2005,specter,bert,50,100,0.08800000000000001
29,2005,specter,mpnet,10,100,0.253
29,2005,specter,mpnet,25,100,0.2844
29,2005,specter,mpnet,50,100,0.3164
29,2005,specter,minilm,10,100,0.22200000000000003
29,2005,specter,minilm,25,100,0.24239999999999998
29,2005,specter,minilm,50,100,0.2716
29,2005,specter,pubmedbert,10,100,0.073
29,2005,specter,pubmedbert,25,100,0.0908
29,2005,specter,pubmedbert,50,100,0.102
29,2005,specter,biobert,10,100,0.094
29,2005,specter,biobert,25,100,0.1032
29,2005,specter,biobert,50,100,0.1152
29,2005,specter,simcse,10,100,0.05600000000000001
29,2005,specter,simcse,25,100,0.0672
29,2005,specter,simcse,50,100,0.0806
29,2005,specter2,scincl,10,100,0.28500000000000003
29,2005,specter2,scincl,25,100,0.2984
29,2005,specter2,scincl,50,100,0.3124
29,2005,specter2,scibert,10,100,0.093
29,2005,specter2,scibert,25,100,0.096
29,2005,specter2,scibert,50,100,0.1052
29,2005,specter2,bert,10,100,0.061
29,2005,specter2,bert,25,100,0.06559999999999999
29,2005,specter2,bert,50,100,0.07400000000000001
29,2005,specter2,mpnet,10,100,0.28900000000000003
29,2005,specter2,mpnet,25,100,0.2988
29,2005,specter2,mpnet,50,100,0.3144
29,2005,specter2,minilm,10,100,0.264
29,2005,specter2,minilm,25,100,0.2584
29,2005,specter2,minilm,50,100,0.27699999999999997
29,2005,specter2,pubmedbert,10,100,0.06
29,2005,specter2,pubmedbert,25,100,0.07440000000000001
29,2005,specter2,pubmedbert,50,100,0.0794
29,2005,specter2,biobert,10,100,0.08
29,2005,specter2,biobert,25,100,0.0872
29,2005,specter2,biobert,50,100,0.0966
29,2005,specter2,simcse,10,100,0.051000000000000004
29,2005,specter2,simcse,25,100,0.062
29,2005,specter2,simcse,50,100,0.0716
29,2005,scincl,scibert,10,100,0.093
29,2005,scincl,scibert,25,100,0.0944
29,2005,scincl,scibert,50,100,0.1142
29,2005,scincl,bert,10,100,0.06899999999999999
29,2005,scincl,bert,25,100,0.0716
29,2005,scincl,bert,50,100,0.083
29,2005,scincl,mpnet,10,100,0.362
29,2005,scincl,mpnet,25,100,0.368
29,2005,scincl,mpnet,50,100,0.3864
29,2005,scincl,minilm,10,100,0.308
29,2005,scincl,minilm,25,100,0.3196
29,2005,scincl,minilm,50,100,0.33299999999999996
29,2005,scincl,pubmedbert,10,100,0.053000000000000005
29,2005,scincl,pubmedbert,25,100,0.0728
29,2005,scincl,pubmedbert,50,100,0.087
29,2005,scincl,biobert,10,100,0.081
29,2005,scincl,biobert,25,100,0.08960000000000001
29,2005,scincl,biobert,50,100,0.106
29,2005,scincl,simcse,10,100,0.063
29,2005,scincl,simcse,25,100,0.0684
29,2005,scincl,simcse,50,100,0.085
29,2005,scibert,bert,10,100,0.184
29,2005,scibert,bert,25,100,0.2108
29,2005,scibert,bert,50,100,0.22440000000000002
29,2005,scibert,mpnet,10,100,0.08499999999999999
29,2005,scibert,mpnet,25,100,0.0944
29,2005,scibert,mpnet,50,100,0.1076
29,2005,scibert,minilm,10,100,0.079
29,2005,scibert,minilm,25,100,0.0852
29,2005,scibert,minilm,50,100,0.0986
29,2005,scibert,pubmedbert,10,100,0.335
29,2005,scibert,pubmedbert,25,100,0.3968
29,2005,scibert,pubmedbert,50,100,0.41240000000000004
29,2005,scibert,biobert,10,100,0.308
29,2005,scibert,biobert,25,100,0.34840000000000004
29,2005,scibert,biobert,50,100,0.38439999999999996
29,2005,scibert,simcse,10,100,0.079
29,2005,scibert,simcse,25,100,0.10880000000000001
29,2005,scibert,simcse,50,100,0.1234
29,2005,bert,mpnet,10,100,0.063
29,2005,bert,mpnet,25,100,0.0756
29,2005,bert,mpnet,50,100,0.08800000000000001
29,2005,bert,minilm,10,100,0.062
29,2005,bert,minilm,25,100,0.0748
29,2005,bert,minilm,50,100,0.0932
29,2005,bert,pubmedbert,10,100,0.16899999999999998
29,2005,bert,pubmedbert,25,100,0.19640000000000002
29,2005,bert,pubmedbert,50,100,0.20579999999999998
29,2005,bert,biobert,10,100,0.177
29,2005,bert,biobert,25,100,0.2168
29,2005,bert,biobert,50,100,0.23199999999999998
29,2005,bert,simcse,10,100,0.145
29,2005,bert,simcse,25,100,0.1808
29,2005,bert,simcse,50,100,0.19640000000000002
29,2005,mpnet,minilm,10,100,0.42800000000000005
29,2005,mpnet,minilm,25,100,0.45399999999999996
29,2005,mpnet,minilm,50,100,0.4642
29,2005,mpnet,pubmedbert,10,100,0.062
29,2005,mpnet,pubmedbert,25,100,0.076
29,2005,mpnet,pubmedbert,50,100,0.086
29,2005,mpnet,biobert,10,100,0.08499999999999999
29,2005,mpnet,biobert,25,100,0.0924
29,2005,mpnet,biobert,50,100,0.10060000000000001
29,2005,mpnet,simcse,10,100,0.068
29,2005,mpnet,simcse,25,100,0.0756
29,2005,mpnet,simcse,50,100,0.0902
29,2005,minilm,pubmedbert,10,100,0.057999999999999996
29,2005,minilm,pubmedbert,25,100,0.0676
29,2005,minilm,pubmedbert,50,100,0.0812
29,2005,minilm,biobert,10,100,0.076
29,2005,minilm,biobert,25,100,0.084
29,2005,minilm,biobert,50,100,0.0992
29,2005,minilm,simcse,10,100,0.08
29,2005,minilm,simcse,25,100,0.07919999999999999
29,2005,minilm,simcse,50,100,0.09519999999999999
29,2005,pubmedbert,biobert,10,100,0.305
29,2005,pubmedbert,biobert,25,100,0.3696
29,2005,pubmedbert,biobert,50,100,0.3834
29,2005,pubmedbert,simcse,10,100,0.08199999999999999
29,2005,pubmedbert,simcse,25,100,0.1036
29,2005,pubmedbert,simcse,50,100,0.11
29,2005,biobert,simcse,10,100,0.086
29,2005,biobert,simcse,25,100,0.11359999999999999
29,2005,biobert,simcse,50,100,0.1204
29,2010,specter,specter2,10,100,0.248
29,2010,specter,specter2,25,100,0.2768
29,2010,specter,specter2,50,100,0.297
29,2010,specter,scincl,10,100,0.366
29,2010,specter,scincl,25,100,0.37799999999999995
29,2010,specter,scincl,50,100,0.39880000000000004
29,2010,specter,scibert,10,100,0.101
29,2010,specter,scibert,25,100,0.1148
29,2010,specter,scibert,50,100,0.12300000000000001
29,2010,specter,bert,10,100,0.079
29,2010,specter,bert,25,100,0.0892
29,2010,specter,bert,50,100,0.09699999999999999
29,2010,specter,mpnet,10,100,0.302
29,2010,specter,mpnet,25,100,0.33759999999999996
29,2010,specter,mpnet,50,100,0.35200000000000004
29,2010,specter,minilm,10,100,0.266
29,2010,specter,minilm,25,100,0.2812
29,2010,specter,minilm,50,100,0.298
29,2010,specter,pubmedbert,10,100,0.08
29,2010,specter,pubmedbert,25,100,0.10039999999999999
29,2010,specter,pubmedbert,50,100,0.1084
29,2010,specter,biobert,10,100,0.087
29,2010,specter,biobert,25,100,0.10279999999999999
29,2010,specter,biobert,50,100,0.11380000000000001
29,2010,specter,simcse,10,100,0.068
29,2010,specter,simcse,25,100,0.0872
29,2010,specter,simcse,50,100,0.1012
29,2010,specter2,scincl,10,100,0.307
29,2010,specter2,scincl,25,100,0.3344
29,2010,specter2,scincl,50,100,0.3508
29,2010,specter2,scibert,10,100,0.08499999999999999
29,2010,specter2,scibert,25,100,0.09519999999999999
29,2010,specter2,scibert,50,100,0.11380000000000001
29,2010,specter2,bert,10,100,0.057999999999999996
29,2010,specter2,bert,25,100,0.0768
29,2010,specter2,bert,50,100,0.0886
29,2010,specter2,mpnet,10,100,0.303
29,2010,specter2,mpnet,25,100,0.3188
29,2010,specter2,mpnet,50,100,0.3348
29,2010,specter2,minilm,10,100,0.261
29,2010,specter2,minilm,25,100,0.2676
29,2010,specter2,minilm,50,100,0.284
29,2010,specter2,pubmedbert,10,100,0.06899999999999999
29,2010,specter2,pubmedbert,25,100,0.08
29,2010,specter2,pubmedbert,50,100,0.09960000000000001
29,2010,specter2,biobert,10,100,0.067
29,2010,specter2,biobert,25,100,0.0812
29,2010,specter2,biobert,50,100,0.1018
29,2010,specter2,simcse,10,100,0.063
29,2010,specter2,simcse,25,100,0.084
29,2010,specter2,simcse,50,100,0.08900000000000001
29,2010,scincl,scibert,10,100,0.087
29,2010,scincl,scibert,25,100,0.094
29,2010,scincl,scibert,50,100,0.11
29,2010,scincl,bert,10,100,0.066
29,2010,scincl,bert,25,100,0.0776
29,2010,scincl,bert,50,100,0.0876
29,2010,scincl,mpnet,10,100,0.364
29,2010,scincl,mpnet,25,100,0.3932
29,2010,scincl,mpnet,50,100,0.4226
29,2010,scincl,minilm,10,100,0.329
29,2010,scincl,minilm,25,100,0.3372
29,2010,scincl,minilm,50,100,0.35359999999999997
29,2010,scincl,pubmedbert,10,100,0.065
29,2010,scincl,pubmedbert,25,100,0.0848
29,2010,scincl,pubmedbert,50,100,0.09539999999999998
29,2010,scincl,biobert,10,100,0.06999999999999999
29,2010,scincl,biobert,25,100,0.0876
29,2010,scincl,biobert,50,100,0.1018
29,2010,scincl,simcse,10,100,0.077
29,2010,scincl,simcse,25,100,0.0876
29,2010,scincl,simcse,50,100,0.09359999999999999
29,2010,scibert,bert,10,100,0.198
29,2010,scibert,bert,25,100,0.22039999999999998
29,2010,scibert,bert,50,100,0.23920000000000002
29,2010,scibert,mpnet,10,100,0.086
29,2010,scibert,mpnet,25,100,0.0924
29,2010,scibert,mpnet,50,100,0.10779999999999999
29,2010,scibert,minilm,10,100,0.081
29,2010,scibert,minilm,25,100,0.09480000000000001
29,2010,scibert,minilm,50,100,0.107
29,2010,scibert,pubmedbert,10,100,0.33999999999999997
29,2010,scibert,pubmedbert,25,100,0.36560000000000004
29,2010,scibert,pubmedbert,50,100,0.3918
29,2010,scibert,biobert,10,100,0.311
29,2010,scibert,biobert,25,100,0.34240000000000004
29,2010,scibert,biobert,50,100,0.3848
29,2010,scibert,simcse,10,100,0.097
29,2010,scibert,simcse,25,100,0.1036
29,2010,scibert,simcse,50,100,0.1234
29,2010,bert,mpnet,10,100,0.067
29,2010,bert,mpnet,25,100,0.0812
29,2010,bert,mpnet,50,100,0.0956
29,2010,bert,minilm,10,100,0.073
29,2010,bert,minilm,25,100,0.0904
29,2010,bert,minilm,50,100,0.105
29,2010,bert,pubmedbert,10,100,0.159
29,2010,bert,pubmedbert,25,100,0.1948
29,2010,bert,pubmedbert,50,100,0.21539999999999998
29,2010,bert,biobert,10,100,0.188
29,2010,bert,biobert,25,100,0.21359999999999998
29,2010,bert,biobert,50,100,0.23920000000000002
29,2010,bert,simcse,10,100,0.16599999999999998
29,2010,bert,simcse,25,100,0.1808
29,2010,bert,simcse,50,100,0.198
29,2010,mpnet,minilm,10,100,0.476
29,2010,mpnet,minilm,25,100,0.4668
29,2010,mpnet,minilm,50,100,0.473
29,2010,mpnet,pubmedbert,10,100,0.063
29,2010,mpnet,pubmedbert,25,100,0.0812
29,2010,mpnet,pubmedbert,50,100,0.0964
29,2010,mpnet,biobert,10,100,0.06
29,2010,mpnet,biobert,25,100,0.0828
29,2010,mpnet,biobert,50,100,0.1014
29,2010,mpnet,simcse,10,100,0.077
29,2010,mpnet,simcse,25,100,0.0904
29,2010,mpnet,simcse,50,100,0.0998
29,2010,minilm,pubmedbert,10,100,0.074
29,2010,minilm,pubmedbert,25,100,0.086
29,2010,minilm,pubmedbert,50,100,0.09359999999999999
29,2010,minilm,biobert,10,100,0.072
29,2010,minilm,biobert,25,100,0.08960000000000001
29,2010,minilm,biobert,50,100,0.0984
29,2010,minilm,simcse,10,100,0.08499999999999999
29,2010,minilm,simcse,25,100,0.0992
29,2010,minilm,simcse,50,100,0.1072
29,2010,pubmedbert,biobert,10,100,0.317
29,2010,pubmedbert,biobert,25,100,0.3628
29,2010,pubmedbert,biobert,50,100,0.3786
29,2010,pubmedbert,simcse,10,100,0.074
29,2010,pubmedbert,simcse,25,100,0.098
29,2010,pubmedbert,simcse,50,100,0.11380000000000001
29,2010,biobert,simcse,10,100,0.08399999999999999
29,2010,biobert,simcse,25,100,0.1016
29,2010,biobert,simcse,50,100,0.11220000000000001
29,2015,specter,specter2,10,100,0.24
29,2015,specter,specter2,25,100,0.2768
29,2015,specter,specter2,50,100,0.281
29,2015,specter,scincl,10,100,0.308
29,2015,specter,scincl,25,100,0.3448
29,2015,specter,scincl,50,100,0.3786
29,2015,specter,scibert,10,100,0.098
29,2015,specter,scibert,25,100,0.1108
29,2015,specter,scibert,50,100,0.12300000000000001
29,2015,specter,bert,10,100,0.064
29,2015,specter,bert,25,100,0.07919999999999999
29,2015,specter,bert,50,100,0.08900000000000001
29,2015,specter,mpnet,10,100,0.27
29,2015,specter,mpnet,25,100,0.3068
29,2015,specter,mpnet,50,100,0.3234
29,2015,specter,minilm,10,100,0.231
29,2015,specter,minilm,25,100,0.2588
29,2015,specter,minilm,50,100,0.2876
29,2015,specter,pubmedbert,10,100,0.08399999999999999
29,2015,specter,pubmedbert,25,100,0.09720000000000001
29,2015,specter,pubmedbert,50,100,0.1084
29,2015,specter,biobert,10,100,0.093
29,2015,specter,biobert,25,100,0.1048
29,2015,specter,biobert,50,100,0.12119999999999999
29,2015,specter,simcse,10,100,0.066
29,2015,specter,simcse,25,100,0.078
29,2015,specter,simcse,50,100,0.08900000000000001
29,2015,specter2,scincl,10,100,0.29300000000000004
29,2015,specter2,scincl,25,100,0.3064
29,2015,specter2,scincl,50,100,0.3188
29,2015,specter2,scibert,10,100,0.091
29,2015,specter2,scibert,25,100,0.1024
29,2015,specter2,scibert,50,100,0.1092
29,2015,specter2,bert,10,100,0.056999999999999995
29,2015,specter2,bert,25,100,0.0712
29,2015,specter2,bert,50,100,0.0758
29,2015,specter2,mpnet,10,100,0.3
29,2015,specter2,mpnet,25,100,0.3312
29,2015,specter2,mpnet,50,100,0.3214
29,2015,specter2,minilm,10,100,0.274
29,2015,specter2,minilm,25,100,0.2768
29,2015,specter2,minilm,50,100,0.2838
29,2015,specter2,pubmedbert,10,100,0.06899999999999999
29,2015,specter2,pubmedbert,25,100,0.0808
29,2015,specter2,pubmedbert,50,100,0.09
29,2015,specter2,biobert,10,100,0.08199999999999999
29,2015,specter2,biobert,25,100,0.09119999999999999
29,2015,specter2,biobert,50,100,0.10279999999999999
29,2015,specter2,simcse,10,100,0.06899999999999999
29,2015,specter2,simcse,25,100,0.0692
29,2015,specter2,simcse,50,100,0.07400000000000001
29,2015,scincl,scibert,10,100,0.08
29,2015,scincl,scibert,25,100,0.09
29,2015,scincl,scibert,50,100,0.1042
29,2015,scincl,bert,10,100,0.065
29,2015,scincl,bert,25,100,0.07
29,2015,scincl,bert,50,100,0.0764
29,2015,scincl,mpnet,10,100,0.344
29,2015,scincl,mpnet,25,100,0.37200000000000005
29,2015,scincl,mpnet,50,100,0.3962
29,2015,scincl,minilm,10,100,0.29700000000000004
29,2015,scincl,minilm,25,100,0.3148
29,2015,scincl,minilm,50,100,0.3296
29,2015,scincl,pubmedbert,10,100,0.067
29,2015,scincl,pubmedbert,25,100,0.0776
29,2015,scincl,pubmedbert,50,100,0.09
29,2015,scincl,biobert,10,100,0.08299999999999999
29,2015,scincl,biobert,25,100,0.0836
29,2015,scincl,biobert,50,100,0.0974
29,2015,scincl,simcse,10,100,0.063
29,2015,scincl,simcse,25,100,0.0724
29,2015,scincl,simcse,50,100,0.08039999999999999
29,2015,scibert,bert,10,100,0.183
29,2015,scibert,bert,25,100,0.21719999999999998
29,2015,scibert,bert,50,100,0.2372
29,2015,scibert,mpnet,10,100,0.077
29,2015,scibert,mpnet,25,100,0.09119999999999999
29,2015,scibert,mpnet,50,100,0.105
29,2015,scibert,minilm,10,100,0.086
29,2015,scibert,minilm,25,100,0.094
29,2015,scibert,minilm,50,100,0.1
29,2015,scibert,pubmedbert,10,100,0.33999999999999997
29,2015,scibert,pubmedbert,25,100,0.38159999999999994
29,2015,scibert,pubmedbert,50,100,0.401
29,2015,scibert,biobert,10,100,0.341
29,2015,scibert,biobert,25,100,0.36560000000000004
29,2015,scibert,biobert,50,100,0.39740000000000003
29,2015,scibert,simcse,10,100,0.11599999999999999
29,2015,scibert,simcse,25,100,0.1208
29,2015,scibert,simcse,50,100,0.127
29,2015,bert,mpnet,10,100,0.064
29,2015,bert,mpnet,25,100,0.08
29,2015,bert,mpnet,50,100,0.0902
29,2015,bert,minilm,10,100,0.073
29,2015,bert,minilm,25,100,0.08039999999999999
29,2015,bert,minilm,50,100,0.0922
29,2015,bert,pubmedbert,10,100,0.161
29,2015,bert,pubmedbert,25,100,0.20120000000000002
29,2015,bert,pubmedbert,50,100,0.2234
29,2015,bert,biobert,10,100,0.189
29,2015,bert,biobert,25,100,0.23879999999999998
29,2015,bert,biobert,50,100,0.2588
29,2015,bert,simcse,10,100,0.172
29,2015,bert,simcse,25,100,0.1856
29,2015,bert,simcse,50,100,0.2036
29,2015,mpnet,minilm,10,100,0.43099999999999994
29,2015,mpnet,minilm,25,100,0.44799999999999995
29,2015,mpnet,minilm,50,100,0.4618
29,2015,mpnet,pubmedbert,10,100,0.062
29,2015,mpnet,pubmedbert,25,100,0.0832
29,2015,mpnet,pubmedbert,50,100,0.0926
29,2015,mpnet,biobert,10,100,0.079
29,2015,mpnet,biobert,25,100,0.0984
29,2015,mpnet,biobert,50,100,0.10859999999999999
29,2015,mpnet,simcse,10,100,0.075
29,2015,mpnet,simcse,25,100,0.0728
29,2015,mpnet,simcse,50,100,0.0842
29,2015,minilm,pubmedbert,10,100,0.065
29,2015,minilm,pubmedbert,25,100,0.0796
29,2015,minilm,pubmedbert,50,100,0.0902
29,2015,minilm,biobert,10,100,0.091
29,2015,minilm,biobert,25,100,0.0956
29,2015,minilm,biobert,50,100,0.1008
29,2015,minilm,simcse,10,100,0.08199999999999999
29,2015,minilm,simcse,25,100,0.0828
29,2015,minilm,simcse,50,100,0.09759999999999999
29,2015,pubmedbert,biobert,10,100,0.362
29,2015,pubmedbert,biobert,25,100,0.396
29,2015,pubmedbert,biobert,50,100,0.42479999999999996
29,2015,pubmedbert,simcse,10,100,0.091
29,2015,pubmedbert,simcse,25,100,0.1104
29,2015,pubmedbert,simcse,50,100,0.1204
29,2015,biobert,simcse,10,100,0.10800000000000001
29,2015,biobert,simcse,25,100,0.11720000000000001
29,2015,biobert,simcse,50,100,0.1334
29,2020,specter,specter2,10,100,0.268
29,2020,specter,specter2,25,100,0.2848
29,2020,specter,specter2,50,100,0.2844
29,2020,specter,scincl,10,100,0.34900000000000003
29,2020,specter,scincl,25,100,0.36200000000000004
29,2020,specter,scincl,50,100,0.384
29,2020,specter,scibert,10,100,0.10700000000000001
29,2020,specter,scibert,25,100,0.1204
29,2020,specter,scibert,50,100,0.1252
29,2020,specter,bert,10,100,0.087
29,2020,specter,bert,25,100,0.0928
29,2020,specter,bert,50,100,0.09699999999999999
29,2020,specter,mpnet,10,100,0.321
29,2020,specter,mpnet,25,100,0.33759999999999996
29,2020,specter,mpnet,50,100,0.358
29,2020,specter,minilm,10,100,0.308
29,2020,specter,minilm,25,100,0.298
29,2020,specter,minilm,50,100,0.31739999999999996
29,2020,specter,pubmedbert,10,100,0.10800000000000001
29,2020,specter,pubmedbert,25,100,0.1152
29,2020,specter,pubmedbert,50,100,0.1164
29,2020,specter,biobert,10,100,0.11100000000000002
29,2020,specter,biobert,25,100,0.114
29,2020,specter,biobert,50,100,0.1306
29,2020,specter,simcse,10,100,0.093
29,2020,specter,simcse,25,100,0.10400000000000001
29,2020,specter,simcse,50,100,0.1036
29,2020,specter2,scincl,10,100,0.311
29,2020,specter2,scincl,25,100,0.32439999999999997
29,2020,specter2,scincl,50,100,0.33340000000000003
29,2020,specter2,scibert,10,100,0.092
29,2020,specter2,scibert,25,100,0.09960000000000001
29,2020,specter2,scibert,50,100,0.10439999999999999
29,2020,specter2,bert,10,100,0.054000000000000006
29,2020,specter2,bert,25,100,0.0728
29,2020,specter2,bert,50,100,0.0766
29,2020,specter2,mpnet,10,100,0.333
29,2020,specter2,mpnet,25,100,0.3264
29,2020,specter2,mpnet,50,100,0.32380000000000003
29,2020,specter2,minilm,10,100,0.277
29,2020,specter2,minilm,25,100,0.2776
29,2020,specter2,minilm,50,100,0.2818
29,2020,specter2,pubmedbert,10,100,0.089
29,2020,specter2,pubmedbert,25,100,0.0872
29,2020,specter2,pubmedbert,50,100,0.0886
29,2020,specter2,biobert,10,100,0.086
29,2020,specter2,biobert,25,100,0.0944
29,2020,specter2,biobert,50,100,0.1002
29,2020,specter2,simcse,10,100,0.067
29,2020,specter2,simcse,25,100,0.0812
29,2020,specter2,simcse,50,100,0.0812
29,2020,scincl,scibert,10,100,0.077
29,2020,scincl,scibert,25,100,0.1008
29,2020,scincl,scibert,50,100,0.1142
29,2020,scincl,bert,10,100,0.06
29,2020,scincl,bert,25,100,0.076
29,2020,scincl,bert,50,100,0.0802
29,2020,scincl,mpnet,10,100,0.35
29,2020,scincl,mpnet,25,100,0.3832
29,2020,scincl,mpnet,50,100,0.40299999999999997
29,2020,scincl,minilm,10,100,0.312
29,2020,scincl,minilm,25,100,0.3344
29,2020,scincl,minilm,50,100,0.34240000000000004
29,2020,scincl,pubmedbert,10,100,0.081
29,2020,scincl,pubmedbert,25,100,0.0876
29,2020,scincl,pubmedbert,50,100,0.0946
29,2020,scincl,biobert,10,100,0.08399999999999999
29,2020,scincl,biobert,25,100,0.09759999999999999
29,2020,scincl,biobert,50,100,0.10859999999999999
29,2020,scincl,simcse,10,100,0.057999999999999996
29,2020,scincl,simcse,25,100,0.0852
29,2020,scincl,simcse,50,100,0.0862
29,2020,scibert,bert,10,100,0.20400000000000001
29,2020,scibert,bert,25,100,0.2232
29,2020,scibert,bert,50,100,0.2402
29,2020,scibert,mpnet,10,100,0.088
29,2020,scibert,mpnet,25,100,0.0984
29,2020,scibert,mpnet,50,100,0.10859999999999999
29,2020,scibert,minilm,10,100,0.077
29,2020,scibert,minilm,25,100,0.0916
29,2020,scibert,minilm,50,100,0.1052
29,2020,scibert,pubmedbert,10,100,0.346
29,2020,scibert,pubmedbert,25,100,0.39520000000000005
29,2020,scibert,pubmedbert,50,100,0.4174
29,2020,scibert,biobert,10,100,0.325
29,2020,scibert,biobert,25,100,0.3776
29,2020,scibert,biobert,50,100,0.41100000000000003
29,2020,scibert,simcse,10,100,0.077
29,2020,scibert,simcse,25,100,0.11
29,2020,scibert,simcse,50,100,0.125
29,2020,bert,mpnet,10,100,0.077
29,2020,bert,mpnet,25,100,0.0852
29,2020,bert,mpnet,50,100,0.09300000000000001
29,2020,bert,minilm,10,100,0.076
29,2020,bert,minilm,25,100,0.0836
29,2020,bert,minilm,50,100,0.0924
29,2020,bert,pubmedbert,10,100,0.192
29,2020,bert,pubmedbert,25,100,0.2112
29,2020,bert,pubmedbert,50,100,0.2192
29,2020,bert,biobert,10,100,0.21200000000000002
29,2020,bert,biobert,25,100,0.226
29,2020,bert,biobert,50,100,0.2528
29,2020,bert,simcse,10,100,0.153
29,2020,bert,simcse,25,100,0.1732
29,2020,bert,simcse,50,100,0.1962
29,2020,mpnet,minilm,10,100,0.442
29,2020,mpnet,minilm,25,100,0.4472
29,2020,mpnet,minilm,50,100,0.4682
29,2020,mpnet,pubmedbert,10,100,0.095
29,2020,mpnet,pubmedbert,25,100,0.0904
29,2020,mpnet,pubmedbert,50,100,0.096
29,2020,mpnet,biobert,10,100,0.089
29,2020,mpnet,biobert,25,100,0.106
29,2020,mpnet,biobert,50,100,0.11720000000000001
29,2020,mpnet,simcse,10,100,0.079
29,2020,mpnet,simcse,25,100,0.0968
29,2020,mpnet,simcse,50,100,0.098
29,2020,minilm,pubmedbert,10,100,0.077
29,2020,minilm,pubmedbert,25,100,0.0808
29,2020,minilm,pubmedbert,50,100,0.0916
29,2020,minilm,biobert,10,100,0.09
29,2020,minilm,biobert,25,100,0.09759999999999999
29,2020,minilm,biobert,50,100,0.1124
29,2020,minilm,simcse,10,100,0.08299999999999999
29,2020,minilm,simcse,25,100,0.098
29,2020,minilm,simcse,50,100,0.1036
29,2020,pubmedbert,biobert,10,100,0.34500000000000003
29,2020,pubmedbert,biobert,25,100,0.37920000000000004
29,2020,pubmedbert,biobert,50,100,0.41359999999999997
29,2020,pubmedbert,simcse,10,100,0.08299999999999999
29,2020,pubmedbert,simcse,25,100,0.1092
29,2020,pubmedbert,simcse,50,100,0.11460000000000001
29,2020,biobert,simcse,10,100,0.08499999999999999
29,2020,biobert,simcse,25,100,0.106
29,2020,biobert,simcse,50,100,0.1216
30,2000,specter,specter2,10,100,0.20600000000000002
30,2000,specter,specter2,25,100,0.22039999999999998
30,2000,specter,specter2,50,100,0.24420000000000003
30,2000,specter,scincl,10,100,0.319
30,2000,specter,scincl,25,100,0.344
30,2000,specter,scincl,50,100,0.3638
30,2000,specter,scibert,10,100,0.097
30,2000,specter,scibert,25,100,0.12279999999999999
30,2000,specter,scibert,50,100,0.139
30,2000,specter,bert,10,100,0.052000000000000005
30,2000,specter,bert,25,100,0.0668
30,2000,specter,bert,50,100,0.0768
30,2000,specter,mpnet,10,100,0.269
30,2000,specter,mpnet,25,100,0.314
30,2000,specter,mpnet,50,100,0.3226
30,2000,specter,minilm,10,100,0.24
30,2000,specter,minilm,25,100,0.258
30,2000,specter,minilm,50,100,0.27399999999999997
30,2000,specter,pubmedbert,10,100,0.092
30,2000,specter,pubmedbert,25,100,0.1164
30,2000,specter,pubmedbert,50,100,0.1202
30,2000,specter,biobert,10,100,0.10900000000000001
30,2000,specter,biobert,25,100,0.12359999999999999
30,2000,specter,biobert,50,100,0.1354
30,2000,specter,simcse,10,100,0.052000000000000005
30,2000,specter,simcse,25,100,0.064
30,2000,specter,simcse,50,100,0.0722
30,2000,specter2,scincl,10,100,0.24700000000000003
30,2000,specter2,scincl,25,100,0.2724
30,2000,specter2,scincl,50,100,0.2834
30,2000,specter2,scibert,10,100,0.094
30,2000,specter2,scibert,25,100,0.1116
30,2000,specter2,scibert,50,100,0.1188
30,2000,specter2,bert,10,100,0.05
30,2000,specter2,bert,25,100,0.054400000000000004
30,2000,specter2,bert,50,100,0.057800000000000004
30,2000,specter2,mpnet,10,100,0.24
30,2000,specter2,mpnet,25,100,0.2584
30,2000,specter2,mpnet,50,100,0.2668
30,2000,specter2,minilm,10,100,0.188
30,2000,specter2,minilm,25,100,0.1956
30,2000,specter2,minilm,50,100,0.21059999999999998
30,2000,specter2,pubmedbert,10,100,0.087
30,2000,specter2,pubmedbert,25,100,0.0916
30,2000,specter2,pubmedbert,50,100,0.09759999999999999
30,2000,specter2,biobert,10,100,0.092
30,2000,specter2,biobert,25,100,0.1
30,2000,specter2,biobert,50,100,0.11
30,2000,specter2,simcse,10,100,0.051000000000000004
30,2000,specter2,simcse,25,100,0.048799999999999996
30,2000,specter2,simcse,50,100,0.0508
30,2000,scincl,scibert,10,100,0.098
30,2000,scincl,scibert,25,100,0.12
30,2000,scincl,scibert,50,100,0.136
30,2000,scincl,bert,10,100,0.05600000000000001
30,2000,scincl,bert,25,100,0.0664
30,2000,scincl,bert,50,100,0.0708
30,2000,scincl,mpnet,10,100,0.298
30,2000,scincl,mpnet,25,100,0.3552
30,2000,scincl,mpnet,50,100,0.3714
30,2000,scincl,minilm,10,100,0.24300000000000002
30,2000,scincl,minilm,25,100,0.2796
30,2000,scincl,minilm,50,100,0.2982
30,2000,scincl,pubmedbert,10,100,0.092
30,2000,scincl,pubmedbert,25,100,0.10039999999999999
30,2000,scincl,pubmedbert,50,100,0.1106
30,2000,scincl,biobert,10,100,0.10900000000000001
30,2000,scincl,biobert,25,100,0.1112
30,2000,scincl,biobert,50,100,0.1286
30,2000,scincl,simcse,10,100,0.051000000000000004
30,2000,scincl,simcse,25,100,0.06
30,2000,scincl,simcse,50,100,0.071
30,2000,scibert,bert,10,100,0.2
30,2000,scibert,bert,25,100,0.21359999999999998
30,2000,scibert,bert,50,100,0.221
30,2000,scibert,mpnet,10,100,0.088
30,2000,scibert,mpnet,25,100,0.11359999999999999
30,2000,scibert,mpnet,50,100,0.12359999999999999
30,2000,scibert,minilm,10,100,0.089
30,2000,scibert,minilm,25,100,0.10679999999999999
30,2000,scibert,minilm,50,100,0.1128
30,2000,scibert,pubmedbert,10,100,0.391
30,2000,scibert,pubmedbert,25,100,0.4072
30,2000,scibert,pubmedbert,50,100,0.424
30,2000,scibert,biobert,10,100,0.358
30,2000,scibert,biobert,25,100,0.38159999999999994
30,2000,scibert,biobert,50,100,0.39520000000000005
30,2000,scibert,simcse,10,100,0.10200000000000001
30,2000,scibert,simcse,25,100,0.1104
30,2000,scibert,simcse,50,100,0.1272
30,2000,bert,mpnet,10,100,0.056999999999999995
30,2000,bert,mpnet,25,100,0.0668
30,2000,bert,mpnet,50,100,0.0836
30,2000,bert,minilm,10,100,0.052000000000000005
30,2000,bert,minilm,25,100,0.068
30,2000,bert,minilm,50,100,0.0814
30,2000,bert,pubmedbert,10,100,0.192
30,2000,bert,pubmedbert,25,100,0.1972
30,2000,bert,pubmedbert,50,100,0.2024
30,2000,bert,biobert,10,100,0.198
30,2000,bert,biobert,25,100,0.2152
30,2000,bert,biobert,50,100,0.22920000000000001
30,2000,bert,simcse,10,100,0.143
30,2000,bert,simcse,25,100,0.1648
30,2000,bert,simcse,50,100,0.1898
30,2000,mpnet,minilm,10,100,0.37
30,2000,mpnet,minilm,25,100,0.3956
30,2000,mpnet,minilm,50,100,0.423
30,2000,mpnet,pubmedbert,10,100,0.08299999999999999
30,2000,mpnet,pubmedbert,25,100,0.1
30,2000,mpnet,pubmedbert,50,100,0.1092
30,2000,mpnet,biobert,10,100,0.098
30,2000,mpnet,biobert,25,100,0.1208
30,2000,mpnet,biobert,50,100,0.136
30,2000,mpnet,simcse,10,100,0.052000000000000005
30,2000,mpnet,simcse,25,100,0.0668
30,2000,mpnet,simcse,50,100,0.0776
30,2000,minilm,pubmedbert,10,100,0.077
30,2000,minilm,pubmedbert,25,100,0.08839999999999999
30,2000,minilm,pubmedbert,50,100,0.0968
30,2000,minilm,biobert,10,100,0.101
30,2000,minilm,biobert,25,100,0.1116
30,2000,minilm,biobert,50,100,0.1208
30,2000,minilm,simcse,10,100,0.06
30,2000,minilm,simcse,25,100,0.0644
30,2000,minilm,simcse,50,100,0.0746
30,2000,pubmedbert,biobert,10,100,0.374
30,2000,pubmedbert,biobert,25,100,0.3784
30,2000,pubmedbert,biobert,50,100,0.389
30,2000,pubmedbert,simcse,10,100,0.098
30,2000,pubmedbert,simcse,25,100,0.1032
30,2000,pubmedbert,simcse,50,100,0.1108
30,2000,biobert,simcse,10,100,0.098
30,2000,biobert,simcse,25,100,0.10640000000000001
30,2000,biobert,simcse,50,100,0.12119999999999999
30,2005,specter,specter2,10,100,0.233
30,2005,specter,specter2,25,100,0.23920000000000002
30,2005,specter,specter2,50,100,0.25420000000000004
30,2005,specter,scincl,10,100,0.358
30,2005,specter,scincl,25,100,0.35600000000000004
30,2005,specter,scincl,50,100,0.36560000000000004
30,2005,specter,scibert,10,100,0.11100000000000002
30,2005,specter,scibert,25,100,0.12240000000000001
30,2005,specter,scibert,50,100,0.1432
30,2005,specter,bert,10,100,0.092
30,2005,specter,bert,25,100,0.1032
30,2005,specter,bert,50,100,0.11720000000000001
30,2005,specter,mpnet,10,100,0.29100000000000004
30,2005,specter,mpnet,25,100,0.2876
30,2005,specter,mpnet,50,100,0.325
30,2005,specter,minilm,10,100,0.257
30,2005,specter,minilm,25,100,0.2688
30,2005,specter,minilm,50,100,0.28800000000000003
30,2005,specter,pubmedbert,10,100,0.099
30,2005,specter,pubmedbert,25,100,0.1184
30,2005,specter,pubmedbert,50,100,0.1408
30,2005,specter,biobert,10,100,0.10500000000000001
30,2005,specter,biobert,25,100,0.1292
30,2005,specter,biobert,50,100,0.1464
30,2005,specter,simcse,10,100,0.081
30,2005,specter,simcse,25,100,0.09519999999999999
30,2005,specter,simcse,50,100,0.10400000000000001
30,2005,specter2,scincl,10,100,0.272
30,2005,specter2,scincl,25,100,0.29359999999999997
30,2005,specter2,scincl,50,100,0.30519999999999997
30,2005,specter2,scibert,10,100,0.08299999999999999
30,2005,specter2,scibert,25,100,0.10439999999999999
30,2005,specter2,scibert,50,100,0.1158
30,2005,specter2,bert,10,100,0.067
30,2005,specter2,bert,25,100,0.0788
30,2005,specter2,bert,50,100,0.0904
30,2005,specter2,mpnet,10,100,0.27599999999999997
30,2005,specter2,mpnet,25,100,0.2844
30,2005,specter2,mpnet,50,100,0.2878
30,2005,specter2,minilm,10,100,0.22000000000000003
30,2005,specter2,minilm,25,100,0.22719999999999999
30,2005,specter2,minilm,50,100,0.2376
30,2005,specter2,pubmedbert,10,100,0.073
30,2005,specter2,pubmedbert,25,100,0.0944
30,2005,specter2,pubmedbert,50,100,0.1128
30,2005,specter2,biobert,10,100,0.094
30,2005,specter2,biobert,25,100,0.1048
30,2005,specter2,biobert,50,100,0.11539999999999999
30,2005,specter2,simcse,10,100,0.057999999999999996
30,2005,specter2,simcse,25,100,0.0688
30,2005,specter2,simcse,50,100,0.077
30,2005,scincl,scibert,10,100,0.12
30,2005,scincl,scibert,25,100,0.1332
30,2005,scincl,scibert,50,100,0.1418
30,2005,scincl,bert,10,100,0.09
30,2005,scincl,bert,25,100,0.106
30,2005,scincl,bert,50,100,0.10980000000000001
30,2005,scincl,mpnet,10,100,0.335
30,2005,scincl,mpnet,25,100,0.35719999999999996
30,2005,scincl,mpnet,50,100,0.3644
30,2005,scincl,minilm,10,100,0.271
30,2005,scincl,minilm,25,100,0.29760000000000003
30,2005,scincl,minilm,50,100,0.30920000000000003
30,2005,scincl,pubmedbert,10,100,0.096
30,2005,scincl,pubmedbert,25,100,0.11560000000000001
30,2005,scincl,pubmedbert,50,100,0.1334
30,2005,scincl,biobert,10,100,0.10600000000000001
30,2005,scincl,biobert,25,100,0.1288
30,2005,scincl,biobert,50,100,0.1392
30,2005,scincl,simcse,10,100,0.081
30,2005,scincl,simcse,25,100,0.0864
30,2005,scincl,simcse,50,100,0.0956
30,2005,scibert,bert,10,100,0.21800000000000003
30,2005,scibert,bert,25,100,0.2408
30,2005,scibert,bert,50,100,0.2708
30,2005,scibert,mpnet,10,100,0.092
30,2005,scibert,mpnet,25,100,0.10679999999999999
30,2005,scibert,mpnet,50,100,0.11939999999999999
30,2005,scibert,minilm,10,100,0.1
30,2005,scibert,minilm,25,100,0.1152
30,2005,scibert,minilm,50,100,0.1292
30,2005,scibert,pubmedbert,10,100,0.388
30,2005,scibert,pubmedbert,25,100,0.4252
30,2005,scibert,pubmedbert,50,100,0.4542
30,2005,scibert,biobert,10,100,0.358
30,2005,scibert,biobert,25,100,0.4064
30,2005,scibert,biobert,50,100,0.428
30,2005,scibert,simcse,10,100,0.129
30,2005,scibert,simcse,25,100,0.152
30,2005,scibert,simcse,50,100,0.16920000000000002
30,2005,bert,mpnet,10,100,0.081
30,2005,bert,mpnet,25,100,0.09359999999999999
30,2005,bert,mpnet,50,100,0.11019999999999999
30,2005,bert,minilm,10,100,0.098
30,2005,bert,minilm,25,100,0.10640000000000001
30,2005,bert,minilm,50,100,0.1192
30,2005,bert,pubmedbert,10,100,0.217
30,2005,bert,pubmedbert,25,100,0.2412
30,2005,bert,pubmedbert,50,100,0.2646
30,2005,bert,biobert,10,100,0.231
30,2005,bert,biobert,25,100,0.2616
30,2005,bert,biobert,50,100,0.2922
30,2005,bert,simcse,10,100,0.179
30,2005,bert,simcse,25,100,0.21
30,2005,bert,simcse,50,100,0.23399999999999999
30,2005,mpnet,minilm,10,100,0.4
30,2005,mpnet,minilm,25,100,0.4128
30,2005,mpnet,minilm,50,100,0.4164
30,2005,mpnet,pubmedbert,10,100,0.08299999999999999
30,2005,mpnet,pubmedbert,25,100,0.09759999999999999
30,2005,mpnet,pubmedbert,50,100,0.11900000000000001
30,2005,mpnet,biobert,10,100,0.099
30,2005,mpnet,biobert,25,100,0.10880000000000001
30,2005,mpnet,biobert,50,100,0.1298
30,2005,mpnet,simcse,10,100,0.068
30,2005,mpnet,simcse,25,100,0.08560000000000001
30,2005,mpnet,simcse,50,100,0.0944
30,2005,minilm,pubmedbert,10,100,0.10500000000000001
30,2005,minilm,pubmedbert,25,100,0.1056
30,2005,minilm,pubmedbert,50,100,0.12300000000000001
30,2005,minilm,biobert,10,100,0.11699999999999999
30,2005,minilm,biobert,25,100,0.1192
30,2005,minilm,biobert,50,100,0.13720000000000002
30,2005,minilm,simcse,10,100,0.087
30,2005,minilm,simcse,25,100,0.1056
30,2005,minilm,simcse,50,100,0.11939999999999999
30,2005,pubmedbert,biobert,10,100,0.379
30,2005,pubmedbert,biobert,25,100,0.4048
30,2005,pubmedbert,biobert,50,100,0.4426
30,2005,pubmedbert,simcse,10,100,0.121
30,2005,pubmedbert,simcse,25,100,0.142
30,2005,pubmedbert,simcse,50,100,0.1624
30,2005,biobert,simcse,10,100,0.133
30,2005,biobert,simcse,25,100,0.1516
30,2005,biobert,simcse,50,100,0.16699999999999998
30,2010,specter,specter2,10,100,0.286
30,2010,specter,specter2,25,100,0.29760000000000003
30,2010,specter,specter2,50,100,0.301
30,2010,specter,scincl,10,100,0.359
30,2010,specter,scincl,25,100,0.3736
30,2010,specter,scincl,50,100,0.40340000000000004
30,2010,specter,scibert,10,100,0.133
30,2010,specter,scibert,25,100,0.1564
30,2010,specter,scibert,50,100,0.1686
30,2010,specter,bert,10,100,0.10300000000000001
30,2010,specter,bert,25,100,0.10800000000000001
30,2010,specter,bert,50,100,0.127
30,2010,specter,mpnet,10,100,0.308
30,2010,specter,mpnet,25,100,0.33
30,2010,specter,mpnet,50,100,0.3482
30,2010,specter,minilm,10,100,0.274
30,2010,specter,minilm,25,100,0.3048
30,2010,specter,minilm,50,100,0.32880000000000004
30,2010,specter,pubmedbert,10,100,0.129
30,2010,specter,pubmedbert,25,100,0.1328
30,2010,specter,pubmedbert,50,100,0.15460000000000002
30,2010,specter,biobert,10,100,0.134
30,2010,specter,biobert,25,100,0.154
30,2010,specter,biobert,50,100,0.1716
30,2010,specter,simcse,10,100,0.10400000000000001
30,2010,specter,simcse,25,100,0.1124
30,2010,specter,simcse,50,100,0.12300000000000001
30,2010,specter2,scincl,10,100,0.331
30,2010,specter2,scincl,25,100,0.33840000000000003
30,2010,specter2,scincl,50,100,0.35240000000000005
30,2010,specter2,scibert,10,100,0.127
30,2010,specter2,scibert,25,100,0.14400000000000002
30,2010,specter2,scibert,50,100,0.1474
30,2010,specter2,bert,10,100,0.097
30,2010,specter2,bert,25,100,0.09759999999999999
30,2010,specter2,bert,50,100,0.1026
30,2010,specter2,mpnet,10,100,0.286
30,2010,specter2,mpnet,25,100,0.3012
30,2010,specter2,mpnet,50,100,0.30760000000000004
30,2010,specter2,minilm,10,100,0.259
30,2010,specter2,minilm,25,100,0.266
30,2010,specter2,minilm,50,100,0.2712
30,2010,specter2,pubmedbert,10,100,0.129
30,2010,specter2,pubmedbert,25,100,0.1292
30,2010,specter2,pubmedbert,50,100,0.1358
30,2010,specter2,biobert,10,100,0.121
30,2010,specter2,biobert,25,100,0.1416
30,2010,specter2,biobert,50,100,0.1438
30,2010,specter2,simcse,10,100,0.08
30,2010,specter2,simcse,25,100,0.0916
30,2010,specter2,simcse,50,100,0.0986
30,2010,scincl,scibert,10,100,0.118
30,2010,scincl,scibert,25,100,0.1456
30,2010,scincl,scibert,50,100,0.1602
30,2010,scincl,bert,10,100,0.099
30,2010,scincl,bert,25,100,0.1
30,2010,scincl,bert,50,100,0.11699999999999999
30,2010,scincl,mpnet,10,100,0.335
30,2010,scincl,mpnet,25,100,0.3644
30,2010,scincl,mpnet,50,100,0.3782
30,2010,scincl,minilm,10,100,0.322
30,2010,scincl,minilm,25,100,0.3144
30,2010,scincl,minilm,50,100,0.34
30,2010,scincl,pubmedbert,10,100,0.118
30,2010,scincl,pubmedbert,25,100,0.12119999999999999
30,2010,scincl,pubmedbert,50,100,0.1412
30,2010,scincl,biobert,10,100,0.129
30,2010,scincl,biobert,25,100,0.1404
30,2010,scincl,biobert,50,100,0.15539999999999998
30,2010,scincl,simcse,10,100,0.10500000000000001
30,2010,scincl,simcse,25,100,0.11
30,2010,scincl,simcse,50,100,0.11259999999999999
30,2010,scibert,bert,10,100,0.27
30,2010,scibert,bert,25,100,0.2636
30,2010,scibert,bert,50,100,0.2776
30,2010,scibert,mpnet,10,100,0.10600000000000001
30,2010,scibert,mpnet,25,100,0.126
30,2010,scibert,mpnet,50,100,0.133
30,2010,scibert,minilm,10,100,0.1
30,2010,scibert,minilm,25,100,0.1204
30,2010,scibert,minilm,50,100,0.1324
30,2010,scibert,pubmedbert,10,100,0.4
30,2010,scibert,pubmedbert,25,100,0.4436
30,2010,scibert,pubmedbert,50,100,0.47659999999999997
30,2010,scibert,biobert,10,100,0.363
30,2010,scibert,biobert,25,100,0.4004
30,2010,scibert,biobert,50,100,0.4324
30,2010,scibert,simcse,10,100,0.13799999999999998
30,2010,scibert,simcse,25,100,0.15839999999999999
30,2010,scibert,simcse,50,100,0.1782
30,2010,bert,mpnet,10,100,0.097
30,2010,bert,mpnet,25,100,0.09759999999999999
30,2010,bert,mpnet,50,100,0.113
30,2010,bert,minilm,10,100,0.095
30,2010,bert,minilm,25,100,0.10439999999999999
30,2010,bert,minilm,50,100,0.1158
30,2010,bert,pubmedbert,10,100,0.246
30,2010,bert,pubmedbert,25,100,0.25239999999999996
30,2010,bert,pubmedbert,50,100,0.247
30,2010,bert,biobert,10,100,0.26
30,2010,bert,biobert,25,100,0.2644
30,2010,bert,biobert,50,100,0.27440000000000003
30,2010,bert,simcse,10,100,0.211
30,2010,bert,simcse,25,100,0.2232
30,2010,bert,simcse,50,100,0.2444
30,2010,mpnet,minilm,10,100,0.43200000000000005
30,2010,mpnet,minilm,25,100,0.4464
30,2010,mpnet,minilm,50,100,0.4428
30,2010,mpnet,pubmedbert,10,100,0.10700000000000001
30,2010,mpnet,pubmedbert,25,100,0.1128
30,2010,mpnet,pubmedbert,50,100,0.1278
30,2010,mpnet,biobert,10,100,0.10400000000000001
30,2010,mpnet,biobert,25,100,0.1268
30,2010,mpnet,biobert,50,100,0.14679999999999999
30,2010,mpnet,simcse,10,100,0.096
30,2010,mpnet,simcse,25,100,0.10039999999999999
30,2010,mpnet,simcse,50,100,0.109
30,2010,minilm,pubmedbert,10,100,0.101
30,2010,minilm,pubmedbert,25,100,0.1104
30,2010,minilm,pubmedbert,50,100,0.12619999999999998
30,2010,minilm,biobert,10,100,0.10400000000000001
30,2010,minilm,biobert,25,100,0.1252
30,2010,minilm,biobert,50,100,0.1474
30,2010,minilm,simcse,10,100,0.095
30,2010,minilm,simcse,25,100,0.1032
30,2010,minilm,simcse,50,100,0.11599999999999999
30,2010,pubmedbert,biobert,10,100,0.378
30,2010,pubmedbert,biobert,25,100,0.40240000000000004
30,2010,pubmedbert,biobert,50,100,0.4322
30,2010,pubmedbert,simcse,10,100,0.151
30,2010,pubmedbert,simcse,25,100,0.1656
30,2010,pubmedbert,simcse,50,100,0.1734
30,2010,biobert,simcse,10,100,0.146
30,2010,biobert,simcse,25,100,0.1576
30,2010,biobert,simcse,50,100,0.17559999999999998
30,2015,specter,specter2,10,100,0.274
30,2015,specter,specter2,25,100,0.2792
30,2015,specter,specter2,50,100,0.2926
30,2015,specter,scincl,10,100,0.329
30,2015,specter,scincl,25,100,0.368
30,2015,specter,scincl,50,100,0.3948
30,2015,specter,scibert,10,100,0.11100000000000002
30,2015,specter,scibert,25,100,0.1392
30,2015,specter,scibert,50,100,0.17079999999999998
30,2015,specter,bert,10,100,0.08199999999999999
30,2015,specter,bert,25,100,0.09480000000000001
30,2015,specter,bert,50,100,0.1048
30,2015,specter,mpnet,10,100,0.307
30,2015,specter,mpnet,25,100,0.3336
30,2015,specter,mpnet,50,100,0.35340000000000005
30,2015,specter,minilm,10,100,0.266
30,2015,specter,minilm,25,100,0.2844
30,2015,specter,minilm,50,100,0.3046
30,2015,specter,pubmedbert,10,100,0.125
30,2015,specter,pubmedbert,25,100,0.1404
30,2015,specter,pubmedbert,50,100,0.1606
30,2015,specter,biobert,10,100,0.11699999999999999
30,2015,specter,biobert,25,100,0.1412
30,2015,specter,biobert,50,100,0.1654
30,2015,specter,simcse,10,100,0.079
30,2015,specter,simcse,25,100,0.09
30,2015,specter,simcse,50,100,0.1054
30,2015,specter2,scincl,10,100,0.306
30,2015,specter2,scincl,25,100,0.314
30,2015,specter2,scincl,50,100,0.3344
30,2015,specter2,scibert,10,100,0.10200000000000001
30,2015,specter2,scibert,25,100,0.124
30,2015,specter2,scibert,50,100,0.1354
30,2015,specter2,bert,10,100,0.062
30,2015,specter2,bert,25,100,0.0784
30,2015,specter2,bert,50,100,0.0812
30,2015,specter2,mpnet,10,100,0.32599999999999996
30,2015,specter2,mpnet,25,100,0.3068
30,2015,specter2,mpnet,50,100,0.3164
30,2015,specter2,minilm,10,100,0.258
30,2015,specter2,minilm,25,100,0.2588
30,2015,specter2,minilm,50,100,0.2682
30,2015,specter2,pubmedbert,10,100,0.096
30,2015,specter2,pubmedbert,25,100,0.1128
30,2015,specter2,pubmedbert,50,100,0.1216
30,2015,specter2,biobert,10,100,0.087
30,2015,specter2,biobert,25,100,0.1108
30,2015,specter2,biobert,50,100,0.1272
30,2015,specter2,simcse,10,100,0.064
30,2015,specter2,simcse,25,100,0.0736
30,2015,specter2,simcse,50,100,0.08220000000000001
30,2015,scincl,scibert,10,100,0.094
30,2015,scincl,scibert,25,100,0.132
30,2015,scincl,scibert,50,100,0.1516
30,2015,scincl,bert,10,100,0.074
30,2015,scincl,bert,25,100,0.0852
30,2015,scincl,bert,50,100,0.09300000000000001
30,2015,scincl,mpnet,10,100,0.355
30,2015,scincl,mpnet,25,100,0.37479999999999997
30,2015,scincl,mpnet,50,100,0.39759999999999995
30,2015,scincl,minilm,10,100,0.313
30,2015,scincl,minilm,25,100,0.3268
30,2015,scincl,minilm,50,100,0.3392
30,2015,scincl,pubmedbert,10,100,0.093
30,2015,scincl,pubmedbert,25,100,0.1184
30,2015,scincl,pubmedbert,50,100,0.1396
30,2015,scincl,biobert,10,100,0.09
30,2015,scincl,biobert,25,100,0.126
30,2015,scincl,biobert,50,100,0.1452
30,2015,scincl,simcse,10,100,0.067
30,2015,scincl,simcse,25,100,0.08039999999999999
30,2015,scincl,simcse,50,100,0.0902
30,2015,scibert,bert,10,100,0.217
30,2015,scibert,bert,25,100,0.24359999999999998
30,2015,scibert,bert,50,100,0.2634
30,2015,scibert,mpnet,10,100,0.08
30,2015,scibert,mpnet,25,100,0.1084
30,2015,scibert,mpnet,50,100,0.13
30,2015,scibert,minilm,10,100,0.088
30,2015,scibert,minilm,25,100,0.11
30,2015,scibert,minilm,50,100,0.13019999999999998
30,2015,scibert,pubmedbert,10,100,0.403
30,2015,scibert,pubmedbert,25,100,0.4304
30,2015,scibert,pubmedbert,50,100,0.46380000000000005
30,2015,scibert,biobert,10,100,0.351
30,2015,scibert,biobert,25,100,0.41600000000000004
30,2015,scibert,biobert,50,100,0.4448
30,2015,scibert,simcse,10,100,0.10700000000000001
30,2015,scibert,simcse,25,100,0.1376
30,2015,scibert,simcse,50,100,0.1586
30,2015,bert,mpnet,10,100,0.06899999999999999
30,2015,bert,mpnet,25,100,0.0904
30,2015,bert,mpnet,50,100,0.0992
30,2015,bert,minilm,10,100,0.079
30,2015,bert,minilm,25,100,0.08839999999999999
30,2015,bert,minilm,50,100,0.0986
30,2015,bert,pubmedbert,10,100,0.21400000000000002
30,2015,bert,pubmedbert,25,100,0.22920000000000001
30,2015,bert,pubmedbert,50,100,0.2482
30,2015,bert,biobert,10,100,0.22799999999999998
30,2015,bert,biobert,25,100,0.2536
30,2015,bert,biobert,50,100,0.2742
30,2015,bert,simcse,10,100,0.16499999999999998
30,2015,bert,simcse,25,100,0.1936
30,2015,bert,simcse,50,100,0.222
30,2015,mpnet,minilm,10,100,0.43099999999999994
30,2015,mpnet,minilm,25,100,0.42200000000000004
30,2015,mpnet,minilm,50,100,0.43560000000000004
30,2015,mpnet,pubmedbert,10,100,0.079
30,2015,mpnet,pubmedbert,25,100,0.10880000000000001
30,2015,mpnet,pubmedbert,50,100,0.12619999999999998
30,2015,mpnet,biobert,10,100,0.08399999999999999
30,2015,mpnet,biobert,25,100,0.11720000000000001
30,2015,mpnet,biobert,50,100,0.1402
30,2015,mpnet,simcse,10,100,0.06999999999999999
30,2015,mpnet,simcse,25,100,0.0908
30,2015,mpnet,simcse,50,100,0.0962
30,2015,minilm,pubmedbert,10,100,0.089
30,2015,minilm,pubmedbert,25,100,0.1
30,2015,minilm,pubmedbert,50,100,0.1226
30,2015,minilm,biobert,10,100,0.097
30,2015,minilm,biobert,25,100,0.11199999999999999
30,2015,minilm,biobert,50,100,0.1344
30,2015,minilm,simcse,10,100,0.074
30,2015,minilm,simcse,25,100,0.0924
30,2015,minilm,simcse,50,100,0.10099999999999999
30,2015,pubmedbert,biobert,10,100,0.34900000000000003
30,2015,pubmedbert,biobert,25,100,0.3948
30,2015,pubmedbert,biobert,50,100,0.43700000000000006
30,2015,pubmedbert,simcse,10,100,0.11100000000000002
30,2015,pubmedbert,simcse,25,100,0.1244
30,2015,pubmedbert,simcse,50,100,0.1518
30,2015,biobert,simcse,10,100,0.10700000000000001
30,2015,biobert,simcse,25,100,0.1232
30,2015,biobert,simcse,50,100,0.14880000000000002
30,2020,specter,specter2,10,100,0.22000000000000003
30,2020,specter,specter2,25,100,0.2568
30,2020,specter,specter2,50,100,0.2758
30,2020,specter,scincl,10,100,0.3
30,2020,specter,scincl,25,100,0.332
30,2020,specter,scincl,50,100,0.353
30,2020,specter,scibert,10,100,0.092
30,2020,specter,scibert,25,100,0.11720000000000001
30,2020,specter,scibert,50,100,0.1412
30,2020,specter,bert,10,100,0.074
30,2020,specter,bert,25,100,0.0984
30,2020,specter,bert,50,100,0.11460000000000001
30,2020,specter,mpnet,10,100,0.252
30,2020,specter,mpnet,25,100,0.2956
30,2020,specter,mpnet,50,100,0.3124
30,2020,specter,minilm,10,100,0.195
30,2020,specter,minilm,25,100,0.24719999999999998
30,2020,specter,minilm,50,100,0.2704
30,2020,specter,pubmedbert,10,100,0.10300000000000001
30,2020,specter,pubmedbert,25,100,0.1144
30,2020,specter,pubmedbert,50,100,0.13699999999999998
30,2020,specter,biobert,10,100,0.11299999999999999
30,2020,specter,biobert,25,100,0.1252
30,2020,specter,biobert,50,100,0.1478
30,2020,specter,simcse,10,100,0.068
30,2020,specter,simcse,25,100,0.0876
30,2020,specter,simcse,50,100,0.09
30,2020,specter2,scincl,10,100,0.302
30,2020,specter2,scincl,25,100,0.31679999999999997
30,2020,specter2,scincl,50,100,0.32780000000000004
30,2020,specter2,scibert,10,100,0.08299999999999999
30,2020,specter2,scibert,25,100,0.10800000000000001
30,2020,specter2,scibert,50,100,0.13119999999999998
30,2020,specter2,bert,10,100,0.062
30,2020,specter2,bert,25,100,0.07719999999999999
30,2020,specter2,bert,50,100,0.09359999999999999
30,2020,specter2,mpnet,10,100,0.27799999999999997
30,2020,specter2,mpnet,25,100,0.302
30,2020,specter2,mpnet,50,100,0.3062
30,2020,specter2,minilm,10,100,0.21800000000000003
30,2020,specter2,minilm,25,100,0.24280000000000002
30,2020,specter2,minilm,50,100,0.25079999999999997
30,2020,specter2,pubmedbert,10,100,0.081
30,2020,specter2,pubmedbert,25,100,0.09720000000000001
30,2020,specter2,pubmedbert,50,100,0.11539999999999999
30,2020,specter2,biobert,10,100,0.081
30,2020,specter2,biobert,25,100,0.10640000000000001
30,2020,specter2,biobert,50,100,0.1266
30,2020,specter2,simcse,10,100,0.05
30,2020,specter2,simcse,25,100,0.0668
30,2020,specter2,simcse,50,100,0.0766
30,2020,scincl,scibert,10,100,0.10500000000000001
30,2020,scincl,scibert,25,100,0.122
30,2020,scincl,scibert,50,100,0.1432
30,2020,scincl,bert,10,100,0.073
30,2020,scincl,bert,25,100,0.0872
30,2020,scincl,bert,50,100,0.10800000000000001
30,2020,scincl,mpnet,10,100,0.321
30,2020,scincl,mpnet,25,100,0.354
30,2020,scincl,mpnet,50,100,0.36060000000000003
30,2020,scincl,minilm,10,100,0.256
30,2020,scincl,minilm,25,100,0.2876
30,2020,scincl,minilm,50,100,0.3106
30,2020,scincl,pubmedbert,10,100,0.096
30,2020,scincl,pubmedbert,25,100,0.11199999999999999
30,2020,scincl,pubmedbert,50,100,0.1258
30,2020,scincl,biobert,10,100,0.095
30,2020,scincl,biobert,25,100,0.11599999999999999
30,2020,scincl,biobert,50,100,0.1376
30,2020,scincl,simcse,10,100,0.068
30,2020,scincl,simcse,25,100,0.0788
30,2020,scincl,simcse,50,100,0.0928
30,2020,scibert,bert,10,100,0.185
30,2020,scibert,bert,25,100,0.2412
30,2020,scibert,bert,50,100,0.2706
30,2020,scibert,mpnet,10,100,0.079
30,2020,scibert,mpnet,25,100,0.1048
30,2020,scibert,mpnet,50,100,0.1222
30,2020,scibert,minilm,10,100,0.065
30,2020,scibert,minilm,25,100,0.08800000000000001
30,2020,scibert,minilm,50,100,0.1036
30,2020,scibert,pubmedbert,10,100,0.375
30,2020,scibert,pubmedbert,25,100,0.41
30,2020,scibert,pubmedbert,50,100,0.43700000000000006
30,2020,scibert,biobert,10,100,0.331
30,2020,scibert,biobert,25,100,0.3824
30,2020,scibert,biobert,50,100,0.418
30,2020,scibert,simcse,10,100,0.095
30,2020,scibert,simcse,25,100,0.1272
30,2020,scibert,simcse,50,100,0.1406
30,2020,bert,mpnet,10,100,0.075
30,2020,bert,mpnet,25,100,0.08199999999999999
30,2020,bert,mpnet,50,100,0.0978
30,2020,bert,minilm,10,100,0.073
30,2020,bert,minilm,25,100,0.0784
30,2020,bert,minilm,50,100,0.09820000000000001
30,2020,bert,pubmedbert,10,100,0.189
30,2020,bert,pubmedbert,25,100,0.21960000000000002
30,2020,bert,pubmedbert,50,100,0.24359999999999998
30,2020,bert,biobert,10,100,0.213
30,2020,bert,biobert,25,100,0.24480000000000002
30,2020,bert,biobert,50,100,0.2764
30,2020,bert,simcse,10,100,0.16399999999999998
30,2020,bert,simcse,25,100,0.1864
30,2020,bert,simcse,50,100,0.2126
30,2020,mpnet,minilm,10,100,0.39
30,2020,mpnet,minilm,25,100,0.4188
30,2020,mpnet,minilm,50,100,0.4364
30,2020,mpnet,pubmedbert,10,100,0.08
30,2020,mpnet,pubmedbert,25,100,0.0984
30,2020,mpnet,pubmedbert,50,100,0.1184
30,2020,mpnet,biobert,10,100,0.089
30,2020,mpnet,biobert,25,100,0.102
30,2020,mpnet,biobert,50,100,0.12960000000000002
30,2020,mpnet,simcse,10,100,0.067
30,2020,mpnet,simcse,25,100,0.07919999999999999
30,2020,mpnet,simcse,50,100,0.09519999999999999
30,2020,minilm,pubmedbert,10,100,0.074
30,2020,minilm,pubmedbert,25,100,0.0808
30,2020,minilm,pubmedbert,50,100,0.10439999999999999
30,2020,minilm,biobert,10,100,0.08
30,2020,minilm,biobert,25,100,0.09480000000000001
30,2020,minilm,biobert,50,100,0.1208
30,2020,minilm,simcse,10,100,0.079
30,2020,minilm,simcse,25,100,0.0836
30,2020,minilm,simcse,50,100,0.0968
30,2020,pubmedbert,biobert,10,100,0.377
30,2020,pubmedbert,biobert,25,100,0.418
30,2020,pubmedbert,biobert,50,100,0.4294
30,2020,pubmedbert,simcse,10,100,0.086
30,2020,pubmedbert,simcse,25,100,0.11
30,2020,pubmedbert,simcse,50,100,0.1276
30,2020,biobert,simcse,10,100,0.10400000000000001
30,2020,biobert,simcse,25,100,0.1208
30,2020,biobert,simcse,50,100,0.1366
31,2000,specter,specter2,10,100,0.172
31,2000,specter,specter2,25,100,0.2
31,2000,specter,specter2,50,100,0.2184
31,2000,specter,scincl,10,100,0.29900000000000004
31,2000,specter,scincl,25,100,0.33039999999999997
31,2000,specter,scincl,50,100,0.35979999999999995
31,2000,specter,scibert,10,100,0.13
31,2000,specter,scibert,25,100,0.1592
31,2000,specter,scibert,50,100,0.18420000000000003
31,2000,specter,bert,10,100,0.08399999999999999
31,2000,specter,bert,25,100,0.10800000000000001
31,2000,specter,bert,50,100,0.13019999999999998
31,2000,specter,mpnet,10,100,0.286
31,2000,specter,mpnet,25,100,0.3148
31,2000,specter,mpnet,50,100,0.3452
31,2000,specter,minilm,10,100,0.23500000000000001
31,2000,specter,minilm,25,100,0.2736
31,2000,specter,minilm,50,100,0.3094
31,2000,specter,pubmedbert,10,100,0.1
31,2000,specter,pubmedbert,25,100,0.1252
31,2000,specter,pubmedbert,50,100,0.1492
31,2000,specter,biobert,10,100,0.086
31,2000,specter,biobert,25,100,0.1152
31,2000,specter,biobert,50,100,0.1404
31,2000,specter,simcse,10,100,0.062
31,2000,specter,simcse,25,100,0.0916
31,2000,specter,simcse,50,100,0.1056
31,2000,specter2,scincl,10,100,0.22000000000000003
31,2000,specter2,scincl,25,100,0.22719999999999999
31,2000,specter2,scincl,50,100,0.2532
31,2000,specter2,scibert,10,100,0.10700000000000001
31,2000,specter2,scibert,25,100,0.14279999999999998
31,2000,specter2,scibert,50,100,0.16620000000000001
31,2000,specter2,bert,10,100,0.068
31,2000,specter2,bert,25,100,0.08039999999999999
31,2000,specter2,bert,50,100,0.09720000000000001
31,2000,specter2,mpnet,10,100,0.22200000000000003
31,2000,specter2,mpnet,25,100,0.24359999999999998
31,2000,specter2,mpnet,50,100,0.2662
31,2000,specter2,minilm,10,100,0.188
31,2000,specter2,minilm,25,100,0.21280000000000002
31,2000,specter2,minilm,50,100,0.23879999999999998
31,2000,specter2,pubmedbert,10,100,0.076
31,2000,specter2,pubmedbert,25,100,0.102
31,2000,specter2,pubmedbert,50,100,0.11900000000000001
31,2000,specter2,biobert,10,100,0.072
31,2000,specter2,biobert,25,100,0.0848
31,2000,specter2,biobert,50,100,0.1092
31,2000,specter2,simcse,10,100,0.052000000000000005
31,2000,specter2,simcse,25,100,0.062400000000000004
31,2000,specter2,simcse,50,100,0.0776
31,2000,scincl,scibert,10,100,0.137
31,2000,scincl,scibert,25,100,0.1604
31,2000,scincl,scibert,50,100,0.1886
31,2000,scincl,bert,10,100,0.075
31,2000,scincl,bert,25,100,0.0944
31,2000,scincl,bert,50,100,0.1184
31,2000,scincl,mpnet,10,100,0.323
31,2000,scincl,mpnet,25,100,0.37
31,2000,scincl,mpnet,50,100,0.4022
31,2000,scincl,minilm,10,100,0.282
31,2000,scincl,minilm,25,100,0.3408
31,2000,scincl,minilm,50,100,0.363
31,2000,scincl,pubmedbert,10,100,0.10700000000000001
31,2000,scincl,pubmedbert,25,100,0.11320000000000001
31,2000,scincl,pubmedbert,50,100,0.1392
31,2000,scincl,biobert,10,100,0.086
31,2000,scincl,biobert,25,100,0.10400000000000001
31,2000,scincl,biobert,50,100,0.13119999999999998
31,2000,scincl,simcse,10,100,0.06
31,2000,scincl,simcse,25,100,0.078
31,2000,scincl,simcse,50,100,0.09699999999999999
31,2000,scibert,bert,10,100,0.197
31,2000,scibert,bert,25,100,0.2328
31,2000,scibert,bert,50,100,0.261
31,2000,scibert,mpnet,10,100,0.10500000000000001
31,2000,scibert,mpnet,25,100,0.1492
31,2000,scibert,mpnet,50,100,0.17379999999999998
31,2000,scibert,minilm,10,100,0.11699999999999999
31,2000,scibert,minilm,25,100,0.1368
31,2000,scibert,minilm,50,100,0.17059999999999997
31,2000,scibert,pubmedbert,10,100,0.335
31,2000,scibert,pubmedbert,25,100,0.3556
31,2000,scibert,pubmedbert,50,100,0.38780000000000003
31,2000,scibert,biobert,10,100,0.266
31,2000,scibert,biobert,25,100,0.306
31,2000,scibert,biobert,50,100,0.3538
31,2000,scibert,simcse,10,100,0.093
31,2000,scibert,simcse,25,100,0.128
31,2000,scibert,simcse,50,100,0.1482
31,2000,bert,mpnet,10,100,0.064
31,2000,bert,mpnet,25,100,0.10679999999999999
31,2000,bert,mpnet,50,100,0.1264
31,2000,bert,minilm,10,100,0.079
31,2000,bert,minilm,25,100,0.10439999999999999
31,2000,bert,minilm,50,100,0.1316
31,2000,bert,pubmedbert,10,100,0.20099999999999998
31,2000,bert,pubmedbert,25,100,0.2452
31,2000,bert,pubmedbert,50,100,0.2642
31,2000,bert,biobert,10,100,0.20600000000000002
31,2000,bert,biobert,25,100,0.24719999999999998
31,2000,bert,biobert,50,100,0.2866
31,2000,bert,simcse,10,100,0.155
31,2000,bert,simcse,25,100,0.2004
31,2000,bert,simcse,50,100,0.2298
31,2000,mpnet,minilm,10,100,0.442
31,2000,mpnet,minilm,25,100,0.4804
31,2000,mpnet,minilm,50,100,0.5058
31,2000,mpnet,pubmedbert,10,100,0.077
31,2000,mpnet,pubmedbert,25,100,0.1208
31,2000,mpnet,pubmedbert,50,100,0.1426
31,2000,mpnet,biobert,10,100,0.075
31,2000,mpnet,biobert,25,100,0.10880000000000001
31,2000,mpnet,biobert,50,100,0.13019999999999998
31,2000,mpnet,simcse,10,100,0.064
31,2000,mpnet,simcse,25,100,0.0928
31,2000,mpnet,simcse,50,100,0.1128
31,2000,minilm,pubmedbert,10,100,0.08199999999999999
31,2000,minilm,pubmedbert,25,100,0.114
31,2000,minilm,pubmedbert,50,100,0.1454
31,2000,minilm,biobert,10,100,0.078
31,2000,minilm,biobert,25,100,0.09720000000000001
31,2000,minilm,biobert,50,100,0.1306
31,2000,minilm,simcse,10,100,0.08399999999999999
31,2000,minilm,simcse,25,100,0.0992
31,2000,minilm,simcse,50,100,0.1106
31,2000,pubmedbert,biobert,10,100,0.324
31,2000,pubmedbert,biobert,25,100,0.37
31,2000,pubmedbert,biobert,50,100,0.39159999999999995
31,2000,pubmedbert,simcse,10,100,0.095
31,2000,pubmedbert,simcse,25,100,0.1204
31,2000,pubmedbert,simcse,50,100,0.1432
31,2000,biobert,simcse,10,100,0.088
31,2000,biobert,simcse,25,100,0.1144
31,2000,biobert,simcse,50,100,0.14400000000000002
31,2005,specter,specter2,10,100,0.197
31,2005,specter,specter2,25,100,0.20800000000000002
31,2005,specter,specter2,50,100,0.2314
31,2005,specter,scincl,10,100,0.286
31,2005,specter,scincl,25,100,0.3208
31,2005,specter,scincl,50,100,0.34700000000000003
31,2005,specter,scibert,10,100,0.10700000000000001
31,2005,specter,scibert,25,100,0.1376
31,2005,specter,scibert,50,100,0.16519999999999999
31,2005,specter,bert,10,100,0.065
31,2005,specter,bert,25,100,0.0984
31,2005,specter,bert,50,100,0.11560000000000001
31,2005,specter,mpnet,10,100,0.29300000000000004
31,2005,specter,mpnet,25,100,0.3032
31,2005,specter,mpnet,50,100,0.33299999999999996
31,2005,specter,minilm,10,100,0.265
31,2005,specter,minilm,25,100,0.2816
31,2005,specter,minilm,50,100,0.299
31,2005,specter,pubmedbert,10,100,0.087
31,2005,specter,pubmedbert,25,100,0.10640000000000001
31,2005,specter,pubmedbert,50,100,0.1364
31,2005,specter,biobert,10,100,0.081
31,2005,specter,biobert,25,100,0.10800000000000001
31,2005,specter,biobert,50,100,0.1352
31,2005,specter,simcse,10,100,0.059
31,2005,specter,simcse,25,100,0.07519999999999999
31,2005,specter,simcse,50,100,0.0916
31,2005,specter2,scincl,10,100,0.22200000000000003
31,2005,specter2,scincl,25,100,0.2584
31,2005,specter2,scincl,50,100,0.2804
31,2005,specter2,scibert,10,100,0.11699999999999999
31,2005,specter2,scibert,25,100,0.14279999999999998
31,2005,specter2,scibert,50,100,0.15839999999999999
31,2005,specter2,bert,10,100,0.066
31,2005,specter2,bert,25,100,0.08439999999999999
31,2005,specter2,bert,50,100,0.095
31,2005,specter2,mpnet,10,100,0.24500000000000002
31,2005,specter2,mpnet,25,100,0.25120000000000003
31,2005,specter2,mpnet,50,100,0.2792
31,2005,specter2,minilm,10,100,0.211
31,2005,specter2,minilm,25,100,0.2256
31,2005,specter2,minilm,50,100,0.2466
31,2005,specter2,pubmedbert,10,100,0.079
31,2005,specter2,pubmedbert,25,100,0.0964
31,2005,specter2,pubmedbert,50,100,0.11699999999999999
31,2005,specter2,biobert,10,100,0.075
31,2005,specter2,biobert,25,100,0.1008
31,2005,specter2,biobert,50,100,0.1184
31,2005,specter2,simcse,10,100,0.061
31,2005,specter2,simcse,25,100,0.068
31,2005,specter2,simcse,50,100,0.07339999999999999
31,2005,scincl,scibert,10,100,0.11499999999999999
31,2005,scincl,scibert,25,100,0.1576
31,2005,scincl,scibert,50,100,0.18239999999999998
31,2005,scincl,bert,10,100,0.08
31,2005,scincl,bert,25,100,0.1008
31,2005,scincl,bert,50,100,0.11539999999999999
31,2005,scincl,mpnet,10,100,0.32999999999999996
31,2005,scincl,mpnet,25,100,0.3864
31,2005,scincl,mpnet,50,100,0.4056
31,2005,scincl,minilm,10,100,0.29100000000000004
31,2005,scincl,minilm,25,100,0.33880000000000005
31,2005,scincl,minilm,50,100,0.3592
31,2005,scincl,pubmedbert,10,100,0.086
31,2005,scincl,pubmedbert,25,100,0.1128
31,2005,scincl,pubmedbert,50,100,0.1422
31,2005,scincl,biobert,10,100,0.075
31,2005,scincl,biobert,25,100,0.11599999999999999
31,2005,scincl,biobert,50,100,0.14279999999999998
31,2005,scincl,simcse,10,100,0.065
31,2005,scincl,simcse,25,100,0.0824
31,2005,scincl,simcse,50,100,0.0888
31,2005,scibert,bert,10,100,0.181
31,2005,scibert,bert,25,100,0.20879999999999999
31,2005,scibert,bert,50,100,0.23260000000000003
31,2005,scibert,mpnet,10,100,0.12
31,2005,scibert,mpnet,25,100,0.1416
31,2005,scibert,mpnet,50,100,0.1698
31,2005,scibert,minilm,10,100,0.10900000000000001
31,2005,scibert,minilm,25,100,0.142
31,2005,scibert,minilm,50,100,0.172
31,2005,scibert,pubmedbert,10,100,0.307
31,2005,scibert,pubmedbert,25,100,0.3448
31,2005,scibert,pubmedbert,50,100,0.37200000000000005
31,2005,scibert,biobert,10,100,0.282
31,2005,scibert,biobert,25,100,0.30920000000000003
31,2005,scibert,biobert,50,100,0.3418
31,2005,scibert,simcse,10,100,0.096
31,2005,scibert,simcse,25,100,0.11560000000000001
31,2005,scibert,simcse,50,100,0.1338
31,2005,bert,mpnet,10,100,0.101
31,2005,bert,mpnet,25,100,0.1128
31,2005,bert,mpnet,50,100,0.1306
31,2005,bert,minilm,10,100,0.094
31,2005,bert,minilm,25,100,0.12119999999999999
31,2005,bert,minilm,50,100,0.1426
31,2005,bert,pubmedbert,10,100,0.185
31,2005,bert,pubmedbert,25,100,0.2132
31,2005,bert,pubmedbert,50,100,0.23620000000000002
31,2005,bert,biobert,10,100,0.21200000000000002
31,2005,bert,biobert,25,100,0.2248
31,2005,bert,biobert,50,100,0.26
31,2005,bert,simcse,10,100,0.181
31,2005,bert,simcse,25,100,0.2028
31,2005,bert,simcse,50,100,0.2242
31,2005,mpnet,minilm,10,100,0.485
31,2005,mpnet,minilm,25,100,0.4976
31,2005,mpnet,minilm,50,100,0.5078
31,2005,mpnet,pubmedbert,10,100,0.09
31,2005,mpnet,pubmedbert,25,100,0.1128
31,2005,mpnet,pubmedbert,50,100,0.1378
31,2005,mpnet,biobert,10,100,0.09
31,2005,mpnet,biobert,25,100,0.11720000000000001
31,2005,mpnet,biobert,50,100,0.1408
31,2005,mpnet,simcse,10,100,0.08299999999999999
31,2005,mpnet,simcse,25,100,0.10039999999999999
31,2005,mpnet,simcse,50,100,0.1096
31,2005,minilm,pubmedbert,10,100,0.093
31,2005,minilm,pubmedbert,25,100,0.11599999999999999
31,2005,minilm,pubmedbert,50,100,0.13720000000000002
31,2005,minilm,biobert,10,100,0.09
31,2005,minilm,biobert,25,100,0.11960000000000001
31,2005,minilm,biobert,50,100,0.1462
31,2005,minilm,simcse,10,100,0.078
31,2005,minilm,simcse,25,100,0.102
31,2005,minilm,simcse,50,100,0.1152
31,2005,pubmedbert,biobert,10,100,0.29700000000000004
31,2005,pubmedbert,biobert,25,100,0.34840000000000004
31,2005,pubmedbert,biobert,50,100,0.38060000000000005
31,2005,pubmedbert,simcse,10,100,0.10400000000000001
31,2005,pubmedbert,simcse,25,100,0.1168
31,2005,pubmedbert,simcse,50,100,0.1282
31,2005,biobert,simcse,10,100,0.099
31,2005,biobert,simcse,25,100,0.1148
31,2005,biobert,simcse,50,100,0.1318
31,2010,specter,specter2,10,100,0.193
31,2010,specter,specter2,25,100,0.2112
31,2010,specter,specter2,50,100,0.2396
31,2010,specter,scincl,10,100,0.296
31,2010,specter,scincl,25,100,0.3156
31,2010,specter,scincl,50,100,0.34759999999999996
31,2010,specter,scibert,10,100,0.129
31,2010,specter,scibert,25,100,0.1516
31,2010,specter,scibert,50,100,0.1726
31,2010,specter,bert,10,100,0.087
31,2010,specter,bert,25,100,0.10439999999999999
31,2010,specter,bert,50,100,0.1208
31,2010,specter,mpnet,10,100,0.29500000000000004
31,2010,specter,mpnet,25,100,0.306
31,2010,specter,mpnet,50,100,0.3408
31,2010,specter,minilm,10,100,0.257
31,2010,specter,minilm,25,100,0.2772
31,2010,specter,minilm,50,100,0.3016
31,2010,specter,pubmedbert,10,100,0.09
31,2010,specter,pubmedbert,25,100,0.1204
31,2010,specter,pubmedbert,50,100,0.14400000000000002
31,2010,specter,biobert,10,100,0.093
31,2010,specter,biobert,25,100,0.1204
31,2010,specter,biobert,50,100,0.14279999999999998
31,2010,specter,simcse,10,100,0.077
31,2010,specter,simcse,25,100,0.0924
31,2010,specter,simcse,50,100,0.1038
31,2010,specter2,scincl,10,100,0.233
31,2010,specter2,scincl,25,100,0.252
31,2010,specter2,scincl,50,100,0.2788
31,2010,specter2,scibert,10,100,0.136
31,2010,specter2,scibert,25,100,0.146
31,2010,specter2,scibert,50,100,0.17
31,2010,specter2,bert,10,100,0.074
31,2010,specter2,bert,25,100,0.084
31,2010,specter2,bert,50,100,0.0944
31,2010,specter2,mpnet,10,100,0.255
31,2010,specter2,mpnet,25,100,0.2596
31,2010,specter2,mpnet,50,100,0.2862
31,2010,specter2,minilm,10,100,0.22400000000000003
31,2010,specter2,minilm,25,100,0.23399999999999999
31,2010,specter2,minilm,50,100,0.2528
31,2010,specter2,pubmedbert,10,100,0.091
31,2010,specter2,pubmedbert,25,100,0.10400000000000001
31,2010,specter2,pubmedbert,50,100,0.1278
31,2010,specter2,biobert,10,100,0.08299999999999999
31,2010,specter2,biobert,25,100,0.10400000000000001
31,2010,specter2,biobert,50,100,0.12119999999999999
31,2010,specter2,simcse,10,100,0.057999999999999996
31,2010,specter2,simcse,25,100,0.07
31,2010,specter2,simcse,50,100,0.0808
31,2010,scincl,scibert,10,100,0.156
31,2010,scincl,scibert,25,100,0.1628
31,2010,scincl,scibert,50,100,0.192
31,2010,scincl,bert,10,100,0.089
31,2010,scincl,bert,25,100,0.10880000000000001
31,2010,scincl,bert,50,100,0.1202
31,2010,scincl,mpnet,10,100,0.359
31,2010,scincl,mpnet,25,100,0.396
31,2010,scincl,mpnet,50,100,0.4086
31,2010,scincl,minilm,10,100,0.335
31,2010,scincl,minilm,25,100,0.3504
31,2010,scincl,minilm,50,100,0.3666
31,2010,scincl,pubmedbert,10,100,0.101
31,2010,scincl,pubmedbert,25,100,0.13
31,2010,scincl,pubmedbert,50,100,0.1464
31,2010,scincl,biobert,10,100,0.11100000000000002
31,2010,scincl,biobert,25,100,0.1244
31,2010,scincl,biobert,50,100,0.1442
31,2010,scincl,simcse,10,100,0.09
31,2010,scincl,simcse,25,100,0.10039999999999999
31,2010,scincl,simcse,50,100,0.10439999999999999
31,2010,scibert,bert,10,100,0.19
31,2010,scibert,bert,25,100,0.21600000000000003
31,2010,scibert,bert,50,100,0.23800000000000002
31,2010,scibert,mpnet,10,100,0.131
31,2010,scibert,mpnet,25,100,0.15039999999999998
31,2010,scibert,mpnet,50,100,0.17739999999999997
31,2010,scibert,minilm,10,100,0.131
31,2010,scibert,minilm,25,100,0.1484
31,2010,scibert,minilm,50,100,0.172
31,2010,scibert,pubmedbert,10,100,0.314
31,2010,scibert,pubmedbert,25,100,0.354
31,2010,scibert,pubmedbert,50,100,0.3818
31,2010,scibert,biobert,10,100,0.292
31,2010,scibert,biobert,25,100,0.3184
31,2010,scibert,biobert,50,100,0.3528
31,2010,scibert,simcse,10,100,0.097
31,2010,scibert,simcse,25,100,0.11320000000000001
31,2010,scibert,simcse,50,100,0.1336
31,2010,bert,mpnet,10,100,0.091
31,2010,bert,mpnet,25,100,0.1104
31,2010,bert,mpnet,50,100,0.1294
31,2010,bert,minilm,10,100,0.097
31,2010,bert,minilm,25,100,0.1144
31,2010,bert,minilm,50,100,0.1294
31,2010,bert,pubmedbert,10,100,0.197
31,2010,bert,pubmedbert,25,100,0.2352
31,2010,bert,pubmedbert,50,100,0.2562
31,2010,bert,biobert,10,100,0.193
31,2010,bert,biobert,25,100,0.2372
31,2010,bert,biobert,50,100,0.2746
31,2010,bert,simcse,10,100,0.17099999999999999
31,2010,bert,simcse,25,100,0.20600000000000002
31,2010,bert,simcse,50,100,0.2316
31,2010,mpnet,minilm,10,100,0.48600000000000004
31,2010,mpnet,minilm,25,100,0.4788
31,2010,mpnet,minilm,50,100,0.5124
31,2010,mpnet,pubmedbert,10,100,0.099
31,2010,mpnet,pubmedbert,25,100,0.1284
31,2010,mpnet,pubmedbert,50,100,0.1464
31,2010,mpnet,biobert,10,100,0.10600000000000001
31,2010,mpnet,biobert,25,100,0.12240000000000001
31,2010,mpnet,biobert,50,100,0.1442
31,2010,mpnet,simcse,10,100,0.092
31,2010,mpnet,simcse,25,100,0.10039999999999999
31,2010,mpnet,simcse,50,100,0.1142
31,2010,minilm,pubmedbert,10,100,0.10600000000000001
31,2010,minilm,pubmedbert,25,100,0.1232
31,2010,minilm,pubmedbert,50,100,0.1396
31,2010,minilm,biobert,10,100,0.10900000000000001
31,2010,minilm,biobert,25,100,0.1244
31,2010,minilm,biobert,50,100,0.14300000000000002
31,2010,minilm,simcse,10,100,0.092
31,2010,minilm,simcse,25,100,0.1072
31,2010,minilm,simcse,50,100,0.124
31,2010,pubmedbert,biobert,10,100,0.315
31,2010,pubmedbert,biobert,25,100,0.3492
31,2010,pubmedbert,biobert,50,100,0.381
31,2010,pubmedbert,simcse,10,100,0.10300000000000001
31,2010,pubmedbert,simcse,25,100,0.11800000000000001
31,2010,pubmedbert,simcse,50,100,0.1388
31,2010,biobert,simcse,10,100,0.097
31,2010,biobert,simcse,25,100,0.1096
31,2010,biobert,simcse,50,100,0.1306
31,2015,specter,specter2,10,100,0.194
31,2015,specter,specter2,25,100,0.2192
31,2015,specter,specter2,50,100,0.23440000000000003
31,2015,specter,scincl,10,100,0.286
31,2015,specter,scincl,25,100,0.3428
31,2015,specter,scincl,50,100,0.371
31,2015,specter,scibert,10,100,0.118
31,2015,specter,scibert,25,100,0.1516
31,2015,specter,scibert,50,100,0.1744
31,2015,specter,bert,10,100,0.072
31,2015,specter,bert,25,100,0.1012
31,2015,specter,bert,50,100,0.1202
31,2015,specter,mpnet,10,100,0.302
31,2015,specter,mpnet,25,100,0.3284
31,2015,specter,mpnet,50,100,0.3456
31,2015,specter,minilm,10,100,0.294
31,2015,specter,minilm,25,100,0.3
31,2015,specter,minilm,50,100,0.3164
31,2015,specter,pubmedbert,10,100,0.095
31,2015,specter,pubmedbert,25,100,0.12119999999999999
31,2015,specter,pubmedbert,50,100,0.1494
31,2015,specter,biobert,10,100,0.091
31,2015,specter,biobert,25,100,0.12960000000000002
31,2015,specter,biobert,50,100,0.15439999999999998
31,2015,specter,simcse,10,100,0.08
31,2015,specter,simcse,25,100,0.09519999999999999
31,2015,specter,simcse,50,100,0.1128
31,2015,specter2,scincl,10,100,0.225
31,2015,specter2,scincl,25,100,0.25079999999999997
31,2015,specter2,scincl,50,100,0.272
31,2015,specter2,scibert,10,100,0.11599999999999999
31,2015,specter2,scibert,25,100,0.1512
31,2015,specter2,scibert,50,100,0.17059999999999997
31,2015,specter2,bert,10,100,0.061
31,2015,specter2,bert,25,100,0.0776
31,2015,specter2,bert,50,100,0.0966
31,2015,specter2,mpnet,10,100,0.242
31,2015,specter2,mpnet,25,100,0.2732
31,2015,specter2,mpnet,50,100,0.2814
31,2015,specter2,minilm,10,100,0.22599999999999998
31,2015,specter2,minilm,25,100,0.2376
31,2015,specter2,minilm,50,100,0.2468
31,2015,specter2,pubmedbert,10,100,0.079
31,2015,specter2,pubmedbert,25,100,0.1112
31,2015,specter2,pubmedbert,50,100,0.12359999999999999
31,2015,specter2,biobert,10,100,0.089
31,2015,specter2,biobert,25,100,0.11960000000000001
31,2015,specter2,biobert,50,100,0.1272
31,2015,specter2,simcse,10,100,0.065
31,2015,specter2,simcse,25,100,0.0716
31,2015,specter2,simcse,50,100,0.0828
31,2015,scincl,scibert,10,100,0.148
31,2015,scincl,scibert,25,100,0.1668
31,2015,scincl,scibert,50,100,0.18600000000000003
31,2015,scincl,bert,10,100,0.077
31,2015,scincl,bert,25,100,0.09519999999999999
31,2015,scincl,bert,50,100,0.11800000000000001
31,2015,scincl,mpnet,10,100,0.36
31,2015,scincl,mpnet,25,100,0.3772
31,2015,scincl,mpnet,50,100,0.40880000000000005
31,2015,scincl,minilm,10,100,0.319
31,2015,scincl,minilm,25,100,0.3392
31,2015,scincl,minilm,50,100,0.3686
31,2015,scincl,pubmedbert,10,100,0.101
31,2015,scincl,pubmedbert,25,100,0.122
31,2015,scincl,pubmedbert,50,100,0.1456
31,2015,scincl,biobert,10,100,0.118
31,2015,scincl,biobert,25,100,0.1284
31,2015,scincl,biobert,50,100,0.14800000000000002
31,2015,scincl,simcse,10,100,0.06899999999999999
31,2015,scincl,simcse,25,100,0.0868
31,2015,scincl,simcse,50,100,0.10339999999999999
31,2015,scibert,bert,10,100,0.22200000000000003
31,2015,scibert,bert,25,100,0.2384
31,2015,scibert,bert,50,100,0.2594
31,2015,scibert,mpnet,10,100,0.128
31,2015,scibert,mpnet,25,100,0.1604
31,2015,scibert,mpnet,50,100,0.18600000000000003
31,2015,scibert,minilm,10,100,0.132
31,2015,scibert,minilm,25,100,0.156
31,2015,scibert,minilm,50,100,0.18760000000000002
31,2015,scibert,pubmedbert,10,100,0.33999999999999997
31,2015,scibert,pubmedbert,25,100,0.3712
31,2015,scibert,pubmedbert,50,100,0.39740000000000003
31,2015,scibert,biobert,10,100,0.313
31,2015,scibert,biobert,25,100,0.3504
31,2015,scibert,biobert,50,100,0.3762
31,2015,scibert,simcse,10,100,0.11299999999999999
31,2015,scibert,simcse,25,100,0.12960000000000002
31,2015,scibert,simcse,50,100,0.1466
31,2015,bert,mpnet,10,100,0.086
31,2015,bert,mpnet,25,100,0.10800000000000001
31,2015,bert,mpnet,50,100,0.1304
31,2015,bert,minilm,10,100,0.098
31,2015,bert,minilm,25,100,0.1112
31,2015,bert,minilm,50,100,0.1344
31,2015,bert,pubmedbert,10,100,0.231
31,2015,bert,pubmedbert,25,100,0.24359999999999998
31,2015,bert,pubmedbert,50,100,0.2622
31,2015,bert,biobert,10,100,0.236
31,2015,bert,biobert,25,100,0.268
31,2015,bert,biobert,50,100,0.28800000000000003
31,2015,bert,simcse,10,100,0.196
31,2015,bert,simcse,25,100,0.21280000000000002
31,2015,bert,simcse,50,100,0.2334
31,2015,mpnet,minilm,10,100,0.47400000000000003
31,2015,mpnet,minilm,25,100,0.5015999999999999
31,2015,mpnet,minilm,50,100,0.5176
31,2015,mpnet,pubmedbert,10,100,0.10300000000000001
31,2015,mpnet,pubmedbert,25,100,0.1348
31,2015,mpnet,pubmedbert,50,100,0.1492
31,2015,mpnet,biobert,10,100,0.11200000000000002
31,2015,mpnet,biobert,25,100,0.1408
31,2015,mpnet,biobert,50,100,0.1562
31,2015,mpnet,simcse,10,100,0.093
31,2015,mpnet,simcse,25,100,0.1104
31,2015,mpnet,simcse,50,100,0.11960000000000001
31,2015,minilm,pubmedbert,10,100,0.096
31,2015,minilm,pubmedbert,25,100,0.1268
31,2015,minilm,pubmedbert,50,100,0.15460000000000002
31,2015,minilm,biobert,10,100,0.10800000000000001
31,2015,minilm,biobert,25,100,0.1332
31,2015,minilm,biobert,50,100,0.15259999999999999
31,2015,minilm,simcse,10,100,0.098
31,2015,minilm,simcse,25,100,0.1124
31,2015,minilm,simcse,50,100,0.125
31,2015,pubmedbert,biobert,10,100,0.357
31,2015,pubmedbert,biobert,25,100,0.3812
31,2015,pubmedbert,biobert,50,100,0.39899999999999997
31,2015,pubmedbert,simcse,10,100,0.12
31,2015,pubmedbert,simcse,25,100,0.1292
31,2015,pubmedbert,simcse,50,100,0.1474
31,2015,biobert,simcse,10,100,0.10900000000000001
31,2015,biobert,simcse,25,100,0.12560000000000002
31,2015,biobert,simcse,50,100,0.1532
31,2020,specter,specter2,10,100,0.209
31,2020,specter,specter2,25,100,0.2216
31,2020,specter,specter2,50,100,0.25
31,2020,specter,scincl,10,100,0.304
31,2020,specter,scincl,25,100,0.33159999999999995
31,2020,specter,scincl,50,100,0.3472
31,2020,specter,scibert,10,100,0.123
31,2020,specter,scibert,25,100,0.146
31,2020,specter,scibert,50,100,0.16879999999999998
31,2020,specter,bert,10,100,0.09
31,2020,specter,bert,25,100,0.1024
31,2020,specter,bert,50,100,0.1206
31,2020,specter,mpnet,10,100,0.29300000000000004
31,2020,specter,mpnet,25,100,0.3188
31,2020,specter,mpnet,50,100,0.3362
31,2020,specter,minilm,10,100,0.26
31,2020,specter,minilm,25,100,0.2808
31,2020,specter,minilm,50,100,0.2916
31,2020,specter,pubmedbert,10,100,0.092
31,2020,specter,pubmedbert,25,100,0.106
31,2020,specter,pubmedbert,50,100,0.1274
31,2020,specter,biobert,10,100,0.1
31,2020,specter,biobert,25,100,0.1204
31,2020,specter,biobert,50,100,0.1408
31,2020,specter,simcse,10,100,0.075
31,2020,specter,simcse,25,100,0.09
31,2020,specter,simcse,50,100,0.0944
31,2020,specter2,scincl,10,100,0.258
31,2020,specter2,scincl,25,100,0.2612
31,2020,specter2,scincl,50,100,0.2908
31,2020,specter2,scibert,10,100,0.144
31,2020,specter2,scibert,25,100,0.1592
31,2020,specter2,scibert,50,100,0.1764
31,2020,specter2,bert,10,100,0.088
31,2020,specter2,bert,25,100,0.0924
31,2020,specter2,bert,50,100,0.1024
31,2020,specter2,mpnet,10,100,0.267
31,2020,specter2,mpnet,25,100,0.28
31,2020,specter2,mpnet,50,100,0.29460000000000003
31,2020,specter2,minilm,10,100,0.221
31,2020,specter2,minilm,25,100,0.2412
31,2020,specter2,minilm,50,100,0.2556
31,2020,specter2,pubmedbert,10,100,0.101
31,2020,specter2,pubmedbert,25,100,0.10880000000000001
31,2020,specter2,pubmedbert,50,100,0.1188
31,2020,specter2,biobert,10,100,0.10800000000000001
31,2020,specter2,biobert,25,100,0.1152
31,2020,specter2,biobert,50,100,0.1288
31,2020,specter2,simcse,10,100,0.071
31,2020,specter2,simcse,25,100,0.0784
31,2020,specter2,simcse,50,100,0.0824
31,2020,scincl,scibert,10,100,0.145
31,2020,scincl,scibert,25,100,0.1616
31,2020,scincl,scibert,50,100,0.1814
31,2020,scincl,bert,10,100,0.095
31,2020,scincl,bert,25,100,0.1112
31,2020,scincl,bert,50,100,0.122
31,2020,scincl,mpnet,10,100,0.351
31,2020,scincl,mpnet,25,100,0.3872
31,2020,scincl,mpnet,50,100,0.408
31,2020,scincl,minilm,10,100,0.307
31,2020,scincl,minilm,25,100,0.3312
31,2020,scincl,minilm,50,100,0.35100000000000003
31,2020,scincl,pubmedbert,10,100,0.10200000000000001
31,2020,scincl,pubmedbert,25,100,0.1112
31,2020,scincl,pubmedbert,50,100,0.1276
31,2020,scincl,biobert,10,100,0.11100000000000002
31,2020,scincl,biobert,25,100,0.1292
31,2020,scincl,biobert,50,100,0.1436
31,2020,scincl,simcse,10,100,0.08199999999999999
31,2020,scincl,simcse,25,100,0.09960000000000001
31,2020,scincl,simcse,50,100,0.1054
31,2020,scibert,bert,10,100,0.22999999999999998
31,2020,scibert,bert,25,100,0.2544
31,2020,scibert,bert,50,100,0.2672
31,2020,scibert,mpnet,10,100,0.133
31,2020,scibert,mpnet,25,100,0.142
31,2020,scibert,mpnet,50,100,0.1674
31,2020,scibert,minilm,10,100,0.13799999999999998
31,2020,scibert,minilm,25,100,0.1416
31,2020,scibert,minilm,50,100,0.1668
31,2020,scibert,pubmedbert,10,100,0.32799999999999996
31,2020,scibert,pubmedbert,25,100,0.3676
31,2020,scibert,pubmedbert,50,100,0.38439999999999996
31,2020,scibert,biobert,10,100,0.304
31,2020,scibert,biobert,25,100,0.3468
31,2020,scibert,biobert,50,100,0.376
31,2020,scibert,simcse,10,100,0.10200000000000001
31,2020,scibert,simcse,25,100,0.1364
31,2020,scibert,simcse,50,100,0.14679999999999999
31,2020,bert,mpnet,10,100,0.11200000000000002
31,2020,bert,mpnet,25,100,0.1148
31,2020,bert,mpnet,50,100,0.125
31,2020,bert,minilm,10,100,0.11000000000000001
31,2020,bert,minilm,25,100,0.1208
31,2020,bert,minilm,50,100,0.136
31,2020,bert,pubmedbert,10,100,0.21400000000000002
31,2020,bert,pubmedbert,25,100,0.242
31,2020,bert,pubmedbert,50,100,0.26780000000000004
31,2020,bert,biobert,10,100,0.259
31,2020,bert,biobert,25,100,0.28600000000000003
31,2020,bert,biobert,50,100,0.30219999999999997
31,2020,bert,simcse,10,100,0.181
31,2020,bert,simcse,25,100,0.2152
31,2020,bert,simcse,50,100,0.2368
31,2020,mpnet,minilm,10,100,0.47400000000000003
31,2020,mpnet,minilm,25,100,0.496
31,2020,mpnet,minilm,50,100,0.5128
31,2020,mpnet,pubmedbert,10,100,0.10300000000000001
31,2020,mpnet,pubmedbert,25,100,0.1048
31,2020,mpnet,pubmedbert,50,100,0.128
31,2020,mpnet,biobert,10,100,0.12
31,2020,mpnet,biobert,25,100,0.1272
31,2020,mpnet,biobert,50,100,0.138
31,2020,mpnet,simcse,10,100,0.093
31,2020,mpnet,simcse,25,100,0.106
31,2020,mpnet,simcse,50,100,0.1096
31,2020,minilm,pubmedbert,10,100,0.087
31,2020,minilm,pubmedbert,25,100,0.10439999999999999
31,2020,minilm,pubmedbert,50,100,0.1266
31,2020,minilm,biobert,10,100,0.1
31,2020,minilm,biobert,25,100,0.12480000000000001
31,2020,minilm,biobert,50,100,0.139
31,2020,minilm,simcse,10,100,0.094
31,2020,minilm,simcse,25,100,0.11560000000000001
31,2020,minilm,simcse,50,100,0.1188
31,2020,pubmedbert,biobert,10,100,0.327
31,2020,pubmedbert,biobert,25,100,0.38159999999999994
31,2020,pubmedbert,biobert,50,100,0.42060000000000003
31,2020,pubmedbert,simcse,10,100,0.101
31,2020,pubmedbert,simcse,25,100,0.1244
31,2020,pubmedbert,simcse,50,100,0.1392
31,2020,biobert,simcse,10,100,0.11499999999999999
31,2020,biobert,simcse,25,100,0.136
31,2020,biobert,simcse,50,100,0.1448
32,2000,specter,specter2,10,100,0.213
32,2000,specter,specter2,25,100,0.2228
32,2000,specter,specter2,50,100,0.2346
32,2000,specter,scincl,10,100,0.288
32,2000,specter,scincl,25,100,0.308
32,2000,specter,scincl,50,100,0.3134
32,2000,specter,scibert,10,100,0.06999999999999999
32,2000,specter,scibert,25,100,0.0684
32,2000,specter,scibert,50,100,0.0782
32,2000,specter,bert,10,100,0.067
32,2000,specter,bert,25,100,0.0632
32,2000,specter,bert,50,100,0.07719999999999999
32,2000,specter,mpnet,10,100,0.24700000000000003
32,2000,specter,mpnet,25,100,0.2644
32,2000,specter,mpnet,50,100,0.2828
32,2000,specter,minilm,10,100,0.217
32,2000,specter,minilm,25,100,0.24600000000000002
32,2000,specter,minilm,50,100,0.2564
32,2000,specter,pubmedbert,10,100,0.053000000000000005
32,2000,specter,pubmedbert,25,100,0.053200000000000004
32,2000,specter,pubmedbert,50,100,0.0664
32,2000,specter,biobert,10,100,0.072
32,2000,specter,biobert,25,100,0.0684
32,2000,specter,biobert,50,100,0.0732
32,2000,specter,simcse,10,100,0.071
32,2000,specter,simcse,25,100,0.078
32,2000,specter,simcse,50,100,0.0882
32,2000,specter2,scincl,10,100,0.29900000000000004
32,2000,specter2,scincl,25,100,0.2928
32,2000,specter2,scincl,50,100,0.3064
32,2000,specter2,scibert,10,100,0.068
32,2000,specter2,scibert,25,100,0.084
32,2000,specter2,scibert,50,100,0.0922
32,2000,specter2,bert,10,100,0.061
32,2000,specter2,bert,25,100,0.07
32,2000,specter2,bert,50,100,0.08259999999999999
32,2000,specter2,mpnet,10,100,0.301
32,2000,specter2,mpnet,25,100,0.29600000000000004
32,2000,specter2,mpnet,50,100,0.2998
32,2000,specter2,minilm,10,100,0.258
32,2000,specter2,minilm,25,100,0.272
32,2000,specter2,minilm,50,100,0.2774
32,2000,specter2,pubmedbert,10,100,0.05600000000000001
32,2000,specter2,pubmedbert,25,100,0.0608
32,2000,specter2,pubmedbert,50,100,0.07200000000000001
32,2000,specter2,biobert,10,100,0.066
32,2000,specter2,biobert,25,100,0.07440000000000001
32,2000,specter2,biobert,50,100,0.08800000000000001
32,2000,specter2,simcse,10,100,0.09
32,2000,specter2,simcse,25,100,0.09720000000000001
32,2000,specter2,simcse,50,100,0.10099999999999999
32,2000,scincl,scibert,10,100,0.071
32,2000,scincl,scibert,25,100,0.0664
32,2000,scincl,scibert,50,100,0.0776
32,2000,scincl,bert,10,100,0.063
32,2000,scincl,bert,25,100,0.0652
32,2000,scincl,bert,50,100,0.0774
32,2000,scincl,mpnet,10,100,0.341
32,2000,scincl,mpnet,25,100,0.3564
32,2000,scincl,mpnet,50,100,0.364
32,2000,scincl,minilm,10,100,0.29900000000000004
32,2000,scincl,minilm,25,100,0.318
32,2000,scincl,minilm,50,100,0.3446
32,2000,scincl,pubmedbert,10,100,0.053000000000000005
32,2000,scincl,pubmedbert,25,100,0.0504
32,2000,scincl,pubmedbert,50,100,0.0584
32,2000,scincl,biobert,10,100,0.06899999999999999
32,2000,scincl,biobert,25,100,0.0668
32,2000,scincl,biobert,50,100,0.0678
32,2000,scincl,simcse,10,100,0.096
32,2000,scincl,simcse,25,100,0.0888
32,2000,scincl,simcse,50,100,0.0956
32,2000,scibert,bert,10,100,0.225
32,2000,scibert,bert,25,100,0.2232
32,2000,scibert,bert,50,100,0.2414
32,2000,scibert,mpnet,10,100,0.071
32,2000,scibert,mpnet,25,100,0.0784
32,2000,scibert,mpnet,50,100,0.08460000000000001
32,2000,scibert,minilm,10,100,0.079
32,2000,scibert,minilm,25,100,0.0776
32,2000,scibert,minilm,50,100,0.0872
32,2000,scibert,pubmedbert,10,100,0.3
32,2000,scibert,pubmedbert,25,100,0.30920000000000003
32,2000,scibert,pubmedbert,50,100,0.33880000000000005
32,2000,scibert,biobert,10,100,0.302
32,2000,scibert,biobert,25,100,0.3212
32,2000,scibert,biobert,50,100,0.33759999999999996
32,2000,scibert,simcse,10,100,0.10500000000000001
32,2000,scibert,simcse,25,100,0.11560000000000001
32,2000,scibert,simcse,50,100,0.1308
32,2000,bert,mpnet,10,100,0.086
32,2000,bert,mpnet,25,100,0.09359999999999999
32,2000,bert,mpnet,50,100,0.1066
32,2000,bert,minilm,10,100,0.088
32,2000,bert,minilm,25,100,0.1008
32,2000,bert,minilm,50,100,0.107
32,2000,bert,pubmedbert,10,100,0.188
32,2000,bert,pubmedbert,25,100,0.2084
32,2000,bert,pubmedbert,50,100,0.2316
32,2000,bert,biobert,10,100,0.21600000000000003
32,2000,bert,biobert,25,100,0.2376
32,2000,bert,biobert,50,100,0.25239999999999996
32,2000,bert,simcse,10,100,0.209
32,2000,bert,simcse,25,100,0.21960000000000002
32,2000,bert,simcse,50,100,0.23800000000000002
32,2000,mpnet,minilm,10,100,0.43499999999999994
32,2000,mpnet,minilm,25,100,0.4508
32,2000,mpnet,minilm,50,100,0.46380000000000005
32,2000,mpnet,pubmedbert,10,100,0.06899999999999999
32,2000,mpnet,pubmedbert,25,100,0.068
32,2000,mpnet,pubmedbert,50,100,0.07519999999999999
32,2000,mpnet,biobert,10,100,0.081
32,2000,mpnet,biobert,25,100,0.0808
32,2000,mpnet,biobert,50,100,0.08839999999999999
32,2000,mpnet,simcse,10,100,0.11499999999999999
32,2000,mpnet,simcse,25,100,0.11320000000000001
32,2000,mpnet,simcse,50,100,0.1328
32,2000,minilm,pubmedbert,10,100,0.068
32,2000,minilm,pubmedbert,25,100,0.0704
32,2000,minilm,pubmedbert,50,100,0.0764
32,2000,minilm,biobert,10,100,0.08
32,2000,minilm,biobert,25,100,0.0808
32,2000,minilm,biobert,50,100,0.0868
32,2000,minilm,simcse,10,100,0.119
32,2000,minilm,simcse,25,100,0.132
32,2000,minilm,simcse,50,100,0.141
32,2000,pubmedbert,biobert,10,100,0.29700000000000004
32,2000,pubmedbert,biobert,25,100,0.33
32,2000,pubmedbert,biobert,50,100,0.3632
32,2000,pubmedbert,simcse,10,100,0.081
32,2000,pubmedbert,simcse,25,100,0.10400000000000001
32,2000,pubmedbert,simcse,50,100,0.1216
32,2000,biobert,simcse,10,100,0.101
32,2000,biobert,simcse,25,100,0.11
32,2000,biobert,simcse,50,100,0.125
32,2005,specter,specter2,10,100,0.25
32,2005,specter,specter2,25,100,0.264
32,2005,specter,specter2,50,100,0.2672
32,2005,specter,scincl,10,100,0.304
32,2005,specter,scincl,25,100,0.3136
32,2005,specter,scincl,50,100,0.335
32,2005,specter,scibert,10,100,0.065
32,2005,specter,scibert,25,100,0.0848
32,2005,specter,scibert,50,100,0.096
32,2005,specter,bert,10,100,0.063
32,2005,specter,bert,25,100,0.0688
32,2005,specter,bert,50,100,0.084
32,2005,specter,mpnet,10,100,0.277
32,2005,specter,mpnet,25,100,0.29600000000000004
32,2005,specter,mpnet,50,100,0.3068
32,2005,specter,minilm,10,100,0.242
32,2005,specter,minilm,25,100,0.2708
32,2005,specter,minilm,50,100,0.28859999999999997
32,2005,specter,pubmedbert,10,100,0.06
32,2005,specter,pubmedbert,25,100,0.0732
32,2005,specter,pubmedbert,50,100,0.08539999999999999
32,2005,specter,biobert,10,100,0.065
32,2005,specter,biobert,25,100,0.0732
32,2005,specter,biobert,50,100,0.0866
32,2005,specter,simcse,10,100,0.078
32,2005,specter,simcse,25,100,0.0904
32,2005,specter,simcse,50,100,0.09939999999999999
32,2005,specter2,scincl,10,100,0.29100000000000004
32,2005,specter2,scincl,25,100,0.30920000000000003
32,2005,specter2,scincl,50,100,0.316
32,2005,specter2,scibert,10,100,0.076
32,2005,specter2,scibert,25,100,0.0852
32,2005,specter2,scibert,50,100,0.10339999999999999
32,2005,specter2,bert,10,100,0.059
32,2005,specter2,bert,25,100,0.0672
32,2005,specter2,bert,50,100,0.0832
32,2005,specter2,mpnet,10,100,0.319
32,2005,specter2,mpnet,25,100,0.32799999999999996
32,2005,specter2,mpnet,50,100,0.3246
32,2005,specter2,minilm,10,100,0.263
32,2005,specter2,minilm,25,100,0.2912
32,2005,specter2,minilm,50,100,0.2884
32,2005,specter2,pubmedbert,10,100,0.06
32,2005,specter2,pubmedbert,25,100,0.07
32,2005,specter2,pubmedbert,50,100,0.08439999999999999
32,2005,specter2,biobert,10,100,0.079
32,2005,specter2,biobert,25,100,0.08039999999999999
32,2005,specter2,biobert,50,100,0.0876
32,2005,specter2,simcse,10,100,0.073
32,2005,specter2,simcse,25,100,0.092
32,2005,specter2,simcse,50,100,0.10339999999999999
32,2005,scincl,scibert,10,100,0.065
32,2005,scincl,scibert,25,100,0.07519999999999999
32,2005,scincl,scibert,50,100,0.0872
32,2005,scincl,bert,10,100,0.057999999999999996
32,2005,scincl,bert,25,100,0.06280000000000001
32,2005,scincl,bert,50,100,0.0762
32,2005,scincl,mpnet,10,100,0.311
32,2005,scincl,mpnet,25,100,0.3332
32,2005,scincl,mpnet,50,100,0.3522
32,2005,scincl,minilm,10,100,0.277
32,2005,scincl,minilm,25,100,0.3196
32,2005,scincl,minilm,50,100,0.32939999999999997
32,2005,scincl,pubmedbert,10,100,0.052000000000000005
32,2005,scincl,pubmedbert,25,100,0.0604
32,2005,scincl,pubmedbert,50,100,0.0708
32,2005,scincl,biobert,10,100,0.056999999999999995
32,2005,scincl,biobert,25,100,0.0672
32,2005,scincl,biobert,50,100,0.0814
32,2005,scincl,simcse,10,100,0.078
32,2005,scincl,simcse,25,100,0.084
32,2005,scincl,simcse,50,100,0.0958
32,2005,scibert,bert,10,100,0.211
32,2005,scibert,bert,25,100,0.2084
32,2005,scibert,bert,50,100,0.2394
32,2005,scibert,mpnet,10,100,0.053000000000000005
32,2005,scibert,mpnet,25,100,0.07200000000000001
32,2005,scibert,mpnet,50,100,0.0894
32,2005,scibert,minilm,10,100,0.076
32,2005,scibert,minilm,25,100,0.0768
32,2005,scibert,minilm,50,100,0.09480000000000001
32,2005,scibert,pubmedbert,10,100,0.31
32,2005,scibert,pubmedbert,25,100,0.33759999999999996
32,2005,scibert,pubmedbert,50,100,0.3554
32,2005,scibert,biobert,10,100,0.286
32,2005,scibert,biobert,25,100,0.3156
32,2005,scibert,biobert,50,100,0.3444
32,2005,scibert,simcse,10,100,0.1
32,2005,scibert,simcse,25,100,0.10880000000000001
32,2005,scibert,simcse,50,100,0.12619999999999998
32,2005,bert,mpnet,10,100,0.067
32,2005,bert,mpnet,25,100,0.08199999999999999
32,2005,bert,mpnet,50,100,0.0946
32,2005,bert,minilm,10,100,0.08199999999999999
32,2005,bert,minilm,25,100,0.08560000000000001
32,2005,bert,minilm,50,100,0.1024
32,2005,bert,pubmedbert,10,100,0.187
32,2005,bert,pubmedbert,25,100,0.2144
32,2005,bert,pubmedbert,50,100,0.23399999999999999
32,2005,bert,biobert,10,100,0.215
32,2005,bert,biobert,25,100,0.2376
32,2005,bert,biobert,50,100,0.26
32,2005,bert,simcse,10,100,0.183
32,2005,bert,simcse,25,100,0.212
32,2005,bert,simcse,50,100,0.2334
32,2005,mpnet,minilm,10,100,0.422
32,2005,mpnet,minilm,25,100,0.4412
32,2005,mpnet,minilm,50,100,0.45299999999999996
32,2005,mpnet,pubmedbert,10,100,0.046
32,2005,mpnet,pubmedbert,25,100,0.06480000000000001
32,2005,mpnet,pubmedbert,50,100,0.0806
32,2005,mpnet,biobert,10,100,0.062
32,2005,mpnet,biobert,25,100,0.0716
32,2005,mpnet,biobert,50,100,0.08960000000000001
32,2005,mpnet,simcse,10,100,0.08199999999999999
32,2005,mpnet,simcse,25,100,0.1032
32,2005,mpnet,simcse,50,100,0.115
32,2005,minilm,pubmedbert,10,100,0.063
32,2005,minilm,pubmedbert,25,100,0.0736
32,2005,minilm,pubmedbert,50,100,0.0872
32,2005,minilm,biobert,10,100,0.076
32,2005,minilm,biobert,25,100,0.0848
32,2005,minilm,biobert,50,100,0.1
32,2005,minilm,simcse,10,100,0.11299999999999999
32,2005,minilm,simcse,25,100,0.1128
32,2005,minilm,simcse,50,100,0.12960000000000002
32,2005,pubmedbert,biobert,10,100,0.317
32,2005,pubmedbert,biobert,25,100,0.35240000000000005
32,2005,pubmedbert,biobert,50,100,0.379
32,2005,pubmedbert,simcse,10,100,0.095
32,2005,pubmedbert,simcse,25,100,0.10800000000000001
32,2005,pubmedbert,simcse,50,100,0.12359999999999999
32,2005,biobert,simcse,10,100,0.10300000000000001
32,2005,biobert,simcse,25,100,0.11560000000000001
32,2005,biobert,simcse,50,100,0.13
32,2010,specter,specter2,10,100,0.262
32,2010,specter,specter2,25,100,0.278
32,2010,specter,specter2,50,100,0.28800000000000003
32,2010,specter,scincl,10,100,0.305
32,2010,specter,scincl,25,100,0.3156
32,2010,specter,scincl,50,100,0.33340000000000003
32,2010,specter,scibert,10,100,0.06999999999999999
32,2010,specter,scibert,25,100,0.0796
32,2010,specter,scibert,50,100,0.08960000000000001
32,2010,specter,bert,10,100,0.072
32,2010,specter,bert,25,100,0.07400000000000001
32,2010,specter,bert,50,100,0.08199999999999999
32,2010,specter,mpnet,10,100,0.256
32,2010,specter,mpnet,25,100,0.2912
32,2010,specter,mpnet,50,100,0.304
32,2010,specter,minilm,10,100,0.257
32,2010,specter,minilm,25,100,0.266
32,2010,specter,minilm,50,100,0.2864
32,2010,specter,pubmedbert,10,100,0.073
32,2010,specter,pubmedbert,25,100,0.0708
32,2010,specter,pubmedbert,50,100,0.0794
32,2010,specter,biobert,10,100,0.078
32,2010,specter,biobert,25,100,0.0812
32,2010,specter,biobert,50,100,0.08539999999999999
32,2010,specter,simcse,10,100,0.081
32,2010,specter,simcse,25,100,0.08439999999999999
32,2010,specter,simcse,50,100,0.096
32,2010,specter2,scincl,10,100,0.298
32,2010,specter2,scincl,25,100,0.32880000000000004
32,2010,specter2,scincl,50,100,0.3456
32,2010,specter2,scibert,10,100,0.078
32,2010,specter2,scibert,25,100,0.092
32,2010,specter2,scibert,50,100,0.1026
32,2010,specter2,bert,10,100,0.066
32,2010,specter2,bert,25,100,0.0812
32,2010,specter2,bert,50,100,0.085
32,2010,specter2,mpnet,10,100,0.281
32,2010,specter2,mpnet,25,100,0.314
32,2010,specter2,mpnet,50,100,0.3348
32,2010,specter2,minilm,10,100,0.264
32,2010,specter2,minilm,25,100,0.2884
32,2010,specter2,minilm,50,100,0.2924
32,2010,specter2,pubmedbert,10,100,0.062
32,2010,specter2,pubmedbert,25,100,0.07440000000000001
32,2010,specter2,pubmedbert,50,100,0.087
32,2010,specter2,biobert,10,100,0.06899999999999999
32,2010,specter2,biobert,25,100,0.0816
32,2010,specter2,biobert,50,100,0.0894
32,2010,specter2,simcse,10,100,0.078
32,2010,specter2,simcse,25,100,0.0932
32,2010,specter2,simcse,50,100,0.10060000000000001
32,2010,scincl,scibert,10,100,0.066
32,2010,scincl,scibert,25,100,0.0764
32,2010,scincl,scibert,50,100,0.0874
32,2010,scincl,bert,10,100,0.061
32,2010,scincl,bert,25,100,0.0708
32,2010,scincl,bert,50,100,0.0762
32,2010,scincl,mpnet,10,100,0.31
32,2010,scincl,mpnet,25,100,0.374
32,2010,scincl,mpnet,50,100,0.396
32,2010,scincl,minilm,10,100,0.28900000000000003
32,2010,scincl,minilm,25,100,0.3248
32,2010,scincl,minilm,50,100,0.345
32,2010,scincl,pubmedbert,10,100,0.05500000000000001
32,2010,scincl,pubmedbert,25,100,0.0636
32,2010,scincl,pubmedbert,50,100,0.0738
32,2010,scincl,biobert,10,100,0.064
32,2010,scincl,biobert,25,100,0.07519999999999999
32,2010,scincl,biobert,50,100,0.08380000000000001
32,2010,scincl,simcse,10,100,0.074
32,2010,scincl,simcse,25,100,0.0864
32,2010,scincl,simcse,50,100,0.096
32,2010,scibert,bert,10,100,0.193
32,2010,scibert,bert,25,100,0.2212
32,2010,scibert,bert,50,100,0.2548
32,2010,scibert,mpnet,10,100,0.078
32,2010,scibert,mpnet,25,100,0.0832
32,2010,scibert,mpnet,50,100,0.09
32,2010,scibert,minilm,10,100,0.075
32,2010,scibert,minilm,25,100,0.0876
32,2010,scibert,minilm,50,100,0.09880000000000001
32,2010,scibert,pubmedbert,10,100,0.294
32,2010,scibert,pubmedbert,25,100,0.3432
32,2010,scibert,pubmedbert,50,100,0.3666
32,2010,scibert,biobert,10,100,0.29300000000000004
32,2010,scibert,biobert,25,100,0.32280000000000003
32,2010,scibert,biobert,50,100,0.35
32,2010,scibert,simcse,10,100,0.10200000000000001
32,2010,scibert,simcse,25,100,0.1232
32,2010,scibert,simcse,50,100,0.1434
32,2010,bert,mpnet,10,100,0.072
32,2010,bert,mpnet,25,100,0.0876
32,2010,bert,mpnet,50,100,0.091
32,2010,bert,minilm,10,100,0.08399999999999999
32,2010,bert,minilm,25,100,0.0932
32,2010,bert,minilm,50,100,0.1032
32,2010,bert,pubmedbert,10,100,0.207
32,2010,bert,pubmedbert,25,100,0.22440000000000002
32,2010,bert,pubmedbert,50,100,0.245
32,2010,bert,biobert,10,100,0.22400000000000003
32,2010,bert,biobert,25,100,0.2556
32,2010,bert,biobert,50,100,0.2682
32,2010,bert,simcse,10,100,0.194
32,2010,bert,simcse,25,100,0.2168
32,2010,bert,simcse,50,100,0.2372
32,2010,mpnet,minilm,10,100,0.43499999999999994
32,2010,mpnet,minilm,25,100,0.4508
32,2010,mpnet,minilm,50,100,0.4696
32,2010,mpnet,pubmedbert,10,100,0.075
32,2010,mpnet,pubmedbert,25,100,0.07400000000000001
32,2010,mpnet,pubmedbert,50,100,0.08259999999999999
32,2010,mpnet,biobert,10,100,0.074
32,2010,mpnet,biobert,25,100,0.0876
32,2010,mpnet,biobert,50,100,0.0898
32,2010,mpnet,simcse,10,100,0.101
32,2010,mpnet,simcse,25,100,0.1084
32,2010,mpnet,simcse,50,100,0.1128
32,2010,minilm,pubmedbert,10,100,0.071
32,2010,minilm,pubmedbert,25,100,0.0808
32,2010,minilm,pubmedbert,50,100,0.0868
32,2010,minilm,biobert,10,100,0.077
32,2010,minilm,biobert,25,100,0.0816
32,2010,minilm,biobert,50,100,0.09880000000000001
32,2010,minilm,simcse,10,100,0.11699999999999999
32,2010,minilm,simcse,25,100,0.12960000000000002
32,2010,minilm,simcse,50,100,0.13720000000000002
32,2010,pubmedbert,biobert,10,100,0.323
32,2010,pubmedbert,biobert,25,100,0.3452
32,2010,pubmedbert,biobert,50,100,0.3726
32,2010,pubmedbert,simcse,10,100,0.10200000000000001
32,2010,pubmedbert,simcse,25,100,0.1188
32,2010,pubmedbert,simcse,50,100,0.1378
32,2010,biobert,simcse,10,100,0.11200000000000002
32,2010,biobert,simcse,25,100,0.14279999999999998
32,2010,biobert,simcse,50,100,0.1502
32,2015,specter,specter2,10,100,0.248
32,2015,specter,specter2,25,100,0.2664
32,2015,specter,specter2,50,100,0.2826
32,2015,specter,scincl,10,100,0.296
32,2015,specter,scincl,25,100,0.322
32,2015,specter,scincl,50,100,0.331
32,2015,specter,scibert,10,100,0.073
32,2015,specter,scibert,25,100,0.0724
32,2015,specter,scibert,50,100,0.0866
32,2015,specter,bert,10,100,0.065
32,2015,specter,bert,25,100,0.0812
32,2015,specter,bert,50,100,0.0922
32,2015,specter,mpnet,10,100,0.275
32,2015,specter,mpnet,25,100,0.29600000000000004
32,2015,specter,mpnet,50,100,0.30760000000000004
32,2015,specter,minilm,10,100,0.264
32,2015,specter,minilm,25,100,0.284
32,2015,specter,minilm,50,100,0.2888
32,2015,specter,pubmedbert,10,100,0.063
32,2015,specter,pubmedbert,25,100,0.0616
32,2015,specter,pubmedbert,50,100,0.0728
32,2015,specter,biobert,10,100,0.064
32,2015,specter,biobert,25,100,0.07200000000000001
32,2015,specter,biobert,50,100,0.081
32,2015,specter,simcse,10,100,0.071
32,2015,specter,simcse,25,100,0.0916
32,2015,specter,simcse,50,100,0.1008
32,2015,specter2,scincl,10,100,0.32799999999999996
32,2015,specter2,scincl,25,100,0.3356
32,2015,specter2,scincl,50,100,0.3564
32,2015,specter2,scibert,10,100,0.068
32,2015,specter2,scibert,25,100,0.08439999999999999
32,2015,specter2,scibert,50,100,0.09759999999999999
32,2015,specter2,bert,10,100,0.068
32,2015,specter2,bert,25,100,0.08199999999999999
32,2015,specter2,bert,50,100,0.08839999999999999
32,2015,specter2,mpnet,10,100,0.29100000000000004
32,2015,specter2,mpnet,25,100,0.3148
32,2015,specter2,mpnet,50,100,0.33840000000000003
32,2015,specter2,minilm,10,100,0.262
32,2015,specter2,minilm,25,100,0.29
32,2015,specter2,minilm,50,100,0.302
32,2015,specter2,pubmedbert,10,100,0.059
32,2015,specter2,pubmedbert,25,100,0.064
32,2015,specter2,pubmedbert,50,100,0.0784
32,2015,specter2,biobert,10,100,0.073
32,2015,specter2,biobert,25,100,0.076
32,2015,specter2,biobert,50,100,0.0868
32,2015,specter2,simcse,10,100,0.075
32,2015,specter2,simcse,25,100,0.0904
32,2015,specter2,simcse,50,100,0.09759999999999999
32,2015,scincl,scibert,10,100,0.061
32,2015,scincl,scibert,25,100,0.0732
32,2015,scincl,scibert,50,100,0.083
32,2015,scincl,bert,10,100,0.075
32,2015,scincl,bert,25,100,0.0808
32,2015,scincl,bert,50,100,0.0806
32,2015,scincl,mpnet,10,100,0.364
32,2015,scincl,mpnet,25,100,0.376
32,2015,scincl,mpnet,50,100,0.3786
32,2015,scincl,minilm,10,100,0.324
32,2015,scincl,minilm,25,100,0.3496
32,2015,scincl,minilm,50,100,0.349
32,2015,scincl,pubmedbert,10,100,0.054000000000000006
32,2015,scincl,pubmedbert,25,100,0.0572
32,2015,scincl,pubmedbert,50,100,0.0642
32,2015,scincl,biobert,10,100,0.057999999999999996
32,2015,scincl,biobert,25,100,0.062400000000000004
32,2015,scincl,biobert,50,100,0.071
32,2015,scincl,simcse,10,100,0.065
32,2015,scincl,simcse,25,100,0.0832
32,2015,scincl,simcse,50,100,0.09480000000000001
32,2015,scibert,bert,10,100,0.189
32,2015,scibert,bert,25,100,0.2168
32,2015,scibert,bert,50,100,0.24719999999999998
32,2015,scibert,mpnet,10,100,0.062
32,2015,scibert,mpnet,25,100,0.0808
32,2015,scibert,mpnet,50,100,0.09539999999999998
32,2015,scibert,minilm,10,100,0.077
32,2015,scibert,minilm,25,100,0.08839999999999999
32,2015,scibert,minilm,50,100,0.095
32,2015,scibert,pubmedbert,10,100,0.306
32,2015,scibert,pubmedbert,25,100,0.33799999999999997
32,2015,scibert,pubmedbert,50,100,0.3668
32,2015,scibert,biobert,10,100,0.286
32,2015,scibert,biobert,25,100,0.3308
32,2015,scibert,biobert,50,100,0.3576
32,2015,scibert,simcse,10,100,0.09
32,2015,scibert,simcse,25,100,0.11359999999999999
32,2015,scibert,simcse,50,100,0.1286
32,2015,bert,mpnet,10,100,0.081
32,2015,bert,mpnet,25,100,0.1024
32,2015,bert,mpnet,50,100,0.113
32,2015,bert,minilm,10,100,0.097
32,2015,bert,minilm,25,100,0.10279999999999999
32,2015,bert,minilm,50,100,0.11359999999999999
32,2015,bert,pubmedbert,10,100,0.175
32,2015,bert,pubmedbert,25,100,0.20440000000000003
32,2015,bert,pubmedbert,50,100,0.22920000000000001
32,2015,bert,biobert,10,100,0.192
32,2015,bert,biobert,25,100,0.2336
32,2015,bert,biobert,50,100,0.2556
32,2015,bert,simcse,10,100,0.179
32,2015,bert,simcse,25,100,0.2
32,2015,bert,simcse,50,100,0.2238
32,2015,mpnet,minilm,10,100,0.413
32,2015,mpnet,minilm,25,100,0.4388
32,2015,mpnet,minilm,50,100,0.4592
32,2015,mpnet,pubmedbert,10,100,0.05600000000000001
32,2015,mpnet,pubmedbert,25,100,0.0696
32,2015,mpnet,pubmedbert,50,100,0.0802
32,2015,mpnet,biobert,10,100,0.062
32,2015,mpnet,biobert,25,100,0.08199999999999999
32,2015,mpnet,biobert,50,100,0.0904
32,2015,mpnet,simcse,10,100,0.087
32,2015,mpnet,simcse,25,100,0.1048
32,2015,mpnet,simcse,50,100,0.1198
32,2015,minilm,pubmedbert,10,100,0.06
32,2015,minilm,pubmedbert,25,100,0.0768
32,2015,minilm,pubmedbert,50,100,0.0834
32,2015,minilm,biobert,10,100,0.077
32,2015,minilm,biobert,25,100,0.08439999999999999
32,2015,minilm,biobert,50,100,0.09720000000000001
32,2015,minilm,simcse,10,100,0.099
32,2015,minilm,simcse,25,100,0.11599999999999999
32,2015,minilm,simcse,50,100,0.12960000000000002
32,2015,pubmedbert,biobert,10,100,0.312
32,2015,pubmedbert,biobert,25,100,0.34119999999999995
32,2015,pubmedbert,biobert,50,100,0.36939999999999995
32,2015,pubmedbert,simcse,10,100,0.08199999999999999
32,2015,pubmedbert,simcse,25,100,0.11
32,2015,pubmedbert,simcse,50,100,0.12119999999999999
32,2015,biobert,simcse,10,100,0.10300000000000001
32,2015,biobert,simcse,25,100,0.1204
32,2015,biobert,simcse,50,100,0.1334
32,2020,specter,specter2,10,100,0.22000000000000003
32,2020,specter,specter2,25,100,0.2596
32,2020,specter,specter2,50,100,0.2734
32,2020,specter,scincl,10,100,0.28700000000000003
32,2020,specter,scincl,25,100,0.3156
32,2020,specter,scincl,50,100,0.3186
32,2020,specter,scibert,10,100,0.056999999999999995
32,2020,specter,scibert,25,100,0.0784
32,2020,specter,scibert,50,100,0.0824
32,2020,specter,bert,10,100,0.064
32,2020,specter,bert,25,100,0.07200000000000001
32,2020,specter,bert,50,100,0.0828
32,2020,specter,mpnet,10,100,0.259
32,2020,specter,mpnet,25,100,0.28600000000000003
32,2020,specter,mpnet,50,100,0.2898
32,2020,specter,minilm,10,100,0.24100000000000002
32,2020,specter,minilm,25,100,0.26280000000000003
32,2020,specter,minilm,50,100,0.2726
32,2020,specter,pubmedbert,10,100,0.046
32,2020,specter,pubmedbert,25,100,0.0596
32,2020,specter,pubmedbert,50,100,0.07440000000000001
32,2020,specter,biobert,10,100,0.048
32,2020,specter,biobert,25,100,0.0632
32,2020,specter,biobert,50,100,0.07780000000000001
32,2020,specter,simcse,10,100,0.064
32,2020,specter,simcse,25,100,0.0716
32,2020,specter,simcse,50,100,0.0864
32,2020,specter2,scincl,10,100,0.28300000000000003
32,2020,specter2,scincl,25,100,0.3208
32,2020,specter2,scincl,50,100,0.3328
32,2020,specter2,scibert,10,100,0.08399999999999999
32,2020,specter2,scibert,25,100,0.08960000000000001
32,2020,specter2,scibert,50,100,0.1002
32,2020,specter2,bert,10,100,0.076
32,2020,specter2,bert,25,100,0.0828
32,2020,specter2,bert,50,100,0.08380000000000001
32,2020,specter2,mpnet,10,100,0.274
32,2020,specter2,mpnet,25,100,0.3184
32,2020,specter2,mpnet,50,100,0.3286
32,2020,specter2,minilm,10,100,0.259
32,2020,specter2,minilm,25,100,0.2804
32,2020,specter2,minilm,50,100,0.28600000000000003
32,2020,specter2,pubmedbert,10,100,0.059
32,2020,specter2,pubmedbert,25,100,0.0652
32,2020,specter2,pubmedbert,50,100,0.0782
32,2020,specter2,biobert,10,100,0.057999999999999996
32,2020,specter2,biobert,25,100,0.0776
32,2020,specter2,biobert,50,100,0.09
32,2020,specter2,simcse,10,100,0.067
32,2020,specter2,simcse,25,100,0.0764
32,2020,specter2,simcse,50,100,0.08779999999999999
32,2020,scincl,scibert,10,100,0.06
32,2020,scincl,scibert,25,100,0.0712
32,2020,scincl,scibert,50,100,0.0802
32,2020,scincl,bert,10,100,0.06899999999999999
32,2020,scincl,bert,25,100,0.0724
32,2020,scincl,bert,50,100,0.0784
32,2020,scincl,mpnet,10,100,0.304
32,2020,scincl,mpnet,25,100,0.34240000000000004
32,2020,scincl,mpnet,50,100,0.3628
32,2020,scincl,minilm,10,100,0.27999999999999997
32,2020,scincl,minilm,25,100,0.2984
32,2020,scincl,minilm,50,100,0.3222
32,2020,scincl,pubmedbert,10,100,0.053000000000000005
32,2020,scincl,pubmedbert,25,100,0.0508
32,2020,scincl,pubmedbert,50,100,0.0666
32,2020,scincl,biobert,10,100,0.046
32,2020,scincl,biobert,25,100,0.06280000000000001
32,2020,scincl,biobert,50,100,0.076
32,2020,scincl,simcse,10,100,0.065
32,2020,scincl,simcse,25,100,0.0748
32,2020,scincl,simcse,50,100,0.085
32,2020,scibert,bert,10,100,0.205
32,2020,scibert,bert,25,100,0.2208
32,2020,scibert,bert,50,100,0.2366
32,2020,scibert,mpnet,10,100,0.067
32,2020,scibert,mpnet,25,100,0.0784
32,2020,scibert,mpnet,50,100,0.08800000000000001
32,2020,scibert,minilm,10,100,0.06999999999999999
32,2020,scibert,minilm,25,100,0.078
32,2020,scibert,minilm,50,100,0.096
32,2020,scibert,pubmedbert,10,100,0.331
32,2020,scibert,pubmedbert,25,100,0.3472
32,2020,scibert,pubmedbert,50,100,0.379
32,2020,scibert,biobert,10,100,0.288
32,2020,scibert,biobert,25,100,0.32439999999999997
32,2020,scibert,biobert,50,100,0.349
32,2020,scibert,simcse,10,100,0.099
32,2020,scibert,simcse,25,100,0.11
32,2020,scibert,simcse,50,100,0.1242
32,2020,bert,mpnet,10,100,0.075
32,2020,bert,mpnet,25,100,0.094
32,2020,bert,mpnet,50,100,0.1018
32,2020,bert,minilm,10,100,0.088
32,2020,bert,minilm,25,100,0.0956
32,2020,bert,minilm,50,100,0.10679999999999999
32,2020,bert,pubmedbert,10,100,0.188
32,2020,bert,pubmedbert,25,100,0.196
32,2020,bert,pubmedbert,50,100,0.20579999999999998
32,2020,bert,biobert,10,100,0.20099999999999998
32,2020,bert,biobert,25,100,0.2256
32,2020,bert,biobert,50,100,0.2494
32,2020,bert,simcse,10,100,0.18
32,2020,bert,simcse,25,100,0.196
32,2020,bert,simcse,50,100,0.21960000000000002
32,2020,mpnet,minilm,10,100,0.395
32,2020,mpnet,minilm,25,100,0.4424
32,2020,mpnet,minilm,50,100,0.4628
32,2020,mpnet,pubmedbert,10,100,0.05500000000000001
32,2020,mpnet,pubmedbert,25,100,0.064
32,2020,mpnet,pubmedbert,50,100,0.08380000000000001
32,2020,mpnet,biobert,10,100,0.059
32,2020,mpnet,biobert,25,100,0.0776
32,2020,mpnet,biobert,50,100,0.09119999999999999
32,2020,mpnet,simcse,10,100,0.08
32,2020,mpnet,simcse,25,100,0.09480000000000001
32,2020,mpnet,simcse,50,100,0.10400000000000001
32,2020,minilm,pubmedbert,10,100,0.054000000000000006
32,2020,minilm,pubmedbert,25,100,0.0616
32,2020,minilm,pubmedbert,50,100,0.0832
32,2020,minilm,biobert,10,100,0.057999999999999996
32,2020,minilm,biobert,25,100,0.0776
32,2020,minilm,biobert,50,100,0.0942
32,2020,minilm,simcse,10,100,0.094
32,2020,minilm,simcse,25,100,0.11
32,2020,minilm,simcse,50,100,0.1198
32,2020,pubmedbert,biobert,10,100,0.309
32,2020,pubmedbert,biobert,25,100,0.33159999999999995
32,2020,pubmedbert,biobert,50,100,0.36460000000000004
32,2020,pubmedbert,simcse,10,100,0.08199999999999999
32,2020,pubmedbert,simcse,25,100,0.09880000000000001
32,2020,pubmedbert,simcse,50,100,0.1104
32,2020,biobert,simcse,10,100,0.091
32,2020,biobert,simcse,25,100,0.1112
32,2020,biobert,simcse,50,100,0.1308
33,2000,specter,specter2,10,100,0.179
33,2000,specter,specter2,25,100,0.1784
33,2000,specter,specter2,50,100,0.17620000000000002
33,2000,specter,scincl,10,100,0.229
33,2000,specter,scincl,25,100,0.24480000000000002
33,2000,specter,scincl,50,100,0.25579999999999997
33,2000,specter,scibert,10,100,0.043
33,2000,specter,scibert,25,100,0.0528
33,2000,specter,scibert,50,100,0.06
33,2000,specter,bert,10,100,0.043
33,2000,specter,bert,25,100,0.0556
33,2000,specter,bert,50,100,0.0622
33,2000,specter,mpnet,10,100,0.186
33,2000,specter,mpnet,25,100,0.2048
33,2000,specter,mpnet,50,100,0.222
33,2000,specter,minilm,10,100,0.173
33,2000,specter,minilm,25,100,0.19440000000000002
33,2000,specter,minilm,50,100,0.2046
33,2000,specter,pubmedbert,10,100,0.043
33,2000,specter,pubmedbert,25,100,0.046799999999999994
33,2000,specter,pubmedbert,50,100,0.0552
33,2000,specter,biobert,10,100,0.041999999999999996
33,2000,specter,biobert,25,100,0.0464
33,2000,specter,biobert,50,100,0.0562
33,2000,specter,simcse,10,100,0.063
33,2000,specter,simcse,25,100,0.0692
33,2000,specter,simcse,50,100,0.0746
33,2000,specter2,scincl,10,100,0.22999999999999998
33,2000,specter2,scincl,25,100,0.23879999999999998
33,2000,specter2,scincl,50,100,0.2458
33,2000,specter2,scibert,10,100,0.047
33,2000,specter2,scibert,25,100,0.064
33,2000,specter2,scibert,50,100,0.0756
33,2000,specter2,bert,10,100,0.062
33,2000,specter2,bert,25,100,0.068
33,2000,specter2,bert,50,100,0.0764
33,2000,specter2,mpnet,10,100,0.248
33,2000,specter2,mpnet,25,100,0.2608
33,2000,specter2,mpnet,50,100,0.272
33,2000,specter2,minilm,10,100,0.22799999999999998
33,2000,specter2,minilm,25,100,0.2452
33,2000,specter2,minilm,50,100,0.25379999999999997
33,2000,specter2,pubmedbert,10,100,0.04
33,2000,specter2,pubmedbert,25,100,0.0432
33,2000,specter2,pubmedbert,50,100,0.053
33,2000,specter2,biobert,10,100,0.044
33,2000,specter2,biobert,25,100,0.0528
33,2000,specter2,biobert,50,100,0.062
33,2000,specter2,simcse,10,100,0.076
33,2000,specter2,simcse,25,100,0.08039999999999999
33,2000,specter2,simcse,50,100,0.0928
33,2000,scincl,scibert,10,100,0.043
33,2000,scincl,scibert,25,100,0.0528
33,2000,scincl,scibert,50,100,0.0634
33,2000,scincl,bert,10,100,0.041999999999999996
33,2000,scincl,bert,25,100,0.0552
33,2000,scincl,bert,50,100,0.0666
33,2000,scincl,mpnet,10,100,0.255
33,2000,scincl,mpnet,25,100,0.2724
33,2000,scincl,mpnet,50,100,0.2808
33,2000,scincl,minilm,10,100,0.22599999999999998
33,2000,scincl,minilm,25,100,0.2452
33,2000,scincl,minilm,50,100,0.25079999999999997
33,2000,scincl,pubmedbert,10,100,0.033
33,2000,scincl,pubmedbert,25,100,0.048799999999999996
33,2000,scincl,pubmedbert,50,100,0.052000000000000005
33,2000,scincl,biobert,10,100,0.038
33,2000,scincl,biobert,25,100,0.0492
33,2000,scincl,biobert,50,100,0.053
33,2000,scincl,simcse,10,100,0.06999999999999999
33,2000,scincl,simcse,25,100,0.08199999999999999
33,2000,scincl,simcse,50,100,0.086
33,2000,scibert,bert,10,100,0.18
33,2000,scibert,bert,25,100,0.2032
33,2000,scibert,bert,50,100,0.22920000000000001
33,2000,scibert,mpnet,10,100,0.041999999999999996
33,2000,scibert,mpnet,25,100,0.062
33,2000,scibert,mpnet,50,100,0.075
33,2000,scibert,minilm,10,100,0.046
33,2000,scibert,minilm,25,100,0.0632
33,2000,scibert,minilm,50,100,0.0794
33,2000,scibert,pubmedbert,10,100,0.265
33,2000,scibert,pubmedbert,25,100,0.2896
33,2000,scibert,pubmedbert,50,100,0.3124
33,2000,scibert,biobert,10,100,0.244
33,2000,scibert,biobert,25,100,0.266
33,2000,scibert,biobert,50,100,0.2842
33,2000,scibert,simcse,10,100,0.08
33,2000,scibert,simcse,25,100,0.1076
33,2000,scibert,simcse,50,100,0.1292
33,2000,bert,mpnet,10,100,0.078
33,2000,bert,mpnet,25,100,0.0944
33,2000,bert,mpnet,50,100,0.115
33,2000,bert,minilm,10,100,0.08499999999999999
33,2000,bert,minilm,25,100,0.09359999999999999
33,2000,bert,minilm,50,100,0.11019999999999999
33,2000,bert,pubmedbert,10,100,0.151
33,2000,bert,pubmedbert,25,100,0.19079999999999997
33,2000,bert,pubmedbert,50,100,0.21059999999999998
33,2000,bert,biobert,10,100,0.19
33,2000,bert,biobert,25,100,0.20600000000000002
33,2000,bert,biobert,50,100,0.22940000000000002
33,2000,bert,simcse,10,100,0.179
33,2000,bert,simcse,25,100,0.22440000000000002
33,2000,bert,simcse,50,100,0.245
33,2000,mpnet,minilm,10,100,0.391
33,2000,mpnet,minilm,25,100,0.4264
33,2000,mpnet,minilm,50,100,0.43420000000000003
33,2000,mpnet,pubmedbert,10,100,0.034999999999999996
33,2000,mpnet,pubmedbert,25,100,0.054000000000000006
33,2000,mpnet,pubmedbert,50,100,0.064
33,2000,mpnet,biobert,10,100,0.041999999999999996
33,2000,mpnet,biobert,25,100,0.054000000000000006
33,2000,mpnet,biobert,50,100,0.0708
33,2000,mpnet,simcse,10,100,0.097
33,2000,mpnet,simcse,25,100,0.11
33,2000,mpnet,simcse,50,100,0.12
33,2000,minilm,pubmedbert,10,100,0.045
33,2000,minilm,pubmedbert,25,100,0.0552
33,2000,minilm,pubmedbert,50,100,0.06860000000000001
33,2000,minilm,biobert,10,100,0.052000000000000005
33,2000,minilm,biobert,25,100,0.0564
33,2000,minilm,biobert,50,100,0.0696
33,2000,minilm,simcse,10,100,0.10400000000000001
33,2000,minilm,simcse,25,100,0.10880000000000001
33,2000,minilm,simcse,50,100,0.127
33,2000,pubmedbert,biobert,10,100,0.25
33,2000,pubmedbert,biobert,25,100,0.284
33,2000,pubmedbert,biobert,50,100,0.308
33,2000,pubmedbert,simcse,10,100,0.073
33,2000,pubmedbert,simcse,25,100,0.092
33,2000,pubmedbert,simcse,50,100,0.11779999999999999
33,2000,biobert,simcse,10,100,0.08299999999999999
33,2000,biobert,simcse,25,100,0.10039999999999999
33,2000,biobert,simcse,50,100,0.1168
33,2005,specter,specter2,10,100,0.172
33,2005,specter,specter2,25,100,0.18600000000000003
33,2005,specter,specter2,50,100,0.192
33,2005,specter,scincl,10,100,0.236
33,2005,specter,scincl,25,100,0.2688
33,2005,specter,scincl,50,100,0.2804
33,2005,specter,scibert,10,100,0.046
33,2005,specter,scibert,25,100,0.06
33,2005,specter,scibert,50,100,0.0696
33,2005,specter,bert,10,100,0.05
33,2005,specter,bert,25,100,0.0588
33,2005,specter,bert,50,100,0.0682
33,2005,specter,mpnet,10,100,0.193
33,2005,specter,mpnet,25,100,0.21960000000000002
33,2005,specter,mpnet,50,100,0.231
33,2005,specter,minilm,10,100,0.18
33,2005,specter,minilm,25,100,0.2096
33,2005,specter,minilm,50,100,0.21739999999999998
33,2005,specter,pubmedbert,10,100,0.044
33,2005,specter,pubmedbert,25,100,0.05
33,2005,specter,pubmedbert,50,100,0.0594
33,2005,specter,biobert,10,100,0.040999999999999995
33,2005,specter,biobert,25,100,0.0492
33,2005,specter,biobert,50,100,0.0596
33,2005,specter,simcse,10,100,0.064
33,2005,specter,simcse,25,100,0.0712
33,2005,specter,simcse,50,100,0.081
33,2005,specter2,scincl,10,100,0.213
33,2005,specter2,scincl,25,100,0.24239999999999998
33,2005,specter2,scincl,50,100,0.26239999999999997
33,2005,specter2,scibert,10,100,0.066
33,2005,specter2,scibert,25,100,0.0784
33,2005,specter2,scibert,50,100,0.0926
33,2005,specter2,bert,10,100,0.059
33,2005,specter2,bert,25,100,0.0768
33,2005,specter2,bert,50,100,0.0862
33,2005,specter2,mpnet,10,100,0.24100000000000002
33,2005,specter2,mpnet,25,100,0.2728
33,2005,specter2,mpnet,50,100,0.285
33,2005,specter2,minilm,10,100,0.213
33,2005,specter2,minilm,25,100,0.244
33,2005,specter2,minilm,50,100,0.2502
33,2005,specter2,pubmedbert,10,100,0.061
33,2005,specter2,pubmedbert,25,100,0.0672
33,2005,specter2,pubmedbert,50,100,0.0738
33,2005,specter2,biobert,10,100,0.064
33,2005,specter2,biobert,25,100,0.0604
33,2005,specter2,biobert,50,100,0.0712
33,2005,specter2,simcse,10,100,0.076
33,2005,specter2,simcse,25,100,0.08839999999999999
33,2005,specter2,simcse,50,100,0.0998
33,2005,scincl,scibert,10,100,0.056999999999999995
33,2005,scincl,scibert,25,100,0.066
33,2005,scincl,scibert,50,100,0.07780000000000001
33,2005,scincl,bert,10,100,0.049
33,2005,scincl,bert,25,100,0.0672
33,2005,scincl,bert,50,100,0.07719999999999999
33,2005,scincl,mpnet,10,100,0.233
33,2005,scincl,mpnet,25,100,0.2692
33,2005,scincl,mpnet,50,100,0.2874
33,2005,scincl,minilm,10,100,0.23199999999999998
33,2005,scincl,minilm,25,100,0.26239999999999997
33,2005,scincl,minilm,50,100,0.2754
33,2005,scincl,pubmedbert,10,100,0.044
33,2005,scincl,pubmedbert,25,100,0.0516
33,2005,scincl,pubmedbert,50,100,0.063
33,2005,scincl,biobert,10,100,0.04
33,2005,scincl,biobert,25,100,0.0496
33,2005,scincl,biobert,50,100,0.058600000000000006
33,2005,scincl,simcse,10,100,0.075
33,2005,scincl,simcse,25,100,0.084
33,2005,scincl,simcse,50,100,0.0958
33,2005,scibert,bert,10,100,0.20299999999999999
33,2005,scibert,bert,25,100,0.22640000000000002
33,2005,scibert,bert,50,100,0.2386
33,2005,scibert,mpnet,10,100,0.05600000000000001
33,2005,scibert,mpnet,25,100,0.07
33,2005,scibert,mpnet,50,100,0.08460000000000001
33,2005,scibert,minilm,10,100,0.067
33,2005,scibert,minilm,25,100,0.07440000000000001
33,2005,scibert,minilm,50,100,0.0922
33,2005,scibert,pubmedbert,10,100,0.282
33,2005,scibert,pubmedbert,25,100,0.3132
33,2005,scibert,pubmedbert,50,100,0.34380000000000005
33,2005,scibert,biobert,10,100,0.257
33,2005,scibert,biobert,25,100,0.2848
33,2005,scibert,biobert,50,100,0.3106
33,2005,scibert,simcse,10,100,0.10700000000000001
33,2005,scibert,simcse,25,100,0.124
33,2005,scibert,simcse,50,100,0.134
33,2005,bert,mpnet,10,100,0.075
33,2005,bert,mpnet,25,100,0.10039999999999999
33,2005,bert,mpnet,50,100,0.10400000000000001
33,2005,bert,minilm,10,100,0.08499999999999999
33,2005,bert,minilm,25,100,0.1024
33,2005,bert,minilm,50,100,0.10619999999999999
33,2005,bert,pubmedbert,10,100,0.187
33,2005,bert,pubmedbert,25,100,0.21
33,2005,bert,pubmedbert,50,100,0.2378
33,2005,bert,biobert,10,100,0.215
33,2005,bert,biobert,25,100,0.24280000000000002
33,2005,bert,biobert,50,100,0.25780000000000003
33,2005,bert,simcse,10,100,0.182
33,2005,bert,simcse,25,100,0.20879999999999999
33,2005,bert,simcse,50,100,0.2354
33,2005,mpnet,minilm,10,100,0.394
33,2005,mpnet,minilm,25,100,0.43560000000000004
33,2005,mpnet,minilm,50,100,0.4518
33,2005,mpnet,pubmedbert,10,100,0.057999999999999996
33,2005,mpnet,pubmedbert,25,100,0.0608
33,2005,mpnet,pubmedbert,50,100,0.071
33,2005,mpnet,biobert,10,100,0.048
33,2005,mpnet,biobert,25,100,0.0592
33,2005,mpnet,biobert,50,100,0.073
33,2005,mpnet,simcse,10,100,0.092
33,2005,mpnet,simcse,25,100,0.114
33,2005,mpnet,simcse,50,100,0.12480000000000001
33,2005,minilm,pubmedbert,10,100,0.064
33,2005,minilm,pubmedbert,25,100,0.0712
33,2005,minilm,pubmedbert,50,100,0.0776
33,2005,minilm,biobert,10,100,0.05600000000000001
33,2005,minilm,biobert,25,100,0.0704
33,2005,minilm,biobert,50,100,0.0784
33,2005,minilm,simcse,10,100,0.11699999999999999
33,2005,minilm,simcse,25,100,0.1264
33,2005,minilm,simcse,50,100,0.1332
33,2005,pubmedbert,biobert,10,100,0.29
33,2005,pubmedbert,biobert,25,100,0.32159999999999994
33,2005,pubmedbert,biobert,50,100,0.3458
33,2005,pubmedbert,simcse,10,100,0.092
33,2005,pubmedbert,simcse,25,100,0.09960000000000001
33,2005,pubmedbert,simcse,50,100,0.11779999999999999
33,2005,biobert,simcse,10,100,0.10300000000000001
33,2005,biobert,simcse,25,100,0.1108
33,2005,biobert,simcse,50,100,0.1266
33,2010,specter,specter2,10,100,0.151
33,2010,specter,specter2,25,100,0.18280000000000002
33,2010,specter,specter2,50,100,0.1918
33,2010,specter,scincl,10,100,0.24
33,2010,specter,scincl,25,100,0.2804
33,2010,specter,scincl,50,100,0.2852
33,2010,specter,scibert,10,100,0.047
33,2010,specter,scibert,25,100,0.062
33,2010,specter,scibert,50,100,0.0746
33,2010,specter,bert,10,100,0.048
33,2010,specter,bert,25,100,0.068
33,2010,specter,bert,50,100,0.07200000000000001
33,2010,specter,mpnet,10,100,0.193
33,2010,specter,mpnet,25,100,0.22440000000000002
33,2010,specter,mpnet,50,100,0.2366
33,2010,specter,minilm,10,100,0.16999999999999998
33,2010,specter,minilm,25,100,0.1984
33,2010,specter,minilm,50,100,0.2082
33,2010,specter,pubmedbert,10,100,0.048
33,2010,specter,pubmedbert,25,100,0.055999999999999994
33,2010,specter,pubmedbert,50,100,0.060599999999999994
33,2010,specter,biobert,10,100,0.037
33,2010,specter,biobert,25,100,0.0508
33,2010,specter,biobert,50,100,0.0596
33,2010,specter,simcse,10,100,0.047
33,2010,specter,simcse,25,100,0.068
33,2010,specter,simcse,50,100,0.0842
33,2010,specter2,scincl,10,100,0.22999999999999998
33,2010,specter2,scincl,25,100,0.2612
33,2010,specter2,scincl,50,100,0.2782
33,2010,specter2,scibert,10,100,0.06
33,2010,specter2,scibert,25,100,0.0756
33,2010,specter2,scibert,50,100,0.0882
33,2010,specter2,bert,10,100,0.056999999999999995
33,2010,specter2,bert,25,100,0.0784
33,2010,specter2,bert,50,100,0.0882
33,2010,specter2,mpnet,10,100,0.262
33,2010,specter2,mpnet,25,100,0.282
33,2010,specter2,mpnet,50,100,0.2904
33,2010,specter2,minilm,10,100,0.22000000000000003
33,2010,specter2,minilm,25,100,0.2484
33,2010,specter2,minilm,50,100,0.2516
33,2010,specter2,pubmedbert,10,100,0.05
33,2010,specter2,pubmedbert,25,100,0.062400000000000004
33,2010,specter2,pubmedbert,50,100,0.07139999999999999
33,2010,specter2,biobert,10,100,0.043
33,2010,specter2,biobert,25,100,0.0604
33,2010,specter2,biobert,50,100,0.0718
33,2010,specter2,simcse,10,100,0.067
33,2010,specter2,simcse,25,100,0.084
33,2010,specter2,simcse,50,100,0.096
33,2010,scincl,scibert,10,100,0.053000000000000005
33,2010,scincl,scibert,25,100,0.062
33,2010,scincl,scibert,50,100,0.0732
33,2010,scincl,bert,10,100,0.05500000000000001
33,2010,scincl,bert,25,100,0.0664
33,2010,scincl,bert,50,100,0.0742
33,2010,scincl,mpnet,10,100,0.23399999999999999
33,2010,scincl,mpnet,25,100,0.2784
33,2010,scincl,mpnet,50,100,0.2888
33,2010,scincl,minilm,10,100,0.219
33,2010,scincl,minilm,25,100,0.2596
33,2010,scincl,minilm,50,100,0.2642
33,2010,scincl,pubmedbert,10,100,0.040999999999999995
33,2010,scincl,pubmedbert,25,100,0.05
33,2010,scincl,pubmedbert,50,100,0.061399999999999996
33,2010,scincl,biobert,10,100,0.040999999999999995
33,2010,scincl,biobert,25,100,0.053200000000000004
33,2010,scincl,biobert,50,100,0.0592
33,2010,scincl,simcse,10,100,0.06
33,2010,scincl,simcse,25,100,0.07400000000000001
33,2010,scincl,simcse,50,100,0.0898
33,2010,scibert,bert,10,100,0.207
33,2010,scibert,bert,25,100,0.22760000000000002
33,2010,scibert,bert,50,100,0.26
33,2010,scibert,mpnet,10,100,0.067
33,2010,scibert,mpnet,25,100,0.0668
33,2010,scibert,mpnet,50,100,0.0834
33,2010,scibert,minilm,10,100,0.068
33,2010,scibert,minilm,25,100,0.07440000000000001
33,2010,scibert,minilm,50,100,0.0882
33,2010,scibert,pubmedbert,10,100,0.296
33,2010,scibert,pubmedbert,25,100,0.3256
33,2010,scibert,pubmedbert,50,100,0.3452
33,2010,scibert,biobert,10,100,0.252
33,2010,scibert,biobert,25,100,0.282
33,2010,scibert,biobert,50,100,0.3268
33,2010,scibert,simcse,10,100,0.092
33,2010,scibert,simcse,25,100,0.11199999999999999
33,2010,scibert,simcse,50,100,0.1328
33,2010,bert,mpnet,10,100,0.08
33,2010,bert,mpnet,25,100,0.1008
33,2010,bert,mpnet,50,100,0.1114
33,2010,bert,minilm,10,100,0.08
33,2010,bert,minilm,25,100,0.1036
33,2010,bert,minilm,50,100,0.11199999999999999
33,2010,bert,pubmedbert,10,100,0.20400000000000001
33,2010,bert,pubmedbert,25,100,0.22640000000000002
33,2010,bert,pubmedbert,50,100,0.2426
33,2010,bert,biobert,10,100,0.21800000000000003
33,2010,bert,biobert,25,100,0.2492
33,2010,bert,biobert,50,100,0.2618
33,2010,bert,simcse,10,100,0.20299999999999999
33,2010,bert,simcse,25,100,0.2144
33,2010,bert,simcse,50,100,0.24559999999999998
33,2010,mpnet,minilm,10,100,0.40199999999999997
33,2010,mpnet,minilm,25,100,0.42840000000000006
33,2010,mpnet,minilm,50,100,0.4242
33,2010,mpnet,pubmedbert,10,100,0.054000000000000006
33,2010,mpnet,pubmedbert,25,100,0.06559999999999999
33,2010,mpnet,pubmedbert,50,100,0.0684
33,2010,mpnet,biobert,10,100,0.051000000000000004
33,2010,mpnet,biobert,25,100,0.066
33,2010,mpnet,biobert,50,100,0.0736
33,2010,mpnet,simcse,10,100,0.092
33,2010,mpnet,simcse,25,100,0.10439999999999999
33,2010,mpnet,simcse,50,100,0.12480000000000001
33,2010,minilm,pubmedbert,10,100,0.053000000000000005
33,2010,minilm,pubmedbert,25,100,0.0592
33,2010,minilm,pubmedbert,50,100,0.06860000000000001
33,2010,minilm,biobert,10,100,0.053000000000000005
33,2010,minilm,biobert,25,100,0.0672
33,2010,minilm,biobert,50,100,0.07519999999999999
33,2010,minilm,simcse,10,100,0.095
33,2010,minilm,simcse,25,100,0.1176
33,2010,minilm,simcse,50,100,0.131
33,2010,pubmedbert,biobert,10,100,0.262
33,2010,pubmedbert,biobert,25,100,0.31679999999999997
33,2010,pubmedbert,biobert,50,100,0.3508
33,2010,pubmedbert,simcse,10,100,0.081
33,2010,pubmedbert,simcse,25,100,0.0984
33,2010,pubmedbert,simcse,50,100,0.1186
33,2010,biobert,simcse,10,100,0.091
33,2010,biobert,simcse,25,100,0.1108
33,2010,biobert,simcse,50,100,0.124
33,2015,specter,specter2,10,100,0.191
33,2015,specter,specter2,25,100,0.20120000000000002
33,2015,specter,specter2,50,100,0.2052
33,2015,specter,scincl,10,100,0.26
33,2015,specter,scincl,25,100,0.2664
33,2015,specter,scincl,50,100,0.2838
33,2015,specter,scibert,10,100,0.05500000000000001
33,2015,specter,scibert,25,100,0.0604
33,2015,specter,scibert,50,100,0.0706
33,2015,specter,bert,10,100,0.054000000000000006
33,2015,specter,bert,25,100,0.057999999999999996
33,2015,specter,bert,50,100,0.0664
33,2015,specter,mpnet,10,100,0.207
33,2015,specter,mpnet,25,100,0.212
33,2015,specter,mpnet,50,100,0.22460000000000002
33,2015,specter,minilm,10,100,0.17099999999999999
33,2015,specter,minilm,25,100,0.1924
33,2015,specter,minilm,50,100,0.20579999999999998
33,2015,specter,pubmedbert,10,100,0.049
33,2015,specter,pubmedbert,25,100,0.0528
33,2015,specter,pubmedbert,50,100,0.066
33,2015,specter,biobert,10,100,0.052000000000000005
33,2015,specter,biobert,25,100,0.0536
33,2015,specter,biobert,50,100,0.056600000000000004
33,2015,specter,simcse,10,100,0.068
33,2015,specter,simcse,25,100,0.0776
33,2015,specter,simcse,50,100,0.08460000000000001
33,2015,specter2,scincl,10,100,0.253
33,2015,specter2,scincl,25,100,0.25239999999999996
33,2015,specter2,scincl,50,100,0.2688
33,2015,specter2,scibert,10,100,0.067
33,2015,specter2,scibert,25,100,0.08439999999999999
33,2015,specter2,scibert,50,100,0.0904
33,2015,specter2,bert,10,100,0.063
33,2015,specter2,bert,25,100,0.0824
33,2015,specter2,bert,50,100,0.0872
33,2015,specter2,mpnet,10,100,0.256
33,2015,specter2,mpnet,25,100,0.2656
33,2015,specter2,mpnet,50,100,0.28059999999999996
33,2015,specter2,minilm,10,100,0.22200000000000003
33,2015,specter2,minilm,25,100,0.24
33,2015,specter2,minilm,50,100,0.2528
33,2015,specter2,pubmedbert,10,100,0.064
33,2015,specter2,pubmedbert,25,100,0.07440000000000001
33,2015,specter2,pubmedbert,50,100,0.0872
33,2015,specter2,biobert,10,100,0.061
33,2015,specter2,biobert,25,100,0.0728
33,2015,specter2,biobert,50,100,0.07780000000000001
33,2015,specter2,simcse,10,100,0.075
33,2015,specter2,simcse,25,100,0.08439999999999999
33,2015,specter2,simcse,50,100,0.09960000000000001
33,2015,scincl,scibert,10,100,0.063
33,2015,scincl,scibert,25,100,0.06280000000000001
33,2015,scincl,scibert,50,100,0.0746
33,2015,scincl,bert,10,100,0.062
33,2015,scincl,bert,25,100,0.061200000000000004
33,2015,scincl,bert,50,100,0.075
33,2015,scincl,mpnet,10,100,0.259
33,2015,scincl,mpnet,25,100,0.2584
33,2015,scincl,mpnet,50,100,0.2912
33,2015,scincl,minilm,10,100,0.23399999999999999
33,2015,scincl,minilm,25,100,0.2516
33,2015,scincl,minilm,50,100,0.267
33,2015,scincl,pubmedbert,10,100,0.047
33,2015,scincl,pubmedbert,25,100,0.0516
33,2015,scincl,pubmedbert,50,100,0.0652
33,2015,scincl,biobert,10,100,0.05500000000000001
33,2015,scincl,biobert,25,100,0.046
33,2015,scincl,biobert,50,100,0.0576
33,2015,scincl,simcse,10,100,0.068
33,2015,scincl,simcse,25,100,0.0836
33,2015,scincl,simcse,50,100,0.0978
33,2015,scibert,bert,10,100,0.20099999999999998
33,2015,scibert,bert,25,100,0.2184
33,2015,scibert,bert,50,100,0.2554
33,2015,scibert,mpnet,10,100,0.071
33,2015,scibert,mpnet,25,100,0.0708
33,2015,scibert,mpnet,50,100,0.0816
33,2015,scibert,minilm,10,100,0.063
33,2015,scibert,minilm,25,100,0.07
33,2015,scibert,minilm,50,100,0.0862
33,2015,scibert,pubmedbert,10,100,0.26
33,2015,scibert,pubmedbert,25,100,0.3016
33,2015,scibert,pubmedbert,50,100,0.3406
33,2015,scibert,biobert,10,100,0.254
33,2015,scibert,biobert,25,100,0.2792
33,2015,scibert,biobert,50,100,0.3068
33,2015,scibert,simcse,10,100,0.099
33,2015,scibert,simcse,25,100,0.11960000000000001
33,2015,scibert,simcse,50,100,0.145
33,2015,bert,mpnet,10,100,0.079
33,2015,bert,mpnet,25,100,0.0916
33,2015,bert,mpnet,50,100,0.1096
33,2015,bert,minilm,10,100,0.081
33,2015,bert,minilm,25,100,0.0904
33,2015,bert,minilm,50,100,0.11380000000000001
33,2015,bert,pubmedbert,10,100,0.161
33,2015,bert,pubmedbert,25,100,0.2108
33,2015,bert,pubmedbert,50,100,0.24359999999999998
33,2015,bert,biobert,10,100,0.194
33,2015,bert,biobert,25,100,0.21600000000000003
33,2015,bert,biobert,50,100,0.25079999999999997
33,2015,bert,simcse,10,100,0.202
33,2015,bert,simcse,25,100,0.218
33,2015,bert,simcse,50,100,0.24760000000000001
33,2015,mpnet,minilm,10,100,0.386
33,2015,mpnet,minilm,25,100,0.41840000000000005
33,2015,mpnet,minilm,50,100,0.45439999999999997
33,2015,mpnet,pubmedbert,10,100,0.068
33,2015,mpnet,pubmedbert,25,100,0.07
33,2015,mpnet,pubmedbert,50,100,0.083
33,2015,mpnet,biobert,10,100,0.062
33,2015,mpnet,biobert,25,100,0.0724
33,2015,mpnet,biobert,50,100,0.0802
33,2015,mpnet,simcse,10,100,0.097
33,2015,mpnet,simcse,25,100,0.11359999999999999
33,2015,mpnet,simcse,50,100,0.1338
33,2015,minilm,pubmedbert,10,100,0.05600000000000001
33,2015,minilm,pubmedbert,25,100,0.0684
33,2015,minilm,pubmedbert,50,100,0.0834
33,2015,minilm,biobert,10,100,0.063
33,2015,minilm,biobert,25,100,0.0748
33,2015,minilm,biobert,50,100,0.084
33,2015,minilm,simcse,10,100,0.096
33,2015,minilm,simcse,25,100,0.1252
33,2015,minilm,simcse,50,100,0.1448
33,2015,pubmedbert,biobert,10,100,0.251
33,2015,pubmedbert,biobert,25,100,0.2844
33,2015,pubmedbert,biobert,50,100,0.3188
33,2015,pubmedbert,simcse,10,100,0.093
33,2015,pubmedbert,simcse,25,100,0.11320000000000001
33,2015,pubmedbert,simcse,50,100,0.1328
33,2015,biobert,simcse,10,100,0.095
33,2015,biobert,simcse,25,100,0.10880000000000001
33,2015,biobert,simcse,50,100,0.1306
33,2020,specter,specter2,10,100,0.173
33,2020,specter,specter2,25,100,0.18719999999999998
33,2020,specter,specter2,50,100,0.20679999999999998
33,2020,specter,scincl,10,100,0.24
33,2020,specter,scincl,25,100,0.2704
33,2020,specter,scincl,50,100,0.284
33,2020,specter,scibert,10,100,0.05600000000000001
33,2020,specter,scibert,25,100,0.0704
33,2020,specter,scibert,50,100,0.0768
33,2020,specter,bert,10,100,0.049
33,2020,specter,bert,25,100,0.0588
33,2020,specter,bert,50,100,0.0754
33,2020,specter,mpnet,10,100,0.20299999999999999
33,2020,specter,mpnet,25,100,0.2212
33,2020,specter,mpnet,50,100,0.237
33,2020,specter,minilm,10,100,0.185
33,2020,specter,minilm,25,100,0.204
33,2020,specter,minilm,50,100,0.21420000000000003
33,2020,specter,pubmedbert,10,100,0.037
33,2020,specter,pubmedbert,25,100,0.0508
33,2020,specter,pubmedbert,50,100,0.0596
33,2020,specter,biobert,10,100,0.046
33,2020,specter,biobert,25,100,0.056799999999999996
33,2020,specter,biobert,50,100,0.067
33,2020,specter,simcse,10,100,0.06999999999999999
33,2020,specter,simcse,25,100,0.0808
33,2020,specter,simcse,50,100,0.0916
33,2020,specter2,scincl,10,100,0.213
33,2020,specter2,scincl,25,100,0.2416
33,2020,specter2,scincl,50,100,0.2554
33,2020,specter2,scibert,10,100,0.077
33,2020,specter2,scibert,25,100,0.0872
33,2020,specter2,scibert,50,100,0.0998
33,2020,specter2,bert,10,100,0.059
33,2020,specter2,bert,25,100,0.08
33,2020,specter2,bert,50,100,0.0992
33,2020,specter2,mpnet,10,100,0.236
33,2020,specter2,mpnet,25,100,0.2632
33,2020,specter2,mpnet,50,100,0.2846
33,2020,specter2,minilm,10,100,0.21600000000000003
33,2020,specter2,minilm,25,100,0.254
33,2020,specter2,minilm,50,100,0.2686
33,2020,specter2,pubmedbert,10,100,0.049
33,2020,specter2,pubmedbert,25,100,0.061200000000000004
33,2020,specter2,pubmedbert,50,100,0.0776
33,2020,specter2,biobert,10,100,0.057999999999999996
33,2020,specter2,biobert,25,100,0.0672
33,2020,specter2,biobert,50,100,0.0832
33,2020,specter2,simcse,10,100,0.089
33,2020,specter2,simcse,25,100,0.0916
33,2020,specter2,simcse,50,100,0.10400000000000001
33,2020,scincl,scibert,10,100,0.05500000000000001
33,2020,scincl,scibert,25,100,0.0652
33,2020,scincl,scibert,50,100,0.0722
33,2020,scincl,bert,10,100,0.053000000000000005
33,2020,scincl,bert,25,100,0.053200000000000004
33,2020,scincl,bert,50,100,0.0668
33,2020,scincl,mpnet,10,100,0.221
33,2020,scincl,mpnet,25,100,0.24359999999999998
33,2020,scincl,mpnet,50,100,0.2638
33,2020,scincl,minilm,10,100,0.229
33,2020,scincl,minilm,25,100,0.2396
33,2020,scincl,minilm,50,100,0.2536
33,2020,scincl,pubmedbert,10,100,0.034
33,2020,scincl,pubmedbert,25,100,0.0384
33,2020,scincl,pubmedbert,50,100,0.052199999999999996
33,2020,scincl,biobert,10,100,0.039
33,2020,scincl,biobert,25,100,0.0508
33,2020,scincl,biobert,50,100,0.0558
33,2020,scincl,simcse,10,100,0.064
33,2020,scincl,simcse,25,100,0.08800000000000001
33,2020,scincl,simcse,50,100,0.0944
33,2020,scibert,bert,10,100,0.22799999999999998
33,2020,scibert,bert,25,100,0.23559999999999998
33,2020,scibert,bert,50,100,0.266
33,2020,scibert,mpnet,10,100,0.064
33,2020,scibert,mpnet,25,100,0.0824
33,2020,scibert,mpnet,50,100,0.0942
33,2020,scibert,minilm,10,100,0.068
33,2020,scibert,minilm,25,100,0.08439999999999999
33,2020,scibert,minilm,50,100,0.10339999999999999
33,2020,scibert,pubmedbert,10,100,0.271
33,2020,scibert,pubmedbert,25,100,0.3128
33,2020,scibert,pubmedbert,50,100,0.3602
33,2020,scibert,biobert,10,100,0.286
33,2020,scibert,biobert,25,100,0.3188
33,2020,scibert,biobert,50,100,0.33380000000000004
33,2020,scibert,simcse,10,100,0.093
33,2020,scibert,simcse,25,100,0.11560000000000001
33,2020,scibert,simcse,50,100,0.1446
33,2020,bert,mpnet,10,100,0.078
33,2020,bert,mpnet,25,100,0.09720000000000001
33,2020,bert,mpnet,50,100,0.11720000000000001
33,2020,bert,minilm,10,100,0.09
33,2020,bert,minilm,25,100,0.1012
33,2020,bert,minilm,50,100,0.1232
33,2020,bert,pubmedbert,10,100,0.183
33,2020,bert,pubmedbert,25,100,0.22760000000000002
33,2020,bert,pubmedbert,50,100,0.255
33,2020,bert,biobert,10,100,0.202
33,2020,bert,biobert,25,100,0.24
33,2020,bert,biobert,50,100,0.2728
33,2020,bert,simcse,10,100,0.188
33,2020,bert,simcse,25,100,0.2236
33,2020,bert,simcse,50,100,0.2468
33,2020,mpnet,minilm,10,100,0.41100000000000003
33,2020,mpnet,minilm,25,100,0.42119999999999996
33,2020,mpnet,minilm,50,100,0.42619999999999997
33,2020,mpnet,pubmedbert,10,100,0.054000000000000006
33,2020,mpnet,pubmedbert,25,100,0.062
33,2020,mpnet,pubmedbert,50,100,0.0756
33,2020,mpnet,biobert,10,100,0.065
33,2020,mpnet,biobert,25,100,0.07440000000000001
33,2020,mpnet,biobert,50,100,0.0864
33,2020,mpnet,simcse,10,100,0.10900000000000001
33,2020,mpnet,simcse,25,100,0.13119999999999998
33,2020,mpnet,simcse,50,100,0.1366
33,2020,minilm,pubmedbert,10,100,0.054000000000000006
33,2020,minilm,pubmedbert,25,100,0.0672
33,2020,minilm,pubmedbert,50,100,0.085
33,2020,minilm,biobert,10,100,0.064
33,2020,minilm,biobert,25,100,0.08
33,2020,minilm,biobert,50,100,0.09480000000000001
33,2020,minilm,simcse,10,100,0.10800000000000001
33,2020,minilm,simcse,25,100,0.1356
33,2020,minilm,simcse,50,100,0.14679999999999999
33,2020,pubmedbert,biobert,10,100,0.266
33,2020,pubmedbert,biobert,25,100,0.314
33,2020,pubmedbert,biobert,50,100,0.3594
33,2020,pubmedbert,simcse,10,100,0.081
33,2020,pubmedbert,simcse,25,100,0.10800000000000001
33,2020,pubmedbert,simcse,50,100,0.13019999999999998
33,2020,biobert,simcse,10,100,0.08299999999999999
33,2020,biobert,simcse,25,100,0.1176
33,2020,biobert,simcse,50,100,0.1448
34,2000,specter,specter2,10,100,0.24300000000000002
34,2000,specter,specter2,25,100,0.2304
34,2000,specter,specter2,50,100,0.2328
34,2000,specter,scincl,10,100,0.314
34,2000,specter,scincl,25,100,0.3212
34,2000,specter,scincl,50,100,0.3346
34,2000,specter,scibert,10,100,0.119
34,2000,specter,scibert,25,100,0.136
34,2000,specter,scibert,50,100,0.1438
34,2000,specter,bert,10,100,0.08199999999999999
34,2000,specter,bert,25,100,0.0888
34,2000,specter,bert,50,100,0.0898
34,2000,specter,mpnet,10,100,0.279
34,2000,specter,mpnet,25,100,0.2824
34,2000,specter,mpnet,50,100,0.2988
34,2000,specter,minilm,10,100,0.24500000000000002
34,2000,specter,minilm,25,100,0.24280000000000002
34,2000,specter,minilm,50,100,0.2568
34,2000,specter,pubmedbert,10,100,0.099
34,2000,specter,pubmedbert,25,100,0.11320000000000001
34,2000,specter,pubmedbert,50,100,0.1264
34,2000,specter,biobert,10,100,0.127
34,2000,specter,biobert,25,100,0.13
34,2000,specter,biobert,50,100,0.141
34,2000,specter,simcse,10,100,0.073
34,2000,specter,simcse,25,100,0.0704
34,2000,specter,simcse,50,100,0.0776
34,2000,specter2,scincl,10,100,0.29100000000000004
34,2000,specter2,scincl,25,100,0.2868
34,2000,specter2,scincl,50,100,0.2872
34,2000,specter2,scibert,10,100,0.08299999999999999
34,2000,specter2,scibert,25,100,0.0904
34,2000,specter2,scibert,50,100,0.0974
34,2000,specter2,bert,10,100,0.05600000000000001
34,2000,specter2,bert,25,100,0.055999999999999994
34,2000,specter2,bert,50,100,0.0596
34,2000,specter2,mpnet,10,100,0.28700000000000003
34,2000,specter2,mpnet,25,100,0.2812
34,2000,specter2,mpnet,50,100,0.2846
34,2000,specter2,minilm,10,100,0.256
34,2000,specter2,minilm,25,100,0.23600000000000002
34,2000,specter2,minilm,50,100,0.23260000000000003
34,2000,specter2,pubmedbert,10,100,0.066
34,2000,specter2,pubmedbert,25,100,0.0776
34,2000,specter2,pubmedbert,50,100,0.0842
34,2000,specter2,biobert,10,100,0.08299999999999999
34,2000,specter2,biobert,25,100,0.09119999999999999
34,2000,specter2,biobert,50,100,0.094
34,2000,specter2,simcse,10,100,0.048
34,2000,specter2,simcse,25,100,0.0548
34,2000,specter2,simcse,50,100,0.0548
34,2000,scincl,scibert,10,100,0.09
34,2000,scincl,scibert,25,100,0.11359999999999999
34,2000,scincl,scibert,50,100,0.1226
34,2000,scincl,bert,10,100,0.065
34,2000,scincl,bert,25,100,0.0764
34,2000,scincl,bert,50,100,0.0782
34,2000,scincl,mpnet,10,100,0.344
34,2000,scincl,mpnet,25,100,0.36119999999999997
34,2000,scincl,mpnet,50,100,0.37
34,2000,scincl,minilm,10,100,0.306
34,2000,scincl,minilm,25,100,0.30760000000000004
34,2000,scincl,minilm,50,100,0.3016
34,2000,scincl,pubmedbert,10,100,0.087
34,2000,scincl,pubmedbert,25,100,0.09720000000000001
34,2000,scincl,pubmedbert,50,100,0.10679999999999999
34,2000,scincl,biobert,10,100,0.1
34,2000,scincl,biobert,25,100,0.1164
34,2000,scincl,biobert,50,100,0.1258
34,2000,scincl,simcse,10,100,0.065
34,2000,scincl,simcse,25,100,0.0668
34,2000,scincl,simcse,50,100,0.0678
34,2000,scibert,bert,10,100,0.181
34,2000,scibert,bert,25,100,0.2028
34,2000,scibert,bert,50,100,0.2192
34,2000,scibert,mpnet,10,100,0.077
34,2000,scibert,mpnet,25,100,0.0872
34,2000,scibert,mpnet,50,100,0.1038
34,2000,scibert,minilm,10,100,0.077
34,2000,scibert,minilm,25,100,0.0892
34,2000,scibert,minilm,50,100,0.1012
34,2000,scibert,pubmedbert,10,100,0.348
34,2000,scibert,pubmedbert,25,100,0.36920000000000003
34,2000,scibert,pubmedbert,50,100,0.3892
34,2000,scibert,biobert,10,100,0.316
34,2000,scibert,biobert,25,100,0.3528
34,2000,scibert,biobert,50,100,0.3766
34,2000,scibert,simcse,10,100,0.093
34,2000,scibert,simcse,25,100,0.102
34,2000,scibert,simcse,50,100,0.114
34,2000,bert,mpnet,10,100,0.068
34,2000,bert,mpnet,25,100,0.07400000000000001
34,2000,bert,mpnet,50,100,0.0852
34,2000,bert,minilm,10,100,0.06899999999999999
34,2000,bert,minilm,25,100,0.0836
34,2000,bert,minilm,50,100,0.096
34,2000,bert,pubmedbert,10,100,0.181
34,2000,bert,pubmedbert,25,100,0.1796
34,2000,bert,pubmedbert,50,100,0.19820000000000002
34,2000,bert,biobert,10,100,0.175
34,2000,bert,biobert,25,100,0.2064
34,2000,bert,biobert,50,100,0.2318
34,2000,bert,simcse,10,100,0.156
34,2000,bert,simcse,25,100,0.1748
34,2000,bert,simcse,50,100,0.1912
34,2000,mpnet,minilm,10,100,0.429
34,2000,mpnet,minilm,25,100,0.4448
34,2000,mpnet,minilm,50,100,0.44060000000000005
34,2000,mpnet,pubmedbert,10,100,0.08199999999999999
34,2000,mpnet,pubmedbert,25,100,0.0836
34,2000,mpnet,pubmedbert,50,100,0.095
34,2000,mpnet,biobert,10,100,0.097
34,2000,mpnet,biobert,25,100,0.1024
34,2000,mpnet,biobert,50,100,0.1202
34,2000,mpnet,simcse,10,100,0.072
34,2000,mpnet,simcse,25,100,0.07719999999999999
34,2000,mpnet,simcse,50,100,0.0776
34,2000,minilm,pubmedbert,10,100,0.06999999999999999
34,2000,minilm,pubmedbert,25,100,0.07919999999999999
34,2000,minilm,pubmedbert,50,100,0.095
34,2000,minilm,biobert,10,100,0.08499999999999999
34,2000,minilm,biobert,25,100,0.1016
34,2000,minilm,biobert,50,100,0.1188
34,2000,minilm,simcse,10,100,0.074
34,2000,minilm,simcse,25,100,0.0748
34,2000,minilm,simcse,50,100,0.08380000000000001
34,2000,pubmedbert,biobert,10,100,0.335
34,2000,pubmedbert,biobert,25,100,0.3664
34,2000,pubmedbert,biobert,50,100,0.392
34,2000,pubmedbert,simcse,10,100,0.092
34,2000,pubmedbert,simcse,25,100,0.0968
34,2000,pubmedbert,simcse,50,100,0.1014
34,2000,biobert,simcse,10,100,0.1
34,2000,biobert,simcse,25,100,0.1092
34,2000,biobert,simcse,50,100,0.11720000000000001
34,2005,specter,specter2,10,100,0.252
34,2005,specter,specter2,25,100,0.2488
34,2005,specter,specter2,50,100,0.25420000000000004
34,2005,specter,scincl,10,100,0.33599999999999997
34,2005,specter,scincl,25,100,0.33880000000000005
34,2005,specter,scincl,50,100,0.3538
34,2005,specter,scibert,10,100,0.11200000000000002
34,2005,specter,scibert,25,100,0.142
34,2005,specter,scibert,50,100,0.1452
34,2005,specter,bert,10,100,0.073
34,2005,specter,bert,25,100,0.0916
34,2005,specter,bert,50,100,0.09380000000000001
34,2005,specter,mpnet,10,100,0.28700000000000003
34,2005,specter,mpnet,25,100,0.29719999999999996
34,2005,specter,mpnet,50,100,0.3096
34,2005,specter,minilm,10,100,0.248
34,2005,specter,minilm,25,100,0.2576
34,2005,specter,minilm,50,100,0.2568
34,2005,specter,pubmedbert,10,100,0.10800000000000001
34,2005,specter,pubmedbert,25,100,0.1244
34,2005,specter,pubmedbert,50,100,0.1286
34,2005,specter,biobert,10,100,0.11299999999999999
34,2005,specter,biobert,25,100,0.1264
34,2005,specter,biobert,50,100,0.136
34,2005,specter,simcse,10,100,0.068
34,2005,specter,simcse,25,100,0.07519999999999999
34,2005,specter,simcse,50,100,0.0762
34,2005,specter2,scincl,10,100,0.296
34,2005,specter2,scincl,25,100,0.30920000000000003
34,2005,specter2,scincl,50,100,0.315
34,2005,specter2,scibert,10,100,0.08499999999999999
34,2005,specter2,scibert,25,100,0.10800000000000001
34,2005,specter2,scibert,50,100,0.1148
34,2005,specter2,bert,10,100,0.064
34,2005,specter2,bert,25,100,0.0724
34,2005,specter2,bert,50,100,0.07400000000000001
34,2005,specter2,mpnet,10,100,0.309
34,2005,specter2,mpnet,25,100,0.294
34,2005,specter2,mpnet,50,100,0.2888
34,2005,specter2,minilm,10,100,0.253
34,2005,specter2,minilm,25,100,0.266
34,2005,specter2,minilm,50,100,0.253
34,2005,specter2,pubmedbert,10,100,0.071
34,2005,specter2,pubmedbert,25,100,0.086
34,2005,specter2,pubmedbert,50,100,0.0928
34,2005,specter2,biobert,10,100,0.087
34,2005,specter2,biobert,25,100,0.096
34,2005,specter2,biobert,50,100,0.1018
34,2005,specter2,simcse,10,100,0.057999999999999996
34,2005,specter2,simcse,25,100,0.061200000000000004
34,2005,specter2,simcse,50,100,0.061799999999999994
34,2005,scincl,scibert,10,100,0.098
34,2005,scincl,scibert,25,100,0.1244
34,2005,scincl,scibert,50,100,0.12960000000000002
34,2005,scincl,bert,10,100,0.079
34,2005,scincl,bert,25,100,0.0812
34,2005,scincl,bert,50,100,0.08900000000000001
34,2005,scincl,mpnet,10,100,0.354
34,2005,scincl,mpnet,25,100,0.36119999999999997
34,2005,scincl,mpnet,50,100,0.374
34,2005,scincl,minilm,10,100,0.321
34,2005,scincl,minilm,25,100,0.314
34,2005,scincl,minilm,50,100,0.3178
34,2005,scincl,pubmedbert,10,100,0.087
34,2005,scincl,pubmedbert,25,100,0.10039999999999999
34,2005,scincl,pubmedbert,50,100,0.11199999999999999
34,2005,scincl,biobert,10,100,0.11100000000000002
34,2005,scincl,biobert,25,100,0.10679999999999999
34,2005,scincl,biobert,50,100,0.1204
34,2005,scincl,simcse,10,100,0.06899999999999999
34,2005,scincl,simcse,25,100,0.0708
34,2005,scincl,simcse,50,100,0.0742
34,2005,scibert,bert,10,100,0.221
34,2005,scibert,bert,25,100,0.254
34,2005,scibert,bert,50,100,0.26539999999999997
34,2005,scibert,mpnet,10,100,0.099
34,2005,scibert,mpnet,25,100,0.11
34,2005,scibert,mpnet,50,100,0.114
34,2005,scibert,minilm,10,100,0.088
34,2005,scibert,minilm,25,100,0.10800000000000001
34,2005,scibert,minilm,50,100,0.1096
34,2005,scibert,pubmedbert,10,100,0.376
34,2005,scibert,pubmedbert,25,100,0.396
34,2005,scibert,pubmedbert,50,100,0.4228
34,2005,scibert,biobert,10,100,0.359
34,2005,scibert,biobert,25,100,0.39
34,2005,scibert,biobert,50,100,0.39659999999999995
34,2005,scibert,simcse,10,100,0.096
34,2005,scibert,simcse,25,100,0.12240000000000001
34,2005,scibert,simcse,50,100,0.1324
34,2005,bert,mpnet,10,100,0.086
34,2005,bert,mpnet,25,100,0.0872
34,2005,bert,mpnet,50,100,0.0862
34,2005,bert,minilm,10,100,0.08399999999999999
34,2005,bert,minilm,25,100,0.09519999999999999
34,2005,bert,minilm,50,100,0.0946
34,2005,bert,pubmedbert,10,100,0.195
34,2005,bert,pubmedbert,25,100,0.228
34,2005,bert,pubmedbert,50,100,0.2458
34,2005,bert,biobert,10,100,0.23199999999999998
34,2005,bert,biobert,25,100,0.2532
34,2005,bert,biobert,50,100,0.2646
34,2005,bert,simcse,10,100,0.16299999999999998
34,2005,bert,simcse,25,100,0.18600000000000003
34,2005,bert,simcse,50,100,0.20379999999999998
34,2005,mpnet,minilm,10,100,0.44699999999999995
34,2005,mpnet,minilm,25,100,0.4656
34,2005,mpnet,minilm,50,100,0.46399999999999997
34,2005,mpnet,pubmedbert,10,100,0.1
34,2005,mpnet,pubmedbert,25,100,0.09960000000000001
34,2005,mpnet,pubmedbert,50,100,0.10779999999999999
34,2005,mpnet,biobert,10,100,0.11000000000000001
34,2005,mpnet,biobert,25,100,0.1124
34,2005,mpnet,biobert,50,100,0.11800000000000001
34,2005,mpnet,simcse,10,100,0.068
34,2005,mpnet,simcse,25,100,0.0652
34,2005,mpnet,simcse,50,100,0.07200000000000001
34,2005,minilm,pubmedbert,10,100,0.089
34,2005,minilm,pubmedbert,25,100,0.0964
34,2005,minilm,pubmedbert,50,100,0.10099999999999999
34,2005,minilm,biobert,10,100,0.099
34,2005,minilm,biobert,25,100,0.1096
34,2005,minilm,biobert,50,100,0.1144
34,2005,minilm,simcse,10,100,0.08
34,2005,minilm,simcse,25,100,0.0816
34,2005,minilm,simcse,50,100,0.0882
34,2005,pubmedbert,biobert,10,100,0.381
34,2005,pubmedbert,biobert,25,100,0.396
34,2005,pubmedbert,biobert,50,100,0.4022
34,2005,pubmedbert,simcse,10,100,0.10300000000000001
34,2005,pubmedbert,simcse,25,100,0.1096
34,2005,pubmedbert,simcse,50,100,0.1208
34,2005,biobert,simcse,10,100,0.1
34,2005,biobert,simcse,25,100,0.122
34,2005,biobert,simcse,50,100,0.12359999999999999
34,2010,specter,specter2,10,100,0.273
34,2010,specter,specter2,25,100,0.276
34,2010,specter,specter2,50,100,0.2666
34,2010,specter,scincl,10,100,0.339
34,2010,specter,scincl,25,100,0.3508
34,2010,specter,scincl,50,100,0.3604
34,2010,specter,scibert,10,100,0.10300000000000001
34,2010,specter,scibert,25,100,0.1144
34,2010,specter,scibert,50,100,0.1346
34,2010,specter,bert,10,100,0.06999999999999999
34,2010,specter,bert,25,100,0.07519999999999999
34,2010,specter,bert,50,100,0.0866
34,2010,specter,mpnet,10,100,0.32
34,2010,specter,mpnet,25,100,0.3196
34,2010,specter,mpnet,50,100,0.3182
34,2010,specter,minilm,10,100,0.279
34,2010,specter,minilm,25,100,0.2796
34,2010,specter,minilm,50,100,0.28
34,2010,specter,pubmedbert,10,100,0.1
34,2010,specter,pubmedbert,25,100,0.1092
34,2010,specter,pubmedbert,50,100,0.11939999999999999
34,2010,specter,biobert,10,100,0.12
34,2010,specter,biobert,25,100,0.1232
34,2010,specter,biobert,50,100,0.1328
34,2010,specter,simcse,10,100,0.059
34,2010,specter,simcse,25,100,0.0668
34,2010,specter,simcse,50,100,0.0732
34,2010,specter2,scincl,10,100,0.317
34,2010,specter2,scincl,25,100,0.31120000000000003
34,2010,specter2,scincl,50,100,0.3084
34,2010,specter2,scibert,10,100,0.077
34,2010,specter2,scibert,25,100,0.09119999999999999
34,2010,specter2,scibert,50,100,0.102
34,2010,specter2,bert,10,100,0.056999999999999995
34,2010,specter2,bert,25,100,0.0592
34,2010,specter2,bert,50,100,0.0646
34,2010,specter2,mpnet,10,100,0.304
34,2010,specter2,mpnet,25,100,0.29960000000000003
34,2010,specter2,mpnet,50,100,0.2924
34,2010,specter2,minilm,10,100,0.255
34,2010,specter2,minilm,25,100,0.25120000000000003
34,2010,specter2,minilm,50,100,0.24739999999999998
34,2010,specter2,pubmedbert,10,100,0.079
34,2010,specter2,pubmedbert,25,100,0.0888
34,2010,specter2,pubmedbert,50,100,0.0932
34,2010,specter2,biobert,10,100,0.088
34,2010,specter2,biobert,25,100,0.0924
34,2010,specter2,biobert,50,100,0.09480000000000001
34,2010,specter2,simcse,10,100,0.059
34,2010,specter2,simcse,25,100,0.055999999999999994
34,2010,specter2,simcse,50,100,0.0592
34,2010,scincl,scibert,10,100,0.092
34,2010,scincl,scibert,25,100,0.098
34,2010,scincl,scibert,50,100,0.11259999999999999
34,2010,scincl,bert,10,100,0.05600000000000001
34,2010,scincl,bert,25,100,0.0664
34,2010,scincl,bert,50,100,0.0758
34,2010,scincl,mpnet,10,100,0.40499999999999997
34,2010,scincl,mpnet,25,100,0.38159999999999994
34,2010,scincl,mpnet,50,100,0.3848
34,2010,scincl,minilm,10,100,0.335
34,2010,scincl,minilm,25,100,0.32880000000000004
34,2010,scincl,minilm,50,100,0.32420000000000004
34,2010,scincl,pubmedbert,10,100,0.08399999999999999
34,2010,scincl,pubmedbert,25,100,0.0928
34,2010,scincl,pubmedbert,50,100,0.0974
34,2010,scincl,biobert,10,100,0.092
34,2010,scincl,biobert,25,100,0.1012
34,2010,scincl,biobert,50,100,0.1092
34,2010,scincl,simcse,10,100,0.059
34,2010,scincl,simcse,25,100,0.0616
34,2010,scincl,simcse,50,100,0.0692
34,2010,scibert,bert,10,100,0.173
34,2010,scibert,bert,25,100,0.2084
34,2010,scibert,bert,50,100,0.228
34,2010,scibert,mpnet,10,100,0.081
34,2010,scibert,mpnet,25,100,0.07719999999999999
34,2010,scibert,mpnet,50,100,0.094
34,2010,scibert,minilm,10,100,0.074
34,2010,scibert,minilm,25,100,0.084
34,2010,scibert,minilm,50,100,0.0894
34,2010,scibert,pubmedbert,10,100,0.325
34,2010,scibert,pubmedbert,25,100,0.364
34,2010,scibert,pubmedbert,50,100,0.375
34,2010,scibert,biobert,10,100,0.33199999999999996
34,2010,scibert,biobert,25,100,0.36719999999999997
34,2010,scibert,biobert,50,100,0.38020000000000004
34,2010,scibert,simcse,10,100,0.087
34,2010,scibert,simcse,25,100,0.0916
34,2010,scibert,simcse,50,100,0.10880000000000001
34,2010,bert,mpnet,10,100,0.059
34,2010,bert,mpnet,25,100,0.0632
34,2010,bert,mpnet,50,100,0.0738
34,2010,bert,minilm,10,100,0.057999999999999996
34,2010,bert,minilm,25,100,0.068
34,2010,bert,minilm,50,100,0.0754
34,2010,bert,pubmedbert,10,100,0.16699999999999998
34,2010,bert,pubmedbert,25,100,0.1852
34,2010,bert,pubmedbert,50,100,0.1956
34,2010,bert,biobert,10,100,0.188
34,2010,bert,biobert,25,100,0.21719999999999998
34,2010,bert,biobert,50,100,0.23440000000000003
34,2010,bert,simcse,10,100,0.144
34,2010,bert,simcse,25,100,0.16519999999999999
34,2010,bert,simcse,50,100,0.17800000000000002
34,2010,mpnet,minilm,10,100,0.45999999999999996
34,2010,mpnet,minilm,25,100,0.46159999999999995
34,2010,mpnet,minilm,50,100,0.4598
34,2010,mpnet,pubmedbert,10,100,0.08399999999999999
34,2010,mpnet,pubmedbert,25,100,0.0868
34,2010,mpnet,pubmedbert,50,100,0.09119999999999999
34,2010,mpnet,biobert,10,100,0.093
34,2010,mpnet,biobert,25,100,0.0904
34,2010,mpnet,biobert,50,100,0.1008
34,2010,mpnet,simcse,10,100,0.056999999999999995
34,2010,mpnet,simcse,25,100,0.0616
34,2010,mpnet,simcse,50,100,0.0684
34,2010,minilm,pubmedbert,10,100,0.088
34,2010,minilm,pubmedbert,25,100,0.0832
34,2010,minilm,pubmedbert,50,100,0.0828
34,2010,minilm,biobert,10,100,0.091
34,2010,minilm,biobert,25,100,0.0876
34,2010,minilm,biobert,50,100,0.096
34,2010,minilm,simcse,10,100,0.065
34,2010,minilm,simcse,25,100,0.0696
34,2010,minilm,simcse,50,100,0.08220000000000001
34,2010,pubmedbert,biobert,10,100,0.353
34,2010,pubmedbert,biobert,25,100,0.3764
34,2010,pubmedbert,biobert,50,100,0.3834
34,2010,pubmedbert,simcse,10,100,0.087
34,2010,pubmedbert,simcse,25,100,0.0872
34,2010,pubmedbert,simcse,50,100,0.09179999999999999
34,2010,biobert,simcse,10,100,0.087
34,2010,biobert,simcse,25,100,0.09119999999999999
34,2010,biobert,simcse,50,100,0.10619999999999999
34,2015,specter,specter2,10,100,0.269
34,2015,specter,specter2,25,100,0.2848
34,2015,specter,specter2,50,100,0.2904
34,2015,specter,scincl,10,100,0.369
34,2015,specter,scincl,25,100,0.3876
34,2015,specter,scincl,50,100,0.402
34,2015,specter,scibert,10,100,0.127
34,2015,specter,scibert,25,100,0.1352
34,2015,specter,scibert,50,100,0.1586
34,2015,specter,bert,10,100,0.098
34,2015,specter,bert,25,100,0.1048
34,2015,specter,bert,50,100,0.11460000000000001
34,2015,specter,mpnet,10,100,0.348
34,2015,specter,mpnet,25,100,0.3396
34,2015,specter,mpnet,50,100,0.3532
34,2015,specter,minilm,10,100,0.282
34,2015,specter,minilm,25,100,0.298
34,2015,specter,minilm,50,100,0.3084
34,2015,specter,pubmedbert,10,100,0.11299999999999999
34,2015,specter,pubmedbert,25,100,0.12359999999999999
34,2015,specter,pubmedbert,50,100,0.13699999999999998
34,2015,specter,biobert,10,100,0.134
34,2015,specter,biobert,25,100,0.138
34,2015,specter,biobert,50,100,0.14859999999999998
34,2015,specter,simcse,10,100,0.101
34,2015,specter,simcse,25,100,0.1016
34,2015,specter,simcse,50,100,0.10220000000000001
34,2015,specter2,scincl,10,100,0.33399999999999996
34,2015,specter2,scincl,25,100,0.3408
34,2015,specter2,scincl,50,100,0.3358
34,2015,specter2,scibert,10,100,0.1
34,2015,specter2,scibert,25,100,0.1232
34,2015,specter2,scibert,50,100,0.1266
34,2015,specter2,bert,10,100,0.09
34,2015,specter2,bert,25,100,0.0868
34,2015,specter2,bert,50,100,0.0876
34,2015,specter2,mpnet,10,100,0.343
34,2015,specter2,mpnet,25,100,0.326
34,2015,specter2,mpnet,50,100,0.3208
34,2015,specter2,minilm,10,100,0.29700000000000004
34,2015,specter2,minilm,25,100,0.28800000000000003
34,2015,specter2,minilm,50,100,0.2768
34,2015,specter2,pubmedbert,10,100,0.087
34,2015,specter2,pubmedbert,25,100,0.10679999999999999
34,2015,specter2,pubmedbert,50,100,0.1108
34,2015,specter2,biobert,10,100,0.10600000000000001
34,2015,specter2,biobert,25,100,0.11599999999999999
34,2015,specter2,biobert,50,100,0.12279999999999999
34,2015,specter2,simcse,10,100,0.066
34,2015,specter2,simcse,25,100,0.07440000000000001
34,2015,specter2,simcse,50,100,0.0728
34,2015,scincl,scibert,10,100,0.11200000000000002
34,2015,scincl,scibert,25,100,0.1308
34,2015,scincl,scibert,50,100,0.1378
34,2015,scincl,bert,10,100,0.098
34,2015,scincl,bert,25,100,0.098
34,2015,scincl,bert,50,100,0.1042
34,2015,scincl,mpnet,10,100,0.43499999999999994
34,2015,scincl,mpnet,25,100,0.4288
34,2015,scincl,mpnet,50,100,0.42219999999999996
34,2015,scincl,minilm,10,100,0.372
34,2015,scincl,minilm,25,100,0.366
34,2015,scincl,minilm,50,100,0.35979999999999995
34,2015,scincl,pubmedbert,10,100,0.10600000000000001
34,2015,scincl,pubmedbert,25,100,0.11199999999999999
34,2015,scincl,pubmedbert,50,100,0.121
34,2015,scincl,biobert,10,100,0.126
34,2015,scincl,biobert,25,100,0.1264
34,2015,scincl,biobert,50,100,0.134
34,2015,scincl,simcse,10,100,0.08299999999999999
34,2015,scincl,simcse,25,100,0.0908
34,2015,scincl,simcse,50,100,0.0916
34,2015,scibert,bert,10,100,0.19
34,2015,scibert,bert,25,100,0.21960000000000002
34,2015,scibert,bert,50,100,0.23
34,2015,scibert,mpnet,10,100,0.09
34,2015,scibert,mpnet,25,100,0.1108
34,2015,scibert,mpnet,50,100,0.1252
34,2015,scibert,minilm,10,100,0.09
34,2015,scibert,minilm,25,100,0.106
34,2015,scibert,minilm,50,100,0.1114
34,2015,scibert,pubmedbert,10,100,0.375
34,2015,scibert,pubmedbert,25,100,0.4044
34,2015,scibert,pubmedbert,50,100,0.4104
34,2015,scibert,biobert,10,100,0.376
34,2015,scibert,biobert,25,100,0.3912
34,2015,scibert,biobert,50,100,0.40399999999999997
34,2015,scibert,simcse,10,100,0.095
34,2015,scibert,simcse,25,100,0.1192
34,2015,scibert,simcse,50,100,0.12539999999999998
34,2015,bert,mpnet,10,100,0.099
34,2015,bert,mpnet,25,100,0.09720000000000001
34,2015,bert,mpnet,50,100,0.1106
34,2015,bert,minilm,10,100,0.093
34,2015,bert,minilm,25,100,0.09720000000000001
34,2015,bert,minilm,50,100,0.10039999999999999
34,2015,bert,pubmedbert,10,100,0.176
34,2015,bert,pubmedbert,25,100,0.19519999999999998
34,2015,bert,pubmedbert,50,100,0.20559999999999998
34,2015,bert,biobert,10,100,0.219
34,2015,bert,biobert,25,100,0.23399999999999999
34,2015,bert,biobert,50,100,0.247
34,2015,bert,simcse,10,100,0.173
34,2015,bert,simcse,25,100,0.20079999999999998
34,2015,bert,simcse,50,100,0.20980000000000001
34,2015,mpnet,minilm,10,100,0.506
34,2015,mpnet,minilm,25,100,0.5072
34,2015,mpnet,minilm,50,100,0.49520000000000003
34,2015,mpnet,pubmedbert,10,100,0.11000000000000001
34,2015,mpnet,pubmedbert,25,100,0.1112
34,2015,mpnet,pubmedbert,50,100,0.1174
34,2015,mpnet,biobert,10,100,0.11499999999999999
34,2015,mpnet,biobert,25,100,0.12279999999999999
34,2015,mpnet,biobert,50,100,0.1316
34,2015,mpnet,simcse,10,100,0.08199999999999999
34,2015,mpnet,simcse,25,100,0.0924
34,2015,mpnet,simcse,50,100,0.09820000000000001
34,2015,minilm,pubmedbert,10,100,0.096
34,2015,minilm,pubmedbert,25,100,0.10679999999999999
34,2015,minilm,pubmedbert,50,100,0.1096
34,2015,minilm,biobert,10,100,0.10700000000000001
34,2015,minilm,biobert,25,100,0.1176
34,2015,minilm,biobert,50,100,0.12300000000000001
34,2015,minilm,simcse,10,100,0.078
34,2015,minilm,simcse,25,100,0.0984
34,2015,minilm,simcse,50,100,0.10279999999999999
34,2015,pubmedbert,biobert,10,100,0.384
34,2015,pubmedbert,biobert,25,100,0.38880000000000003
34,2015,pubmedbert,biobert,50,100,0.4046
34,2015,pubmedbert,simcse,10,100,0.095
34,2015,pubmedbert,simcse,25,100,0.1108
34,2015,pubmedbert,simcse,50,100,0.11539999999999999
34,2015,biobert,simcse,10,100,0.10600000000000001
34,2015,biobert,simcse,25,100,0.124
34,2015,biobert,simcse,50,100,0.1284
34,2020,specter,specter2,10,100,0.242
34,2020,specter,specter2,25,100,0.25239999999999996
34,2020,specter,specter2,50,100,0.2482
34,2020,specter,scincl,10,100,0.33599999999999997
34,2020,specter,scincl,25,100,0.34600000000000003
34,2020,specter,scincl,50,100,0.353
34,2020,specter,scibert,10,100,0.098
34,2020,specter,scibert,25,100,0.1188
34,2020,specter,scibert,50,100,0.12359999999999999
34,2020,specter,bert,10,100,0.074
34,2020,specter,bert,25,100,0.092
34,2020,specter,bert,50,100,0.0998
34,2020,specter,mpnet,10,100,0.301
34,2020,specter,mpnet,25,100,0.31679999999999997
34,2020,specter,mpnet,50,100,0.3104
34,2020,specter,minilm,10,100,0.24300000000000002
34,2020,specter,minilm,25,100,0.2656
34,2020,specter,minilm,50,100,0.2728
34,2020,specter,pubmedbert,10,100,0.10400000000000001
34,2020,specter,pubmedbert,25,100,0.1092
34,2020,specter,pubmedbert,50,100,0.11019999999999999
34,2020,specter,biobert,10,100,0.10900000000000001
34,2020,specter,biobert,25,100,0.12560000000000002
34,2020,specter,biobert,50,100,0.133
34,2020,specter,simcse,10,100,0.05600000000000001
34,2020,specter,simcse,25,100,0.0728
34,2020,specter,simcse,50,100,0.0812
34,2020,specter2,scincl,10,100,0.29900000000000004
34,2020,specter2,scincl,25,100,0.29760000000000003
34,2020,specter2,scincl,50,100,0.308
34,2020,specter2,scibert,10,100,0.093
34,2020,specter2,scibert,25,100,0.1016
34,2020,specter2,scibert,50,100,0.1056
34,2020,specter2,bert,10,100,0.064
34,2020,specter2,bert,25,100,0.0696
34,2020,specter2,bert,50,100,0.07139999999999999
34,2020,specter2,mpnet,10,100,0.309
34,2020,specter2,mpnet,25,100,0.298
34,2020,specter2,mpnet,50,100,0.2964
34,2020,specter2,minilm,10,100,0.242
34,2020,specter2,minilm,25,100,0.25120000000000003
34,2020,specter2,minilm,50,100,0.2602
34,2020,specter2,pubmedbert,10,100,0.087
34,2020,specter2,pubmedbert,25,100,0.0908
34,2020,specter2,pubmedbert,50,100,0.09480000000000001
34,2020,specter2,biobert,10,100,0.096
34,2020,specter2,biobert,25,100,0.1024
34,2020,specter2,biobert,50,100,0.1074
34,2020,specter2,simcse,10,100,0.048
34,2020,specter2,simcse,25,100,0.0572
34,2020,specter2,simcse,50,100,0.0672
34,2020,scincl,scibert,10,100,0.08499999999999999
34,2020,scincl,scibert,25,100,0.1032
34,2020,scincl,scibert,50,100,0.1106
34,2020,scincl,bert,10,100,0.068
34,2020,scincl,bert,25,100,0.0784
34,2020,scincl,bert,50,100,0.0836
34,2020,scincl,mpnet,10,100,0.40599999999999997
34,2020,scincl,mpnet,25,100,0.4
34,2020,scincl,mpnet,50,100,0.392
34,2020,scincl,minilm,10,100,0.346
34,2020,scincl,minilm,25,100,0.3356
34,2020,scincl,minilm,50,100,0.3348
34,2020,scincl,pubmedbert,10,100,0.08499999999999999
34,2020,scincl,pubmedbert,25,100,0.08960000000000001
34,2020,scincl,pubmedbert,50,100,0.0926
34,2020,scincl,biobert,10,100,0.099
34,2020,scincl,biobert,25,100,0.10800000000000001
34,2020,scincl,biobert,50,100,0.1142
34,2020,scincl,simcse,10,100,0.05500000000000001
34,2020,scincl,simcse,25,100,0.0664
34,2020,scincl,simcse,50,100,0.0766
34,2020,scibert,bert,10,100,0.21000000000000002
34,2020,scibert,bert,25,100,0.2224
34,2020,scibert,bert,50,100,0.23079999999999998
34,2020,scibert,mpnet,10,100,0.067
34,2020,scibert,mpnet,25,100,0.0872
34,2020,scibert,mpnet,50,100,0.0958
34,2020,scibert,minilm,10,100,0.059
34,2020,scibert,minilm,25,100,0.0828
34,2020,scibert,minilm,50,100,0.0904
34,2020,scibert,pubmedbert,10,100,0.34900000000000003
34,2020,scibert,pubmedbert,25,100,0.3768
34,2020,scibert,pubmedbert,50,100,0.3948
34,2020,scibert,biobert,10,100,0.314
34,2020,scibert,biobert,25,100,0.3716
34,2020,scibert,biobert,50,100,0.39799999999999996
34,2020,scibert,simcse,10,100,0.077
34,2020,scibert,simcse,25,100,0.0932
34,2020,scibert,simcse,50,100,0.11019999999999999
34,2020,bert,mpnet,10,100,0.057999999999999996
34,2020,bert,mpnet,25,100,0.07919999999999999
34,2020,bert,mpnet,50,100,0.0848
34,2020,bert,minilm,10,100,0.05500000000000001
34,2020,bert,minilm,25,100,0.0712
34,2020,bert,minilm,50,100,0.083
34,2020,bert,pubmedbert,10,100,0.181
34,2020,bert,pubmedbert,25,100,0.1928
34,2020,bert,pubmedbert,50,100,0.2026
34,2020,bert,biobert,10,100,0.194
34,2020,bert,biobert,25,100,0.2208
34,2020,bert,biobert,50,100,0.2398
34,2020,bert,simcse,10,100,0.133
34,2020,bert,simcse,25,100,0.15839999999999999
34,2020,bert,simcse,50,100,0.1852
34,2020,mpnet,minilm,10,100,0.461
34,2020,mpnet,minilm,25,100,0.4804
34,2020,mpnet,minilm,50,100,0.4788
34,2020,mpnet,pubmedbert,10,100,0.076
34,2020,mpnet,pubmedbert,25,100,0.08439999999999999
34,2020,mpnet,pubmedbert,50,100,0.091
34,2020,mpnet,biobert,10,100,0.08399999999999999
34,2020,mpnet,biobert,25,100,0.1012
34,2020,mpnet,biobert,50,100,0.1114
34,2020,mpnet,simcse,10,100,0.048
34,2020,mpnet,simcse,25,100,0.0604
34,2020,mpnet,simcse,50,100,0.0722
34,2020,minilm,pubmedbert,10,100,0.059
34,2020,minilm,pubmedbert,25,100,0.0732
34,2020,minilm,pubmedbert,50,100,0.0812
34,2020,minilm,biobert,10,100,0.076
34,2020,minilm,biobert,25,100,0.09
34,2020,minilm,biobert,50,100,0.1002
34,2020,minilm,simcse,10,100,0.05600000000000001
34,2020,minilm,simcse,25,100,0.0592
34,2020,minilm,simcse,50,100,0.081
34,2020,pubmedbert,biobert,10,100,0.364
34,2020,pubmedbert,biobert,25,100,0.3912
34,2020,pubmedbert,biobert,50,100,0.40259999999999996
34,2020,pubmedbert,simcse,10,100,0.071
34,2020,pubmedbert,simcse,25,100,0.08199999999999999
34,2020,pubmedbert,simcse,50,100,0.09539999999999998
34,2020,biobert,simcse,10,100,0.071
34,2020,biobert,simcse,25,100,0.0868
34,2020,biobert,simcse,50,100,0.10619999999999999
35,2000,specter,specter2,10,100,0.319
35,2000,specter,specter2,25,100,0.33159999999999995
35,2000,specter,specter2,50,100,0.3372
35,2000,specter,scincl,10,100,0.414
35,2000,specter,scincl,25,100,0.446
35,2000,specter,scincl,50,100,0.4598
35,2000,specter,scibert,10,100,0.16999999999999998
35,2000,specter,scibert,25,100,0.1772
35,2000,specter,scibert,50,100,0.2
35,2000,specter,bert,10,100,0.093
35,2000,specter,bert,25,100,0.11
35,2000,specter,bert,50,100,0.12480000000000001
35,2000,specter,mpnet,10,100,0.40199999999999997
35,2000,specter,mpnet,25,100,0.4092
35,2000,specter,mpnet,50,100,0.43079999999999996
35,2000,specter,minilm,10,100,0.355
35,2000,specter,minilm,25,100,0.3732
35,2000,specter,minilm,50,100,0.38880000000000003
35,2000,specter,pubmedbert,10,100,0.16899999999999998
35,2000,specter,pubmedbert,25,100,0.18280000000000002
35,2000,specter,pubmedbert,50,100,0.1962
35,2000,specter,biobert,10,100,0.16399999999999998
35,2000,specter,biobert,25,100,0.1856
35,2000,specter,biobert,50,100,0.2086
35,2000,specter,simcse,10,100,0.11000000000000001
35,2000,specter,simcse,25,100,0.1292
35,2000,specter,simcse,50,100,0.1396
35,2000,specter2,scincl,10,100,0.337
35,2000,specter2,scincl,25,100,0.3676
35,2000,specter2,scincl,50,100,0.38780000000000003
35,2000,specter2,scibert,10,100,0.129
35,2000,specter2,scibert,25,100,0.14400000000000002
35,2000,specter2,scibert,50,100,0.1564
35,2000,specter2,bert,10,100,0.077
35,2000,specter2,bert,25,100,0.092
35,2000,specter2,bert,50,100,0.0984
35,2000,specter2,mpnet,10,100,0.364
35,2000,specter2,mpnet,25,100,0.3768
35,2000,specter2,mpnet,50,100,0.3688
35,2000,specter2,minilm,10,100,0.325
35,2000,specter2,minilm,25,100,0.33159999999999995
35,2000,specter2,minilm,50,100,0.326
35,2000,specter2,pubmedbert,10,100,0.11399999999999999
35,2000,specter2,pubmedbert,25,100,0.1344
35,2000,specter2,pubmedbert,50,100,0.1426
35,2000,specter2,biobert,10,100,0.11699999999999999
35,2000,specter2,biobert,25,100,0.1472
35,2000,specter2,biobert,50,100,0.1592
35,2000,specter2,simcse,10,100,0.091
35,2000,specter2,simcse,25,100,0.09960000000000001
35,2000,specter2,simcse,50,100,0.1058
35,2000,scincl,scibert,10,100,0.152
35,2000,scincl,scibert,25,100,0.1628
35,2000,scincl,scibert,50,100,0.1862
35,2000,scincl,bert,10,100,0.10200000000000001
35,2000,scincl,bert,25,100,0.10800000000000001
35,2000,scincl,bert,50,100,0.115
35,2000,scincl,mpnet,10,100,0.458
35,2000,scincl,mpnet,25,100,0.47600000000000003
35,2000,scincl,mpnet,50,100,0.49
35,2000,scincl,minilm,10,100,0.40599999999999997
35,2000,scincl,minilm,25,100,0.4164
35,2000,scincl,minilm,50,100,0.4294
35,2000,scincl,pubmedbert,10,100,0.149
35,2000,scincl,pubmedbert,25,100,0.1612
35,2000,scincl,pubmedbert,50,100,0.179
35,2000,scincl,biobert,10,100,0.148
35,2000,scincl,biobert,25,100,0.168
35,2000,scincl,biobert,50,100,0.191
35,2000,scincl,simcse,10,100,0.10600000000000001
35,2000,scincl,simcse,25,100,0.12
35,2000,scincl,simcse,50,100,0.13140000000000002
35,2000,scibert,bert,10,100,0.211
35,2000,scibert,bert,25,100,0.2224
35,2000,scibert,bert,50,100,0.2378
35,2000,scibert,mpnet,10,100,0.13799999999999998
35,2000,scibert,mpnet,25,100,0.14679999999999999
35,2000,scibert,mpnet,50,100,0.1714
35,2000,scibert,minilm,10,100,0.124
35,2000,scibert,minilm,25,100,0.14400000000000002
35,2000,scibert,minilm,50,100,0.1656
35,2000,scibert,pubmedbert,10,100,0.34900000000000003
35,2000,scibert,pubmedbert,25,100,0.3944
35,2000,scibert,pubmedbert,50,100,0.4268
35,2000,scibert,biobert,10,100,0.359
35,2000,scibert,biobert,25,100,0.3856
35,2000,scibert,biobert,50,100,0.4304
35,2000,scibert,simcse,10,100,0.122
35,2000,scibert,simcse,25,100,0.1368
35,2000,scibert,simcse,50,100,0.16
35,2000,bert,mpnet,10,100,0.089
35,2000,bert,mpnet,25,100,0.1104
35,2000,bert,mpnet,50,100,0.12279999999999999
35,2000,bert,minilm,10,100,0.099
35,2000,bert,minilm,25,100,0.10640000000000001
35,2000,bert,minilm,50,100,0.1162
35,2000,bert,pubmedbert,10,100,0.192
35,2000,bert,pubmedbert,25,100,0.1956
35,2000,bert,pubmedbert,50,100,0.2148
35,2000,bert,biobert,10,100,0.211
35,2000,bert,biobert,25,100,0.21719999999999998
35,2000,bert,biobert,50,100,0.24480000000000002
35,2000,bert,simcse,10,100,0.16599999999999998
35,2000,bert,simcse,25,100,0.1936
35,2000,bert,simcse,50,100,0.2198
35,2000,mpnet,minilm,10,100,0.5389999999999999
35,2000,mpnet,minilm,25,100,0.5508
35,2000,mpnet,minilm,50,100,0.5464
35,2000,mpnet,pubmedbert,10,100,0.137
35,2000,mpnet,pubmedbert,25,100,0.1548
35,2000,mpnet,pubmedbert,50,100,0.16879999999999998
35,2000,mpnet,biobert,10,100,0.13899999999999998
35,2000,mpnet,biobert,25,100,0.1568
35,2000,mpnet,biobert,50,100,0.1848
35,2000,mpnet,simcse,10,100,0.123
35,2000,mpnet,simcse,25,100,0.1304
35,2000,mpnet,simcse,50,100,0.14800000000000002
35,2000,minilm,pubmedbert,10,100,0.126
35,2000,minilm,pubmedbert,25,100,0.1424
35,2000,minilm,pubmedbert,50,100,0.1632
35,2000,minilm,biobert,10,100,0.13
35,2000,minilm,biobert,25,100,0.1508
35,2000,minilm,biobert,50,100,0.1826
35,2000,minilm,simcse,10,100,0.118
35,2000,minilm,simcse,25,100,0.1288
35,2000,minilm,simcse,50,100,0.1448
35,2000,pubmedbert,biobert,10,100,0.366
35,2000,pubmedbert,biobert,25,100,0.4056
35,2000,pubmedbert,biobert,50,100,0.4302
35,2000,pubmedbert,simcse,10,100,0.10300000000000001
35,2000,pubmedbert,simcse,25,100,0.12960000000000002
35,2000,pubmedbert,simcse,50,100,0.1492
35,2000,biobert,simcse,10,100,0.124
35,2000,biobert,simcse,25,100,0.1376
35,2000,biobert,simcse,50,100,0.1638
35,2005,specter,specter2,10,100,0.302
35,2005,specter,specter2,25,100,0.3224
35,2005,specter,specter2,50,100,0.33380000000000004
35,2005,specter,scincl,10,100,0.391
35,2005,specter,scincl,25,100,0.42200000000000004
35,2005,specter,scincl,50,100,0.44939999999999997
35,2005,specter,scibert,10,100,0.151
35,2005,specter,scibert,25,100,0.1704
35,2005,specter,scibert,50,100,0.1986
35,2005,specter,bert,10,100,0.121
35,2005,specter,bert,25,100,0.134
35,2005,specter,bert,50,100,0.1542
35,2005,specter,mpnet,10,100,0.363
35,2005,specter,mpnet,25,100,0.4104
35,2005,specter,mpnet,50,100,0.429
35,2005,specter,minilm,10,100,0.339
35,2005,specter,minilm,25,100,0.37520000000000003
35,2005,specter,minilm,50,100,0.395
35,2005,specter,pubmedbert,10,100,0.159
35,2005,specter,pubmedbert,25,100,0.18600000000000003
35,2005,specter,pubmedbert,50,100,0.201
35,2005,specter,biobert,10,100,0.16999999999999998
35,2005,specter,biobert,25,100,0.18239999999999998
35,2005,specter,biobert,50,100,0.21059999999999998
35,2005,specter,simcse,10,100,0.125
35,2005,specter,simcse,25,100,0.1308
35,2005,specter,simcse,50,100,0.151
35,2005,specter2,scincl,10,100,0.323
35,2005,specter2,scincl,25,100,0.35840000000000005
35,2005,specter2,scincl,50,100,0.3738
35,2005,specter2,scibert,10,100,0.11399999999999999
35,2005,specter2,scibert,25,100,0.1304
35,2005,specter2,scibert,50,100,0.1542
35,2005,specter2,bert,10,100,0.087
35,2005,specter2,bert,25,100,0.10279999999999999
35,2005,specter2,bert,50,100,0.11539999999999999
35,2005,specter2,mpnet,10,100,0.325
35,2005,specter2,mpnet,25,100,0.364
35,2005,specter2,mpnet,50,100,0.3674
35,2005,specter2,minilm,10,100,0.319
35,2005,specter2,minilm,25,100,0.3284
35,2005,specter2,minilm,50,100,0.3246
35,2005,specter2,pubmedbert,10,100,0.11499999999999999
35,2005,specter2,pubmedbert,25,100,0.1308
35,2005,specter2,pubmedbert,50,100,0.1558
35,2005,specter2,biobert,10,100,0.119
35,2005,specter2,biobert,25,100,0.1364
35,2005,specter2,biobert,50,100,0.16260000000000002
35,2005,specter2,simcse,10,100,0.10500000000000001
35,2005,specter2,simcse,25,100,0.11320000000000001
35,2005,specter2,simcse,50,100,0.11699999999999999
35,2005,scincl,scibert,10,100,0.13999999999999999
35,2005,scincl,scibert,25,100,0.156
35,2005,scincl,scibert,50,100,0.1784
35,2005,scincl,bert,10,100,0.11100000000000002
35,2005,scincl,bert,25,100,0.12119999999999999
35,2005,scincl,bert,50,100,0.1318
35,2005,scincl,mpnet,10,100,0.421
35,2005,scincl,mpnet,25,100,0.4808
35,2005,scincl,mpnet,50,100,0.49079999999999996
35,2005,scincl,minilm,10,100,0.40199999999999997
35,2005,scincl,minilm,25,100,0.42719999999999997
35,2005,scincl,minilm,50,100,0.44659999999999994
35,2005,scincl,pubmedbert,10,100,0.135
35,2005,scincl,pubmedbert,25,100,0.1592
35,2005,scincl,pubmedbert,50,100,0.1784
35,2005,scincl,biobert,10,100,0.13999999999999999
35,2005,scincl,biobert,25,100,0.1672
35,2005,scincl,biobert,50,100,0.18359999999999999
35,2005,scincl,simcse,10,100,0.12
35,2005,scincl,simcse,25,100,0.1268
35,2005,scincl,simcse,50,100,0.13699999999999998
35,2005,scibert,bert,10,100,0.233
35,2005,scibert,bert,25,100,0.2544
35,2005,scibert,bert,50,100,0.27940000000000004
35,2005,scibert,mpnet,10,100,0.129
35,2005,scibert,mpnet,25,100,0.14880000000000002
35,2005,scibert,mpnet,50,100,0.17059999999999997
35,2005,scibert,minilm,10,100,0.129
35,2005,scibert,minilm,25,100,0.1516
35,2005,scibert,minilm,50,100,0.16899999999999998
35,2005,scibert,pubmedbert,10,100,0.379
35,2005,scibert,pubmedbert,25,100,0.4216
35,2005,scibert,pubmedbert,50,100,0.4522
35,2005,scibert,biobert,10,100,0.379
35,2005,scibert,biobert,25,100,0.41240000000000004
35,2005,scibert,biobert,50,100,0.43439999999999995
35,2005,scibert,simcse,10,100,0.129
35,2005,scibert,simcse,25,100,0.1476
35,2005,scibert,simcse,50,100,0.17739999999999997
35,2005,bert,mpnet,10,100,0.122
35,2005,bert,mpnet,25,100,0.1292
35,2005,bert,mpnet,50,100,0.1456
35,2005,bert,minilm,10,100,0.128
35,2005,bert,minilm,25,100,0.1436
35,2005,bert,minilm,50,100,0.1484
35,2005,bert,pubmedbert,10,100,0.20600000000000002
35,2005,bert,pubmedbert,25,100,0.22920000000000001
35,2005,bert,pubmedbert,50,100,0.2546
35,2005,bert,biobert,10,100,0.23399999999999999
35,2005,bert,biobert,25,100,0.264
35,2005,bert,biobert,50,100,0.27440000000000003
35,2005,bert,simcse,10,100,0.20600000000000002
35,2005,bert,simcse,25,100,0.22920000000000001
35,2005,bert,simcse,50,100,0.24539999999999998
35,2005,mpnet,minilm,10,100,0.499
35,2005,mpnet,minilm,25,100,0.5479999999999999
35,2005,mpnet,minilm,50,100,0.5528
35,2005,mpnet,pubmedbert,10,100,0.13
35,2005,mpnet,pubmedbert,25,100,0.1512
35,2005,mpnet,pubmedbert,50,100,0.1804
35,2005,mpnet,biobert,10,100,0.141
35,2005,mpnet,biobert,25,100,0.1604
35,2005,mpnet,biobert,50,100,0.19
35,2005,mpnet,simcse,10,100,0.127
35,2005,mpnet,simcse,25,100,0.1392
35,2005,mpnet,simcse,50,100,0.1502
35,2005,minilm,pubmedbert,10,100,0.128
35,2005,minilm,pubmedbert,25,100,0.1508
35,2005,minilm,pubmedbert,50,100,0.16879999999999998
35,2005,minilm,biobert,10,100,0.134
35,2005,minilm,biobert,25,100,0.1632
35,2005,minilm,biobert,50,100,0.1816
35,2005,minilm,simcse,10,100,0.135
35,2005,minilm,simcse,25,100,0.1472
35,2005,minilm,simcse,50,100,0.157
35,2005,pubmedbert,biobert,10,100,0.399
35,2005,pubmedbert,biobert,25,100,0.428
35,2005,pubmedbert,biobert,50,100,0.4608
35,2005,pubmedbert,simcse,10,100,0.125
35,2005,pubmedbert,simcse,25,100,0.1496
35,2005,pubmedbert,simcse,50,100,0.16440000000000002
35,2005,biobert,simcse,10,100,0.127
35,2005,biobert,simcse,25,100,0.15439999999999998
35,2005,biobert,simcse,50,100,0.16879999999999998
35,2010,specter,specter2,10,100,0.307
35,2010,specter,specter2,25,100,0.3132
35,2010,specter,specter2,50,100,0.33039999999999997
35,2010,specter,scincl,10,100,0.398
35,2010,specter,scincl,25,100,0.41119999999999995
35,2010,specter,scincl,50,100,0.4448
35,2010,specter,scibert,10,100,0.13
35,2010,specter,scibert,25,100,0.15839999999999999
35,2010,specter,scibert,50,100,0.17679999999999998
35,2010,specter,bert,10,100,0.077
35,2010,specter,bert,25,100,0.1096
35,2010,specter,bert,50,100,0.1188
35,2010,specter,mpnet,10,100,0.367
35,2010,specter,mpnet,25,100,0.402
35,2010,specter,mpnet,50,100,0.42579999999999996
35,2010,specter,minilm,10,100,0.337
35,2010,specter,minilm,25,100,0.3556
35,2010,specter,minilm,50,100,0.38420000000000004
35,2010,specter,pubmedbert,10,100,0.11599999999999999
35,2010,specter,pubmedbert,25,100,0.15560000000000002
35,2010,specter,pubmedbert,50,100,0.18
35,2010,specter,biobert,10,100,0.126
35,2010,specter,biobert,25,100,0.166
35,2010,specter,biobert,50,100,0.18719999999999998
35,2010,specter,simcse,10,100,0.096
35,2010,specter,simcse,25,100,0.12359999999999999
35,2010,specter,simcse,50,100,0.1422
35,2010,specter2,scincl,10,100,0.341
35,2010,specter2,scincl,25,100,0.33520000000000005
35,2010,specter2,scincl,50,100,0.3614
35,2010,specter2,scibert,10,100,0.11399999999999999
35,2010,specter2,scibert,25,100,0.1252
35,2010,specter2,scibert,50,100,0.154
35,2010,specter2,bert,10,100,0.071
35,2010,specter2,bert,25,100,0.0892
35,2010,specter2,bert,50,100,0.1012
35,2010,specter2,mpnet,10,100,0.343
35,2010,specter2,mpnet,25,100,0.344
35,2010,specter2,mpnet,50,100,0.3518
35,2010,specter2,minilm,10,100,0.286
35,2010,specter2,minilm,25,100,0.29
35,2010,specter2,minilm,50,100,0.30760000000000004
35,2010,specter2,pubmedbert,10,100,0.092
35,2010,specter2,pubmedbert,25,100,0.1184
35,2010,specter2,pubmedbert,50,100,0.14279999999999998
35,2010,specter2,biobert,10,100,0.10800000000000001
35,2010,specter2,biobert,25,100,0.1264
35,2010,specter2,biobert,50,100,0.15
35,2010,specter2,simcse,10,100,0.08399999999999999
35,2010,specter2,simcse,25,100,0.0956
35,2010,specter2,simcse,50,100,0.1084
35,2010,scincl,scibert,10,100,0.11699999999999999
35,2010,scincl,scibert,25,100,0.1432
35,2010,scincl,scibert,50,100,0.1666
35,2010,scincl,bert,10,100,0.089
35,2010,scincl,bert,25,100,0.106
35,2010,scincl,bert,50,100,0.111
35,2010,scincl,mpnet,10,100,0.417
35,2010,scincl,mpnet,25,100,0.4512
35,2010,scincl,mpnet,50,100,0.4816
35,2010,scincl,minilm,10,100,0.382
35,2010,scincl,minilm,25,100,0.3944
35,2010,scincl,minilm,50,100,0.4146
35,2010,scincl,pubmedbert,10,100,0.11100000000000002
35,2010,scincl,pubmedbert,25,100,0.1436
35,2010,scincl,pubmedbert,50,100,0.16399999999999998
35,2010,scincl,biobert,10,100,0.121
35,2010,scincl,biobert,25,100,0.1564
35,2010,scincl,biobert,50,100,0.1746
35,2010,scincl,simcse,10,100,0.09
35,2010,scincl,simcse,25,100,0.11960000000000001
35,2010,scincl,simcse,50,100,0.1306
35,2010,scibert,bert,10,100,0.198
35,2010,scibert,bert,25,100,0.2372
35,2010,scibert,bert,50,100,0.26899999999999996
35,2010,scibert,mpnet,10,100,0.10400000000000001
35,2010,scibert,mpnet,25,100,0.1332
35,2010,scibert,mpnet,50,100,0.16260000000000002
35,2010,scibert,minilm,10,100,0.10300000000000001
35,2010,scibert,minilm,25,100,0.1304
35,2010,scibert,minilm,50,100,0.155
35,2010,scibert,pubmedbert,10,100,0.379
35,2010,scibert,pubmedbert,25,100,0.4168
35,2010,scibert,pubmedbert,50,100,0.4646
35,2010,scibert,biobert,10,100,0.33999999999999997
35,2010,scibert,biobert,25,100,0.4108
35,2010,scibert,biobert,50,100,0.44880000000000003
35,2010,scibert,simcse,10,100,0.10200000000000001
35,2010,scibert,simcse,25,100,0.1356
35,2010,scibert,simcse,50,100,0.1642
35,2010,bert,mpnet,10,100,0.086
35,2010,bert,mpnet,25,100,0.1092
35,2010,bert,mpnet,50,100,0.12140000000000001
35,2010,bert,minilm,10,100,0.099
35,2010,bert,minilm,25,100,0.1152
35,2010,bert,minilm,50,100,0.12560000000000002
35,2010,bert,pubmedbert,10,100,0.20299999999999999
35,2010,bert,pubmedbert,25,100,0.22039999999999998
35,2010,bert,pubmedbert,50,100,0.2434
35,2010,bert,biobert,10,100,0.21800000000000003
35,2010,bert,biobert,25,100,0.24
35,2010,bert,biobert,50,100,0.26780000000000004
35,2010,bert,simcse,10,100,0.18
35,2010,bert,simcse,25,100,0.20800000000000002
35,2010,bert,simcse,50,100,0.2238
35,2010,mpnet,minilm,10,100,0.489
35,2010,mpnet,minilm,25,100,0.5132
35,2010,mpnet,minilm,50,100,0.5226
35,2010,mpnet,pubmedbert,10,100,0.10300000000000001
35,2010,mpnet,pubmedbert,25,100,0.14
35,2010,mpnet,pubmedbert,50,100,0.16820000000000002
35,2010,mpnet,biobert,10,100,0.11699999999999999
35,2010,mpnet,biobert,25,100,0.1516
35,2010,mpnet,biobert,50,100,0.1748
35,2010,mpnet,simcse,10,100,0.10700000000000001
35,2010,mpnet,simcse,25,100,0.1268
35,2010,mpnet,simcse,50,100,0.1436
35,2010,minilm,pubmedbert,10,100,0.10900000000000001
35,2010,minilm,pubmedbert,25,100,0.1288
35,2010,minilm,pubmedbert,50,100,0.1564
35,2010,minilm,biobert,10,100,0.123
35,2010,minilm,biobert,25,100,0.1452
35,2010,minilm,biobert,50,100,0.16879999999999998
35,2010,minilm,simcse,10,100,0.11100000000000002
35,2010,minilm,simcse,25,100,0.1324
35,2010,minilm,simcse,50,100,0.1472
35,2010,pubmedbert,biobert,10,100,0.369
35,2010,pubmedbert,biobert,25,100,0.4252
35,2010,pubmedbert,biobert,50,100,0.4534
35,2010,pubmedbert,simcse,10,100,0.1
35,2010,pubmedbert,simcse,25,100,0.126
35,2010,pubmedbert,simcse,50,100,0.1518
35,2010,biobert,simcse,10,100,0.11299999999999999
35,2010,biobert,simcse,25,100,0.14400000000000002
35,2010,biobert,simcse,50,100,0.159
35,2015,specter,specter2,10,100,0.33599999999999997
35,2015,specter,specter2,25,100,0.3432
35,2015,specter,specter2,50,100,0.3674
35,2015,specter,scincl,10,100,0.43200000000000005
35,2015,specter,scincl,25,100,0.44
35,2015,specter,scincl,50,100,0.4778
35,2015,specter,scibert,10,100,0.16699999999999998
35,2015,specter,scibert,25,100,0.198
35,2015,specter,scibert,50,100,0.2132
35,2015,specter,bert,10,100,0.11699999999999999
35,2015,specter,bert,25,100,0.14400000000000002
35,2015,specter,bert,50,100,0.1552
35,2015,specter,mpnet,10,100,0.396
35,2015,specter,mpnet,25,100,0.424
35,2015,specter,mpnet,50,100,0.4486
35,2015,specter,minilm,10,100,0.371
35,2015,specter,minilm,25,100,0.384
35,2015,specter,minilm,50,100,0.395
35,2015,specter,pubmedbert,10,100,0.159
35,2015,specter,pubmedbert,25,100,0.17920000000000003
35,2015,specter,pubmedbert,50,100,0.20600000000000002
35,2015,specter,biobert,10,100,0.173
35,2015,specter,biobert,25,100,0.1884
35,2015,specter,biobert,50,100,0.21539999999999998
35,2015,specter,simcse,10,100,0.13
35,2015,specter,simcse,25,100,0.152
35,2015,specter,simcse,50,100,0.1634
35,2015,specter2,scincl,10,100,0.364
35,2015,specter2,scincl,25,100,0.3764
35,2015,specter2,scincl,50,100,0.3982
35,2015,specter2,scibert,10,100,0.134
35,2015,specter2,scibert,25,100,0.1524
35,2015,specter2,scibert,50,100,0.1748
35,2015,specter2,bert,10,100,0.089
35,2015,specter2,bert,25,100,0.1036
35,2015,specter2,bert,50,100,0.1184
35,2015,specter2,mpnet,10,100,0.362
35,2015,specter2,mpnet,25,100,0.3764
35,2015,specter2,mpnet,50,100,0.38299999999999995
35,2015,specter2,minilm,10,100,0.319
35,2015,specter2,minilm,25,100,0.34
35,2015,specter2,minilm,50,100,0.3468
35,2015,specter2,pubmedbert,10,100,0.11599999999999999
35,2015,specter2,pubmedbert,25,100,0.136
35,2015,specter2,pubmedbert,50,100,0.1576
35,2015,specter2,biobert,10,100,0.123
35,2015,specter2,biobert,25,100,0.146
35,2015,specter2,biobert,50,100,0.1634
35,2015,specter2,simcse,10,100,0.095
35,2015,specter2,simcse,25,100,0.10800000000000001
35,2015,specter2,simcse,50,100,0.1198
35,2015,scincl,scibert,10,100,0.143
35,2015,scincl,scibert,25,100,0.1764
35,2015,scincl,scibert,50,100,0.201
35,2015,scincl,bert,10,100,0.10200000000000001
35,2015,scincl,bert,25,100,0.1324
35,2015,scincl,bert,50,100,0.14859999999999998
35,2015,scincl,mpnet,10,100,0.471
35,2015,scincl,mpnet,25,100,0.4756
35,2015,scincl,mpnet,50,100,0.507
35,2015,scincl,minilm,10,100,0.40499999999999997
35,2015,scincl,minilm,25,100,0.41840000000000005
35,2015,scincl,minilm,50,100,0.44299999999999995
35,2015,scincl,pubmedbert,10,100,0.122
35,2015,scincl,pubmedbert,25,100,0.1592
35,2015,scincl,pubmedbert,50,100,0.18780000000000002
35,2015,scincl,biobert,10,100,0.144
35,2015,scincl,biobert,25,100,0.16879999999999998
35,2015,scincl,biobert,50,100,0.1996
35,2015,scincl,simcse,10,100,0.118
35,2015,scincl,simcse,25,100,0.1348
35,2015,scincl,simcse,50,100,0.14400000000000002
35,2015,scibert,bert,10,100,0.253
35,2015,scibert,bert,25,100,0.2812
35,2015,scibert,bert,50,100,0.29100000000000004
35,2015,scibert,mpnet,10,100,0.128
35,2015,scibert,mpnet,25,100,0.168
35,2015,scibert,mpnet,50,100,0.18899999999999997
35,2015,scibert,minilm,10,100,0.135
35,2015,scibert,minilm,25,100,0.1664
35,2015,scibert,minilm,50,100,0.18239999999999998
35,2015,scibert,pubmedbert,10,100,0.41200000000000003
35,2015,scibert,pubmedbert,25,100,0.4396
35,2015,scibert,pubmedbert,50,100,0.4778
35,2015,scibert,biobert,10,100,0.397
35,2015,scibert,biobert,25,100,0.426
35,2015,scibert,biobert,50,100,0.46340000000000003
35,2015,scibert,simcse,10,100,0.135
35,2015,scibert,simcse,25,100,0.16519999999999999
35,2015,scibert,simcse,50,100,0.17579999999999998
35,2015,bert,mpnet,10,100,0.11000000000000001
35,2015,bert,mpnet,25,100,0.134
35,2015,bert,mpnet,50,100,0.1512
35,2015,bert,minilm,10,100,0.11699999999999999
35,2015,bert,minilm,25,100,0.1368
35,2015,bert,minilm,50,100,0.1532
35,2015,bert,pubmedbert,10,100,0.21000000000000002
35,2015,bert,pubmedbert,25,100,0.24600000000000002
35,2015,bert,pubmedbert,50,100,0.2614
35,2015,bert,biobert,10,100,0.238
35,2015,bert,biobert,25,100,0.2808
35,2015,bert,biobert,50,100,0.2962
35,2015,bert,simcse,10,100,0.182
35,2015,bert,simcse,25,100,0.2152
35,2015,bert,simcse,50,100,0.2354
35,2015,mpnet,minilm,10,100,0.534
35,2015,mpnet,minilm,25,100,0.5364
35,2015,mpnet,minilm,50,100,0.5584
35,2015,mpnet,pubmedbert,10,100,0.12
35,2015,mpnet,pubmedbert,25,100,0.16
35,2015,mpnet,pubmedbert,50,100,0.1822
35,2015,mpnet,biobert,10,100,0.141
35,2015,mpnet,biobert,25,100,0.17559999999999998
35,2015,mpnet,biobert,50,100,0.20079999999999998
35,2015,mpnet,simcse,10,100,0.11599999999999999
35,2015,mpnet,simcse,25,100,0.1432
35,2015,mpnet,simcse,50,100,0.154
35,2015,minilm,pubmedbert,10,100,0.131
35,2015,minilm,pubmedbert,25,100,0.15439999999999998
35,2015,minilm,pubmedbert,50,100,0.1776
35,2015,minilm,biobert,10,100,0.145
35,2015,minilm,biobert,25,100,0.17079999999999998
35,2015,minilm,biobert,50,100,0.1938
35,2015,minilm,simcse,10,100,0.131
35,2015,minilm,simcse,25,100,0.1452
35,2015,minilm,simcse,50,100,0.1558
35,2015,pubmedbert,biobert,10,100,0.386
35,2015,pubmedbert,biobert,25,100,0.444
35,2015,pubmedbert,biobert,50,100,0.4782
35,2015,pubmedbert,simcse,10,100,0.124
35,2015,pubmedbert,simcse,25,100,0.146
35,2015,pubmedbert,simcse,50,100,0.1634
35,2015,biobert,simcse,10,100,0.125
35,2015,biobert,simcse,25,100,0.158
35,2015,biobert,simcse,50,100,0.1764
35,2020,specter,specter2,10,100,0.313
35,2020,specter,specter2,25,100,0.3344
35,2020,specter,specter2,50,100,0.3414
35,2020,specter,scincl,10,100,0.369
35,2020,specter,scincl,25,100,0.4228
35,2020,specter,scincl,50,100,0.4484
35,2020,specter,scibert,10,100,0.152
35,2020,specter,scibert,25,100,0.172
35,2020,specter,scibert,50,100,0.1894
35,2020,specter,bert,10,100,0.099
35,2020,specter,bert,25,100,0.11800000000000001
35,2020,specter,bert,50,100,0.1304
35,2020,specter,mpnet,10,100,0.348
35,2020,specter,mpnet,25,100,0.4052
35,2020,specter,mpnet,50,100,0.4228
35,2020,specter,minilm,10,100,0.333
35,2020,specter,minilm,25,100,0.34240000000000004
35,2020,specter,minilm,50,100,0.3712
35,2020,specter,pubmedbert,10,100,0.154
35,2020,specter,pubmedbert,25,100,0.17920000000000003
35,2020,specter,pubmedbert,50,100,0.1946
35,2020,specter,biobert,10,100,0.154
35,2020,specter,biobert,25,100,0.18280000000000002
35,2020,specter,biobert,50,100,0.2026
35,2020,specter,simcse,10,100,0.097
35,2020,specter,simcse,25,100,0.1104
35,2020,specter,simcse,50,100,0.1272
35,2020,specter2,scincl,10,100,0.311
35,2020,specter2,scincl,25,100,0.36920000000000003
35,2020,specter2,scincl,50,100,0.3818
35,2020,specter2,scibert,10,100,0.133
35,2020,specter2,scibert,25,100,0.1424
35,2020,specter2,scibert,50,100,0.1542
35,2020,specter2,bert,10,100,0.079
35,2020,specter2,bert,25,100,0.10039999999999999
35,2020,specter2,bert,50,100,0.10439999999999999
35,2020,specter2,mpnet,10,100,0.35
35,2020,specter2,mpnet,25,100,0.3632
35,2020,specter2,mpnet,50,100,0.3608
35,2020,specter2,minilm,10,100,0.312
35,2020,specter2,minilm,25,100,0.3024
35,2020,specter2,minilm,50,100,0.309
35,2020,specter2,pubmedbert,10,100,0.11100000000000002
35,2020,specter2,pubmedbert,25,100,0.136
35,2020,specter2,pubmedbert,50,100,0.1458
35,2020,specter2,biobert,10,100,0.118
35,2020,specter2,biobert,25,100,0.1396
35,2020,specter2,biobert,50,100,0.151
35,2020,specter2,simcse,10,100,0.075
35,2020,specter2,simcse,25,100,0.0872
35,2020,specter2,simcse,50,100,0.0984
35,2020,scincl,scibert,10,100,0.142
35,2020,scincl,scibert,25,100,0.1604
35,2020,scincl,scibert,50,100,0.17379999999999998
35,2020,scincl,bert,10,100,0.093
35,2020,scincl,bert,25,100,0.114
35,2020,scincl,bert,50,100,0.1168
35,2020,scincl,mpnet,10,100,0.42699999999999994
35,2020,scincl,mpnet,25,100,0.47200000000000003
35,2020,scincl,mpnet,50,100,0.4988
35,2020,scincl,minilm,10,100,0.379
35,2020,scincl,minilm,25,100,0.3992
35,2020,scincl,minilm,50,100,0.4122
35,2020,scincl,pubmedbert,10,100,0.134
35,2020,scincl,pubmedbert,25,100,0.15439999999999998
35,2020,scincl,pubmedbert,50,100,0.1746
35,2020,scincl,biobert,10,100,0.134
35,2020,scincl,biobert,25,100,0.1704
35,2020,scincl,biobert,50,100,0.1888
35,2020,scincl,simcse,10,100,0.09
35,2020,scincl,simcse,25,100,0.1012
35,2020,scincl,simcse,50,100,0.1148
35,2020,scibert,bert,10,100,0.238
35,2020,scibert,bert,25,100,0.26
35,2020,scibert,bert,50,100,0.2668
35,2020,scibert,mpnet,10,100,0.134
35,2020,scibert,mpnet,25,100,0.1524
35,2020,scibert,mpnet,50,100,0.16
35,2020,scibert,minilm,10,100,0.128
35,2020,scibert,minilm,25,100,0.1492
35,2020,scibert,minilm,50,100,0.15539999999999998
35,2020,scibert,pubmedbert,10,100,0.373
35,2020,scibert,pubmedbert,25,100,0.42479999999999996
35,2020,scibert,pubmedbert,50,100,0.462
35,2020,scibert,biobert,10,100,0.38
35,2020,scibert,biobert,25,100,0.424
35,2020,scibert,biobert,50,100,0.4422
35,2020,scibert,simcse,10,100,0.137
35,2020,scibert,simcse,25,100,0.156
35,2020,scibert,simcse,50,100,0.1772
35,2020,bert,mpnet,10,100,0.10500000000000001
35,2020,bert,mpnet,25,100,0.11720000000000001
35,2020,bert,mpnet,50,100,0.1174
35,2020,bert,minilm,10,100,0.093
35,2020,bert,minilm,25,100,0.1084
35,2020,bert,minilm,50,100,0.1204
35,2020,bert,pubmedbert,10,100,0.197
35,2020,bert,pubmedbert,25,100,0.2288
35,2020,bert,pubmedbert,50,100,0.2516
35,2020,bert,biobert,10,100,0.22599999999999998
35,2020,bert,biobert,25,100,0.252
35,2020,bert,biobert,50,100,0.267
35,2020,bert,simcse,10,100,0.182
35,2020,bert,simcse,25,100,0.218
35,2020,bert,simcse,50,100,0.2352
35,2020,mpnet,minilm,10,100,0.503
35,2020,mpnet,minilm,25,100,0.51
35,2020,mpnet,minilm,50,100,0.5256000000000001
35,2020,mpnet,pubmedbert,10,100,0.127
35,2020,mpnet,pubmedbert,25,100,0.1476
35,2020,mpnet,pubmedbert,50,100,0.1628
35,2020,mpnet,biobert,10,100,0.134
35,2020,mpnet,biobert,25,100,0.1656
35,2020,mpnet,biobert,50,100,0.1788
35,2020,mpnet,simcse,10,100,0.098
35,2020,mpnet,simcse,25,100,0.1116
35,2020,mpnet,simcse,50,100,0.1268
35,2020,minilm,pubmedbert,10,100,0.121
35,2020,minilm,pubmedbert,25,100,0.1376
35,2020,minilm,pubmedbert,50,100,0.1548
35,2020,minilm,biobert,10,100,0.135
35,2020,minilm,biobert,25,100,0.15439999999999998
35,2020,minilm,biobert,50,100,0.1678
35,2020,minilm,simcse,10,100,0.094
35,2020,minilm,simcse,25,100,0.1128
35,2020,minilm,simcse,50,100,0.125
35,2020,pubmedbert,biobert,10,100,0.387
35,2020,pubmedbert,biobert,25,100,0.4276
35,2020,pubmedbert,biobert,50,100,0.4658
35,2020,pubmedbert,simcse,10,100,0.10500000000000001
35,2020,pubmedbert,simcse,25,100,0.1452
35,2020,pubmedbert,simcse,50,100,0.1598
35,2020,biobert,simcse,10,100,0.135
35,2020,biobert,simcse,25,100,0.1524
35,2020,biobert,simcse,50,100,0.1736
36,2000,specter,specter2,10,100,0.187
36,2000,specter,specter2,25,100,0.2072
36,2000,specter,specter2,50,100,0.2224
36,2000,specter,scincl,10,100,0.257
36,2000,specter,scincl,25,100,0.28559999999999997
36,2000,specter,scincl,50,100,0.3078
36,2000,specter,scibert,10,100,0.062
36,2000,specter,scibert,25,100,0.0652
36,2000,specter,scibert,50,100,0.07780000000000001
36,2000,specter,bert,10,100,0.065
36,2000,specter,bert,25,100,0.0668
36,2000,specter,bert,50,100,0.0724
36,2000,specter,mpnet,10,100,0.22599999999999998
36,2000,specter,mpnet,25,100,0.2648
36,2000,specter,mpnet,50,100,0.2758
36,2000,specter,minilm,10,100,0.215
36,2000,specter,minilm,25,100,0.22920000000000001
36,2000,specter,minilm,50,100,0.24359999999999998
36,2000,specter,pubmedbert,10,100,0.052000000000000005
36,2000,specter,pubmedbert,25,100,0.07
36,2000,specter,pubmedbert,50,100,0.0738
36,2000,specter,biobert,10,100,0.056999999999999995
36,2000,specter,biobert,25,100,0.0704
36,2000,specter,biobert,50,100,0.0746
36,2000,specter,simcse,10,100,0.074
36,2000,specter,simcse,25,100,0.0724
36,2000,specter,simcse,50,100,0.0758
36,2000,specter2,scincl,10,100,0.244
36,2000,specter2,scincl,25,100,0.25
36,2000,specter2,scincl,50,100,0.284
36,2000,specter2,scibert,10,100,0.064
36,2000,specter2,scibert,25,100,0.0668
36,2000,specter2,scibert,50,100,0.0728
36,2000,specter2,bert,10,100,0.067
36,2000,specter2,bert,25,100,0.0672
36,2000,specter2,bert,50,100,0.0736
36,2000,specter2,mpnet,10,100,0.25
36,2000,specter2,mpnet,25,100,0.2716
36,2000,specter2,mpnet,50,100,0.293
36,2000,specter2,minilm,10,100,0.202
36,2000,specter2,minilm,25,100,0.2236
36,2000,specter2,minilm,50,100,0.2402
36,2000,specter2,pubmedbert,10,100,0.054000000000000006
36,2000,specter2,pubmedbert,25,100,0.06280000000000001
36,2000,specter2,pubmedbert,50,100,0.0654
36,2000,specter2,biobert,10,100,0.054000000000000006
36,2000,specter2,biobert,25,100,0.066
36,2000,specter2,biobert,50,100,0.07200000000000001
36,2000,specter2,simcse,10,100,0.06899999999999999
36,2000,specter2,simcse,25,100,0.0708
36,2000,specter2,simcse,50,100,0.0774
36,2000,scincl,scibert,10,100,0.067
36,2000,scincl,scibert,25,100,0.0616
36,2000,scincl,scibert,50,100,0.07519999999999999
36,2000,scincl,bert,10,100,0.059
36,2000,scincl,bert,25,100,0.0652
36,2000,scincl,bert,50,100,0.071
36,2000,scincl,mpnet,10,100,0.303
36,2000,scincl,mpnet,25,100,0.3332
36,2000,scincl,mpnet,50,100,0.3566
36,2000,scincl,minilm,10,100,0.273
36,2000,scincl,minilm,25,100,0.2964
36,2000,scincl,minilm,50,100,0.30820000000000003
36,2000,scincl,pubmedbert,10,100,0.051000000000000004
36,2000,scincl,pubmedbert,25,100,0.0588
36,2000,scincl,pubmedbert,50,100,0.06559999999999999
36,2000,scincl,biobert,10,100,0.051000000000000004
36,2000,scincl,biobert,25,100,0.0616
36,2000,scincl,biobert,50,100,0.0706
36,2000,scincl,simcse,10,100,0.072
36,2000,scincl,simcse,25,100,0.0712
36,2000,scincl,simcse,50,100,0.0808
36,2000,scibert,bert,10,100,0.21000000000000002
36,2000,scibert,bert,25,100,0.2224
36,2000,scibert,bert,50,100,0.2366
36,2000,scibert,mpnet,10,100,0.05500000000000001
36,2000,scibert,mpnet,25,100,0.0556
36,2000,scibert,mpnet,50,100,0.0732
36,2000,scibert,minilm,10,100,0.064
36,2000,scibert,minilm,25,100,0.068
36,2000,scibert,minilm,50,100,0.0702
36,2000,scibert,pubmedbert,10,100,0.321
36,2000,scibert,pubmedbert,25,100,0.3408
36,2000,scibert,pubmedbert,50,100,0.3682
36,2000,scibert,biobert,10,100,0.311
36,2000,scibert,biobert,25,100,0.3264
36,2000,scibert,biobert,50,100,0.3558
36,2000,scibert,simcse,10,100,0.11200000000000002
36,2000,scibert,simcse,25,100,0.1208
36,2000,scibert,simcse,50,100,0.12119999999999999
36,2000,bert,mpnet,10,100,0.075
36,2000,bert,mpnet,25,100,0.0736
36,2000,bert,mpnet,50,100,0.0894
36,2000,bert,minilm,10,100,0.074
36,2000,bert,minilm,25,100,0.07519999999999999
36,2000,bert,minilm,50,100,0.08439999999999999
36,2000,bert,pubmedbert,10,100,0.20099999999999998
36,2000,bert,pubmedbert,25,100,0.2144
36,2000,bert,pubmedbert,50,100,0.2298
36,2000,bert,biobert,10,100,0.221
36,2000,bert,biobert,25,100,0.23879999999999998
36,2000,bert,biobert,50,100,0.258
36,2000,bert,simcse,10,100,0.186
36,2000,bert,simcse,25,100,0.20879999999999999
36,2000,bert,simcse,50,100,0.22719999999999999
36,2000,mpnet,minilm,10,100,0.396
36,2000,mpnet,minilm,25,100,0.4204
36,2000,mpnet,minilm,50,100,0.4422
36,2000,mpnet,pubmedbert,10,100,0.054000000000000006
36,2000,mpnet,pubmedbert,25,100,0.0596
36,2000,mpnet,pubmedbert,50,100,0.0684
36,2000,mpnet,biobert,10,100,0.064
36,2000,mpnet,biobert,25,100,0.068
36,2000,mpnet,biobert,50,100,0.07980000000000001
36,2000,mpnet,simcse,10,100,0.093
36,2000,mpnet,simcse,25,100,0.08960000000000001
36,2000,mpnet,simcse,50,100,0.0978
36,2000,minilm,pubmedbert,10,100,0.05500000000000001
36,2000,minilm,pubmedbert,25,100,0.06480000000000001
36,2000,minilm,pubmedbert,50,100,0.065
36,2000,minilm,biobert,10,100,0.061
36,2000,minilm,biobert,25,100,0.068
36,2000,minilm,biobert,50,100,0.0742
36,2000,minilm,simcse,10,100,0.087
36,2000,minilm,simcse,25,100,0.0968
36,2000,minilm,simcse,50,100,0.10300000000000001
36,2000,pubmedbert,biobert,10,100,0.324
36,2000,pubmedbert,biobert,25,100,0.354
36,2000,pubmedbert,biobert,50,100,0.37060000000000004
36,2000,pubmedbert,simcse,10,100,0.086
36,2000,pubmedbert,simcse,25,100,0.10279999999999999
36,2000,pubmedbert,simcse,50,100,0.11779999999999999
36,2000,biobert,simcse,10,100,0.094
36,2000,biobert,simcse,25,100,0.1076
36,2000,biobert,simcse,50,100,0.126
36,2005,specter,specter2,10,100,0.23900000000000002
36,2005,specter,specter2,25,100,0.2416
36,2005,specter,specter2,50,100,0.2546
36,2005,specter,scincl,10,100,0.294
36,2005,specter,scincl,25,100,0.3296
36,2005,specter,scincl,50,100,0.35340000000000005
36,2005,specter,scibert,10,100,0.056999999999999995
36,2005,specter,scibert,25,100,0.06
36,2005,specter,scibert,50,100,0.0698
36,2005,specter,bert,10,100,0.045
36,2005,specter,bert,25,100,0.0584
36,2005,specter,bert,50,100,0.0748
36,2005,specter,mpnet,10,100,0.292
36,2005,specter,mpnet,25,100,0.2948
36,2005,specter,mpnet,50,100,0.31679999999999997
36,2005,specter,minilm,10,100,0.22799999999999998
36,2005,specter,minilm,25,100,0.2644
36,2005,specter,minilm,50,100,0.27899999999999997
36,2005,specter,pubmedbert,10,100,0.040999999999999995
36,2005,specter,pubmedbert,25,100,0.05
36,2005,specter,pubmedbert,50,100,0.062
36,2005,specter,biobert,10,100,0.054000000000000006
36,2005,specter,biobert,25,100,0.06
36,2005,specter,biobert,50,100,0.0704
36,2005,specter,simcse,10,100,0.059
36,2005,specter,simcse,25,100,0.07919999999999999
36,2005,specter,simcse,50,100,0.08439999999999999
36,2005,specter2,scincl,10,100,0.29300000000000004
36,2005,specter2,scincl,25,100,0.3012
36,2005,specter2,scincl,50,100,0.3166
36,2005,specter2,scibert,10,100,0.077
36,2005,specter2,scibert,25,100,0.0728
36,2005,specter2,scibert,50,100,0.0742
36,2005,specter2,bert,10,100,0.052000000000000005
36,2005,specter2,bert,25,100,0.0588
36,2005,specter2,bert,50,100,0.07400000000000001
36,2005,specter2,mpnet,10,100,0.296
36,2005,specter2,mpnet,25,100,0.2968
36,2005,specter2,mpnet,50,100,0.3146
36,2005,specter2,minilm,10,100,0.233
36,2005,specter2,minilm,25,100,0.2568
36,2005,specter2,minilm,50,100,0.27140000000000003
36,2005,specter2,pubmedbert,10,100,0.05500000000000001
36,2005,specter2,pubmedbert,25,100,0.055999999999999994
36,2005,specter2,pubmedbert,50,100,0.061200000000000004
36,2005,specter2,biobert,10,100,0.062
36,2005,specter2,biobert,25,100,0.062400000000000004
36,2005,specter2,biobert,50,100,0.069
36,2005,specter2,simcse,10,100,0.054000000000000006
36,2005,specter2,simcse,25,100,0.0684
36,2005,specter2,simcse,50,100,0.08199999999999999
36,2005,scincl,scibert,10,100,0.057999999999999996
36,2005,scincl,scibert,25,100,0.055999999999999994
36,2005,scincl,scibert,50,100,0.0664
36,2005,scincl,bert,10,100,0.044
36,2005,scincl,bert,25,100,0.0576
36,2005,scincl,bert,50,100,0.0706
36,2005,scincl,mpnet,10,100,0.33999999999999997
36,2005,scincl,mpnet,25,100,0.35359999999999997
36,2005,scincl,mpnet,50,100,0.3732
36,2005,scincl,minilm,10,100,0.29
36,2005,scincl,minilm,25,100,0.324
36,2005,scincl,minilm,50,100,0.3404
36,2005,scincl,pubmedbert,10,100,0.041999999999999996
36,2005,scincl,pubmedbert,25,100,0.0516
36,2005,scincl,pubmedbert,50,100,0.057800000000000004
36,2005,scincl,biobert,10,100,0.051000000000000004
36,2005,scincl,biobert,25,100,0.055999999999999994
36,2005,scincl,biobert,50,100,0.0616
36,2005,scincl,simcse,10,100,0.057999999999999996
36,2005,scincl,simcse,25,100,0.0696
36,2005,scincl,simcse,50,100,0.0836
36,2005,scibert,bert,10,100,0.188
36,2005,scibert,bert,25,100,0.2132
36,2005,scibert,bert,50,100,0.2314
36,2005,scibert,mpnet,10,100,0.065
36,2005,scibert,mpnet,25,100,0.0668
36,2005,scibert,mpnet,50,100,0.07400000000000001
36,2005,scibert,minilm,10,100,0.063
36,2005,scibert,minilm,25,100,0.0704
36,2005,scibert,minilm,50,100,0.07519999999999999
36,2005,scibert,pubmedbert,10,100,0.311
36,2005,scibert,pubmedbert,25,100,0.32159999999999994
36,2005,scibert,pubmedbert,50,100,0.349
36,2005,scibert,biobert,10,100,0.282
36,2005,scibert,biobert,25,100,0.3044
36,2005,scibert,biobert,50,100,0.33299999999999996
36,2005,scibert,simcse,10,100,0.088
36,2005,scibert,simcse,25,100,0.1056
36,2005,scibert,simcse,50,100,0.1176
36,2005,bert,mpnet,10,100,0.059
36,2005,bert,mpnet,25,100,0.0808
36,2005,bert,mpnet,50,100,0.09359999999999999
36,2005,bert,minilm,10,100,0.057999999999999996
36,2005,bert,minilm,25,100,0.07919999999999999
36,2005,bert,minilm,50,100,0.0944
36,2005,bert,pubmedbert,10,100,0.179
36,2005,bert,pubmedbert,25,100,0.21559999999999999
36,2005,bert,pubmedbert,50,100,0.2242
36,2005,bert,biobert,10,100,0.189
36,2005,bert,biobert,25,100,0.2396
36,2005,bert,biobert,50,100,0.2458
36,2005,bert,simcse,10,100,0.174
36,2005,bert,simcse,25,100,0.19879999999999998
36,2005,bert,simcse,50,100,0.22399999999999998
36,2005,mpnet,minilm,10,100,0.41
36,2005,mpnet,minilm,25,100,0.4396
36,2005,mpnet,minilm,50,100,0.4578
36,2005,mpnet,pubmedbert,10,100,0.05
36,2005,mpnet,pubmedbert,25,100,0.0604
36,2005,mpnet,pubmedbert,50,100,0.0668
36,2005,mpnet,biobert,10,100,0.051000000000000004
36,2005,mpnet,biobert,25,100,0.0684
36,2005,mpnet,biobert,50,100,0.0782
36,2005,mpnet,simcse,10,100,0.061
36,2005,mpnet,simcse,25,100,0.0852
36,2005,mpnet,simcse,50,100,0.1002
36,2005,minilm,pubmedbert,10,100,0.044
36,2005,minilm,pubmedbert,25,100,0.0564
36,2005,minilm,pubmedbert,50,100,0.062
36,2005,minilm,biobert,10,100,0.063
36,2005,minilm,biobert,25,100,0.0688
36,2005,minilm,biobert,50,100,0.0728
36,2005,minilm,simcse,10,100,0.067
36,2005,minilm,simcse,25,100,0.10679999999999999
36,2005,minilm,simcse,50,100,0.10880000000000001
36,2005,pubmedbert,biobert,10,100,0.308
36,2005,pubmedbert,biobert,25,100,0.3344
36,2005,pubmedbert,biobert,50,100,0.36219999999999997
36,2005,pubmedbert,simcse,10,100,0.076
36,2005,pubmedbert,simcse,25,100,0.1036
36,2005,pubmedbert,simcse,50,100,0.1134
36,2005,biobert,simcse,10,100,0.093
36,2005,biobert,simcse,25,100,0.10400000000000001
36,2005,biobert,simcse,50,100,0.1168
36,2010,specter,specter2,10,100,0.24100000000000002
36,2010,specter,specter2,25,100,0.2484
36,2010,specter,specter2,50,100,0.2664
36,2010,specter,scincl,10,100,0.311
36,2010,specter,scincl,25,100,0.3172
36,2010,specter,scincl,50,100,0.3396
36,2010,specter,scibert,10,100,0.077
36,2010,specter,scibert,25,100,0.07519999999999999
36,2010,specter,scibert,50,100,0.0828
36,2010,specter,bert,10,100,0.077
36,2010,specter,bert,25,100,0.0736
36,2010,specter,bert,50,100,0.0808
36,2010,specter,mpnet,10,100,0.29100000000000004
36,2010,specter,mpnet,25,100,0.2956
36,2010,specter,mpnet,50,100,0.3178
36,2010,specter,minilm,10,100,0.272
36,2010,specter,minilm,25,100,0.27440000000000003
36,2010,specter,minilm,50,100,0.2882
36,2010,specter,pubmedbert,10,100,0.054000000000000006
36,2010,specter,pubmedbert,25,100,0.06280000000000001
36,2010,specter,pubmedbert,50,100,0.06559999999999999
36,2010,specter,biobert,10,100,0.075
36,2010,specter,biobert,25,100,0.0736
36,2010,specter,biobert,50,100,0.075
36,2010,specter,simcse,10,100,0.077
36,2010,specter,simcse,25,100,0.07400000000000001
36,2010,specter,simcse,50,100,0.0876
36,2010,specter2,scincl,10,100,0.288
36,2010,specter2,scincl,25,100,0.316
36,2010,specter2,scincl,50,100,0.3368
36,2010,specter2,scibert,10,100,0.094
36,2010,specter2,scibert,25,100,0.0904
36,2010,specter2,scibert,50,100,0.09119999999999999
36,2010,specter2,bert,10,100,0.08
36,2010,specter2,bert,25,100,0.0716
36,2010,specter2,bert,50,100,0.078
36,2010,specter2,mpnet,10,100,0.31
36,2010,specter2,mpnet,25,100,0.3248
36,2010,specter2,mpnet,50,100,0.33520000000000005
36,2010,specter2,minilm,10,100,0.259
36,2010,specter2,minilm,25,100,0.276
36,2010,specter2,minilm,50,100,0.275
36,2010,specter2,pubmedbert,10,100,0.056999999999999995
36,2010,specter2,pubmedbert,25,100,0.0732
36,2010,specter2,pubmedbert,50,100,0.0754
36,2010,specter2,biobert,10,100,0.06899999999999999
36,2010,specter2,biobert,25,100,0.0796
36,2010,specter2,biobert,50,100,0.0818
36,2010,specter2,simcse,10,100,0.09
36,2010,specter2,simcse,25,100,0.0816
36,2010,specter2,simcse,50,100,0.0864
36,2010,scincl,scibert,10,100,0.075
36,2010,scincl,scibert,25,100,0.07440000000000001
36,2010,scincl,scibert,50,100,0.0812
36,2010,scincl,bert,10,100,0.076
36,2010,scincl,bert,25,100,0.0692
36,2010,scincl,bert,50,100,0.0766
36,2010,scincl,mpnet,10,100,0.34900000000000003
36,2010,scincl,mpnet,25,100,0.36920000000000003
36,2010,scincl,mpnet,50,100,0.39840000000000003
36,2010,scincl,minilm,10,100,0.331
36,2010,scincl,minilm,25,100,0.32520000000000004
36,2010,scincl,minilm,50,100,0.3478
36,2010,scincl,pubmedbert,10,100,0.054000000000000006
36,2010,scincl,pubmedbert,25,100,0.0564
36,2010,scincl,pubmedbert,50,100,0.0666
36,2010,scincl,biobert,10,100,0.063
36,2010,scincl,biobert,25,100,0.06480000000000001
36,2010,scincl,biobert,50,100,0.0732
36,2010,scincl,simcse,10,100,0.08
36,2010,scincl,simcse,25,100,0.08039999999999999
36,2010,scincl,simcse,50,100,0.0904
36,2010,scibert,bert,10,100,0.21600000000000003
36,2010,scibert,bert,25,100,0.2296
36,2010,scibert,bert,50,100,0.2506
36,2010,scibert,mpnet,10,100,0.087
36,2010,scibert,mpnet,25,100,0.0848
36,2010,scibert,mpnet,50,100,0.08800000000000001
36,2010,scibert,minilm,10,100,0.08
36,2010,scibert,minilm,25,100,0.0848
36,2010,scibert,minilm,50,100,0.09
36,2010,scibert,pubmedbert,10,100,0.33199999999999996
36,2010,scibert,pubmedbert,25,100,0.3456
36,2010,scibert,pubmedbert,50,100,0.3678
36,2010,scibert,biobert,10,100,0.321
36,2010,scibert,biobert,25,100,0.34600000000000003
36,2010,scibert,biobert,50,100,0.3618
36,2010,scibert,simcse,10,100,0.11599999999999999
36,2010,scibert,simcse,25,100,0.1148
36,2010,scibert,simcse,50,100,0.128
36,2010,bert,mpnet,10,100,0.09
36,2010,bert,mpnet,25,100,0.094
36,2010,bert,mpnet,50,100,0.1002
36,2010,bert,minilm,10,100,0.08399999999999999
36,2010,bert,minilm,25,100,0.0904
36,2010,bert,minilm,50,100,0.10099999999999999
36,2010,bert,pubmedbert,10,100,0.207
36,2010,bert,pubmedbert,25,100,0.2168
36,2010,bert,pubmedbert,50,100,0.23579999999999998
36,2010,bert,biobert,10,100,0.219
36,2010,bert,biobert,25,100,0.24600000000000002
36,2010,bert,biobert,50,100,0.26780000000000004
36,2010,bert,simcse,10,100,0.186
36,2010,bert,simcse,25,100,0.2084
36,2010,bert,simcse,50,100,0.22940000000000002
36,2010,mpnet,minilm,10,100,0.42800000000000005
36,2010,mpnet,minilm,25,100,0.44439999999999996
36,2010,mpnet,minilm,50,100,0.45
36,2010,mpnet,pubmedbert,10,100,0.071
36,2010,mpnet,pubmedbert,25,100,0.07519999999999999
36,2010,mpnet,pubmedbert,50,100,0.0784
36,2010,mpnet,biobert,10,100,0.073
36,2010,mpnet,biobert,25,100,0.0812
36,2010,mpnet,biobert,50,100,0.0892
36,2010,mpnet,simcse,10,100,0.086
36,2010,mpnet,simcse,25,100,0.10400000000000001
36,2010,mpnet,simcse,50,100,0.11199999999999999
36,2010,minilm,pubmedbert,10,100,0.061
36,2010,minilm,pubmedbert,25,100,0.07440000000000001
36,2010,minilm,pubmedbert,50,100,0.0788
36,2010,minilm,biobert,10,100,0.076
36,2010,minilm,biobert,25,100,0.0816
36,2010,minilm,biobert,50,100,0.0908
36,2010,minilm,simcse,10,100,0.09
36,2010,minilm,simcse,25,100,0.1128
36,2010,minilm,simcse,50,100,0.12380000000000001
36,2010,pubmedbert,biobert,10,100,0.33399999999999996
36,2010,pubmedbert,biobert,25,100,0.366
36,2010,pubmedbert,biobert,50,100,0.3774
36,2010,pubmedbert,simcse,10,100,0.098
36,2010,pubmedbert,simcse,25,100,0.1072
36,2010,pubmedbert,simcse,50,100,0.12300000000000001
36,2010,biobert,simcse,10,100,0.1
36,2010,biobert,simcse,25,100,0.10800000000000001
36,2010,biobert,simcse,50,100,0.1242
36,2015,specter,specter2,10,100,0.251
36,2015,specter,specter2,25,100,0.2688
36,2015,specter,specter2,50,100,0.2696
36,2015,specter,scincl,10,100,0.319
36,2015,specter,scincl,25,100,0.3264
36,2015,specter,scincl,50,100,0.3504
36,2015,specter,scibert,10,100,0.059
36,2015,specter,scibert,25,100,0.0652
36,2015,specter,scibert,50,100,0.0742
36,2015,specter,bert,10,100,0.062
36,2015,specter,bert,25,100,0.0536
36,2015,specter,bert,50,100,0.06860000000000001
36,2015,specter,mpnet,10,100,0.308
36,2015,specter,mpnet,25,100,0.2952
36,2015,specter,mpnet,50,100,0.3132
36,2015,specter,minilm,10,100,0.259
36,2015,specter,minilm,25,100,0.2792
36,2015,specter,minilm,50,100,0.2836
36,2015,specter,pubmedbert,10,100,0.051000000000000004
36,2015,specter,pubmedbert,25,100,0.0608
36,2015,specter,pubmedbert,50,100,0.0674
36,2015,specter,biobert,10,100,0.061
36,2015,specter,biobert,25,100,0.0732
36,2015,specter,biobert,50,100,0.076
36,2015,specter,simcse,10,100,0.078
36,2015,specter,simcse,25,100,0.08199999999999999
36,2015,specter,simcse,50,100,0.0902
36,2015,specter2,scincl,10,100,0.31
36,2015,specter2,scincl,25,100,0.3348
36,2015,specter2,scincl,50,100,0.3354
36,2015,specter2,scibert,10,100,0.064
36,2015,specter2,scibert,25,100,0.0732
36,2015,specter2,scibert,50,100,0.08
36,2015,specter2,bert,10,100,0.046
36,2015,specter2,bert,25,100,0.064
36,2015,specter2,bert,50,100,0.0766
36,2015,specter2,mpnet,10,100,0.318
36,2015,specter2,mpnet,25,100,0.32520000000000004
36,2015,specter2,mpnet,50,100,0.3418
36,2015,specter2,minilm,10,100,0.257
36,2015,specter2,minilm,25,100,0.2808
36,2015,specter2,minilm,50,100,0.2898
36,2015,specter2,pubmedbert,10,100,0.05600000000000001
36,2015,specter2,pubmedbert,25,100,0.0688
36,2015,specter2,pubmedbert,50,100,0.07400000000000001
36,2015,specter2,biobert,10,100,0.053000000000000005
36,2015,specter2,biobert,25,100,0.0776
36,2015,specter2,biobert,50,100,0.078
36,2015,specter2,simcse,10,100,0.068
36,2015,specter2,simcse,25,100,0.084
36,2015,specter2,simcse,50,100,0.09519999999999999
36,2015,scincl,scibert,10,100,0.06
36,2015,scincl,scibert,25,100,0.0636
36,2015,scincl,scibert,50,100,0.0662
36,2015,scincl,bert,10,100,0.05500000000000001
36,2015,scincl,bert,25,100,0.0576
36,2015,scincl,bert,50,100,0.06559999999999999
36,2015,scincl,mpnet,10,100,0.358
36,2015,scincl,mpnet,25,100,0.3856
36,2015,scincl,mpnet,50,100,0.4036
36,2015,scincl,minilm,10,100,0.324
36,2015,scincl,minilm,25,100,0.3556
36,2015,scincl,minilm,50,100,0.35840000000000005
36,2015,scincl,pubmedbert,10,100,0.046
36,2015,scincl,pubmedbert,25,100,0.053200000000000004
36,2015,scincl,pubmedbert,50,100,0.057800000000000004
36,2015,scincl,biobert,10,100,0.057999999999999996
36,2015,scincl,biobert,25,100,0.0636
36,2015,scincl,biobert,50,100,0.0674
36,2015,scincl,simcse,10,100,0.08199999999999999
36,2015,scincl,simcse,25,100,0.0824
36,2015,scincl,simcse,50,100,0.0902
36,2015,scibert,bert,10,100,0.196
36,2015,scibert,bert,25,100,0.22719999999999999
36,2015,scibert,bert,50,100,0.2452
36,2015,scibert,mpnet,10,100,0.066
36,2015,scibert,mpnet,25,100,0.07
36,2015,scibert,mpnet,50,100,0.0806
36,2015,scibert,minilm,10,100,0.064
36,2015,scibert,minilm,25,100,0.0676
36,2015,scibert,minilm,50,100,0.0776
36,2015,scibert,pubmedbert,10,100,0.308
36,2015,scibert,pubmedbert,25,100,0.342
36,2015,scibert,pubmedbert,50,100,0.36939999999999995
36,2015,scibert,biobert,10,100,0.279
36,2015,scibert,biobert,25,100,0.32280000000000003
36,2015,scibert,biobert,50,100,0.3346
36,2015,scibert,simcse,10,100,0.10400000000000001
36,2015,scibert,simcse,25,100,0.1184
36,2015,scibert,simcse,50,100,0.13140000000000002
36,2015,bert,mpnet,10,100,0.06999999999999999
36,2015,bert,mpnet,25,100,0.0808
36,2015,bert,mpnet,50,100,0.0944
36,2015,bert,minilm,10,100,0.071
36,2015,bert,minilm,25,100,0.08
36,2015,bert,minilm,50,100,0.09820000000000001
36,2015,bert,pubmedbert,10,100,0.182
36,2015,bert,pubmedbert,25,100,0.2104
36,2015,bert,pubmedbert,50,100,0.2328
36,2015,bert,biobert,10,100,0.209
36,2015,bert,biobert,25,100,0.2348
36,2015,bert,biobert,50,100,0.2596
36,2015,bert,simcse,10,100,0.194
36,2015,bert,simcse,25,100,0.212
36,2015,bert,simcse,50,100,0.2364
36,2015,mpnet,minilm,10,100,0.44299999999999995
36,2015,mpnet,minilm,25,100,0.45799999999999996
36,2015,mpnet,minilm,50,100,0.4658
36,2015,mpnet,pubmedbert,10,100,0.064
36,2015,mpnet,pubmedbert,25,100,0.0668
36,2015,mpnet,pubmedbert,50,100,0.076
36,2015,mpnet,biobert,10,100,0.068
36,2015,mpnet,biobert,25,100,0.08199999999999999
36,2015,mpnet,biobert,50,100,0.08779999999999999
36,2015,mpnet,simcse,10,100,0.089
36,2015,mpnet,simcse,25,100,0.0984
36,2015,mpnet,simcse,50,100,0.1116
36,2015,minilm,pubmedbert,10,100,0.056999999999999995
36,2015,minilm,pubmedbert,25,100,0.0616
36,2015,minilm,pubmedbert,50,100,0.0706
36,2015,minilm,biobert,10,100,0.056999999999999995
36,2015,minilm,biobert,25,100,0.078
36,2015,minilm,biobert,50,100,0.0832
36,2015,minilm,simcse,10,100,0.098
36,2015,minilm,simcse,25,100,0.1008
36,2015,minilm,simcse,50,100,0.1202
36,2015,pubmedbert,biobert,10,100,0.301
36,2015,pubmedbert,biobert,25,100,0.332
36,2015,pubmedbert,biobert,50,100,0.36219999999999997
36,2015,pubmedbert,simcse,10,100,0.093
36,2015,pubmedbert,simcse,25,100,0.1092
36,2015,pubmedbert,simcse,50,100,0.121
36,2015,biobert,simcse,10,100,0.11100000000000002
36,2015,biobert,simcse,25,100,0.11599999999999999
36,2015,biobert,simcse,50,100,0.1284
36,2020,specter,specter2,10,100,0.252
36,2020,specter,specter2,25,100,0.2668
36,2020,specter,specter2,50,100,0.2726
36,2020,specter,scincl,10,100,0.29100000000000004
36,2020,specter,scincl,25,100,0.3196
36,2020,specter,scincl,50,100,0.3306
36,2020,specter,scibert,10,100,0.074
36,2020,specter,scibert,25,100,0.08560000000000001
36,2020,specter,scibert,50,100,0.0924
36,2020,specter,bert,10,100,0.076
36,2020,specter,bert,25,100,0.08039999999999999
36,2020,specter,bert,50,100,0.08199999999999999
36,2020,specter,mpnet,10,100,0.28500000000000003
36,2020,specter,mpnet,25,100,0.30920000000000003
36,2020,specter,mpnet,50,100,0.3218
36,2020,specter,minilm,10,100,0.24300000000000002
36,2020,specter,minilm,25,100,0.2644
36,2020,specter,minilm,50,100,0.28859999999999997
36,2020,specter,pubmedbert,10,100,0.066
36,2020,specter,pubmedbert,25,100,0.0712
36,2020,specter,pubmedbert,50,100,0.07200000000000001
36,2020,specter,biobert,10,100,0.077
36,2020,specter,biobert,25,100,0.0808
36,2020,specter,biobert,50,100,0.08560000000000001
36,2020,specter,simcse,10,100,0.086
36,2020,specter,simcse,25,100,0.0928
36,2020,specter,simcse,50,100,0.09380000000000001
36,2020,specter2,scincl,10,100,0.313
36,2020,specter2,scincl,25,100,0.3308
36,2020,specter2,scincl,50,100,0.3358
36,2020,specter2,scibert,10,100,0.08
36,2020,specter2,scibert,25,100,0.09960000000000001
36,2020,specter2,scibert,50,100,0.102
36,2020,specter2,bert,10,100,0.071
36,2020,specter2,bert,25,100,0.0828
36,2020,specter2,bert,50,100,0.0892
36,2020,specter2,mpnet,10,100,0.312
36,2020,specter2,mpnet,25,100,0.3292
36,2020,specter2,mpnet,50,100,0.34380000000000005
36,2020,specter2,minilm,10,100,0.268
36,2020,specter2,minilm,25,100,0.28800000000000003
36,2020,specter2,minilm,50,100,0.3014
36,2020,specter2,pubmedbert,10,100,0.073
36,2020,specter2,pubmedbert,25,100,0.0704
36,2020,specter2,pubmedbert,50,100,0.079
36,2020,specter2,biobert,10,100,0.077
36,2020,specter2,biobert,25,100,0.0796
36,2020,specter2,biobert,50,100,0.0892
36,2020,specter2,simcse,10,100,0.086
36,2020,specter2,simcse,25,100,0.09720000000000001
36,2020,specter2,simcse,50,100,0.09699999999999999
36,2020,scincl,scibert,10,100,0.075
36,2020,scincl,scibert,25,100,0.07519999999999999
36,2020,scincl,scibert,50,100,0.0834
36,2020,scincl,bert,10,100,0.063
36,2020,scincl,bert,25,100,0.07200000000000001
36,2020,scincl,bert,50,100,0.0768
36,2020,scincl,mpnet,10,100,0.325
36,2020,scincl,mpnet,25,100,0.3544
36,2020,scincl,mpnet,50,100,0.3824
36,2020,scincl,minilm,10,100,0.31
36,2020,scincl,minilm,25,100,0.324
36,2020,scincl,minilm,50,100,0.3458
36,2020,scincl,pubmedbert,10,100,0.06999999999999999
36,2020,scincl,pubmedbert,25,100,0.0632
36,2020,scincl,pubmedbert,50,100,0.0666
36,2020,scincl,biobert,10,100,0.074
36,2020,scincl,biobert,25,100,0.06480000000000001
36,2020,scincl,biobert,50,100,0.07519999999999999
36,2020,scincl,simcse,10,100,0.093
36,2020,scincl,simcse,25,100,0.0864
36,2020,scincl,simcse,50,100,0.094
36,2020,scibert,bert,10,100,0.227
36,2020,scibert,bert,25,100,0.2612
36,2020,scibert,bert,50,100,0.2692
36,2020,scibert,mpnet,10,100,0.081
36,2020,scibert,mpnet,25,100,0.09
36,2020,scibert,mpnet,50,100,0.1042
36,2020,scibert,minilm,10,100,0.074
36,2020,scibert,minilm,25,100,0.0892
36,2020,scibert,minilm,50,100,0.1038
36,2020,scibert,pubmedbert,10,100,0.32999999999999996
36,2020,scibert,pubmedbert,25,100,0.3472
36,2020,scibert,pubmedbert,50,100,0.3688
36,2020,scibert,biobert,10,100,0.298
36,2020,scibert,biobert,25,100,0.33
36,2020,scibert,biobert,50,100,0.35340000000000005
36,2020,scibert,simcse,10,100,0.11599999999999999
36,2020,scibert,simcse,25,100,0.1272
36,2020,scibert,simcse,50,100,0.133
36,2020,bert,mpnet,10,100,0.088
36,2020,bert,mpnet,25,100,0.1012
36,2020,bert,mpnet,50,100,0.1076
36,2020,bert,minilm,10,100,0.092
36,2020,bert,minilm,25,100,0.09359999999999999
36,2020,bert,minilm,50,100,0.1096
36,2020,bert,pubmedbert,10,100,0.188
36,2020,bert,pubmedbert,25,100,0.2168
36,2020,bert,pubmedbert,50,100,0.2414
36,2020,bert,biobert,10,100,0.223
36,2020,bert,biobert,25,100,0.2396
36,2020,bert,biobert,50,100,0.271
36,2020,bert,simcse,10,100,0.189
36,2020,bert,simcse,25,100,0.20920000000000002
36,2020,bert,simcse,50,100,0.22219999999999998
36,2020,mpnet,minilm,10,100,0.426
36,2020,mpnet,minilm,25,100,0.4596
36,2020,mpnet,minilm,50,100,0.46020000000000005
36,2020,mpnet,pubmedbert,10,100,0.068
36,2020,mpnet,pubmedbert,25,100,0.0764
36,2020,mpnet,pubmedbert,50,100,0.08900000000000001
36,2020,mpnet,biobert,10,100,0.092
36,2020,mpnet,biobert,25,100,0.0904
36,2020,mpnet,biobert,50,100,0.0968
36,2020,mpnet,simcse,10,100,0.11299999999999999
36,2020,mpnet,simcse,25,100,0.11320000000000001
36,2020,mpnet,simcse,50,100,0.1206
36,2020,minilm,pubmedbert,10,100,0.072
36,2020,minilm,pubmedbert,25,100,0.0768
36,2020,minilm,pubmedbert,50,100,0.0882
36,2020,minilm,biobert,10,100,0.08199999999999999
36,2020,minilm,biobert,25,100,0.0876
36,2020,minilm,biobert,50,100,0.09880000000000001
36,2020,minilm,simcse,10,100,0.127
36,2020,minilm,simcse,25,100,0.1252
36,2020,minilm,simcse,50,100,0.1344
36,2020,pubmedbert,biobert,10,100,0.323
36,2020,pubmedbert,biobert,25,100,0.34240000000000004
36,2020,pubmedbert,biobert,50,100,0.3638
36,2020,pubmedbert,simcse,10,100,0.10900000000000001
36,2020,pubmedbert,simcse,25,100,0.1176
36,2020,pubmedbert,simcse,50,100,0.1252
36,2020,biobert,simcse,10,100,0.13799999999999998
36,2020,biobert,simcse,25,100,0.1332
36,2020,biobert,simcse,50,100,0.1332
