subfield_id,name,candidates,recipe,k,agreement,within_panel_percentile
1100,General Agricultural and Biological Sciences,128,mean,10,0.4251736111111112,0.4262295081967213
1102,Agronomy and Crop Science,128,mean,10,0.43883680555555554,0.546448087431694
1103,Animal Science and Zoology,128,mean,10,0.43753472222222217,0.5300546448087432
1104,Aquatic Science,128,mean,10,0.4336805555555556,0.4918032786885246
1105,"Ecology, Evolution, Behavior and Systematics",128,mean,10,0.47060763888888885,0.8797814207650273
1106,Food Science,128,mean,10,0.4519791666666666,0.7049180327868853
1109,Insect Science,128,mean,10,0.4033854166666666,0.21311475409836064
1110,Plant Science,128,mean,10,0.42885416666666665,0.453551912568306
1111,Soil Science,128,mean,10,0.44060763888888893,0.5846994535519126
1202,History,128,mean,10,0.3660416666666667,0.03825136612021858
1203,Language and Linguistics,128,mean,10,0.42074652777777777,0.366120218579235
1204,Archeology,128,mean,10,0.3906076388888889,0.1092896174863388
1207,History and Philosophy of Science,128,mean,10,0.39486111111111105,0.13114754098360656
1208,Literature and Literary Theory,128,mean,10,0.33838541666666666,0.01639344262295082
1210,Music,128,mean,10,0.3883333333333333,0.09289617486338798
1211,Philosophy,128,mean,10,0.42147569444444455,0.37158469945355194
1212,Religious studies,128,mean,10,0.33625,0.01092896174863388
1213,Visual Arts and Performing Arts,128,mean,10,0.35835069444444445,0.0273224043715847
1304,Biophysics,128,mean,10,0.4415972222222223,0.6010928961748634
1305,Biotechnology,128,mean,10,0.46324652777777775,0.8306010928961749
1306,Cancer Research,128,mean,10,0.39612847222222225,0.14754098360655737
1307,Cell Biology,128,mean,10,0.4597222222222223,0.7923497267759563
1311,Genetics,128,mean,10,0.5235763888888888,1.0
1312,Molecular Biology,128,mean,10,0.42373263888888896,0.40437158469945356
1313,Molecular Medicine,128,mean,10,0.4813888888888889,0.9398907103825137
1402,Accounting,128,mean,10,0.39281250000000006,0.11475409836065574
1404,Management Information Systems,128,mean,10,0.41932291666666677,0.3551912568306011
1405,Management of Technology and Innovation,128,mean,10,0.4386631944444445,0.5409836065573771
1406,Marketing,128,mean,10,0.40246527777777774,0.20765027322404372
1407,Organizational Behavior and Human Resource Management,128,mean,10,0.41506944444444455,0.30601092896174864
1408,Strategy and Management,128,mean,10,0.3857812500000001,0.08196721311475409
1502,Bioengineering,128,mean,10,0.3694965277777778,0.04371584699453552
1503,Catalysis,128,mean,10,0.4117187499999999,0.2677595628415301
1507,Fluid Flow and Transfer Processes,128,mean,10,0.44699652777777776,0.6557377049180327
1508,Process Chemistry and Technology,128,mean,10,0.43935763888888885,0.5573770491803278
1602,Analytical Chemistry,128,mean,10,0.4359548611111111,0.5136612021857924
1604,Inorganic Chemistry,128,mean,10,0.4436111111111112,0.6284153005464481
1605,Organic Chemistry,128,mean,10,0.3732465277777778,0.06557377049180328
1606,Physical and Theoretical Chemistry,128,mean,10,0.41609375,0.31693989071038253
1607,Spectroscopy,128,mean,10,0.4484548611111111,0.6721311475409836
1702,Artificial Intelligence,128,mean,10,0.40555555555555556,0.22950819672131148
1703,Computational Theory and Mathematics,128,mean,10,0.4747222222222222,0.8907103825136612
1704,Computer Graphics and Computer-Aided Design,128,mean,10,0.4795138888888889,0.9289617486338798
1705,Computer Networks and Communications,128,mean,10,0.3884375,0.09836065573770492
1706,Computer Science Applications,128,mean,10,0.3974652777777778,0.17486338797814208
1707,Computer Vision and Pattern Recognition,128,mean,10,0.4015625,0.19672131147540983
1708,Hardware and Architecture,128,mean,10,0.3861111111111112,0.08743169398907104
1709,Human-Computer Interaction,128,mean,10,0.4421701388888889,0.6065573770491803
1710,Information Systems,128,mean,10,0.4435416666666668,0.6229508196721312
1711,Signal Processing,128,mean,10,0.46079861111111114,0.7978142076502732
1802,Information Systems and Management,128,mean,10,0.4315625,0.46994535519125685
1803,Management Science and Operations Research,128,mean,10,0.4373958333333334,0.5245901639344263
1804,"Statistics, Probability and Uncertainty",128,mean,10,0.4627430555555555,0.825136612021858
1902,Atmospheric Science,128,mean,10,0.46119791666666665,0.8087431693989071
1904,Earth-Surface Processes,128,mean,10,0.4589756944444444,0.7814207650273224
1906,Geochemistry and Petrology,128,mean,10,0.4482118055555556,0.6666666666666666
1907,Geology,128,mean,10,0.4847222222222223,0.9508196721311475
1908,Geophysics,128,mean,10,0.45690972222222226,0.7540983606557377
1910,Oceanography,128,mean,10,0.45614583333333336,0.73224043715847
1911,Paleontology,128,mean,10,0.43918402777777776,0.5519125683060109
2000,"General Economics, Econometrics and Finance",128,mean,10,0.41032986111111114,0.2568306010928962
2002,Economics and Econometrics,128,mean,10,0.39529513888888884,0.14207650273224043
2003,Finance,128,mean,10,0.4402777777777779,0.5792349726775956
2102,Energy Engineering and Power Technology,128,mean,10,0.4248263888888889,0.4207650273224044
2105,"Renewable Energy, Sustainability and the Environment",128,mean,10,0.47881944444444435,0.9180327868852459
2202,Aerospace Engineering,128,mean,10,0.46732638888888883,0.8579234972677595
2203,Automotive Engineering,128,mean,10,0.4788368055555555,0.9234972677595629
2204,Biomedical Engineering,128,mean,10,0.47559027777777785,0.9016393442622951
2205,Civil and Structural Engineering,128,mean,10,0.39015625000000004,0.10382513661202186
2206,Computational Mechanics,128,mean,10,0.43312500000000004,0.48633879781420764
2207,Control and Systems Engineering,128,mean,10,0.43961805555555566,0.5683060109289617
2208,Electrical and Electronic Engineering,128,mean,10,0.4394444444444444,0.5628415300546448
2209,Industrial and Manufacturing Engineering,128,mean,10,0.4156423611111111,0.3114754098360656
2210,Mechanical Engineering,128,mean,10,0.4127604166666667,0.2896174863387978
2211,Mechanics of Materials,128,mean,10,0.4565624999999999,0.7486338797814208
2212,Ocean Engineering,128,mean,10,0.43663194444444436,0.5191256830601093
2213,"Safety, Risk, Reliability and Quality",128,mean,10,0.45635416666666667,0.7431693989071039
2214,Media Technology,128,mean,10,0.48668402777777764,0.9617486338797814
2215,Building and Construction,128,mean,10,0.48989583333333336,0.9726775956284153
2303,Ecology,128,mean,10,0.4643749999999999,0.8360655737704918
2304,Environmental Chemistry,128,mean,10,0.47975694444444444,0.9344262295081968
2305,Environmental Engineering,128,mean,10,0.4375694444444444,0.5355191256830601
2306,Global and Planetary Change,128,mean,10,0.4984895833333334,0.9890710382513661
2307,"Health, Toxicology and Mutagenesis",128,mean,10,0.45925347222222207,0.7868852459016393
2308,"Management, Monitoring, Policy and Law",128,mean,10,0.4445833333333333,0.644808743169399
2309,Nature and Landscape Conservation,128,mean,10,0.48578125000000005,0.9562841530054644
2310,Pollution,128,mean,10,0.4580555555555555,0.7704918032786885
2311,Waste Management and Disposal,128,mean,10,0.4019097222222222,0.20218579234972678
2312,Water Science and Technology,128,mean,10,0.47397569444444443,0.8852459016393442
2403,Immunology,128,mean,10,0.38201388888888893,0.07103825136612021
2404,Microbiology,128,mean,10,0.41928819444444443,0.34972677595628415
2405,Parasitology,128,mean,10,0.4168229166666667,0.3333333333333333
2406,Virology,128,mean,10,0.4577777777777779,0.7650273224043715
2502,Biomaterials,128,mean,10,0.42973958333333334,0.4644808743169399
2504,"Electronic, Optical and Magnetic Materials",128,mean,10,0.4816145833333334,0.9453551912568307
2505,Materials Chemistry,128,mean,10,0.4338888888888889,0.5027322404371585
2507,Polymers and Plastics,128,mean,10,0.4282118055555555,0.44808743169398907
2508,"Surfaces, Coatings and Films",128,mean,10,0.4611284722222223,0.8032786885245902
2602,Algebra and Number Theory,128,mean,10,0.31586805555555564,0.00546448087431694
2604,Applied Mathematics,128,mean,10,0.45618055555555553,0.7377049180327869
2608,Geometry and Topology,128,mean,10,0.3732118055555555,0.060109289617486336
2610,Mathematical Physics,128,mean,10,0.35939236111111117,0.03278688524590164
2611,Modeling and Simulation,128,mean,10,0.4767013888888889,0.907103825136612
2612,Numerical Analysis,128,mean,10,0.34961805555555553,0.02185792349726776
2613,Statistics and Probability,128,mean,10,0.42743055555555554,0.4426229508196721
2703,Anesthesiology and Pain Medicine,128,mean,10,0.39484374999999994,0.12568306010928962
2705,Cardiology and Cardiovascular Medicine,128,mean,10,0.4093402777777779,0.25136612021857924
2707,Complementary and alternative medicine,128,mean,10,0.4121006944444444,0.2786885245901639
2708,Dermatology,128,mean,10,0.3995659722222221,0.18032786885245902
2711,Emergency Medicine,128,mean,10,0.4233854166666666,0.3989071038251366
2712,"Endocrinology, Diabetes and Metabolism",128,mean,10,0.44437499999999996,0.639344262295082
2713,Epidemiology,128,mean,10,0.4226909722222223,0.3879781420765027
2715,Gastroenterology,128,mean,10,0.4241840277777778,0.41530054644808745
2716,Genetics,128,mean,10,0.45109374999999996,0.6939890710382514
2720,Hematology,128,mean,10,0.42901041666666667,0.45901639344262296
2721,Hepatology,128,mean,10,0.4398263888888889,0.5737704918032787
2725,Infectious Diseases,128,mean,10,0.4085937500000001,0.2459016393442623
2727,Nephrology,128,mean,10,0.3697395833333333,0.04918032786885246
2728,Neurology,128,mean,10,0.41947916666666674,0.36065573770491804
2729,Obstetrics and Gynecology,128,mean,10,0.43413194444444453,0.5081967213114754
2730,Oncology,128,mean,10,0.46501736111111114,0.8469945355191257
2731,Ophthalmology,128,mean,10,0.39720486111111114,0.16393442622950818
2732,Orthopedics and Sports Medicine,128,mean,10,0.43211805555555566,0.47540983606557374
2733,Otorhinolaryngology,128,mean,10,0.4179340277777779,0.3442622950819672
2734,Pathology and Forensic Medicine,128,mean,10,0.4785069444444444,0.912568306010929
2735,"Pediatrics, Perinatology and Child Health",128,mean,10,0.4272222222222223,0.4371584699453552
2736,Pharmacology,128,mean,10,0.44973958333333336,0.6830601092896175
2737,Physiology,128,mean,10,0.45272569444444444,0.7103825136612022
2738,Psychiatry and Mental health,128,mean,10,0.40026041666666673,0.1912568306010929
2739,"Public Health, Environmental and Occupational Health",128,mean,10,0.4540277777777778,0.7158469945355191
2740,Pulmonary and Respiratory Medicine,128,mean,10,0.4035243055555557,0.2185792349726776
2741,"Radiology, Nuclear Medicine and Imaging",128,mean,10,0.46145833333333325,0.819672131147541
2742,Rehabilitation,128,mean,10,0.47046874999999994,0.8743169398907104
2743,Reproductive Medicine,128,mean,10,0.4677430555555555,0.8633879781420765
2745,Rheumatology,128,mean,10,0.44232638888888887,0.6120218579234973
2746,Surgery,128,mean,10,0.41269097222222223,0.28415300546448086
2748,Urology,128,mean,10,0.4337499999999999,0.4972677595628415
2804,Cellular and Molecular Neuroscience,128,mean,10,0.46809027777777773,0.8688524590163934
2805,Cognitive Neuroscience,128,mean,10,0.4877256944444444,0.9672131147540983
2807,Endocrine and Autonomic Systems,128,mean,10,0.4114756944444445,0.26229508196721313
2808,Neurology,128,mean,10,0.4935069444444445,0.9781420765027322
2809,Sensory Systems,128,mean,10,0.4613715277777778,0.8142076502732241
2910,"Issues, ethics and legal aspects",128,mean,10,0.38510416666666664,0.07650273224043716
2916,Nutrition and Dietetics,128,mean,10,0.4515451388888888,0.6994535519125683
3003,Pharmaceutical Science,128,mean,10,0.39710069444444446,0.15846994535519127
3004,Pharmacology,128,mean,10,0.44295138888888896,0.6174863387978142
3005,Toxicology,128,mean,10,0.4976909722222222,0.9836065573770492
3103,Astronomy and Astrophysics,128,mean,10,0.4224305555555554,0.3825136612021858
3104,Condensed Matter Physics,128,mean,10,0.4754513888888889,0.8961748633879781
3106,Nuclear and High Energy Physics,128,mean,10,0.4271354166666666,0.43169398907103823
3107,"Atomic and Molecular Physics, and Optics",128,mean,10,0.44760416666666664,0.6612021857923497
3108,Radiation,128,mean,10,0.4561284722222222,0.726775956284153
3109,Statistical and Nonlinear Physics,128,mean,10,0.45031249999999995,0.6885245901639344
3203,Clinical Psychology,128,mean,10,0.3974305555555555,0.16939890710382513
3204,Developmental and Educational Psychology,128,mean,10,0.43234375,0.4808743169398907
3205,Experimental and Cognitive Psychology,128,mean,10,0.4408854166666666,0.5901639344262295
3207,Social Psychology,128,mean,10,0.41182291666666665,0.273224043715847
3304,Education,128,mean,10,0.39364583333333336,0.12021857923497267
3305,"Geography, Planning and Development",128,mean,10,0.4646180555555555,0.8415300546448088
3306,Health,128,mean,10,0.44102430555555566,0.5956284153005464
3308,Law,128,mean,10,0.3712673611111112,0.0546448087431694
3311,Safety Research,128,mean,10,0.46508680555555565,0.8524590163934426
3312,Sociology and Political Science,128,mean,10,0.4136458333333333,0.29508196721311475
3313,Transportation,128,mean,10,0.41706597222222225,0.33879781420765026
3314,Anthropology,128,mean,10,0.3997395833333333,0.18579234972677597
3315,Communication,128,mean,10,0.40710069444444436,0.24043715846994534
3316,Cultural Studies,128,mean,10,0.3962673611111112,0.15300546448087432
3317,Demography,128,mean,10,0.45845486111111106,0.7759562841530054
3318,Gender Studies,128,mean,10,0.4144270833333334,0.3005464480874317
3320,Political Science and International Relations,128,mean,10,0.40536458333333325,0.22404371584699453
3322,Urban Studies,128,mean,10,0.40682291666666665,0.23497267759562843
3402,Equine,128,mean,10,0.4239409722222222,0.4098360655737705
3404,Small Animals,128,mean,10,0.445920138888889,0.6502732240437158
3504,Oral Surgery,128,mean,10,0.4436458333333333,0.6338797814207651
3505,Orthodontics,128,mean,10,0.4230555555555556,0.39344262295081966
3506,Periodontics,128,mean,10,0.4166666666666667,0.32786885245901637
3600,General Health Professions,128,mean,10,0.3949131944444445,0.1366120218579235
3604,Emergency Medical Services,128,mean,10,0.44847222222222227,0.6775956284153005
3605,Health Information Management,128,mean,10,0.4216840277777778,0.3770491803278688
3609,Occupational Therapy,128,mean,10,0.457361111111111,0.7595628415300546
3612,"Physical Therapy, Sports Therapy and Rehabilitation",128,mean,10,0.41652777777777783,0.3224043715846995
3614,Radiological and Ultrasound Technology,128,mean,10,0.4550173611111111,0.7213114754098361
3616,Speech and Hearing,128,mean,10,0.5007465277777778,0.994535519125683
1100,General Agricultural and Biological Sciences,128,mean,25,0.5336666666666667,0.453551912568306
1102,Agronomy and Crop Science,128,mean,25,0.5532083333333333,0.6775956284153005
1103,Animal Science and Zoology,128,mean,25,0.5526875,0.6666666666666666
1104,Aquatic Science,128,mean,25,0.5591180555555555,0.7759562841530054
1105,"Ecology, Evolution, Behavior and Systematics",128,mean,25,0.5718958333333334,0.8579234972677595
1106,Food Science,128,mean,25,0.5337638888888888,0.45901639344262296
1109,Insect Science,128,mean,25,0.5184791666666667,0.2677595628415301
1110,Plant Science,128,mean,25,0.5373958333333333,0.48633879781420764
1111,Soil Science,128,mean,25,0.5448263888888889,0.5628415300546448
1202,History,128,mean,25,0.4644305555555556,0.01639344262295082
1203,Language and Linguistics,128,mean,25,0.5490347222222222,0.6284153005464481
1204,Archeology,128,mean,25,0.5073055555555557,0.1912568306010929
1207,History and Philosophy of Science,128,mean,25,0.5061666666666667,0.16393442622950818
1208,Literature and Literary Theory,128,mean,25,0.46654861111111107,0.02185792349726776
1210,Music,128,mean,25,0.5069861111111112,0.18579234972677597
1211,Philosophy,128,mean,25,0.5217013888888888,0.3114754098360656
1212,Religious studies,128,mean,25,0.4503472222222223,0.01092896174863388
1213,Visual Arts and Performing Arts,128,mean,25,0.47477777777777774,0.03278688524590164
1304,Biophysics,128,mean,25,0.5436388888888888,0.546448087431694
1305,Biotechnology,128,mean,25,0.5541597222222221,0.6994535519125683
1306,Cancer Research,128,mean,25,0.5224513888888889,0.31693989071038253
1307,Cell Biology,128,mean,25,0.5642430555555555,0.819672131147541
1311,Genetics,128,mean,25,0.5649930555555556,0.825136612021858
1312,Molecular Biology,128,mean,25,0.5199513888888889,0.2786885245901639
1313,Molecular Medicine,128,mean,25,0.6216319444444445,0.9890710382513661
1402,Accounting,128,mean,25,0.5125624999999999,0.22950819672131148
1404,Management Information Systems,128,mean,25,0.5238055555555555,0.33879781420765026
1405,Management of Technology and Innovation,128,mean,25,0.5406805555555556,0.5081967213114754
1406,Marketing,128,mean,25,0.5171874999999999,0.2568306010928962
1407,Organizational Behavior and Human Resource Management,128,mean,25,0.5271458333333333,0.37158469945355194
1408,Strategy and Management,128,mean,25,0.49466666666666653,0.07103825136612021
1502,Bioengineering,128,mean,25,0.4931805555555555,0.06557377049180328
1503,Catalysis,128,mean,25,0.5407847222222223,0.5136612021857924
1507,Fluid Flow and Transfer Processes,128,mean,25,0.5785763888888888,0.8961748633879781
1508,Process Chemistry and Technology,128,mean,25,0.5962708333333333,0.9562841530054644
1602,Analytical Chemistry,128,mean,25,0.5315347222222223,0.4426229508196721
1604,Inorganic Chemistry,128,mean,25,0.5609305555555556,0.7923497267759563
1605,Organic Chemistry,128,mean,25,0.5006250000000001,0.11475409836065574
1606,Physical and Theoretical Chemistry,128,mean,25,0.5210347222222222,0.30601092896174864
1607,Spectroscopy,128,mean,25,0.5562013888888889,0.7431693989071039
1702,Artificial Intelligence,128,mean,25,0.5003819444444445,0.1092896174863388
1703,Computational Theory and Mathematics,128,mean,25,0.5439652777777779,0.5573770491803278
1704,Computer Graphics and Computer-Aided Design,128,mean,25,0.6070555555555555,0.9726775956284153
1705,Computer Networks and Communications,128,mean,25,0.5108541666666667,0.20765027322404372
1706,Computer Science Applications,128,mean,25,0.5008611111111111,0.12021857923497267
1707,Computer Vision and Pattern Recognition,128,mean,25,0.5078125,0.19672131147540983
1708,Hardware and Architecture,128,mean,25,0.5033124999999999,0.1366120218579235
1709,Human-Computer Interaction,128,mean,25,0.5553263888888887,0.726775956284153
1710,Information Systems,128,mean,25,0.5370277777777778,0.4808743169398907
1711,Signal Processing,128,mean,25,0.5485694444444444,0.6120218579234973
1802,Information Systems and Management,128,mean,25,0.5408263888888889,0.5191256830601093
1803,Management Science and Operations Research,128,mean,25,0.5279513888888889,0.39344262295081966
1804,"Statistics, Probability and Uncertainty",128,mean,25,0.57525,0.8688524590163934
1902,Atmospheric Science,128,mean,25,0.5551805555555556,0.7213114754098361
1904,Earth-Surface Processes,128,mean,25,0.5783541666666667,0.8852459016393442
1906,Geochemistry and Petrology,128,mean,25,0.561326388888889,0.8032786885245902
1907,Geology,128,mean,25,0.6098958333333333,0.9836065573770492
1908,Geophysics,128,mean,25,0.5790972222222222,0.907103825136612
1910,Oceanography,128,mean,25,0.5890069444444445,0.9453551912568307
1911,Paleontology,128,mean,25,0.5588958333333333,0.7704918032786885
2000,"General Economics, Econometrics and Finance",128,mean,25,0.5264444444444445,0.3551912568306011
2002,Economics and Econometrics,128,mean,25,0.4984166666666666,0.09289617486338798
2003,Finance,128,mean,25,0.5558541666666666,0.73224043715847
2102,Energy Engineering and Power Technology,128,mean,25,0.553513888888889,0.6830601092896175
2105,"Renewable Energy, Sustainability and the Environment",128,mean,25,0.6260694444444443,0.994535519125683
2202,Aerospace Engineering,128,mean,25,0.5777569444444445,0.8797814207650273
2203,Automotive Engineering,128,mean,25,0.5806041666666666,0.9180327868852459
2204,Biomedical Engineering,128,mean,25,0.5587916666666667,0.7650273224043715
2205,Civil and Structural Engineering,128,mean,25,0.49745138888888885,0.07650273224043716
2206,Computational Mechanics,128,mean,25,0.5453055555555555,0.5737704918032787
2207,Control and Systems Engineering,128,mean,25,0.5422777777777777,0.5355191256830601
2208,Electrical and Electronic Engineering,128,mean,25,0.5207152777777777,0.3005464480874317
2209,Industrial and Manufacturing Engineering,128,mean,25,0.531736111111111,0.44808743169398907
2210,Mechanical Engineering,128,mean,25,0.5292708333333334,0.4098360655737705
2211,Mechanics of Materials,128,mean,25,0.5487638888888889,0.6174863387978142
2212,Ocean Engineering,128,mean,25,0.5278888888888889,0.3879781420765027
2213,"Safety, Risk, Reliability and Quality",128,mean,25,0.5499583333333333,0.6502732240437158
2214,Media Technology,128,mean,25,0.6071875,0.9781420765027322
2215,Building and Construction,128,mean,25,0.5950833333333334,0.9508196721311475
2303,Ecology,128,mean,25,0.5477222222222222,0.6010928961748634
2304,Environmental Chemistry,128,mean,25,0.5626319444444445,0.8142076502732241
2305,Environmental Engineering,128,mean,25,0.523451388888889,0.32786885245901637
2306,Global and Planetary Change,128,mean,25,0.5785416666666666,0.8907103825136612
2307,"Health, Toxicology and Mutagenesis",128,mean,25,0.5497152777777777,0.644808743169399
2308,"Management, Monitoring, Policy and Law",128,mean,25,0.5263888888888889,0.34972677595628415
2309,Nature and Landscape Conservation,128,mean,25,0.5803541666666666,0.912568306010929
2310,Pollution,128,mean,25,0.5606180555555557,0.7868852459016393
2311,Waste Management and Disposal,128,mean,25,0.5202916666666666,0.2896174863387978
2312,Water Science and Technology,128,mean,25,0.581388888888889,0.9234972677595629
2403,Immunology,128,mean,25,0.4893333333333334,0.0546448087431694
2404,Microbiology,128,mean,25,0.5226666666666666,0.3224043715846995
2405,Parasitology,128,mean,25,0.5053611111111111,0.15300546448087432
2406,Virology,128,mean,25,0.5611875,0.7978142076502732
2502,Biomaterials,128,mean,25,0.5344513888888888,0.46994535519125685
2504,"Electronic, Optical and Magnetic Materials",128,mean,25,0.5693125,0.8469945355191257
2505,Materials Chemistry,128,mean,25,0.5342152777777778,0.4644808743169399
2507,Polymers and Plastics,128,mean,25,0.5465555555555556,0.5901639344262295
2508,"Surfaces, Coatings and Films",128,mean,25,0.5774722222222222,0.8743169398907104
2602,Algebra and Number Theory,128,mean,25,0.44447916666666665,0.00546448087431694
2604,Applied Mathematics,128,mean,25,0.5510347222222222,0.6557377049180327
2608,Geometry and Topology,128,mean,25,0.47255555555555556,0.0273224043715847
2610,Mathematical Physics,128,mean,25,0.4924583333333334,0.060109289617486336
2611,Modeling and Simulation,128,mean,25,0.6444444444444444,1.0
2612,Numerical Analysis,128,mean,25,0.4775069444444445,0.03825136612021858
2613,Statistics and Probability,128,mean,25,0.5426875,0.5409836065573771
2703,Anesthesiology and Pain Medicine,128,mean,25,0.5062986111111112,0.16939890710382513
2705,Cardiology and Cardiovascular Medicine,128,mean,25,0.5113819444444444,0.21311475409836064
2707,Complementary and alternative medicine,128,mean,25,0.511513888888889,0.2185792349726776
2708,Dermatology,128,mean,25,0.5069861111111111,0.18032786885245902
2711,Emergency Medicine,128,mean,25,0.5242361111111111,0.3442622950819672
2712,"Endocrinology, Diabetes and Metabolism",128,mean,25,0.5390069444444445,0.4972677595628415
2713,Epidemiology,128,mean,25,0.5236666666666667,0.3333333333333333
2715,Gastroenterology,128,mean,25,0.5150555555555555,0.25136612021857924
2716,Genetics,128,mean,25,0.5618194444444443,0.8087431693989071
2720,Hematology,128,mean,25,0.5284930555555556,0.3989071038251366
2721,Hepatology,128,mean,25,0.5295833333333333,0.41530054644808745
2725,Infectious Diseases,128,mean,25,0.5128541666666666,0.23497267759562843
2727,Nephrology,128,mean,25,0.4805,0.04918032786885246
2728,Neurology,128,mean,25,0.5197916666666668,0.273224043715847
2729,Obstetrics and Gynecology,128,mean,25,0.5395694444444443,0.5027322404371585
2730,Oncology,128,mean,25,0.5437361111111111,0.5519125683060109
2731,Ophthalmology,128,mean,25,0.4998680555555555,0.10382513661202186
2732,Orthopedics and Sports Medicine,128,mean,25,0.5566111111111112,0.7486338797814208
2733,Otorhinolaryngology,128,mean,25,0.5307916666666667,0.4262295081967213
2734,Pathology and Forensic Medicine,128,mean,25,0.5346249999999999,0.47540983606557374
2735,"Pediatrics, Perinatology and Child Health",128,mean,25,0.5204097222222223,0.29508196721311475
2736,Pharmacology,128,mean,25,0.5600138888888889,0.7814207650273224
2737,Physiology,128,mean,25,0.5315347222222222,0.4371584699453552
2738,Psychiatry and Mental health,128,mean,25,0.49892361111111105,0.09836065573770492
2739,"Public Health, Environmental and Occupational Health",128,mean,25,0.5275277777777778,0.3770491803278688
2740,Pulmonary and Respiratory Medicine,128,mean,25,0.5068958333333333,0.17486338797814208
2741,"Radiology, Nuclear Medicine and Imaging",128,mean,25,0.5380069444444445,0.4918032786885246
2742,Rehabilitation,128,mean,25,0.5687222222222222,0.8415300546448088
2743,Reproductive Medicine,128,mean,25,0.5487847222222222,0.6229508196721312
2745,Rheumatology,128,mean,25,0.5420208333333334,0.5300546448087432
2746,Surgery,128,mean,25,0.5027986111111111,0.12568306010928962
2748,Urology,128,mean,25,0.5275972222222222,0.3825136612021858
2804,Cellular and Molecular Neuroscience,128,mean,25,0.556125,0.7377049180327869
2805,Cognitive Neuroscience,128,mean,25,0.5529930555555556,0.6721311475409836
2807,Endocrine and Autonomic Systems,128,mean,25,0.5125138888888888,0.22404371584699453
2808,Neurology,128,mean,25,0.5664236111111113,0.8306010928961749
2809,Sensory Systems,128,mean,25,0.5676874999999999,0.8360655737704918
2910,"Issues, ethics and legal aspects",128,mean,25,0.5056805555555555,0.15846994535519127
2916,Nutrition and Dietetics,128,mean,25,0.5496111111111109,0.639344262295082
3003,Pharmaceutical Science,128,mean,25,0.5708402777777777,0.8524590163934426
3004,Pharmacology,128,mean,25,0.5296666666666665,0.4207650273224044
3005,Toxicology,128,mean,25,0.6031597222222221,0.9672131147540983
3103,Astronomy and Astrophysics,128,mean,25,0.5539861111111111,0.6885245901639344
3104,Condensed Matter Physics,128,mean,25,0.600625,0.9617486338797814
3106,Nuclear and High Energy Physics,128,mean,25,0.54825,0.6065573770491803
3107,"Atomic and Molecular Physics, and Optics",128,mean,25,0.5543472222222222,0.7049180327868853
3108,Radiation,128,mean,25,0.5838402777777778,0.9289617486338798
3109,Statistical and Nonlinear Physics,128,mean,25,0.5746458333333333,0.8633879781420765
3203,Clinical Psychology,128,mean,25,0.4982847222222222,0.08196721311475409
3204,Developmental and Educational Psychology,128,mean,25,0.5460208333333333,0.5846994535519126
3205,Experimental and Cognitive Psychology,128,mean,25,0.5473611111111112,0.5956284153005464
3207,Social Psychology,128,mean,25,0.5051666666666667,0.14754098360655737
3304,Education,128,mean,25,0.5031944444444445,0.13114754098360656
3305,"Geography, Planning and Development",128,mean,25,0.5789583333333332,0.9016393442622951
3306,Health,128,mean,25,0.5586805555555555,0.7595628415300546
3308,Law,128,mean,25,0.47794444444444445,0.04371584699453552
3311,Safety Research,128,mean,25,0.5580833333333334,0.7540983606557377
3312,Sociology and Political Science,128,mean,25,0.5181527777777778,0.26229508196721313
3313,Transportation,128,mean,25,0.5287777777777778,0.40437158469945356
3314,Anthropology,128,mean,25,0.5090347222222223,0.20218579234972678
3315,Communication,128,mean,25,0.5268472222222222,0.3633879781420765
3316,Cultural Studies,128,mean,25,0.5045763888888889,0.14207650273224043
3317,Demography,128,mean,25,0.5547847222222222,0.7158469945355191
3318,Gender Studies,128,mean,25,0.5200972222222222,0.28415300546448086
3320,Political Science and International Relations,128,mean,25,0.5138611111111111,0.24043715846994534
3322,Urban Studies,128,mean,25,0.5142013888888889,0.2459016393442623
3402,Equine,128,mean,25,0.5311597222222222,0.43169398907103823
3404,Small Animals,128,mean,25,0.5457083333333332,0.5792349726775956
3504,Oral Surgery,128,mean,25,0.5493263888888887,0.6338797814207651
3505,Orthodontics,128,mean,25,0.5417222222222222,0.5245901639344263
3506,Periodontics,128,mean,25,0.5268472222222222,0.3633879781420765
3600,General Health Professions,128,mean,25,0.4983263888888889,0.08743169398907104
3604,Emergency Medical Services,128,mean,25,0.5521805555555555,0.6612021857923497
3605,Health Information Management,128,mean,25,0.5450138888888889,0.5683060109289617
3609,Occupational Therapy,128,mean,25,0.5544513888888889,0.7103825136612022
3612,"Physical Therapy, Sports Therapy and Rehabilitation",128,mean,25,0.5539999999999999,0.6939890710382514
3614,Radiological and Ultrasound Technology,128,mean,25,0.5843819444444445,0.9344262295081968
3616,Speech and Hearing,128,mean,25,0.5878472222222223,0.9398907103825137
1100,General Agricultural and Biological Sciences,128,mean,50,0.6568541666666666,0.5846994535519126
1102,Agronomy and Crop Science,128,mean,50,0.6763819444444443,0.8032786885245902
1103,Animal Science and Zoology,128,mean,50,0.6760902777777776,0.7978142076502732
1104,Aquatic Science,128,mean,50,0.682451388888889,0.8797814207650273
1105,"Ecology, Evolution, Behavior and Systematics",128,mean,50,0.6781493055555555,0.8469945355191257
1106,Food Science,128,mean,50,0.6506805555555556,0.4972677595628415
1109,Insect Science,128,mean,50,0.650267361111111,0.48633879781420764
1110,Plant Science,128,mean,50,0.6522187499999998,0.5191256830601093
1111,Soil Science,128,mean,50,0.6819999999999999,0.8743169398907104
1202,History,128,mean,50,0.6044861111111112,0.02185792349726776
1203,Language and Linguistics,128,mean,50,0.6545833333333333,0.5519125683060109
1204,Archeology,128,mean,50,0.6294305555555556,0.13114754098360656
1207,History and Philosophy of Science,128,mean,50,0.6307881944444444,0.15846994535519127
1208,Literature and Literary Theory,128,mean,50,0.6177777777777778,0.03825136612021858
1210,Music,128,mean,50,0.6368958333333333,0.24043715846994534
1211,Philosophy,128,mean,50,0.6554722222222223,0.5573770491803278
1212,Religious studies,128,mean,50,0.5923194444444444,0.00546448087431694
1213,Visual Arts and Performing Arts,128,mean,50,0.6201111111111111,0.0546448087431694
1304,Biophysics,128,mean,50,0.6655659722222222,0.7049180327868853
1305,Biotechnology,128,mean,50,0.6474722222222223,0.4207650273224044
1306,Cancer Research,128,mean,50,0.6501631944444445,0.4808743169398907
1307,Cell Biology,128,mean,50,0.6720729166666667,0.7650273224043715
1311,Genetics,128,mean,50,0.647263888888889,0.41530054644808745
1312,Molecular Biology,128,mean,50,0.6291006944444445,0.12568306010928962
1313,Molecular Medicine,128,mean,50,0.7334027777777778,0.9781420765027322
1402,Accounting,128,mean,50,0.6457604166666666,0.3825136612021858
1404,Management Information Systems,128,mean,50,0.6477604166666667,0.43169398907103823
1405,Management of Technology and Innovation,128,mean,50,0.6666354166666668,0.7158469945355191
1406,Marketing,128,mean,50,0.6560555555555555,0.5683060109289617
1407,Organizational Behavior and Human Resource Management,128,mean,50,0.6516145833333333,0.5081967213114754
1408,Strategy and Management,128,mean,50,0.6278437499999998,0.10382513661202186
1502,Bioengineering,128,mean,50,0.6368124999999999,0.23497267759562843
1503,Catalysis,128,mean,50,0.6612638888888889,0.639344262295082
1507,Fluid Flow and Transfer Processes,128,mean,50,0.7100555555555557,0.9508196721311475
1508,Process Chemistry and Technology,128,mean,50,0.7555798611111112,0.994535519125683
1602,Analytical Chemistry,128,mean,50,0.6428819444444445,0.34972677595628415
1604,Inorganic Chemistry,128,mean,50,0.6670833333333334,0.726775956284153
1605,Organic Chemistry,128,mean,50,0.6450833333333333,0.3770491803278688
1606,Physical and Theoretical Chemistry,128,mean,50,0.6517638888888887,0.5136612021857924
1607,Spectroscopy,128,mean,50,0.6570416666666666,0.5901639344262295
1702,Artificial Intelligence,128,mean,50,0.62409375,0.08743169398907104
1703,Computational Theory and Mathematics,128,mean,50,0.63659375,0.22950819672131148
1704,Computer Graphics and Computer-Aided Design,128,mean,50,0.7418645833333334,0.9836065573770492
1705,Computer Networks and Communications,128,mean,50,0.653670138888889,0.5355191256830601
1706,Computer Science Applications,128,mean,50,0.6303958333333333,0.14754098360655737
1707,Computer Vision and Pattern Recognition,128,mean,50,0.6407326388888889,0.3114754098360656
1708,Hardware and Architecture,128,mean,50,0.63875,0.2896174863387978
1709,Human-Computer Interaction,128,mean,50,0.6769756944444444,0.8306010928961749
1710,Information Systems,128,mean,50,0.6475416666666667,0.4262295081967213
1711,Signal Processing,128,mean,50,0.6410520833333333,0.31693989071038253
1802,Information Systems and Management,128,mean,50,0.659375,0.6174863387978142
1803,Management Science and Operations Research,128,mean,50,0.6492881944444444,0.47540983606557374
1804,"Statistics, Probability and Uncertainty",128,mean,50,0.6852048611111111,0.907103825136612
1902,Atmospheric Science,128,mean,50,0.6760243055555555,0.7923497267759563
1904,Earth-Surface Processes,128,mean,50,0.6844583333333333,0.9016393442622951
1906,Geochemistry and Petrology,128,mean,50,0.6741145833333333,0.7759562841530054
1907,Geology,128,mean,50,0.717875,0.9617486338797814
1908,Geophysics,128,mean,50,0.6991527777777778,0.9398907103825137
1910,Oceanography,128,mean,50,0.7074062499999999,0.9453551912568307
1911,Paleontology,128,mean,50,0.6787708333333333,0.8633879781420765
2000,"General Economics, Econometrics and Finance",128,mean,50,0.6433611111111112,0.3551912568306011
2002,Economics and Econometrics,128,mean,50,0.6278055555555555,0.09836065573770492
2003,Finance,128,mean,50,0.6764131944444444,0.8087431693989071
2102,Energy Engineering and Power Technology,128,mean,50,0.6765694444444444,0.8142076502732241
2105,"Renewable Energy, Sustainability and the Environment",128,mean,50,0.74584375,0.9890710382513661
2202,Aerospace Engineering,128,mean,50,0.6490069444444445,0.46994535519125685
2203,Automotive Engineering,128,mean,50,0.6829895833333334,0.8852459016393442
2204,Biomedical Engineering,128,mean,50,0.6628576388888889,0.6830601092896175
2205,Civil and Structural Engineering,128,mean,50,0.6279583333333335,0.1092896174863388
2206,Computational Mechanics,128,mean,50,0.67009375,0.7595628415300546
2207,Control and Systems Engineering,128,mean,50,0.6481701388888889,0.4426229508196721
2208,Electrical and Electronic Engineering,128,mean,50,0.6280729166666666,0.11475409836065574
2209,Industrial and Manufacturing Engineering,128,mean,50,0.6471076388888888,0.4098360655737705
2210,Mechanical Engineering,128,mean,50,0.6484826388888888,0.453551912568306
2211,Mechanics of Materials,128,mean,50,0.658986111111111,0.6065573770491803
2212,Ocean Engineering,128,mean,50,0.6484513888888889,0.44808743169398907
2213,"Safety, Risk, Reliability and Quality",128,mean,50,0.6426006944444445,0.33879781420765026
2214,Media Technology,128,mean,50,0.7115069444444444,0.9562841530054644
2215,Building and Construction,128,mean,50,0.6791840277777776,0.8688524590163934
2303,Ecology,128,mean,50,0.6624965277777779,0.6666666666666666
2304,Environmental Chemistry,128,mean,50,0.6697777777777779,0.7540983606557377
2305,Environmental Engineering,128,mean,50,0.6356597222222222,0.2185792349726776
2306,Global and Planetary Change,128,mean,50,0.6774618055555556,0.8360655737704918
2307,"Health, Toxicology and Mutagenesis",128,mean,50,0.6651875,0.6939890710382514
2308,"Management, Monitoring, Policy and Law",128,mean,50,0.6392847222222222,0.29508196721311475
2309,Nature and Landscape Conservation,128,mean,50,0.6905416666666666,0.9344262295081968
2310,Pollution,128,mean,50,0.6626666666666666,0.6721311475409836
2311,Waste Management and Disposal,128,mean,50,0.6460104166666668,0.39344262295081966
2312,Water Science and Technology,128,mean,50,0.6753645833333333,0.7814207650273224
2403,Immunology,128,mean,50,0.6210833333333332,0.060109289617486336
2404,Microbiology,128,mean,50,0.6412916666666666,0.3224043715846995
2405,Parasitology,128,mean,50,0.6211770833333333,0.06557377049180328
2406,Virology,128,mean,50,0.6768645833333333,0.825136612021858
2502,Biomaterials,128,mean,50,0.66246875,0.6557377049180327
2504,"Electronic, Optical and Magnetic Materials",128,mean,50,0.6689722222222223,0.7486338797814208
2505,Materials Chemistry,128,mean,50,0.6544027777777777,0.546448087431694
2507,Polymers and Plastics,128,mean,50,0.6785590277777778,0.8579234972677595
2508,"Surfaces, Coatings and Films",128,mean,50,0.6776493055555555,0.8415300546448088
2602,Algebra and Number Theory,128,mean,50,0.5973263888888888,0.01092896174863388
2604,Applied Mathematics,128,mean,50,0.6588958333333335,0.6010928961748634
2608,Geometry and Topology,128,mean,50,0.6083993055555555,0.0273224043715847
2610,Mathematical Physics,128,mean,50,0.6360590277777778,0.22404371584699453
2611,Modeling and Simulation,128,mean,50,0.7851597222222222,1.0
2612,Numerical Analysis,128,mean,50,0.618204861111111,0.04371584699453552
2613,Statistics and Probability,128,mean,50,0.6831597222222222,0.8907103825136612
2703,Anesthesiology and Pain Medicine,128,mean,50,0.6414687499999999,0.32786885245901637
2705,Cardiology and Cardiovascular Medicine,128,mean,50,0.6383090277777778,0.2786885245901639
2707,Complementary and alternative medicine,128,mean,50,0.6196319444444445,0.04918032786885246
2708,Dermatology,128,mean,50,0.630986111111111,0.16393442622950818
2711,Emergency Medicine,128,mean,50,0.64584375,0.3879781420765027
2712,"Endocrinology, Diabetes and Metabolism",128,mean,50,0.6445173611111111,0.366120218579235
2713,Epidemiology,128,mean,50,0.6465277777777778,0.40437158469945356
2715,Gastroenterology,128,mean,50,0.637,0.25136612021857924
2716,Genetics,128,mean,50,0.6592083333333333,0.6120218579234973
2720,Hematology,128,mean,50,0.6344270833333333,0.1912568306010929
2721,Hepatology,128,mean,50,0.6426701388888889,0.3442622950819672
2725,Infectious Diseases,128,mean,50,0.6303402777777778,0.14207650273224043
2727,Nephrology,128,mean,50,0.6154513888888888,0.03278688524590164
2728,Neurology,128,mean,50,0.6375104166666667,0.26229508196721313
2729,Obstetrics and Gynecology,128,mean,50,0.6667743055555555,0.7213114754098361
2730,Oncology,128,mean,50,0.6450416666666666,0.37158469945355194
2731,Ophthalmology,128,mean,50,0.6305104166666666,0.15300546448087432
2732,Orthopedics and Sports Medicine,128,mean,50,0.6860868055555557,0.912568306010929
2733,Otorhinolaryngology,128,mean,50,0.6594965277777778,0.6229508196721312
2734,Pathology and Forensic Medicine,128,mean,50,0.6374027777777778,0.2568306010928962
2735,"Pediatrics, Perinatology and Child Health",128,mean,50,0.6351458333333333,0.20765027322404372
2736,Pharmacology,128,mean,50,0.6539131944444444,0.5409836065573771
2737,Physiology,128,mean,50,0.6384409722222222,0.28415300546448086
2738,Psychiatry and Mental health,128,mean,50,0.6219409722222222,0.07103825136612021
2739,"Public Health, Environmental and Occupational Health",128,mean,50,0.6345972222222223,0.19672131147540983
2740,Pulmonary and Respiratory Medicine,128,mean,50,0.6284131944444444,0.12021857923497267
2741,"Radiology, Nuclear Medicine and Imaging",128,mean,50,0.6377013888888888,0.273224043715847
2742,Rehabilitation,128,mean,50,0.6614548611111112,0.644808743169399
2743,Reproductive Medicine,128,mean,50,0.6627083333333333,0.6775956284153005
2745,Rheumatology,128,mean,50,0.6403055555555556,0.30601092896174864
2746,Surgery,128,mean,50,0.6300451388888889,0.1366120218579235
2748,Urology,128,mean,50,0.6326319444444445,0.17486338797814208
2804,Cellular and Molecular Neuroscience,128,mean,50,0.6644548611111112,0.6885245901639344
2805,Cognitive Neuroscience,128,mean,50,0.6558541666666667,0.5628415300546448
2807,Endocrine and Autonomic Systems,128,mean,50,0.6324201388888888,0.16939890710382513
2808,Neurology,128,mean,50,0.648638888888889,0.45901639344262296
2809,Sensory Systems,128,mean,50,0.6781874999999999,0.8524590163934426
2910,"Issues, ethics and legal aspects",128,mean,50,0.6352986111111111,0.21311475409836064
2916,Nutrition and Dietetics,128,mean,50,0.6489097222222223,0.4644808743169399
3003,Pharmaceutical Science,128,mean,50,0.7179583333333333,0.9672131147540983
3004,Pharmacology,128,mean,50,0.6376041666666666,0.2677595628415301
3005,Toxicology,128,mean,50,0.6885104166666668,0.9289617486338798
3103,Astronomy and Astrophysics,128,mean,50,0.6840625,0.8961748633879781
3104,Condensed Matter Physics,128,mean,50,0.7218923611111112,0.9726775956284153
3106,Nuclear and High Energy Physics,128,mean,50,0.6876944444444445,0.9234972677595629
3107,"Atomic and Molecular Physics, and Optics",128,mean,50,0.6652465277777777,0.6994535519125683
3108,Radiation,128,mean,50,0.6767152777777777,0.819672131147541
3109,Statistical and Nonlinear Physics,128,mean,50,0.6730277777777777,0.7704918032786885
3203,Clinical Psychology,128,mean,50,0.6231840277777778,0.08196721311475409
3204,Developmental and Educational Psychology,128,mean,50,0.65659375,0.5792349726775956
3205,Experimental and Cognitive Psychology,128,mean,50,0.6656597222222221,0.7103825136612022
3207,Social Psychology,128,mean,50,0.6334340277777776,0.18579234972677597
3304,Education,128,mean,50,0.6369652777777779,0.2459016393442623
3305,"Geography, Planning and Development",128,mean,50,0.6758020833333334,0.7868852459016393
3306,Health,128,mean,50,0.6595104166666667,0.6284153005464481
3308,Law,128,mean,50,0.60390625,0.01639344262295082
3311,Safety Research,128,mean,50,0.6624548611111112,0.6502732240437158
3312,Sociology and Political Science,128,mean,50,0.6349027777777778,0.20218579234972678
3313,Transportation,128,mean,50,0.6564583333333333,0.5737704918032787
3314,Anthropology,128,mean,50,0.6394305555555556,0.3005464480874317
3315,Communication,128,mean,50,0.65334375,0.5300546448087432
3316,Cultural Studies,128,mean,50,0.6222013888888889,0.07650273224043716
3317,Demography,128,mean,50,0.6504687499999999,0.4918032786885246
3318,Gender Studies,128,mean,50,0.647986111111111,0.4371584699453552
3320,Political Science and International Relations,128,mean,50,0.6329027777777778,0.18032786885245902
3322,Urban Studies,128,mean,50,0.642125,0.3333333333333333
3402,Equine,128,mean,50,0.6510034722222222,0.5027322404371585
3404,Small Animals,128,mean,50,0.6463055555555555,0.3989071038251366
3504,Oral Surgery,128,mean,50,0.6587743055555555,0.5956284153005464
3505,Orthodontics,128,mean,50,0.6675173611111112,0.73224043715847
3506,Periodontics,128,mean,50,0.6533263888888888,0.5245901639344263
3600,General Health Professions,128,mean,50,0.6277499999999999,0.09289617486338798
3604,Emergency Medical Services,128,mean,50,0.6605347222222222,0.6338797814207651
3605,Health Information Management,128,mean,50,0.6624722222222222,0.6612021857923497
3609,Occupational Therapy,128,mean,50,0.6438680555555555,0.36065573770491804
3612,"Physical Therapy, Sports Therapy and Rehabilitation",128,mean,50,0.6687847222222222,0.7431693989071039
3614,Radiological and Ultrasound Technology,128,mean,50,0.6874409722222222,0.9180327868852459
3616,Speech and Hearing,128,mean,50,0.6679722222222222,0.7377049180327869
1100,General Agricultural and Biological Sciences,128,cls,10,0.3591493055555555,0.5519125683060109
1102,Agronomy and Crop Science,128,cls,10,0.3505555555555555,0.4098360655737705
1103,Animal Science and Zoology,128,cls,10,0.36453125,0.6284153005464481
1104,Aquatic Science,128,cls,10,0.35208333333333336,0.44808743169398907
1105,"Ecology, Evolution, Behavior and Systematics",128,cls,10,0.3959375,0.9180327868852459
1106,Food Science,128,cls,10,0.35982638888888885,0.5683060109289617
1109,Insect Science,128,cls,10,0.3293402777777778,0.15846994535519127
1110,Plant Science,128,cls,10,0.3493576388888889,0.3879781420765027
1111,Soil Science,128,cls,10,0.3561979166666667,0.5136612021857924
1202,History,128,cls,10,0.31079861111111107,0.060109289617486336
1203,Language and Linguistics,128,cls,10,0.35753472222222216,0.5245901639344263
1204,Archeology,128,cls,10,0.3350868055555556,0.2568306010928962
1207,History and Philosophy of Science,128,cls,10,0.3382465277777778,0.2814207650273224
1208,Literature and Literary Theory,128,cls,10,0.2862673611111111,0.02185792349726776
1210,Music,128,cls,10,0.3211805555555556,0.09836065573770492
1211,Philosophy,128,cls,10,0.3546875,0.48633879781420764
1212,Religious studies,128,cls,10,0.2811111111111111,0.01092896174863388
1213,Visual Arts and Performing Arts,128,cls,10,0.30185763888888884,0.04918032786885246
1304,Biophysics,128,cls,10,0.35911458333333335,0.546448087431694
1305,Biotechnology,128,cls,10,0.36663194444444447,0.6612021857923497
1306,Cancer Research,128,cls,10,0.32126736111111115,0.10382513661202186
1307,Cell Biology,128,cls,10,0.36918402777777776,0.6939890710382514
1311,Genetics,128,cls,10,0.43171875000000004,1.0
1312,Molecular Biology,128,cls,10,0.3427083333333333,0.32786885245901637
1313,Molecular Medicine,128,cls,10,0.4019965277777778,0.9398907103825137
1402,Accounting,128,cls,10,0.3265277777777778,0.1366120218579235
1404,Management Information Systems,128,cls,10,0.3494791666666667,0.39344262295081966
1405,Management of Technology and Innovation,128,cls,10,0.36354166666666665,0.6229508196721312
1406,Marketing,128,cls,10,0.33137152777777773,0.19672131147540983
1407,Organizational Behavior and Human Resource Management,128,cls,10,0.35151041666666666,0.4371584699453552
1408,Strategy and Management,128,cls,10,0.32298611111111114,0.1092896174863388
1502,Bioengineering,128,cls,10,0.3054166666666667,0.0546448087431694
1503,Catalysis,128,cls,10,0.33123263888888893,0.1912568306010929
1507,Fluid Flow and Transfer Processes,128,cls,10,0.3623263888888889,0.6010928961748634
1508,Process Chemistry and Technology,128,cls,10,0.3661284722222222,0.6557377049180327
1602,Analytical Chemistry,128,cls,10,0.36085069444444445,0.5792349726775956
1604,Inorganic Chemistry,128,cls,10,0.3753298611111111,0.7759562841530054
1605,Organic Chemistry,128,cls,10,0.31456597222222227,0.06557377049180328
1606,Physical and Theoretical Chemistry,128,cls,10,0.35182291666666665,0.4426229508196721
1607,Spectroscopy,128,cls,10,0.36904513888888885,0.6885245901639344
1702,Artificial Intelligence,128,cls,10,0.33439236111111115,0.25136612021857924
1703,Computational Theory and Mathematics,128,cls,10,0.38817708333333334,0.8633879781420765
1704,Computer Graphics and Computer-Aided Design,128,cls,10,0.4099131944444444,0.9726775956284153
1705,Computer Networks and Communications,128,cls,10,0.31788194444444445,0.08196721311475409
1706,Computer Science Applications,128,cls,10,0.3328993055555555,0.21311475409836064
1707,Computer Vision and Pattern Recognition,128,cls,10,0.3268576388888889,0.14207650273224043
1708,Hardware and Architecture,128,cls,10,0.30126736111111113,0.04371584699453552
1709,Human-Computer Interaction,128,cls,10,0.3550347222222222,0.4918032786885246
1710,Information Systems,128,cls,10,0.38857638888888885,0.8743169398907104
1711,Signal Processing,128,cls,10,0.3681597222222222,0.6721311475409836
1802,Information Systems and Management,128,cls,10,0.36454861111111114,0.6338797814207651
1803,Management Science and Operations Research,128,cls,10,0.37329861111111107,0.7595628415300546
1804,"Statistics, Probability and Uncertainty",128,cls,10,0.38121527777777775,0.8087431693989071
1902,Atmospheric Science,128,cls,10,0.3730555555555556,0.7486338797814208
1904,Earth-Surface Processes,128,cls,10,0.3621006944444444,0.5901639344262295
1906,Geochemistry and Petrology,128,cls,10,0.3698263888888889,0.6994535519125683
1907,Geology,128,cls,10,0.4104687500000001,0.9781420765027322
1908,Geophysics,128,cls,10,0.3716840277777778,0.7158469945355191
1910,Oceanography,128,cls,10,0.36597222222222214,0.644808743169399
1911,Paleontology,128,cls,10,0.3504340277777777,0.40437158469945356
2000,"General Economics, Econometrics and Finance",128,cls,10,0.3411979166666667,0.30601092896174864
2002,Economics and Econometrics,128,cls,10,0.33996527777777774,0.29508196721311475
2003,Finance,128,cls,10,0.3713368055555556,0.7049180327868853
2102,Energy Engineering and Power Technology,128,cls,10,0.35609375,0.5081967213114754
2105,"Renewable Energy, Sustainability and the Environment",128,cls,10,0.4075347222222223,0.9672131147540983
2202,Aerospace Engineering,128,cls,10,0.3874479166666666,0.8579234972677595
2203,Automotive Engineering,128,cls,10,0.3737847222222222,0.7650273224043715
2204,Biomedical Engineering,128,cls,10,0.38600694444444444,0.8469945355191257
2205,Civil and Structural Engineering,128,cls,10,0.32375,0.12568306010928962
2206,Computational Mechanics,128,cls,10,0.34506944444444443,0.36065573770491804
2207,Control and Systems Engineering,128,cls,10,0.36605902777777777,0.6502732240437158
2208,Electrical and Electronic Engineering,128,cls,10,0.36590277777777774,0.639344262295082
2209,Industrial and Manufacturing Engineering,128,cls,10,0.34144097222222225,0.3114754098360656
2210,Mechanical Engineering,128,cls,10,0.33796875,0.273224043715847
2211,Mechanics of Materials,128,cls,10,0.37298611111111113,0.7431693989071039
2212,Ocean Engineering,128,cls,10,0.3514756944444445,0.43169398907103823
2213,"Safety, Risk, Reliability and Quality",128,cls,10,0.40657986111111105,0.9617486338797814
2214,Media Technology,128,cls,10,0.4044097222222222,0.9562841530054644
2215,Building and Construction,128,cls,10,0.40189236111111104,0.9344262295081968
2303,Ecology,128,cls,10,0.37838541666666664,0.8032786885245902
2304,Environmental Chemistry,128,cls,10,0.38519097222222226,0.8306010928961749
2305,Environmental Engineering,128,cls,10,0.35305555555555557,0.45901639344262296
2306,Global and Planetary Change,128,cls,10,0.39944444444444455,0.9234972677595629
2307,"Health, Toxicology and Mutagenesis",128,cls,10,0.37805555555555553,0.7978142076502732
2308,"Management, Monitoring, Policy and Law",128,cls,10,0.37545138888888885,0.7814207650273224
2309,Nature and Landscape Conservation,128,cls,10,0.39204861111111106,0.8961748633879781
2310,Pollution,128,cls,10,0.37263888888888896,0.73224043715847
2311,Waste Management and Disposal,128,cls,10,0.3382465277777778,0.2814207650273224
2312,Water Science and Technology,128,cls,10,0.4005902777777778,0.9289617486338798
2403,Immunology,128,cls,10,0.3149131944444445,0.07103825136612021
2404,Microbiology,128,cls,10,0.34720486111111115,0.37158469945355194
2405,Parasitology,128,cls,10,0.3329861111111111,0.2185792349726776
2406,Virology,128,cls,10,0.3594791666666666,0.5628415300546448
2502,Biomaterials,128,cls,10,0.3512673611111111,0.4207650273224044
2504,"Electronic, Optical and Magnetic Materials",128,cls,10,0.38534722222222223,0.8360655737704918
2505,Materials Chemistry,128,cls,10,0.3446701388888889,0.3551912568306011
2507,Polymers and Plastics,128,cls,10,0.3486111111111111,0.3825136612021858
2508,"Surfaces, Coatings and Films",128,cls,10,0.3757812499999999,0.7868852459016393
2602,Algebra and Number Theory,128,cls,10,0.2518055555555555,0.00546448087431694
2604,Applied Mathematics,128,cls,10,0.38930555555555557,0.8797814207650273
2608,Geometry and Topology,128,cls,10,0.2985763888888888,0.03278688524590164
2610,Mathematical Physics,128,cls,10,0.2987847222222223,0.03825136612021858
2611,Modeling and Simulation,128,cls,10,0.41064236111111113,0.9890710382513661
2612,Numerical Analysis,128,cls,10,0.28256944444444443,0.01639344262295082
2613,Statistics and Probability,128,cls,10,0.36156250000000006,0.5846994535519126
2703,Anesthesiology and Pain Medicine,128,cls,10,0.31692708333333325,0.07650273224043716
2705,Cardiology and Cardiovascular Medicine,128,cls,10,0.33300347222222226,0.22404371584699453
2707,Complementary and alternative medicine,128,cls,10,0.3572916666666667,0.5191256830601093
2708,Dermatology,128,cls,10,0.3235763888888889,0.12021857923497267
2711,Emergency Medicine,128,cls,10,0.34949652777777784,0.3989071038251366
2712,"Endocrinology, Diabetes and Metabolism",128,cls,10,0.3683680555555556,0.6775956284153005
2713,Epidemiology,128,cls,10,0.34149305555555554,0.31693989071038253
2715,Gastroenterology,128,cls,10,0.34208333333333335,0.3224043715846995
2716,Genetics,128,cls,10,0.35359375000000004,0.47540983606557374
2720,Hematology,128,cls,10,0.3428819444444444,0.3442622950819672
2721,Hepatology,128,cls,10,0.35130208333333335,0.4262295081967213
2725,Infectious Diseases,128,cls,10,0.32645833333333335,0.13114754098360656
2727,Nephrology,128,cls,10,0.2952256944444444,0.0273224043715847
2728,Neurology,128,cls,10,0.3404166666666667,0.3005464480874317
2729,Obstetrics and Gynecology,128,cls,10,0.3577604166666667,0.5300546448087432
2730,Oncology,128,cls,10,0.39074652777777774,0.8852459016393442
2731,Ophthalmology,128,cls,10,0.3198958333333333,0.08743169398907104
2732,Orthopedics and Sports Medicine,128,cls,10,0.34286458333333336,0.33879781420765026
2733,Otorhinolaryngology,128,cls,10,0.33329861111111114,0.22950819672131148
2734,Pathology and Forensic Medicine,128,cls,10,0.3929513888888889,0.9016393442622951
2735,"Pediatrics, Perinatology and Child Health",128,cls,10,0.3531944444444444,0.4644808743169399
2736,Pharmacology,128,cls,10,0.3858506944444444,0.8415300546448088
2737,Physiology,128,cls,10,0.37279513888888893,0.7377049180327869
2738,Psychiatry and Mental health,128,cls,10,0.3281076388888889,0.15300546448087432
2739,"Public Health, Environmental and Occupational Health",128,cls,10,0.37140625000000005,0.7103825136612022
2740,Pulmonary and Respiratory Medicine,128,cls,10,0.3302083333333334,0.16939890710382513
2741,"Radiology, Nuclear Medicine and Imaging",128,cls,10,0.36847222222222226,0.6830601092896175
2742,Rehabilitation,128,cls,10,0.3872048611111111,0.8524590163934426
2743,Reproductive Medicine,128,cls,10,0.39456597222222217,0.907103825136612
2745,Rheumatology,128,cls,10,0.3581770833333333,0.5355191256830601
2746,Surgery,128,cls,10,0.33532986111111107,0.2677595628415301
2748,Urology,128,cls,10,0.3527083333333333,0.453551912568306
2804,Cellular and Molecular Neuroscience,128,cls,10,0.3633854166666666,0.6174863387978142
2805,Cognitive Neuroscience,128,cls,10,0.3882638888888889,0.8688524590163934
2807,Endocrine and Autonomic Systems,128,cls,10,0.32732638888888893,0.14754098360655737
2808,Neurology,128,cls,10,0.4035243055555556,0.9453551912568307
2809,Sensory Systems,128,cls,10,0.3553819444444445,0.5027322404371585
2910,"Issues, ethics and legal aspects",128,cls,10,0.32961805555555557,0.16393442622950818
2916,Nutrition and Dietetics,128,cls,10,0.3730729166666667,0.7540983606557377
3003,Pharmaceutical Science,128,cls,10,0.33414930555555555,0.2459016393442623
3004,Pharmacology,128,cls,10,0.37625,0.7923497267759563
3005,Toxicology,128,cls,10,0.4144444444444445,0.994535519125683
3103,Astronomy and Astrophysics,128,cls,10,0.3395138888888889,0.2896174863387978
3104,Condensed Matter Physics,128,cls,10,0.38406250000000003,0.825136612021858
3106,Nuclear and High Energy Physics,128,cls,10,0.3605381944444444,0.5737704918032787
3107,"Atomic and Molecular Physics, and Optics",128,cls,10,0.36262152777777773,0.6065573770491803
3108,Radiation,128,cls,10,0.36701388888888886,0.6666666666666666
3109,Statistical and Nonlinear Physics,128,cls,10,0.38350694444444444,0.819672131147541
3203,Clinical Psychology,128,cls,10,0.331111111111111,0.18579234972677597
3204,Developmental and Educational Psychology,128,cls,10,0.3509895833333333,0.41530054644808745
3205,Experimental and Cognitive Psychology,128,cls,10,0.3721180555555555,0.726775956284153
3207,Social Psychology,128,cls,10,0.3428125000000001,0.3333333333333333
3304,Education,128,cls,10,0.3335416666666666,0.24043715846994534
3305,"Geography, Planning and Development",128,cls,10,0.4106423611111111,0.9836065573770492
3306,Health,128,cls,10,0.35944444444444446,0.5573770491803278
3308,Law,128,cls,10,0.3207638888888888,0.09289617486338798
3311,Safety Research,128,cls,10,0.39539930555555547,0.912568306010929
3312,Sociology and Political Science,128,cls,10,0.34555555555555556,0.366120218579235
3313,Transportation,128,cls,10,0.35529513888888886,0.4972677595628415
3314,Anthropology,128,cls,10,0.33071180555555557,0.18032786885245902
3315,Communication,128,cls,10,0.3325868055555556,0.20765027322404372
3316,Cultural Studies,128,cls,10,0.3316840277777778,0.20218579234972678
3317,Demography,128,cls,10,0.3912673611111111,0.8907103825136612
3318,Gender Studies,128,cls,10,0.3481423611111111,0.3770491803278688
3320,Political Science and International Relations,128,cls,10,0.3303472222222222,0.17486338797814208
3322,Urban Studies,128,cls,10,0.3630729166666667,0.6120218579234973
3402,Equine,128,cls,10,0.3334548611111111,0.23497267759562843
3404,Small Animals,128,cls,10,0.36220486111111105,0.5956284153005464
3504,Oral Surgery,128,cls,10,0.3544097222222222,0.4808743169398907
3505,Orthodontics,128,cls,10,0.3233854166666667,0.11475409836065574
3506,Periodontics,128,cls,10,0.3434201388888889,0.34972677595628415
3600,General Health Professions,128,cls,10,0.33510416666666665,0.26229508196721313
3604,Emergency Medical Services,128,cls,10,0.3717708333333333,0.7213114754098361
3605,Health Information Management,128,cls,10,0.3590104166666668,0.5409836065573771
3609,Occupational Therapy,128,cls,10,0.37453125000000004,0.7704918032786885
3612,"Physical Therapy, Sports Therapy and Rehabilitation",128,cls,10,0.35328125000000005,0.46994535519125685
3614,Radiological and Ultrasound Technology,128,cls,10,0.38144097222222223,0.8142076502732241
3616,Speech and Hearing,128,cls,10,0.40357638888888897,0.9508196721311475
1100,General Agricultural and Biological Sciences,128,cls,25,0.4760972222222222,0.5628415300546448
1102,Agronomy and Crop Science,128,cls,25,0.4756111111111112,0.5573770491803278
1103,Animal Science and Zoology,128,cls,25,0.4808541666666667,0.6502732240437158
1104,Aquatic Science,128,cls,25,0.4872569444444445,0.7377049180327869
1105,"Ecology, Evolution, Behavior and Systematics",128,cls,25,0.5184791666666667,0.9508196721311475
1106,Food Science,128,cls,25,0.4600347222222222,0.3551912568306011
1109,Insect Science,128,cls,25,0.4529444444444444,0.2568306010928962
1110,Plant Science,128,cls,25,0.4706458333333333,0.47540983606557374
1111,Soil Science,128,cls,25,0.47553472222222226,0.5519125683060109
1202,History,128,cls,25,0.4202291666666666,0.03825136612021858
1203,Language and Linguistics,128,cls,25,0.4855555555555556,0.7213114754098361
1204,Archeology,128,cls,25,0.45696527777777785,0.31693989071038253
1207,History and Philosophy of Science,128,cls,25,0.4542361111111111,0.2677595628415301
1208,Literature and Literary Theory,128,cls,25,0.4108819444444445,0.0273224043715847
1210,Music,128,cls,25,0.4432777777777779,0.14207650273224043
1211,Philosophy,128,cls,25,0.4631388888888889,0.3879781420765027
1212,Religious studies,128,cls,25,0.39446527777777785,0.01092896174863388
1213,Visual Arts and Performing Arts,128,cls,25,0.42445833333333327,0.04918032786885246
1304,Biophysics,128,cls,25,0.47222916666666664,0.4972677595628415
1305,Biotechnology,128,cls,25,0.4778055555555556,0.5956284153005464
1306,Cancer Research,128,cls,25,0.45505555555555555,0.2896174863387978
1307,Cell Biology,128,cls,25,0.4866041666666668,0.73224043715847
1311,Genetics,128,cls,25,0.49315972222222226,0.7978142076502732
1312,Molecular Biology,128,cls,25,0.4463402777777778,0.19672131147540983
1313,Molecular Medicine,128,cls,25,0.5389930555555555,0.9781420765027322
1402,Accounting,128,cls,25,0.4510902777777777,0.24043715846994534
1404,Management Information Systems,128,cls,25,0.4643124999999999,0.3989071038251366
1405,Management of Technology and Innovation,128,cls,25,0.48304861111111114,0.6775956284153005
1406,Marketing,128,cls,25,0.4596597222222222,0.34972677595628415
1407,Organizational Behavior and Human Resource Management,128,cls,25,0.4690416666666667,0.45901639344262296
1408,Strategy and Management,128,cls,25,0.43809722222222225,0.10382513661202186
1502,Bioengineering,128,cls,25,0.43085416666666665,0.060109289617486336
1503,Catalysis,128,cls,25,0.4586180555555556,0.33879781420765026
1507,Fluid Flow and Transfer Processes,128,cls,25,0.4986319444444446,0.8469945355191257
1508,Process Chemistry and Technology,128,cls,25,0.52075,0.9562841530054644
1602,Analytical Chemistry,128,cls,25,0.4710208333333334,0.4808743169398907
1604,Inorganic Chemistry,128,cls,25,0.5084861111111111,0.9153005464480874
1605,Organic Chemistry,128,cls,25,0.4436944444444445,0.14754098360655737
1606,Physical and Theoretical Chemistry,128,cls,25,0.47300694444444435,0.5027322404371585
1607,Spectroscopy,128,cls,25,0.4848541666666668,0.6994535519125683
1702,Artificial Intelligence,128,cls,25,0.4402083333333334,0.12568306010928962
1703,Computational Theory and Mathematics,128,cls,25,0.47940277777777773,0.6284153005464481
1704,Computer Graphics and Computer-Aided Design,128,cls,25,0.55575,0.9890710382513661
1705,Computer Networks and Communications,128,cls,25,0.4483055555555556,0.20765027322404372
1706,Computer Science Applications,128,cls,25,0.44561805555555545,0.18032786885245902
1707,Computer Vision and Pattern Recognition,128,cls,25,0.4485902777777777,0.2185792349726776
1708,Hardware and Architecture,128,cls,25,0.42306944444444455,0.04371584699453552
1709,Human-Computer Interaction,128,cls,25,0.48099305555555555,0.6557377049180327
1710,Information Systems,128,cls,25,0.4952916666666667,0.8087431693989071
1711,Signal Processing,128,cls,25,0.47661111111111104,0.5737704918032787
1802,Information Systems and Management,128,cls,25,0.48609027777777786,0.726775956284153
1803,Management Science and Operations Research,128,cls,25,0.48045833333333327,0.644808743169399
1804,"Statistics, Probability and Uncertainty",128,cls,25,0.5059166666666667,0.8743169398907104
1902,Atmospheric Science,128,cls,25,0.4802569444444444,0.639344262295082
1904,Earth-Surface Processes,128,cls,25,0.4929444444444445,0.7923497267759563
1906,Geochemistry and Petrology,128,cls,25,0.48759722222222224,0.7431693989071039
1907,Geology,128,cls,25,0.5402638888888889,0.9836065573770492
1908,Geophysics,128,cls,25,0.5076458333333334,0.8961748633879781
1910,Oceanography,128,cls,25,0.5056458333333335,0.8688524590163934
1911,Paleontology,128,cls,25,0.4813472222222223,0.6666666666666666
2000,"General Economics, Econometrics and Finance",128,cls,25,0.4647430555555555,0.40437158469945356
2002,Economics and Econometrics,128,cls,25,0.45739583333333333,0.32786885245901637
2003,Finance,128,cls,25,0.49120833333333336,0.7814207650273224
2102,Energy Engineering and Power Technology,128,cls,25,0.48971527777777774,0.7704918032786885
2105,"Renewable Energy, Sustainability and the Environment",128,cls,25,0.5558819444444444,0.994535519125683
2202,Aerospace Engineering,128,cls,25,0.5084861111111111,0.9153005464480874
2203,Automotive Engineering,128,cls,25,0.4906458333333332,0.7759562841530054
2204,Biomedical Engineering,128,cls,25,0.4830416666666666,0.6721311475409836
2205,Civil and Structural Engineering,128,cls,25,0.43513194444444436,0.08743169398907104
2206,Computational Mechanics,128,cls,25,0.4672152777777778,0.4426229508196721
2207,Control and Systems Engineering,128,cls,25,0.4895972222222223,0.7650273224043715
2208,Electrical and Electronic Engineering,128,cls,25,0.4545416666666666,0.2786885245901639
2209,Industrial and Manufacturing Engineering,128,cls,25,0.46720833333333334,0.4371584699453552
2210,Mechanical Engineering,128,cls,25,0.4630902777777778,0.3825136612021858
2211,Mechanics of Materials,128,cls,25,0.4785208333333333,0.6174863387978142
2212,Ocean Engineering,128,cls,25,0.4548124999999999,0.28415300546448086
2213,"Safety, Risk, Reliability and Quality",128,cls,25,0.5059444444444445,0.8797814207650273
2214,Media Technology,128,cls,25,0.5350833333333334,0.9617486338797814
2215,Building and Construction,128,cls,25,0.5160555555555556,0.9344262295081968
2303,Ecology,128,cls,25,0.47539583333333346,0.546448087431694
2304,Environmental Chemistry,128,cls,25,0.4882777777777777,0.7540983606557377
2305,Environmental Engineering,128,cls,25,0.4553749999999999,0.29508196721311475
2306,Global and Planetary Change,128,cls,25,0.49530555555555555,0.8142076502732241
2307,"Health, Toxicology and Mutagenesis",128,cls,25,0.4848888888888888,0.7049180327868853
2308,"Management, Monitoring, Policy and Law",128,cls,25,0.472,0.4918032786885246
2309,Nature and Landscape Conservation,128,cls,25,0.49846527777777777,0.8360655737704918
2310,Pollution,128,cls,25,0.48457638888888893,0.6939890710382514
2311,Waste Management and Disposal,128,cls,25,0.46624305555555556,0.41530054644808745
2312,Water Science and Technology,128,cls,25,0.5182013888888889,0.9398907103825137
2403,Immunology,128,cls,25,0.43285416666666665,0.06557377049180328
2404,Microbiology,128,cls,25,0.46004861111111106,0.36065573770491804
2405,Parasitology,128,cls,25,0.4387986111111111,0.11475409836065574
2406,Virology,128,cls,25,0.47897222222222224,0.6229508196721312
2502,Biomaterials,128,cls,25,0.4625208333333333,0.3770491803278688
2504,"Electronic, Optical and Magnetic Materials",128,cls,25,0.4941944444444445,0.8032786885245902
2505,Materials Chemistry,128,cls,25,0.46652777777777776,0.4207650273224044
2507,Polymers and Plastics,128,cls,25,0.46544444444444444,0.4098360655737705
2508,"Surfaces, Coatings and Films",128,cls,25,0.49670833333333325,0.825136612021858
2602,Algebra and Number Theory,128,cls,25,0.3820555555555556,0.00546448087431694
2604,Applied Mathematics,128,cls,25,0.4920833333333334,0.7868852459016393
2608,Geometry and Topology,128,cls,25,0.4083333333333333,0.02185792349726776
2610,Mathematical Physics,128,cls,25,0.4348611111111112,0.08196721311475409
2611,Modeling and Simulation,128,cls,25,0.5775416666666667,1.0
2612,Numerical Analysis,128,cls,25,0.41297916666666673,0.03278688524590164
2613,Statistics and Probability,128,cls,25,0.47654861111111113,0.5683060109289617
2703,Anesthesiology and Pain Medicine,128,cls,25,0.4341250000000001,0.07103825136612021
2705,Cardiology and Cardiovascular Medicine,128,cls,25,0.4385069444444445,0.1092896174863388
2707,Complementary and alternative medicine,128,cls,25,0.4619652777777778,0.366120218579235
2708,Dermatology,128,cls,25,0.4399166666666667,0.12021857923497267
2711,Emergency Medicine,128,cls,25,0.45625694444444453,0.3114754098360656
2712,"Endocrinology, Diabetes and Metabolism",128,cls,25,0.47335416666666674,0.5191256830601093
2713,Epidemiology,128,cls,25,0.4500208333333333,0.23497267759562843
2715,Gastroenterology,128,cls,25,0.4440208333333334,0.15846994535519127
2716,Genetics,128,cls,25,0.47790972222222217,0.6065573770491803
2720,Hematology,128,cls,25,0.4438125000000001,0.15300546448087432
2721,Hepatology,128,cls,25,0.45884722222222224,0.3442622950819672
2725,Infectious Diseases,128,cls,25,0.4402222222222223,0.13114754098360656
2727,Nephrology,128,cls,25,0.40729861111111104,0.01639344262295082
2728,Neurology,128,cls,25,0.4459930555555556,0.1912568306010929
2729,Obstetrics and Gynecology,128,cls,25,0.47331249999999997,0.5136612021857924
2730,Oncology,128,cls,25,0.4778611111111111,0.6010928961748634
2731,Ophthalmology,128,cls,25,0.4301180555555555,0.0546448087431694
2732,Orthopedics and Sports Medicine,128,cls,25,0.4753888888888889,0.5409836065573771
2733,Otorhinolaryngology,128,cls,25,0.4539791666666666,0.26229508196721313
2734,Pathology and Forensic Medicine,128,cls,25,0.4666527777777778,0.43169398907103823
2735,"Pediatrics, Perinatology and Child Health",128,cls,25,0.45543750000000005,0.3005464480874317
2736,Pharmacology,128,cls,25,0.5061875,0.8852459016393442
2737,Physiology,128,cls,25,0.46218055555555554,0.37158469945355194
2738,Psychiatry and Mental health,128,cls,25,0.43749999999999994,0.09836065573770492
2739,"Public Health, Environmental and Occupational Health",128,cls,25,0.45425694444444453,0.273224043715847
2740,Pulmonary and Respiratory Medicine,128,cls,25,0.4440347222222223,0.16393442622950818
2741,"Radiology, Nuclear Medicine and Imaging",128,cls,25,0.46663194444444456,0.4262295081967213
2742,Rehabilitation,128,cls,25,0.49954166666666666,0.8579234972677595
2743,Reproductive Medicine,128,cls,25,0.48849305555555567,0.7595628415300546
2745,Rheumatology,128,cls,25,0.4718958333333333,0.48633879781420764
2746,Surgery,128,cls,25,0.4442499999999999,0.16939890710382513
2748,Urology,128,cls,25,0.4517291666666667,0.2459016393442623
2804,Cellular and Molecular Neuroscience,128,cls,25,0.46886111111111106,0.453551912568306
2805,Cognitive Neuroscience,128,cls,25,0.48404166666666676,0.6830601092896175
2807,Endocrine and Autonomic Systems,128,cls,25,0.43659027777777787,0.09289617486338798
2808,Neurology,128,cls,25,0.49795138888888885,0.8306010928961749
2809,Sensory Systems,128,cls,25,0.4744444444444444,0.5300546448087432
2910,"Issues, ethics and legal aspects",128,cls,25,0.4697430555555556,0.46994535519125685
2916,Nutrition and Dietetics,128,cls,25,0.4798125,0.6338797814207651
3003,Pharmaceutical Science,128,cls,25,0.5084236111111111,0.907103825136612
3004,Pharmacology,128,cls,25,0.4776388888888888,0.5846994535519126
3005,Toxicology,128,cls,25,0.5370833333333334,0.9726775956284153
3103,Astronomy and Astrophysics,128,cls,25,0.4776527777777778,0.5901639344262295
3104,Condensed Matter Physics,128,cls,25,0.5151041666666666,0.9289617486338798
3106,Nuclear and High Energy Physics,128,cls,25,0.49928472222222225,0.8524590163934426
3107,"Atomic and Molecular Physics, and Optics",128,cls,25,0.4813055555555555,0.6612021857923497
3108,Radiation,128,cls,25,0.5077569444444445,0.9016393442622951
3109,Statistical and Nonlinear Physics,128,cls,25,0.506375,0.8907103825136612
3203,Clinical Psychology,128,cls,25,0.44128472222222215,0.1366120218579235
3204,Developmental and Educational Psychology,128,cls,25,0.4747222222222222,0.5355191256830601
3205,Experimental and Cognitive Psychology,128,cls,25,0.48537499999999995,0.7158469945355191
3207,Social Psychology,128,cls,25,0.44978472222222216,0.22950819672131148
3304,Education,128,cls,25,0.4554722222222223,0.30601092896174864
3305,"Geography, Planning and Development",128,cls,25,0.535625,0.9672131147540983
3306,Health,128,cls,25,0.48451388888888886,0.6885245901639344
3308,Law,128,cls,25,0.4343541666666667,0.07650273224043716
3311,Safety Research,128,cls,25,0.49536111111111114,0.819672131147541
3312,Sociology and Political Science,128,cls,25,0.46811111111111114,0.44808743169398907
3313,Transportation,128,cls,25,0.4744097222222224,0.5245901639344263
3314,Anthropology,128,cls,25,0.44785416666666655,0.20218579234972678
3315,Communication,128,cls,25,0.4583611111111111,0.3333333333333333
3316,Cultural Studies,128,cls,25,0.45263888888888887,0.25136612021857924
3317,Demography,128,cls,25,0.5043472222222222,0.8633879781420765
3318,Gender Studies,128,cls,25,0.4641875,0.39344262295081966
3320,Political Science and International Relations,128,cls,25,0.44836111111111104,0.21311475409836064
3322,Urban Studies,128,cls,25,0.477361111111111,0.5792349726775956
3402,Equine,128,cls,25,0.44595138888888897,0.18579234972677597
3404,Small Animals,128,cls,25,0.4696458333333334,0.4644808743169399
3504,Oral Surgery,128,cls,25,0.4731736111111111,0.5081967213114754
3505,Orthodontics,128,cls,25,0.4489513888888889,0.22404371584699453
3506,Periodontics,128,cls,25,0.4570694444444445,0.3224043715846995
3600,General Health Professions,128,cls,25,0.44445138888888897,0.17486338797814208
3604,Emergency Medical Services,128,cls,25,0.4852638888888888,0.7103825136612022
3605,Health Information Management,128,cls,25,0.47836111111111124,0.6120218579234973
3609,Occupational Therapy,128,cls,25,0.48811805555555554,0.7486338797814208
3612,"Physical Therapy, Sports Therapy and Rehabilitation",128,cls,25,0.4985138888888888,0.8415300546448088
3614,Radiological and Ultrasound Technology,128,cls,25,0.5182916666666667,0.9453551912568307
3616,Speech and Hearing,128,cls,25,0.5089583333333333,0.9234972677595629
1100,General Agricultural and Biological Sciences,128,cls,50,0.6134756944444444,0.644808743169399
1102,Agronomy and Crop Science,128,cls,50,0.6232152777777779,0.7923497267759563
1103,Animal Science and Zoology,128,cls,50,0.6157465277777777,0.6775956284153005
1104,Aquatic Science,128,cls,50,0.6302395833333334,0.8797814207650273
1105,"Ecology, Evolution, Behavior and Systematics",128,cls,50,0.6373888888888889,0.912568306010929
1106,Food Science,128,cls,50,0.603045138888889,0.453551912568306
1109,Insect Science,128,cls,50,0.6032465277777779,0.4644808743169399
1110,Plant Science,128,cls,50,0.6041631944444446,0.47540983606557374
1111,Soil Science,128,cls,50,0.630986111111111,0.8852459016393442
1202,History,128,cls,50,0.5745243055555556,0.0546448087431694
1203,Language and Linguistics,128,cls,50,0.6108333333333332,0.6120218579234973
1204,Archeology,128,cls,50,0.5954409722222221,0.30601092896174864
1207,History and Philosophy of Science,128,cls,50,0.5916145833333334,0.273224043715847
1208,Literature and Literary Theory,128,cls,50,0.570673611111111,0.0273224043715847
1210,Music,128,cls,50,0.5880833333333333,0.2185792349726776
1211,Philosophy,128,cls,50,0.6224618055555555,0.7759562841530054
1212,Religious studies,128,cls,50,0.5528333333333333,0.01092896174863388
1213,Visual Arts and Performing Arts,128,cls,50,0.5837083333333333,0.14754098360655737
1304,Biophysics,128,cls,50,0.6103645833333333,0.5846994535519126
1305,Biotechnology,128,cls,50,0.5953090277777778,0.3005464480874317
1306,Cancer Research,128,cls,50,0.6065729166666668,0.5191256830601093
1307,Cell Biology,128,cls,50,0.6175972222222224,0.7213114754098361
1311,Genetics,128,cls,50,0.5966458333333334,0.31693989071038253
1312,Molecular Biology,128,cls,50,0.5765104166666666,0.07103825136612021
1313,Molecular Medicine,128,cls,50,0.6651909722222222,0.9672131147540983
1402,Accounting,128,cls,50,0.6012118055555555,0.4098360655737705
1404,Management Information Systems,128,cls,50,0.6023020833333333,0.43169398907103823
1405,Management of Technology and Innovation,128,cls,50,0.6268159722222222,0.8360655737704918
1406,Marketing,128,cls,50,0.6177777777777778,0.73224043715847
1407,Organizational Behavior and Human Resource Management,128,cls,50,0.61240625,0.639344262295082
1408,Strategy and Management,128,cls,50,0.5862951388888888,0.18032786885245902
1502,Bioengineering,128,cls,50,0.5897152777777778,0.25136612021857924
1503,Catalysis,128,cls,50,0.5984201388888889,0.3825136612021858
1507,Fluid Flow and Transfer Processes,128,cls,50,0.6400486111111111,0.9234972677595629
1508,Process Chemistry and Technology,128,cls,50,0.6998715277777777,0.9890710382513661
1602,Analytical Chemistry,128,cls,50,0.6010138888888888,0.40437158469945356
1604,Inorganic Chemistry,128,cls,50,0.6317256944444445,0.8907103825136612
1605,Organic Chemistry,128,cls,50,0.6054236111111111,0.4918032786885246
1606,Physical and Theoretical Chemistry,128,cls,50,0.6186006944444444,0.7377049180327869
1607,Spectroscopy,128,cls,50,0.6069097222222222,0.5300546448087432
1702,Artificial Intelligence,128,cls,50,0.5807256944444444,0.11475409836065574
1703,Computational Theory and Mathematics,128,cls,50,0.5970659722222222,0.33879781420765026
1704,Computer Graphics and Computer-Aided Design,128,cls,50,0.7045798611111113,0.994535519125683
1705,Computer Networks and Communications,128,cls,50,0.6063472222222223,0.5081967213114754
1706,Computer Science Applications,128,cls,50,0.5897881944444444,0.2568306010928962
1707,Computer Vision and Pattern Recognition,128,cls,50,0.5972118055555556,0.34972677595628415
1708,Hardware and Architecture,128,cls,50,0.5799305555555555,0.1092896174863388
1709,Human-Computer Interaction,128,cls,50,0.6234930555555555,0.8087431693989071
1710,Information Systems,128,cls,50,0.6213819444444444,0.7650273224043715
1711,Signal Processing,128,cls,50,0.5998020833333334,0.39344262295081966
1802,Information Systems and Management,128,cls,50,0.6164861111111113,0.7103825136612022
1803,Management Science and Operations Research,128,cls,50,0.6106805555555557,0.6010928961748634
1804,"Statistics, Probability and Uncertainty",128,cls,50,0.6356215277777777,0.907103825136612
1902,Atmospheric Science,128,cls,50,0.6247534722222222,0.819672131147541
1904,Earth-Surface Processes,128,cls,50,0.6224930555555553,0.7814207650273224
1906,Geochemistry and Petrology,128,cls,50,0.6233645833333334,0.8032786885245902
1907,Geology,128,cls,50,0.668875,0.9726775956284153
1908,Geophysics,128,cls,50,0.648375,0.9398907103825137
1910,Oceanography,128,cls,50,0.6434479166666666,0.9344262295081968
1911,Paleontology,128,cls,50,0.6232847222222222,0.7978142076502732
2000,"General Economics, Econometrics and Finance",128,cls,50,0.6020798611111112,0.4262295081967213
2002,Economics and Econometrics,128,cls,50,0.5976736111111111,0.36065573770491804
2003,Finance,128,cls,50,0.6289583333333332,0.8633879781420765
2102,Energy Engineering and Power Technology,128,cls,50,0.6242534722222223,0.8142076502732241
2105,"Renewable Energy, Sustainability and the Environment",128,cls,50,0.6908541666666668,0.9836065573770492
2202,Aerospace Engineering,128,cls,50,0.6025972222222222,0.4426229508196721
2203,Automotive Engineering,128,cls,50,0.623170138888889,0.7868852459016393
2204,Biomedical Engineering,128,cls,50,0.6107812499999999,0.6065573770491803
2205,Civil and Structural Engineering,128,cls,50,0.5845520833333334,0.15846994535519127
2206,Computational Mechanics,128,cls,50,0.6106388888888888,0.5956284153005464
2207,Control and Systems Engineering,128,cls,50,0.6176215277777778,0.726775956284153
2208,Electrical and Electronic Engineering,128,cls,50,0.5807430555555554,0.12021857923497267
2209,Industrial and Manufacturing Engineering,128,cls,50,0.6025104166666667,0.4371584699453552
2210,Mechanical Engineering,128,cls,50,0.60203125,0.4207650273224044
2211,Mechanics of Materials,128,cls,50,0.6094687499999999,0.5628415300546448
2212,Ocean Engineering,128,cls,50,0.597232638888889,0.3551912568306011
2213,"Safety, Risk, Reliability and Quality",128,cls,50,0.6161388888888889,0.6939890710382514
2214,Media Technology,128,cls,50,0.6614583333333334,0.9617486338797814
2215,Building and Construction,128,cls,50,0.6284513888888889,0.8579234972677595
2303,Ecology,128,cls,50,0.6067048611111111,0.5245901639344263
2304,Environmental Chemistry,128,cls,50,0.6167881944444444,0.7158469945355191
2305,Environmental Engineering,128,cls,50,0.5883541666666667,0.22404371584699453
2306,Global and Planetary Change,128,cls,50,0.6164027777777777,0.6994535519125683
2307,"Health, Toxicology and Mutagenesis",128,cls,50,0.6195069444444444,0.7540983606557377
2308,"Management, Monitoring, Policy and Law",128,cls,50,0.6036875,0.46994535519125685
2309,Nature and Landscape Conservation,128,cls,50,0.6289930555555555,0.8688524590163934
2310,Pollution,128,cls,50,0.6152500000000001,0.6721311475409836
2311,Waste Management and Disposal,128,cls,50,0.6058958333333333,0.5027322404371585
2312,Water Science and Technology,128,cls,50,0.6327048611111111,0.8961748633879781
2403,Immunology,128,cls,50,0.5787013888888889,0.08743169398907104
2404,Microbiology,128,cls,50,0.5969652777777777,0.32786885245901637
2405,Parasitology,128,cls,50,0.5757638888888889,0.060109289617486336
2406,Virology,128,cls,50,0.6219305555555554,0.7704918032786885
2502,Biomaterials,128,cls,50,0.6115416666666667,0.6174863387978142
2504,"Electronic, Optical and Magnetic Materials",128,cls,50,0.6191006944444445,0.7486338797814208
2505,Materials Chemistry,128,cls,50,0.6078749999999999,0.5409836065573771
2507,Polymers and Plastics,128,cls,50,0.6065520833333333,0.5136612021857924
2508,"Surfaces, Coatings and Films",128,cls,50,0.613920138888889,0.6612021857923497
2602,Algebra and Number Theory,128,cls,50,0.5456493055555555,0.00546448087431694
2604,Applied Mathematics,128,cls,50,0.6273923611111112,0.8415300546448088
2608,Geometry and Topology,128,cls,50,0.5666145833333333,0.02185792349726776
2610,Mathematical Physics,128,cls,50,0.5885729166666667,0.23497267759562843
2611,Modeling and Simulation,128,cls,50,0.7318298611111111,1.0
2612,Numerical Analysis,128,cls,50,0.5707951388888889,0.03278688524590164
2613,Statistics and Probability,128,cls,50,0.6293958333333334,0.8743169398907104
2703,Anesthesiology and Pain Medicine,128,cls,50,0.5891354166666666,0.24043715846994534
2705,Cardiology and Cardiovascular Medicine,128,cls,50,0.5868819444444444,0.18579234972677597
2707,Complementary and alternative medicine,128,cls,50,0.5880104166666665,0.21311475409836064
2708,Dermatology,128,cls,50,0.5789722222222221,0.09836065573770492
2711,Emergency Medicine,128,cls,50,0.5970555555555557,0.3333333333333333
2712,"Endocrinology, Diabetes and Metabolism",128,cls,50,0.5938784722222222,0.28415300546448086
2713,Epidemiology,128,cls,50,0.5877395833333333,0.20765027322404372
2715,Gastroenterology,128,cls,50,0.582236111111111,0.1366120218579235
2716,Genetics,128,cls,50,0.5966527777777778,0.3224043715846995
2720,Hematology,128,cls,50,0.5716770833333332,0.03825136612021858
2721,Hepatology,128,cls,50,0.5942465277777778,0.29508196721311475
2725,Infectious Diseases,128,cls,50,0.57375,0.04918032786885246
2727,Nephrology,128,cls,50,0.5603298611111112,0.01639344262295082
2728,Neurology,128,cls,50,0.5808263888888889,0.12568306010928962
2729,Obstetrics and Gynecology,128,cls,50,0.6121145833333332,0.6338797814207651
2730,Oncology,128,cls,50,0.5977638888888888,0.366120218579235
2731,Ophthalmology,128,cls,50,0.5789305555555555,0.09289617486338798
2732,Orthopedics and Sports Medicine,128,cls,50,0.6267673611111112,0.8306010928961749
2733,Otorhinolaryngology,128,cls,50,0.5993402777777779,0.3879781420765027
2734,Pathology and Forensic Medicine,128,cls,50,0.5874340277777778,0.19672131147540983
2735,"Pediatrics, Perinatology and Child Health",128,cls,50,0.5875312500000001,0.20218579234972678
2736,Pharmacology,128,cls,50,0.6138368055555556,0.6557377049180327
2737,Physiology,128,cls,50,0.5810347222222223,0.13114754098360656
2738,Psychiatry and Mental health,128,cls,50,0.5777465277777779,0.07650273224043716
2739,"Public Health, Environmental and Occupational Health",128,cls,50,0.5844513888888889,0.15300546448087432
2740,Pulmonary and Respiratory Medicine,128,cls,50,0.5850694444444443,0.16393442622950818
2741,"Radiology, Nuclear Medicine and Imaging",128,cls,50,0.5856979166666667,0.17486338797814208
2742,Rehabilitation,128,cls,50,0.611704861111111,0.6284153005464481
2743,Reproductive Medicine,128,cls,50,0.6146805555555556,0.6666666666666666
2745,Rheumatology,128,cls,50,0.5893263888888889,0.2459016393442623
2746,Surgery,128,cls,50,0.5828159722222223,0.14207650273224043
2748,Urology,128,cls,50,0.5786944444444444,0.08196721311475409
2804,Cellular and Molecular Neuroscience,128,cls,50,0.6078819444444444,0.546448087431694
2805,Cognitive Neuroscience,128,cls,50,0.6042430555555557,0.4808743169398907
2807,Endocrine and Autonomic Systems,128,cls,50,0.575986111111111,0.06557377049180328
2808,Neurology,128,cls,50,0.6054756944444445,0.4972677595628415
2809,Sensory Systems,128,cls,50,0.6100486111111111,0.5792349726775956
2910,"Issues, ethics and legal aspects",128,cls,50,0.6098333333333333,0.5737704918032787
2916,Nutrition and Dietetics,128,cls,50,0.5964201388888889,0.3114754098360656
3003,Pharmaceutical Science,128,cls,50,0.6699652777777778,0.9781420765027322
3004,Pharmacology,128,cls,50,0.6043368055555555,0.48633879781420764
3005,Toxicology,128,cls,50,0.6396145833333334,0.9180327868852459
3103,Astronomy and Astrophysics,128,cls,50,0.627454861111111,0.8469945355191257
3104,Condensed Matter Physics,128,cls,50,0.6579826388888889,0.9562841530054644
3106,Nuclear and High Energy Physics,128,cls,50,0.6491354166666666,0.9453551912568307
3107,"Atomic and Molecular Physics, and Optics",128,cls,50,0.6200868055555555,0.7595628415300546
3108,Radiation,128,cls,50,0.6251631944444443,0.825136612021858
3109,Statistical and Nonlinear Physics,128,cls,50,0.6275208333333333,0.8524590163934426
3203,Clinical Psychology,128,cls,50,0.5798784722222222,0.10382513661202186
3204,Developmental and Educational Psychology,128,cls,50,0.6072083333333333,0.5355191256830601
3205,Experimental and Cognitive Psychology,128,cls,50,0.6159652777777778,0.6885245901639344
3207,Social Psychology,128,cls,50,0.5913958333333333,0.2677595628415301
3304,Education,128,cls,50,0.6027465277777777,0.44808743169398907
3305,"Geography, Planning and Development",128,cls,50,0.6512048611111111,0.9508196721311475
3306,Health,128,cls,50,0.6116284722222223,0.6229508196721312
3308,Law,128,cls,50,0.5732430555555555,0.04371584699453552
3311,Safety Research,128,cls,50,0.6164791666666667,0.7049180327868853
3312,Sociology and Political Science,128,cls,50,0.5980208333333334,0.37158469945355194
3313,Transportation,128,cls,50,0.6104618055555556,0.5901639344262295
3314,Anthropology,128,cls,50,0.5924583333333334,0.2786885245901639
3315,Communication,128,cls,50,0.6017847222222221,0.41530054644808745
3316,Cultural Studies,128,cls,50,0.5885625000000001,0.22950819672131148
3317,Demography,128,cls,50,0.61871875,0.7431693989071039
3318,Gender Studies,128,cls,50,0.6090104166666667,0.5573770491803278
3320,Political Science and International Relations,128,cls,50,0.58740625,0.1912568306010929
3322,Urban Studies,128,cls,50,0.6157847222222221,0.6830601092896175
3402,Equine,128,cls,50,0.5908194444444445,0.26229508196721313
3404,Small Animals,128,cls,50,0.5971909722222222,0.3442622950819672
3504,Oral Surgery,128,cls,50,0.6008368055555555,0.3989071038251366
3505,Orthodontics,128,cls,50,0.5941458333333334,0.2896174863387978
3506,Periodontics,128,cls,50,0.6031944444444445,0.45901639344262296
3600,General Health Professions,128,cls,50,0.5851805555555555,0.16939890710382513
3604,Emergency Medical Services,128,cls,50,0.6097083333333333,0.5683060109289617
3605,Health Information Management,128,cls,50,0.6086319444444445,0.5519125683060109
3609,Occupational Therapy,128,cls,50,0.5983819444444444,0.3770491803278688
3612,"Physical Therapy, Sports Therapy and Rehabilitation",128,cls,50,0.6327673611111112,0.9016393442622951
3614,Radiological and Ultrasound Technology,128,cls,50,0.6413749999999999,0.9289617486338798
3616,Speech and Hearing,128,cls,50,0.6135520833333333,0.6502732240437158
1100,General Agricultural and Biological Sciences,128,sep,10,0.37970486111111107,0.36065573770491804
1102,Agronomy and Crop Science,128,sep,10,0.3940972222222222,0.5409836065573771
1103,Animal Science and Zoology,128,sep,10,0.4068576388888889,0.6857923497267759
1104,Aquatic Science,128,sep,10,0.3913715277777779,0.5027322404371585
1105,"Ecology, Evolution, Behavior and Systematics",128,sep,10,0.42618055555555556,0.8579234972677595
1106,Food Science,128,sep,10,0.40355902777777786,0.639344262295082
1109,Insect Science,128,sep,10,0.3649131944444445,0.21311475409836064
1110,Plant Science,128,sep,10,0.3887847222222222,0.45901639344262296
1111,Soil Science,128,sep,10,0.3962673611111111,0.5573770491803278
1202,History,128,sep,10,0.3117534722222222,0.03825136612021858
1203,Language and Linguistics,128,sep,10,0.3698958333333333,0.2568306010928962
1204,Archeology,128,sep,10,0.34894097222222215,0.10382513661202186
1207,History and Philosophy of Science,128,sep,10,0.34953125,0.11475409836065574
1208,Literature and Literary Theory,128,sep,10,0.29552083333333334,0.02185792349726776
1210,Music,128,sep,10,0.33796875,0.07650273224043716
1211,Philosophy,128,sep,10,0.36652777777777773,0.23497267759562843
1212,Religious studies,128,sep,10,0.28720486111111115,0.01092896174863388
1213,Visual Arts and Performing Arts,128,sep,10,0.31289930555555556,0.04371584699453552
1304,Biophysics,128,sep,10,0.40850694444444435,0.7049180327868853
1305,Biotechnology,128,sep,10,0.4129166666666667,0.7431693989071039
1306,Cancer Research,128,sep,10,0.36592013888888886,0.22404371584699453
1307,Cell Biology,128,sep,10,0.42880208333333336,0.8743169398907104
1311,Genetics,128,sep,10,0.48385416666666675,1.0
1312,Molecular Biology,128,sep,10,0.3922048611111111,0.5136612021857924
1313,Molecular Medicine,128,sep,10,0.44935763888888886,0.9781420765027322
1402,Accounting,128,sep,10,0.3415798611111111,0.09289617486338798
1404,Management Information Systems,128,sep,10,0.3728298611111111,0.3114754098360656
1405,Management of Technology and Innovation,128,sep,10,0.39727430555555543,0.5737704918032787
1406,Marketing,128,sep,10,0.3530381944444444,0.1366120218579235
1407,Organizational Behavior and Human Resource Management,128,sep,10,0.3652083333333333,0.2185792349726776
1408,Strategy and Management,128,sep,10,0.34118055555555554,0.08743169398907104
1502,Bioengineering,128,sep,10,0.33543402777777775,0.07103825136612021
1503,Catalysis,128,sep,10,0.3661979166666666,0.22950819672131148
1507,Fluid Flow and Transfer Processes,128,sep,10,0.408767361111111,0.7103825136612022
1508,Process Chemistry and Technology,128,sep,10,0.39046875,0.4808743169398907
1602,Analytical Chemistry,128,sep,10,0.39359374999999996,0.5355191256830601
1604,Inorganic Chemistry,128,sep,10,0.39243055555555556,0.5191256830601093
1605,Organic Chemistry,128,sep,10,0.32560763888888883,0.04918032786885246
1606,Physical and Theoretical Chemistry,128,sep,10,0.3699826388888889,0.26229508196721313
1607,Spectroscopy,128,sep,10,0.4070833333333333,0.6939890710382514
1702,Artificial Intelligence,128,sep,10,0.37109375,0.2896174863387978
1703,Computational Theory and Mathematics,128,sep,10,0.4255902777777778,0.8524590163934426
1704,Computer Graphics and Computer-Aided Design,128,sep,10,0.43168402777777776,0.8961748633879781
1705,Computer Networks and Communications,128,sep,10,0.3503645833333333,0.12568306010928962
1706,Computer Science Applications,128,sep,10,0.3610763888888888,0.1912568306010929
1707,Computer Vision and Pattern Recognition,128,sep,10,0.3689583333333334,0.2459016393442623
1708,Hardware and Architecture,128,sep,10,0.33210069444444446,0.060109289617486336
1709,Human-Computer Interaction,128,sep,10,0.3978298611111112,0.5792349726775956
1710,Information Systems,128,sep,10,0.40083333333333326,0.6120218579234973
1711,Signal Processing,128,sep,10,0.4233680555555556,0.825136612021858
1802,Information Systems and Management,128,sep,10,0.389236111111111,0.46994535519125685
1803,Management Science and Operations Research,128,sep,10,0.39791666666666664,0.587431693989071
1804,"Statistics, Probability and Uncertainty",128,sep,10,0.42092013888888896,0.7978142076502732
1902,Atmospheric Science,128,sep,10,0.41350694444444447,0.7540983606557377
1904,Earth-Surface Processes,128,sep,10,0.4068576388888889,0.6857923497267759
1906,Geochemistry and Petrology,128,sep,10,0.39671875000000006,0.5628415300546448
1907,Geology,128,sep,10,0.4334375,0.912568306010929
1908,Geophysics,128,sep,10,0.40546875,0.6612021857923497
1910,Oceanography,128,sep,10,0.4114583333333333,0.7377049180327869
1911,Paleontology,128,sep,10,0.37668402777777776,0.33879781420765026
2000,"General Economics, Econometrics and Finance",128,sep,10,0.3586284722222222,0.17486338797814208
2002,Economics and Econometrics,128,sep,10,0.3536458333333333,0.14207650273224043
2003,Finance,128,sep,10,0.3839930555555556,0.3989071038251366
2102,Energy Engineering and Power Technology,128,sep,10,0.3766319444444445,0.3333333333333333
2105,"Renewable Energy, Sustainability and the Environment",128,sep,10,0.4471180555555554,0.9726775956284153
2202,Aerospace Engineering,128,sep,10,0.4182986111111111,0.7814207650273224
2203,Automotive Engineering,128,sep,10,0.4382118055555557,0.9234972677595629
2204,Biomedical Engineering,128,sep,10,0.4415104166666666,0.9344262295081968
2205,Civil and Structural Engineering,128,sep,10,0.35034722222222225,0.12021857923497267
2206,Computational Mechanics,128,sep,10,0.3911111111111111,0.4972677595628415
2207,Control and Systems Engineering,128,sep,10,0.3933854166666667,0.5300546448087432
2208,Electrical and Electronic Engineering,128,sep,10,0.4010069444444443,0.6174863387978142
2209,Industrial and Manufacturing Engineering,128,sep,10,0.3798958333333334,0.366120218579235
2210,Mechanical Engineering,128,sep,10,0.37059027777777787,0.2786885245901639
2211,Mechanics of Materials,128,sep,10,0.41472222222222227,0.7595628415300546
2212,Ocean Engineering,128,sep,10,0.3932465277777777,0.5245901639344263
2213,"Safety, Risk, Reliability and Quality",128,sep,10,0.4235590277777776,0.8306010928961749
2214,Media Technology,128,sep,10,0.4432986111111111,0.9453551912568307
2215,Building and Construction,128,sep,10,0.4471006944444445,0.9672131147540983
2303,Ecology,128,sep,10,0.4248263888888889,0.8360655737704918
2304,Environmental Chemistry,128,sep,10,0.443611111111111,0.9508196721311475
2305,Environmental Engineering,128,sep,10,0.4011805555555556,0.6229508196721312
2306,Global and Planetary Change,128,sep,10,0.45256944444444447,0.9836065573770492
2307,"Health, Toxicology and Mutagenesis",128,sep,10,0.42526041666666664,0.8469945355191257
2308,"Management, Monitoring, Policy and Law",128,sep,10,0.40005208333333336,0.6065573770491803
2309,Nature and Landscape Conservation,128,sep,10,0.43130208333333336,0.8907103825136612
2310,Pollution,128,sep,10,0.42944444444444435,0.8797814207650273
2311,Waste Management and Disposal,128,sep,10,0.36914930555555553,0.25136612021857924
2312,Water Science and Technology,128,sep,10,0.4410416666666668,0.9289617486338798
2403,Immunology,128,sep,10,0.35583333333333333,0.16393442622950818
2404,Microbiology,128,sep,10,0.3855381944444444,0.4207650273224044
2405,Parasitology,128,sep,10,0.3808159722222223,0.3770491803278688
2406,Virology,128,sep,10,0.40965277777777787,0.7158469945355191
2502,Biomaterials,128,sep,10,0.39798611111111104,0.5956284153005464
2504,"Electronic, Optical and Magnetic Materials",128,sep,10,0.42701388888888886,0.8688524590163934
2505,Materials Chemistry,128,sep,10,0.39067708333333334,0.48633879781420764
2507,Polymers and Plastics,128,sep,10,0.37857638888888895,0.34972677595628415
2508,"Surfaces, Coatings and Films",128,sep,10,0.41998263888888887,0.7923497267759563
2602,Algebra and Number Theory,128,sep,10,0.2540104166666667,0.00546448087431694
2604,Applied Mathematics,128,sep,10,0.39090277777777777,0.4918032786885246
2608,Geometry and Topology,128,sep,10,0.30032986111111104,0.03278688524590164
2610,Mathematical Physics,128,sep,10,0.2992013888888889,0.0273224043715847
2611,Modeling and Simulation,128,sep,10,0.43057291666666664,0.8852459016393442
2612,Numerical Analysis,128,sep,10,0.2907638888888889,0.01639344262295082
2613,Statistics and Probability,128,sep,10,0.3840277777777778,0.40437158469945356
2703,Anesthesiology and Pain Medicine,128,sep,10,0.35163194444444446,0.13114754098360656
2705,Cardiology and Cardiovascular Medicine,128,sep,10,0.37251736111111106,0.3005464480874317
2707,Complementary and alternative medicine,128,sep,10,0.3830555555555555,0.3879781420765027
2708,Dermatology,128,sep,10,0.35989583333333336,0.18579234972677597
2711,Emergency Medicine,128,sep,10,0.3878993055555556,0.4371584699453552
2712,"Endocrinology, Diabetes and Metabolism",128,sep,10,0.4166666666666666,0.7650273224043715
2713,Epidemiology,128,sep,10,0.3919270833333334,0.5081967213114754
2715,Gastroenterology,128,sep,10,0.38916666666666666,0.4644808743169399
2716,Genetics,128,sep,10,0.4106423611111111,0.73224043715847
2720,Hematology,128,sep,10,0.3984548611111111,0.6010928961748634
2721,Hepatology,128,sep,10,0.3943402777777777,0.546448087431694
2725,Infectious Diseases,128,sep,10,0.37057291666666664,0.273224043715847
2727,Nephrology,128,sep,10,0.3417361111111111,0.09836065573770492
2728,Neurology,128,sep,10,0.3871354166666667,0.43169398907103823
2729,Obstetrics and Gynecology,128,sep,10,0.39690972222222226,0.5683060109289617
2730,Oncology,128,sep,10,0.4230381944444444,0.819672131147541
2731,Ophthalmology,128,sep,10,0.35973958333333333,0.18032786885245902
2732,Orthopedics and Sports Medicine,128,sep,10,0.3900868055555556,0.47540983606557374
2733,Otorhinolaryngology,128,sep,10,0.38338541666666665,0.39344262295081966
2734,Pathology and Forensic Medicine,128,sep,10,0.44611111111111107,0.9562841530054644
2735,"Pediatrics, Perinatology and Child Health",128,sep,10,0.38809027777777777,0.4426229508196721
2736,Pharmacology,128,sep,10,0.4263194444444446,0.8633879781420765
2737,Physiology,128,sep,10,0.42156249999999995,0.8087431693989071
2738,Psychiatry and Mental health,128,sep,10,0.3728645833333334,0.31693989071038253
2739,"Public Health, Environmental and Occupational Health",128,sep,10,0.4176562500000001,0.7704918032786885
2740,Pulmonary and Respiratory Medicine,128,sep,10,0.3765798611111112,0.32786885245901637
2741,"Radiology, Nuclear Medicine and Imaging",128,sep,10,0.418125,0.7759562841530054
2742,Rehabilitation,128,sep,10,0.43682291666666656,0.9180327868852459
2743,Reproductive Medicine,128,sep,10,0.43218749999999995,0.9016393442622951
2745,Rheumatology,128,sep,10,0.40557291666666667,0.6666666666666666
2746,Surgery,128,sep,10,0.3783333333333333,0.3442622950819672
2748,Urology,128,sep,10,0.39791666666666664,0.587431693989071
2804,Cellular and Molecular Neuroscience,128,sep,10,0.4227083333333332,0.8142076502732241
2805,Cognitive Neuroscience,128,sep,10,0.4418750000000001,0.9398907103825137
2807,Endocrine and Autonomic Systems,128,sep,10,0.37878472222222226,0.3551912568306011
2808,Neurology,128,sep,10,0.4562847222222221,0.9890710382513661
2809,Sensory Systems,128,sep,10,0.42142361111111104,0.8032786885245902
2910,"Issues, ethics and legal aspects",128,sep,10,0.3344618055555555,0.06557377049180328
2916,Nutrition and Dietetics,128,sep,10,0.41991319444444447,0.7868852459016393
3003,Pharmaceutical Science,128,sep,10,0.35848958333333336,0.16939890710382513
3004,Pharmacology,128,sep,10,0.4048958333333334,0.6557377049180327
3005,Toxicology,128,sep,10,0.461076388888889,0.994535519125683
3103,Astronomy and Astrophysics,128,sep,10,0.37508680555555557,0.3224043715846995
3104,Condensed Matter Physics,128,sep,10,0.4133333333333334,0.7486338797814208
3106,Nuclear and High Energy Physics,128,sep,10,0.3673784722222222,0.24043715846994534
3107,"Atomic and Molecular Physics, and Optics",128,sep,10,0.3850868055555555,0.41530054644808745
3108,Radiation,128,sep,10,0.40673611111111113,0.6775956284153005
3109,Statistical and Nonlinear Physics,128,sep,10,0.409982638888889,0.726775956284153
3203,Clinical Psychology,128,sep,10,0.3611284722222222,0.19672131147540983
3204,Developmental and Educational Psychology,128,sep,10,0.3886979166666667,0.453551912568306
3205,Experimental and Cognitive Psychology,128,sep,10,0.40659722222222217,0.6721311475409836
3207,Social Psychology,128,sep,10,0.37230902777777786,0.29508196721311475
3304,Education,128,sep,10,0.3544097222222222,0.14754098360655737
3305,"Geography, Planning and Development",128,sep,10,0.4250868055555556,0.8415300546448088
3306,Health,128,sep,10,0.40338541666666666,0.6338797814207651
3308,Law,128,sep,10,0.33190972222222226,0.0546448087431694
3311,Safety Research,128,sep,10,0.43303819444444447,0.907103825136612
3312,Sociology and Political Science,128,sep,10,0.3708680555555555,0.28415300546448086
3313,Transportation,128,sep,10,0.3840798611111111,0.4098360655737705
3314,Anthropology,128,sep,10,0.36333333333333334,0.20765027322404372
3315,Communication,128,sep,10,0.35559027777777774,0.15846994535519127
3316,Cultural Studies,128,sep,10,0.3409375,0.08196721311475409
3317,Demography,128,sep,10,0.39595486111111106,0.5519125683060109
3318,Gender Studies,128,sep,10,0.37258680555555557,0.30601092896174864
3320,Political Science and International Relations,128,sep,10,0.34894097222222226,0.1092896174863388
3322,Urban Studies,128,sep,10,0.3620659722222222,0.20218579234972678
3402,Equine,128,sep,10,0.38835069444444437,0.44808743169398907
3404,Small Animals,128,sep,10,0.4076041666666667,0.6994535519125683
3504,Oral Surgery,128,sep,10,0.40460069444444446,0.6502732240437158
3505,Orthodontics,128,sep,10,0.37005208333333334,0.2677595628415301
3506,Periodontics,128,sep,10,0.38081597222222224,0.37158469945355194
3600,General Health Professions,128,sep,10,0.35458333333333336,0.15300546448087432
3604,Emergency Medical Services,128,sep,10,0.40425347222222224,0.644808743169399
3605,Health Information Management,128,sep,10,0.38206597222222227,0.3825136612021858
3609,Occupational Therapy,128,sep,10,0.4099131944444444,0.7213114754098361
3612,"Physical Therapy, Sports Therapy and Rehabilitation",128,sep,10,0.38583333333333325,0.4262295081967213
3614,Radiological and Ultrasound Technology,128,sep,10,0.40302083333333333,0.6284153005464481
3616,Speech and Hearing,128,sep,10,0.44659722222222226,0.9617486338797814
1100,General Agricultural and Biological Sciences,128,sep,25,0.49648611111111113,0.41530054644808745
1102,Agronomy and Crop Science,128,sep,25,0.5190625,0.7049180327868853
1103,Animal Science and Zoology,128,sep,25,0.5223680555555555,0.7431693989071039
1104,Aquatic Science,128,sep,25,0.5276180555555555,0.7868852459016393
1105,"Ecology, Evolution, Behavior and Systematics",128,sep,25,0.5399513888888888,0.8579234972677595
1106,Food Science,128,sep,25,0.49894444444444447,0.453551912568306
1109,Insect Science,128,sep,25,0.4818194444444444,0.26229508196721313
1110,Plant Science,128,sep,25,0.5070694444444445,0.5846994535519126
1111,Soil Science,128,sep,25,0.5130000000000001,0.639344262295082
1202,History,128,sep,25,0.4210347222222222,0.0273224043715847
1203,Language and Linguistics,128,sep,25,0.5006388888888889,0.48633879781420764
1204,Archeology,128,sep,25,0.4696666666666668,0.17486338797814208
1207,History and Philosophy of Science,128,sep,25,0.4574166666666667,0.07650273224043716
1208,Literature and Literary Theory,128,sep,25,0.4172708333333333,0.02185792349726776
1210,Music,128,sep,25,0.4591111111111112,0.09836065573770492
1211,Philosophy,128,sep,25,0.4679027777777778,0.15846994535519127
1212,Religious studies,128,sep,25,0.3951388888888889,0.01092896174863388
1213,Visual Arts and Performing Arts,128,sep,25,0.4337638888888889,0.04371584699453552
1304,Biophysics,128,sep,25,0.5166458333333332,0.6885245901639344
1305,Biotechnology,128,sep,25,0.5141597222222222,0.6502732240437158
1306,Cancer Research,128,sep,25,0.4975972222222222,0.43169398907103823
1307,Cell Biology,128,sep,25,0.5445277777777778,0.9180327868852459
1311,Genetics,128,sep,25,0.5421805555555554,0.8961748633879781
1312,Molecular Biology,128,sep,25,0.4911805555555556,0.366120218579235
1313,Molecular Medicine,128,sep,25,0.5915277777777778,0.9890710382513661
1402,Accounting,128,sep,25,0.46784722222222225,0.15300546448087432
1404,Management Information Systems,128,sep,25,0.4860486111111111,0.3114754098360656
1405,Management of Technology and Innovation,128,sep,25,0.5073958333333334,0.5956284153005464
1406,Marketing,128,sep,25,0.47249305555555554,0.20218579234972678
1407,Organizational Behavior and Human Resource Management,128,sep,25,0.4824236111111111,0.273224043715847
1408,Strategy and Management,128,sep,25,0.453236111111111,0.06557377049180328
1502,Bioengineering,128,sep,25,0.4587847222222222,0.09289617486338798
1503,Catalysis,128,sep,25,0.498513888888889,0.4426229508196721
1507,Fluid Flow and Transfer Processes,128,sep,25,0.5421944444444444,0.9016393442622951
1508,Process Chemistry and Technology,128,sep,25,0.5472222222222223,0.9344262295081968
1602,Analytical Chemistry,128,sep,25,0.5023402777777777,0.5245901639344263
1604,Inorganic Chemistry,128,sep,25,0.5165902777777779,0.6830601092896175
1605,Organic Chemistry,128,sep,25,0.45266666666666666,0.060109289617486336
1606,Physical and Theoretical Chemistry,128,sep,25,0.48295833333333327,0.28415300546448086
1607,Spectroscopy,128,sep,25,0.5148750000000001,0.6612021857923497
1702,Artificial Intelligence,128,sep,25,0.4694513888888889,0.16393442622950818
1703,Computational Theory and Mathematics,128,sep,25,0.5012777777777778,0.4972677595628415
1704,Computer Graphics and Computer-Aided Design,128,sep,25,0.5690277777777778,0.9781420765027322
1705,Computer Networks and Communications,128,sep,25,0.4781805555555556,0.23497267759562843
1706,Computer Science Applications,128,sep,25,0.4662291666666667,0.1366120218579235
1707,Computer Vision and Pattern Recognition,128,sep,25,0.4807499999999999,0.25136612021857924
1708,Hardware and Architecture,128,sep,25,0.4577222222222221,0.08196721311475409
1709,Human-Computer Interaction,128,sep,25,0.5182777777777777,0.6939890710382514
1710,Information Systems,128,sep,25,0.5002152777777779,0.46994535519125685
1711,Signal Processing,128,sep,25,0.5161111111111111,0.6775956284153005
1802,Information Systems and Management,128,sep,25,0.5038680555555555,0.5409836065573771
1803,Management Science and Operations Research,128,sep,25,0.4987430555555554,0.44808743169398907
1804,"Statistics, Probability and Uncertainty",128,sep,25,0.5483402777777778,0.9453551912568307
1902,Atmospheric Science,128,sep,25,0.5158194444444445,0.6721311475409836
1904,Earth-Surface Processes,128,sep,25,0.5341805555555557,0.819672131147541
1906,Geochemistry and Petrology,128,sep,25,0.5090763888888888,0.6174863387978142
1907,Geology,128,sep,25,0.5599444444444444,0.9617486338797814
1908,Geophysics,128,sep,25,0.5358194444444445,0.8415300546448088
1910,Oceanography,128,sep,25,0.5466944444444445,0.9289617486338798
1911,Paleontology,128,sep,25,0.49772222222222223,0.4371584699453552
2000,"General Economics, Econometrics and Finance",128,sep,25,0.4815694444444445,0.2568306010928962
2002,Economics and Econometrics,128,sep,25,0.46511111111111103,0.11475409836065574
2003,Finance,128,sep,25,0.5019166666666667,0.5136612021857924
2102,Energy Engineering and Power Technology,128,sep,25,0.506263888888889,0.5683060109289617
2105,"Renewable Energy, Sustainability and the Environment",128,sep,25,0.592048611111111,0.994535519125683
2202,Aerospace Engineering,128,sep,25,0.5370069444444445,0.8524590163934426
2203,Automotive Engineering,128,sep,25,0.5482986111111111,0.9398907103825137
2204,Biomedical Engineering,128,sep,25,0.5294375,0.7978142076502732
2205,Civil and Structural Engineering,128,sep,25,0.45851388888888894,0.08743169398907104
2206,Computational Mechanics,128,sep,25,0.5063402777777778,0.5737704918032787
2207,Control and Systems Engineering,128,sep,25,0.5057847222222224,0.5573770491803278
2208,Electrical and Electronic Engineering,128,sep,25,0.4839722222222222,0.2896174863387978
2209,Industrial and Manufacturing Engineering,128,sep,25,0.5005208333333333,0.4808743169398907
2210,Mechanical Engineering,128,sep,25,0.4939652777777779,0.3879781420765027
2211,Mechanics of Materials,128,sep,25,0.5085208333333334,0.6065573770491803
2212,Ocean Engineering,128,sep,25,0.49479166666666674,0.39344262295081966
2213,"Safety, Risk, Reliability and Quality",128,sep,25,0.5272430555555556,0.7814207650273224
2214,Media Technology,128,sep,25,0.5676319444444444,0.9726775956284153
2215,Building and Construction,128,sep,25,0.5602430555555556,0.9672131147540983
2303,Ecology,128,sep,25,0.5194722222222222,0.7158469945355191
2304,Environmental Chemistry,128,sep,25,0.5401111111111112,0.8633879781420765
2305,Environmental Engineering,128,sep,25,0.49492361111111116,0.3989071038251366
2306,Global and Planetary Change,128,sep,25,0.5448055555555557,0.9234972677595629
2307,"Health, Toxicology and Mutagenesis",128,sep,25,0.5319583333333334,0.8032786885245902
2308,"Management, Monitoring, Policy and Law",128,sep,25,0.49079861111111117,0.34972677595628415
2309,Nature and Landscape Conservation,128,sep,25,0.53475,0.825136612021858
2310,Pollution,128,sep,25,0.53525,0.8360655737704918
2311,Waste Management and Disposal,128,sep,25,0.4900069444444445,0.3442622950819672
2312,Water Science and Technology,128,sep,25,0.5519236111111112,0.9562841530054644
2403,Immunology,128,sep,25,0.46744444444444455,0.14754098360655737
2404,Microbiology,128,sep,25,0.4998472222222223,0.4644808743169399
2405,Parasitology,128,sep,25,0.4715763888888889,0.19672131147540983
2406,Virology,128,sep,25,0.5232222222222223,0.7540983606557377
2502,Biomaterials,128,sep,25,0.5031180555555556,0.5355191256830601
2504,"Electronic, Optical and Magnetic Materials",128,sep,25,0.5220347222222222,0.7377049180327869
2505,Materials Chemistry,128,sep,25,0.5017291666666667,0.5081967213114754
2507,Polymers and Plastics,128,sep,25,0.5012916666666667,0.5027322404371585
2508,"Surfaces, Coatings and Films",128,sep,25,0.5420069444444444,0.8852459016393442
2602,Algebra and Number Theory,128,sep,25,0.3729652777777777,0.00546448087431694
2604,Applied Mathematics,128,sep,25,0.4892916666666665,0.33879781420765026
2608,Geometry and Topology,128,sep,25,0.4015138888888888,0.01639344262295082
2610,Mathematical Physics,128,sep,25,0.42934027777777783,0.03825136612021858
2611,Modeling and Simulation,128,sep,25,0.5948680555555554,1.0
2612,Numerical Analysis,128,sep,25,0.4210694444444444,0.03278688524590164
2613,Statistics and Probability,128,sep,25,0.5004097222222222,0.47540983606557374
2703,Anesthesiology and Pain Medicine,128,sep,25,0.47034722222222225,0.1912568306010929
2705,Cardiology and Cardiovascular Medicine,128,sep,25,0.47445833333333337,0.2185792349726776
2707,Complementary and alternative medicine,128,sep,25,0.4845694444444445,0.3005464480874317
2708,Dermatology,128,sep,25,0.46744444444444444,0.14207650273224043
2711,Emergency Medicine,128,sep,25,0.4839861111111112,0.29508196721311475
2712,"Endocrinology, Diabetes and Metabolism",128,sep,25,0.5135069444444444,0.644808743169399
2713,Epidemiology,128,sep,25,0.4926597222222222,0.3825136612021858
2715,Gastroenterology,128,sep,25,0.48526388888888894,0.30601092896174864
2716,Genetics,128,sep,25,0.5254652777777779,0.7650273224043715
2720,Hematology,128,sep,25,0.4909722222222223,0.36065573770491804
2721,Hepatology,128,sep,25,0.4966180555555556,0.4207650273224044
2725,Infectious Diseases,128,sep,25,0.475798611111111,0.22404371584699453
2727,Nephrology,128,sep,25,0.4477777777777777,0.0546448087431694
2728,Neurology,128,sep,25,0.48657638888888904,0.3224043715846995
2729,Obstetrics and Gynecology,128,sep,25,0.5058333333333332,0.5628415300546448
2730,Oncology,128,sep,25,0.5099930555555556,0.6284153005464481
2731,Ophthalmology,128,sep,25,0.4652638888888889,0.12021857923497267
2732,Orthopedics and Sports Medicine,128,sep,25,0.5266458333333334,0.7759562841530054
2733,Otorhinolaryngology,128,sep,25,0.504236111111111,0.546448087431694
2734,Pathology and Forensic Medicine,128,sep,25,0.5100069444444444,0.6338797814207651
2735,"Pediatrics, Perinatology and Child Health",128,sep,25,0.4861875,0.31693989071038253
2736,Pharmacology,128,sep,25,0.5433472222222223,0.912568306010929
2737,Physiology,128,sep,25,0.5026875,0.5300546448087432
2738,Psychiatry and Mental health,128,sep,25,0.47308333333333324,0.20765027322404372
2739,"Public Health, Environmental and Occupational Health",128,sep,25,0.49526388888888884,0.4098360655737705
2740,Pulmonary and Respiratory Medicine,128,sep,25,0.4824722222222222,0.2786885245901639
2741,"Radiology, Nuclear Medicine and Imaging",128,sep,25,0.5071527777777779,0.5901639344262295
2742,Rehabilitation,128,sep,25,0.5427500000000001,0.907103825136612
2743,Reproductive Medicine,128,sep,25,0.5195694444444443,0.7213114754098361
2745,Rheumatology,128,sep,25,0.5150486111111111,0.6666666666666666
2746,Surgery,128,sep,25,0.47861111111111104,0.24043715846994534
2748,Urology,128,sep,25,0.4909583333333333,0.3551912568306011
2804,Cellular and Molecular Neuroscience,128,sep,25,0.5218888888888887,0.73224043715847
2805,Cognitive Neuroscience,128,sep,25,0.5244375,0.7595628415300546
2807,Endocrine and Autonomic Systems,128,sep,25,0.4871319444444444,0.32786885245901637
2808,Neurology,128,sep,25,0.5421736111111112,0.8907103825136612
2809,Sensory Systems,128,sep,25,0.5333333333333332,0.8087431693989071
2910,"Issues, ethics and legal aspects",128,sep,25,0.4634791666666667,0.10382513661202186
2916,Nutrition and Dietetics,128,sep,25,0.5187013888888891,0.6994535519125683
3003,Pharmaceutical Science,128,sep,25,0.5348888888888889,0.8306010928961749
3004,Pharmacology,128,sep,25,0.49177777777777776,0.3770491803278688
3005,Toxicology,128,sep,25,0.5775138888888888,0.9836065573770492
3103,Astronomy and Astrophysics,128,sep,25,0.5088055555555557,0.6120218579234973
3104,Condensed Matter Physics,128,sep,25,0.5369930555555554,0.8469945355191257
3106,Nuclear and High Energy Physics,128,sep,25,0.49172222222222234,0.37158469945355194
3107,"Atomic and Molecular Physics, and Optics",128,sep,25,0.5012152777777777,0.4918032786885246
3108,Radiation,128,sep,25,0.5419930555555555,0.8797814207650273
3109,Statistical and Nonlinear Physics,128,sep,25,0.5333402777777778,0.8142076502732241
3203,Clinical Psychology,128,sep,25,0.47024305555555557,0.18032786885245902
3204,Developmental and Educational Psychology,128,sep,25,0.505388888888889,0.5519125683060109
3205,Experimental and Cognitive Psychology,128,sep,25,0.5200625,0.726775956284153
3207,Social Psychology,128,sep,25,0.4732569444444446,0.21311475409836064
3304,Education,128,sep,25,0.46415277777777775,0.1092896174863388
3305,"Geography, Planning and Development",128,sep,25,0.5405972222222223,0.8688524590163934
3306,Health,128,sep,25,0.5276597222222221,0.7923497267759563
3308,Law,128,sep,25,0.4402986111111112,0.04918032786885246
3311,Safety Research,128,sep,25,0.5264236111111111,0.7704918032786885
3312,Sociology and Political Science,128,sep,25,0.476625,0.22950819672131148
3313,Transportation,128,sep,25,0.4992708333333334,0.45901639344262296
3314,Anthropology,128,sep,25,0.4703124999999999,0.18579234972677597
3315,Communication,128,sep,25,0.4786805555555555,0.2459016393442623
3316,Cultural Studies,128,sep,25,0.45563194444444444,0.07103825136612021
3317,Demography,128,sep,25,0.5019444444444444,0.5191256830601093
3318,Gender Studies,128,sep,25,0.48232638888888896,0.2677595628415301
3320,Political Science and International Relations,128,sep,25,0.46581249999999996,0.13114754098360656
3322,Urban Studies,128,sep,25,0.46961805555555547,0.16939890710382513
3402,Equine,128,sep,25,0.49505555555555547,0.40437158469945356
3404,Small Animals,128,sep,25,0.5078125,0.6010928961748634
3504,Oral Surgery,128,sep,25,0.5147291666666666,0.6557377049180327
3505,Orthodontics,128,sep,25,0.4967916666666667,0.4262295081967213
3506,Periodontics,128,sep,25,0.4889652777777779,0.3333333333333333
3600,General Health Professions,128,sep,25,0.46570138888888885,0.12568306010928962
3604,Emergency Medical Services,128,sep,25,0.5095208333333332,0.6229508196721312
3605,Health Information Management,128,sep,25,0.5066527777777777,0.5792349726775956
3609,Occupational Therapy,128,sep,25,0.5194097222222223,0.7103825136612022
3612,"Physical Therapy, Sports Therapy and Rehabilitation",128,sep,25,0.5227916666666667,0.7486338797814208
3614,Radiological and Ultrasound Technology,128,sep,25,0.5408819444444445,0.8743169398907104
3616,Speech and Hearing,128,sep,25,0.5510625,0.9508196721311475
1100,General Agricultural and Biological Sciences,128,sep,50,0.6340208333333333,0.6229508196721312
1102,Agronomy and Crop Science,128,sep,50,0.6496388888888889,0.8142076502732241
1103,Animal Science and Zoology,128,sep,50,0.6497013888888888,0.819672131147541
1104,Aquatic Science,128,sep,50,0.6600243055555555,0.912568306010929
1105,"Ecology, Evolution, Behavior and Systematics",128,sep,50,0.6557743055555556,0.8797814207650273
1106,Food Science,128,sep,50,0.6266770833333333,0.5191256830601093
1109,Insect Science,128,sep,50,0.6259513888888889,0.4918032786885246
1110,Plant Science,128,sep,50,0.6283819444444443,0.5519125683060109
1111,Soil Science,128,sep,50,0.6584236111111111,0.8961748633879781
1202,History,128,sep,50,0.5674131944444444,0.02185792349726776
1203,Language and Linguistics,128,sep,50,0.6202881944444445,0.4098360655737705
1204,Archeology,128,sep,50,0.5978194444444445,0.08743169398907104
1207,History and Philosophy of Science,128,sep,50,0.5965208333333334,0.07103825136612021
1208,Literature and Literary Theory,128,sep,50,0.5751215277777777,0.03278688524590164
1210,Music,128,sep,50,0.5975625000000001,0.08196721311475409
1211,Philosophy,128,sep,50,0.6154548611111111,0.3224043715846995
1212,Religious studies,128,sep,50,0.5463472222222222,0.01092896174863388
1213,Visual Arts and Performing Arts,128,sep,50,0.5871666666666666,0.0546448087431694
1304,Biophysics,128,sep,50,0.6450138888888888,0.7759562841530054
1305,Biotechnology,128,sep,50,0.6224027777777777,0.4371584699453552
1306,Cancer Research,128,sep,50,0.6372569444444445,0.6612021857923497
1307,Cell Biology,128,sep,50,0.6554548611111112,0.8743169398907104
1311,Genetics,128,sep,50,0.6274895833333335,0.5355191256830601
1312,Molecular Biology,128,sep,50,0.6081006944444444,0.2185792349726776
1313,Molecular Medicine,128,sep,50,0.7036006944444444,0.9781420765027322
1402,Accounting,128,sep,50,0.6159826388888889,0.32786885245901637
1404,Management Information Systems,128,sep,50,0.6189930555555556,0.39344262295081966
1405,Management of Technology and Innovation,128,sep,50,0.642638888888889,0.7377049180327869
1406,Marketing,128,sep,50,0.6261180555555556,0.4972677595628415
1407,Organizational Behavior and Human Resource Management,128,sep,50,0.6229722222222221,0.4426229508196721
1408,Strategy and Management,128,sep,50,0.5964236111111111,0.06557377049180328
1502,Bioengineering,128,sep,50,0.6132743055555556,0.30601092896174864
1503,Catalysis,128,sep,50,0.6313715277777778,0.5846994535519126
1507,Fluid Flow and Transfer Processes,128,sep,50,0.6817500000000001,0.9617486338797814
1508,Process Chemistry and Technology,128,sep,50,0.7212881944444445,0.994535519125683
1602,Analytical Chemistry,128,sep,50,0.6241944444444445,0.46994535519125685
1604,Inorganic Chemistry,128,sep,50,0.6351736111111111,0.639344262295082
1605,Organic Chemistry,128,sep,50,0.6066354166666668,0.20218579234972678
1606,Physical and Theoretical Chemistry,128,sep,50,0.6180104166666667,0.37158469945355194
1607,Spectroscopy,128,sep,50,0.6234340277777778,0.453551912568306
1702,Artificial Intelligence,128,sep,50,0.5996527777777778,0.10382513661202186
1703,Computational Theory and Mathematics,128,sep,50,0.6055625,0.18579234972677597
1704,Computer Graphics and Computer-Aided Design,128,sep,50,0.7168749999999999,0.9836065573770492
1705,Computer Networks and Communications,128,sep,50,0.6290555555555556,0.5573770491803278
1706,Computer Science Applications,128,sep,50,0.6019479166666667,0.14207650273224043
1707,Computer Vision and Pattern Recognition,128,sep,50,0.6179652777777778,0.366120218579235
1708,Hardware and Architecture,128,sep,50,0.6064861111111112,0.19672131147540983
1709,Human-Computer Interaction,128,sep,50,0.6506145833333333,0.825136612021858
1710,Information Systems,128,sep,50,0.6281041666666667,0.5409836065573771
1711,Signal Processing,128,sep,50,0.6189340277777776,0.3879781420765027
1802,Information Systems and Management,128,sep,50,0.6310104166666667,0.5792349726775956
1803,Management Science and Operations Research,128,sep,50,0.6273645833333333,0.5300546448087432
1804,"Statistics, Probability and Uncertainty",128,sep,50,0.6644687499999999,0.9344262295081968
1902,Atmospheric Science,128,sep,50,0.6491944444444444,0.8087431693989071
1904,Earth-Surface Processes,128,sep,50,0.6538263888888889,0.8688524590163934
1906,Geochemistry and Petrology,128,sep,50,0.6347812500000001,0.6338797814207651
1907,Geology,128,sep,50,0.6820277777777778,0.9672131147540983
1908,Geophysics,128,sep,50,0.6634166666666667,0.9289617486338798
1910,Oceanography,128,sep,50,0.6796215277777777,0.9508196721311475
1911,Paleontology,128,sep,50,0.6322222222222221,0.6010928961748634
2000,"General Economics, Econometrics and Finance",128,sep,50,0.6130590277777779,0.2896174863387978
2002,Economics and Econometrics,128,sep,50,0.6016076388888888,0.12568306010928962
2003,Finance,128,sep,50,0.6381145833333334,0.6885245901639344
2102,Energy Engineering and Power Technology,128,sep,50,0.6377638888888888,0.6775956284153005
2105,"Renewable Energy, Sustainability and the Environment",128,sep,50,0.7185243055555556,0.9890710382513661
2202,Aerospace Engineering,128,sep,50,0.6179305555555555,0.36065573770491804
2203,Automotive Engineering,128,sep,50,0.6588819444444445,0.9016393442622951
2204,Biomedical Engineering,128,sep,50,0.6432916666666666,0.7540983606557377
2205,Civil and Structural Engineering,128,sep,50,0.600482638888889,0.11475409836065574
2206,Computational Mechanics,128,sep,50,0.6396875,0.7158469945355191
2207,Control and Systems Engineering,128,sep,50,0.6238611111111111,0.45901639344262296
2208,Electrical and Electronic Engineering,128,sep,50,0.6010763888888888,0.12021857923497267
2209,Industrial and Manufacturing Engineering,128,sep,50,0.6221770833333332,0.43169398907103823
2210,Mechanical Engineering,128,sep,50,0.6201284722222221,0.40437158469945356
2211,Mechanics of Materials,128,sep,50,0.6316979166666665,0.5956284153005464
2212,Ocean Engineering,128,sep,50,0.6264201388888888,0.5136612021857924
2213,"Safety, Risk, Reliability and Quality",128,sep,50,0.6248715277777777,0.4808743169398907
2214,Media Technology,128,sep,50,0.6802326388888889,0.9562841530054644
2215,Building and Construction,128,sep,50,0.6559930555555554,0.8852459016393442
2303,Ecology,128,sep,50,0.6393784722222222,0.7103825136612022
2304,Environmental Chemistry,128,sep,50,0.6534375,0.8633879781420765
2305,Environmental Engineering,128,sep,50,0.6113645833333333,0.2459016393442623
2306,Global and Planetary Change,128,sep,50,0.6510729166666668,0.8306010928961749
2307,"Health, Toxicology and Mutagenesis",128,sep,50,0.6524756944444445,0.8415300546448088
2308,"Management, Monitoring, Policy and Law",128,sep,50,0.6170868055555556,0.3442622950819672
2309,Nature and Landscape Conservation,128,sep,50,0.658079861111111,0.8907103825136612
2310,Pollution,128,sep,50,0.6473194444444444,0.7923497267759563
2311,Waste Management and Disposal,128,sep,50,0.62475,0.47540983606557374
2312,Water Science and Technology,128,sep,50,0.6590034722222222,0.907103825136612
2403,Immunology,128,sep,50,0.6051284722222222,0.17486338797814208
2404,Microbiology,128,sep,50,0.6261805555555555,0.5081967213114754
2405,Parasitology,128,sep,50,0.5982673611111109,0.09289617486338798
2406,Virology,128,sep,50,0.6528472222222221,0.8524590163934426
2502,Biomaterials,128,sep,50,0.6392326388888888,0.7049180327868853
2504,"Electronic, Optical and Magnetic Materials",128,sep,50,0.6338888888888888,0.6174863387978142
2505,Materials Chemistry,128,sep,50,0.6315625000000001,0.5901639344262295
2507,Polymers and Plastics,128,sep,50,0.6404236111111112,0.7213114754098361
2508,"Surfaces, Coatings and Films",128,sep,50,0.6525625,0.8469945355191257
2602,Algebra and Number Theory,128,sep,50,0.5328680555555556,0.00546448087431694
2604,Applied Mathematics,128,sep,50,0.6127256944444445,0.2786885245901639
2608,Geometry and Topology,128,sep,50,0.5531909722222221,0.01639344262295082
2610,Mathematical Physics,128,sep,50,0.5819027777777778,0.04371584699453552
2611,Modeling and Simulation,128,sep,50,0.7441840277777778,1.0
2612,Numerical Analysis,128,sep,50,0.5742361111111111,0.0273224043715847
2613,Statistics and Probability,128,sep,50,0.6470729166666667,0.7868852459016393
2703,Anesthesiology and Pain Medicine,128,sep,50,0.6168854166666667,0.33879781420765026
2705,Cardiology and Cardiovascular Medicine,128,sep,50,0.6121597222222221,0.2677595628415301
2707,Complementary and alternative medicine,128,sep,50,0.5997708333333333,0.1092896174863388
2708,Dermatology,128,sep,50,0.598701388888889,0.09836065573770492
2711,Emergency Medicine,128,sep,50,0.617263888888889,0.34972677595628415
2712,"Endocrinology, Diabetes and Metabolism",128,sep,50,0.6250347222222222,0.48633879781420764
2713,Epidemiology,128,sep,50,0.6212326388888889,0.41530054644808745
2715,Gastroenterology,128,sep,50,0.6110486111111111,0.23497267759562843
2716,Genetics,128,sep,50,0.638548611111111,0.6994535519125683
2720,Hematology,128,sep,50,0.6108090277777778,0.22950819672131148
2721,Hepatology,128,sep,50,0.6220659722222222,0.4262295081967213
2725,Infectious Diseases,128,sep,50,0.6017986111111111,0.1366120218579235
2727,Nephrology,128,sep,50,0.5911805555555555,0.060109289617486336
2728,Neurology,128,sep,50,0.6107013888888889,0.22404371584699453
2729,Obstetrics and Gynecology,128,sep,50,0.6385451388888889,0.6939890710382514
2730,Oncology,128,sep,50,0.6261562500000001,0.5027322404371585
2731,Ophthalmology,128,sep,50,0.6016805555555556,0.13114754098360656
2732,Orthopedics and Sports Medicine,128,sep,50,0.6662708333333334,0.9398907103825137
2733,Otorhinolaryngology,128,sep,50,0.6426805555555556,0.7431693989071039
2734,Pathology and Forensic Medicine,128,sep,50,0.6161388888888889,0.3333333333333333
2735,"Pediatrics, Perinatology and Child Health",128,sep,50,0.61115625,0.24043715846994534
2736,Pharmacology,128,sep,50,0.6413506944444445,0.73224043715847
2737,Physiology,128,sep,50,0.6125833333333334,0.273224043715847
2738,Psychiatry and Mental health,128,sep,50,0.6022534722222223,0.14754098360655737
2739,"Public Health, Environmental and Occupational Health",128,sep,50,0.6114375000000001,0.25136612021857924
2740,Pulmonary and Respiratory Medicine,128,sep,50,0.6132326388888889,0.3005464480874317
2741,"Radiology, Nuclear Medicine and Imaging",128,sep,50,0.6128645833333334,0.28415300546448086
2742,Rehabilitation,128,sep,50,0.6432986111111111,0.7595628415300546
2743,Reproductive Medicine,128,sep,50,0.6379444444444443,0.6830601092896175
2745,Rheumatology,128,sep,50,0.617329861111111,0.3551912568306011
2746,Surgery,128,sep,50,0.6079479166666666,0.21311475409836064
2748,Urology,128,sep,50,0.6063645833333333,0.1912568306010929
2804,Cellular and Molecular Neuroscience,128,sep,50,0.6445833333333333,0.7704918032786885
2805,Cognitive Neuroscience,128,sep,50,0.6335659722222223,0.6120218579234973
2807,Endocrine and Autonomic Systems,128,sep,50,0.613357638888889,0.3114754098360656
2808,Neurology,128,sep,50,0.6290937499999999,0.5628415300546448
2809,Sensory Systems,128,sep,50,0.6530833333333332,0.8579234972677595
2910,"Issues, ethics and legal aspects",128,sep,50,0.6050972222222221,0.16939890710382513
2916,Nutrition and Dietetics,128,sep,50,0.628263888888889,0.546448087431694
3003,Pharmaceutical Science,128,sep,50,0.6881597222222222,0.9726775956284153
3004,Pharmacology,128,sep,50,0.6116944444444444,0.26229508196721313
3005,Toxicology,128,sep,50,0.6736736111111111,0.9453551912568307
3103,Astronomy and Astrophysics,128,sep,50,0.65134375,0.8360655737704918
3104,Condensed Matter Physics,128,sep,50,0.6632812499999999,0.9234972677595629
3106,Nuclear and High Energy Physics,128,sep,50,0.6377291666666666,0.6721311475409836
3107,"Atomic and Molecular Physics, and Optics",128,sep,50,0.6267013888888888,0.5245901639344263
3108,Radiation,128,sep,50,0.6468055555555555,0.7814207650273224
3109,Statistical and Nonlinear Physics,128,sep,50,0.6405937500000001,0.726775956284153
3203,Clinical Psychology,128,sep,50,0.6027708333333334,0.15300546448087432
3204,Developmental and Educational Psychology,128,sep,50,0.6306041666666666,0.5737704918032787
3205,Experimental and Cognitive Psychology,128,sep,50,0.6436041666666666,0.7650273224043715
3207,Social Psychology,128,sep,50,0.6116284722222223,0.2568306010928962
3304,Education,128,sep,50,0.6153784722222223,0.31693989071038253
3305,"Geography, Planning and Development",128,sep,50,0.6491041666666666,0.8032786885245902
3306,Health,128,sep,50,0.6374826388888889,0.6666666666666666
3308,Law,128,sep,50,0.5785208333333333,0.03825136612021858
3311,Safety Research,128,sep,50,0.6368194444444444,0.6557377049180327
3312,Sociology and Political Science,128,sep,50,0.6054270833333333,0.18032786885245902
3313,Transportation,128,sep,50,0.6322222222222222,0.6065573770491803
3314,Anthropology,128,sep,50,0.6039652777777778,0.16393442622950818
3315,Communication,128,sep,50,0.6181180555555555,0.3770491803278688
3316,Cultural Studies,128,sep,50,0.5849965277777778,0.04918032786885246
3317,Demography,128,sep,50,0.6131458333333334,0.29508196721311475
3318,Gender Studies,128,sep,50,0.6182395833333334,0.3825136612021858
3320,Political Science and International Relations,128,sep,50,0.5974618055555556,0.07650273224043716
3322,Urban Studies,128,sep,50,0.6073715277777778,0.20765027322404372
3402,Equine,128,sep,50,0.6239861111111111,0.4644808743169399
3404,Small Animals,128,sep,50,0.622048611111111,0.4207650273224044
3504,Oral Surgery,128,sep,50,0.6342013888888889,0.6284153005464481
3505,Orthodontics,128,sep,50,0.6357256944444446,0.644808743169399
3506,Periodontics,128,sep,50,0.6234131944444444,0.44808743169398907
3600,General Health Professions,128,sep,50,0.6034375000000001,0.15846994535519127
3604,Emergency Medical Services,128,sep,50,0.6303645833333332,0.5683060109289617
3605,Health Information Management,128,sep,50,0.6362777777777778,0.6502732240437158
3609,Occupational Therapy,128,sep,50,0.6193854166666667,0.3989071038251366
3612,"Physical Therapy, Sports Therapy and Rehabilitation",128,sep,50,0.6490902777777778,0.7978142076502732
3614,Radiological and Ultrasound Technology,128,sep,50,0.6619375,0.9180327868852459
3616,Speech and Hearing,128,sep,50,0.6432395833333333,0.7486338797814208
1100,General Agricultural and Biological Sciences,256,mean,10,0.37807291666666665,0.5409836065573771
1102,Agronomy and Crop Science,256,mean,10,0.40296875,0.7978142076502732
1103,Animal Science and Zoology,256,mean,10,0.36733506944444444,0.39344262295081966
1104,Aquatic Science,256,mean,10,0.38125,0.5683060109289617
1105,"Ecology, Evolution, Behavior and Systematics",256,mean,10,0.40366319444444443,0.8087431693989071
1106,Food Science,256,mean,10,0.39247395833333343,0.6939890710382514
1109,Insect Science,256,mean,10,0.36744791666666665,0.3989071038251366
1110,Plant Science,256,mean,10,0.3825694444444444,0.6065573770491803
1111,Soil Science,256,mean,10,0.3787934027777778,0.546448087431694
1202,History,256,mean,10,0.29635416666666664,0.02185792349726776
1203,Language and Linguistics,256,mean,10,0.3254340277777778,0.08196721311475409
1204,Archeology,256,mean,10,0.3558854166666667,0.26229508196721313
1207,History and Philosophy of Science,256,mean,10,0.34327256944444445,0.15846994535519127
1208,Literature and Literary Theory,256,mean,10,0.2974045138888889,0.0273224043715847
1210,Music,256,mean,10,0.3147829861111111,0.04371584699453552
1211,Philosophy,256,mean,10,0.35059027777777785,0.22950819672131148
1212,Religious studies,256,mean,10,0.2823958333333333,0.01639344262295082
1213,Visual Arts and Performing Arts,256,mean,10,0.2988628472222223,0.03278688524590164
1304,Biophysics,256,mean,10,0.37998263888888895,0.5628415300546448
1305,Biotechnology,256,mean,10,0.41132812500000016,0.8743169398907104
1306,Cancer Research,256,mean,10,0.3488628472222222,0.21311475409836064
1307,Cell Biology,256,mean,10,0.41475694444444444,0.9234972677595629
1311,Genetics,256,mean,10,0.4526822916666666,1.0
1312,Molecular Biology,256,mean,10,0.3726649305555556,0.47540983606557374
1313,Molecular Medicine,256,mean,10,0.3910850694444444,0.6775956284153005
1402,Accounting,256,mean,10,0.33181423611111105,0.10382513661202186
1404,Management Information Systems,256,mean,10,0.3650347222222222,0.3551912568306011
1405,Management of Technology and Innovation,256,mean,10,0.36980902777777785,0.43169398907103823
1406,Marketing,256,mean,10,0.3434375,0.16939890710382513
1407,Organizational Behavior and Human Resource Management,256,mean,10,0.35550347222222217,0.2568306010928962
1408,Strategy and Management,256,mean,10,0.33996527777777774,0.1366120218579235
1502,Bioengineering,256,mean,10,0.3156770833333334,0.04918032786885246
1503,Catalysis,256,mean,10,0.34775173611111104,0.19672131147540983
1507,Fluid Flow and Transfer Processes,256,mean,10,0.3791319444444445,0.5519125683060109
1508,Process Chemistry and Technology,256,mean,10,0.3770920138888889,0.5300546448087432
1602,Analytical Chemistry,256,mean,10,0.3812760416666666,0.5737704918032787
1604,Inorganic Chemistry,256,mean,10,0.36727430555555557,0.3825136612021858
1605,Organic Chemistry,256,mean,10,0.32027777777777783,0.06557377049180328
1606,Physical and Theoretical Chemistry,256,mean,10,0.3680121527777777,0.40437158469945356
1607,Spectroscopy,256,mean,10,0.39879340277777786,0.7595628415300546
1702,Artificial Intelligence,256,mean,10,0.3855121527777777,0.639344262295082
1703,Computational Theory and Mathematics,256,mean,10,0.40945312500000003,0.8633879781420765
1704,Computer Graphics and Computer-Aided Design,256,mean,10,0.39215277777777774,0.6830601092896175
1705,Computer Networks and Communications,256,mean,10,0.33514756944444446,0.12568306010928962
1706,Computer Science Applications,256,mean,10,0.3490017361111111,0.2185792349726776
1707,Computer Vision and Pattern Recognition,256,mean,10,0.35277777777777775,0.23497267759562843
1708,Hardware and Architecture,256,mean,10,0.3290885416666667,0.09836065573770492
1709,Human-Computer Interaction,256,mean,10,0.3854079861111111,0.6338797814207651
1710,Information Systems,256,mean,10,0.3842274305555556,0.6229508196721312
1711,Signal Processing,256,mean,10,0.3901822916666668,0.6721311475409836
1802,Information Systems and Management,256,mean,10,0.36627604166666666,0.37158469945355194
1803,Management Science and Operations Research,256,mean,10,0.3813107638888888,0.5792349726775956
1804,"Statistics, Probability and Uncertainty",256,mean,10,0.38255208333333335,0.6010928961748634
1902,Atmospheric Science,256,mean,10,0.41171875,0.8797814207650273
1904,Earth-Surface Processes,256,mean,10,0.3766059027777778,0.5245901639344263
1906,Geochemistry and Petrology,256,mean,10,0.3832725694444444,0.6174863387978142
1907,Geology,256,mean,10,0.3963715277777777,0.7377049180327869
1908,Geophysics,256,mean,10,0.3724479166666667,0.45901639344262296
1910,Oceanography,256,mean,10,0.39327256944444444,0.6994535519125683
1911,Paleontology,256,mean,10,0.36732638888888886,0.3879781420765027
2000,"General Economics, Econometrics and Finance",256,mean,10,0.3428385416666666,0.14207650273224043
2002,Economics and Econometrics,256,mean,10,0.3439756944444444,0.17486338797814208
2003,Finance,256,mean,10,0.37394965277777775,0.48633879781420764
2102,Energy Engineering and Power Technology,256,mean,10,0.3858506944444444,0.644808743169399
2105,"Renewable Energy, Sustainability and the Environment",256,mean,10,0.4084201388888889,0.8415300546448088
2202,Aerospace Engineering,256,mean,10,0.41184027777777776,0.8852459016393442
2203,Automotive Engineering,256,mean,10,0.426875,0.9562841530054644
2204,Biomedical Engineering,256,mean,10,0.43848090277777774,0.9890710382513661
2205,Civil and Structural Engineering,256,mean,10,0.3486892361111111,0.20218579234972678
2206,Computational Mechanics,256,mean,10,0.38658854166666673,0.6612021857923497
2207,Control and Systems Engineering,256,mean,10,0.3691145833333333,0.4262295081967213
2208,Electrical and Electronic Engineering,256,mean,10,0.3958940972222222,0.73224043715847
2209,Industrial and Manufacturing Engineering,256,mean,10,0.3572395833333334,0.2786885245901639
2210,Mechanical Engineering,256,mean,10,0.3576128472222222,0.28415300546448086
2211,Mechanics of Materials,256,mean,10,0.3853472222222223,0.6284153005464481
2212,Ocean Engineering,256,mean,10,0.38592013888888893,0.6502732240437158
2213,"Safety, Risk, Reliability and Quality",256,mean,10,0.41610243055555557,0.9289617486338798
2214,Media Technology,256,mean,10,0.4138368055555555,0.912568306010929
2215,Building and Construction,256,mean,10,0.41388888888888886,0.9180327868852459
2303,Ecology,256,mean,10,0.4076041666666666,0.8306010928961749
2304,Environmental Chemistry,256,mean,10,0.43956597222222216,0.994535519125683
2305,Environmental Engineering,256,mean,10,0.4173177083333333,0.9344262295081968
2306,Global and Planetary Change,256,mean,10,0.4309114583333334,0.9781420765027322
2307,"Health, Toxicology and Mutagenesis",256,mean,10,0.41348958333333335,0.907103825136612
2308,"Management, Monitoring, Policy and Law",256,mean,10,0.3796527777777778,0.5573770491803278
2309,Nature and Landscape Conservation,256,mean,10,0.4230468750000001,0.9508196721311475
2310,Pollution,256,mean,10,0.39799479166666674,0.7486338797814208
2311,Waste Management and Disposal,256,mean,10,0.3459722222222223,0.1912568306010929
2312,Water Science and Technology,256,mean,10,0.39841145833333325,0.7540983606557377
2403,Immunology,256,mean,10,0.333828125,0.12021857923497267
2404,Microbiology,256,mean,10,0.38138020833333336,0.5846994535519126
2405,Parasitology,256,mean,10,0.3553559027777778,0.25136612021857924
2406,Virology,256,mean,10,0.39344618055555547,0.7049180327868853
2502,Biomaterials,256,mean,10,0.395859375,0.726775956284153
2504,"Electronic, Optical and Magnetic Materials",256,mean,10,0.4109722222222223,0.8688524590163934
2505,Materials Chemistry,256,mean,10,0.3742534722222222,0.4918032786885246
2507,Polymers and Plastics,256,mean,10,0.3547829861111112,0.2459016393442623
2508,"Surfaces, Coatings and Films",256,mean,10,0.406640625,0.825136612021858
2602,Algebra and Number Theory,256,mean,10,0.2779861111111111,0.01092896174863388
2604,Applied Mathematics,256,mean,10,0.3730555555555556,0.4808743169398907
2608,Geometry and Topology,256,mean,10,0.3318402777777778,0.1092896174863388
2610,Mathematical Physics,256,mean,10,0.30703125,0.03825136612021858
2611,Modeling and Simulation,256,mean,10,0.4023611111111111,0.7868852459016393
2612,Numerical Analysis,256,mean,10,0.2772482638888889,0.00546448087431694
2613,Statistics and Probability,256,mean,10,0.3660677083333333,0.366120218579235
2703,Anesthesiology and Pain Medicine,256,mean,10,0.32429687500000004,0.07103825136612021
2705,Cardiology and Cardiovascular Medicine,256,mean,10,0.3615277777777778,0.3333333333333333
2707,Complementary and alternative medicine,256,mean,10,0.36883680555555554,0.4098360655737705
2708,Dermatology,256,mean,10,0.3545052083333333,0.24043715846994534
2711,Emergency Medicine,256,mean,10,0.3652170138888889,0.36065573770491804
2712,"Endocrinology, Diabetes and Metabolism",256,mean,10,0.37251736111111117,0.46994535519125685
2713,Epidemiology,256,mean,10,0.3940711805555556,0.7158469945355191
2715,Gastroenterology,256,mean,10,0.3753472222222222,0.4972677595628415
2716,Genetics,256,mean,10,0.3824652777777778,0.5956284153005464
2720,Hematology,256,mean,10,0.361328125,0.32786885245901637
2721,Hepatology,256,mean,10,0.3689583333333334,0.41530054644808745
2725,Infectious Diseases,256,mean,10,0.36195312500000004,0.33879781420765026
2727,Nephrology,256,mean,10,0.3251736111111111,0.07650273224043716
2728,Neurology,256,mean,10,0.375390625,0.5027322404371585
2729,Obstetrics and Gynecology,256,mean,10,0.37139756944444446,0.44808743169398907
2730,Oncology,256,mean,10,0.40324652777777775,0.8032786885245902
2731,Ophthalmology,256,mean,10,0.34341145833333336,0.16393442622950818
2732,Orthopedics and Sports Medicine,256,mean,10,0.37565972222222227,0.5136612021857924
2733,Otorhinolaryngology,256,mean,10,0.3724565972222222,0.4644808743169399
2734,Pathology and Forensic Medicine,256,mean,10,0.4291666666666666,0.9672131147540983
2735,"Pediatrics, Perinatology and Child Health",256,mean,10,0.37561631944444446,0.5081967213114754
2736,Pharmacology,256,mean,10,0.4090972222222222,0.8579234972677595
2737,Physiology,256,mean,10,0.3952690972222222,0.7213114754098361
2738,Psychiatry and Mental health,256,mean,10,0.34588541666666667,0.18579234972677597
2739,"Public Health, Environmental and Occupational Health",256,mean,10,0.41747395833333345,0.9398907103825137
2740,Pulmonary and Respiratory Medicine,256,mean,10,0.36904513888888896,0.4207650273224044
2741,"Radiology, Nuclear Medicine and Imaging",256,mean,10,0.4132638888888888,0.9016393442622951
2742,Rehabilitation,256,mean,10,0.43248263888888894,0.9836065573770492
2743,Reproductive Medicine,256,mean,10,0.40884548611111116,0.8469945355191257
2745,Rheumatology,256,mean,10,0.38296006944444444,0.6120218579234973
2746,Surgery,256,mean,10,0.3611458333333334,0.3224043715846995
2748,Urology,256,mean,10,0.4006336805555556,0.7704918032786885
2804,Cellular and Molecular Neuroscience,256,mean,10,0.4119184027777778,0.8907103825136612
2805,Cognitive Neuroscience,256,mean,10,0.4082378472222223,0.8360655737704918
2807,Endocrine and Autonomic Systems,256,mean,10,0.3703211805555556,0.4426229508196721
2808,Neurology,256,mean,10,0.4273524305555556,0.9617486338797814
2809,Sensory Systems,256,mean,10,0.4060850694444444,0.819672131147541
2910,"Issues, ethics and legal aspects",256,mean,10,0.31937499999999996,0.0546448087431694
2916,Nutrition and Dietetics,256,mean,10,0.40227430555555554,0.7814207650273224
3003,Pharmaceutical Science,256,mean,10,0.34300347222222227,0.15300546448087432
3004,Pharmacology,256,mean,10,0.39926215277777777,0.7650273224043715
3005,Toxicology,256,mean,10,0.40560763888888884,0.8142076502732241
3103,Astronomy and Astrophysics,256,mean,10,0.36074652777777777,0.3114754098360656
3104,Condensed Matter Physics,256,mean,10,0.4186892361111112,0.9453551912568307
3106,Nuclear and High Energy Physics,256,mean,10,0.3610416666666666,0.31693989071038253
3107,"Atomic and Molecular Physics, and Optics",256,mean,10,0.38645833333333335,0.6557377049180327
3108,Radiation,256,mean,10,0.3634114583333333,0.34972677595628415
3109,Statistical and Nonlinear Physics,256,mean,10,0.3923524305555556,0.6885245901639344
3203,Clinical Psychology,256,mean,10,0.3568402777777777,0.273224043715847
3204,Developmental and Educational Psychology,256,mean,10,0.36022569444444447,0.30601092896174864
3205,Experimental and Cognitive Psychology,256,mean,10,0.4123263888888889,0.8961748633879781
3207,Social Psychology,256,mean,10,0.3817621527777778,0.5901639344262295
3304,Education,256,mean,10,0.3259288194444444,0.08743169398907104
3305,"Geography, Planning and Development",256,mean,10,0.3723958333333333,0.453551912568306
3306,Health,256,mean,10,0.37638020833333335,0.5191256830601093
3308,Law,256,mean,10,0.3194184027777777,0.060109289617486336
3311,Safety Research,256,mean,10,0.4089756944444445,0.8524590163934426
3312,Sociology and Political Science,256,mean,10,0.34904513888888883,0.22404371584699453
3313,Transportation,256,mean,10,0.3578298611111111,0.2896174863387978
3314,Anthropology,256,mean,10,0.3271006944444444,0.09289617486338798
3315,Communication,256,mean,10,0.35654513888888884,0.2677595628415301
3316,Cultural Studies,256,mean,10,0.33899305555555553,0.13114754098360656
3317,Demography,256,mean,10,0.3978472222222222,0.7431693989071039
3318,Gender Studies,256,mean,10,0.3664149305555556,0.3770491803278688
3320,Political Science and International Relations,256,mean,10,0.34298611111111116,0.14754098360655737
3322,Urban Studies,256,mean,10,0.34504340277777773,0.18032786885245902
3402,Equine,256,mean,10,0.36999131944444447,0.4371584699453552
3404,Small Animals,256,mean,10,0.4025347222222222,0.7923497267759563
3504,Oral Surgery,256,mean,10,0.38819444444444434,0.6666666666666666
3505,Orthodontics,256,mean,10,0.3488020833333333,0.20765027322404372
3506,Periodontics,256,mean,10,0.36298611111111106,0.3442622950819672
3600,General Health Professions,256,mean,10,0.33342881944444447,0.11475409836065574
3604,Emergency Medical Services,256,mean,10,0.3935416666666668,0.7103825136612022
3605,Health Information Management,256,mean,10,0.3582899305555556,0.29508196721311475
3609,Occupational Therapy,256,mean,10,0.40115451388888884,0.7759562841530054
3612,"Physical Therapy, Sports Therapy and Rehabilitation",256,mean,10,0.35966145833333335,0.3005464480874317
3614,Radiological and Ultrasound Technology,256,mean,10,0.377326388888889,0.5355191256830601
3616,Speech and Hearing,256,mean,10,0.4292187499999999,0.9726775956284153
1100,General Agricultural and Biological Sciences,256,mean,25,0.4547569444444445,0.47540983606557374
1102,Agronomy and Crop Science,256,mean,25,0.4840902777777778,0.7868852459016393
1103,Animal Science and Zoology,256,mean,25,0.4583645833333333,0.5081967213114754
1104,Aquatic Science,256,mean,25,0.4690034722222222,0.5901639344262295
1105,"Ecology, Evolution, Behavior and Systematics",256,mean,25,0.49705208333333334,0.8907103825136612
1106,Food Science,256,mean,25,0.46332638888888883,0.546448087431694
1109,Insect Science,256,mean,25,0.44207986111111114,0.3005464480874317
1110,Plant Science,256,mean,25,0.4644965277777777,0.5573770491803278
1111,Soil Science,256,mean,25,0.4681736111111111,0.5792349726775956
1202,History,256,mean,25,0.3700763888888889,0.02185792349726776
1203,Language and Linguistics,256,mean,25,0.4330694444444444,0.2459016393442623
1204,Archeology,256,mean,25,0.4343194444444445,0.2568306010928962
1207,History and Philosophy of Science,256,mean,25,0.414673611111111,0.12021857923497267
1208,Literature and Literary Theory,256,mean,25,0.3917361111111111,0.03278688524590164
1210,Music,256,mean,25,0.4000173611111111,0.04918032786885246
1211,Philosophy,256,mean,25,0.4239479166666666,0.15300546448087432
1212,Religious studies,256,mean,25,0.3668819444444444,0.01092896174863388
1213,Visual Arts and Performing Arts,256,mean,25,0.38392708333333325,0.0273224043715847
1304,Biophysics,256,mean,25,0.4637951388888888,0.5519125683060109
1305,Biotechnology,256,mean,25,0.48368055555555556,0.7759562841530054
1306,Cancer Research,256,mean,25,0.4301979166666666,0.21311475409836064
1307,Cell Biology,256,mean,25,0.5065451388888887,0.9398907103825137
1311,Genetics,256,mean,25,0.5176458333333334,0.9781420765027322
1312,Molecular Biology,256,mean,25,0.44332291666666657,0.31693989071038253
1313,Molecular Medicine,256,mean,25,0.5039374999999999,0.9289617486338798
1402,Accounting,256,mean,25,0.4155763888888889,0.12568306010928962
1404,Management Information Systems,256,mean,25,0.45046875,0.4207650273224044
1405,Management of Technology and Innovation,256,mean,25,0.45365972222222223,0.453551912568306
1406,Marketing,256,mean,25,0.4247152777777778,0.16939890710382513
1407,Organizational Behavior and Human Resource Management,256,mean,25,0.4358611111111112,0.26229508196721313
1408,Strategy and Management,256,mean,25,0.4126770833333334,0.10382513661202186
1502,Bioengineering,256,mean,25,0.4071423611111112,0.07650273224043716
1503,Catalysis,256,mean,25,0.43789583333333326,0.2677595628415301
1507,Fluid Flow and Transfer Processes,256,mean,25,0.4833263888888888,0.7704918032786885
1508,Process Chemistry and Technology,256,mean,25,0.4896909722222223,0.8415300546448088
1602,Analytical Chemistry,256,mean,25,0.4571666666666666,0.4918032786885246
1604,Inorganic Chemistry,256,mean,25,0.47216666666666673,0.644808743169399
1605,Organic Chemistry,256,mean,25,0.4116631944444445,0.09836065573770492
1606,Physical and Theoretical Chemistry,256,mean,25,0.4403888888888889,0.28415300546448086
1607,Spectroscopy,256,mean,25,0.4927152777777778,0.8743169398907104
1702,Artificial Intelligence,256,mean,25,0.4408888888888889,0.2896174863387978
1703,Computational Theory and Mathematics,256,mean,25,0.4943680555555555,0.8797814207650273
1704,Computer Graphics and Computer-Aided Design,256,mean,25,0.49111111111111105,0.8579234972677595
1705,Computer Networks and Communications,256,mean,25,0.41958333333333336,0.13114754098360656
1706,Computer Science Applications,256,mean,25,0.42753125,0.19672131147540983
1707,Computer Vision and Pattern Recognition,256,mean,25,0.4248229166666666,0.17486338797814208
1708,Hardware and Architecture,256,mean,25,0.42018402777777775,0.1366120218579235
1709,Human-Computer Interaction,256,mean,25,0.469920138888889,0.6120218579234973
1710,Information Systems,256,mean,25,0.4603611111111111,0.5300546448087432
1711,Signal Processing,256,mean,25,0.48035416666666664,0.73224043715847
1802,Information Systems and Management,256,mean,25,0.4607812500000001,0.5409836065573771
1803,Management Science and Operations Research,256,mean,25,0.45082986111111123,0.4262295081967213
1804,"Statistics, Probability and Uncertainty",256,mean,25,0.47725347222222225,0.6994535519125683
1902,Atmospheric Science,256,mean,25,0.48932986111111126,0.8360655737704918
1904,Earth-Surface Processes,256,mean,25,0.4823368055555555,0.7540983606557377
1906,Geochemistry and Petrology,256,mean,25,0.48021874999999997,0.726775956284153
1907,Geology,256,mean,25,0.500638888888889,0.912568306010929
1908,Geophysics,256,mean,25,0.4710555555555555,0.6338797814207651
1910,Oceanography,256,mean,25,0.4979791666666667,0.8961748633879781
1911,Paleontology,256,mean,25,0.47315624999999983,0.6666666666666666
2000,"General Economics, Econometrics and Finance",256,mean,25,0.43253472222222233,0.24043715846994534
2002,Economics and Econometrics,256,mean,25,0.41369791666666667,0.1092896174863388
2003,Finance,256,mean,25,0.46622569444444445,0.5683060109289617
2102,Energy Engineering and Power Technology,256,mean,25,0.4802048611111111,0.7213114754098361
2105,"Renewable Energy, Sustainability and the Environment",256,mean,25,0.5186597222222222,0.994535519125683
2202,Aerospace Engineering,256,mean,25,0.5031805555555556,0.9234972677595629
2203,Automotive Engineering,256,mean,25,0.5181111111111111,0.9890710382513661
2204,Biomedical Engineering,256,mean,25,0.49623611111111116,0.8852459016393442
2205,Civil and Structural Engineering,256,mean,25,0.4229826388888888,0.14754098360655737
2206,Computational Mechanics,256,mean,25,0.47243402777777765,0.6557377049180327
2207,Control and Systems Engineering,256,mean,25,0.4580659722222222,0.5027322404371585
2208,Electrical and Electronic Engineering,256,mean,25,0.47341319444444446,0.6721311475409836
2209,Industrial and Manufacturing Engineering,256,mean,25,0.4471736111111111,0.3770491803278688
2210,Mechanical Engineering,256,mean,25,0.44112847222222223,0.29508196721311475
2211,Mechanics of Materials,256,mean,25,0.4606250000000001,0.5355191256830601
2212,Ocean Engineering,256,mean,25,0.45358680555555553,0.44808743169398907
2213,"Safety, Risk, Reliability and Quality",256,mean,25,0.48969444444444443,0.8469945355191257
2214,Media Technology,256,mean,25,0.5078645833333334,0.9508196721311475
2215,Building and Construction,256,mean,25,0.5063819444444445,0.9344262295081968
2303,Ecology,256,mean,25,0.4806944444444443,0.7377049180327869
2304,Environmental Chemistry,256,mean,25,0.5006180555555557,0.907103825136612
2305,Environmental Engineering,256,mean,25,0.47466319444444444,0.6830601092896175
2306,Global and Planetary Change,256,mean,25,0.5080659722222223,0.9562841530054644
2307,"Health, Toxicology and Mutagenesis",256,mean,25,0.48599652777777763,0.8032786885245902
2308,"Management, Monitoring, Policy and Law",256,mean,25,0.4516284722222223,0.4371584699453552
2309,Nature and Landscape Conservation,256,mean,25,0.5157048611111111,0.9672131147540983
2310,Pollution,256,mean,25,0.47343402777777777,0.6775956284153005
2311,Waste Management and Disposal,256,mean,25,0.43151388888888886,0.22950819672131148
2312,Water Science and Technology,256,mean,25,0.4901562500000001,0.8524590163934426
2403,Immunology,256,mean,25,0.4023645833333333,0.06557377049180328
2404,Microbiology,256,mean,25,0.4601944444444444,0.5245901639344263
2405,Parasitology,256,mean,25,0.43024305555555553,0.2185792349726776
2406,Virology,256,mean,25,0.46948611111111105,0.6010928961748634
2502,Biomaterials,256,mean,25,0.46990624999999997,0.6065573770491803
2504,"Electronic, Optical and Magnetic Materials",256,mean,25,0.4920624999999999,0.8633879781420765
2505,Materials Chemistry,256,mean,25,0.44886458333333334,0.40437158469945356
2507,Polymers and Plastics,256,mean,25,0.4447847222222222,0.3333333333333333
2508,"Surfaces, Coatings and Films",256,mean,25,0.5026979166666666,0.9180327868852459
2602,Algebra and Number Theory,256,mean,25,0.3621875,0.00546448087431694
2604,Applied Mathematics,256,mean,25,0.4854201388888888,0.7978142076502732
2608,Geometry and Topology,256,mean,25,0.40178125,0.060109289617486336
2610,Mathematical Physics,256,mean,25,0.3963645833333333,0.04371584699453552
2611,Modeling and Simulation,256,mean,25,0.5068368055555555,0.9453551912568307
2612,Numerical Analysis,256,mean,25,0.3691701388888889,0.01639344262295082
2613,Statistics and Probability,256,mean,25,0.4550729166666667,0.4808743169398907
2703,Anesthesiology and Pain Medicine,256,mean,25,0.4105590277777778,0.09289617486338798
2705,Cardiology and Cardiovascular Medicine,256,mean,25,0.4323090277777777,0.23497267759562843
2707,Complementary and alternative medicine,256,mean,25,0.44588194444444434,0.36065573770491804
2708,Dermatology,256,mean,25,0.43127777777777776,0.22404371584699453
2711,Emergency Medicine,256,mean,25,0.44773958333333336,0.3825136612021858
2712,"Endocrinology, Diabetes and Metabolism",256,mean,25,0.4464756944444444,0.366120218579235
2713,Epidemiology,256,mean,25,0.45390625000000007,0.45901639344262296
2715,Gastroenterology,256,mean,25,0.4450694444444445,0.34972677595628415
2716,Genetics,256,mean,25,0.47046527777777786,0.6229508196721312
2720,Hematology,256,mean,25,0.44484722222222217,0.33879781420765026
2721,Hepatology,256,mean,25,0.44877083333333334,0.3989071038251366
2725,Infectious Diseases,256,mean,25,0.4393229166666667,0.273224043715847
2727,Nephrology,256,mean,25,0.40148611111111104,0.0546448087431694
2728,Neurology,256,mean,25,0.44373958333333324,0.3224043715846995
2729,Obstetrics and Gynecology,256,mean,25,0.45407291666666666,0.46994535519125685
2730,Oncology,256,mean,25,0.4760659722222223,0.6939890710382514
2731,Ophthalmology,256,mean,25,0.42611111111111105,0.18579234972677597
2732,Orthopedics and Sports Medicine,256,mean,25,0.4686666666666667,0.5846994535519126
2733,Otorhinolaryngology,256,mean,25,0.4483263888888888,0.3879781420765027
2734,Pathology and Forensic Medicine,256,mean,25,0.49235763888888895,0.8688524590163934
2735,"Pediatrics, Perinatology and Child Health",256,mean,25,0.45243055555555556,0.4426229508196721
2736,Pharmacology,256,mean,25,0.48255902777777787,0.7595628415300546
2737,Physiology,256,mean,25,0.4569027777777779,0.48633879781420764
2738,Psychiatry and Mental health,256,mean,25,0.4240868055555555,0.15846994535519127
2739,"Public Health, Environmental and Occupational Health",256,mean,25,0.46794444444444455,0.5737704918032787
2740,Pulmonary and Respiratory Medicine,256,mean,25,0.42886111111111114,0.20218579234972678
2741,"Radiology, Nuclear Medicine and Imaging",256,mean,25,0.4829062500000001,0.7650273224043715
2742,Rehabilitation,256,mean,25,0.5314548611111111,1.0
2743,Reproductive Medicine,256,mean,25,0.48851041666666656,0.825136612021858
2745,Rheumatology,256,mean,25,0.46944444444444444,0.5956284153005464
2746,Surgery,256,mean,25,0.4218159722222222,0.14207650273224043
2748,Urology,256,mean,25,0.4749131944444445,0.6885245901639344
2804,Cellular and Molecular Neuroscience,256,mean,25,0.4862986111111111,0.8142076502732241
2805,Cognitive Neuroscience,256,mean,25,0.4848750000000001,0.7923497267759563
2807,Endocrine and Autonomic Systems,256,mean,25,0.44834374999999993,0.39344262295081966
2808,Neurology,256,mean,25,0.5168159722222222,0.9726775956284153
2809,Sensory Systems,256,mean,25,0.48404513888888895,0.7814207650273224
2910,"Issues, ethics and legal aspects",256,mean,25,0.4089027777777777,0.08743169398907104
2916,Nutrition and Dietetics,256,mean,25,0.4866180555555555,0.819672131147541
3003,Pharmaceutical Science,256,mean,25,0.4539201388888888,0.4644808743169399
3004,Pharmacology,256,mean,25,0.45942013888888883,0.5136612021857924
3005,Toxicology,256,mean,25,0.4994861111111112,0.9016393442622951
3103,Astronomy and Astrophysics,256,mean,25,0.45728472222222216,0.4972677595628415
3104,Condensed Matter Physics,256,mean,25,0.5180555555555556,0.9836065573770492
3106,Nuclear and High Energy Physics,256,mean,25,0.4509861111111111,0.43169398907103823
3107,"Atomic and Molecular Physics, and Optics",256,mean,25,0.47270138888888885,0.6612021857923497
3108,Radiation,256,mean,25,0.46542361111111114,0.5628415300546448
3109,Statistical and Nonlinear Physics,256,mean,25,0.4818611111111112,0.7431693989071039
3203,Clinical Psychology,256,mean,25,0.42671527777777774,0.1912568306010929
3204,Developmental and Educational Psychology,256,mean,25,0.4496840277777779,0.4098360655737705
3205,Experimental and Cognitive Psychology,256,mean,25,0.48896875000000006,0.8306010928961749
3207,Social Psychology,256,mean,25,0.45032986111111095,0.41530054644808745
3304,Education,256,mean,25,0.4055833333333334,0.07103825136612021
3305,"Geography, Planning and Development",256,mean,25,0.48611458333333324,0.8087431693989071
3306,Health,256,mean,25,0.47066319444444454,0.6284153005464481
3308,Law,256,mean,25,0.39506597222222223,0.03825136612021858
3311,Safety Research,256,mean,25,0.4786770833333333,0.7103825136612022
3312,Sociology and Political Science,256,mean,25,0.4257743055555555,0.18032786885245902
3313,Transportation,256,mean,25,0.44229166666666675,0.3114754098360656
3314,Anthropology,256,mean,25,0.4145729166666667,0.11475409836065574
3315,Communication,256,mean,25,0.44015277777777784,0.2786885245901639
3316,Cultural Studies,256,mean,25,0.4335451388888888,0.25136612021857924
3317,Demography,256,mean,25,0.47973611111111114,0.7158469945355191
3318,Gender Studies,256,mean,25,0.44217361111111114,0.30601092896174864
3320,Political Science and International Relations,256,mean,25,0.42426388888888883,0.16393442622950818
3322,Urban Studies,256,mean,25,0.42923263888888896,0.20765027322404372
3402,Equine,256,mean,25,0.44505555555555565,0.3442622950819672
3404,Small Animals,256,mean,25,0.4723368055555555,0.6502732240437158
3504,Oral Surgery,256,mean,25,0.4699409722222223,0.6174863387978142
3505,Orthodontics,256,mean,25,0.44654513888888886,0.37158469945355194
3506,Periodontics,256,mean,25,0.4447326388888889,0.32786885245901637
3600,General Health Professions,256,mean,25,0.40796874999999994,0.08196721311475409
3604,Emergency Medical Services,256,mean,25,0.4710937499999999,0.639344262295082
3605,Health Information Management,256,mean,25,0.44539236111111113,0.3551912568306011
3609,Occupational Therapy,256,mean,25,0.478548611111111,0.7049180327868853
3612,"Physical Therapy, Sports Therapy and Rehabilitation",256,mean,25,0.46005208333333325,0.5191256830601093
3614,Radiological and Ultrasound Technology,256,mean,25,0.4819375,0.7486338797814208
3616,Speech and Hearing,256,mean,25,0.5081875,0.9617486338797814
1100,General Agricultural and Biological Sciences,256,mean,50,0.5405243055555554,0.5300546448087432
1102,Agronomy and Crop Science,256,mean,50,0.5647482638888888,0.8032786885245902
1103,Animal Science and Zoology,256,mean,50,0.5510520833333334,0.644808743169399
1104,Aquatic Science,256,mean,50,0.5559201388888889,0.7213114754098361
1105,"Ecology, Evolution, Behavior and Systematics",256,mean,50,0.5807048611111111,0.907103825136612
1106,Food Science,256,mean,50,0.5322673611111111,0.4262295081967213
1109,Insect Science,256,mean,50,0.5242222222222223,0.31693989071038253
1110,Plant Science,256,mean,50,0.539842013888889,0.5136612021857924
1111,Soil Science,256,mean,50,0.5534635416666667,0.6830601092896175
1202,History,256,mean,50,0.46048437500000006,0.01639344262295082
1203,Language and Linguistics,256,mean,50,0.5296336805555555,0.4098360655737705
1204,Archeology,256,mean,50,0.5157274305555556,0.22950819672131148
1207,History and Philosophy of Science,256,mean,50,0.49900520833333334,0.09289617486338798
1208,Literature and Literary Theory,256,mean,50,0.4976597222222224,0.07650273224043716
1210,Music,256,mean,50,0.49215624999999996,0.0546448087431694
1211,Philosophy,256,mean,50,0.5125277777777777,0.21311475409836064
1212,Religious studies,256,mean,50,0.45940451388888875,0.01092896174863388
1213,Visual Arts and Performing Arts,256,mean,50,0.475501736111111,0.03278688524590164
1304,Biophysics,256,mean,50,0.5441145833333333,0.5519125683060109
1305,Biotechnology,256,mean,50,0.5488385416666667,0.6174863387978142
1306,Cancer Research,256,mean,50,0.5167725694444445,0.25136612021857924
1307,Cell Biology,256,mean,50,0.5769947916666667,0.8743169398907104
1311,Genetics,256,mean,50,0.5606579861111111,0.7759562841530054
1312,Molecular Biology,256,mean,50,0.5163871527777778,0.24043715846994534
1313,Molecular Medicine,256,mean,50,0.6162829861111111,0.9890710382513661
1402,Accounting,256,mean,50,0.50790625,0.14754098360655737
1404,Management Information Systems,256,mean,50,0.5369843750000001,0.48633879781420764
1405,Management of Technology and Innovation,256,mean,50,0.5352760416666666,0.45901639344262296
1406,Marketing,256,mean,50,0.5165434027777779,0.2459016393442623
1407,Organizational Behavior and Human Resource Management,256,mean,50,0.5220208333333332,0.28415300546448086
1408,Strategy and Management,256,mean,50,0.4960711805555556,0.07103825136612021
1502,Bioengineering,256,mean,50,0.5053385416666667,0.12568306010928962
1503,Catalysis,256,mean,50,0.533329861111111,0.44808743169398907
1507,Fluid Flow and Transfer Processes,256,mean,50,0.582359375,0.912568306010929
1508,Process Chemistry and Technology,256,mean,50,0.6041979166666667,0.9781420765027322
1602,Analytical Chemistry,256,mean,50,0.530079861111111,0.41530054644808745
1604,Inorganic Chemistry,256,mean,50,0.5589548611111111,0.7540983606557377
1605,Organic Chemistry,256,mean,50,0.503953125,0.12021857923497267
1606,Physical and Theoretical Chemistry,256,mean,50,0.5267621527777778,0.36065573770491804
1607,Spectroscopy,256,mean,50,0.5722552083333332,0.8579234972677595
1702,Artificial Intelligence,256,mean,50,0.5073298611111111,0.14207650273224043
1703,Computational Theory and Mathematics,256,mean,50,0.5526423611111112,0.6775956284153005
1704,Computer Graphics and Computer-Aided Design,256,mean,50,0.5994878472222221,0.9617486338797814
1705,Computer Networks and Communications,256,mean,50,0.5114600694444444,0.20765027322404372
1706,Computer Science Applications,256,mean,50,0.5087031249999999,0.15846994535519127
1707,Computer Vision and Pattern Recognition,256,mean,50,0.5096944444444443,0.1912568306010929
1708,Hardware and Architecture,256,mean,50,0.5087204861111111,0.16393442622950818
1709,Human-Computer Interaction,256,mean,50,0.5583940972222222,0.7431693989071039
1710,Information Systems,256,mean,50,0.5367517361111112,0.47540983606557374
1711,Signal Processing,256,mean,50,0.5450781249999999,0.5737704918032787
1802,Information Systems and Management,256,mean,50,0.5441718750000001,0.5573770491803278
1803,Management Science and Operations Research,256,mean,50,0.5262951388888889,0.3551912568306011
1804,"Statistics, Probability and Uncertainty",256,mean,50,0.5601163194444444,0.7650273224043715
1902,Atmospheric Science,256,mean,50,0.5664375,0.8142076502732241
1904,Earth-Surface Processes,256,mean,50,0.5764774305555556,0.8688524590163934
1906,Geochemistry and Petrology,256,mean,50,0.5678124999999999,0.825136612021858
1907,Geology,256,mean,50,0.6012881944444445,0.9672131147540983
1908,Geophysics,256,mean,50,0.5680572916666665,0.8306010928961749
1910,Oceanography,256,mean,50,0.5977552083333333,0.9508196721311475
1911,Paleontology,256,mean,50,0.56728125,0.819672131147541
2000,"General Economics, Econometrics and Finance",256,mean,50,0.520840277777778,0.273224043715847
2002,Economics and Econometrics,256,mean,50,0.49801215277777766,0.08196721311475409
2003,Finance,256,mean,50,0.5541145833333332,0.6939890710382514
2102,Energy Engineering and Power Technology,256,mean,50,0.5682083333333333,0.8360655737704918
2105,"Renewable Energy, Sustainability and the Environment",256,mean,50,0.618671875,0.994535519125683
2202,Aerospace Engineering,256,mean,50,0.5781145833333334,0.8907103825136612
2203,Automotive Engineering,256,mean,50,0.5918246527777778,0.9453551912568307
2204,Biomedical Engineering,256,mean,50,0.5567847222222224,0.73224043715847
2205,Civil and Structural Engineering,256,mean,50,0.5094479166666666,0.18579234972677597
2206,Computational Mechanics,256,mean,50,0.5523715277777778,0.6721311475409836
2207,Control and Systems Engineering,256,mean,50,0.5383958333333333,0.5027322404371585
2208,Electrical and Electronic Engineering,256,mean,50,0.5466597222222223,0.5901639344262295
2209,Industrial and Manufacturing Engineering,256,mean,50,0.5329600694444445,0.4426229508196721
2210,Mechanical Engineering,256,mean,50,0.5251197916666667,0.3333333333333333
2211,Mechanics of Materials,256,mean,50,0.5354548611111112,0.4644808743169399
2212,Ocean Engineering,256,mean,50,0.5280538194444445,0.3879781420765027
2213,"Safety, Risk, Reliability and Quality",256,mean,50,0.5605138888888889,0.7704918032786885
2214,Media Technology,256,mean,50,0.6039791666666665,0.9726775956284153
2215,Building and Construction,256,mean,50,0.5859878472222222,0.9234972677595629
2303,Ecology,256,mean,50,0.5534895833333334,0.6885245901639344
2304,Environmental Chemistry,256,mean,50,0.5683524305555555,0.8415300546448088
2305,Environmental Engineering,256,mean,50,0.5373854166666667,0.4918032786885246
2306,Global and Planetary Change,256,mean,50,0.5773420138888888,0.8797814207650273
2307,"Health, Toxicology and Mutagenesis",256,mean,50,0.5559184027777778,0.7158469945355191
2308,"Management, Monitoring, Policy and Law",256,mean,50,0.5270225694444445,0.366120218579235
2309,Nature and Landscape Conservation,256,mean,50,0.5898055555555556,0.9344262295081968
2310,Pollution,256,mean,50,0.5433298611111113,0.546448087431694
2311,Waste Management and Disposal,256,mean,50,0.5221875,0.2896174863387978
2312,Water Science and Technology,256,mean,50,0.5804444444444444,0.9016393442622951
2403,Immunology,256,mean,50,0.48738368055555553,0.04371584699453552
2404,Microbiology,256,mean,50,0.5401927083333333,0.5245901639344263
2405,Parasitology,256,mean,50,0.5070312499999998,0.1366120218579235
2406,Virology,256,mean,50,0.5485121527777777,0.6120218579234973
2502,Biomaterials,256,mean,50,0.5413680555555556,0.5355191256830601
2504,"Electronic, Optical and Magnetic Materials",256,mean,50,0.5567743055555555,0.726775956284153
2505,Materials Chemistry,256,mean,50,0.5294427083333333,0.3989071038251366
2507,Polymers and Plastics,256,mean,50,0.5362899305555555,0.46994535519125685
2508,"Surfaces, Coatings and Films",256,mean,50,0.5879305555555555,0.9289617486338798
2602,Algebra and Number Theory,256,mean,50,0.4584635416666666,0.00546448087431694
2604,Applied Mathematics,256,mean,50,0.5553454861111111,0.7103825136612022
2608,Geometry and Topology,256,mean,50,0.47306250000000005,0.02185792349726776
2610,Mathematical Physics,256,mean,50,0.49295833333333344,0.060109289617486336
2611,Modeling and Simulation,256,mean,50,0.6294149305555556,1.0
2612,Numerical Analysis,256,mean,50,0.4734288194444445,0.0273224043715847
2613,Statistics and Probability,256,mean,50,0.5488732638888888,0.6229508196721312
2703,Anesthesiology and Pain Medicine,256,mean,50,0.5093975694444445,0.18032786885245902
2705,Cardiology and Cardiovascular Medicine,256,mean,50,0.5106996527777777,0.20218579234972678
2707,Complementary and alternative medicine,256,mean,50,0.5157934027777777,0.23497267759562843
2708,Dermatology,256,mean,50,0.5129583333333334,0.22404371584699453
2711,Emergency Medicine,256,mean,50,0.5224878472222222,0.29508196721311475
2712,"Endocrinology, Diabetes and Metabolism",256,mean,50,0.5261857638888889,0.34972677595628415
2713,Epidemiology,256,mean,50,0.5245052083333335,0.32786885245901637
2715,Gastroenterology,256,mean,50,0.5192899305555555,0.2568306010928962
2716,Genetics,256,mean,50,0.5548246527777778,0.7049180327868853
2720,Hematology,256,mean,50,0.5232447916666666,0.3005464480874317
2721,Hepatology,256,mean,50,0.5243402777777778,0.3224043715846995
2725,Infectious Diseases,256,mean,50,0.5200902777777778,0.26229508196721313
2727,Nephrology,256,mean,50,0.48751562499999995,0.04918032786885246
2728,Neurology,256,mean,50,0.5216006944444443,0.2786885245901639
2729,Obstetrics and Gynecology,256,mean,50,0.5374739583333334,0.4972677595628415
2730,Oncology,256,mean,50,0.5399861111111112,0.5191256830601093
2731,Ophthalmology,256,mean,50,0.5099548611111111,0.19672131147540983
2732,Orthopedics and Sports Medicine,256,mean,50,0.5637777777777779,0.7923497267759563
2733,Otorhinolaryngology,256,mean,50,0.5275902777777777,0.3770491803278688
2734,Pathology and Forensic Medicine,256,mean,50,0.5476041666666667,0.6010928961748634
2735,"Pediatrics, Perinatology and Child Health",256,mean,50,0.5255381944444444,0.33879781420765026
2736,Pharmacology,256,mean,50,0.5610555555555555,0.7814207650273224
2737,Physiology,256,mean,50,0.5271666666666667,0.37158469945355194
2738,Psychiatry and Mental health,256,mean,50,0.501859375,0.1092896174863388
2739,"Public Health, Environmental and Occupational Health",256,mean,50,0.5295399305555556,0.40437158469945356
2740,Pulmonary and Respiratory Medicine,256,mean,50,0.5061597222222223,0.13114754098360656
2741,"Radiology, Nuclear Medicine and Imaging",256,mean,50,0.5453802083333333,0.5846994535519126
2742,Rehabilitation,256,mean,50,0.5992065972222222,0.9562841530054644
2743,Reproductive Medicine,256,mean,50,0.5574930555555556,0.7377049180327869
2745,Rheumatology,256,mean,50,0.5415138888888889,0.5409836065573771
2746,Surgery,256,mean,50,0.5008819444444444,0.10382513661202186
2748,Urology,256,mean,50,0.5506701388888889,0.639344262295082
2804,Cellular and Molecular Neuroscience,256,mean,50,0.5520815972222223,0.6666666666666666
2805,Cognitive Neuroscience,256,mean,50,0.5515711805555555,0.6502732240437158
2807,Endocrine and Autonomic Systems,256,mean,50,0.5280572916666666,0.39344262295081966
2808,Neurology,256,mean,50,0.5644079861111112,0.7978142076502732
2809,Sensory Systems,256,mean,50,0.5663368055555557,0.8087431693989071
2910,"Issues, ethics and legal aspects",256,mean,50,0.5093628472222221,0.17486338797814208
2916,Nutrition and Dietetics,256,mean,50,0.5614878472222221,0.7868852459016393
3003,Pharmaceutical Science,256,mean,50,0.5775624999999999,0.8852459016393442
3004,Pharmacology,256,mean,50,0.5303923611111111,0.4207650273224044
3005,Toxicology,256,mean,50,0.5899184027777777,0.9398907103825137
3103,Astronomy and Astrophysics,256,mean,50,0.5519531249999998,0.6612021857923497
3104,Condensed Matter Physics,256,mean,50,0.6087430555555555,0.9836065573770492
3106,Nuclear and High Energy Physics,256,mean,50,0.5445295138888889,0.5628415300546448
3107,"Atomic and Molecular Physics, and Optics",256,mean,50,0.5547621527777777,0.6994535519125683
3108,Radiation,256,mean,50,0.5742656249999999,0.8633879781420765
3109,Statistical and Nonlinear Physics,256,mean,50,0.5710381944444444,0.8524590163934426
3203,Clinical Psychology,256,mean,50,0.5032760416666666,0.11475409836065574
3204,Developmental and Educational Psychology,256,mean,50,0.5340399305555555,0.453551912568306
3205,Experimental and Cognitive Psychology,256,mean,50,0.5597239583333333,0.7595628415300546
3207,Social Psychology,256,mean,50,0.5239097222222223,0.3114754098360656
3304,Education,256,mean,50,0.49819097222222236,0.08743169398907104
3305,"Geography, Planning and Development",256,mean,50,0.5784288194444444,0.8961748633879781
3306,Health,256,mean,50,0.5516684027777777,0.6557377049180327
3308,Law,256,mean,50,0.4779583333333333,0.03825136612021858
3311,Safety Research,256,mean,50,0.5451631944444445,0.5792349726775956
3312,Sociology and Political Science,256,mean,50,0.5089791666666668,0.16939890710382513
3313,Transportation,256,mean,50,0.5328524305555556,0.4371584699453552
3314,Anthropology,256,mean,50,0.4992777777777778,0.09836065573770492
3315,Communication,256,mean,50,0.532517361111111,0.43169398907103823
3316,Cultural Studies,256,mean,50,0.5127100694444444,0.2185792349726776
3317,Demography,256,mean,50,0.5491927083333333,0.6284153005464481
3318,Gender Studies,256,mean,50,0.5258871527777778,0.3442622950819672
3320,Political Science and International Relations,256,mean,50,0.5080729166666667,0.15300546448087432
3322,Urban Studies,256,mean,50,0.5203784722222222,0.2677595628415301
3402,Equine,256,mean,50,0.5238541666666666,0.30601092896174864
3404,Small Animals,256,mean,50,0.5386493055555556,0.5081967213114754
3504,Oral Surgery,256,mean,50,0.5449722222222223,0.5683060109289617
3505,Orthodontics,256,mean,50,0.5470243055555555,0.5956284153005464
3506,Periodontics,256,mean,50,0.5278663194444443,0.3825136612021858
3600,General Health Professions,256,mean,50,0.4936527777777779,0.06557377049180328
3604,Emergency Medical Services,256,mean,50,0.5492274305555556,0.6338797814207651
3605,Health Information Management,256,mean,50,0.5368819444444445,0.4808743169398907
3609,Occupational Therapy,256,mean,50,0.5479305555555556,0.6065573770491803
3612,"Physical Therapy, Sports Therapy and Rehabilitation",256,mean,50,0.5588159722222221,0.7486338797814208
3614,Radiological and Ultrasound Technology,256,mean,50,0.5847899305555555,0.9180327868852459
3616,Speech and Hearing,256,mean,50,0.5689218749999999,0.8469945355191257
1100,General Agricultural and Biological Sciences,256,cls,10,0.3079861111111111,0.6994535519125683
1102,Agronomy and Crop Science,256,cls,10,0.30915798611111117,0.7103825136612022
1103,Animal Science and Zoology,256,cls,10,0.29486979166666666,0.4808743169398907
1104,Aquatic Science,256,cls,10,0.29391493055555556,0.46994535519125685
1105,"Ecology, Evolution, Behavior and Systematics",256,cls,10,0.3218836805555556,0.8306010928961749
1106,Food Science,256,cls,10,0.3012239583333333,0.5956284153005464
1109,Insect Science,256,cls,10,0.28546875,0.33879781420765026
1110,Plant Science,256,cls,10,0.29944444444444446,0.5573770491803278
1111,Soil Science,256,cls,10,0.2996875,0.5683060109289617
1202,History,256,cls,10,0.23605902777777774,0.02185792349726776
1203,Language and Linguistics,256,cls,10,0.26602430555555556,0.11475409836065574
1204,Archeology,256,cls,10,0.2915277777777778,0.43169398907103823
1207,History and Philosophy of Science,256,cls,10,0.285625,0.34972677595628415
1208,Literature and Literary Theory,256,cls,10,0.24247395833333335,0.03825136612021858
1210,Music,256,cls,10,0.25065972222222227,0.06557377049180328
1211,Philosophy,256,cls,10,0.28703993055555554,0.3770491803278688
1212,Religious studies,256,cls,10,0.23138020833333336,0.01639344262295082
1213,Visual Arts and Performing Arts,256,cls,10,0.23881944444444442,0.03278688524590164
1304,Biophysics,256,cls,10,0.2958072916666667,0.5027322404371585
1305,Biotechnology,256,cls,10,0.32263888888888886,0.8360655737704918
1306,Cancer Research,256,cls,10,0.2678732638888889,0.12568306010928962
1307,Cell Biology,256,cls,10,0.3235590277777778,0.8469945355191257
1311,Genetics,256,cls,10,0.3663802083333333,1.0
1312,Molecular Biology,256,cls,10,0.2928472222222222,0.453551912568306
1313,Molecular Medicine,256,cls,10,0.31394965277777775,0.7595628415300546
1402,Accounting,256,cls,10,0.2732552083333333,0.17486338797814208
1404,Management Information Systems,256,cls,10,0.2900607638888889,0.4207650273224044
1405,Management of Technology and Innovation,256,cls,10,0.30385416666666665,0.6284153005464481
1406,Marketing,256,cls,10,0.27371527777777777,0.18032786885245902
1407,Organizational Behavior and Human Resource Management,256,cls,10,0.2849913194444444,0.32786885245901637
1408,Strategy and Management,256,cls,10,0.2738020833333334,0.18579234972677597
1502,Bioengineering,256,cls,10,0.24618923611111115,0.04371584699453552
1503,Catalysis,256,cls,10,0.27271701388888886,0.16939890710382513
1507,Fluid Flow and Transfer Processes,256,cls,10,0.295703125,0.4972677595628415
1508,Process Chemistry and Technology,256,cls,10,0.29171874999999997,0.4426229508196721
1602,Analytical Chemistry,256,cls,10,0.2962239583333333,0.5081967213114754
1604,Inorganic Chemistry,256,cls,10,0.30033854166666674,0.5901639344262295
1605,Organic Chemistry,256,cls,10,0.25975694444444447,0.09289617486338798
1606,Physical and Theoretical Chemistry,256,cls,10,0.2971006944444444,0.5300546448087432
1607,Spectroscopy,256,cls,10,0.31203993055555557,0.7377049180327869
1702,Artificial Intelligence,256,cls,10,0.3049652777777778,0.639344262295082
1703,Computational Theory and Mathematics,256,cls,10,0.3235850694444445,0.8524590163934426
1704,Computer Graphics and Computer-Aided Design,256,cls,10,0.3169270833333334,0.7978142076502732
1705,Computer Networks and Communications,256,cls,10,0.2640451388888889,0.1092896174863388
1706,Computer Science Applications,256,cls,10,0.28005208333333337,0.2786885245901639
1707,Computer Vision and Pattern Recognition,256,cls,10,0.27945312499999997,0.26229508196721313
1708,Hardware and Architecture,256,cls,10,0.24619791666666666,0.04918032786885246
1709,Human-Computer Interaction,256,cls,10,0.29995659722222223,0.5846994535519126
1710,Information Systems,256,cls,10,0.31963541666666667,0.8087431693989071
1711,Signal Processing,256,cls,10,0.3024392361111111,0.6229508196721312
1802,Information Systems and Management,256,cls,10,0.2925347222222222,0.44808743169398907
1803,Management Science and Operations Research,256,cls,10,0.31137152777777777,0.7213114754098361
1804,"Statistics, Probability and Uncertainty",256,cls,10,0.30726562499999993,0.6666666666666666
1902,Atmospheric Science,256,cls,10,0.3130642361111111,0.7486338797814208
1904,Earth-Surface Processes,256,cls,10,0.28777777777777774,0.39344262295081966
1906,Geochemistry and Petrology,256,cls,10,0.307734375,0.6885245901639344
1907,Geology,256,cls,10,0.3265451388888889,0.8852459016393442
1908,Geophysics,256,cls,10,0.29306423611111104,0.45901639344262296
1910,Oceanography,256,cls,10,0.3043489583333333,0.6338797814207651
1911,Paleontology,256,cls,10,0.27953125,0.2677595628415301
2000,"General Economics, Econometrics and Finance",256,cls,10,0.27089409722222224,0.15300546448087432
2002,Economics and Econometrics,256,cls,10,0.2769965277777777,0.22950819672131148
2003,Finance,256,cls,10,0.29933159722222225,0.5519125683060109
2102,Energy Engineering and Power Technology,256,cls,10,0.30768229166666666,0.6830601092896175
2105,"Renewable Energy, Sustainability and the Environment",256,cls,10,0.3293402777777778,0.912568306010929
2202,Aerospace Engineering,256,cls,10,0.3250868055555556,0.8743169398907104
2203,Automotive Engineering,256,cls,10,0.32100694444444444,0.825136612021858
2204,Biomedical Engineering,256,cls,10,0.3458767361111112,0.994535519125683
2205,Civil and Structural Engineering,256,cls,10,0.27246527777777785,0.16393442622950818
2206,Computational Mechanics,256,cls,10,0.299921875,0.5792349726775956
2207,Control and Systems Engineering,256,cls,10,0.2948524305555556,0.47540983606557374
2208,Electrical and Electronic Engineering,256,cls,10,0.31167534722222223,0.726775956284153
2209,Industrial and Manufacturing Engineering,256,cls,10,0.2872135416666667,0.3825136612021858
2210,Mechanical Engineering,256,cls,10,0.2790104166666666,0.2568306010928962
2211,Mechanics of Materials,256,cls,10,0.29758680555555556,0.5355191256830601
2212,Ocean Engineering,256,cls,10,0.2995138888888889,0.5628415300546448
2213,"Safety, Risk, Reliability and Quality",256,cls,10,0.3453125,0.9890710382513661
2214,Media Technology,256,cls,10,0.3329774305555555,0.9453551912568307
2215,Building and Construction,256,cls,10,0.32407118055555556,0.8633879781420765
2303,Ecology,256,cls,10,0.31453993055555557,0.7704918032786885
2304,Environmental Chemistry,256,cls,10,0.33424479166666665,0.9562841530054644
2305,Environmental Engineering,256,cls,10,0.3165711805555555,0.7868852459016393
2306,Global and Planetary Change,256,cls,10,0.33844618055555553,0.9617486338797814
2307,"Health, Toxicology and Mutagenesis",256,cls,10,0.32385416666666667,0.8579234972677595
2308,"Management, Monitoring, Policy and Law",256,cls,10,0.31197048611111106,0.73224043715847
2309,Nature and Landscape Conservation,256,cls,10,0.3266145833333333,0.8907103825136612
2310,Pollution,256,cls,10,0.30788194444444444,0.6939890710382514
2311,Waste Management and Disposal,256,cls,10,0.27772569444444445,0.23497267759562843
2312,Water Science and Technology,256,cls,10,0.3234548611111111,0.8415300546448088
2403,Immunology,256,cls,10,0.258046875,0.08196721311475409
2404,Microbiology,256,cls,10,0.29839409722222227,0.5409836065573771
2405,Parasitology,256,cls,10,0.28275173611111115,0.30601092896174864
2406,Virology,256,cls,10,0.2964409722222222,0.5191256830601093
2502,Biomaterials,256,cls,10,0.3071527777777778,0.6612021857923497
2504,"Electronic, Optical and Magnetic Materials",256,cls,10,0.3200173611111111,0.8142076502732241
2505,Materials Chemistry,256,cls,10,0.2815625,0.2896174863387978
2507,Polymers and Plastics,256,cls,10,0.2750347222222222,0.1912568306010929
2508,"Surfaces, Coatings and Films",256,cls,10,0.30730902777777785,0.6721311475409836
2602,Algebra and Number Theory,256,cls,10,0.20239583333333336,0.00546448087431694
2604,Applied Mathematics,256,cls,10,0.3017361111111111,0.6120218579234973
2608,Geometry and Topology,256,cls,10,0.2569010416666666,0.07650273224043716
2610,Mathematical Physics,256,cls,10,0.23743055555555553,0.0273224043715847
2611,Modeling and Simulation,256,cls,10,0.3322048611111111,0.9398907103825137
2612,Numerical Analysis,256,cls,10,0.21675347222222222,0.01092896174863388
2613,Statistics and Probability,256,cls,10,0.29651909722222225,0.5245901639344263
2703,Anesthesiology and Pain Medicine,256,cls,10,0.250390625,0.060109289617486336
2705,Cardiology and Cardiovascular Medicine,256,cls,10,0.2823263888888889,0.29508196721311475
2707,Complementary and alternative medicine,256,cls,10,0.3019878472222222,0.6174863387978142
2708,Dermatology,256,cls,10,0.2759375,0.21311475409836064
2711,Emergency Medicine,256,cls,10,0.2855642361111111,0.3442622950819672
2712,"Endocrinology, Diabetes and Metabolism",256,cls,10,0.2955295138888889,0.4918032786885246
2713,Epidemiology,256,cls,10,0.3141579861111111,0.7650273224043715
2715,Gastroenterology,256,cls,10,0.2917013888888889,0.4371584699453552
2716,Genetics,256,cls,10,0.28421874999999996,0.31693989071038253
2720,Hematology,256,cls,10,0.27588541666666666,0.20765027322404372
2721,Hepatology,256,cls,10,0.28684895833333335,0.37158469945355194
2725,Infectious Diseases,256,cls,10,0.2759548611111111,0.2185792349726776
2727,Nephrology,256,cls,10,0.24794270833333334,0.0546448087431694
2728,Neurology,256,cls,10,0.2867013888888889,0.36065573770491804
2729,Obstetrics and Gynecology,256,cls,10,0.29115451388888886,0.4262295081967213
2730,Oncology,256,cls,10,0.32616319444444447,0.8797814207650273
2731,Ophthalmology,256,cls,10,0.2614930555555556,0.09836065573770492
2732,Orthopedics and Sports Medicine,256,cls,10,0.28811631944444444,0.3989071038251366
2733,Otorhinolaryngology,256,cls,10,0.28597222222222224,0.3551912568306011
2734,Pathology and Forensic Medicine,256,cls,10,0.33371527777777776,0.9508196721311475
2735,"Pediatrics, Perinatology and Child Health",256,cls,10,0.2998611111111111,0.5737704918032787
2736,Pharmacology,256,cls,10,0.3315885416666666,0.9344262295081968
2737,Physiology,256,cls,10,0.30605902777777777,0.644808743169399
2738,Psychiatry and Mental health,256,cls,10,0.2684722222222222,0.1366120218579235
2739,"Public Health, Environmental and Occupational Health",256,cls,10,0.3309375,0.9289617486338798
2740,Pulmonary and Respiratory Medicine,256,cls,10,0.28675347222222225,0.366120218579235
2741,"Radiology, Nuclear Medicine and Imaging",256,cls,10,0.32078993055555566,0.819672131147541
2742,Rehabilitation,256,cls,10,0.34059027777777773,0.9781420765027322
2743,Reproductive Medicine,256,cls,10,0.3275694444444444,0.9016393442622951
2745,Rheumatology,256,cls,10,0.2951302083333333,0.48633879781420764
2746,Surgery,256,cls,10,0.2762847222222222,0.22404371584699453
2748,Urology,256,cls,10,0.3069618055555555,0.6557377049180327
2804,Cellular and Molecular Neuroscience,256,cls,10,0.30984375000000003,0.7158469945355191
2805,Cognitive Neuroscience,256,cls,10,0.3168142361111111,0.7923497267759563
2807,Endocrine and Autonomic Systems,256,cls,10,0.2826475694444444,0.3005464480874317
2808,Neurology,256,cls,10,0.3392534722222222,0.9726775956284153
2809,Sensory Systems,256,cls,10,0.30606770833333335,0.6502732240437158
2910,"Issues, ethics and legal aspects",256,cls,10,0.2618315972222222,0.10382513661202186
2916,Nutrition and Dietetics,256,cls,10,0.31907118055555556,0.8032786885245902
3003,Pharmaceutical Science,256,cls,10,0.2778819444444445,0.24043715846994534
3004,Pharmacology,256,cls,10,0.3271440972222222,0.8961748633879781
3005,Toxicology,256,cls,10,0.33079861111111114,0.9180327868852459
3103,Astronomy and Astrophysics,256,cls,10,0.2753645833333333,0.19672131147540983
3104,Condensed Matter Physics,256,cls,10,0.3249739583333333,0.8688524590163934
3106,Nuclear and High Energy Physics,256,cls,10,0.28767361111111106,0.3879781420765027
3107,"Atomic and Molecular Physics, and Optics",256,cls,10,0.3015017361111111,0.6010928961748634
3108,Radiation,256,cls,10,0.27954861111111107,0.273224043715847
3109,Statistical and Nonlinear Physics,256,cls,10,0.31593750000000004,0.7814207650273224
3203,Clinical Psychology,256,cls,10,0.2781163194444444,0.2459016393442623
3204,Developmental and Educational Psychology,256,cls,10,0.2800694444444444,0.28415300546448086
3205,Experimental and Cognitive Psychology,256,cls,10,0.33088541666666665,0.9234972677595629
3207,Social Psychology,256,cls,10,0.3015798611111111,0.6065573770491803
3304,Education,256,cls,10,0.26827256944444444,0.13114754098360656
3305,"Geography, Planning and Development",256,cls,10,0.3090017361111111,0.7049180327868853
3306,Health,256,cls,10,0.2984114583333334,0.546448087431694
3308,Law,256,cls,10,0.2666927083333333,0.12021857923497267
3311,Safety Research,256,cls,10,0.33900173611111106,0.9672131147540983
3312,Sociology and Political Science,256,cls,10,0.28475694444444444,0.3224043715846995
3313,Transportation,256,cls,10,0.28401909722222224,0.3114754098360656
3314,Anthropology,256,cls,10,0.25862847222222224,0.08743169398907104
3315,Communication,256,cls,10,0.2790017361111111,0.25136612021857924
3316,Cultural Studies,256,cls,10,0.2703559027777777,0.14207650273224043
3317,Demography,256,cls,10,0.32915798611111113,0.907103825136612
3318,Gender Studies,256,cls,10,0.2898263888888889,0.4098360655737705
3320,Political Science and International Relations,256,cls,10,0.2708420138888889,0.14754098360655737
3322,Urban Studies,256,cls,10,0.28920138888888886,0.40437158469945356
3402,Equine,256,cls,10,0.27553819444444444,0.20218579234972678
3404,Small Animals,256,cls,10,0.315078125,0.7759562841530054
3504,Oral Surgery,256,cls,10,0.2900520833333333,0.41530054644808745
3505,Orthodontics,256,cls,10,0.25606770833333337,0.07103825136612021
3506,Periodontics,256,cls,10,0.28516493055555553,0.3333333333333333
3600,General Health Professions,256,cls,10,0.27179687499999994,0.15846994535519127
3604,Emergency Medical Services,256,cls,10,0.3134895833333333,0.7540983606557377
3605,Health Information Management,256,cls,10,0.29318576388888884,0.4644808743169399
3609,Occupational Therapy,256,cls,10,0.31285590277777775,0.7431693989071039
3612,"Physical Therapy, Sports Therapy and Rehabilitation",256,cls,10,0.29638020833333334,0.5136612021857924
3614,Radiological and Ultrasound Technology,256,cls,10,0.3075173611111111,0.6775956284153005
3616,Speech and Hearing,256,cls,10,0.3425694444444444,0.9836065573770492
1100,General Agricultural and Biological Sciences,256,cls,25,0.38733680555555555,0.5792349726775956
1102,Agronomy and Crop Science,256,cls,25,0.3961388888888889,0.6994535519125683
1103,Animal Science and Zoology,256,cls,25,0.3833020833333334,0.5081967213114754
1104,Aquatic Science,256,cls,25,0.3853611111111111,0.5409836065573771
1105,"Ecology, Evolution, Behavior and Systematics",256,cls,25,0.42700694444444454,0.9398907103825137
1106,Food Science,256,cls,25,0.3775208333333333,0.43169398907103823
1109,Insect Science,256,cls,25,0.3666180555555556,0.30601092896174864
1110,Plant Science,256,cls,25,0.38365625000000003,0.5136612021857924
1111,Soil Science,256,cls,25,0.38962152777777775,0.6338797814207651
1202,History,256,cls,25,0.3101180555555556,0.01639344262295082
1203,Language and Linguistics,256,cls,25,0.3684548611111111,0.32786885245901637
1204,Archeology,256,cls,25,0.3734131944444444,0.3770491803278688
1207,History and Philosophy of Science,256,cls,25,0.35626041666666663,0.18579234972677597
1208,Literature and Literary Theory,256,cls,25,0.3340590277777778,0.060109289617486336
1210,Music,256,cls,25,0.33524652777777775,0.06557377049180328
1211,Philosophy,256,cls,25,0.362,0.25136612021857924
1212,Religious studies,256,cls,25,0.31040625,0.02185792349726776
1213,Visual Arts and Performing Arts,256,cls,25,0.32351041666666663,0.03278688524590164
1304,Biophysics,256,cls,25,0.3817847222222222,0.5027322404371585
1305,Biotechnology,256,cls,25,0.40077083333333335,0.7431693989071039
1306,Cancer Research,256,cls,25,0.3510625,0.13114754098360656
1307,Cell Biology,256,cls,25,0.4124930555555555,0.8633879781420765
1311,Genetics,256,cls,25,0.43368055555555557,0.9781420765027322
1312,Molecular Biology,256,cls,25,0.3678333333333334,0.3224043715846995
1313,Molecular Medicine,256,cls,25,0.42301736111111105,0.9234972677595629
1402,Accounting,256,cls,25,0.3567395833333333,0.1912568306010929
1404,Management Information Systems,256,cls,25,0.37367013888888884,0.3825136612021858
1405,Management of Technology and Innovation,256,cls,25,0.3902777777777778,0.6502732240437158
1406,Marketing,256,cls,25,0.35888888888888887,0.23497267759562843
1407,Organizational Behavior and Human Resource Management,256,cls,25,0.36880208333333336,0.3442622950819672
1408,Strategy and Management,256,cls,25,0.3497430555555555,0.12021857923497267
1502,Bioengineering,256,cls,25,0.3373819444444444,0.07103825136612021
1503,Catalysis,256,cls,25,0.3552881944444444,0.18032786885245902
1507,Fluid Flow and Transfer Processes,256,cls,25,0.3972430555555556,0.7103825136612022
1508,Process Chemistry and Technology,256,cls,25,0.40470833333333334,0.7814207650273224
1602,Analytical Chemistry,256,cls,25,0.3797430555555556,0.48633879781420764
1604,Inorganic Chemistry,256,cls,25,0.4097743055555556,0.8306010928961749
1605,Organic Chemistry,256,cls,25,0.35127430555555555,0.1366120218579235
1606,Physical and Theoretical Chemistry,256,cls,25,0.37737847222222226,0.4262295081967213
1607,Spectroscopy,256,cls,25,0.40389583333333334,0.7704918032786885
1702,Artificial Intelligence,256,cls,25,0.37262847222222223,0.37158469945355194
1703,Computational Theory and Mathematics,256,cls,25,0.41694791666666675,0.8797814207650273
1704,Computer Graphics and Computer-Aided Design,256,cls,25,0.4242013888888889,0.9344262295081968
1705,Computer Networks and Communications,256,cls,25,0.35089583333333324,0.12568306010928962
1706,Computer Science Applications,256,cls,25,0.36052430555555554,0.2459016393442623
1707,Computer Vision and Pattern Recognition,256,cls,25,0.35375694444444444,0.16393442622950818
1708,Hardware and Architecture,256,cls,25,0.33351736111111113,0.0546448087431694
1709,Human-Computer Interaction,256,cls,25,0.3898090277777778,0.644808743169399
1710,Information Systems,256,cls,25,0.4031388888888888,0.7650273224043715
1711,Signal Processing,256,cls,25,0.39364583333333325,0.6830601092896175
1802,Information Systems and Management,256,cls,25,0.38977430555555553,0.639344262295082
1803,Management Science and Operations Research,256,cls,25,0.3880208333333333,0.5846994535519126
1804,"Statistics, Probability and Uncertainty",256,cls,25,0.4065416666666667,0.8032786885245902
1902,Atmospheric Science,256,cls,25,0.4014444444444445,0.7486338797814208
1904,Earth-Surface Processes,256,cls,25,0.3884027777777778,0.5901639344262295
1906,Geochemistry and Petrology,256,cls,25,0.40223263888888894,0.7540983606557377
1907,Geology,256,cls,25,0.4335347222222222,0.9726775956284153
1908,Geophysics,256,cls,25,0.3917986111111111,0.6721311475409836
1910,Oceanography,256,cls,25,0.40801388888888895,0.8142076502732241
1911,Paleontology,256,cls,25,0.3807986111111111,0.4918032786885246
2000,"General Economics, Econometrics and Finance",256,cls,25,0.3599652777777778,0.24043715846994534
2002,Economics and Econometrics,256,cls,25,0.35734722222222226,0.20218579234972678
2003,Finance,256,cls,25,0.39167708333333323,0.6612021857923497
2102,Energy Engineering and Power Technology,256,cls,25,0.39978125,0.7377049180327869
2105,"Renewable Energy, Sustainability and the Environment",256,cls,25,0.4438194444444444,1.0
2202,Aerospace Engineering,256,cls,25,0.4187291666666666,0.907103825136612
2203,Automotive Engineering,256,cls,25,0.41004166666666664,0.8415300546448088
2204,Biomedical Engineering,256,cls,25,0.4086736111111111,0.819672131147541
2205,Civil and Structural Engineering,256,cls,25,0.35195486111111113,0.14754098360655737
2206,Computational Mechanics,256,cls,25,0.38710763888888877,0.5683060109289617
2207,Control and Systems Engineering,256,cls,25,0.38907291666666666,0.6229508196721312
2208,Electrical and Electronic Engineering,256,cls,25,0.3907083333333333,0.6557377049180327
2209,Industrial and Manufacturing Engineering,256,cls,25,0.378986111111111,0.46994535519125685
2210,Mechanical Engineering,256,cls,25,0.3636909722222222,0.2677595628415301
2211,Mechanics of Materials,256,cls,25,0.3790416666666666,0.47540983606557374
2212,Ocean Engineering,256,cls,25,0.3749583333333333,0.39344262295081966
2213,"Safety, Risk, Reliability and Quality",256,cls,25,0.4283506944444444,0.9508196721311475
2214,Media Technology,256,cls,25,0.4345034722222222,0.9836065573770492
2215,Building and Construction,256,cls,25,0.4210520833333334,0.912568306010929
2303,Ecology,256,cls,25,0.3957916666666667,0.6939890710382514
2304,Environmental Chemistry,256,cls,25,0.4057777777777778,0.7868852459016393
2305,Environmental Engineering,256,cls,25,0.38435069444444453,0.5245901639344263
2306,Global and Planetary Change,256,cls,25,0.4186979166666667,0.9016393442622951
2307,"Health, Toxicology and Mutagenesis",256,cls,25,0.4077083333333333,0.8087431693989071
2308,"Management, Monitoring, Policy and Law",256,cls,25,0.3888472222222222,0.6120218579234973
2309,Nature and Landscape Conservation,256,cls,25,0.4239097222222222,0.9289617486338798
2310,Pollution,256,cls,25,0.38871180555555557,0.6065573770491803
2311,Waste Management and Disposal,256,cls,25,0.36859027777777775,0.33879781420765026
2312,Water Science and Technology,256,cls,25,0.41782986111111114,0.8907103825136612
2403,Immunology,256,cls,25,0.33179166666666665,0.04918032786885246
2404,Microbiology,256,cls,25,0.3786944444444444,0.4644808743169399
2405,Parasitology,256,cls,25,0.35703819444444446,0.19672131147540983
2406,Virology,256,cls,25,0.3780902777777777,0.4426229508196721
2502,Biomaterials,256,cls,25,0.38534722222222223,0.5355191256830601
2504,"Electronic, Optical and Magnetic Materials",256,cls,25,0.40904166666666664,0.825136612021858
2505,Materials Chemistry,256,cls,25,0.3649409722222222,0.28415300546448086
2507,Polymers and Plastics,256,cls,25,0.3653819444444445,0.29508196721311475
2508,"Surfaces, Coatings and Films",256,cls,25,0.4028576388888888,0.7595628415300546
2602,Algebra and Number Theory,256,cls,25,0.28794791666666664,0.00546448087431694
2604,Applied Mathematics,256,cls,25,0.4178680555555555,0.8961748633879781
2608,Geometry and Topology,256,cls,25,0.3280902777777777,0.03825136612021858
2610,Mathematical Physics,256,cls,25,0.32962500000000006,0.04371584699453552
2611,Modeling and Simulation,256,cls,25,0.4411666666666667,0.994535519125683
2612,Numerical Analysis,256,cls,25,0.3039236111111111,0.01092896174863388
2613,Statistics and Probability,256,cls,25,0.3884930555555556,0.5956284153005464
2703,Anesthesiology and Pain Medicine,256,cls,25,0.3382881944444444,0.07650273224043716
2705,Cardiology and Cardiovascular Medicine,256,cls,25,0.3538958333333333,0.16939890710382513
2707,Complementary and alternative medicine,256,cls,25,0.3864548611111111,0.5573770491803278
2708,Dermatology,256,cls,25,0.35468402777777774,0.17486338797814208
2711,Emergency Medicine,256,cls,25,0.3684652777777778,0.3333333333333333
2712,"Endocrinology, Diabetes and Metabolism",256,cls,25,0.37103125000000003,0.3551912568306011
2713,Epidemiology,256,cls,25,0.3762638888888889,0.4098360655737705
2715,Gastroenterology,256,cls,25,0.36768402777777787,0.31693989071038253
2716,Genetics,256,cls,25,0.3751041666666666,0.3989071038251366
2720,Hematology,256,cls,25,0.3579965277777778,0.21311475409836064
2721,Hepatology,256,cls,25,0.367375,0.3114754098360656
2725,Infectious Diseases,256,cls,25,0.3581076388888889,0.22404371584699453
2727,Nephrology,256,cls,25,0.32279166666666664,0.0273224043715847
2728,Neurology,256,cls,25,0.36384374999999997,0.273224043715847
2729,Obstetrics and Gynecology,256,cls,25,0.3781770833333334,0.44808743169398907
2730,Oncology,256,cls,25,0.40421875,0.7759562841530054
2731,Ophthalmology,256,cls,25,0.34830902777777784,0.1092896174863388
2732,Orthopedics and Sports Medicine,256,cls,25,0.3785243055555556,0.45901639344262296
2733,Otorhinolaryngology,256,cls,25,0.36546875,0.3005464480874317
2734,Pathology and Forensic Medicine,256,cls,25,0.4105451388888888,0.8469945355191257
2735,"Pediatrics, Perinatology and Child Health",256,cls,25,0.3779131944444444,0.4371584699453552
2736,Pharmacology,256,cls,25,0.4166527777777777,0.8688524590163934
2737,Physiology,256,cls,25,0.3771319444444445,0.4207650273224044
2738,Psychiatry and Mental health,256,cls,25,0.3470520833333333,0.09836065573770492
2739,"Public Health, Environmental and Occupational Health",256,cls,25,0.38640972222222225,0.5519125683060109
2740,Pulmonary and Respiratory Medicine,256,cls,25,0.3578923611111111,0.20765027322404372
2741,"Radiology, Nuclear Medicine and Imaging",256,cls,25,0.39679166666666665,0.7049180327868853
2742,Rehabilitation,256,cls,25,0.43823611111111116,0.9890710382513661
2743,Reproductive Medicine,256,cls,25,0.4120243055555557,0.8579234972677595
2745,Rheumatology,256,cls,25,0.3842986111111111,0.5191256830601093
2746,Surgery,256,cls,25,0.34870486111111115,0.11475409836065574
2748,Urology,256,cls,25,0.38686458333333346,0.5628415300546448
2804,Cellular and Molecular Neuroscience,256,cls,25,0.3923020833333334,0.6775956284153005
2805,Cognitive Neuroscience,256,cls,25,0.39972222222222215,0.73224043715847
2807,Endocrine and Autonomic Systems,256,cls,25,0.3620243055555556,0.2568306010928962
2808,Neurology,256,cls,25,0.4316423611111111,0.9672131147540983
2809,Sensory Systems,256,cls,25,0.38914583333333336,0.6284153005464481
2910,"Issues, ethics and legal aspects",256,cls,25,0.358625,0.22950819672131148
2916,Nutrition and Dietetics,256,cls,25,0.4064270833333333,0.7978142076502732
3003,Pharmaceutical Science,256,cls,25,0.39179166666666665,0.6666666666666666
3004,Pharmacology,256,cls,25,0.3973923611111111,0.7158469945355191
3005,Toxicology,256,cls,25,0.43013888888888885,0.9617486338797814
3103,Astronomy and Astrophysics,256,cls,25,0.3764826388888889,0.41530054644808745
3104,Condensed Matter Physics,256,cls,25,0.4214930555555556,0.9180327868852459
3106,Nuclear and High Energy Physics,256,cls,25,0.38728125,0.5737704918032787
3107,"Atomic and Molecular Physics, and Optics",256,cls,25,0.3886875,0.6010928961748634
3108,Radiation,256,cls,25,0.384625,0.5300546448087432
3109,Statistical and Nonlinear Physics,256,cls,25,0.40604166666666663,0.7923497267759563
3203,Clinical Psychology,256,cls,25,0.35809027777777774,0.2185792349726776
3204,Developmental and Educational Psychology,256,cls,25,0.3725555555555556,0.366120218579235
3205,Experimental and Cognitive Psychology,256,cls,25,0.41163541666666664,0.8524590163934426
3207,Social Psychology,256,cls,25,0.3785173611111112,0.453551912568306
3304,Education,256,cls,25,0.3531041666666666,0.15846994535519127
3305,"Geography, Planning and Development",256,cls,25,0.4280486111111109,0.9453551912568307
3306,Health,256,cls,25,0.38903124999999994,0.6174863387978142
3308,Law,256,cls,25,0.3441944444444444,0.08743169398907104
3311,Safety Research,256,cls,25,0.40996874999999994,0.8360655737704918
3312,Sociology and Political Science,256,cls,25,0.36334722222222227,0.26229508196721313
3313,Transportation,256,cls,25,0.3744513888888889,0.3879781420765027
3314,Anthropology,256,cls,25,0.3432256944444444,0.08196721311475409
3315,Communication,256,cls,25,0.36508333333333337,0.2896174863387978
3316,Cultural Studies,256,cls,25,0.36967361111111113,0.34972677595628415
3317,Demography,256,cls,25,0.41711805555555553,0.8852459016393442
3318,Gender Studies,256,cls,25,0.37145833333333333,0.36065573770491804
3320,Political Science and International Relations,256,cls,25,0.35148611111111117,0.14207650273224043
3322,Urban Studies,256,cls,25,0.3760138888888888,0.40437158469945356
3402,Equine,256,cls,25,0.3528402777777778,0.15300546448087432
3404,Small Animals,256,cls,25,0.3857673611111111,0.546448087431694
3504,Oral Surgery,256,cls,25,0.3797430555555555,0.4808743169398907
3505,Orthodontics,256,cls,25,0.3449375,0.09289617486338798
3506,Periodontics,256,cls,25,0.36415277777777777,0.2786885245901639
3600,General Health Professions,256,cls,25,0.3481527777777778,0.10382513661202186
3604,Emergency Medical Services,256,cls,25,0.3953229166666666,0.6885245901639344
3605,Health Information Management,256,cls,25,0.3808055555555556,0.4972677595628415
3609,Occupational Therapy,256,cls,25,0.3979305555555556,0.726775956284153
3612,"Physical Therapy, Sports Therapy and Rehabilitation",256,cls,25,0.3976631944444444,0.7213114754098361
3614,Radiological and Ultrasound Technology,256,cls,25,0.41693750000000007,0.8743169398907104
3616,Speech and Hearing,256,cls,25,0.42874999999999996,0.9562841530054644
1100,General Agricultural and Biological Sciences,256,cls,50,0.4807274305555555,0.6557377049180327
1102,Agronomy and Crop Science,256,cls,50,0.4885138888888889,0.73224043715847
1103,Animal Science and Zoology,256,cls,50,0.4781666666666667,0.5901639344262295
1104,Aquatic Science,256,cls,50,0.48048437500000013,0.6338797814207651
1105,"Ecology, Evolution, Behavior and Systematics",256,cls,50,0.525092013888889,0.9562841530054644
1106,Food Science,256,cls,50,0.4619288194444445,0.37158469945355194
1109,Insect Science,256,cls,50,0.45779861111111114,0.31693989071038253
1110,Plant Science,256,cls,50,0.4726579861111112,0.5300546448087432
1111,Soil Science,256,cls,50,0.482765625,0.6721311475409836
1202,History,256,cls,50,0.40486284722222216,0.01092896174863388
1203,Language and Linguistics,256,cls,50,0.4693645833333333,0.4644808743169399
1204,Archeology,256,cls,50,0.46315624999999994,0.39344262295081966
1207,History and Philosophy of Science,256,cls,50,0.44785416666666655,0.18579234972677597
1208,Literature and Literary Theory,256,cls,50,0.4382968749999999,0.09836065573770492
1210,Music,256,cls,50,0.43248263888888877,0.060109289617486336
1211,Philosophy,256,cls,50,0.4568090277777778,0.3005464480874317
1212,Religious studies,256,cls,50,0.4057777777777777,0.01639344262295082
1213,Visual Arts and Performing Arts,256,cls,50,0.4205590277777777,0.03825136612021858
1304,Biophysics,256,cls,50,0.4727274305555556,0.5355191256830601
1305,Biotechnology,256,cls,50,0.47729340277777776,0.5846994535519126
1306,Cancer Research,256,cls,50,0.44702951388888884,0.17486338797814208
1307,Cell Biology,256,cls,50,0.5006927083333332,0.8688524590163934
1311,Genetics,256,cls,50,0.49327256944444436,0.7814207650273224
1312,Molecular Biology,256,cls,50,0.44847222222222227,0.1912568306010929
1313,Molecular Medicine,256,cls,50,0.5313524305555556,0.9726775956284153
1402,Accounting,256,cls,50,0.4538142361111111,0.273224043715847
1404,Management Information Systems,256,cls,50,0.4696128472222222,0.46994535519125685
1405,Management of Technology and Innovation,256,cls,50,0.4794201388888889,0.6065573770491803
1406,Marketing,256,cls,50,0.45855381944444445,0.3333333333333333
1407,Organizational Behavior and Human Resource Management,256,cls,50,0.46071006944444437,0.36065573770491804
1408,Strategy and Management,256,cls,50,0.44049826388888896,0.12568306010928962
1502,Bioengineering,256,cls,50,0.44112500000000004,0.13114754098360656
1503,Catalysis,256,cls,50,0.4529479166666667,0.26229508196721313
1507,Fluid Flow and Transfer Processes,256,cls,50,0.4986510416666667,0.8415300546448088
1508,Process Chemistry and Technology,256,cls,50,0.52846875,0.9672131147540983
1602,Analytical Chemistry,256,cls,50,0.4640312500000001,0.3989071038251366
1604,Inorganic Chemistry,256,cls,50,0.50765625,0.8961748633879781
1605,Organic Chemistry,256,cls,50,0.4503559027777778,0.2185792349726776
1606,Physical and Theoretical Chemistry,256,cls,50,0.47436631944444435,0.5573770491803278
1607,Spectroscopy,256,cls,50,0.49533854166666674,0.8087431693989071
1702,Artificial Intelligence,256,cls,50,0.45074131944444445,0.22404371584699453
1703,Computational Theory and Mathematics,256,cls,50,0.49304687500000005,0.7759562841530054
1704,Computer Graphics and Computer-Aided Design,256,cls,50,0.5452534722222222,0.9890710382513661
1705,Computer Networks and Communications,256,cls,50,0.4513472222222222,0.24043715846994534
1706,Computer Science Applications,256,cls,50,0.44918402777777783,0.20218579234972678
1707,Computer Vision and Pattern Recognition,256,cls,50,0.44854687499999985,0.19672131147540983
1708,Hardware and Architecture,256,cls,50,0.4308715277777778,0.04918032786885246
1709,Human-Computer Interaction,256,cls,50,0.48838020833333334,0.726775956284153
1710,Information Systems,256,cls,50,0.4889479166666666,0.7486338797814208
1711,Signal Processing,256,cls,50,0.47193229166666667,0.5191256830601093
1802,Information Systems and Management,256,cls,50,0.4837048611111111,0.6830601092896175
1803,Management Science and Operations Research,256,cls,50,0.4728958333333333,0.5437158469945356
1804,"Statistics, Probability and Uncertainty",256,cls,50,0.49440972222222235,0.7978142076502732
1902,Atmospheric Science,256,cls,50,0.4906597222222221,0.7650273224043715
1904,Earth-Surface Processes,256,cls,50,0.486390625,0.7103825136612022
1906,Geochemistry and Petrology,256,cls,50,0.4968541666666666,0.8142076502732241
1907,Geology,256,cls,50,0.5373611111111112,0.9781420765027322
1908,Geophysics,256,cls,50,0.49838020833333324,0.8306010928961749
1910,Oceanography,256,cls,50,0.5104427083333334,0.9180327868852459
1911,Paleontology,256,cls,50,0.48359722222222223,0.6775956284153005
2000,"General Economics, Econometrics and Finance",256,cls,50,0.45706423611111113,0.30601092896174864
2002,Economics and Econometrics,256,cls,50,0.4522413194444444,0.25136612021857924
2003,Finance,256,cls,50,0.4856232638888889,0.7049180327868853
2102,Energy Engineering and Power Technology,256,cls,50,0.49352256944444445,0.7868852459016393
2105,"Renewable Energy, Sustainability and the Environment",256,cls,50,0.5486996527777779,0.994535519125683
2202,Aerospace Engineering,256,cls,50,0.503421875,0.8797814207650273
2203,Automotive Engineering,256,cls,50,0.4989340277777778,0.8469945355191257
2204,Biomedical Engineering,256,cls,50,0.48559548611111114,0.6994535519125683
2205,Civil and Structural Engineering,256,cls,50,0.44410590277777773,0.15300546448087432
2206,Computational Mechanics,256,cls,50,0.4728958333333333,0.5437158469945356
2207,Control and Systems Engineering,256,cls,50,0.48078645833333333,0.6612021857923497
2208,Electrical and Electronic Engineering,256,cls,50,0.4743854166666667,0.5683060109289617
2209,Industrial and Manufacturing Engineering,256,cls,50,0.47399305555555554,0.5519125683060109
2210,Mechanical Engineering,256,cls,50,0.4578784722222222,0.3224043715846995
2211,Mechanics of Materials,256,cls,50,0.4653072916666667,0.41530054644808745
2212,Ocean Engineering,256,cls,50,0.46075,0.366120218579235
2213,"Safety, Risk, Reliability and Quality",256,cls,50,0.508267361111111,0.907103825136612
2214,Media Technology,256,cls,50,0.5378645833333333,0.9836065573770492
2215,Building and Construction,256,cls,50,0.5088715277777778,0.912568306010929
2303,Ecology,256,cls,50,0.4809392361111112,0.6666666666666666
2304,Environmental Chemistry,256,cls,50,0.48525173611111116,0.6939890710382514
2305,Environmental Engineering,256,cls,50,0.46226736111111116,0.3770491803278688
2306,Global and Planetary Change,256,cls,50,0.49861284722222227,0.8360655737704918
2307,"Health, Toxicology and Mutagenesis",256,cls,50,0.48981076388888894,0.7595628415300546
2308,"Management, Monitoring, Policy and Law",256,cls,50,0.47157291666666673,0.5081967213114754
2309,Nature and Landscape Conservation,256,cls,50,0.5079878472222222,0.9016393442622951
2310,Pollution,256,cls,50,0.4702135416666666,0.4808743169398907
2311,Waste Management and Disposal,256,cls,50,0.4661510416666666,0.4207650273224044
2312,Water Science and Technology,256,cls,50,0.5129982638888888,0.9234972677595629
2403,Immunology,256,cls,50,0.42625868055555555,0.04371584699453552
2404,Microbiology,256,cls,50,0.467095486111111,0.4371584699453552
2405,Parasitology,256,cls,50,0.4424913194444444,0.14207650273224043
2406,Virology,256,cls,50,0.4705034722222221,0.4972677595628415
2502,Biomaterials,256,cls,50,0.46794444444444444,0.453551912568306
2504,"Electronic, Optical and Magnetic Materials",256,cls,50,0.48853819444444446,0.7377049180327869
2505,Materials Chemistry,256,cls,50,0.4591597222222222,0.33879781420765026
2507,Polymers and Plastics,256,cls,50,0.45790798611111116,0.32786885245901637
2508,"Surfaces, Coatings and Films",256,cls,50,0.49827951388888886,0.825136612021858
2602,Algebra and Number Theory,256,cls,50,0.38910763888888883,0.00546448087431694
2604,Applied Mathematics,256,cls,50,0.4992447916666667,0.8524590163934426
2608,Geometry and Topology,256,cls,50,0.41242708333333333,0.0273224043715847
2610,Mathematical Physics,256,cls,50,0.43135763888888895,0.0546448087431694
2611,Modeling and Simulation,256,cls,50,0.565763888888889,1.0
2612,Numerical Analysis,256,cls,50,0.4090225694444443,0.02185792349726776
2613,Statistics and Probability,256,cls,50,0.4878593749999999,0.7213114754098361
2703,Anesthesiology and Pain Medicine,256,cls,50,0.4396545138888889,0.10382513661202186
2705,Cardiology and Cardiovascular Medicine,256,cls,50,0.4403420138888889,0.11475409836065574
2707,Complementary and alternative medicine,256,cls,50,0.4671579861111112,0.4426229508196721
2708,Dermatology,256,cls,50,0.44680729166666666,0.16939890710382513
2711,Emergency Medicine,256,cls,50,0.4527586805555555,0.2568306010928962
2712,"Endocrinology, Diabetes and Metabolism",256,cls,50,0.4565868055555555,0.29508196721311475
2713,Epidemiology,256,cls,50,0.45549652777777777,0.28415300546448086
2715,Gastroenterology,256,cls,50,0.4507951388888889,0.22950819672131148
2716,Genetics,256,cls,50,0.4698298611111111,0.47540983606557374
2720,Hematology,256,cls,50,0.44186284722222224,0.1366120218579235
2721,Hepatology,256,cls,50,0.4553298611111112,0.2786885245901639
2725,Infectious Diseases,256,cls,50,0.4475295138888889,0.18032786885245902
2727,Nephrology,256,cls,50,0.41310590277777764,0.03278688524590164
2728,Neurology,256,cls,50,0.4498333333333333,0.20765027322404372
2729,Obstetrics and Gynecology,256,cls,50,0.4704756944444445,0.4918032786885246
2730,Oncology,256,cls,50,0.47524826388888886,0.5737704918032787
2731,Ophthalmology,256,cls,50,0.4368715277777777,0.08196721311475409
2732,Orthopedics and Sports Medicine,256,cls,50,0.47917881944444446,0.6010928961748634
2733,Otorhinolaryngology,256,cls,50,0.4510468749999999,0.23497267759562843
2734,Pathology and Forensic Medicine,256,cls,50,0.4796961805555555,0.6120218579234973
2735,"Pediatrics, Perinatology and Child Health",256,cls,50,0.4592326388888889,0.3442622950819672
2736,Pharmacology,256,cls,50,0.5061440972222222,0.8907103825136612
2737,Physiology,256,cls,50,0.45604687499999996,0.2896174863387978
2738,Psychiatry and Mental health,256,cls,50,0.43316319444444445,0.06557377049180328
2739,"Public Health, Environmental and Occupational Health",256,cls,50,0.46010243055555566,0.3551912568306011
2740,Pulmonary and Respiratory Medicine,256,cls,50,0.4436006944444445,0.14754098360655737
2741,"Radiology, Nuclear Medicine and Imaging",256,cls,50,0.47251215277777786,0.5245901639344263
2742,Rehabilitation,256,cls,50,0.5205711805555555,0.9344262295081968
2743,Reproductive Medicine,256,cls,50,0.49114062500000005,0.7704918032786885
2745,Rheumatology,256,cls,50,0.4704652777777777,0.48633879781420764
2746,Surgery,256,cls,50,0.4370781249999999,0.08743169398907104
2748,Urology,256,cls,50,0.46775520833333334,0.44808743169398907
2804,Cellular and Molecular Neuroscience,256,cls,50,0.47437326388888895,0.5628415300546448
2805,Cognitive Neuroscience,256,cls,50,0.4804635416666667,0.6284153005464481
2807,Endocrine and Autonomic Systems,256,cls,50,0.4515034722222222,0.2459016393442623
2808,Neurology,256,cls,50,0.4948888888888889,0.8032786885245902
2809,Sensory Systems,256,cls,50,0.48051215277777776,0.639344262295082
2910,"Issues, ethics and legal aspects",256,cls,50,0.4664149305555555,0.43169398907103823
2916,Nutrition and Dietetics,256,cls,50,0.4888125,0.7431693989071039
3003,Pharmaceutical Science,256,cls,50,0.5188559027777777,0.9289617486338798
3004,Pharmacology,256,cls,50,0.47970138888888897,0.6174863387978142
3005,Toxicology,256,cls,50,0.5247274305555556,0.9453551912568307
3103,Astronomy and Astrophysics,256,cls,50,0.4805572916666666,0.6502732240437158
3104,Condensed Matter Physics,256,cls,50,0.5248524305555555,0.9508196721311475
3106,Nuclear and High Energy Physics,256,cls,50,0.4897690972222221,0.7540983606557377
3107,"Atomic and Molecular Physics, and Optics",256,cls,50,0.48448611111111106,0.6885245901639344
3108,Radiation,256,cls,50,0.5028559027777777,0.8743169398907104
3109,Statistical and Nonlinear Physics,256,cls,50,0.4999236111111111,0.8579234972677595
3203,Clinical Psychology,256,cls,50,0.44542881944444446,0.16393442622950818
3204,Developmental and Educational Psychology,256,cls,50,0.46467013888888886,0.4098360655737705
3205,Experimental and Cognitive Psychology,256,cls,50,0.494013888888889,0.7923497267759563
3207,Social Psychology,256,cls,50,0.4629826388888889,0.3879781420765027
3304,Education,256,cls,50,0.4503472222222223,0.21311475409836064
3305,"Geography, Planning and Development",256,cls,50,0.5278680555555556,0.9617486338797814
3306,Health,256,cls,50,0.4800503472222222,0.6229508196721312
3308,Law,256,cls,50,0.433579861111111,0.07103825136612021
3311,Safety Research,256,cls,50,0.4864513888888889,0.7158469945355191
3312,Sociology and Political Science,256,cls,50,0.4576336805555556,0.3114754098360656
3313,Transportation,256,cls,50,0.4716961805555556,0.5136612021857924
3314,Anthropology,256,cls,50,0.4346059027777778,0.07650273224043716
3315,Communication,256,cls,50,0.46268229166666663,0.3825136612021858
3316,Cultural Studies,256,cls,50,0.4593368055555555,0.34972677595628415
3317,Demography,256,cls,50,0.4971979166666667,0.819672131147541
3318,Gender Studies,256,cls,50,0.46413020833333324,0.40437158469945356
3320,Political Science and International Relations,256,cls,50,0.44045659722222225,0.12021857923497267
3322,Urban Studies,256,cls,50,0.4715034722222222,0.5027322404371585
3402,Equine,256,cls,50,0.4401961805555556,0.1092896174863388
3404,Small Animals,256,cls,50,0.4662222222222222,0.4262295081967213
3504,Oral Surgery,256,cls,50,0.46876736111111117,0.45901639344262296
3505,Orthodontics,256,cls,50,0.44524305555555554,0.15846994535519127
3506,Periodontics,256,cls,50,0.4534079861111111,0.2677595628415301
3600,General Health Professions,256,cls,50,0.43718229166666667,0.09289617486338798
3604,Emergency Medical Services,256,cls,50,0.48053472222222215,0.644808743169399
3605,Health Information Management,256,cls,50,0.4752881944444445,0.5792349726775956
3609,Occupational Therapy,256,cls,50,0.47913715277777785,0.5956284153005464
3612,"Physical Therapy, Sports Therapy and Rehabilitation",256,cls,50,0.5037118055555555,0.8852459016393442
3614,Radiological and Ultrasound Technology,256,cls,50,0.5246753472222222,0.9398907103825137
3616,Speech and Hearing,256,cls,50,0.5005243055555556,0.8633879781420765
1100,General Agricultural and Biological Sciences,256,sep,10,0.32931423611111116,0.45901639344262296
1102,Agronomy and Crop Science,256,sep,10,0.35705729166666667,0.7650273224043715
1103,Animal Science and Zoology,256,sep,10,0.33741319444444445,0.5409836065573771
1104,Aquatic Science,256,sep,10,0.3376649305555555,0.546448087431694
1105,"Ecology, Evolution, Behavior and Systematics",256,sep,10,0.3580208333333333,0.7868852459016393
1106,Food Science,256,sep,10,0.3451475694444444,0.6666666666666666
1109,Insect Science,256,sep,10,0.328203125,0.4426229508196721
1110,Plant Science,256,sep,10,0.34347222222222223,0.644808743169399
1111,Soil Science,256,sep,10,0.3397135416666667,0.5846994535519126
1202,History,256,sep,10,0.24806423611111109,0.0273224043715847
1203,Language and Linguistics,256,sep,10,0.28264756944444447,0.08743169398907104
1204,Archeology,256,sep,10,0.30700520833333333,0.22404371584699453
1207,History and Philosophy of Science,256,sep,10,0.2982378472222222,0.15300546448087432
1208,Literature and Literary Theory,256,sep,10,0.24993055555555557,0.03278688524590164
1210,Music,256,sep,10,0.2631944444444445,0.04371584699453552
1211,Philosophy,256,sep,10,0.3067534722222222,0.2185792349726776
1212,Religious studies,256,sep,10,0.23719618055555555,0.01639344262295082
1213,Visual Arts and Performing Arts,256,sep,10,0.25559027777777776,0.03825136612021858
1304,Biophysics,256,sep,10,0.34369791666666666,0.6557377049180327
1305,Biotechnology,256,sep,10,0.36923611111111115,0.8633879781420765
1306,Cancer Research,256,sep,10,0.31374131944444444,0.2677595628415301
1307,Cell Biology,256,sep,10,0.37819444444444444,0.9453551912568307
1311,Genetics,256,sep,10,0.4141753472222223,1.0
1312,Molecular Biology,256,sep,10,0.34268229166666664,0.6338797814207651
1313,Molecular Medicine,256,sep,10,0.35653645833333336,0.7540983606557377
1402,Accounting,256,sep,10,0.28973958333333333,0.12021857923497267
1404,Management Information Systems,256,sep,10,0.3119878472222223,0.25136612021857924
1405,Management of Technology and Innovation,256,sep,10,0.3313888888888889,0.47540983606557374
1406,Marketing,256,sep,10,0.29474826388888886,0.13114754098360656
1407,Organizational Behavior and Human Resource Management,256,sep,10,0.30636284722222223,0.20765027322404372
1408,Strategy and Management,256,sep,10,0.28943576388888886,0.11475409836065574
1502,Bioengineering,256,sep,10,0.27640625,0.06557377049180328
1503,Catalysis,256,sep,10,0.30884548611111107,0.2459016393442623
1507,Fluid Flow and Transfer Processes,256,sep,10,0.33330729166666667,0.4972677595628415
1508,Process Chemistry and Technology,256,sep,10,0.32702256944444436,0.43169398907103823
1602,Analytical Chemistry,256,sep,10,0.34162326388888886,0.6120218579234973
1604,Inorganic Chemistry,256,sep,10,0.3224131944444445,0.3770491803278688
1605,Organic Chemistry,256,sep,10,0.2750954861111111,0.060109289617486336
1606,Physical and Theoretical Chemistry,256,sep,10,0.32205729166666663,0.366120218579235
1607,Spectroscopy,256,sep,10,0.350859375,0.7049180327868853
1702,Artificial Intelligence,256,sep,10,0.35223958333333333,0.7213114754098361
1703,Computational Theory and Mathematics,256,sep,10,0.3546961805555556,0.73224043715847
1704,Computer Graphics and Computer-Aided Design,256,sep,10,0.3420833333333333,0.6174863387978142
1705,Computer Networks and Communications,256,sep,10,0.29699652777777774,0.14754098360655737
1706,Computer Science Applications,256,sep,10,0.3078211805555556,0.23497267759562843
1707,Computer Vision and Pattern Recognition,256,sep,10,0.31819444444444445,0.3114754098360656
1708,Hardware and Architecture,256,sep,10,0.2815972222222222,0.07650273224043716
1709,Human-Computer Interaction,256,sep,10,0.34284722222222225,0.639344262295082
1710,Information Systems,256,sep,10,0.34081597222222226,0.6010928961748634
1711,Signal Processing,256,sep,10,0.3540277777777779,0.726775956284153
1802,Information Systems and Management,256,sep,10,0.3216579861111111,0.3551912568306011
1803,Management Science and Operations Research,256,sep,10,0.3381770833333333,0.5519125683060109
1804,"Statistics, Probability and Uncertainty",256,sep,10,0.34418402777777773,0.6612021857923497
1902,Atmospheric Science,256,sep,10,0.36138020833333334,0.7978142076502732
1904,Earth-Surface Processes,256,sep,10,0.3259461805555556,0.3989071038251366
1906,Geochemistry and Petrology,256,sep,10,0.335546875,0.5191256830601093
1907,Geology,256,sep,10,0.3512673611111111,0.7103825136612022
1908,Geophysics,256,sep,10,0.31788194444444445,0.3005464480874317
1910,Oceanography,256,sep,10,0.34642361111111114,0.6721311475409836
1911,Paleontology,256,sep,10,0.3125347222222222,0.2568306010928962
2000,"General Economics, Econometrics and Finance",256,sep,10,0.2917274305555555,0.12568306010928962
2002,Economics and Econometrics,256,sep,10,0.301171875,0.16393442622950818
2003,Finance,256,sep,10,0.3216145833333333,0.34972677595628415
2102,Energy Engineering and Power Technology,256,sep,10,0.3321440972222222,0.48633879781420764
2105,"Renewable Energy, Sustainability and the Environment",256,sep,10,0.37191840277777777,0.9016393442622951
2202,Aerospace Engineering,256,sep,10,0.36411458333333335,0.819672131147541
2203,Automotive Engineering,256,sep,10,0.384001736111111,0.9617486338797814
2204,Biomedical Engineering,256,sep,10,0.40133680555555545,0.994535519125683
2205,Civil and Structural Engineering,256,sep,10,0.3057378472222222,0.20218579234972678
2206,Computational Mechanics,256,sep,10,0.34224826388888885,0.6229508196721312
2207,Control and Systems Engineering,256,sep,10,0.32935763888888897,0.4644808743169399
2208,Electrical and Electronic Engineering,256,sep,10,0.35170138888888886,0.7158469945355191
2209,Industrial and Manufacturing Engineering,256,sep,10,0.3194878472222223,0.3333333333333333
2210,Mechanical Engineering,256,sep,10,0.31764756944444444,0.2896174863387978
2211,Mechanics of Materials,256,sep,10,0.3408246527777778,0.6065573770491803
2212,Ocean Engineering,256,sep,10,0.3423958333333334,0.6284153005464481
2213,"Safety, Risk, Reliability and Quality",256,sep,10,0.3705989583333333,0.8797814207650273
2214,Media Technology,256,sep,10,0.3731944444444445,0.9180327868852459
2215,Building and Construction,256,sep,10,0.37055555555555547,0.8743169398907104
2303,Ecology,256,sep,10,0.3677430555555556,0.8524590163934426
2304,Environmental Chemistry,256,sep,10,0.39844618055555553,0.9890710382513661
2305,Environmental Engineering,256,sep,10,0.3724999999999999,0.907103825136612
2306,Global and Planetary Change,256,sep,10,0.3904253472222222,0.9726775956284153
2307,"Health, Toxicology and Mutagenesis",256,sep,10,0.3695052083333332,0.8688524590163934
2308,"Management, Monitoring, Policy and Law",256,sep,10,0.3341840277777778,0.5027322404371585
2309,Nature and Landscape Conservation,256,sep,10,0.36684895833333336,0.8360655737704918
2310,Pollution,256,sep,10,0.3591319444444444,0.7923497267759563
2311,Waste Management and Disposal,256,sep,10,0.3051302083333333,0.1912568306010929
2312,Water Science and Technology,256,sep,10,0.36183159722222213,0.8032786885245902
2403,Immunology,256,sep,10,0.3070138888888889,0.22950819672131148
2404,Microbiology,256,sep,10,0.34053819444444444,0.5956284153005464
2405,Parasitology,256,sep,10,0.3179774305555556,0.30601092896174864
2406,Virology,256,sep,10,0.3485503472222222,0.6885245901639344
2502,Biomaterials,256,sep,10,0.3552430555555555,0.7431693989071039
2504,"Electronic, Optical and Magnetic Materials",256,sep,10,0.35773437500000005,0.7814207650273224
2505,Materials Chemistry,256,sep,10,0.32827256944444444,0.44808743169398907
2507,Polymers and Plastics,256,sep,10,0.3064409722222222,0.21311475409836064
2508,"Surfaces, Coatings and Films",256,sep,10,0.35769097222222224,0.7759562841530054
2602,Algebra and Number Theory,256,sep,10,0.2110590277777777,0.00546448087431694
2604,Applied Mathematics,256,sep,10,0.3126041666666666,0.26229508196721313
2608,Geometry and Topology,256,sep,10,0.26508680555555547,0.04918032786885246
2610,Mathematical Physics,256,sep,10,0.24633680555555554,0.02185792349726776
2611,Modeling and Simulation,256,sep,10,0.35493923611111106,0.7377049180327869
2612,Numerical Analysis,256,sep,10,0.22908854166666665,0.01092896174863388
2613,Statistics and Probability,256,sep,10,0.322109375,0.37158469945355194
2703,Anesthesiology and Pain Medicine,256,sep,10,0.2868836805555556,0.09836065573770492
2705,Cardiology and Cardiovascular Medicine,256,sep,10,0.3262760416666667,0.4098360655737705
2707,Complementary and alternative medicine,256,sep,10,0.3268142361111111,0.4207650273224044
2708,Dermatology,256,sep,10,0.31781249999999994,0.29508196721311475
2711,Emergency Medicine,256,sep,10,0.3284114583333333,0.453551912568306
2712,"Endocrinology, Diabetes and Metabolism",256,sep,10,0.3466753472222222,0.6775956284153005
2713,Epidemiology,256,sep,10,0.3648524305555555,0.8306010928961749
2715,Gastroenterology,256,sep,10,0.33910590277777775,0.5628415300546448
2716,Genetics,256,sep,10,0.3404340277777777,0.5901639344262295
2720,Hematology,256,sep,10,0.3240885416666667,0.3879781420765027
2721,Hepatology,256,sep,10,0.32701388888888894,0.4262295081967213
2725,Infectious Diseases,256,sep,10,0.32181423611111104,0.36065573770491804
2727,Nephrology,256,sep,10,0.2962934027777778,0.14207650273224043
2728,Neurology,256,sep,10,0.33953993055555554,0.5737704918032787
2729,Obstetrics and Gynecology,256,sep,10,0.3368402777777778,0.5300546448087432
2730,Oncology,256,sep,10,0.3628645833333333,0.8087431693989071
2731,Ophthalmology,256,sep,10,0.3055729166666667,0.19672131147540983
2732,Orthopedics and Sports Medicine,256,sep,10,0.3394965277777777,0.5683060109289617
2733,Otorhinolaryngology,256,sep,10,0.33481770833333335,0.5081967213114754
2734,Pathology and Forensic Medicine,256,sep,10,0.3929600694444445,0.9781420765027322
2735,"Pediatrics, Perinatology and Child Health",256,sep,10,0.33500868055555555,0.5136612021857924
2736,Pharmacology,256,sep,10,0.37349826388888885,0.9289617486338798
2737,Physiology,256,sep,10,0.36455729166666667,0.825136612021858
2738,Psychiatry and Mental health,256,sep,10,0.31688368055555555,0.2786885245901639
2739,"Public Health, Environmental and Occupational Health",256,sep,10,0.3801128472222222,0.9508196721311475
2740,Pulmonary and Respiratory Medicine,256,sep,10,0.33635416666666673,0.5245901639344263
2741,"Radiology, Nuclear Medicine and Imaging",256,sep,10,0.37485243055555556,0.9344262295081968
2742,Rehabilitation,256,sep,10,0.3972135416666666,0.9836065573770492
2743,Reproductive Medicine,256,sep,10,0.3676041666666667,0.8469945355191257
2745,Rheumatology,256,sep,10,0.34793402777777777,0.6830601092896175
2746,Surgery,256,sep,10,0.3280208333333334,0.4371584699453552
2748,Urology,256,sep,10,0.3555989583333333,0.7486338797814208
2804,Cellular and Molecular Neuroscience,256,sep,10,0.37508680555555546,0.9398907103825137
2805,Cognitive Neuroscience,256,sep,10,0.3728732638888888,0.912568306010929
2807,Endocrine and Autonomic Systems,256,sep,10,0.33245659722222215,0.4918032786885246
2808,Neurology,256,sep,10,0.3878993055555556,0.9672131147540983
2809,Sensory Systems,256,sep,10,0.37167534722222223,0.8961748633879781
2910,"Issues, ethics and legal aspects",256,sep,10,0.27111979166666667,0.0546448087431694
2916,Nutrition and Dietetics,256,sep,10,0.3672048611111111,0.8415300546448088
3003,Pharmaceutical Science,256,sep,10,0.30486111111111114,0.18579234972677597
3004,Pharmacology,256,sep,10,0.35756076388888886,0.7704918032786885
3005,Toxicology,256,sep,10,0.37108506944444447,0.8852459016393442
3103,Astronomy and Astrophysics,256,sep,10,0.31430555555555556,0.273224043715847
3104,Condensed Matter Physics,256,sep,10,0.36336805555555546,0.8142076502732241
3106,Nuclear and High Energy Physics,256,sep,10,0.3045920138888889,0.17486338797814208
3107,"Atomic and Molecular Physics, and Optics",256,sep,10,0.33003472222222224,0.46994535519125685
3108,Radiation,256,sep,10,0.31735243055555556,0.28415300546448086
3109,Statistical and Nonlinear Physics,256,sep,10,0.3502517361111111,0.6994535519125683
3203,Clinical Psychology,256,sep,10,0.3182291666666667,0.31693989071038253
3204,Developmental and Educational Psychology,256,sep,10,0.321232638888889,0.3442622950819672
3205,Experimental and Cognitive Psychology,256,sep,10,0.3716145833333334,0.8907103825136612
3207,Social Psychology,256,sep,10,0.3395659722222223,0.5792349726775956
3304,Education,256,sep,10,0.28375,0.09289617486338798
3305,"Geography, Planning and Development",256,sep,10,0.32578125,0.39344262295081966
3306,Health,256,sep,10,0.337109375,0.5355191256830601
3308,Law,256,sep,10,0.2766579861111111,0.07103825136612021
3311,Safety Research,256,sep,10,0.37333333333333335,0.9234972677595629
3312,Sociology and Political Science,256,sep,10,0.30432291666666667,0.16939890710382513
3313,Transportation,256,sep,10,0.31842881944444446,0.3224043715846995
3314,Anthropology,256,sep,10,0.2823003472222222,0.08196721311475409
3315,Communication,256,sep,10,0.3080815972222222,0.24043715846994534
3316,Cultural Studies,256,sep,10,0.2889496527777778,0.1092896174863388
3317,Demography,256,sep,10,0.3436892361111112,0.6502732240437158
3318,Gender Studies,256,sep,10,0.32077256944444443,0.33879781420765026
3320,Political Science and International Relations,256,sep,10,0.2888194444444444,0.10382513661202186
3322,Urban Studies,256,sep,10,0.300859375,0.15846994535519127
3402,Equine,256,sep,10,0.32664930555555555,0.41530054644808745
3404,Small Animals,256,sep,10,0.3679513888888889,0.8579234972677595
3504,Oral Surgery,256,sep,10,0.3386545138888889,0.5573770491803278
3505,Orthodontics,256,sep,10,0.30484375,0.18032786885245902
3506,Periodontics,256,sep,10,0.32620659722222217,0.40437158469945356
3600,General Health Professions,256,sep,10,0.29617187500000003,0.1366120218579235
3604,Emergency Medical Services,256,sep,10,0.34921006944444444,0.6939890710382514
3605,Health Information Management,256,sep,10,0.31893229166666665,0.32786885245901637
3609,Occupational Therapy,256,sep,10,0.35673611111111114,0.7595628415300546
3612,"Physical Therapy, Sports Therapy and Rehabilitation",256,sep,10,0.32381944444444444,0.3825136612021858
3614,Radiological and Ultrasound Technology,256,sep,10,0.33145833333333335,0.4808743169398907
3616,Speech and Hearing,256,sep,10,0.3818576388888888,0.9562841530054644
1100,General Agricultural and Biological Sciences,256,sep,25,0.40997222222222224,0.40437158469945356
1102,Agronomy and Crop Science,256,sep,25,0.44154513888888886,0.7540983606557377
1103,Animal Science and Zoology,256,sep,25,0.4266770833333333,0.5846994535519126
1104,Aquatic Science,256,sep,25,0.4286145833333333,0.6284153005464481
1105,"Ecology, Evolution, Behavior and Systematics",256,sep,25,0.45778125000000003,0.907103825136612
1106,Food Science,256,sep,25,0.4224930555555556,0.5409836065573771
1109,Insect Science,256,sep,25,0.40587499999999993,0.32786885245901637
1110,Plant Science,256,sep,25,0.4272499999999999,0.5956284153005464
1111,Soil Science,256,sep,25,0.43169444444444444,0.6666666666666666
1202,History,256,sep,25,0.3172291666666667,0.02185792349726776
1203,Language and Linguistics,256,sep,25,0.38569791666666675,0.1912568306010929
1204,Archeology,256,sep,25,0.38793749999999994,0.21311475409836064
1207,History and Philosophy of Science,256,sep,25,0.3655347222222222,0.07103825136612021
1208,Literature and Literary Theory,256,sep,25,0.343,0.04371584699453552
1210,Music,256,sep,25,0.3480277777777777,0.04918032786885246
1211,Philosophy,256,sep,25,0.3743506944444444,0.1366120218579235
1212,Religious studies,256,sep,25,0.31548611111111113,0.01092896174863388
1213,Visual Arts and Performing Arts,256,sep,25,0.33703125,0.03825136612021858
1304,Biophysics,256,sep,25,0.4286006944444443,0.6229508196721312
1305,Biotechnology,256,sep,25,0.4434895833333333,0.7704918032786885
1306,Cancer Research,256,sep,25,0.3974791666666666,0.2896174863387978
1307,Cell Biology,256,sep,25,0.46927083333333325,0.9562841530054644
1311,Genetics,256,sep,25,0.4816666666666667,0.9836065573770492
1312,Molecular Biology,256,sep,25,0.41492708333333334,0.4644808743169399
1313,Molecular Medicine,256,sep,25,0.4703680555555555,0.9672131147540983
1402,Accounting,256,sep,25,0.37108680555555557,0.11475409836065574
1404,Management Information Systems,256,sep,25,0.3969375,0.2786885245901639
1405,Management of Technology and Innovation,256,sep,25,0.4147569444444445,0.45901639344262296
1406,Marketing,256,sep,25,0.3808298611111111,0.14754098360655737
1407,Organizational Behavior and Human Resource Management,256,sep,25,0.3855416666666667,0.18579234972677597
1408,Strategy and Management,256,sep,25,0.36672569444444447,0.07650273224043716
1502,Bioengineering,256,sep,25,0.3684756944444444,0.09289617486338798
1503,Catalysis,256,sep,25,0.39401041666666664,0.25136612021857924
1507,Fluid Flow and Transfer Processes,256,sep,25,0.43989236111111124,0.73224043715847
1508,Process Chemistry and Technology,256,sep,25,0.43994791666666666,0.7377049180327869
1602,Analytical Chemistry,256,sep,25,0.41967708333333326,0.5300546448087432
1604,Inorganic Chemistry,256,sep,25,0.42347222222222225,0.5519125683060109
1605,Organic Chemistry,256,sep,25,0.3632986111111111,0.06557377049180328
1606,Physical and Theoretical Chemistry,256,sep,25,0.39367708333333334,0.24043715846994534
1607,Spectroscopy,256,sep,25,0.4457326388888889,0.7923497267759563
1702,Artificial Intelligence,256,sep,25,0.4098715277777778,0.3989071038251366
1703,Computational Theory and Mathematics,256,sep,25,0.44644791666666667,0.7978142076502732
1704,Computer Graphics and Computer-Aided Design,256,sep,25,0.4467534722222223,0.8032786885245902
1705,Computer Networks and Communications,256,sep,25,0.38269791666666664,0.16939890710382513
1706,Computer Science Applications,256,sep,25,0.38644097222222223,0.20218579234972678
1707,Computer Vision and Pattern Recognition,256,sep,25,0.3903784722222222,0.22404371584699453
1708,Hardware and Architecture,256,sep,25,0.37115625,0.12021857923497267
1709,Human-Computer Interaction,256,sep,25,0.43121875000000004,0.6612021857923497
1710,Information Systems,256,sep,25,0.4193958333333333,0.5191256830601093
1711,Signal Processing,256,sep,25,0.4469861111111111,0.8087431693989071
1802,Information Systems and Management,256,sep,25,0.4182465277777777,0.5027322404371585
1803,Management Science and Operations Research,256,sep,25,0.4118854166666667,0.4371584699453552
1804,"Statistics, Probability and Uncertainty",256,sep,25,0.4436562499999999,0.7759562841530054
1902,Atmospheric Science,256,sep,25,0.44839930555555557,0.819672131147541
1904,Earth-Surface Processes,256,sep,25,0.4272673611111111,0.6010928961748634
1906,Geochemistry and Petrology,256,sep,25,0.42748611111111107,0.6065573770491803
1907,Geology,256,sep,25,0.45559375,0.8852459016393442
1908,Geophysics,256,sep,25,0.41596180555555556,0.48633879781420764
1910,Oceanography,256,sep,25,0.4498229166666667,0.8306010928961749
1911,Paleontology,256,sep,25,0.40854166666666664,0.3770491803278688
2000,"General Economics, Econometrics and Finance",256,sep,25,0.3809236111111111,0.15300546448087432
2002,Economics and Econometrics,256,sep,25,0.3726493055555556,0.12568306010928962
2003,Finance,256,sep,25,0.4105520833333334,0.4262295081967213
2102,Energy Engineering and Power Technology,256,sep,25,0.42378819444444443,0.5628415300546448
2105,"Renewable Energy, Sustainability and the Environment",256,sep,25,0.4885381944444443,0.994535519125683
2202,Aerospace Engineering,256,sep,25,0.4541631944444445,0.8797814207650273
2203,Automotive Engineering,256,sep,25,0.4764618055555555,0.9781420765027322
2204,Biomedical Engineering,256,sep,25,0.4592013888888889,0.912568306010929
2205,Civil and Structural Engineering,256,sep,25,0.38358333333333333,0.17486338797814208
2206,Computational Mechanics,256,sep,25,0.4289722222222223,0.639344262295082
2207,Control and Systems Engineering,256,sep,25,0.41846180555555557,0.5081967213114754
2208,Electrical and Electronic Engineering,256,sep,25,0.4317118055555556,0.6721311475409836
2209,Industrial and Manufacturing Engineering,256,sep,25,0.4136840277777779,0.4426229508196721
2210,Mechanical Engineering,256,sep,25,0.4006874999999999,0.3114754098360656
2211,Mechanics of Materials,256,sep,25,0.41988194444444454,0.5355191256830601
2212,Ocean Engineering,256,sep,25,0.4167708333333333,0.4918032786885246
2213,"Safety, Risk, Reliability and Quality",256,sep,25,0.44881597222222225,0.825136612021858
2214,Media Technology,256,sep,25,0.46860069444444435,0.9453551912568307
2215,Building and Construction,256,sep,25,0.4642638888888889,0.9289617486338798
2303,Ecology,256,sep,25,0.4450659722222221,0.7868852459016393
2304,Environmental Chemistry,256,sep,25,0.46852083333333333,0.9398907103825137
2305,Environmental Engineering,256,sep,25,0.4340590277777778,0.6939890710382514
2306,Global and Planetary Change,256,sep,25,0.4701319444444445,0.9617486338797814
2307,"Health, Toxicology and Mutagenesis",256,sep,25,0.4521249999999999,0.8524590163934426
2308,"Management, Monitoring, Policy and Law",256,sep,25,0.40984375000000006,0.39344262295081966
2309,Nature and Landscape Conservation,256,sep,25,0.4652743055555555,0.9344262295081968
2310,Pollution,256,sep,25,0.43821527777777786,0.7213114754098361
2311,Waste Management and Disposal,256,sep,25,0.3946631944444445,0.26229508196721313
2312,Water Science and Technology,256,sep,25,0.45401041666666664,0.8743169398907104
2403,Immunology,256,sep,25,0.37681944444444443,0.14207650273224043
2404,Microbiology,256,sep,25,0.4251527777777778,0.5792349726775956
2405,Parasitology,256,sep,25,0.3941840277777778,0.2568306010928962
2406,Virology,256,sep,25,0.42803819444444446,0.6174863387978142
2502,Biomaterials,256,sep,25,0.4343229166666668,0.6994535519125683
2504,"Electronic, Optical and Magnetic Materials",256,sep,25,0.44329513888888883,0.7650273224043715
2505,Materials Chemistry,256,sep,25,0.4054791666666667,0.3224043715846995
2507,Polymers and Plastics,256,sep,25,0.39751388888888883,0.29508196721311475
2508,"Surfaces, Coatings and Films",256,sep,25,0.4534340277777778,0.8633879781420765
2602,Algebra and Number Theory,256,sep,25,0.2894479166666666,0.00546448087431694
2604,Applied Mathematics,256,sep,25,0.4195520833333333,0.5245901639344263
2608,Geometry and Topology,256,sep,25,0.3305590277777778,0.0273224043715847
2610,Mathematical Physics,256,sep,25,0.3352673611111111,0.03278688524590164
2611,Modeling and Simulation,256,sep,25,0.460236111111111,0.9234972677595629
2612,Numerical Analysis,256,sep,25,0.3157361111111111,0.01639344262295082
2613,Statistics and Probability,256,sep,25,0.4143333333333334,0.453551912568306
2703,Anesthesiology and Pain Medicine,256,sep,25,0.3741215277777778,0.13114754098360656
2705,Cardiology and Cardiovascular Medicine,256,sep,25,0.3938090277777777,0.2459016393442623
2707,Complementary and alternative medicine,256,sep,25,0.4071458333333332,0.34972677595628415
2708,Dermatology,256,sep,25,0.39071875,0.22950819672131148
2711,Emergency Medicine,256,sep,25,0.410361111111111,0.41530054644808745
2712,"Endocrinology, Diabetes and Metabolism",256,sep,25,0.4185798611111111,0.5136612021857924
2713,Epidemiology,256,sep,25,0.4228576388888889,0.546448087431694
2715,Gastroenterology,256,sep,25,0.4118229166666666,0.43169398907103823
2716,Genetics,256,sep,25,0.43018402777777787,0.6557377049180327
2720,Hematology,256,sep,25,0.40692708333333333,0.3333333333333333
2721,Hepatology,256,sep,25,0.40878125,0.3879781420765027
2725,Infectious Diseases,256,sep,25,0.40109722222222216,0.31693989071038253
2727,Nephrology,256,sep,25,0.36866319444444445,0.09836065573770492
2728,Neurology,256,sep,25,0.40749305555555543,0.3551912568306011
2729,Obstetrics and Gynecology,256,sep,25,0.41721874999999997,0.4972677595628415
2730,Oncology,256,sep,25,0.44122222222222224,0.7486338797814208
2731,Ophthalmology,256,sep,25,0.3876909722222222,0.20765027322404372
2732,Orthopedics and Sports Medicine,256,sep,25,0.4340104166666667,0.6885245901639344
2733,Otorhinolaryngology,256,sep,25,0.4153402777777779,0.47540983606557374
2734,Pathology and Forensic Medicine,256,sep,25,0.45972222222222214,0.9180327868852459
2735,"Pediatrics, Perinatology and Child Health",256,sep,25,0.41047222222222224,0.4207650273224044
2736,Pharmacology,256,sep,25,0.45748263888888896,0.9016393442622951
2737,Physiology,256,sep,25,0.4288263888888889,0.6338797814207651
2738,Psychiatry and Mental health,256,sep,25,0.39577777777777773,0.273224043715847
2739,"Public Health, Environmental and Occupational Health",256,sep,25,0.4332743055555556,0.6830601092896175
2740,Pulmonary and Respiratory Medicine,256,sep,25,0.39945486111111106,0.3005464480874317
2741,"Radiology, Nuclear Medicine and Imaging",256,sep,25,0.4476423611111111,0.8142076502732241
2742,Rehabilitation,256,sep,25,0.4986875,1.0
2743,Reproductive Medicine,256,sep,25,0.4511562499999998,0.8360655737704918
2745,Rheumatology,256,sep,25,0.43254513888888874,0.6775956284153005
2746,Surgery,256,sep,25,0.3903055555555556,0.2185792349726776
2748,Urology,256,sep,25,0.4364340277777778,0.7049180327868853
2804,Cellular and Molecular Neuroscience,256,sep,25,0.45561805555555557,0.8907103825136612
2805,Cognitive Neuroscience,256,sep,25,0.4514097222222222,0.8415300546448088
2807,Endocrine and Autonomic Systems,256,sep,25,0.415548611111111,0.4808743169398907
2808,Neurology,256,sep,25,0.4851215277777778,0.9890710382513661
2809,Sensory Systems,256,sep,25,0.45153124999999994,0.8469945355191257
2910,"Issues, ethics and legal aspects",256,sep,25,0.36026041666666675,0.060109289617486336
2916,Nutrition and Dietetics,256,sep,25,0.45369444444444446,0.8688524590163934
3003,Pharmaceutical Science,256,sep,25,0.4151944444444444,0.46994535519125685
3004,Pharmacology,256,sep,25,0.4236284722222222,0.5573770491803278
3005,Toxicology,256,sep,25,0.4721006944444444,0.9726775956284153
3103,Astronomy and Astrophysics,256,sep,25,0.4085277777777778,0.37158469945355194
3104,Condensed Matter Physics,256,sep,25,0.4574027777777778,0.8961748633879781
3106,Nuclear and High Energy Physics,256,sep,25,0.3947847222222222,0.2677595628415301
3107,"Atomic and Molecular Physics, and Optics",256,sep,25,0.41432291666666665,0.44808743169398907
3108,Radiation,256,sep,25,0.42453125000000014,0.5683060109289617
3109,Statistical and Nonlinear Physics,256,sep,25,0.4395347222222223,0.726775956284153
3203,Clinical Psychology,256,sep,25,0.3863159722222222,0.19672131147540983
3204,Developmental and Educational Psychology,256,sep,25,0.4086979166666667,0.3825136612021858
3205,Experimental and Cognitive Psychology,256,sep,25,0.45296875,0.8579234972677595
3207,Social Psychology,256,sep,25,0.4102847222222222,0.4098360655737705
3304,Education,256,sep,25,0.3668159722222222,0.08196721311475409
3305,"Geography, Planning and Development",256,sep,25,0.44387152777777766,0.7814207650273224
3306,Health,256,sep,25,0.42938541666666663,0.644808743169399
3308,Law,256,sep,25,0.35293402777777777,0.0546448087431694
3311,Safety Research,256,sep,25,0.4430312500000001,0.7595628415300546
3312,Sociology and Political Science,256,sep,25,0.38206249999999997,0.16393442622950818
3313,Transportation,256,sep,25,0.4070590277777778,0.33879781420765026
3314,Anthropology,256,sep,25,0.36730902777777774,0.08743169398907104
3315,Communication,256,sep,25,0.3924583333333333,0.23497267759562843
3316,Cultural Studies,256,sep,25,0.38159375,0.15846994535519127
3317,Demography,256,sep,25,0.42799652777777775,0.6120218579234973
3318,Gender Studies,256,sep,25,0.4004791666666667,0.30601092896174864
3320,Political Science and International Relations,256,sep,25,0.3695381944444444,0.10382513661202186
3322,Urban Studies,256,sep,25,0.3843194444444445,0.18032786885245902
3402,Equine,256,sep,25,0.4070902777777778,0.3442622950819672
3404,Small Animals,256,sep,25,0.4365173611111111,0.7103825136612022
3504,Oral Surgery,256,sep,25,0.42465277777777777,0.5737704918032787
3505,Orthodontics,256,sep,25,0.39739583333333334,0.28415300546448086
3506,Periodontics,256,sep,25,0.4074930555555556,0.36065573770491804
3600,General Health Professions,256,sep,25,0.3705555555555556,0.1092896174863388
3604,Emergency Medical Services,256,sep,25,0.4294861111111111,0.6502732240437158
3605,Health Information Management,256,sep,25,0.4076215277777777,0.366120218579235
3609,Occupational Therapy,256,sep,25,0.4381111111111112,0.7158469945355191
3612,"Physical Therapy, Sports Therapy and Rehabilitation",256,sep,25,0.4267500000000001,0.5901639344262295
3614,Radiological and Ultrasound Technology,256,sep,25,0.4405590277777778,0.7431693989071039
3616,Speech and Hearing,256,sep,25,0.4689374999999999,0.9508196721311475
1100,General Agricultural and Biological Sciences,256,sep,50,0.5008541666666666,0.47540983606557374
1102,Agronomy and Crop Science,256,sep,50,0.5324288194444444,0.8087431693989071
1103,Animal Science and Zoology,256,sep,50,0.5223506944444445,0.726775956284153
1104,Aquatic Science,256,sep,50,0.52159375,0.7213114754098361
1105,"Ecology, Evolution, Behavior and Systematics",256,sep,50,0.5483177083333334,0.9180327868852459
1106,Food Science,256,sep,50,0.49924131944444444,0.4371584699453552
1109,Insect Science,256,sep,50,0.49444618055555567,0.3989071038251366
1110,Plant Science,256,sep,50,0.509078125,0.5901639344262295
1111,Soil Science,256,sep,50,0.5228368055555557,0.73224043715847
1202,History,256,sep,50,0.4098368055555556,0.02185792349726776
1203,Language and Linguistics,256,sep,50,0.4833350694444444,0.26229508196721313
1204,Archeology,256,sep,50,0.47451909722222213,0.18579234972677597
1207,History and Philosophy of Science,256,sep,50,0.45293576388888895,0.060109289617486336
1208,Literature and Literary Theory,256,sep,50,0.44624826388888894,0.0546448087431694
1210,Music,256,sep,50,0.44262847222222224,0.04918032786885246
1211,Philosophy,256,sep,50,0.46744097222222236,0.13114754098360656
1212,Religious studies,256,sep,50,0.4064166666666666,0.01092896174863388
1213,Visual Arts and Performing Arts,256,sep,50,0.4301319444444444,0.03278688524590164
1304,Biophysics,256,sep,50,0.5142326388888889,0.6338797814207651
1305,Biotechnology,256,sep,50,0.5164461805555557,0.6721311475409836
1306,Cancer Research,256,sep,50,0.4920017361111111,0.366120218579235
1307,Cell Biology,256,sep,50,0.5508489583333334,0.9289617486338798
1311,Genetics,256,sep,50,0.5358975694444446,0.8415300546448088
1312,Molecular Biology,256,sep,50,0.48821701388888883,0.31693989071038253
1313,Molecular Medicine,256,sep,50,0.5796475694444445,0.9890710382513661
1402,Accounting,256,sep,50,0.4678576388888889,0.1366120218579235
1404,Management Information Systems,256,sep,50,0.4893506944444444,0.32786885245901637
1405,Management of Technology and Innovation,256,sep,50,0.500501736111111,0.45901639344262296
1406,Marketing,256,sep,50,0.47580034722222214,0.20765027322404372
1407,Organizational Behavior and Human Resource Management,256,sep,50,0.4768611111111112,0.2185792349726776
1408,Strategy and Management,256,sep,50,0.45405208333333336,0.06557377049180328
1502,Bioengineering,256,sep,50,0.4681684027777779,0.14207650273224043
1503,Catalysis,256,sep,50,0.49094965277777775,0.3442622950819672
1507,Fluid Flow and Transfer Processes,256,sep,50,0.542859375,0.8797814207650273
1508,Process Chemistry and Technology,256,sep,50,0.5589635416666665,0.9562841530054644
1602,Analytical Chemistry,256,sep,50,0.5026041666666667,0.5027322404371585
1604,Inorganic Chemistry,256,sep,50,0.5136996527777777,0.6229508196721312
1605,Organic Chemistry,256,sep,50,0.4589895833333333,0.08743169398907104
1606,Physical and Theoretical Chemistry,256,sep,50,0.4855295138888888,0.273224043715847
1607,Spectroscopy,256,sep,50,0.5286371527777778,0.7814207650273224
1702,Artificial Intelligence,256,sep,50,0.48016840277777767,0.24043715846994534
1703,Computational Theory and Mathematics,256,sep,50,0.5141423611111112,0.6284153005464481
1704,Computer Graphics and Computer-Aided Design,256,sep,50,0.5601284722222223,0.9672131147540983
1705,Computer Networks and Communications,256,sep,50,0.47873263888888895,0.23497267759562843
1706,Computer Science Applications,256,sep,50,0.47000694444444446,0.15846994535519127
1707,Computer Vision and Pattern Recognition,256,sep,50,0.4802361111111111,0.2459016393442623
1708,Hardware and Architecture,256,sep,50,0.4671579861111111,0.12568306010928962
1709,Human-Computer Interaction,256,sep,50,0.5252326388888888,0.7540983606557377
1710,Information Systems,256,sep,50,0.5018038194444444,0.4918032786885246
1711,Signal Processing,256,sep,50,0.5158125,0.6557377049180327
1802,Information Systems and Management,256,sep,50,0.5071510416666667,0.5573770491803278
1803,Management Science and Operations Research,256,sep,50,0.4942847222222223,0.39344262295081966
1804,"Statistics, Probability and Uncertainty",256,sep,50,0.5319027777777777,0.8032786885245902
1902,Atmospheric Science,256,sep,50,0.5325902777777778,0.8142076502732241
1904,Earth-Surface Processes,256,sep,50,0.5253159722222221,0.7595628415300546
1906,Geochemistry and Petrology,256,sep,50,0.5165347222222222,0.6830601092896175
1907,Geology,256,sep,50,0.5590763888888889,0.9617486338797814
1908,Geophysics,256,sep,50,0.5176284722222223,0.6939890710382514
1910,Oceanography,256,sep,50,0.5549878472222224,0.9453551912568307
1911,Paleontology,256,sep,50,0.5051267361111111,0.5300546448087432
2000,"General Economics, Econometrics and Finance",256,sep,50,0.47410069444444447,0.18032786885245902
2002,Economics and Econometrics,256,sep,50,0.4617274305555556,0.10382513661202186
2003,Finance,256,sep,50,0.5006597222222222,0.46994535519125685
2102,Energy Engineering and Power Technology,256,sep,50,0.5146041666666668,0.644808743169399
2105,"Renewable Energy, Sustainability and the Environment",256,sep,50,0.5892048611111111,1.0
2202,Aerospace Engineering,256,sep,50,0.5370486111111111,0.8524590163934426
2203,Automotive Engineering,256,sep,50,0.5582534722222223,0.9508196721311475
2204,Biomedical Engineering,256,sep,50,0.5263784722222222,0.7704918032786885
2205,Civil and Structural Engineering,256,sep,50,0.47327083333333325,0.17486338797814208
2206,Computational Mechanics,256,sep,50,0.5112083333333334,0.6065573770491803
2207,Control and Systems Engineering,256,sep,50,0.5016423611111112,0.48633879781420764
2208,Electrical and Electronic Engineering,256,sep,50,0.5087986111111111,0.5792349726775956
2209,Industrial and Manufacturing Engineering,256,sep,50,0.5031354166666667,0.5191256830601093
2210,Mechanical Engineering,256,sep,50,0.4896319444444443,0.3333333333333333
2211,Mechanics of Materials,256,sep,50,0.496717013888889,0.4207650273224044
2212,Ocean Engineering,256,sep,50,0.5000208333333332,0.4426229508196721
2213,"Safety, Risk, Reliability and Quality",256,sep,50,0.5265503472222222,0.7759562841530054
2214,Media Technology,256,sep,50,0.5665190972222222,0.9726775956284153
2215,Building and Construction,256,sep,50,0.5497031250000002,0.9234972677595629
2303,Ecology,256,sep,50,0.5248298611111112,0.7486338797814208
2304,Environmental Chemistry,256,sep,50,0.5446788194444445,0.8907103825136612
2305,Environmental Engineering,256,sep,50,0.5051371527777778,0.5355191256830601
2306,Global and Planetary Change,256,sep,50,0.5470156249999998,0.9016393442622951
2307,"Health, Toxicology and Mutagenesis",256,sep,50,0.5338437500000001,0.819672131147541
2308,"Management, Monitoring, Policy and Law",256,sep,50,0.49164930555555547,0.36065573770491804
2309,Nature and Landscape Conservation,256,sep,50,0.5473177083333333,0.912568306010929
2310,Pollution,256,sep,50,0.5156180555555555,0.6502732240437158
2311,Waste Management and Disposal,256,sep,50,0.487814236111111,0.30601092896174864
2312,Water Science and Technology,256,sep,50,0.5473020833333333,0.907103825136612
2403,Immunology,256,sep,50,0.4650520833333335,0.12021857923497267
2404,Microbiology,256,sep,50,0.5119965277777777,0.6174863387978142
2405,Parasitology,256,sep,50,0.474782986111111,0.19672131147540983
2406,Virology,256,sep,50,0.516328125,0.6666666666666666
2502,Biomaterials,256,sep,50,0.5079704861111111,0.5683060109289617
2504,"Electronic, Optical and Magnetic Materials",256,sep,50,0.5168090277777777,0.6885245901639344
2505,Materials Chemistry,256,sep,50,0.49250000000000005,0.37158469945355194
2507,Polymers and Plastics,256,sep,50,0.49318750000000006,0.3825136612021858
2508,"Surfaces, Coatings and Films",256,sep,50,0.5466111111111112,0.8961748633879781
2602,Algebra and Number Theory,256,sep,50,0.3821388888888888,0.00546448087431694
2604,Applied Mathematics,256,sep,50,0.49547222222222226,0.4098360655737705
2608,Geometry and Topology,256,sep,50,0.40742013888888884,0.01639344262295082
2610,Mathematical Physics,256,sep,50,0.4318975694444445,0.03825136612021858
2611,Modeling and Simulation,256,sep,50,0.5826145833333334,0.994535519125683
2612,Numerical Analysis,256,sep,50,0.41787326388888885,0.0273224043715847
2613,Statistics and Probability,256,sep,50,0.5090555555555555,0.5846994535519126
2703,Anesthesiology and Pain Medicine,256,sep,50,0.478423611111111,0.22950819672131148
2705,Cardiology and Cardiovascular Medicine,256,sep,50,0.475703125,0.20218579234972678
2707,Complementary and alternative medicine,256,sep,50,0.4823368055555555,0.2568306010928962
2708,Dermatology,256,sep,50,0.47648784722222215,0.21311475409836064
2711,Emergency Medicine,256,sep,50,0.4884635416666666,0.3224043715846995
2712,"Endocrinology, Diabetes and Metabolism",256,sep,50,0.5001423611111111,0.44808743169398907
2713,Epidemiology,256,sep,50,0.49527430555555557,0.40437158469945356
2715,Gastroenterology,256,sep,50,0.48782638888888885,0.3114754098360656
2716,Genetics,256,sep,50,0.520984375,0.7158469945355191
2720,Hematology,256,sep,50,0.4853072916666666,0.2677595628415301
2721,Hepatology,256,sep,50,0.493359375,0.3879781420765027
2725,Infectious Diseases,256,sep,50,0.48721006944444445,0.28415300546448086
2727,Nephrology,256,sep,50,0.45642881944444447,0.07650273224043716
2728,Neurology,256,sep,50,0.48735416666666664,0.29508196721311475
2729,Obstetrics and Gynecology,256,sep,50,0.5057378472222223,0.546448087431694
2730,Oncology,256,sep,50,0.5102760416666666,0.5956284153005464
2731,Ophthalmology,256,sep,50,0.4732465277777778,0.16939890710382513
2732,Orthopedics and Sports Medicine,256,sep,50,0.5368055555555556,0.8469945355191257
2733,Otorhinolaryngology,256,sep,50,0.5005399305555555,0.4644808743169399
2734,Pathology and Forensic Medicine,256,sep,50,0.5186371527777777,0.7103825136612022
2735,"Pediatrics, Perinatology and Child Health",256,sep,50,0.4872204861111111,0.2896174863387978
2736,Pharmacology,256,sep,50,0.5434149305555555,0.8852459016393442
2737,Physiology,256,sep,50,0.5015711805555556,0.4808743169398907
2738,Psychiatry and Mental health,256,sep,50,0.4747118055555555,0.1912568306010929
2739,"Public Health, Environmental and Occupational Health",256,sep,50,0.49854513888888885,0.43169398907103823
2740,Pulmonary and Respiratory Medicine,256,sep,50,0.4816527777777777,0.25136612021857924
2741,"Radiology, Nuclear Medicine and Imaging",256,sep,50,0.5164635416666665,0.6775956284153005
2742,Rehabilitation,256,sep,50,0.5708315972222222,0.9836065573770492
2743,Reproductive Medicine,256,sep,50,0.5229791666666668,0.7377049180327869
2745,Rheumatology,256,sep,50,0.5112100694444445,0.6120218579234973
2746,Surgery,256,sep,50,0.47210243055555556,0.16393442622950818
2748,Urology,256,sep,50,0.5159166666666667,0.6612021857923497
2804,Cellular and Molecular Neuroscience,256,sep,50,0.525845486111111,0.7650273224043715
2805,Cognitive Neuroscience,256,sep,50,0.5246319444444444,0.7431693989071039
2807,Endocrine and Autonomic Systems,256,sep,50,0.5028350694444444,0.5081967213114754
2808,Neurology,256,sep,50,0.5391232638888889,0.8633879781420765
2809,Sensory Systems,256,sep,50,0.5373211805555556,0.8579234972677595
2910,"Issues, ethics and legal aspects",256,sep,50,0.46262152777777776,0.1092896174863388
2916,Nutrition and Dietetics,256,sep,50,0.5347152777777778,0.825136612021858
3003,Pharmaceutical Science,256,sep,50,0.5412083333333334,0.8743169398907104
3004,Pharmacology,256,sep,50,0.49629861111111107,0.41530054644808745
3005,Toxicology,256,sep,50,0.5682378472222224,0.9781420765027322
3103,Astronomy and Astrophysics,256,sep,50,0.5079774305555556,0.5737704918032787
3104,Condensed Matter Physics,256,sep,50,0.5522239583333334,0.9398907103825137
3106,Nuclear and High Energy Physics,256,sep,50,0.49159375000000016,0.3551912568306011
3107,"Atomic and Molecular Physics, and Optics",256,sep,50,0.5032430555555557,0.5245901639344263
3108,Radiation,256,sep,50,0.5396302083333333,0.8688524590163934
3109,Statistical and Nonlinear Physics,256,sep,50,0.5310868055555555,0.7978142076502732
3203,Clinical Psychology,256,sep,50,0.4690972222222222,0.15300546448087432
3204,Developmental and Educational Psychology,256,sep,50,0.4971197916666666,0.4262295081967213
3205,Experimental and Cognitive Psychology,256,sep,50,0.5299913194444446,0.7868852459016393
3207,Social Psychology,256,sep,50,0.49107638888888894,0.34972677595628415
3304,Education,256,sep,50,0.46155902777777774,0.09836065573770492
3305,"Geography, Planning and Development",256,sep,50,0.5356388888888889,0.8360655737704918
3306,Health,256,sep,50,0.5180572916666667,0.6994535519125683
3308,Law,256,sep,50,0.4400104166666667,0.04371584699453552
3311,Safety Research,256,sep,50,0.5142621527777779,0.639344262295082
3312,Sociology and Political Science,256,sep,50,0.4684270833333334,0.14754098360655737
3313,Transportation,256,sep,50,0.5021649305555557,0.4972677595628415
3314,Anthropology,256,sep,50,0.4544079861111111,0.07103825136612021
3315,Communication,256,sep,50,0.4869548611111111,0.2786885245901639
3316,Cultural Studies,256,sep,50,0.4643732638888889,0.11475409836065574
3317,Demography,256,sep,50,0.5054826388888889,0.5409836065573771
3318,Gender Studies,256,sep,50,0.48761631944444445,0.3005464480874317
3320,Political Science and International Relations,256,sep,50,0.458359375,0.08196721311475409
3322,Urban Studies,256,sep,50,0.47748958333333336,0.22404371584699453
3402,Equine,256,sep,50,0.4899288194444445,0.33879781420765026
3404,Small Animals,256,sep,50,0.5075972222222223,0.5628415300546448
3504,Oral Surgery,256,sep,50,0.5063749999999999,0.5519125683060109
3505,Orthodontics,256,sep,50,0.5002725694444444,0.453551912568306
3506,Periodontics,256,sep,50,0.4925868055555555,0.3770491803278688
3600,General Health Professions,256,sep,50,0.45926736111111105,0.09289617486338798
3604,Emergency Medical Services,256,sep,50,0.5106996527777775,0.6010928961748634
3605,Health Information Management,256,sep,50,0.5030138888888889,0.5136612021857924
3609,Occupational Therapy,256,sep,50,0.5181440972222222,0.7049180327868853
3612,"Physical Therapy, Sports Therapy and Rehabilitation",256,sep,50,0.5309496527777777,0.7923497267759563
3614,Radiological and Ultrasound Technology,256,sep,50,0.5514253472222223,0.9344262295081968
3616,Speech and Hearing,256,sep,50,0.5352569444444446,0.8306010928961749
1100,General Agricultural and Biological Sciences,512,mean,10,0.3274392361111111,0.41530054644808745
1102,Agronomy and Crop Science,512,mean,10,0.3461241319444444,0.6939890710382514
1103,Animal Science and Zoology,512,mean,10,0.32333333333333336,0.3989071038251366
1104,Aquatic Science,512,mean,10,0.3367274305555555,0.5792349726775956
1105,"Ecology, Evolution, Behavior and Systematics",512,mean,10,0.35194878472222224,0.7650273224043715
1106,Food Science,512,mean,10,0.34986979166666665,0.7540983606557377
1109,Insect Science,512,mean,10,0.33110243055555555,0.4972677595628415
1110,Plant Science,512,mean,10,0.3402473958333333,0.639344262295082
1111,Soil Science,512,mean,10,0.3279253472222222,0.4371584699453552
1202,History,512,mean,10,0.24914930555555553,0.0273224043715847
1203,Language and Linguistics,512,mean,10,0.27631944444444445,0.060109289617486336
1204,Archeology,512,mean,10,0.31937499999999996,0.3442622950819672
1207,History and Philosophy of Science,512,mean,10,0.2837109375,0.08196721311475409
1208,Literature and Literary Theory,512,mean,10,0.24756944444444445,0.02185792349726776
1210,Music,512,mean,10,0.26888020833333326,0.04371584699453552
1211,Philosophy,512,mean,10,0.3384461805555556,0.6174863387978142
1212,Religious studies,512,mean,10,0.23786024305555556,0.01092896174863388
1213,Visual Arts and Performing Arts,512,mean,10,0.26108940972222217,0.03825136612021858
1304,Biophysics,512,mean,10,0.33088541666666665,0.48633879781420764
1305,Biotechnology,512,mean,10,0.35909722222222223,0.8360655737704918
1306,Cancer Research,512,mean,10,0.3127213541666667,0.25136612021857924
1307,Cell Biology,512,mean,10,0.3720529513888889,0.9453551912568307
1311,Genetics,512,mean,10,0.40059895833333337,1.0
1312,Molecular Biology,512,mean,10,0.34069878472222226,0.6502732240437158
1313,Molecular Medicine,512,mean,10,0.33399305555555553,0.5409836065573771
1402,Accounting,512,mean,10,0.28834201388888886,0.10655737704918032
1404,Management Information Systems,512,mean,10,0.3146657986111111,0.28415300546448086
1405,Management of Technology and Innovation,512,mean,10,0.32400607638888895,0.40437158469945356
1406,Marketing,512,mean,10,0.3111414930555556,0.23497267759562843
1407,Organizational Behavior and Human Resource Management,512,mean,10,0.3084027777777778,0.1912568306010929
1408,Strategy and Management,512,mean,10,0.3033810763888889,0.16939890710382513
1502,Bioengineering,512,mean,10,0.2739019097222222,0.0546448087431694
1503,Catalysis,512,mean,10,0.2970442708333333,0.14207650273224043
1507,Fluid Flow and Transfer Processes,512,mean,10,0.33273003472222223,0.5081967213114754
1508,Process Chemistry and Technology,512,mean,10,0.31944878472222227,0.34972677595628415
1602,Analytical Chemistry,512,mean,10,0.33532552083333333,0.5573770491803278
1604,Inorganic Chemistry,512,mean,10,0.3209678819444444,0.3879781420765027
1605,Organic Chemistry,512,mean,10,0.28392795138888893,0.08743169398907104
1606,Physical and Theoretical Chemistry,512,mean,10,0.31803385416666663,0.3224043715846995
1607,Spectroscopy,512,mean,10,0.3348307291666667,0.546448087431694
1702,Artificial Intelligence,512,mean,10,0.34734809027777774,0.7213114754098361
1703,Computational Theory and Mathematics,512,mean,10,0.35464409722222223,0.7923497267759563
1704,Computer Graphics and Computer-Aided Design,512,mean,10,0.3404513888888889,0.644808743169399
1705,Computer Networks and Communications,512,mean,10,0.3107074652777777,0.22404371584699453
1706,Computer Science Applications,512,mean,10,0.3138454861111111,0.26229508196721313
1707,Computer Vision and Pattern Recognition,512,mean,10,0.3276605902777777,0.4207650273224044
1708,Hardware and Architecture,512,mean,10,0.2812934027777778,0.07103825136612021
1709,Human-Computer Interaction,512,mean,10,0.33088107638888886,0.4808743169398907
1710,Information Systems,512,mean,10,0.3356206597222222,0.5737704918032787
1711,Signal Processing,512,mean,10,0.35372829861111116,0.7868852459016393
1802,Information Systems and Management,512,mean,10,0.31631944444444443,0.30601092896174864
1803,Management Science and Operations Research,512,mean,10,0.3519704861111111,0.7704918032786885
1804,"Statistics, Probability and Uncertainty",512,mean,10,0.3277083333333333,0.43169398907103823
1902,Atmospheric Science,512,mean,10,0.35631944444444447,0.8087431693989071
1904,Earth-Surface Processes,512,mean,10,0.3160243055555555,0.3005464480874317
1906,Geochemistry and Petrology,512,mean,10,0.3392838541666666,0.6229508196721312
1907,Geology,512,mean,10,0.3328515625,0.5245901639344263
1908,Geophysics,512,mean,10,0.33042100694444443,0.46994535519125685
1910,Oceanography,512,mean,10,0.3376736111111111,0.5956284153005464
1911,Paleontology,512,mean,10,0.31453993055555557,0.2786885245901639
2000,"General Economics, Econometrics and Finance",512,mean,10,0.29713975694444444,0.14754098360655737
2002,Economics and Econometrics,512,mean,10,0.30956163194444447,0.20765027322404372
2003,Finance,512,mean,10,0.3187890625,0.3333333333333333
2102,Energy Engineering and Power Technology,512,mean,10,0.3191015625,0.33879781420765026
2105,"Renewable Energy, Sustainability and the Environment",512,mean,10,0.3652864583333333,0.9234972677595629
2202,Aerospace Engineering,512,mean,10,0.3602473958333334,0.8579234972677595
2203,Automotive Engineering,512,mean,10,0.37063802083333336,0.9398907103825137
2204,Biomedical Engineering,512,mean,10,0.3971354166666667,0.994535519125683
2205,Civil and Structural Engineering,512,mean,10,0.2997005208333334,0.15846994535519127
2206,Computational Mechanics,512,mean,10,0.3337890625,0.5300546448087432
2207,Control and Systems Engineering,512,mean,10,0.31451822916666666,0.273224043715847
2208,Electrical and Electronic Engineering,512,mean,10,0.3462890625,0.6994535519125683
2209,Industrial and Manufacturing Engineering,512,mean,10,0.31105034722222213,0.22950819672131148
2210,Mechanical Engineering,512,mean,10,0.3159418402777778,0.2896174863387978
2211,Mechanics of Materials,512,mean,10,0.3452690972222222,0.6775956284153005
2212,Ocean Engineering,512,mean,10,0.34595920138888886,0.6885245901639344
2213,"Safety, Risk, Reliability and Quality",512,mean,10,0.36236545138888887,0.8797814207650273
2214,Media Technology,512,mean,10,0.3665321180555555,0.9289617486338798
2215,Building and Construction,512,mean,10,0.36435329861111115,0.8961748633879781
2303,Ecology,512,mean,10,0.35732638888888885,0.8142076502732241
2304,Environmental Chemistry,512,mean,10,0.3923611111111111,0.9890710382513661
2305,Environmental Engineering,512,mean,10,0.37687934027777775,0.9726775956284153
2306,Global and Planetary Change,512,mean,10,0.3807986111111111,0.9836065573770492
2307,"Health, Toxicology and Mutagenesis",512,mean,10,0.3626258680555555,0.8852459016393442
2308,"Management, Monitoring, Policy and Law",512,mean,10,0.34906249999999994,0.7377049180327869
2309,Nature and Landscape Conservation,512,mean,10,0.34701822916666664,0.7158469945355191
2310,Pollution,512,mean,10,0.3558029513888889,0.8032786885245902
2311,Waste Management and Disposal,512,mean,10,0.31121527777777774,0.24043715846994534
2312,Water Science and Technology,512,mean,10,0.3549696180555555,0.7978142076502732
2403,Immunology,512,mean,10,0.30356336805555556,0.17486338797814208
2404,Microbiology,512,mean,10,0.33783854166666666,0.6065573770491803
2405,Parasitology,512,mean,10,0.3309071180555556,0.4918032786885246
2406,Virology,512,mean,10,0.3495920138888889,0.7486338797814208
2502,Biomaterials,512,mean,10,0.3484809027777778,0.726775956284153
2504,"Electronic, Optical and Magnetic Materials",512,mean,10,0.3630555555555555,0.8907103825136612
2505,Materials Chemistry,512,mean,10,0.3328472222222222,0.5191256830601093
2507,Polymers and Plastics,512,mean,10,0.28834201388888886,0.10655737704918032
2508,"Surfaces, Coatings and Films",512,mean,10,0.3378645833333333,0.6120218579234973
2602,Algebra and Number Theory,512,mean,10,0.2362022569444444,0.00546448087431694
2604,Applied Mathematics,512,mean,10,0.30636718749999997,0.18032786885245902
2608,Geometry and Topology,512,mean,10,0.27868489583333333,0.06557377049180328
2610,Mathematical Physics,512,mean,10,0.2577864583333333,0.03278688524590164
2611,Modeling and Simulation,512,mean,10,0.3524999999999999,0.7814207650273224
2612,Numerical Analysis,512,mean,10,0.23786458333333335,0.01639344262295082
2613,Statistics and Probability,512,mean,10,0.3207335069444444,0.3825136612021858
2703,Anesthesiology and Pain Medicine,512,mean,10,0.28595920138888886,0.09289617486338798
2705,Cardiology and Cardiovascular Medicine,512,mean,10,0.31663628472222227,0.3114754098360656
2707,Complementary and alternative medicine,512,mean,10,0.3305425347222223,0.47540983606557374
2708,Dermatology,512,mean,10,0.31947916666666665,0.3551912568306011
2711,Emergency Medicine,512,mean,10,0.3288064236111111,0.453551912568306
2712,"Endocrinology, Diabetes and Metabolism",512,mean,10,0.3402256944444444,0.6338797814207651
2713,Epidemiology,512,mean,10,0.3648003472222222,0.9180327868852459
2715,Gastroenterology,512,mean,10,0.32940972222222226,0.4644808743169399
2716,Genetics,512,mean,10,0.33698784722222225,0.5846994535519126
2720,Hematology,512,mean,10,0.3207118055555555,0.3770491803278688
2721,Hepatology,512,mean,10,0.32862413194444445,0.4426229508196721
2725,Infectious Diseases,512,mean,10,0.3409244791666666,0.6666666666666666
2727,Nephrology,512,mean,10,0.28922309027777776,0.12568306010928962
2728,Neurology,512,mean,10,0.3402126736111111,0.6284153005464481
2729,Obstetrics and Gynecology,512,mean,10,0.3319401041666667,0.5027322404371585
2730,Oncology,512,mean,10,0.3523090277777778,0.7759562841530054
2731,Ophthalmology,512,mean,10,0.3072309027777778,0.18579234972677597
2732,Orthopedics and Sports Medicine,512,mean,10,0.3276605902777778,0.4262295081967213
2733,Otorhinolaryngology,512,mean,10,0.3269791666666666,0.4098360655737705
2734,Pathology and Forensic Medicine,512,mean,10,0.3742404513888889,0.9617486338797814
2735,"Pediatrics, Perinatology and Child Health",512,mean,10,0.3355034722222222,0.5628415300546448
2736,Pharmacology,512,mean,10,0.36456597222222215,0.9016393442622951
2737,Physiology,512,mean,10,0.35973958333333333,0.8415300546448088
2738,Psychiatry and Mental health,512,mean,10,0.320234375,0.37158469945355194
2739,"Public Health, Environmental and Occupational Health",512,mean,10,0.37563802083333336,0.9672131147540983
2740,Pulmonary and Respiratory Medicine,512,mean,10,0.3352951388888889,0.5519125683060109
2741,"Radiology, Nuclear Medicine and Imaging",512,mean,10,0.3771701388888888,0.9781420765027322
2742,Rehabilitation,512,mean,10,0.3674262152777778,0.9344262295081968
2743,Reproductive Medicine,512,mean,10,0.36478732638888894,0.912568306010929
2745,Rheumatology,512,mean,10,0.3453862847222222,0.6830601092896175
2746,Surgery,512,mean,10,0.3123090277777778,0.2459016393442623
2748,Urology,512,mean,10,0.3580078125,0.8306010928961749
2804,Cellular and Molecular Neuroscience,512,mean,10,0.36022569444444447,0.8524590163934426
2805,Cognitive Neuroscience,512,mean,10,0.35777777777777775,0.825136612021858
2807,Endocrine and Autonomic Systems,512,mean,10,0.3287022569444445,0.44808743169398907
2808,Neurology,512,mean,10,0.36124999999999996,0.8688524590163934
2809,Sensory Systems,512,mean,10,0.3732725694444445,0.9562841530054644
2910,"Issues, ethics and legal aspects",512,mean,10,0.2891666666666667,0.12021857923497267
2916,Nutrition and Dietetics,512,mean,10,0.35136718749999996,0.7595628415300546
3003,Pharmaceutical Science,512,mean,10,0.2974652777777778,0.15300546448087432
3004,Pharmacology,512,mean,10,0.34848524305555556,0.73224043715847
3005,Toxicology,512,mean,10,0.36099392361111116,0.8633879781420765
3103,Astronomy and Astrophysics,512,mean,10,0.32020833333333326,0.366120218579235
3104,Condensed Matter Physics,512,mean,10,0.34953125,0.7431693989071039
3106,Nuclear and High Energy Physics,512,mean,10,0.3106553819444444,0.2185792349726776
3107,"Atomic and Molecular Physics, and Optics",512,mean,10,0.33736111111111106,0.5901639344262295
3108,Radiation,512,mean,10,0.3170876736111111,0.31693989071038253
3109,Statistical and Nonlinear Physics,512,mean,10,0.3377604166666666,0.6010928961748634
3203,Clinical Psychology,512,mean,10,0.31061631944444446,0.21311475409836064
3204,Developmental and Educational Psychology,512,mean,10,0.31595052083333336,0.29508196721311475
3205,Experimental and Cognitive Psychology,512,mean,10,0.3577213541666667,0.819672131147541
3207,Social Psychology,512,mean,10,0.3439887152777778,0.6721311475409836
3304,Education,512,mean,10,0.2863888888888889,0.09836065573770492
3305,"Geography, Planning and Development",512,mean,10,0.3195572916666667,0.36065573770491804
3306,Health,512,mean,10,0.34074652777777775,0.6557377049180327
3308,Law,512,mean,10,0.2836371527777778,0.07650273224043716
3311,Safety Research,512,mean,10,0.36464409722222213,0.907103825136612
3312,Sociology and Political Science,512,mean,10,0.31449652777777776,0.2677595628415301
3313,Transportation,512,mean,10,0.31851996527777776,0.32786885245901637
3314,Anthropology,512,mean,10,0.27195746527777775,0.04918032786885246
3315,Communication,512,mean,10,0.30899739583333335,0.20218579234972678
3316,Cultural Studies,512,mean,10,0.2905772569444445,0.13114754098360656
3317,Demography,512,mean,10,0.34692708333333333,0.7103825136612022
3318,Gender Studies,512,mean,10,0.3355512152777778,0.5683060109289617
3320,Political Science and International Relations,512,mean,10,0.28878038194444444,0.11475409836065574
3322,Urban Studies,512,mean,10,0.2942838541666667,0.1366120218579235
3402,Equine,512,mean,10,0.32936197916666665,0.45901639344262296
3404,Small Animals,512,mean,10,0.36226128472222224,0.8743169398907104
3504,Oral Surgery,512,mean,10,0.3408159722222222,0.6612021857923497
3505,Orthodontics,512,mean,10,0.30874565972222223,0.19672131147540983
3506,Periodontics,512,mean,10,0.33279513888888895,0.5136612021857924
3600,General Health Professions,512,mean,10,0.30153211805555546,0.16393442622950818
3604,Emergency Medical Services,512,mean,10,0.3597960069444444,0.8469945355191257
3605,Health Information Management,512,mean,10,0.3218185763888889,0.39344262295081966
3609,Occupational Therapy,512,mean,10,0.3464756944444444,0.7049180327868853
3612,"Physical Therapy, Sports Therapy and Rehabilitation",512,mean,10,0.31365885416666667,0.2568306010928962
3614,Radiological and Ultrasound Technology,512,mean,10,0.33386284722222215,0.5355191256830601
3616,Speech and Hearing,512,mean,10,0.37255642361111124,0.9508196721311475
1100,General Agricultural and Biological Sciences,512,mean,25,0.3928715277777778,0.43169398907103823
1102,Agronomy and Crop Science,512,mean,25,0.42032291666666666,0.7650273224043715
1103,Animal Science and Zoology,512,mean,25,0.38734722222222234,0.3551912568306011
1104,Aquatic Science,512,mean,25,0.39793923611111126,0.5027322404371585
1105,"Ecology, Evolution, Behavior and Systematics",512,mean,25,0.4272864583333332,0.825136612021858
1106,Food Science,512,mean,25,0.4088958333333333,0.644808743169399
1109,Insect Science,512,mean,25,0.3869305555555555,0.34972677595628415
1110,Plant Science,512,mean,25,0.40451562499999993,0.5846994535519126
1111,Soil Science,512,mean,25,0.40467187499999996,0.5901639344262295
1202,History,512,mean,25,0.3128246527777778,0.02185792349726776
1203,Language and Linguistics,512,mean,25,0.35377083333333337,0.10382513661202186
1204,Archeology,512,mean,25,0.38416319444444447,0.3224043715846995
1207,History and Philosophy of Science,512,mean,25,0.3606857638888889,0.14754098360655737
1208,Literature and Literary Theory,512,mean,25,0.318140625,0.0273224043715847
1210,Music,512,mean,25,0.33848784722222225,0.04371584699453552
1211,Philosophy,512,mean,25,0.37775347222222216,0.2677595628415301
1212,Religious studies,512,mean,25,0.3018940972222222,0.01092896174863388
1213,Visual Arts and Performing Arts,512,mean,25,0.3215,0.03278688524590164
1304,Biophysics,512,mean,25,0.40033333333333343,0.5355191256830601
1305,Biotechnology,512,mean,25,0.4305329861111112,0.8688524590163934
1306,Cancer Research,512,mean,25,0.37347743055555555,0.22404371584699453
1307,Cell Biology,512,mean,25,0.4421875,0.9398907103825137
1311,Genetics,512,mean,25,0.46754687499999986,1.0
1312,Molecular Biology,512,mean,25,0.3965225694444444,0.47540983606557374
1313,Molecular Medicine,512,mean,25,0.4178489583333333,0.73224043715847
1402,Accounting,512,mean,25,0.3537413194444445,0.09836065573770492
1404,Management Information Systems,512,mean,25,0.3846597222222222,0.32786885245901637
1405,Management of Technology and Innovation,512,mean,25,0.39149652777777777,0.40437158469945356
1406,Marketing,512,mean,25,0.3749166666666667,0.23497267759562843
1407,Organizational Behavior and Human Resource Management,512,mean,25,0.3752465277777778,0.2459016393442623
1408,Strategy and Management,512,mean,25,0.36383159722222225,0.15846994535519127
1502,Bioengineering,512,mean,25,0.3450850694444445,0.07103825136612021
1503,Catalysis,512,mean,25,0.36897395833333335,0.1912568306010929
1507,Fluid Flow and Transfer Processes,512,mean,25,0.41222222222222216,0.6885245901639344
1508,Process Chemistry and Technology,512,mean,25,0.40122569444444445,0.546448087431694
1602,Analytical Chemistry,512,mean,25,0.4055243055555555,0.6010928961748634
1604,Inorganic Chemistry,512,mean,25,0.4024079861111112,0.5628415300546448
1605,Organic Chemistry,512,mean,25,0.3516788194444445,0.09289617486338798
1606,Physical and Theoretical Chemistry,512,mean,25,0.4015798611111111,0.5519125683060109
1607,Spectroscopy,512,mean,25,0.4181284722222222,0.7431693989071039
1702,Artificial Intelligence,512,mean,25,0.4039062499999999,0.5683060109289617
1703,Computational Theory and Mathematics,512,mean,25,0.43561805555555544,0.9016393442622951
1704,Computer Graphics and Computer-Aided Design,512,mean,25,0.4201440972222222,0.7595628415300546
1705,Computer Networks and Communications,512,mean,25,0.37073784722222225,0.20218579234972678
1706,Computer Science Applications,512,mean,25,0.37324826388888893,0.21311475409836064
1707,Computer Vision and Pattern Recognition,512,mean,25,0.3812326388888888,0.28415300546448086
1708,Hardware and Architecture,512,mean,25,0.3508263888888888,0.08743169398907104
1709,Human-Computer Interaction,512,mean,25,0.40776909722222215,0.6229508196721312
1710,Information Systems,512,mean,25,0.3965885416666666,0.48633879781420764
1711,Signal Processing,512,mean,25,0.42459895833333344,0.8087431693989071
1802,Information Systems and Management,512,mean,25,0.3896909722222222,0.3825136612021858
1803,Management Science and Operations Research,512,mean,25,0.4070659722222222,0.6174863387978142
1804,"Statistics, Probability and Uncertainty",512,mean,25,0.40867534722222226,0.639344262295082
1902,Atmospheric Science,512,mean,25,0.4314149305555556,0.8743169398907104
1904,Earth-Surface Processes,512,mean,25,0.3990746527777778,0.5245901639344263
1906,Geochemistry and Petrology,512,mean,25,0.4146024305555555,0.7049180327868853
1907,Geology,512,mean,25,0.4176770833333332,0.726775956284153
1908,Geophysics,512,mean,25,0.4106180555555557,0.6666666666666666
1910,Oceanography,512,mean,25,0.42171701388888894,0.7759562841530054
1911,Paleontology,512,mean,25,0.38913368055555553,0.37158469945355194
2000,"General Economics, Econometrics and Finance",512,mean,25,0.36897743055555565,0.19672131147540983
2002,Economics and Econometrics,512,mean,25,0.3643767361111111,0.16393442622950818
2003,Finance,512,mean,25,0.3946388888888889,0.45901639344262296
2102,Energy Engineering and Power Technology,512,mean,25,0.39725520833333333,0.4972677595628415
2105,"Renewable Energy, Sustainability and the Environment",512,mean,25,0.45400694444444434,0.9890710382513661
2202,Aerospace Engineering,512,mean,25,0.43773611111111105,0.9289617486338798
2203,Automotive Engineering,512,mean,25,0.44579861111111113,0.9617486338797814
2204,Biomedical Engineering,512,mean,25,0.4510434027777778,0.9781420765027322
2205,Civil and Structural Engineering,512,mean,25,0.3599861111111111,0.14207650273224043
2206,Computational Mechanics,512,mean,25,0.40406076388888884,0.5737704918032787
2207,Control and Systems Engineering,512,mean,25,0.3847083333333333,0.3333333333333333
2208,Electrical and Electronic Engineering,512,mean,25,0.41535243055555554,0.7103825136612022
2209,Industrial and Manufacturing Engineering,512,mean,25,0.3829149305555555,0.30601092896174864
2210,Mechanical Engineering,512,mean,25,0.37577777777777777,0.25136612021857924
2211,Mechanics of Materials,512,mean,25,0.41071180555555553,0.6721311475409836
2212,Ocean Engineering,512,mean,25,0.40177430555555554,0.5573770491803278
2213,"Safety, Risk, Reliability and Quality",512,mean,25,0.4266770833333334,0.819672131147541
2214,Media Technology,512,mean,25,0.4442725694444443,0.9508196721311475
2215,Building and Construction,512,mean,25,0.44855902777777784,0.9726775956284153
2303,Ecology,512,mean,25,0.42207291666666663,0.7814207650273224
2304,Environmental Chemistry,512,mean,25,0.4539010416666666,0.9836065573770492
2305,Environmental Engineering,512,mean,25,0.42833159722222225,0.8360655737704918
2306,Global and Planetary Change,512,mean,25,0.4480520833333333,0.9672131147540983
2307,"Health, Toxicology and Mutagenesis",512,mean,25,0.42984895833333336,0.8579234972677595
2308,"Management, Monitoring, Policy and Law",512,mean,25,0.4053802083333334,0.5956284153005464
2309,Nature and Landscape Conservation,512,mean,25,0.42782812500000006,0.8306010928961749
2310,Pollution,512,mean,25,0.4204739583333333,0.7704918032786885
2311,Waste Management and Disposal,512,mean,25,0.37593229166666664,0.2568306010928962
2312,Water Science and Technology,512,mean,25,0.42833680555555553,0.8415300546448088
2403,Immunology,512,mean,25,0.3574479166666667,0.12568306010928962
2404,Microbiology,512,mean,25,0.39560590277777785,0.46994535519125685
2405,Parasitology,512,mean,25,0.3782743055555555,0.273224043715847
2406,Virology,512,mean,25,0.410328125,0.6612021857923497
2502,Biomaterials,512,mean,25,0.4084322916666666,0.6338797814207651
2504,"Electronic, Optical and Magnetic Materials",512,mean,25,0.43584895833333337,0.907103825136612
2505,Materials Chemistry,512,mean,25,0.38746006944444444,0.36065573770491804
2507,Polymers and Plastics,512,mean,25,0.3593194444444444,0.13114754098360656
2508,"Surfaces, Coatings and Films",512,mean,25,0.4184947916666667,0.7486338797814208
2602,Algebra and Number Theory,512,mean,25,0.2986909722222222,0.00546448087431694
2604,Applied Mathematics,512,mean,25,0.39838888888888885,0.5081967213114754
2608,Geometry and Topology,512,mean,25,0.34225,0.0546448087431694
2610,Mathematical Physics,512,mean,25,0.3278975694444445,0.03825136612021858
2611,Modeling and Simulation,512,mean,25,0.4374947916666666,0.9180327868852459
2612,Numerical Analysis,512,mean,25,0.30242534722222225,0.01639344262295082
2613,Statistics and Probability,512,mean,25,0.39193923611111103,0.41530054644808745
2703,Anesthesiology and Pain Medicine,512,mean,25,0.35526388888888893,0.1092896174863388
2705,Cardiology and Cardiovascular Medicine,512,mean,25,0.3683368055555556,0.18579234972677597
2707,Complementary and alternative medicine,512,mean,25,0.3933628472222222,0.4371584699453552
2708,Dermatology,512,mean,25,0.3751822916666666,0.24043715846994534
2711,Emergency Medicine,512,mean,25,0.39400520833333347,0.44808743169398907
2712,"Endocrinology, Diabetes and Metabolism",512,mean,25,0.39957291666666667,0.5300546448087432
2713,Epidemiology,512,mean,25,0.4120364583333333,0.6830601092896175
2715,Gastroenterology,512,mean,25,0.389359375,0.3770491803278688
2716,Genetics,512,mean,25,0.40789583333333335,0.6284153005464481
2720,Hematology,512,mean,25,0.3834079861111111,0.31693989071038253
2721,Hepatology,512,mean,25,0.39231597222222236,0.4207650273224044
2725,Infectious Diseases,512,mean,25,0.39654687499999997,0.4808743169398907
2727,Nephrology,512,mean,25,0.34356250000000005,0.06557377049180328
2728,Neurology,512,mean,25,0.39864583333333337,0.5191256830601093
2729,Obstetrics and Gynecology,512,mean,25,0.3916111111111111,0.4098360655737705
2730,Oncology,512,mean,25,0.4234375,0.7923497267759563
2731,Ophthalmology,512,mean,25,0.3656527777777778,0.17486338797814208
2732,Orthopedics and Sports Medicine,512,mean,25,0.3985954861111112,0.5136612021857924
2733,Otorhinolaryngology,512,mean,25,0.39349826388888887,0.4426229508196721
2734,Pathology and Forensic Medicine,512,mean,25,0.4327500000000001,0.8797814207650273
2735,"Pediatrics, Perinatology and Child Health",512,mean,25,0.3903489583333332,0.39344262295081966
2736,Pharmacology,512,mean,25,0.4240034722222222,0.7978142076502732
2737,Physiology,512,mean,25,0.41455555555555557,0.6994535519125683
2738,Psychiatry and Mental health,512,mean,25,0.37939583333333327,0.2786885245901639
2739,"Public Health, Environmental and Occupational Health",512,mean,25,0.418796875,0.7540983606557377
2740,Pulmonary and Respiratory Medicine,512,mean,25,0.38234722222222217,0.3005464480874317
2741,"Radiology, Nuclear Medicine and Imaging",512,mean,25,0.4328298611111111,0.8852459016393442
2742,Rehabilitation,512,mean,25,0.4560798611111111,0.994535519125683
2743,Reproductive Medicine,512,mean,25,0.4341527777777777,0.8961748633879781
2745,Rheumatology,512,mean,25,0.40428472222222217,0.5792349726775956
2746,Surgery,512,mean,25,0.36532465277777776,0.16939890710382513
2748,Urology,512,mean,25,0.4299392361111109,0.8633879781420765
2804,Cellular and Molecular Neuroscience,512,mean,25,0.428390625,0.8469945355191257
2805,Cognitive Neuroscience,512,mean,25,0.42590277777777774,0.8142076502732241
2807,Endocrine and Autonomic Systems,512,mean,25,0.39489409722222224,0.4644808743169399
2808,Neurology,512,mean,25,0.44039756944444447,0.9344262295081968
2809,Sensory Systems,512,mean,25,0.4376597222222221,0.9234972677595629
2910,"Issues, ethics and legal aspects",512,mean,25,0.34628298611111114,0.08196721311475409
2916,Nutrition and Dietetics,512,mean,25,0.41791493055555556,0.7377049180327869
3003,Pharmaceutical Science,512,mean,25,0.37235069444444446,0.20765027322404372
3004,Pharmacology,512,mean,25,0.40108506944444444,0.5409836065573771
3005,Toxicology,512,mean,25,0.437375,0.912568306010929
3103,Astronomy and Astrophysics,512,mean,25,0.38677256944444444,0.3442622950819672
3104,Condensed Matter Physics,512,mean,25,0.44244444444444436,0.9453551912568307
3106,Nuclear and High Energy Physics,512,mean,25,0.3899340277777777,0.3879781420765027
3107,"Atomic and Molecular Physics, and Optics",512,mean,25,0.4063020833333333,0.6120218579234973
3108,Radiation,512,mean,25,0.392498263888889,0.4262295081967213
3109,Statistical and Nonlinear Physics,512,mean,25,0.41358854166666664,0.6939890710382514
3203,Clinical Psychology,512,mean,25,0.36820486111111106,0.18032786885245902
3204,Developmental and Educational Psychology,512,mean,25,0.3814184027777777,0.2896174863387978
3205,Experimental and Cognitive Psychology,512,mean,25,0.43332812500000006,0.8907103825136612
3207,Social Psychology,512,mean,25,0.3968194444444444,0.4918032786885246
3304,Education,512,mean,25,0.3462326388888889,0.07650273224043716
3305,"Geography, Planning and Development",512,mean,25,0.40596874999999993,0.6065573770491803
3306,Health,512,mean,25,0.41082465277777785,0.6775956284153005
3308,Law,512,mean,25,0.3425451388888889,0.060109289617486336
3311,Safety Research,512,mean,25,0.42419097222222224,0.8032786885245902
3312,Sociology and Political Science,512,mean,25,0.37405902777777783,0.22950819672131148
3313,Transportation,512,mean,25,0.3821979166666667,0.29508196721311475
3314,Anthropology,512,mean,25,0.34060937500000005,0.04918032786885246
3315,Communication,512,mean,25,0.3762482638888888,0.26229508196721313
3316,Cultural Studies,512,mean,25,0.36182986111111115,0.15300546448087432
3317,Demography,512,mean,25,0.41714409722222223,0.7213114754098361
3318,Gender Studies,512,mean,25,0.394236111111111,0.453551912568306
3320,Political Science and International Relations,512,mean,25,0.35640104166666675,0.12021857923497267
3322,Urban Studies,512,mean,25,0.35984374999999996,0.1366120218579235
3402,Equine,512,mean,25,0.3875798611111111,0.366120218579235
3404,Small Animals,512,mean,25,0.423171875,0.7868852459016393
3504,Oral Surgery,512,mean,25,0.4095885416666667,0.6557377049180327
3505,Orthodontics,512,mean,25,0.3734236111111111,0.2185792349726776
3506,Periodontics,512,mean,25,0.39120486111111097,0.3989071038251366
3600,General Health Professions,512,mean,25,0.35559027777777774,0.11475409836065574
3604,Emergency Medical Services,512,mean,25,0.42846701388888886,0.8524590163934426
3605,Health Information Management,512,mean,25,0.3831805555555557,0.3114754098360656
3609,Occupational Therapy,512,mean,25,0.41596874999999994,0.7158469945355191
3612,"Physical Therapy, Sports Therapy and Rehabilitation",512,mean,25,0.3861076388888888,0.33879781420765026
3614,Radiological and Ultrasound Technology,512,mean,25,0.40937673611111114,0.6502732240437158
3616,Speech and Hearing,512,mean,25,0.4445434027777777,0.9562841530054644
1100,General Agricultural and Biological Sciences,512,mean,50,0.4537829861111112,0.4371584699453552
1102,Agronomy and Crop Science,512,mean,50,0.4885685763888889,0.8032786885245902
1103,Animal Science and Zoology,512,mean,50,0.456828125,0.46994535519125685
1104,Aquatic Science,512,mean,50,0.46304513888888893,0.5409836065573771
1105,"Ecology, Evolution, Behavior and Systematics",512,mean,50,0.4948368055555554,0.8633879781420765
1106,Food Science,512,mean,50,0.46201736111111114,0.5355191256830601
1109,Insect Science,512,mean,50,0.44317621527777773,0.2896174863387978
1110,Plant Science,512,mean,50,0.4662100694444443,0.5846994535519126
1111,Soil Science,512,mean,50,0.4791059027777777,0.6994535519125683
1202,History,512,mean,50,0.37127864583333337,0.01639344262295082
1203,Language and Linguistics,512,mean,50,0.4303802083333333,0.18579234972677597
1204,Archeology,512,mean,50,0.4444253472222221,0.3114754098360656
1207,History and Philosophy of Science,512,mean,50,0.4183263888888889,0.10382513661202186
1208,Literature and Literary Theory,512,mean,50,0.39320312500000004,0.03825136612021858
1210,Music,512,mean,50,0.4077994791666667,0.060109289617486336
1211,Philosophy,512,mean,50,0.43550954861111124,0.2459016393442623
1212,Religious studies,512,mean,50,0.3659340277777777,0.00546448087431694
1213,Visual Arts and Performing Arts,512,mean,50,0.3851137152777778,0.0273224043715847
1304,Biophysics,512,mean,50,0.4648480902777778,0.5573770491803278
1305,Biotechnology,512,mean,50,0.4839340277777778,0.7486338797814208
1306,Cancer Research,512,mean,50,0.4344461805555555,0.22950819672131148
1307,Cell Biology,512,mean,50,0.5083307291666667,0.9508196721311475
1311,Genetics,512,mean,50,0.5093559027777778,0.9617486338797814
1312,Molecular Biology,512,mean,50,0.44854947916666665,0.36065573770491804
1313,Molecular Medicine,512,mean,50,0.5063585069444444,0.9344262295081968
1402,Accounting,512,mean,50,0.4188949652777779,0.12568306010928962
1404,Management Information Systems,512,mean,50,0.4467170138888889,0.3333333333333333
1405,Management of Technology and Innovation,512,mean,50,0.44953038194444445,0.366120218579235
1406,Marketing,512,mean,50,0.43603038194444443,0.25136612021857924
1407,Organizational Behavior and Human Resource Management,512,mean,50,0.4352986111111111,0.24043715846994534
1408,Strategy and Management,512,mean,50,0.4201840277777778,0.13114754098360656
1502,Bioengineering,512,mean,50,0.4143229166666666,0.09289617486338798
1503,Catalysis,512,mean,50,0.4385034722222222,0.2677595628415301
1507,Fluid Flow and Transfer Processes,512,mean,50,0.490984375,0.8306010928961749
1508,Process Chemistry and Technology,512,mean,50,0.48913454861111105,0.8142076502732241
1602,Analytical Chemistry,512,mean,50,0.4659401041666667,0.5792349726775956
1604,Inorganic Chemistry,512,mean,50,0.4797612847222222,0.7103825136612022
1605,Organic Chemistry,512,mean,50,0.4179618055555555,0.09836065573770492
1606,Physical and Theoretical Chemistry,512,mean,50,0.45452343749999996,0.44808743169398907
1607,Spectroscopy,512,mean,50,0.4866362847222223,0.7759562841530054
1702,Artificial Intelligence,512,mean,50,0.45003125,0.3770491803278688
1703,Computational Theory and Mathematics,512,mean,50,0.5043559027777779,0.9234972677595629
1704,Computer Graphics and Computer-Aided Design,512,mean,50,0.5006414930555556,0.9016393442622951
1705,Computer Networks and Communications,512,mean,50,0.4314548611111111,0.19672131147540983
1706,Computer Science Applications,512,mean,50,0.4282769097222223,0.17486338797814208
1707,Computer Vision and Pattern Recognition,512,mean,50,0.4336102430555555,0.2185792349726776
1708,Hardware and Architecture,512,mean,50,0.4188732638888888,0.12021857923497267
1709,Human-Computer Interaction,512,mean,50,0.47367187499999996,0.6338797814207651
1710,Information Systems,512,mean,50,0.4516284722222222,0.40437158469945356
1711,Signal Processing,512,mean,50,0.4882031250000001,0.7923497267759563
1802,Information Systems and Management,512,mean,50,0.4575616319444445,0.4808743169398907
1803,Management Science and Operations Research,512,mean,50,0.4583906249999999,0.4918032786885246
1804,"Statistics, Probability and Uncertainty",512,mean,50,0.4858576388888889,0.7650273224043715
1902,Atmospheric Science,512,mean,50,0.4945269097222222,0.8579234972677595
1904,Earth-Surface Processes,512,mean,50,0.47636545138888886,0.6557377049180327
1906,Geochemistry and Petrology,512,mean,50,0.48819357638888894,0.7868852459016393
1907,Geology,512,mean,50,0.501967013888889,0.912568306010929
1908,Geophysics,512,mean,50,0.48472482638888886,0.7540983606557377
1910,Oceanography,512,mean,50,0.5033576388888888,0.9180327868852459
1911,Paleontology,512,mean,50,0.465328125,0.5683060109289617
2000,"General Economics, Econometrics and Finance",512,mean,50,0.4373975694444445,0.26229508196721313
2002,Economics and Econometrics,512,mean,50,0.41861718749999993,0.11475409836065574
2003,Finance,512,mean,50,0.46540104166666657,0.5737704918032787
2102,Energy Engineering and Power Technology,512,mean,50,0.46720225694444445,0.6010928961748634
2105,"Renewable Energy, Sustainability and the Environment",512,mean,50,0.5356050347222223,1.0
2202,Aerospace Engineering,512,mean,50,0.5087039930555557,0.9562841530054644
2203,Automotive Engineering,512,mean,50,0.5076935763888888,0.9453551912568307
2204,Biomedical Engineering,512,mean,50,0.4920338541666666,0.8415300546448088
2205,Civil and Structural Engineering,512,mean,50,0.4221024305555555,0.14207650273224043
2206,Computational Mechanics,512,mean,50,0.4669088541666666,0.5956284153005464
2207,Control and Systems Engineering,512,mean,50,0.4478958333333333,0.34972677595628415
2208,Electrical and Electronic Engineering,512,mean,50,0.4786519097222221,0.6939890710382514
2209,Industrial and Manufacturing Engineering,512,mean,50,0.4523446180555556,0.4098360655737705
2210,Mechanical Engineering,512,mean,50,0.43614756944444455,0.2568306010928962
2211,Mechanics of Materials,512,mean,50,0.4697994791666667,0.6120218579234973
2212,Ocean Engineering,512,mean,50,0.4526727430555556,0.41530054644808745
2213,"Safety, Risk, Reliability and Quality",512,mean,50,0.4849140625,0.7595628415300546
2214,Media Technology,512,mean,50,0.5191414930555555,0.9890710382513661
2215,Building and Construction,512,mean,50,0.514421875,0.9781420765027322
2303,Ecology,512,mean,50,0.4778637152777778,0.6830601092896175
2304,Environmental Chemistry,512,mean,50,0.4970486111111112,0.8797814207650273
2305,Environmental Engineering,512,mean,50,0.477170138888889,0.6666666666666666
2306,Global and Planetary Change,512,mean,50,0.5045234375000001,0.9289617486338798
2307,"Health, Toxicology and Mutagenesis",512,mean,50,0.4872439236111112,0.7814207650273224
2308,"Management, Monitoring, Policy and Law",512,mean,50,0.4611796875,0.5300546448087432
2309,Nature and Landscape Conservation,512,mean,50,0.4982387152777778,0.8907103825136612
2310,Pollution,512,mean,50,0.478640625,0.6885245901639344
2311,Waste Management and Disposal,512,mean,50,0.44070746527777793,0.273224043715847
2312,Water Science and Technology,512,mean,50,0.49978645833333335,0.8961748633879781
2403,Immunology,512,mean,50,0.41328732638888876,0.08196721311475409
2404,Microbiology,512,mean,50,0.45821267361111107,0.48633879781420764
2405,Parasitology,512,mean,50,0.4325164930555555,0.20218579234972678
2406,Virology,512,mean,50,0.46626996527777786,0.5901639344262295
2502,Biomaterials,512,mean,50,0.4650729166666668,0.5628415300546448
2504,"Electronic, Optical and Magnetic Materials",512,mean,50,0.4975104166666666,0.8852459016393442
2505,Materials Chemistry,512,mean,50,0.44509809027777786,0.31693989071038253
2507,Polymers and Plastics,512,mean,50,0.43048350694444454,0.1912568306010929
2508,"Surfaces, Coatings and Films",512,mean,50,0.4943472222222222,0.8524590163934426
2602,Algebra and Number Theory,512,mean,50,0.3674470486111111,0.01092896174863388
2604,Applied Mathematics,512,mean,50,0.49044878472222214,0.825136612021858
2608,Geometry and Topology,512,mean,50,0.39098090277777775,0.03278688524590164
2610,Mathematical Physics,512,mean,50,0.4008272569444446,0.04918032786885246
2611,Modeling and Simulation,512,mean,50,0.5182300347222224,0.9836065573770492
2612,Numerical Analysis,512,mean,50,0.37460677083333327,0.02185792349726776
2613,Statistics and Probability,512,mean,50,0.45897048611111113,0.5081967213114754
2703,Anesthesiology and Pain Medicine,512,mean,50,0.4234774305555555,0.14754098360655737
2705,Cardiology and Cardiovascular Medicine,512,mean,50,0.42449305555555555,0.15300546448087432
2707,Complementary and alternative medicine,512,mean,50,0.4439635416666667,0.30601092896174864
2708,Dermatology,512,mean,50,0.4327890625,0.21311475409836064
2711,Emergency Medicine,512,mean,50,0.4601788194444444,0.5191256830601093
2712,"Endocrinology, Diabetes and Metabolism",512,mean,50,0.453545138888889,0.43169398907103823
2713,Epidemiology,512,mean,50,0.4561276041666667,0.4644808743169399
2715,Gastroenterology,512,mean,50,0.44648350694444444,0.32786885245901637
2716,Genetics,512,mean,50,0.4756197916666668,0.639344262295082
2720,Hematology,512,mean,50,0.4424887152777778,0.28415300546448086
2721,Hepatology,512,mean,50,0.4527274305555556,0.4207650273224044
2725,Infectious Diseases,512,mean,50,0.4513272569444444,0.3989071038251366
2727,Nephrology,512,mean,50,0.4036970486111112,0.0546448087431694
2728,Neurology,512,mean,50,0.4549088541666666,0.453551912568306
2729,Obstetrics and Gynecology,512,mean,50,0.4530920138888888,0.4262295081967213
2730,Oncology,512,mean,50,0.47786284722222233,0.6775956284153005
2731,Ophthalmology,512,mean,50,0.4250494791666666,0.15846994535519127
2732,Orthopedics and Sports Medicine,512,mean,50,0.4715130208333334,0.6284153005464481
2733,Otorhinolaryngology,512,mean,50,0.45426909722222225,0.4426229508196721
2734,Pathology and Forensic Medicine,512,mean,50,0.4828446180555556,0.7377049180327869
2735,"Pediatrics, Perinatology and Child Health",512,mean,50,0.44715190972222224,0.33879781420765026
2736,Pharmacology,512,mean,50,0.48000086805555553,0.7158469945355191
2737,Physiology,512,mean,50,0.46115017361111116,0.5245901639344263
2738,Psychiatry and Mental health,512,mean,50,0.4348645833333334,0.23497267759562843
2739,"Public Health, Environmental and Occupational Health",512,mean,50,0.45861805555555546,0.4972677595628415
2740,Pulmonary and Respiratory Medicine,512,mean,50,0.4337586805555556,0.22404371584699453
2741,"Radiology, Nuclear Medicine and Imaging",512,mean,50,0.4813914930555555,0.726775956284153
2742,Rehabilitation,512,mean,50,0.5276562499999999,0.994535519125683
2743,Reproductive Medicine,512,mean,50,0.48870399305555556,0.8087431693989071
2745,Rheumatology,512,mean,50,0.46484722222222224,0.5519125683060109
2746,Surgery,512,mean,50,0.41847482638888894,0.1092896174863388
2748,Urology,512,mean,50,0.4884210069444445,0.7978142076502732
2804,Cellular and Molecular Neuroscience,512,mean,50,0.4829852430555555,0.7431693989071039
2805,Cognitive Neuroscience,512,mean,50,0.4864001736111111,0.7704918032786885
2807,Endocrine and Autonomic Systems,512,mean,50,0.4572751736111111,0.47540983606557374
2808,Neurology,512,mean,50,0.5009123263888889,0.907103825136612
2809,Sensory Systems,512,mean,50,0.4956328125,0.8688524590163934
2910,"Issues, ethics and legal aspects",512,mean,50,0.41061631944444454,0.07650273224043716
2916,Nutrition and Dietetics,512,mean,50,0.48271527777777773,0.73224043715847
3003,Pharmaceutical Science,512,mean,50,0.4597309027777778,0.5136612021857924
3004,Pharmacology,512,mean,50,0.4496779513888889,0.37158469945355194
3005,Toxicology,512,mean,50,0.5116918402777779,0.9672131147540983
3103,Astronomy and Astrophysics,512,mean,50,0.4550338541666666,0.45901639344262296
3104,Condensed Matter Physics,512,mean,50,0.5130338541666668,0.9726775956284153
3106,Nuclear and High Energy Physics,512,mean,50,0.46355468750000006,0.546448087431694
3107,"Atomic and Molecular Physics, and Optics",512,mean,50,0.4704496527777778,0.6174863387978142
3108,Radiation,512,mean,50,0.47122829861111104,0.6229508196721312
3109,Statistical and Nonlinear Physics,512,mean,50,0.4808645833333334,0.7213114754098361
3203,Clinical Psychology,512,mean,50,0.42624045138888894,0.16939890710382513
3204,Developmental and Educational Psychology,512,mean,50,0.4454565972222223,0.3224043715846995
3205,Experimental and Cognitive Psychology,512,mean,50,0.49695399305555554,0.8743169398907104
3207,Social Psychology,512,mean,50,0.4482013888888889,0.3551912568306011
3304,Education,512,mean,50,0.4102456597222222,0.06557377049180328
3305,"Geography, Planning and Development",512,mean,50,0.49255468749999987,0.8469945355191257
3306,Health,512,mean,50,0.47618750000000004,0.6502732240437158
3308,Law,512,mean,50,0.4005486111111112,0.04371584699453552
3311,Safety Research,512,mean,50,0.47574739583333336,0.644808743169399
3312,Sociology and Political Science,512,mean,50,0.4326770833333334,0.20765027322404372
3313,Transportation,512,mean,50,0.44381076388888885,0.3005464480874317
3314,Anthropology,512,mean,50,0.4104713541666666,0.07103825136612021
3315,Communication,512,mean,50,0.44078125,0.2786885245901639
3316,Cultural Studies,512,mean,50,0.4288203125,0.18032786885245902
3317,Demography,512,mean,50,0.4796701388888888,0.7049180327868853
3318,Gender Studies,512,mean,50,0.45070659722222217,0.39344262295081966
3320,Political Science and International Relations,512,mean,50,0.42161024305555544,0.1366120218579235
3322,Urban Studies,512,mean,50,0.4262013888888888,0.16393442622950818
3402,Equine,512,mean,50,0.44764149305555545,0.3442622950819672
3404,Small Animals,512,mean,50,0.4771223958333334,0.6612021857923497
3504,Oral Surgery,512,mean,50,0.46858680555555554,0.6065573770491803
3505,Orthodontics,512,mean,50,0.4433498263888889,0.29508196721311475
3506,Periodontics,512,mean,50,0.4500729166666666,0.3825136612021858
3600,General Health Professions,512,mean,50,0.4136032986111111,0.08743169398907104
3604,Emergency Medical Services,512,mean,50,0.4894453125,0.819672131147541
3605,Health Information Management,512,mean,50,0.45035416666666667,0.3879781420765027
3609,Occupational Therapy,512,mean,50,0.47772309027777776,0.6721311475409836
3612,"Physical Therapy, Sports Therapy and Rehabilitation",512,mean,50,0.45891840277777773,0.5027322404371585
3614,Radiological and Ultrasound Technology,512,mean,50,0.49106336805555556,0.8360655737704918
3616,Speech and Hearing,512,mean,50,0.5064835069444444,0.9398907103825137
1100,General Agricultural and Biological Sciences,512,cls,10,0.2583420138888889,0.6338797814207651
1102,Agronomy and Crop Science,512,cls,10,0.2594184027777778,0.6557377049180327
1103,Animal Science and Zoology,512,cls,10,0.24437499999999995,0.3825136612021858
1104,Aquatic Science,512,cls,10,0.24998263888888891,0.5136612021857924
1105,"Ecology, Evolution, Behavior and Systematics",512,cls,10,0.2595529513888889,0.6612021857923497
1106,Food Science,512,cls,10,0.26106770833333337,0.6885245901639344
1109,Insect Science,512,cls,10,0.24396267361111112,0.366120218579235
1110,Plant Science,512,cls,10,0.25506944444444446,0.6010928961748634
1111,Soil Science,512,cls,10,0.2476432291666667,0.4644808743169399
1202,History,512,cls,10,0.1887847222222222,0.02185792349726776
1203,Language and Linguistics,512,cls,10,0.21581597222222224,0.07650273224043716
1204,Archeology,512,cls,10,0.24901475694444444,0.48633879781420764
1207,History and Philosophy of Science,512,cls,10,0.22775607638888884,0.15300546448087432
1208,Literature and Literary Theory,512,cls,10,0.1954861111111111,0.03278688524590164
1210,Music,512,cls,10,0.2084244791666666,0.060109289617486336
1211,Philosophy,512,cls,10,0.2739409722222223,0.8360655737704918
1212,Religious studies,512,cls,10,0.184453125,0.01639344262295082
1213,Visual Arts and Performing Arts,512,cls,10,0.19845486111111113,0.03825136612021858
1304,Biophysics,512,cls,10,0.24734375000000006,0.453551912568306
1305,Biotechnology,512,cls,10,0.2718836805555555,0.8087431693989071
1306,Cancer Research,512,cls,10,0.23773003472222223,0.26229508196721313
1307,Cell Biology,512,cls,10,0.2783463541666667,0.8961748633879781
1311,Genetics,512,cls,10,0.31082031250000003,1.0
1312,Molecular Biology,512,cls,10,0.2549826388888889,0.5956284153005464
1313,Molecular Medicine,512,cls,10,0.2556076388888889,0.6065573770491803
1402,Accounting,512,cls,10,0.22648437500000004,0.1366120218579235
1404,Management Information Systems,512,cls,10,0.24766927083333334,0.46994535519125685
1405,Management of Technology and Innovation,512,cls,10,0.25652777777777774,0.6174863387978142
1406,Marketing,512,cls,10,0.24011284722222218,0.30601092896174864
1407,Organizational Behavior and Human Resource Management,512,cls,10,0.24019097222222227,0.3114754098360656
1408,Strategy and Management,512,cls,10,0.23788628472222226,0.2677595628415301
1502,Bioengineering,512,cls,10,0.2032986111111111,0.04918032786885246
1503,Catalysis,512,cls,10,0.22498697916666666,0.12021857923497267
1507,Fluid Flow and Transfer Processes,512,cls,10,0.24939236111111115,0.4972677595628415
1508,Process Chemistry and Technology,512,cls,10,0.2391579861111111,0.29508196721311475
1602,Analytical Chemistry,512,cls,10,0.2535850694444445,0.5737704918032787
1604,Inorganic Chemistry,512,cls,10,0.24999565972222218,0.5191256830601093
1605,Organic Chemistry,512,cls,10,0.22163194444444442,0.1092896174863388
1606,Physical and Theoretical Chemistry,512,cls,10,0.24421006944444446,0.37158469945355194
1607,Spectroscopy,512,cls,10,0.25276475694444445,0.5628415300546448
1702,Artificial Intelligence,512,cls,10,0.2690104166666667,0.7868852459016393
1703,Computational Theory and Mathematics,512,cls,10,0.27381944444444445,0.8306010928961749
1704,Computer Graphics and Computer-Aided Design,512,cls,10,0.26644965277777777,0.7431693989071039
1705,Computer Networks and Communications,512,cls,10,0.23388020833333334,0.2185792349726776
1706,Computer Science Applications,512,cls,10,0.24214843749999998,0.3224043715846995
1707,Computer Vision and Pattern Recognition,512,cls,10,0.24628906249999996,0.43169398907103823
1708,Hardware and Architecture,512,cls,10,0.20258246527777782,0.04371584699453552
1709,Human-Computer Interaction,512,cls,10,0.24625000000000002,0.4207650273224044
1710,Information Systems,512,cls,10,0.27259114583333327,0.819672131147541
1711,Signal Processing,512,cls,10,0.26271701388888885,0.7158469945355191
1802,Information Systems and Management,512,cls,10,0.247109375,0.4426229508196721
1803,Management Science and Operations Research,512,cls,10,0.2779513888888889,0.8852459016393442
1804,"Statistics, Probability and Uncertainty",512,cls,10,0.2517491319444444,0.5300546448087432
1902,Atmospheric Science,512,cls,10,0.26534288194444444,0.73224043715847
1904,Earth-Surface Processes,512,cls,10,0.23381510416666668,0.21311475409836064
1906,Geochemistry and Petrology,512,cls,10,0.260546875,0.6721311475409836
1907,Geology,512,cls,10,0.25847222222222227,0.639344262295082
1908,Geophysics,512,cls,10,0.24627170138888882,0.4262295081967213
1910,Oceanography,512,cls,10,0.25220920138888886,0.546448087431694
1911,Paleontology,512,cls,10,0.2252083333333333,0.12568306010928962
2000,"General Economics, Econometrics and Finance",512,cls,10,0.22858506944444446,0.16393442622950818
2002,Economics and Econometrics,512,cls,10,0.2452170138888889,0.3879781420765027
2003,Finance,512,cls,10,0.24295138888888887,0.33879781420765026
2102,Energy Engineering and Power Technology,512,cls,10,0.24234809027777776,0.32786885245901637
2105,"Renewable Energy, Sustainability and the Environment",512,cls,10,0.2802734375,0.9234972677595629
2202,Aerospace Engineering,512,cls,10,0.26889756944444443,0.7814207650273224
2203,Automotive Engineering,512,cls,10,0.27122395833333335,0.8032786885245902
2204,Biomedical Engineering,512,cls,10,0.30086805555555557,0.994535519125683
2205,Civil and Structural Engineering,512,cls,10,0.22582465277777783,0.13114754098360656
2206,Computational Mechanics,512,cls,10,0.2529427083333333,0.5683060109289617
2207,Control and Systems Engineering,512,cls,10,0.23882378472222227,0.2786885245901639
2208,Electrical and Electronic Engineering,512,cls,10,0.2607291666666667,0.6830601092896175
2209,Industrial and Manufacturing Engineering,512,cls,10,0.2437934027777778,0.36065573770491804
2210,Mechanical Engineering,512,cls,10,0.23637586805555552,0.24043715846994534
2211,Mechanics of Materials,512,cls,10,0.25878038194444447,0.644808743169399
2212,Ocean Engineering,512,cls,10,0.2572265624999999,0.6229508196721312
2213,"Safety, Risk, Reliability and Quality",512,cls,10,0.2814496527777778,0.9453551912568307
2214,Media Technology,512,cls,10,0.2802864583333333,0.9289617486338798
2215,Building and Construction,512,cls,10,0.2768185763888889,0.8797814207650273
2303,Ecology,512,cls,10,0.26886284722222226,0.7759562841530054
2304,Environmental Chemistry,512,cls,10,0.2939539930555556,0.9890710382513661
2305,Environmental Engineering,512,cls,10,0.2757335069444444,0.8688524590163934
2306,Global and Planetary Change,512,cls,10,0.2920746527777778,0.9836065573770492
2307,"Health, Toxicology and Mutagenesis",512,cls,10,0.2751475694444444,0.8579234972677595
2308,"Management, Monitoring, Policy and Law",512,cls,10,0.27424479166666665,0.8415300546448088
2309,Nature and Landscape Conservation,512,cls,10,0.26141927083333333,0.6939890710382514
2310,Pollution,512,cls,10,0.26156684027777777,0.6994535519125683
2311,Waste Management and Disposal,512,cls,10,0.23856770833333332,0.273224043715847
2312,Water Science and Technology,512,cls,10,0.28071614583333326,0.9398907103825137
2403,Immunology,512,cls,10,0.22124131944444442,0.10382513661202186
2404,Microbiology,512,cls,10,0.25488715277777774,0.5901639344262295
2405,Parasitology,512,cls,10,0.24712239583333337,0.44808743169398907
2406,Virology,512,cls,10,0.2518402777777778,0.5355191256830601
2502,Biomaterials,512,cls,10,0.26289496527777784,0.7213114754098361
2504,"Electronic, Optical and Magnetic Materials",512,cls,10,0.26786024305555556,0.7595628415300546
2505,Materials Chemistry,512,cls,10,0.24426649305555553,0.3770491803278688
2507,Polymers and Plastics,512,cls,10,0.21743489583333336,0.09289617486338798
2508,"Surfaces, Coatings and Films",512,cls,10,0.24540364583333335,0.3989071038251366
2602,Algebra and Number Theory,512,cls,10,0.16591579861111114,0.00546448087431694
2604,Applied Mathematics,512,cls,10,0.2435199652777778,0.3551912568306011
2608,Geometry and Topology,512,cls,10,0.20944444444444446,0.06557377049180328
2610,Mathematical Physics,512,cls,10,0.19210503472222223,0.0273224043715847
2611,Modeling and Simulation,512,cls,10,0.2795008680555555,0.912568306010929
2612,Numerical Analysis,512,cls,10,0.18391059027777779,0.01092896174863388
2613,Statistics and Probability,512,cls,10,0.24749131944444439,0.45901639344262296
2703,Anesthesiology and Pain Medicine,512,cls,10,0.2122222222222222,0.07103825136612021
2705,Cardiology and Cardiovascular Medicine,512,cls,10,0.23587239583333341,0.23497267759562843
2707,Complementary and alternative medicine,512,cls,10,0.2605859375,0.6775956284153005
2708,Dermatology,512,cls,10,0.23893229166666663,0.28415300546448086
2711,Emergency Medicine,512,cls,10,0.2482204861111111,0.47540983606557374
2712,"Endocrinology, Diabetes and Metabolism",512,cls,10,0.25753038194444444,0.6284153005464481
2713,Epidemiology,512,cls,10,0.2749479166666667,0.8524590163934426
2715,Gastroenterology,512,cls,10,0.24293836805555558,0.3333333333333333
2716,Genetics,512,cls,10,0.2460026041666667,0.41530054644808745
2720,Hematology,512,cls,10,0.23238715277777777,0.19672131147540983
2721,Hepatology,512,cls,10,0.24088107638888892,0.31693989071038253
2725,Infectious Diseases,512,cls,10,0.24986545138888888,0.5081967213114754
2727,Nephrology,512,cls,10,0.21584635416666664,0.08196721311475409
2728,Neurology,512,cls,10,0.2483506944444444,0.4808743169398907
2729,Obstetrics and Gynecology,512,cls,10,0.24934027777777776,0.4918032786885246
2730,Oncology,512,cls,10,0.2722960069444445,0.8142076502732241
2731,Ophthalmology,512,cls,10,0.22665364583333336,0.14207650273224043
2732,Orthopedics and Sports Medicine,512,cls,10,0.24584635416666667,0.4098360655737705
2733,Otorhinolaryngology,512,cls,10,0.2393489583333333,0.3005464480874317
2734,Pathology and Forensic Medicine,512,cls,10,0.27563368055555554,0.8633879781420765
2735,"Pediatrics, Perinatology and Child Health",512,cls,10,0.26345052083333337,0.726775956284153
2736,Pharmacology,512,cls,10,0.2840190972222222,0.9562841530054644
2737,Physiology,512,cls,10,0.26802517361111117,0.7704918032786885
2738,Psychiatry and Mental health,512,cls,10,0.24344184027777777,0.34972677595628415
2739,"Public Health, Environmental and Occupational Health",512,cls,10,0.28942708333333333,0.9781420765027322
2740,Pulmonary and Respiratory Medicine,512,cls,10,0.25208767361111106,0.5409836065573771
2741,"Radiology, Nuclear Medicine and Imaging",512,cls,10,0.28631944444444446,0.9617486338797814
2742,Rehabilitation,512,cls,10,0.2806032986111111,0.9344262295081968
2743,Reproductive Medicine,512,cls,10,0.2787456597222222,0.907103825136612
2745,Rheumatology,512,cls,10,0.2527473958333333,0.5573770491803278
2746,Surgery,512,cls,10,0.2307725694444445,0.17486338797814208
2748,Urology,512,cls,10,0.2695920138888889,0.7923497267759563
2804,Cellular and Molecular Neuroscience,512,cls,10,0.26011718749999996,0.6666666666666666
2805,Cognitive Neuroscience,512,cls,10,0.2673480902777778,0.7540983606557377
2807,Endocrine and Autonomic Systems,512,cls,10,0.23755208333333333,0.25136612021857924
2808,Neurology,512,cls,10,0.27837239583333334,0.9016393442622951
2809,Sensory Systems,512,cls,10,0.2701909722222222,0.7978142076502732
2910,"Issues, ethics and legal aspects",512,cls,10,0.22855468750000002,0.15846994535519127
2916,Nutrition and Dietetics,512,cls,10,0.26565972222222217,0.7377049180327869
3003,Pharmaceutical Science,512,cls,10,0.22887586805555557,0.16939890710382513
3004,Pharmacology,512,cls,10,0.27575086805555554,0.8743169398907104
3005,Toxicology,512,cls,10,0.2835243055555556,0.9508196721311475
3103,Astronomy and Astrophysics,512,cls,10,0.23217447916666667,0.18579234972677597
3104,Condensed Matter Physics,512,cls,10,0.26259548611111116,0.7103825136612022
3106,Nuclear and High Energy Physics,512,cls,10,0.2322395833333333,0.1912568306010929
3107,"Atomic and Molecular Physics, and Optics",512,cls,10,0.2497916666666667,0.5027322404371585
3108,Radiation,512,cls,10,0.23302517361111114,0.20218579234972678
3109,Statistical and Nonlinear Physics,512,cls,10,0.26230034722222223,0.7049180327868853
3203,Clinical Psychology,512,cls,10,0.23688802083333332,0.2459016393442623
3204,Developmental and Educational Psychology,512,cls,10,0.23904947916666666,0.2896174863387978
3205,Experimental and Cognitive Psychology,512,cls,10,0.2795876736111111,0.9180327868852459
3207,Social Psychology,512,cls,10,0.2665885416666667,0.7486338797814208
3304,Education,512,cls,10,0.23372395833333334,0.20765027322404372
3305,"Geography, Planning and Development",512,cls,10,0.25381944444444443,0.5792349726775956
3306,Health,512,cls,10,0.2556684027777778,0.6120218579234973
3308,Law,512,cls,10,0.22488715277777777,0.11475409836065574
3311,Safety Research,512,cls,10,0.2867534722222222,0.9672131147540983
3312,Sociology and Political Science,512,cls,10,0.24528211805555553,0.39344262295081966
3313,Transportation,512,cls,10,0.24328125,0.3442622950819672
3314,Anthropology,512,cls,10,0.20453559027777773,0.0546448087431694
3315,Communication,512,cls,10,0.2349913194444444,0.22950819672131148
3316,Cultural Studies,512,cls,10,0.22757378472222228,0.14754098360655737
3317,Demography,512,cls,10,0.27832899305555553,0.8907103825136612
3318,Gender Studies,512,cls,10,0.2540928819444445,0.5846994535519126
3320,Political Science and International Relations,512,cls,10,0.2211892361111111,0.09836065573770492
3322,Urban Studies,512,cls,10,0.23178385416666672,0.18032786885245902
3402,Equine,512,cls,10,0.23760416666666664,0.2568306010928962
3404,Small Animals,512,cls,10,0.27458333333333335,0.8469945355191257
3504,Oral Surgery,512,cls,10,0.24541666666666664,0.40437158469945356
3505,Orthodontics,512,cls,10,0.21633246527777783,0.08743169398907104
3506,Periodontics,512,cls,10,0.24671440972222222,0.4371584699453552
3600,General Health Professions,512,cls,10,0.23435763888888891,0.22404371584699453
3604,Emergency Medical Services,512,cls,10,0.2733333333333334,0.825136612021858
3605,Health Information Management,512,cls,10,0.25272135416666663,0.5519125683060109
3609,Occupational Therapy,512,cls,10,0.26792100694444443,0.7650273224043715
3612,"Physical Therapy, Sports Therapy and Rehabilitation",512,cls,10,0.25016493055555555,0.5245901639344263
3614,Radiological and Ultrasound Technology,512,cls,10,0.2590668402777778,0.6502732240437158
3616,Speech and Hearing,512,cls,10,0.2891536458333333,0.9726775956284153
1100,General Agricultural and Biological Sciences,512,cls,25,0.3222309027777777,0.6010928961748634
1102,Agronomy and Crop Science,512,cls,25,0.3292170138888889,0.6775956284153005
1103,Animal Science and Zoology,512,cls,25,0.30889756944444446,0.3879781420765027
1104,Aquatic Science,512,cls,25,0.31312326388888895,0.4426229508196721
1105,"Ecology, Evolution, Behavior and Systematics",512,cls,25,0.3400208333333334,0.8306010928961749
1106,Food Science,512,cls,25,0.31913715277777777,0.5300546448087432
1109,Insect Science,512,cls,25,0.30187152777777787,0.2786885245901639
1110,Plant Science,512,cls,25,0.3200104166666667,0.546448087431694
1111,Soil Science,512,cls,25,0.32049479166666667,0.5573770491803278
1202,History,512,cls,25,0.25138715277777784,0.02185792349726776
1203,Language and Linguistics,512,cls,25,0.2890850694444444,0.1366120218579235
1204,Archeology,512,cls,25,0.312515625,0.4262295081967213
1207,History and Philosophy of Science,512,cls,25,0.3011579861111111,0.2677595628415301
1208,Literature and Literary Theory,512,cls,25,0.2617447916666666,0.03825136612021858
1210,Music,512,cls,25,0.2754340277777778,0.07650273224043716
1211,Philosophy,512,cls,25,0.3175017361111111,0.5081967213114754
1212,Religious studies,512,cls,25,0.24632465277777785,0.01639344262295082
1213,Visual Arts and Performing Arts,512,cls,25,0.25844791666666667,0.0273224043715847
1304,Biophysics,512,cls,25,0.31363888888888886,0.44808743169398907
1305,Biotechnology,512,cls,25,0.33820659722222224,0.8087431693989071
1306,Cancer Research,512,cls,25,0.2974010416666667,0.20765027322404372
1307,Cell Biology,512,cls,25,0.34684895833333335,0.8852459016393442
1311,Genetics,512,cls,25,0.37802430555555555,1.0
1312,Molecular Biology,512,cls,25,0.31612152777777774,0.4972677595628415
1313,Molecular Medicine,512,cls,25,0.33658680555555553,0.7814207650273224
1402,Accounting,512,cls,25,0.29182986111111114,0.16393442622950818
1404,Management Information Systems,512,cls,25,0.31379166666666664,0.453551912568306
1405,Management of Technology and Innovation,512,cls,25,0.3251979166666667,0.6284153005464481
1406,Marketing,512,cls,25,0.30398958333333337,0.3114754098360656
1407,Organizational Behavior and Human Resource Management,512,cls,25,0.30546875,0.3333333333333333
1408,Strategy and Management,512,cls,25,0.29571527777777773,0.1912568306010929
1502,Bioengineering,512,cls,25,0.2695208333333333,0.0546448087431694
1503,Catalysis,512,cls,25,0.29071180555555554,0.15846994535519127
1507,Fluid Flow and Transfer Processes,512,cls,25,0.32757638888888885,0.6502732240437158
1508,Process Chemistry and Technology,512,cls,25,0.31584375,0.4808743169398907
1602,Analytical Chemistry,512,cls,25,0.32106076388888893,0.5683060109289617
1604,Inorganic Chemistry,512,cls,25,0.33285590277777777,0.7158469945355191
1605,Organic Chemistry,512,cls,25,0.28906250000000006,0.13114754098360656
1606,Physical and Theoretical Chemistry,512,cls,25,0.3284270833333333,0.6612021857923497
1607,Spectroscopy,512,cls,25,0.33084895833333333,0.6939890710382514
1702,Artificial Intelligence,512,cls,25,0.32703645833333334,0.644808743169399
1703,Computational Theory and Mathematics,512,cls,25,0.3547986111111111,0.9453551912568307
1704,Computer Graphics and Computer-Aided Design,512,cls,25,0.3505017361111112,0.912568306010929
1705,Computer Networks and Communications,512,cls,25,0.2931857638888889,0.17486338797814208
1706,Computer Science Applications,512,cls,25,0.3029809027777778,0.29508196721311475
1707,Computer Vision and Pattern Recognition,512,cls,25,0.3021944444444444,0.28415300546448086
1708,Hardware and Architecture,512,cls,25,0.26589409722222224,0.04371584699453552
1709,Human-Computer Interaction,512,cls,25,0.32150694444444444,0.5846994535519126
1710,Information Systems,512,cls,25,0.33351736111111113,0.726775956284153
1711,Signal Processing,512,cls,25,0.3304149305555556,0.6885245901639344
1802,Information Systems and Management,512,cls,25,0.3184670138888889,0.5136612021857924
1803,Management Science and Operations Research,512,cls,25,0.33510069444444446,0.7595628415300546
1804,"Statistics, Probability and Uncertainty",512,cls,25,0.3320763888888889,0.7049180327868853
1902,Atmospheric Science,512,cls,25,0.3377795138888889,0.8032786885245902
1904,Earth-Surface Processes,512,cls,25,0.31212847222222223,0.4207650273224044
1906,Geochemistry and Petrology,512,cls,25,0.3377534722222222,0.7978142076502732
1907,Geology,512,cls,25,0.34368055555555554,0.8579234972677595
1908,Geophysics,512,cls,25,0.3219045138888889,0.5956284153005464
1910,Oceanography,512,cls,25,0.3346493055555556,0.7486338797814208
1911,Paleontology,512,cls,25,0.29937500000000006,0.2459016393442623
2000,"General Economics, Econometrics and Finance",512,cls,25,0.29860416666666667,0.22404371584699453
2002,Economics and Econometrics,512,cls,25,0.30066493055555554,0.26229508196721313
2003,Finance,512,cls,25,0.3165833333333333,0.5027322404371585
2102,Energy Engineering and Power Technology,512,cls,25,0.3149375,0.47540983606557374
2105,"Renewable Energy, Sustainability and the Environment",512,cls,25,0.36951909722222226,0.994535519125683
2202,Aerospace Engineering,512,cls,25,0.3453645833333333,0.8688524590163934
2203,Automotive Engineering,512,cls,25,0.3402673611111111,0.8360655737704918
2204,Biomedical Engineering,512,cls,25,0.35535590277777773,0.9508196721311475
2205,Civil and Structural Engineering,512,cls,25,0.2853333333333333,0.1092896174863388
2206,Computational Mechanics,512,cls,25,0.3192204861111112,0.5355191256830601
2207,Control and Systems Engineering,512,cls,25,0.3070850694444444,0.34972677595628415
2208,Electrical and Electronic Engineering,512,cls,25,0.3284444444444445,0.6666666666666666
2209,Industrial and Manufacturing Engineering,512,cls,25,0.31198090277777774,0.41530054644808745
2210,Mechanical Engineering,512,cls,25,0.2959513888888889,0.19672131147540983
2211,Mechanics of Materials,512,cls,25,0.3237465277777778,0.6174863387978142
2212,Ocean Engineering,512,cls,25,0.3188923611111111,0.5245901639344263
2213,"Safety, Risk, Reliability and Quality",512,cls,25,0.3517881944444444,0.9180327868852459
2214,Media Technology,512,cls,25,0.36260763888888886,0.9781420765027322
2215,Building and Construction,512,cls,25,0.35793402777777783,0.9617486338797814
2303,Ecology,512,cls,25,0.3342291666666667,0.7377049180327869
2304,Environmental Chemistry,512,cls,25,0.3536336805555556,0.9344262295081968
2305,Environmental Engineering,512,cls,25,0.3299861111111111,0.6830601092896175
2306,Global and Planetary Change,512,cls,25,0.35784027777777777,0.9562841530054644
2307,"Health, Toxicology and Mutagenesis",512,cls,25,0.34423263888888894,0.8633879781420765
2308,"Management, Monitoring, Policy and Law",512,cls,25,0.3321128472222222,0.7103825136612022
2309,Nature and Landscape Conservation,512,cls,25,0.3392309027777778,0.8142076502732241
2310,Pollution,512,cls,25,0.3256822916666667,0.6338797814207651
2311,Waste Management and Disposal,512,cls,25,0.3042899305555556,0.31693989071038253
2312,Water Science and Technology,512,cls,25,0.352875,0.9289617486338798
2403,Immunology,512,cls,25,0.27864583333333337,0.08743169398907104
2404,Microbiology,512,cls,25,0.31417187500000004,0.45901639344262296
2405,Parasitology,512,cls,25,0.29769444444444443,0.21311475409836064
2406,Virology,512,cls,25,0.3119687500000001,0.4098360655737705
2502,Biomaterials,512,cls,25,0.3215572916666667,0.5901639344262295
2504,"Electronic, Optical and Magnetic Materials",512,cls,25,0.3393541666666666,0.825136612021858
2505,Materials Chemistry,512,cls,25,0.29917361111111107,0.23497267759562843
2507,Polymers and Plastics,512,cls,25,0.28041145833333336,0.09289617486338798
2508,"Surfaces, Coatings and Films",512,cls,25,0.3202847222222222,0.5519125683060109
2602,Algebra and Number Theory,512,cls,25,0.22463715277777777,0.00546448087431694
2604,Applied Mathematics,512,cls,25,0.328765625,0.6721311475409836
2608,Geometry and Topology,512,cls,25,0.2728177083333334,0.06557377049180328
2610,Mathematical Physics,512,cls,25,0.2598819444444444,0.03278688524590164
2611,Modeling and Simulation,512,cls,25,0.36942013888888897,0.9890710382513661
2612,Numerical Analysis,512,cls,25,0.24104340277777775,0.01092896174863388
2613,Statistics and Probability,512,cls,25,0.3185243055555556,0.5191256830601093
2703,Anesthesiology and Pain Medicine,512,cls,25,0.27784722222222225,0.08196721311475409
2705,Cardiology and Cardiovascular Medicine,512,cls,25,0.28952083333333334,0.14754098360655737
2707,Complementary and alternative medicine,512,cls,25,0.32403125,0.6229508196721312
2708,Dermatology,512,cls,25,0.29379513888888886,0.18579234972677597
2711,Emergency Medicine,512,cls,25,0.3083263888888889,0.3770491803278688
2712,"Endocrinology, Diabetes and Metabolism",512,cls,25,0.32129340277777785,0.5792349726775956
2713,Epidemiology,512,cls,25,0.3278663194444445,0.6557377049180327
2715,Gastroenterology,512,cls,25,0.30471006944444445,0.3224043715846995
2716,Genetics,512,cls,25,0.31280729166666665,0.4371584699453552
2720,Hematology,512,cls,25,0.2936336805555556,0.18032786885245902
2721,Hepatology,512,cls,25,0.3050850694444444,0.32786885245901637
2725,Infectious Diseases,512,cls,25,0.30980902777777775,0.3989071038251366
2727,Nephrology,512,cls,25,0.2675190972222222,0.04918032786885246
2728,Neurology,512,cls,25,0.30884722222222216,0.3825136612021858
2729,Obstetrics and Gynecology,512,cls,25,0.3079861111111111,0.36065573770491804
2730,Oncology,512,cls,25,0.3457708333333333,0.8743169398907104
2731,Ophthalmology,512,cls,25,0.28425520833333334,0.09836065573770492
2732,Orthopedics and Sports Medicine,512,cls,25,0.3105364583333334,0.40437158469945356
2733,Otorhinolaryngology,512,cls,25,0.3029895833333333,0.3005464480874317
2734,Pathology and Forensic Medicine,512,cls,25,0.33924652777777775,0.819672131147541
2735,"Pediatrics, Perinatology and Child Health",512,cls,25,0.31607812500000004,0.4918032786885246
2736,Pharmacology,512,cls,25,0.34893229166666667,0.8961748633879781
2737,Physiology,512,cls,25,0.3230659722222223,0.6120218579234973
2738,Psychiatry and Mental health,512,cls,25,0.3005034722222223,0.2568306010928962
2739,"Public Health, Environmental and Occupational Health",512,cls,25,0.3375711805555555,0.7923497267759563
2740,Pulmonary and Respiratory Medicine,512,cls,25,0.3034635416666667,0.30601092896174864
2741,"Radiology, Nuclear Medicine and Imaging",512,cls,25,0.3416666666666666,0.8415300546448088
2742,Rehabilitation,512,cls,25,0.3627760416666667,0.9836065573770492
2743,Reproductive Medicine,512,cls,25,0.3467170138888889,0.8797814207650273
2745,Rheumatology,512,cls,25,0.3143333333333333,0.46994535519125685
2746,Surgery,512,cls,25,0.28709375000000004,0.12021857923497267
2748,Urology,512,cls,25,0.33748784722222225,0.7868852459016393
2804,Cellular and Molecular Neuroscience,512,cls,25,0.3265590277777778,0.639344262295082
2805,Cognitive Neuroscience,512,cls,25,0.33438194444444447,0.7431693989071039
2807,Endocrine and Autonomic Systems,512,cls,25,0.30142187499999995,0.273224043715847
2808,Neurology,512,cls,25,0.3544461805555556,0.9398907103825137
2809,Sensory Systems,512,cls,25,0.33293055555555556,0.7213114754098361
2910,"Issues, ethics and legal aspects",512,cls,25,0.2856041666666667,0.11475409836065574
2916,Nutrition and Dietetics,512,cls,25,0.33387326388888894,0.73224043715847
3003,Pharmaceutical Science,512,cls,25,0.3062309027777778,0.33879781420765026
3004,Pharmacology,512,cls,25,0.33124131944444446,0.6994535519125683
3005,Toxicology,512,cls,25,0.3592986111111111,0.9672131147540983
3103,Astronomy and Astrophysics,512,cls,25,0.29974826388888887,0.25136612021857924
3104,Condensed Matter Physics,512,cls,25,0.35004687500000004,0.907103825136612
3106,Nuclear and High Energy Physics,512,cls,25,0.31252256944444445,0.43169398907103823
3107,"Atomic and Molecular Physics, and Optics",512,cls,25,0.31993750000000004,0.5409836065573771
3108,Radiation,512,cls,25,0.3065190972222222,0.3442622950819672
3109,Statistical and Nonlinear Physics,512,cls,25,0.33512152777777776,0.7650273224043715
3203,Clinical Psychology,512,cls,25,0.29616319444444444,0.20218579234972678
3204,Developmental and Educational Psychology,512,cls,25,0.3028350694444445,0.2896174863387978
3205,Experimental and Cognitive Psychology,512,cls,25,0.35247222222222224,0.9234972677595629
3207,Social Psychology,512,cls,25,0.3211545138888888,0.5737704918032787
3304,Education,512,cls,25,0.2925920138888889,0.16939890710382513
3305,"Geography, Planning and Development",512,cls,25,0.3417795138888889,0.8469945355191257
3306,Health,512,cls,25,0.3226701388888889,0.6065573770491803
3308,Law,512,cls,25,0.2851197916666667,0.10382513661202186
3311,Safety Research,512,cls,25,0.34819097222222223,0.8907103825136612
3312,Sociology and Political Science,512,cls,25,0.3082673611111111,0.37158469945355194
3313,Transportation,512,cls,25,0.30954166666666666,0.39344262295081966
3314,Anthropology,512,cls,25,0.2706440972222222,0.060109289617486336
3315,Communication,512,cls,25,0.2991527777777778,0.22950819672131148
3316,Cultural Studies,512,cls,25,0.29823611111111115,0.2185792349726776
3317,Demography,512,cls,25,0.34965625000000006,0.9016393442622951
3318,Gender Studies,512,cls,25,0.3158819444444445,0.48633879781420764
3320,Political Science and International Relations,512,cls,25,0.2874618055555555,0.12568306010928962
3322,Urban Studies,512,cls,25,0.29925347222222226,0.24043715846994534
3402,Equine,512,cls,25,0.29050520833333326,0.15300546448087432
3404,Small Animals,512,cls,25,0.33557986111111116,0.7759562841530054
3504,Oral Surgery,512,cls,25,0.30800868055555564,0.366120218579235
3505,Orthodontics,512,cls,25,0.27428125000000003,0.07103825136612021
3506,Periodontics,512,cls,25,0.3071128472222222,0.3551912568306011
3600,General Health Professions,512,cls,25,0.2895052083333333,0.14207650273224043
3604,Emergency Medical Services,512,cls,25,0.34313715277777773,0.8524590163934426
3605,Health Information Management,512,cls,25,0.31422048611111114,0.4644808743169399
3609,Occupational Therapy,512,cls,25,0.33527256944444445,0.7704918032786885
3612,"Physical Therapy, Sports Therapy and Rehabilitation",512,cls,25,0.3209201388888889,0.5628415300546448
3614,Radiological and Ultrasound Technology,512,cls,25,0.3349670138888889,0.7540983606557377
3616,Speech and Hearing,512,cls,25,0.3611319444444444,0.9726775956284153
1100,General Agricultural and Biological Sciences,512,cls,50,0.3879322916666667,0.5901639344262295
1102,Agronomy and Crop Science,512,cls,50,0.3998046875,0.7377049180327869
1103,Animal Science and Zoology,512,cls,50,0.37869270833333324,0.4426229508196721
1104,Aquatic Science,512,cls,50,0.38200173611111116,0.4972677595628415
1105,"Ecology, Evolution, Behavior and Systematics",512,cls,50,0.4185546875000001,0.8797814207650273
1106,Food Science,512,cls,50,0.37753645833333344,0.41530054644808745
1109,Insect Science,512,cls,50,0.36296093749999997,0.2459016393442623
1110,Plant Science,512,cls,50,0.38695486111111116,0.5573770491803278
1111,Soil Science,512,cls,50,0.39495659722222226,0.6612021857923497
1202,History,512,cls,50,0.309875,0.01639344262295082
1203,Language and Linguistics,512,cls,50,0.36434809027777787,0.2568306010928962
1204,Archeology,512,cls,50,0.37647135416666655,0.3989071038251366
1207,History and Philosophy of Science,512,cls,50,0.36003472222222216,0.20765027322404372
1208,Literature and Literary Theory,512,cls,50,0.33523697916666667,0.0546448087431694
1210,Music,512,cls,50,0.34390885416666667,0.08196721311475409
1211,Philosophy,512,cls,50,0.3792829861111111,0.4644808743169399
1212,Religious studies,512,cls,50,0.30779166666666663,0.01092896174863388
1213,Visual Arts and Performing Arts,512,cls,50,0.32411631944444436,0.0273224043715847
1304,Biophysics,512,cls,50,0.3816145833333333,0.4918032786885246
1305,Biotechnology,512,cls,50,0.3989045138888889,0.73224043715847
1306,Cancer Research,512,cls,50,0.35907031250000004,0.19672131147540983
1307,Cell Biology,512,cls,50,0.41722395833333326,0.8743169398907104
1311,Genetics,512,cls,50,0.4244045138888889,0.9344262295081968
1312,Molecular Biology,512,cls,50,0.3742430555555556,0.366120218579235
1313,Molecular Medicine,512,cls,50,0.42405121527777784,0.9289617486338798
1402,Accounting,512,cls,50,0.3574852430555555,0.18032786885245902
1404,Management Information Systems,512,cls,50,0.3778489583333333,0.4262295081967213
1405,Management of Technology and Innovation,512,cls,50,0.3866848958333333,0.5519125683060109
1406,Marketing,512,cls,50,0.3706449652777778,0.3333333333333333
1407,Organizational Behavior and Human Resource Management,512,cls,50,0.3703654513888889,0.32786885245901637
1408,Strategy and Management,512,cls,50,0.35660677083333336,0.15846994535519127
1502,Bioengineering,512,cls,50,0.3418793402777778,0.07650273224043716
1503,Catalysis,512,cls,50,0.3572109375,0.16939890710382513
1507,Fluid Flow and Transfer Processes,512,cls,50,0.40477951388888894,0.7923497267759563
1508,Process Chemistry and Technology,512,cls,50,0.404203125,0.7759562841530054
1602,Analytical Chemistry,512,cls,50,0.38775260416666674,0.5846994535519126
1604,Inorganic Chemistry,512,cls,50,0.41599739583333323,0.8633879781420765
1605,Organic Chemistry,512,cls,50,0.3573958333333333,0.17486338797814208
1606,Physical and Theoretical Chemistry,512,cls,50,0.3869730902777779,0.5683060109289617
1607,Spectroscopy,512,cls,50,0.4004001736111112,0.7431693989071039
1702,Artificial Intelligence,512,cls,50,0.3823003472222223,0.5027322404371585
1703,Computational Theory and Mathematics,512,cls,50,0.4277317708333332,0.9562841530054644
1704,Computer Graphics and Computer-Aided Design,512,cls,50,0.43931076388888884,0.9836065573770492
1705,Computer Networks and Communications,512,cls,50,0.3579314236111111,0.18579234972677597
1706,Computer Science Applications,512,cls,50,0.3609392361111112,0.22950819672131148
1707,Computer Vision and Pattern Recognition,512,cls,50,0.36056163194444446,0.2185792349726776
1708,Hardware and Architecture,512,cls,50,0.3331684027777777,0.04918032786885246
1709,Human-Computer Interaction,512,cls,50,0.3933515624999999,0.644808743169399
1710,Information Systems,512,cls,50,0.39703906250000004,0.6939890710382514
1711,Signal Processing,512,cls,50,0.39782552083333333,0.7158469945355191
1802,Information Systems and Management,512,cls,50,0.3919583333333333,0.639344262295082
1803,Management Science and Operations Research,512,cls,50,0.3933680555555555,0.6502732240437158
1804,"Statistics, Probability and Uncertainty",512,cls,50,0.4123940972222222,0.8469945355191257
1902,Atmospheric Science,512,cls,50,0.4081779513888889,0.825136612021858
1904,Earth-Surface Processes,512,cls,50,0.38881857638888884,0.6065573770491803
1906,Geochemistry and Petrology,512,cls,50,0.4124105902777777,0.8524590163934426
1907,Geology,512,cls,50,0.43039496527777776,0.9617486338797814
1908,Geophysics,512,cls,50,0.39884114583333335,0.726775956284153
1910,Oceanography,512,cls,50,0.4158185763888889,0.8579234972677595
1911,Paleontology,512,cls,50,0.3755572916666667,0.3825136612021858
2000,"General Economics, Econometrics and Finance",512,cls,50,0.3680963541666666,0.2896174863387978
2002,Economics and Econometrics,512,cls,50,0.36234374999999996,0.24043715846994534
2003,Finance,512,cls,50,0.38872656249999993,0.6010928961748634
2102,Energy Engineering and Power Technology,512,cls,50,0.38441145833333334,0.5355191256830601
2105,"Renewable Energy, Sustainability and the Environment",512,cls,50,0.454134548611111,1.0
2202,Aerospace Engineering,512,cls,50,0.4169496527777779,0.8688524590163934
2203,Automotive Engineering,512,cls,50,0.40649826388888877,0.8142076502732241
2204,Biomedical Engineering,512,cls,50,0.4057421875000001,0.7978142076502732
2205,Civil and Structural Engineering,512,cls,50,0.3490763888888889,0.11475409836065574
2206,Computational Mechanics,512,cls,50,0.3852916666666667,0.5409836065573771
2207,Control and Systems Engineering,512,cls,50,0.3765911458333333,0.40437158469945356
2208,Electrical and Electronic Engineering,512,cls,50,0.3959522569444444,0.6721311475409836
2209,Industrial and Manufacturing Engineering,512,cls,50,0.3842638888888889,0.5300546448087432
2210,Mechanical Engineering,512,cls,50,0.3600407986111111,0.21311475409836064
2211,Mechanics of Materials,512,cls,50,0.3887057291666667,0.5956284153005464
2212,Ocean Engineering,512,cls,50,0.3764644097222223,0.39344262295081966
2213,"Safety, Risk, Reliability and Quality",512,cls,50,0.4185598958333333,0.8852459016393442
2214,Media Technology,512,cls,50,0.44171961805555554,0.9890710382513661
2215,Building and Construction,512,cls,50,0.42721875000000004,0.9508196721311475
2303,Ecology,512,cls,50,0.3961163194444443,0.6775956284153005
2304,Environmental Chemistry,512,cls,50,0.40431510416666666,0.7814207650273224
2305,Environmental Engineering,512,cls,50,0.38321614583333335,0.5245901639344263
2306,Global and Planetary Change,512,cls,50,0.4189678819444444,0.9016393442622951
2307,"Health, Toxicology and Mutagenesis",512,cls,50,0.4089756944444444,0.8306010928961749
2308,"Management, Monitoring, Policy and Law",512,cls,50,0.39189062500000005,0.6338797814207651
2309,Nature and Landscape Conservation,512,cls,50,0.41233246527777767,0.8415300546448088
2310,Pollution,512,cls,50,0.38945225694444435,0.6174863387978142
2311,Waste Management and Disposal,512,cls,50,0.37220138888888893,0.34972677595628415
2312,Water Science and Technology,512,cls,50,0.42611111111111105,0.9453551912568307
2403,Immunology,512,cls,50,0.33938107638888887,0.060109289617486336
2404,Microbiology,512,cls,50,0.3790668402777777,0.453551912568306
2405,Parasitology,512,cls,50,0.3568932291666667,0.16393442622950818
2406,Virology,512,cls,50,0.3749192708333334,0.37158469945355194
2502,Biomaterials,512,cls,50,0.38092968750000006,0.46994535519125685
2504,"Electronic, Optical and Magnetic Materials",512,cls,50,0.4062960069444444,0.8032786885245902
2505,Materials Chemistry,512,cls,50,0.3636475694444444,0.25136612021857924
2507,Polymers and Plastics,512,cls,50,0.3506710069444444,0.12568306010928962
2508,"Surfaces, Coatings and Films",512,cls,50,0.39409375,0.6557377049180327
2602,Algebra and Number Theory,512,cls,50,0.2934800347222222,0.00546448087431694
2604,Applied Mathematics,512,cls,50,0.4237500000000001,0.9234972677595629
2608,Geometry and Topology,512,cls,50,0.3249522569444444,0.03278688524590164
2610,Mathematical Physics,512,cls,50,0.332171875,0.04371584699453552
2611,Modeling and Simulation,512,cls,50,0.4523550347222222,0.994535519125683
2612,Numerical Analysis,512,cls,50,0.30998350694444443,0.02185792349726776
2613,Statistics and Probability,512,cls,50,0.38757812500000005,0.5792349726775956
2703,Anesthesiology and Pain Medicine,512,cls,50,0.3460920138888889,0.09289617486338798
2705,Cardiology and Cardiovascular Medicine,512,cls,50,0.3481388888888889,0.1092896174863388
2707,Complementary and alternative medicine,512,cls,50,0.3824453125,0.5081967213114754
2708,Dermatology,512,cls,50,0.3549930555555556,0.14754098360655737
2711,Emergency Medicine,512,cls,50,0.3778559027777778,0.43169398907103823
2712,"Endocrinology, Diabetes and Metabolism",512,cls,50,0.37790190972222226,0.4371584699453552
2713,Epidemiology,512,cls,50,0.37871701388888895,0.44808743169398907
2715,Gastroenterology,512,cls,50,0.36956597222222226,0.30601092896174864
2716,Genetics,512,cls,50,0.38289236111111113,0.5191256830601093
2720,Hematology,512,cls,50,0.3548177083333333,0.14207650273224043
2721,Hepatology,512,cls,50,0.36928645833333335,0.3005464480874317
2725,Infectious Diseases,512,cls,50,0.36957291666666664,0.3114754098360656
2727,Nephrology,512,cls,50,0.32695399305555556,0.03825136612021858
2728,Neurology,512,cls,50,0.370171875,0.3224043715846995
2729,Obstetrics and Gynecology,512,cls,50,0.3730399305555556,0.3551912568306011
2730,Oncology,512,cls,50,0.4044939236111111,0.7868852459016393
2731,Ophthalmology,512,cls,50,0.3470008680555555,0.10382513661202186
2732,Orthopedics and Sports Medicine,512,cls,50,0.38149739583333336,0.48633879781420764
2733,Otorhinolaryngology,512,cls,50,0.36549565972222225,0.2677595628415301
2734,Pathology and Forensic Medicine,512,cls,50,0.39841840277777774,0.7213114754098361
2735,"Pediatrics, Perinatology and Child Health",512,cls,50,0.37529340277777784,0.3770491803278688
2736,Pharmacology,512,cls,50,0.41083333333333333,0.8360655737704918
2737,Physiology,512,cls,50,0.37763368055555546,0.4207650273224044
2738,Psychiatry and Mental health,512,cls,50,0.3584652777777778,0.1912568306010929
2739,"Public Health, Environmental and Occupational Health",512,cls,50,0.38253906249999997,0.5136612021857924
2740,Pulmonary and Respiratory Medicine,512,cls,50,0.361390625,0.23497267759562843
2741,"Radiology, Nuclear Medicine and Imaging",512,cls,50,0.39758420138888884,0.7049180327868853
2742,Rehabilitation,512,cls,50,0.4341553819444445,0.9726775956284153
2743,Reproductive Medicine,512,cls,50,0.40700260416666667,0.819672131147541
2745,Rheumatology,512,cls,50,0.3811701388888889,0.4808743169398907
2746,Surgery,512,cls,50,0.3450208333333333,0.08743169398907104
2748,Urology,512,cls,50,0.3977282986111111,0.7103825136612022
2804,Cellular and Molecular Neuroscience,512,cls,50,0.38729340277777785,0.5737704918032787
2805,Cognitive Neuroscience,512,cls,50,0.4009340277777777,0.7486338797814208
2807,Endocrine and Autonomic Systems,512,cls,50,0.36533420138888884,0.26229508196721313
2808,Neurology,512,cls,50,0.4208559027777778,0.912568306010929
2809,Sensory Systems,512,cls,50,0.3963289930555556,0.6885245901639344
2910,"Issues, ethics and legal aspects",512,cls,50,0.3564236111111111,0.15300546448087432
2916,Nutrition and Dietetics,512,cls,50,0.4022465277777778,0.7540983606557377
3003,Pharmaceutical Science,512,cls,50,0.39756510416666674,0.6994535519125683
3004,Pharmacology,512,cls,50,0.3864800347222222,0.546448087431694
3005,Toxicology,512,cls,50,0.4375234375000001,0.9781420765027322
3103,Astronomy and Astrophysics,512,cls,50,0.3713958333333333,0.3442622950819672
3104,Condensed Matter Physics,512,cls,50,0.4220598958333332,0.9180327868852459
3106,Nuclear and High Energy Physics,512,cls,50,0.3918142361111111,0.6284153005464481
3107,"Atomic and Molecular Physics, and Optics",512,cls,50,0.3890026041666667,0.6120218579234973
3108,Radiation,512,cls,50,0.38695746527777786,0.5628415300546448
3109,Statistical and Nonlinear Physics,512,cls,50,0.40336718750000006,0.7650273224043715
3203,Clinical Psychology,512,cls,50,0.3591727430555556,0.20218579234972678
3204,Developmental and Educational Psychology,512,cls,50,0.3699470486111111,0.31693989071038253
3205,Experimental and Cognitive Psychology,512,cls,50,0.4204383680555556,0.907103825136612
3207,Social Psychology,512,cls,50,0.3792161458333333,0.45901639344262296
3304,Education,512,cls,50,0.3606050347222222,0.22404371584699453
3305,"Geography, Planning and Development",512,cls,50,0.4334218750000001,0.9672131147540983
3306,Health,512,cls,50,0.3912352430555556,0.6229508196721312
3308,Law,512,cls,50,0.34686631944444446,0.09836065573770492
3311,Safety Research,512,cls,50,0.4036171874999999,0.7704918032786885
3312,Sociology and Political Science,512,cls,50,0.3710399305555555,0.33879781420765026
3313,Transportation,512,cls,50,0.37579166666666663,0.3879781420765027
3314,Anthropology,512,cls,50,0.34144184027777774,0.07103825136612021
3315,Communication,512,cls,50,0.36590277777777774,0.273224043715847
3316,Cultural Studies,512,cls,50,0.3673784722222222,0.2786885245901639
3317,Demography,512,cls,50,0.41884982638888885,0.8961748633879781
3318,Gender Studies,512,cls,50,0.37678038194444446,0.4098360655737705
3320,Political Science and International Relations,512,cls,50,0.3532265625,0.1366120218579235
3322,Urban Studies,512,cls,50,0.3680763888888889,0.28415300546448086
3402,Equine,512,cls,50,0.3507552083333333,0.13114754098360656
3404,Small Animals,512,cls,50,0.39501041666666664,0.6666666666666666
3504,Oral Surgery,512,cls,50,0.3735078125,0.36065573770491804
3505,Orthodontics,512,cls,50,0.3411432291666667,0.06557377049180328
3506,Periodontics,512,cls,50,0.36852604166666675,0.29508196721311475
3600,General Health Professions,512,cls,50,0.34956684027777774,0.12021857923497267
3604,Emergency Medical Services,512,cls,50,0.4064036458333332,0.8087431693989071
3605,Health Information Management,512,cls,50,0.3811145833333333,0.47540983606557374
3609,Occupational Therapy,512,cls,50,0.40246614583333334,0.7595628415300546
3612,"Physical Therapy, Sports Therapy and Rehabilitation",512,cls,50,0.3962465277777777,0.6830601092896175
3614,Radiological and Ultrasound Technology,512,cls,50,0.4185807291666666,0.8907103825136612
3616,Speech and Hearing,512,cls,50,0.42575434027777775,0.9398907103825137
1100,General Agricultural and Biological Sciences,512,sep,10,0.2813107638888888,0.3770491803278688
1102,Agronomy and Crop Science,512,sep,10,0.3072005208333333,0.7540983606557377
1103,Animal Science and Zoology,512,sep,10,0.2889453125,0.46994535519125685
1104,Aquatic Science,512,sep,10,0.29171875,0.5300546448087432
1105,"Ecology, Evolution, Behavior and Systematics",512,sep,10,0.3029253472222222,0.6994535519125683
1106,Food Science,512,sep,10,0.3038585069444445,0.7103825136612022
1109,Insect Science,512,sep,10,0.29023437499999993,0.4972677595628415
1110,Plant Science,512,sep,10,0.30285590277777774,0.6939890710382514
1111,Soil Science,512,sep,10,0.28835503472222224,0.45901639344262296
1202,History,512,sep,10,0.2054730902777778,0.0273224043715847
1203,Language and Linguistics,512,sep,10,0.2286024305555556,0.0546448087431694
1204,Archeology,512,sep,10,0.27076388888888886,0.2568306010928962
1207,History and Philosophy of Science,512,sep,10,0.24191840277777782,0.09836065573770492
1208,Literature and Literary Theory,512,sep,10,0.20679687500000002,0.03278688524590164
1210,Music,512,sep,10,0.22210069444444439,0.04371584699453552
1211,Philosophy,512,sep,10,0.292578125,0.546448087431694
1212,Religious studies,512,sep,10,0.1948350694444444,0.01639344262295082
1213,Visual Arts and Performing Arts,512,sep,10,0.21685329861111116,0.03825136612021858
1304,Biophysics,512,sep,10,0.29175347222222225,0.5355191256830601
1305,Biotechnology,512,sep,10,0.3188020833333334,0.8524590163934426
1306,Cancer Research,512,sep,10,0.27956597222222224,0.36065573770491804
1307,Cell Biology,512,sep,10,0.33569010416666667,0.9562841530054644
1311,Genetics,512,sep,10,0.36338107638888884,1.0
1312,Molecular Biology,512,sep,10,0.30546875,0.73224043715847
1313,Molecular Medicine,512,sep,10,0.29439670138888885,0.5737704918032787
1402,Accounting,512,sep,10,0.23972222222222223,0.08196721311475409
1404,Management Information Systems,512,sep,10,0.27157552083333336,0.2677595628415301
1405,Management of Technology and Innovation,512,sep,10,0.2822048611111111,0.3879781420765027
1406,Marketing,512,sep,10,0.26560329861111115,0.20218579234972678
1407,Organizational Behavior and Human Resource Management,512,sep,10,0.25866753472222226,0.16939890710382513
1408,Strategy and Management,512,sep,10,0.25391493055555553,0.14207650273224043
1502,Bioengineering,512,sep,10,0.2356640625,0.07103825136612021
1503,Catalysis,512,sep,10,0.25467013888888884,0.15300546448087432
1507,Fluid Flow and Transfer Processes,512,sep,10,0.2866753472222222,0.4371584699453552
1508,Process Chemistry and Technology,512,sep,10,0.2725911458333334,0.28415300546448086
1602,Analytical Chemistry,512,sep,10,0.29638454861111113,0.6229508196721312
1604,Inorganic Chemistry,512,sep,10,0.27626302083333326,0.3442622950819672
1605,Organic Chemistry,512,sep,10,0.2396875,0.07650273224043716
1606,Physical and Theoretical Chemistry,512,sep,10,0.27025607638888893,0.2459016393442623
1607,Spectroscopy,512,sep,10,0.29131944444444446,0.5136612021857924
1702,Artificial Intelligence,512,sep,10,0.3094618055555555,0.7814207650273224
1703,Computational Theory and Mathematics,512,sep,10,0.3036935763888889,0.7049180327868853
1704,Computer Graphics and Computer-Aided Design,512,sep,10,0.2946701388888889,0.5901639344262295
1705,Computer Networks and Communications,512,sep,10,0.27055121527777776,0.25136612021857924
1706,Computer Science Applications,512,sep,10,0.2726302083333333,0.2896174863387978
1707,Computer Vision and Pattern Recognition,512,sep,10,0.29065972222222225,0.5027322404371585
1708,Hardware and Architecture,512,sep,10,0.23547309027777782,0.06557377049180328
1709,Human-Computer Interaction,512,sep,10,0.28911892361111113,0.48633879781420764
1710,Information Systems,512,sep,10,0.29740017361111115,0.6338797814207651
1711,Signal Processing,512,sep,10,0.3132986111111111,0.7923497267759563
1802,Information Systems and Management,512,sep,10,0.2725737847222222,0.2786885245901639
1803,Management Science and Operations Research,512,sep,10,0.30771701388888884,0.7595628415300546
1804,"Statistics, Probability and Uncertainty",512,sep,10,0.28458333333333335,0.41530054644808745
1902,Atmospheric Science,512,sep,10,0.30926649305555554,0.7759562841530054
1904,Earth-Surface Processes,512,sep,10,0.26994357638888883,0.23497267759562843
1906,Geochemistry and Petrology,512,sep,10,0.2932899305555556,0.5573770491803278
1907,Geology,512,sep,10,0.2842881944444444,0.4098360655737705
1908,Geophysics,512,sep,10,0.2762586805555556,0.33879781420765026
1910,Oceanography,512,sep,10,0.29556857638888895,0.6010928961748634
1911,Paleontology,512,sep,10,0.26032986111111106,0.17486338797814208
2000,"General Economics, Econometrics and Finance",512,sep,10,0.24738715277777779,0.12021857923497267
2002,Economics and Econometrics,512,sep,10,0.2662369791666667,0.21311475409836064
2003,Finance,512,sep,10,0.2687586805555556,0.22404371584699453
2102,Energy Engineering and Power Technology,512,sep,10,0.26843749999999994,0.2185792349726776
2105,"Renewable Energy, Sustainability and the Environment",512,sep,10,0.32376302083333336,0.907103825136612
2202,Aerospace Engineering,512,sep,10,0.3159027777777777,0.8306010928961749
2203,Automotive Engineering,512,sep,10,0.32653211805555554,0.9234972677595629
2204,Biomedical Engineering,512,sep,10,0.35661892361111114,0.994535519125683
2205,Civil and Structural Engineering,512,sep,10,0.2606293402777778,0.18032786885245902
2206,Computational Mechanics,512,sep,10,0.29404513888888884,0.5683060109289617
2207,Control and Systems Engineering,512,sep,10,0.2739713541666667,0.3114754098360656
2208,Electrical and Electronic Engineering,512,sep,10,0.30625868055555555,0.7486338797814208
2209,Industrial and Manufacturing Engineering,512,sep,10,0.2747743055555556,0.3224043715846995
2210,Mechanical Engineering,512,sep,10,0.27480902777777777,0.32786885245901637
2211,Mechanics of Materials,512,sep,10,0.30008680555555556,0.6557377049180327
2212,Ocean Engineering,512,sep,10,0.30049045138888886,0.6612021857923497
2213,"Safety, Risk, Reliability and Quality",512,sep,10,0.3166102430555556,0.8469945355191257
2214,Media Technology,512,sep,10,0.318984375,0.8579234972677595
2215,Building and Construction,512,sep,10,0.31990885416666665,0.8633879781420765
2303,Ecology,512,sep,10,0.3161675347222223,0.8360655737704918
2304,Environmental Chemistry,512,sep,10,0.35150173611111113,0.9890710382513661
2305,Environmental Engineering,512,sep,10,0.3329079861111111,0.9453551912568307
2306,Global and Planetary Change,512,sep,10,0.3408940972222222,0.9836065573770492
2307,"Health, Toxicology and Mutagenesis",512,sep,10,0.3221831597222222,0.8907103825136612
2308,"Management, Monitoring, Policy and Law",512,sep,10,0.3027517361111111,0.6885245901639344
2309,Nature and Landscape Conservation,512,sep,10,0.30211805555555554,0.6721311475409836
2310,Pollution,512,sep,10,0.3148871527777778,0.8032786885245902
2311,Waste Management and Disposal,512,sep,10,0.27005208333333336,0.24043715846994534
2312,Water Science and Technology,512,sep,10,0.31551649305555557,0.8142076502732241
2403,Immunology,512,sep,10,0.27313368055555554,0.30601092896174864
2404,Microbiology,512,sep,10,0.2960546874999999,0.6174863387978142
2405,Parasitology,512,sep,10,0.28651475694444445,0.4262295081967213
2406,Virology,512,sep,10,0.30417968749999996,0.7158469945355191
2502,Biomaterials,512,sep,10,0.3101302083333334,0.7868852459016393
2504,"Electronic, Optical and Magnetic Materials",512,sep,10,0.30845920138888894,0.7704918032786885
2505,Materials Chemistry,512,sep,10,0.28911024305555555,0.4808743169398907
2507,Polymers and Plastics,512,sep,10,0.2427126736111111,0.10382513661202186
2508,"Surfaces, Coatings and Films",512,sep,10,0.2916970486111111,0.5245901639344263
2602,Algebra and Number Theory,512,sep,10,0.1772873263888889,0.00546448087431694
2604,Applied Mathematics,512,sep,10,0.2539409722222223,0.14754098360655737
2608,Geometry and Topology,512,sep,10,0.22278645833333338,0.04918032786885246
2610,Mathematical Physics,512,sep,10,0.20378472222222224,0.02185792349726776
2611,Modeling and Simulation,512,sep,10,0.30220920138888885,0.6775956284153005
2612,Numerical Analysis,512,sep,10,0.19417100694444447,0.01092896174863388
2613,Statistics and Probability,512,sep,10,0.27973090277777773,0.37158469945355194
2703,Anesthesiology and Pain Medicine,512,sep,10,0.2492447916666667,0.13114754098360656
2705,Cardiology and Cardiovascular Medicine,512,sep,10,0.2826996527777778,0.39344262295081966
2707,Complementary and alternative medicine,512,sep,10,0.29147135416666664,0.5191256830601093
2708,Dermatology,512,sep,10,0.2819357638888889,0.3825136612021858
2711,Emergency Medicine,512,sep,10,0.29020399305555555,0.4918032786885246
2712,"Endocrinology, Diabetes and Metabolism",512,sep,10,0.3056597222222222,0.7377049180327869
2713,Epidemiology,512,sep,10,0.33368055555555554,0.9508196721311475
2715,Gastroenterology,512,sep,10,0.29370225694444446,0.5628415300546448
2716,Genetics,512,sep,10,0.29661458333333335,0.6284153005464481
2720,Hematology,512,sep,10,0.2841493055555555,0.40437158469945356
2721,Hepatology,512,sep,10,0.2872222222222222,0.44808743169398907
2725,Infectious Diseases,512,sep,10,0.2993793402777778,0.644808743169399
2727,Nephrology,512,sep,10,0.26199218750000003,0.1912568306010929
2728,Neurology,512,sep,10,0.3023003472222222,0.6830601092896175
2729,Obstetrics and Gynecology,512,sep,10,0.2944921875,0.5846994535519126
2730,Oncology,512,sep,10,0.3165407986111111,0.8415300546448088
2731,Ophthalmology,512,sep,10,0.26881944444444444,0.22950819672131148
2732,Orthopedics and Sports Medicine,512,sep,10,0.29079427083333337,0.5081967213114754
2733,Otorhinolaryngology,512,sep,10,0.2870963541666667,0.4426229508196721
2734,Pathology and Forensic Medicine,512,sep,10,0.33881076388888887,0.9672131147540983
2735,"Pediatrics, Perinatology and Child Health",512,sep,10,0.29517795138888886,0.5956284153005464
2736,Pharmacology,512,sep,10,0.32772135416666665,0.9344262295081968
2737,Physiology,512,sep,10,0.3263237847222223,0.9180327868852459
2738,Psychiatry and Mental health,512,sep,10,0.288142361111111,0.453551912568306
2739,"Public Health, Environmental and Occupational Health",512,sep,10,0.3393012152777778,0.9726775956284153
2740,Pulmonary and Respiratory Medicine,512,sep,10,0.3045182291666667,0.7213114754098361
2741,"Radiology, Nuclear Medicine and Imaging",512,sep,10,0.3406423611111112,0.9781420765027322
2742,Rehabilitation,512,sep,10,0.3314279513888889,0.9398907103825137
2743,Reproductive Medicine,512,sep,10,0.32119791666666664,0.8743169398907104
2745,Rheumatology,512,sep,10,0.308046875,0.7650273224043715
2746,Surgery,512,sep,10,0.2828819444444445,0.3989071038251366
2748,Urology,512,sep,10,0.3149869791666667,0.8087431693989071
2804,Cellular and Molecular Neuroscience,512,sep,10,0.32239583333333327,0.8961748633879781
2805,Cognitive Neuroscience,512,sep,10,0.3215104166666667,0.8852459016393442
2807,Endocrine and Autonomic Systems,512,sep,10,0.2931944444444444,0.5519125683060109
2808,Neurology,512,sep,10,0.3241015625,0.912568306010929
2809,Sensory Systems,512,sep,10,0.33637152777777773,0.9617486338797814
2910,"Issues, ethics and legal aspects",512,sep,10,0.24032986111111115,0.08743169398907104
2916,Nutrition and Dietetics,512,sep,10,0.31577690972222217,0.825136612021858
3003,Pharmaceutical Science,512,sep,10,0.2582508680555556,0.16393442622950818
3004,Pharmacology,512,sep,10,0.3052560763888889,0.726775956284153
3005,Toxicology,512,sep,10,0.3212760416666667,0.8797814207650273
3103,Astronomy and Astrophysics,512,sep,10,0.27263888888888893,0.29508196721311475
3104,Condensed Matter Physics,512,sep,10,0.2955772569444445,0.6065573770491803
3106,Nuclear and High Energy Physics,512,sep,10,0.2551779513888889,0.15846994535519127
3107,"Atomic and Molecular Physics, and Optics",512,sep,10,0.28665364583333336,0.43169398907103823
3108,Radiation,512,sep,10,0.2719791666666667,0.273224043715847
3109,Statistical and Nonlinear Physics,512,sep,10,0.29443576388888887,0.5792349726775956
3203,Clinical Psychology,512,sep,10,0.27081163194444446,0.26229508196721313
3204,Developmental and Educational Psychology,512,sep,10,0.2743315972222222,0.31693989071038253
3205,Experimental and Cognitive Psychology,512,sep,10,0.3155251736111111,0.819672131147541
3207,Social Psychology,512,sep,10,0.3061848958333333,0.7431693989071039
3304,Education,512,sep,10,0.24689670138888892,0.11475409836065574
3305,"Geography, Planning and Development",512,sep,10,0.27608506944444444,0.3333333333333333
3306,Health,512,sep,10,0.2987413194444445,0.639344262295082
3308,Law,512,sep,10,0.2431510416666667,0.1092896174863388
3311,Safety Research,512,sep,10,0.3210546875,0.8688524590163934
3312,Sociology and Political Science,512,sep,10,0.27276909722222226,0.3005464480874317
3313,Transportation,512,sep,10,0.2785460069444444,0.3551912568306011
3314,Anthropology,512,sep,10,0.2295703125,0.060109289617486336
3315,Communication,512,sep,10,0.2622743055555556,0.19672131147540983
3316,Cultural Studies,512,sep,10,0.24903645833333338,0.12568306010928962
3317,Demography,512,sep,10,0.2994618055555555,0.6502732240437158
3318,Gender Studies,512,sep,10,0.28837673611111114,0.4644808743169399
3320,Political Science and International Relations,512,sep,10,0.24116319444444448,0.09289617486338798
3322,Urban Studies,512,sep,10,0.2503211805555555,0.1366120218579235
3402,Equine,512,sep,10,0.2890451388888889,0.47540983606557374
3404,Small Animals,512,sep,10,0.32372829861111113,0.9016393442622951
3504,Oral Surgery,512,sep,10,0.2920095486111111,0.5409836065573771
3505,Orthodontics,512,sep,10,0.26609809027777787,0.20765027322404372
3506,Periodontics,512,sep,10,0.2958203125,0.6120218579234973
3600,General Health Professions,512,sep,10,0.26100260416666665,0.18579234972677597
3604,Emergency Medical Services,512,sep,10,0.31384114583333333,0.7978142076502732
3605,Health Information Management,512,sep,10,0.27957899305555556,0.366120218579235
3609,Occupational Therapy,512,sep,10,0.3020963541666667,0.6666666666666666
3612,"Physical Therapy, Sports Therapy and Rehabilitation",512,sep,10,0.2782161458333333,0.34972677595628415
3614,Radiological and Ultrasound Technology,512,sep,10,0.28625434027777774,0.4207650273224044
3616,Speech and Hearing,512,sep,10,0.3274045138888889,0.9289617486338798
1100,General Agricultural and Biological Sciences,512,sep,25,0.34544444444444444,0.36065573770491804
1102,Agronomy and Crop Science,512,sep,25,0.3790364583333333,0.7486338797814208
1103,Animal Science and Zoology,512,sep,25,0.3555815972222222,0.5136612021857924
1104,Aquatic Science,512,sep,25,0.35553993055555555,0.5081967213114754
1105,"Ecology, Evolution, Behavior and Systematics",512,sep,25,0.37816493055555556,0.7431693989071039
1106,Food Science,512,sep,25,0.36427604166666666,0.5956284153005464
1109,Insect Science,512,sep,25,0.34676909722222227,0.3770491803278688
1110,Plant Science,512,sep,25,0.36545312500000005,0.6229508196721312
1111,Soil Science,512,sep,25,0.3648177083333334,0.6174863387978142
1202,History,512,sep,25,0.26247743055555556,0.02185792349726776
1203,Language and Linguistics,512,sep,25,0.3049965277777778,0.08743169398907104
1204,Archeology,512,sep,25,0.333390625,0.2459016393442623
1207,History and Philosophy of Science,512,sep,25,0.3151614583333333,0.1366120218579235
1208,Literature and Literary Theory,512,sep,25,0.272234375,0.03278688524590164
1210,Music,512,sep,25,0.28889236111111116,0.04918032786885246
1211,Philosophy,512,sep,25,0.330703125,0.2185792349726776
1212,Religious studies,512,sep,25,0.25542534722222227,0.01639344262295082
1213,Visual Arts and Performing Arts,512,sep,25,0.2752482638888889,0.03825136612021858
1304,Biophysics,512,sep,25,0.36172395833333326,0.5792349726775956
1305,Biotechnology,512,sep,25,0.3867135416666667,0.8469945355191257
1306,Cancer Research,512,sep,25,0.3407239583333333,0.3114754098360656
1307,Cell Biology,512,sep,25,0.40661284722222224,0.9672131147540983
1311,Genetics,512,sep,25,0.42996354166666667,1.0
1312,Molecular Biology,512,sep,25,0.36442187499999995,0.6065573770491803
1313,Molecular Medicine,512,sep,25,0.3793923611111111,0.7540983606557377
1402,Accounting,512,sep,25,0.30552951388888894,0.10382513661202186
1404,Management Information Systems,512,sep,25,0.3378055555555556,0.3005464480874317
1405,Management of Technology and Innovation,512,sep,25,0.35058680555555555,0.4262295081967213
1406,Marketing,512,sep,25,0.32802777777777775,0.1912568306010929
1407,Organizational Behavior and Human Resource Management,512,sep,25,0.324015625,0.16939890710382513
1408,Strategy and Management,512,sep,25,0.31359548611111115,0.11475409836065574
1502,Bioengineering,512,sep,25,0.3025989583333334,0.07650273224043716
1503,Catalysis,512,sep,25,0.3258177083333333,0.17486338797814208
1507,Fluid Flow and Transfer Processes,512,sep,25,0.36696527777777777,0.6666666666666666
1508,Process Chemistry and Technology,512,sep,25,0.3533680555555555,0.45901639344262296
1602,Analytical Chemistry,512,sep,25,0.36656944444444445,0.6502732240437158
1604,Inorganic Chemistry,512,sep,25,0.3540347222222222,0.4918032786885246
1605,Organic Chemistry,512,sep,25,0.3047986111111111,0.08196721311475409
1606,Physical and Theoretical Chemistry,512,sep,25,0.3504600694444444,0.4207650273224044
1607,Spectroscopy,512,sep,25,0.3720225694444445,0.7103825136612022
1702,Artificial Intelligence,512,sep,25,0.367861111111111,0.6830601092896175
1703,Computational Theory and Mathematics,512,sep,25,0.38468749999999996,0.8306010928961749
1704,Computer Graphics and Computer-Aided Design,512,sep,25,0.37450000000000006,0.73224043715847
1705,Computer Networks and Communications,512,sep,25,0.33073437499999997,0.22404371584699453
1706,Computer Science Applications,512,sep,25,0.33357465277777776,0.25136612021857924
1707,Computer Vision and Pattern Recognition,512,sep,25,0.34339062499999995,0.3442622950819672
1708,Hardware and Architecture,512,sep,25,0.3009930555555556,0.07103825136612021
1709,Human-Computer Interaction,512,sep,25,0.3664409722222222,0.644808743169399
1710,Information Systems,512,sep,25,0.3546961805555556,0.5027322404371585
1711,Signal Processing,512,sep,25,0.3842118055555556,0.8142076502732241
1802,Information Systems and Management,512,sep,25,0.3433732638888889,0.33879781420765026
1803,Management Science and Operations Research,512,sep,25,0.36593402777777784,0.6338797814207651
1804,"Statistics, Probability and Uncertainty",512,sep,25,0.36701909722222226,0.6775956284153005
1902,Atmospheric Science,512,sep,25,0.38274305555555554,0.8032786885245902
1904,Earth-Surface Processes,512,sep,25,0.3474444444444445,0.3825136612021858
1906,Geochemistry and Petrology,512,sep,25,0.36622569444444436,0.639344262295082
1907,Geology,512,sep,25,0.36816666666666664,0.6885245901639344
1908,Geophysics,512,sep,25,0.3537847222222222,0.4808743169398907
1910,Oceanography,512,sep,25,0.37509201388888885,0.7377049180327869
1911,Paleontology,512,sep,25,0.32935416666666667,0.20765027322404372
2000,"General Economics, Econometrics and Finance",512,sep,25,0.314015625,0.12021857923497267
2002,Economics and Econometrics,512,sep,25,0.3207222222222222,0.15846994535519127
2003,Finance,512,sep,25,0.3409895833333333,0.31693989071038253
2102,Energy Engineering and Power Technology,512,sep,25,0.34228298611111113,0.3333333333333333
2105,"Renewable Energy, Sustainability and the Environment",512,sep,25,0.41507118055555564,0.9890710382513661
2202,Aerospace Engineering,512,sep,25,0.39148263888888885,0.8961748633879781
2203,Automotive Engineering,512,sep,25,0.4020798611111112,0.9562841530054644
2204,Biomedical Engineering,512,sep,25,0.41193749999999996,0.9781420765027322
2205,Civil and Structural Engineering,512,sep,25,0.3207777777777778,0.16393442622950818
2206,Computational Mechanics,512,sep,25,0.3618281250000001,0.5846994535519126
2207,Control and Systems Engineering,512,sep,25,0.34201041666666665,0.3224043715846995
2208,Electrical and Electronic Engineering,512,sep,25,0.3731701388888889,0.7213114754098361
2209,Industrial and Manufacturing Engineering,512,sep,25,0.34754340277777773,0.3879781420765027
2210,Mechanical Engineering,512,sep,25,0.33446354166666664,0.26229508196721313
2211,Mechanics of Materials,512,sep,25,0.36418229166666666,0.5901639344262295
2212,Ocean Engineering,512,sep,25,0.35805208333333327,0.5300546448087432
2213,"Safety, Risk, Reliability and Quality",512,sep,25,0.3821579861111112,0.7978142076502732
2214,Media Technology,512,sep,25,0.40040625,0.9398907103825137
2215,Building and Construction,512,sep,25,0.4063177083333334,0.9617486338797814
2303,Ecology,512,sep,25,0.38060416666666663,0.7759562841530054
2304,Environmental Chemistry,512,sep,25,0.4143420138888889,0.9836065573770492
2305,Environmental Engineering,512,sep,25,0.38679513888888883,0.8524590163934426
2306,Global and Planetary Change,512,sep,25,0.4077899305555555,0.9726775956284153
2307,"Health, Toxicology and Mutagenesis",512,sep,25,0.38983680555555555,0.8797814207650273
2308,"Management, Monitoring, Policy and Law",512,sep,25,0.35915277777777777,0.5519125683060109
2309,Nature and Landscape Conservation,512,sep,25,0.3798923611111111,0.7650273224043715
2310,Pollution,512,sep,25,0.380828125,0.7814207650273224
2311,Waste Management and Disposal,512,sep,25,0.3359357638888889,0.2786885245901639
2312,Water Science and Technology,512,sep,25,0.38864930555555555,0.8743169398907104
2403,Immunology,512,sep,25,0.3289375,0.20218579234972678
2404,Microbiology,512,sep,25,0.35584895833333335,0.5191256830601093
2405,Parasitology,512,sep,25,0.3354079861111111,0.273224043715847
2406,Virology,512,sep,25,0.36467708333333343,0.6120218579234973
2502,Biomaterials,512,sep,25,0.37373090277777776,0.726775956284153
2504,"Electronic, Optical and Magnetic Materials",512,sep,25,0.3795833333333333,0.7595628415300546
2505,Materials Chemistry,512,sep,25,0.3436197916666667,0.34972677595628415
2507,Polymers and Plastics,512,sep,25,0.3125729166666667,0.1092896174863388
2508,"Surfaces, Coatings and Films",512,sep,25,0.3705538194444445,0.7049180327868853
2602,Algebra and Number Theory,512,sep,25,0.23181770833333337,0.00546448087431694
2604,Applied Mathematics,512,sep,25,0.3366545138888889,0.28415300546448086
2608,Geometry and Topology,512,sep,25,0.27890972222222216,0.04371584699453552
2610,Mathematical Physics,512,sep,25,0.26971875,0.0273224043715847
2611,Modeling and Simulation,512,sep,25,0.38857291666666666,0.8688524590163934
2612,Numerical Analysis,512,sep,25,0.2526024305555556,0.01092896174863388
2613,Statistics and Probability,512,sep,25,0.3488819444444445,0.4098360655737705
2703,Anesthesiology and Pain Medicine,512,sep,25,0.3167013888888889,0.15300546448087432
2705,Cardiology and Cardiovascular Medicine,512,sep,25,0.33318055555555554,0.24043715846994534
2707,Complementary and alternative medicine,512,sep,25,0.3518923611111111,0.44808743169398907
2708,Dermatology,512,sep,25,0.3369496527777778,0.2896174863387978
2711,Emergency Medicine,512,sep,25,0.3535190972222222,0.4644808743169399
2712,"Endocrinology, Diabetes and Metabolism",512,sep,25,0.3699357638888889,0.6994535519125683
2713,Epidemiology,512,sep,25,0.3803003472222223,0.7704918032786885
2715,Gastroenterology,512,sep,25,0.3535434027777778,0.47540983606557374
2716,Genetics,512,sep,25,0.3668663194444445,0.6612021857923497
2720,Hematology,512,sep,25,0.3462013888888889,0.37158469945355194
2721,Hepatology,512,sep,25,0.3535329861111111,0.46994535519125685
2725,Infectious Diseases,512,sep,25,0.3574947916666667,0.5245901639344263
2727,Nephrology,512,sep,25,0.3159253472222222,0.14207650273224043
2728,Neurology,512,sep,25,0.35876909722222217,0.546448087431694
2729,Obstetrics and Gynecology,512,sep,25,0.35287847222222224,0.453551912568306
2730,Oncology,512,sep,25,0.38767187499999994,0.8633879781420765
2731,Ophthalmology,512,sep,25,0.3268541666666666,0.18032786885245902
2732,Orthopedics and Sports Medicine,512,sep,25,0.36172048611111113,0.5737704918032787
2733,Otorhinolaryngology,512,sep,25,0.35450000000000004,0.4972677595628415
2734,Pathology and Forensic Medicine,512,sep,25,0.3992465277777778,0.9289617486338798
2735,"Pediatrics, Perinatology and Child Health",512,sep,25,0.35061979166666674,0.43169398907103823
2736,Pharmacology,512,sep,25,0.3917812500000001,0.9016393442622951
2737,Physiology,512,sep,25,0.38203125,0.7923497267759563
2738,Psychiatry and Mental health,512,sep,25,0.3482760416666667,0.3989071038251366
2739,"Public Health, Environmental and Occupational Health",512,sep,25,0.38452604166666665,0.825136612021858
2740,Pulmonary and Respiratory Medicine,512,sep,25,0.3516822916666667,0.4426229508196721
2741,"Radiology, Nuclear Medicine and Imaging",512,sep,25,0.39842881944444447,0.9234972677595629
2742,Rehabilitation,512,sep,25,0.41915972222222225,0.994535519125683
2743,Reproductive Medicine,512,sep,25,0.3927934027777778,0.912568306010929
2745,Rheumatology,512,sep,25,0.36660763888888886,0.6557377049180327
2746,Surgery,512,sep,25,0.3345520833333333,0.2677595628415301
2748,Urology,512,sep,25,0.387546875,0.8579234972677595
2804,Cellular and Molecular Neuroscience,512,sep,25,0.3919375,0.907103825136612
2805,Cognitive Neuroscience,512,sep,25,0.39100000000000007,0.8907103825136612
2807,Endocrine and Autonomic Systems,512,sep,25,0.35851041666666666,0.5409836065573771
2808,Neurology,512,sep,25,0.4015486111111111,0.9453551912568307
2809,Sensory Systems,512,sep,25,0.4001527777777778,0.9344262295081968
2910,"Issues, ethics and legal aspects",512,sep,25,0.2948489583333333,0.060109289617486336
2916,Nutrition and Dietetics,512,sep,25,0.38386805555555553,0.8087431693989071
3003,Pharmaceutical Science,512,sep,25,0.33361284722222223,0.2568306010928962
3004,Pharmacology,512,sep,25,0.3612256944444445,0.5683060109289617
3005,Toxicology,512,sep,25,0.3971041666666667,0.9180327868852459
3103,Astronomy and Astrophysics,512,sep,25,0.3372934027777778,0.29508196721311475
3104,Condensed Matter Physics,512,sep,25,0.38487499999999997,0.8360655737704918
3106,Nuclear and High Energy Physics,512,sep,25,0.33137152777777784,0.22950819672131148
3107,"Atomic and Molecular Physics, and Optics",512,sep,25,0.35078125,0.4371584699453552
3108,Radiation,512,sep,25,0.34849479166666664,0.40437158469945356
3109,Statistical and Nonlinear Physics,512,sep,25,0.3692482638888889,0.6939890710382514
3203,Clinical Psychology,512,sep,25,0.3296684027777778,0.21311475409836064
3204,Developmental and Educational Psychology,512,sep,25,0.33957118055555563,0.30601092896174864
3205,Experimental and Cognitive Psychology,512,sep,25,0.3900364583333333,0.8852459016393442
3207,Social Psychology,512,sep,25,0.3596944444444445,0.5573770491803278
3304,Education,512,sep,25,0.30543402777777773,0.09836065573770492
3305,"Geography, Planning and Development",512,sep,25,0.3611979166666667,0.5628415300546448
3306,Health,512,sep,25,0.36698090277777784,0.6721311475409836
3308,Law,512,sep,25,0.2989479166666667,0.06557377049180328
3311,Safety Research,512,sep,25,0.38178125,0.7868852459016393
3312,Sociology and Political Science,512,sep,25,0.33244444444444443,0.23497267759562843
3313,Transportation,512,sep,25,0.3437690972222222,0.3551912568306011
3314,Anthropology,512,sep,25,0.2944739583333334,0.0546448087431694
3315,Communication,512,sep,25,0.32883680555555556,0.19672131147540983
3316,Cultural Studies,512,sep,25,0.31655555555555553,0.14754098360655737
3317,Demography,512,sep,25,0.3655086805555555,0.6284153005464481
3318,Gender Studies,512,sep,25,0.3476180555555556,0.39344262295081966
3320,Political Science and International Relations,512,sep,25,0.30503125000000003,0.09289617486338798
3322,Urban Studies,512,sep,25,0.3144461805555556,0.13114754098360656
3402,Equine,512,sep,25,0.3459027777777778,0.366120218579235
3404,Small Animals,512,sep,25,0.38579513888888883,0.8415300546448088
3504,Oral Surgery,512,sep,25,0.35850520833333327,0.5355191256830601
3505,Orthodontics,512,sep,25,0.327765625,0.18579234972677597
3506,Periodontics,512,sep,25,0.35392708333333334,0.48633879781420764
3600,General Health Professions,512,sep,25,0.3140295138888889,0.12568306010928962
3604,Emergency Medical Services,512,sep,25,0.3845225694444445,0.819672131147541
3605,Health Information Management,512,sep,25,0.34207465277777777,0.32786885245901637
3609,Occupational Therapy,512,sep,25,0.3725902777777778,0.7158469945355191
3612,"Physical Therapy, Sports Therapy and Rehabilitation",512,sep,25,0.34946354166666665,0.41530054644808745
3614,Radiological and Ultrasound Technology,512,sep,25,0.3643142361111111,0.6010928961748634
3616,Speech and Hearing,512,sep,25,0.40198090277777776,0.9508196721311475
1100,General Agricultural and Biological Sciences,512,sep,50,0.40965104166666677,0.3825136612021858
1102,Agronomy and Crop Science,512,sep,50,0.4476380208333334,0.7759562841530054
1103,Animal Science and Zoology,512,sep,50,0.4236996527777777,0.5409836065573771
1104,Aquatic Science,512,sep,50,0.42446701388888897,0.5519125683060109
1105,"Ecology, Evolution, Behavior and Systematics",512,sep,50,0.4503281250000001,0.8306010928961749
1106,Food Science,512,sep,50,0.42121527777777784,0.5136612021857924
1109,Insect Science,512,sep,50,0.4051883680555555,0.3224043715846995
1110,Plant Science,512,sep,50,0.42872569444444447,0.6120218579234973
1111,Soil Science,512,sep,50,0.44023784722222215,0.7103825136612022
1202,History,512,sep,50,0.31807204861111105,0.01639344262295082
1203,Language and Linguistics,512,sep,50,0.3808854166666667,0.13114754098360656
1204,Archeology,512,sep,50,0.3954140625,0.25136612021857924
1207,History and Philosophy of Science,512,sep,50,0.3699045138888889,0.07103825136612021
1208,Literature and Literary Theory,512,sep,50,0.3451015625,0.04371584699453552
1210,Music,512,sep,50,0.3553055555555556,0.04918032786885246
1211,Philosophy,512,sep,50,0.385546875,0.16939890710382513
1212,Religious studies,512,sep,50,0.31369357638888884,0.01092896174863388
1213,Visual Arts and Performing Arts,512,sep,50,0.33763628472222224,0.03278688524590164
1304,Biophysics,512,sep,50,0.4284895833333334,0.6065573770491803
1305,Biotechnology,512,sep,50,0.44283767361111115,0.7377049180327869
1306,Cancer Research,512,sep,50,0.4031414930555555,0.29508196721311475
1307,Cell Biology,512,sep,50,0.47573958333333327,0.9836065573770492
1311,Genetics,512,sep,50,0.47364756944444447,0.9672131147540983
1312,Molecular Biology,512,sep,50,0.42073090277777775,0.5027322404371585
1313,Molecular Medicine,512,sep,50,0.46856423611111114,0.9562841530054644
1402,Accounting,512,sep,50,0.37087152777777765,0.09836065573770492
1404,Management Information Systems,512,sep,50,0.40090972222222226,0.273224043715847
1405,Management of Technology and Innovation,512,sep,50,0.4093472222222222,0.3770491803278688
1406,Marketing,512,sep,50,0.39305208333333336,0.22950819672131148
1407,Organizational Behavior and Human Resource Management,512,sep,50,0.3871996527777778,0.18579234972677597
1408,Strategy and Management,512,sep,50,0.37376302083333335,0.11475409836065574
1502,Bioengineering,512,sep,50,0.37358680555555557,0.1092896174863388
1503,Catalysis,512,sep,50,0.39303385416666664,0.22404371584699453
1507,Fluid Flow and Transfer Processes,512,sep,50,0.4469852430555556,0.7704918032786885
1508,Process Chemistry and Technology,512,sep,50,0.44131163194444445,0.7213114754098361
1602,Analytical Chemistry,512,sep,50,0.43095572916666663,0.6338797814207651
1604,Inorganic Chemistry,512,sep,50,0.4290581597222223,0.6174863387978142
1605,Organic Chemistry,512,sep,50,0.3708046875,0.09289617486338798
1606,Physical and Theoretical Chemistry,512,sep,50,0.40400086805555546,0.3005464480874317
1607,Spectroscopy,512,sep,50,0.44167621527777784,0.73224043715847
1702,Artificial Intelligence,512,sep,50,0.41739843750000005,0.47540983606557374
1703,Computational Theory and Mathematics,512,sep,50,0.45651736111111113,0.9016393442622951
1704,Computer Graphics and Computer-Aided Design,512,sep,50,0.4577144097222222,0.907103825136612
1705,Computer Networks and Communications,512,sep,50,0.39260156250000006,0.2185792349726776
1706,Computer Science Applications,512,sep,50,0.3891180555555557,0.20765027322404372
1707,Computer Vision and Pattern Recognition,512,sep,50,0.3975798611111111,0.2677595628415301
1708,Hardware and Architecture,512,sep,50,0.37080121527777776,0.08743169398907104
1709,Human-Computer Interaction,512,sep,50,0.43575347222222216,0.6612021857923497
1710,Information Systems,512,sep,50,0.41266493055555553,0.41530054644808745
1711,Signal Processing,512,sep,50,0.45113715277777783,0.8360655737704918
1802,Information Systems and Management,512,sep,50,0.4115694444444445,0.40437158469945356
1803,Management Science and Operations Research,512,sep,50,0.42022569444444446,0.4972677595628415
1804,"Statistics, Probability and Uncertainty",512,sep,50,0.44920399305555553,0.8032786885245902
1902,Atmospheric Science,512,sep,50,0.45223871527777776,0.8524590163934426
1904,Earth-Surface Processes,512,sep,50,0.42406336805555556,0.546448087431694
1906,Geochemistry and Petrology,512,sep,50,0.4390564236111112,0.6939890710382514
1907,Geology,512,sep,50,0.4520225694444445,0.8469945355191257
1908,Geophysics,512,sep,50,0.42742534722222225,0.6010928961748634
1910,Oceanography,512,sep,50,0.4555737847222223,0.8797814207650273
1911,Paleontology,512,sep,50,0.4018637152777777,0.2786885245901639
2000,"General Economics, Econometrics and Finance",512,sep,50,0.3830434027777778,0.15300546448087432
2002,Economics and Econometrics,512,sep,50,0.37773958333333335,0.12568306010928962
2003,Finance,512,sep,50,0.4105546875,0.3879781420765027
2102,Energy Engineering and Power Technology,512,sep,50,0.4110321180555555,0.3989071038251366
2105,"Renewable Energy, Sustainability and the Environment",512,sep,50,0.5000217013888889,1.0
2202,Aerospace Engineering,512,sep,50,0.46253732638888884,0.9234972677595629
2203,Automotive Engineering,512,sep,50,0.46730468750000004,0.9453551912568307
2204,Biomedical Engineering,512,sep,50,0.4555746527777777,0.8852459016393442
2205,Civil and Structural Engineering,512,sep,50,0.38418402777777777,0.15846994535519127
2206,Computational Mechanics,512,sep,50,0.42448871527777776,0.5573770491803278
2207,Control and Systems Engineering,512,sep,50,0.4068098958333333,0.34972677595628415
2208,Electrical and Electronic Engineering,512,sep,50,0.43917968749999997,0.7049180327868853
2209,Industrial and Manufacturing Engineering,512,sep,50,0.4182213541666667,0.48633879781420764
2210,Mechanical Engineering,512,sep,50,0.3971128472222222,0.26229508196721313
2211,Mechanics of Materials,512,sep,50,0.4258923611111112,0.5792349726775956
2212,Ocean Engineering,512,sep,50,0.41227517361111116,0.4098360655737705
2213,"Safety, Risk, Reliability and Quality",512,sep,50,0.4442109375,0.7540983606557377
2214,Media Technology,512,sep,50,0.47737673611111114,0.9890710382513661
2215,Building and Construction,512,sep,50,0.4748298611111111,0.9726775956284153
2303,Ecology,512,sep,50,0.4409175347222222,0.7158469945355191
2304,Environmental Chemistry,512,sep,50,0.4641571180555556,0.9289617486338798
2305,Environmental Engineering,512,sep,50,0.4365121527777778,0.6721311475409836
2306,Global and Planetary Change,512,sep,50,0.46836631944444446,0.9508196721311475
2307,"Health, Toxicology and Mutagenesis",512,sep,50,0.45328645833333336,0.8688524590163934
2308,"Management, Monitoring, Policy and Law",512,sep,50,0.4186736111111111,0.4918032786885246
2309,Nature and Landscape Conservation,512,sep,50,0.45471006944444453,0.8743169398907104
2310,Pollution,512,sep,50,0.4434105902777778,0.7486338797814208
2311,Waste Management and Disposal,512,sep,50,0.4030659722222223,0.2896174863387978
2312,Water Science and Technology,512,sep,50,0.46146180555555555,0.9180327868852459
2403,Immunology,512,sep,50,0.3856788194444444,0.18032786885245902
2404,Microbiology,512,sep,50,0.4221657986111112,0.5300546448087432
2405,Parasitology,512,sep,50,0.393875,0.24043715846994534
2406,Virology,512,sep,50,0.4254027777777778,0.5737704918032787
2502,Biomaterials,512,sep,50,0.43276388888888884,0.6502732240437158
2504,"Electronic, Optical and Magnetic Materials",512,sep,50,0.44337326388888887,0.7431693989071039
2505,Materials Chemistry,512,sep,50,0.4027395833333334,0.28415300546448086
2507,Polymers and Plastics,512,sep,50,0.3821579861111111,0.14754098360655737
2508,"Surfaces, Coatings and Films",512,sep,50,0.4464184027777779,0.7650273224043715
2602,Algebra and Number Theory,512,sep,50,0.29563975694444444,0.00546448087431694
2604,Applied Mathematics,512,sep,50,0.4258975694444445,0.5846994535519126
2608,Geometry and Topology,512,sep,50,0.3247899305555555,0.0273224043715847
2610,Mathematical Physics,512,sep,50,0.3394548611111111,0.03825136612021858
2611,Modeling and Simulation,512,sep,50,0.47002083333333344,0.9617486338797814
2612,Numerical Analysis,512,sep,50,0.3209401041666666,0.02185792349726776
2613,Statistics and Probability,512,sep,50,0.41634982638888884,0.4644808743169399
2703,Anesthesiology and Pain Medicine,512,sep,50,0.38506076388888894,0.16393442622950818
2705,Cardiology and Cardiovascular Medicine,512,sep,50,0.38857638888888896,0.19672131147540983
2707,Complementary and alternative medicine,512,sep,50,0.40649913194444437,0.3442622950819672
2708,Dermatology,512,sep,50,0.393587673611111,0.23497267759562843
2711,Emergency Medicine,512,sep,50,0.42182118055555556,0.5245901639344263
2712,"Endocrinology, Diabetes and Metabolism",512,sep,50,0.4249600694444444,0.5683060109289617
2713,Epidemiology,512,sep,50,0.4247994791666666,0.5628415300546448
2715,Gastroenterology,512,sep,50,0.4140677083333334,0.43169398907103823
2716,Genetics,512,sep,50,0.43816579861111105,0.6885245901639344
2720,Hematology,512,sep,50,0.4047213541666667,0.3114754098360656
2721,Hepatology,512,sep,50,0.4167118055555556,0.46994535519125685
2725,Infectious Diseases,512,sep,50,0.4143368055555555,0.4426229508196721
2727,Nephrology,512,sep,50,0.37478993055555554,0.12021857923497267
2728,Neurology,512,sep,50,0.4152309027777777,0.45901639344262296
2729,Obstetrics and Gynecology,512,sep,50,0.4143359374999998,0.4371584699453552
2730,Oncology,512,sep,50,0.44424913194444443,0.7595628415300546
2731,Ophthalmology,512,sep,50,0.38555729166666663,0.17486338797814208
2732,Orthopedics and Sports Medicine,512,sep,50,0.4358263888888888,0.6666666666666666
2733,Otorhinolaryngology,512,sep,50,0.4181475694444445,0.4808743169398907
2734,Pathology and Forensic Medicine,512,sep,50,0.4502465277777778,0.825136612021858
2735,"Pediatrics, Perinatology and Child Health",512,sep,50,0.40780121527777785,0.36065573770491804
2736,Pharmacology,512,sep,50,0.45289409722222224,0.8579234972677595
2737,Physiology,512,sep,50,0.4318975694444445,0.644808743169399
2738,Psychiatry and Mental health,512,sep,50,0.4056744791666667,0.3333333333333333
2739,"Public Health, Environmental and Occupational Health",512,sep,50,0.42605121527777773,0.5901639344262295
2740,Pulmonary and Respiratory Medicine,512,sep,50,0.4046076388888889,0.30601092896174864
2741,"Radiology, Nuclear Medicine and Imaging",512,sep,50,0.44981163194444446,0.819672131147541
2742,Rehabilitation,512,sep,50,0.49433506944444433,0.994535519125683
2743,Reproductive Medicine,512,sep,50,0.4494687499999999,0.8142076502732241
2745,Rheumatology,512,sep,50,0.42999913194444456,0.6229508196721312
2746,Surgery,512,sep,50,0.3875078125,0.1912568306010929
2748,Urology,512,sep,50,0.4492534722222223,0.8087431693989071
2804,Cellular and Molecular Neuroscience,512,sep,50,0.4487994791666667,0.7978142076502732
2805,Cognitive Neuroscience,512,sep,50,0.4532612847222222,0.8633879781420765
2807,Endocrine and Autonomic Systems,512,sep,50,0.4231901041666666,0.5355191256830601
2808,Neurology,512,sep,50,0.4670850694444445,0.9398907103825137
2809,Sensory Systems,512,sep,50,0.4600199652777778,0.912568306010929
2910,"Issues, ethics and legal aspects",512,sep,50,0.3598454861111111,0.060109289617486336
2916,Nutrition and Dietetics,512,sep,50,0.4514878472222222,0.8415300546448088
3003,Pharmaceutical Science,512,sep,50,0.42154947916666674,0.5191256830601093
3004,Pharmacology,512,sep,50,0.4135303819444444,0.4262295081967213
3005,Toxicology,512,sep,50,0.47521093749999993,0.9781420765027322
3103,Astronomy and Astrophysics,512,sep,50,0.40789670138888884,0.366120218579235
3104,Condensed Matter Physics,512,sep,50,0.4559565972222222,0.8907103825136612
3106,Nuclear and High Energy Physics,512,sep,50,0.4056440972222221,0.32786885245901637
3107,"Atomic and Molecular Physics, and Optics",512,sep,50,0.4151197916666667,0.453551912568306
3108,Radiation,512,sep,50,0.43025954861111104,0.6284153005464481
3109,Statistical and Nonlinear Physics,512,sep,50,0.43762934027777783,0.6830601092896175
3203,Clinical Psychology,512,sep,50,0.3887595486111111,0.20218579234972678
3204,Developmental and Educational Psychology,512,sep,50,0.40500000000000014,0.31693989071038253
3205,Experimental and Cognitive Psychology,512,sep,50,0.45626475694444435,0.8961748633879781
3207,Social Psychology,512,sep,50,0.4127595486111111,0.4207650273224044
3304,Education,512,sep,50,0.37046788194444447,0.07650273224043716
3305,"Geography, Planning and Development",512,sep,50,0.4486918402777778,0.7923497267759563
3306,Health,512,sep,50,0.4371223958333334,0.6775956284153005
3308,Law,512,sep,50,0.35742795138888894,0.0546448087431694
3311,Safety Research,512,sep,50,0.4347569444444445,0.6557377049180327
3312,Sociology and Political Science,512,sep,50,0.39182465277777784,0.21311475409836064
3313,Transportation,512,sep,50,0.40829427083333325,0.37158469945355194
3314,Anthropology,512,sep,50,0.36155902777777776,0.06557377049180328
3315,Communication,512,sep,50,0.39509288194444453,0.2459016393442623
3316,Cultural Studies,512,sep,50,0.38157031250000006,0.1366120218579235
3317,Demography,512,sep,50,0.43163020833333327,0.639344262295082
3318,Gender Studies,512,sep,50,0.4057439236111112,0.33879781420765026
3320,Political Science and International Relations,512,sep,50,0.37061111111111117,0.08196721311475409
3322,Urban Studies,512,sep,50,0.38160503472222224,0.14207650273224043
3402,Equine,512,sep,50,0.406890625,0.3551912568306011
3404,Small Animals,512,sep,50,0.4414227430555555,0.726775956284153
3504,Oral Surgery,512,sep,50,0.4210234375000001,0.5081967213114754
3505,Orthodontics,512,sep,50,0.3964114583333333,0.2568306010928962
3506,Periodontics,512,sep,50,0.4149453125,0.44808743169398907
3600,General Health Professions,512,sep,50,0.3720876736111111,0.10382513661202186
3604,Emergency Medical Services,512,sep,50,0.4480824652777777,0.7814207650273224
3605,Health Information Management,512,sep,50,0.41070399305555544,0.39344262295081966
3609,Occupational Therapy,512,sep,50,0.4391276041666667,0.6994535519125683
3612,"Physical Therapy, Sports Therapy and Rehabilitation",512,sep,50,0.4268342013888889,0.5956284153005464
3614,Radiological and Ultrasound Technology,512,sep,50,0.44809722222222215,0.7868852459016393
3616,Speech and Hearing,512,sep,50,0.4663515625000001,0.9344262295081968
