field_id,recipe,metric,model,input_condition,is_word_bert,mean_effect,alternative_effect,effect_change,input_change_difference,model_change_difference,sign_changed
11,cls,cka,specter,title,False,0.18662970381654087,0.24580399097773115,0.059174287161190275,0.0,0.059174287161190275,False
11,cls,cka,specter,abstract,False,0.3163745059536942,0.3755487931148845,0.059174287161190275,0.0,0.059174287161190275,False
11,cls,cka,specter2,title,False,0.21415826869440396,0.2754479050223837,0.061289636327979735,0.0,0.061289636327979735,False
11,cls,cka,specter2,abstract,False,0.3491900437103424,0.41047968003832214,0.061289636327979735,0.0,0.061289636327979735,False
11,cls,cka,scincl,title,False,0.18429223787501842,0.2457247223618685,0.06143248448685007,0.0,0.06143248448685007,False
11,cls,cka,scincl,abstract,False,0.3326527591878962,0.3940852436747463,0.06143248448685007,0.0,0.06143248448685007,False
11,cls,cka,scibert,title,True,-0.18384403163748048,-0.09178757459095044,0.09205645704653004,0.09136589928494598,0.18342235633147602,False
11,cls,cka,scibert,abstract,True,0.3506597684054557,0.4988665016542857,0.14820673324883,0.03521562308264603,0.18342235633147602,False
11,cls,cka,bert,title,True,-0.047572506424717886,-0.14833367991921598,-0.10076117349449809,0.28675534682546466,0.18599417333096657,False
11,cls,cka,bert,abstract,True,0.3561913566565378,0.46081429300801247,0.10462293635147468,0.08137123697949189,0.18599417333096657,False
11,cls,cka,mpnet,title,False,0.19734008060948555,0.25811382385685466,0.060773743247369116,0.0,0.060773743247369116,False
11,cls,cka,mpnet,abstract,False,0.3370877901578992,0.3978615334052683,0.060773743247369116,0.0,0.060773743247369116,False
11,cls,cka,minilm,title,False,0.14768332751657176,0.2136755033276278,0.06599217581105604,0.0,0.06599217581105604,False
11,cls,cka,minilm,abstract,False,0.3414207777753486,0.40741295358640467,0.06599217581105604,0.0,0.06599217581105604,False
11,cls,cka,pubmedbert,title,True,-0.1179490527347753,-0.15722380007614767,-0.039274747341372374,0.18498339299842526,0.14570864565705288,False
11,cls,cka,pubmedbert,abstract,True,0.39074576678653683,0.5205088344776676,0.12976306769113077,0.01594557796592211,0.14570864565705288,False
11,cls,cka,biobert,title,True,-0.28524954158567667,-0.2644690528218528,0.02078048876382388,0.06669533311155962,0.0874758218753835,False
11,cls,cka,biobert,abstract,True,0.3601910815711556,0.4350795434825035,0.0748884619113479,0.012587359964035594,0.0874758218753835,False
11,cls,cka,simcse,title,False,-0.0760607210842082,-0.021977703323311726,0.05408301776089647,0.0,0.05408301776089647,False
11,cls,cka,simcse,abstract,False,0.41061051190911374,0.4646935296700102,0.05408301776089647,0.0,0.05408301776089647,False
11,cls,neighbors10,specter,title,False,0.07987777777777783,0.12419999999999998,0.04432222222222215,0.0,0.04432222222222215,False
11,cls,neighbors10,specter,abstract,False,0.3402777777777778,0.38459999999999994,0.04432222222222215,0.0,0.04432222222222215,False
11,cls,neighbors10,specter2,title,False,0.11252777777777778,0.14761666666666673,0.03508888888888895,0.0,0.03508888888888895,False
11,cls,neighbors10,specter2,abstract,False,0.39092777777777776,0.4260166666666667,0.03508888888888895,0.0,0.03508888888888895,False
11,cls,neighbors10,scincl,title,False,0.10201111111111105,0.1402888888888889,0.038277777777777855,0.0,0.038277777777777855,False
11,cls,neighbors10,scincl,abstract,False,0.420061111111111,0.45833888888888885,0.038277777777777855,0.0,0.038277777777777855,False
11,cls,neighbors10,scibert,title,True,-0.1753944444444444,-0.06674444444444438,0.10865000000000002,0.03885000000000005,0.14750000000000008,False
11,cls,neighbors10,scibert,abstract,True,0.5249555555555555,0.47510555555555567,-0.04984999999999984,0.19734999999999991,0.14750000000000008,False
11,cls,neighbors10,bert,title,True,-0.13969444444444445,-0.08023333333333338,0.059461111111111076,0.07779999999999998,0.13726111111111106,False
11,cls,neighbors10,bert,abstract,True,0.5234055555555555,0.35511666666666664,-0.16828888888888882,0.3055499999999999,0.13726111111111106,False
11,cls,neighbors10,mpnet,title,False,0.15459444444444448,0.1960777777777779,0.04148333333333343,0.0,0.04148333333333343,False
11,cls,neighbors10,mpnet,abstract,False,0.47969444444444453,0.521177777777778,0.04148333333333343,0.0,0.04148333333333343,False
11,cls,neighbors10,minilm,title,False,0.1029944444444445,0.14212777777777785,0.03913333333333335,0.0,0.03913333333333335,False
11,cls,neighbors10,minilm,abstract,False,0.44744444444444453,0.4865777777777779,0.03913333333333335,0.0,0.03913333333333335,False
11,cls,neighbors10,pubmedbert,title,True,-0.13472777777777778,-0.08531666666666671,0.04941111111111107,0.0837500000000001,0.13316111111111117,False
11,cls,neighbors10,pubmedbert,abstract,True,0.5314222222222221,0.5785833333333333,0.04716111111111121,0.08599999999999997,0.13316111111111117,False
11,cls,neighbors10,biobert,title,True,-0.15142777777777783,-0.09073888888888892,0.0606888888888889,0.05075000000000007,0.11143888888888898,False
11,cls,neighbors10,biobert,abstract,True,0.49102222222222214,0.5367111111111111,0.045688888888889,0.06574999999999998,0.11143888888888898,False
11,cls,neighbors10,simcse,title,False,-0.09652777777777766,-0.05081666666666662,0.045711111111111036,0.0,0.045711111111111036,False
11,cls,neighbors10,simcse,abstract,False,0.4776222222222223,0.5233333333333333,0.045711111111111036,0.0,0.045711111111111036,False
11,cls,neighbors25,specter,title,False,0.090308888888889,0.13836000000000004,0.048051111111111044,0.0,0.048051111111111044,False
11,cls,neighbors25,specter,abstract,False,0.34546888888888894,0.39352,0.048051111111111044,0.0,0.048051111111111044,False
11,cls,neighbors25,specter2,title,False,0.11968222222222213,0.15813999999999995,0.03845777777777781,0.0,0.03845777777777781,False
11,cls,neighbors25,specter2,abstract,False,0.3880422222222222,0.4265,0.03845777777777781,0.0,0.03845777777777781,False
11,cls,neighbors25,scincl,title,False,0.11234444444444447,0.15395777777777775,0.04161333333333328,0.0,0.04161333333333328,False
11,cls,neighbors25,scincl,abstract,False,0.41374444444444436,0.45535777777777764,0.04161333333333328,0.0,0.04161333333333328,False
11,cls,neighbors25,scibert,title,True,-0.17624444444444454,-0.07486222222222216,0.10138222222222237,0.05443999999999993,0.1558222222222223,False
11,cls,neighbors25,scibert,abstract,True,0.5014755555555556,0.4834577777777779,-0.018017777777777688,0.17384,0.1558222222222223,False
11,cls,neighbors25,bert,title,True,-0.13611777777777778,-0.09219555555555548,0.04392222222222231,0.10083999999999993,0.14476222222222224,False
11,cls,neighbors25,bert,abstract,True,0.5076222222222222,0.3772444444444445,-0.1303777777777777,0.27513999999999994,0.14476222222222224,False
11,cls,neighbors25,mpnet,title,False,0.15173777777777764,0.1979844444444443,0.04624666666666666,0.0,0.04624666666666666,False
11,cls,neighbors25,mpnet,abstract,False,0.4638177777777778,0.5100644444444444,0.04624666666666666,0.0,0.04624666666666666,False
11,cls,neighbors25,minilm,title,False,0.10175333333333347,0.1458977777777778,0.04414444444444432,0.0,0.04414444444444432,False
11,cls,neighbors25,minilm,abstract,False,0.43765333333333345,0.48179777777777777,0.04414444444444432,0.0,0.04414444444444432,False
11,cls,neighbors25,pubmedbert,title,True,-0.1341622222222223,-0.0914977777777779,0.042664444444444394,0.09599999999999997,0.13866444444444437,False
11,cls,neighbors25,pubmedbert,abstract,True,0.5105977777777777,0.570802222222222,0.06020444444444428,0.07846000000000009,0.13866444444444437,False
11,cls,neighbors25,biobert,title,True,-0.15922888888888875,-0.10093555555555556,0.0582933333333332,0.054220000000000046,0.11251333333333324,False
11,cls,neighbors25,biobert,abstract,True,0.4730711111111112,0.5243444444444445,0.05127333333333328,0.06123999999999996,0.11251333333333324,False
11,cls,neighbors25,simcse,title,False,-0.09792666666666672,-0.04936666666666667,0.04856000000000005,0.0,0.04856000000000005,False
11,cls,neighbors25,simcse,abstract,False,0.4808333333333332,0.5293933333333333,0.04856000000000005,0.0,0.04856000000000005,False
11,cls,neighbors50,specter,title,False,0.10386111111111107,0.15301222222222233,0.049151111111111256,0.0,0.049151111111111256,False
11,cls,neighbors50,specter,abstract,False,0.3476811111111111,0.39683222222222236,0.049151111111111256,0.0,0.049151111111111256,False
11,cls,neighbors50,specter2,title,False,0.12976999999999994,0.16875666666666667,0.038986666666666725,0.0,0.038986666666666725,False
11,cls,neighbors50,specter2,abstract,False,0.38354,0.4225266666666667,0.038986666666666725,0.0,0.038986666666666725,False
11,cls,neighbors50,scincl,title,False,0.1227866666666666,0.1657466666666666,0.04296,0.0,0.04296,False
11,cls,neighbors50,scincl,abstract,False,0.4060866666666667,0.4490466666666667,0.04296,0.0,0.04296,False
11,cls,neighbors50,scibert,title,True,-0.1775122222222223,-0.07939777777777779,0.0981144444444445,0.05708000000000002,0.15519444444444452,False
11,cls,neighbors50,scibert,abstract,True,0.4791577777777777,0.47548222222222214,-0.003675555555555543,0.15887000000000007,0.15519444444444452,False
11,cls,neighbors50,bert,title,True,-0.1275711111111112,-0.09930111111111117,0.028270000000000017,0.11825999999999992,0.14652999999999994,False
11,cls,neighbors50,bert,abstract,True,0.49185888888888885,0.3848188888888888,-0.10704000000000002,0.25356999999999996,0.14652999999999994,False
11,cls,neighbors50,mpnet,title,False,0.15338333333333332,0.20043333333333324,0.047049999999999925,0.0,0.047049999999999925,False
11,cls,neighbors50,mpnet,abstract,False,0.4429333333333333,0.4899833333333332,0.047049999999999925,0.0,0.047049999999999925,False
11,cls,neighbors50,minilm,title,False,0.09684999999999999,0.14265777777777766,0.04580777777777767,0.0,0.04580777777777767,False
11,cls,neighbors50,minilm,abstract,False,0.41933,0.46513777777777765,0.04580777777777767,0.0,0.04580777777777767,False
11,cls,neighbors50,pubmedbert,title,True,-0.13004111111111116,-0.09427333333333332,0.03576777777777784,0.10333000000000003,0.13909777777777788,False
11,cls,neighbors50,pubmedbert,abstract,True,0.4885288888888889,0.5587466666666667,0.07021777777777782,0.06888000000000005,0.13909777777777788,False
11,cls,neighbors50,biobert,title,True,-0.1599988888888889,-0.10599111111111115,0.054007777777777766,0.05423,0.10823777777777777,False
11,cls,neighbors50,biobert,abstract,True,0.451851111111111,0.5053488888888888,0.053497777777777866,0.0547399999999999,0.10823777777777777,False
11,cls,neighbors50,simcse,title,False,-0.09330777777777777,-0.04499888888888892,0.048308888888888846,0.0,0.048308888888888846,False
11,cls,neighbors50,simcse,abstract,False,0.46936222222222224,0.5176711111111111,0.048308888888888846,0.0,0.048308888888888846,False
11,sep,cka,specter,title,False,0.18662970381654087,0.2053989621798623,0.01876925836332144,0.0,0.01876925836332144,False
11,sep,cka,specter,abstract,False,0.3163745059536942,0.33514376431701565,0.01876925836332144,0.0,0.01876925836332144,False
11,sep,cka,specter2,title,False,0.21415826869440396,0.23800054051533837,0.023842271820934402,0.0,0.023842271820934402,False
11,sep,cka,specter2,abstract,False,0.3491900437103424,0.3730323155312768,0.023842271820934402,0.0,0.023842271820934402,False
11,sep,cka,scincl,title,False,0.18429223787501842,0.2041653324876952,0.019873094612676778,0.0,0.019873094612676778,False
11,sep,cka,scincl,abstract,False,0.3326527591878962,0.352525853800573,0.019873094612676778,0.0,0.019873094612676778,False
11,sep,cka,scibert,title,True,-0.18384403163748048,-0.11303976696564189,0.07080426467183859,0.10451320644079498,0.17531747111263357,False
11,sep,cka,scibert,abstract,True,0.3506597684054557,0.46824342756128456,0.11758365915582886,0.057733811956804715,0.17531747111263357,False
11,sep,cka,bert,title,True,-0.047572506424717886,-0.09301235141506403,-0.045439844990346145,0.48955146341215583,0.4441116184218097,False
11,sep,cka,bert,abstract,True,0.3561913566565378,0.6166642684251905,0.2604729117686527,0.18363870665315696,0.4441116184218097,False
11,sep,cka,mpnet,title,False,0.19734008060948555,0.21934775383682492,0.022007673227339375,0.0,0.022007673227339375,False
11,sep,cka,mpnet,abstract,False,0.3370877901578992,0.35909546338523857,0.022007673227339375,0.0,0.022007673227339375,False
11,sep,cka,minilm,title,False,0.14768332751657176,0.178156536126242,0.030473208609670233,0.0,0.030473208609670233,False
11,sep,cka,minilm,abstract,False,0.3414207777753486,0.37189398638501886,0.030473208609670233,0.0,0.030473208609670233,False
11,sep,cka,pubmedbert,title,True,-0.1179490527347753,-0.02343385037181367,0.09451520236296163,-0.1370203231687952,-0.042505120805833574,False
11,sep,cka,pubmedbert,abstract,True,0.39074576678653683,0.3501808485078153,-0.04056491827872155,-0.0019402025271120227,-0.042505120805833574,False
11,sep,cka,biobert,title,True,-0.28524954158567667,-0.09432282407558013,0.19092671751009654,-0.18280118296857095,0.008125534541525592,False
11,sep,cka,biobert,abstract,True,0.3601910815711556,0.3771381666481425,0.01694708507698689,-0.008821550535461298,0.008125534541525592,False
11,sep,cka,simcse,title,False,-0.0760607210842082,-0.018192195913446896,0.0578685251707613,0.0,0.0578685251707613,False
11,sep,cka,simcse,abstract,False,0.41061051190911374,0.46847903707987504,0.0578685251707613,0.0,0.0578685251707613,False
11,sep,neighbors10,specter,title,False,0.07987777777777783,0.08586111111111117,0.0059833333333333405,0.0,0.0059833333333333405,False
11,sep,neighbors10,specter,abstract,False,0.3402777777777778,0.34626111111111113,0.0059833333333333405,0.0,0.0059833333333333405,False
11,sep,neighbors10,specter2,title,False,0.11252777777777778,0.1181833333333333,0.005655555555555525,0.0,0.005655555555555525,False
11,sep,neighbors10,specter2,abstract,False,0.39092777777777776,0.3965833333333333,0.005655555555555525,0.0,0.005655555555555525,False
11,sep,neighbors10,scincl,title,False,0.10201111111111105,0.10643888888888875,0.004427777777777697,0.0,0.004427777777777697,False
11,sep,neighbors10,scincl,abstract,False,0.420061111111111,0.4244888888888887,0.004427777777777697,0.0,0.004427777777777697,False
11,sep,neighbors10,scibert,title,True,-0.1753944444444444,-0.06733333333333336,0.10806111111111105,0.04500000000000004,0.1530611111111111,False
11,sep,neighbors10,scibert,abstract,True,0.5249555555555555,0.47881666666666667,-0.04613888888888884,0.19919999999999993,0.1530611111111111,False
11,sep,neighbors10,bert,title,True,-0.13969444444444445,-0.06903333333333328,0.07066111111111117,0.060450000000000004,0.13111111111111118,False
11,sep,neighbors10,bert,abstract,True,0.5234055555555555,0.42471666666666663,-0.09868888888888883,0.2298,0.13111111111111118,False
11,sep,neighbors10,mpnet,title,False,0.15459444444444448,0.15861666666666663,0.004022222222222149,0.0,0.004022222222222149,False
11,sep,neighbors10,mpnet,abstract,False,0.47969444444444453,0.4837166666666667,0.004022222222222149,0.0,0.004022222222222149,False
11,sep,neighbors10,minilm,title,False,0.1029944444444445,0.10879444444444464,0.005800000000000138,0.0,0.005800000000000138,False
11,sep,neighbors10,minilm,abstract,False,0.44744444444444453,0.45324444444444467,0.005800000000000138,0.0,0.005800000000000138,False
11,sep,neighbors10,pubmedbert,title,True,-0.13472777777777778,-0.08876111111111107,0.04596666666666671,-0.04049999999999998,0.005466666666666731,False
11,sep,neighbors10,pubmedbert,abstract,True,0.5314222222222221,0.5324888888888888,0.0010666666666666602,0.0044000000000000705,0.005466666666666731,False
11,sep,neighbors10,biobert,title,True,-0.15142777777777783,-0.08051666666666679,0.07091111111111104,-0.03844999999999987,0.03246111111111116,False
11,sep,neighbors10,biobert,abstract,True,0.49102222222222214,0.5548333333333333,0.06381111111111115,-0.03134999999999999,0.03246111111111116,False
11,sep,neighbors10,simcse,title,False,-0.09652777777777766,-0.07447222222222205,0.022055555555555606,0.0,0.022055555555555606,False
11,sep,neighbors10,simcse,abstract,False,0.4776222222222223,0.4996777777777779,0.022055555555555606,0.0,0.022055555555555606,False
11,sep,neighbors25,specter,title,False,0.090308888888889,0.09829555555555558,0.007986666666666586,0.0,0.007986666666666586,False
11,sep,neighbors25,specter,abstract,False,0.34546888888888894,0.3534555555555555,0.007986666666666586,0.0,0.007986666666666586,False
11,sep,neighbors25,specter2,title,False,0.11968222222222213,0.12610222222222223,0.006420000000000092,0.0,0.006420000000000092,False
11,sep,neighbors25,specter2,abstract,False,0.3880422222222222,0.39446222222222227,0.006420000000000092,0.0,0.006420000000000092,False
11,sep,neighbors25,scincl,title,False,0.11234444444444447,0.11798000000000008,0.005635555555555616,0.0,0.005635555555555616,False
11,sep,neighbors25,scincl,abstract,False,0.41374444444444436,0.41938,0.005635555555555616,0.0,0.005635555555555616,False
11,sep,neighbors25,scibert,title,True,-0.17624444444444454,-0.08023555555555562,0.09600888888888892,0.06245999999999996,0.15846888888888888,False
11,sep,neighbors25,scibert,abstract,True,0.5014755555555556,0.4811444444444444,-0.02033111111111119,0.17880000000000007,0.15846888888888888,False
11,sep,neighbors25,bert,title,True,-0.13611777777777778,-0.0750466666666667,0.061071111111111076,0.08408000000000004,0.14515111111111112,False
11,sep,neighbors25,bert,abstract,True,0.5076222222222222,0.4377333333333333,-0.06988888888888889,0.21504,0.14515111111111112,False
11,sep,neighbors25,mpnet,title,False,0.15173777777777764,0.15811999999999993,0.006382222222222289,0.0,0.006382222222222289,False
11,sep,neighbors25,mpnet,abstract,False,0.4638177777777778,0.47020000000000006,0.006382222222222289,0.0,0.006382222222222289,False
11,sep,neighbors25,minilm,title,False,0.10175333333333347,0.11040444444444442,0.008651111111110943,0.0,0.008651111111110943,False
11,sep,neighbors25,minilm,abstract,False,0.43765333333333345,0.4463044444444444,0.008651111111110943,0.0,0.008651111111110943,False
11,sep,neighbors25,pubmedbert,title,True,-0.1341622222222223,-0.08141333333333334,0.052748888888888956,-0.05020000000000002,0.002548888888888934,False
11,sep,neighbors25,pubmedbert,abstract,True,0.5105977777777777,0.5099066666666666,-0.0006911111111110868,0.0032400000000000206,0.002548888888888934,False
11,sep,neighbors25,biobert,title,True,-0.15922888888888875,-0.07569111111111104,0.08353777777777771,-0.054359999999999964,0.029177777777777747,False
11,sep,neighbors25,biobert,abstract,True,0.4730711111111112,0.5282888888888889,0.0552177777777777,-0.026039999999999952,0.029177777777777747,False
11,sep,neighbors25,simcse,title,False,-0.09792666666666672,-0.07270888888888893,0.025217777777777783,0.0,0.025217777777777783,False
11,sep,neighbors25,simcse,abstract,False,0.4808333333333332,0.506051111111111,0.025217777777777783,0.0,0.025217777777777783,False
11,sep,neighbors50,specter,title,False,0.10386111111111107,0.11145222222222217,0.007591111111111104,0.0,0.007591111111111104,False
11,sep,neighbors50,specter,abstract,False,0.3476811111111111,0.3552722222222222,0.007591111111111104,0.0,0.007591111111111104,False
11,sep,neighbors50,specter2,title,False,0.12976999999999994,0.13586555555555546,0.006095555555555521,0.0,0.006095555555555521,False
11,sep,neighbors50,specter2,abstract,False,0.38354,0.3896355555555555,0.006095555555555521,0.0,0.006095555555555521,False
11,sep,neighbors50,scincl,title,False,0.1227866666666666,0.12865111111111105,0.00586444444444445,0.0,0.00586444444444445,False
11,sep,neighbors50,scincl,abstract,False,0.4060866666666667,0.41195111111111116,0.00586444444444445,0.0,0.00586444444444445,False
11,sep,neighbors50,scibert,title,True,-0.1775122222222223,-0.08967111111111115,0.08784111111111115,0.06930999999999998,0.15715111111111113,False
11,sep,neighbors50,scibert,abstract,True,0.4791577777777777,0.4759588888888888,-0.0031988888888888622,0.16035,0.15715111111111113,False
11,sep,neighbors50,bert,title,True,-0.1275711111111112,-0.07932777777777789,0.048243333333333305,0.10236,0.1506033333333333,False
11,sep,neighbors50,bert,abstract,True,0.49185888888888885,0.43994222222222223,-0.05191666666666661,0.20251999999999992,0.1506033333333333,False
11,sep,neighbors50,mpnet,title,False,0.15338333333333332,0.16001555555555547,0.0066322222222221505,0.0,0.0066322222222221505,False
11,sep,neighbors50,mpnet,abstract,False,0.4429333333333333,0.44956555555555544,0.0066322222222221505,0.0,0.0066322222222221505,False
11,sep,neighbors50,minilm,title,False,0.09684999999999999,0.10595333333333334,0.009103333333333352,0.0,0.009103333333333352,False
11,sep,neighbors50,minilm,abstract,False,0.41933,0.42843333333333333,0.009103333333333352,0.0,0.009103333333333352,False
11,sep,neighbors50,pubmedbert,title,True,-0.13004111111111116,-0.0727377777777779,0.05730333333333326,-0.05828999999999995,-0.0009866666666666912,False
11,sep,neighbors50,pubmedbert,abstract,True,0.4885288888888889,0.4845622222222221,-0.003966666666666785,0.0029800000000000937,-0.0009866666666666912,False
11,sep,neighbors50,biobert,title,True,-0.1599988888888889,-0.07472777777777773,0.08527111111111119,-0.06328999999999996,0.02198111111111123,False
11,sep,neighbors50,biobert,abstract,True,0.451851111111111,0.5010622222222222,0.049211111111111205,-0.027229999999999976,0.02198111111111123,False
11,sep,neighbors50,simcse,title,False,-0.09330777777777777,-0.06775444444444445,0.025553333333333317,0.0,0.025553333333333317,False
11,sep,neighbors50,simcse,abstract,False,0.46936222222222224,0.49491555555555555,0.025553333333333317,0.0,0.025553333333333317,False
12,cls,cka,specter,title,False,0.0856756912163012,0.12713344986212932,0.041457758645828124,0.0,0.041457758645828124,False
12,cls,cka,specter,abstract,False,0.38921418398597446,0.4306719426318026,0.041457758645828124,0.0,0.041457758645828124,False
12,cls,cka,specter2,title,False,0.13187401021560868,0.1747629191847948,0.042888908969186124,0.0,0.042888908969186124,False
12,cls,cka,specter2,abstract,False,0.3455833637353554,0.38847227270454154,0.042888908969186124,0.0,0.042888908969186124,False
12,cls,cka,scincl,title,False,0.010677774532678597,0.057762168436231,0.0470843939035524,0.0,0.0470843939035524,False
12,cls,cka,scincl,abstract,False,0.378147756335914,0.4252321502394664,0.0470843939035524,0.0,0.0470843939035524,False
12,cls,cka,scibert,title,True,-0.2736535083404025,-0.19152373716254512,0.08212977117785736,0.07273448400994642,0.15486425518780378,False
12,cls,cka,scibert,abstract,True,0.3729960036805934,0.5123406797114031,0.1393446760308097,0.01551957915699409,0.15486425518780378,False
12,cls,cka,bert,title,True,-0.20390892354594425,-0.2021740160551131,0.0017349074908311612,0.17214765936359144,0.1738825668544226,False
12,cls,cka,bert,abstract,True,0.3608463962355616,0.4837828431059954,0.12293644687043381,0.05094611998398879,0.1738825668544226,False
12,cls,cka,mpnet,title,False,0.16168139726257358,0.20373355183198943,0.042052154569415856,0.0,0.042052154569415856,False
12,cls,cka,mpnet,abstract,False,0.40656267842822846,0.4486148329976443,0.042052154569415856,0.0,0.042052154569415856,False
12,cls,cka,minilm,title,False,0.09836935676233943,0.1439118946593665,0.04554253789702706,0.0,0.04554253789702706,False
12,cls,cka,minilm,abstract,False,0.4011575885244653,0.44670012642149237,0.04554253789702706,0.0,0.04554253789702706,False
12,cls,cka,pubmedbert,title,True,-0.2341330628921251,-0.24619896341328296,-0.012065900521157857,0.09521236855302329,0.08314646803186543,False
12,cls,cka,pubmedbert,abstract,True,0.42158891893268924,0.49806629116226675,0.07647737222957751,0.0066690958022879165,0.08314646803186543,False
12,cls,cka,biobert,title,True,-0.2966418672267501,-0.25210501376579575,0.04453685346095437,0.028382303061412206,0.07291915652236658,False
12,cls,cka,biobert,abstract,True,0.41199655663162116,0.4730745274190786,0.06107797078745747,0.01184118573490911,0.07291915652236658,False
12,cls,cka,simcse,title,False,-0.18109260824108814,-0.12851028288504218,0.052582325356045956,0.0,0.052582325356045956,False
12,cls,cka,simcse,abstract,False,0.3953830494982193,0.44796537485426524,0.052582325356045956,0.0,0.052582325356045956,False
12,cls,neighbors10,specter,title,False,-0.005838888888888838,0.012177777777777732,0.01801666666666657,0.0,0.01801666666666657,True
12,cls,neighbors10,specter,abstract,False,0.36736111111111114,0.3853777777777777,0.01801666666666657,0.0,0.01801666666666657,False
12,cls,neighbors10,specter2,title,False,0.03788333333333338,0.05552222222222225,0.01763888888888887,0.0,0.01763888888888887,False
12,cls,neighbors10,specter2,abstract,False,0.30843333333333345,0.3260722222222223,0.01763888888888887,0.0,0.01763888888888887,False
12,cls,neighbors10,scincl,title,False,-0.02155555555555555,-0.0023222222222222255,0.019233333333333325,0.0,0.019233333333333325,False
12,cls,neighbors10,scincl,abstract,False,0.4606444444444444,0.47987777777777774,0.019233333333333325,0.0,0.019233333333333325,False
12,cls,neighbors10,scibert,title,True,-0.16049444444444438,-0.07767222222222225,0.08282222222222213,0.01869999999999994,0.10152222222222207,False
12,cls,neighbors10,scibert,abstract,True,0.5515555555555557,0.5219777777777778,-0.029577777777777925,0.1311,0.10152222222222207,False
12,cls,neighbors10,bert,title,True,-0.1195666666666666,-0.07685000000000008,0.042716666666666514,0.06800000000000006,0.11071666666666657,False
12,cls,neighbors10,bert,abstract,True,0.5659333333333334,0.45809999999999995,-0.10783333333333345,0.21855000000000002,0.11071666666666657,False
12,cls,neighbors10,mpnet,title,False,0.10320000000000007,0.12832222222222223,0.025122222222222157,0.0,0.025122222222222157,False
12,cls,neighbors10,mpnet,abstract,False,0.5111,0.5362222222222222,0.025122222222222157,0.0,0.025122222222222157,False
12,cls,neighbors10,minilm,title,False,0.045527777777777834,0.07146666666666668,0.025938888888888845,0.0,0.025938888888888845,False
12,cls,neighbors10,minilm,abstract,False,0.4934277777777779,0.5193666666666668,0.025938888888888845,0.0,0.025938888888888845,False
12,cls,neighbors10,pubmedbert,title,True,-0.15618333333333323,-0.10181666666666678,0.05436666666666645,0.029100000000000015,0.08346666666666647,False
12,cls,neighbors10,pubmedbert,abstract,True,0.5418666666666667,0.5321333333333332,-0.009733333333333483,0.09319999999999995,0.08346666666666647,False
12,cls,neighbors10,biobert,title,True,-0.15593333333333337,-0.10057777777777765,0.05535555555555571,0.024900000000000033,0.08025555555555575,False
12,cls,neighbors10,biobert,abstract,True,0.5290666666666666,0.5389222222222224,0.00985555555555584,0.07039999999999991,0.08025555555555575,False
12,cls,neighbors10,simcse,title,False,-0.09598888888888901,-0.05184444444444436,0.04414444444444465,0.0,0.04414444444444465,False
12,cls,neighbors10,simcse,abstract,False,0.5335611111111109,0.5777055555555556,0.04414444444444465,0.0,0.04414444444444465,False
12,cls,neighbors25,specter,title,False,-0.0011400000000000299,0.019175555555555612,0.020315555555555642,0.0,0.020315555555555642,True
12,cls,neighbors25,specter,abstract,False,0.37883999999999995,0.3991555555555556,0.020315555555555642,0.0,0.020315555555555642,False
12,cls,neighbors25,specter2,title,False,0.042848888888888825,0.06282222222222211,0.019973333333333287,0.0,0.019973333333333287,False
12,cls,neighbors25,specter2,abstract,False,0.32272888888888884,0.34270222222222213,0.019973333333333287,0.0,0.019973333333333287,False
12,cls,neighbors25,scincl,title,False,-0.021948888888888796,-0.0002533333333332166,0.02169555555555558,0.0,0.02169555555555558,False
12,cls,neighbors25,scincl,abstract,False,0.4638311111111112,0.4855266666666668,0.02169555555555558,0.0,0.02169555555555558,False
12,cls,neighbors25,scibert,title,True,-0.17325777777777762,-0.09197777777777782,0.0812799999999998,0.024940000000000073,0.10621999999999987,False
12,cls,neighbors25,scibert,abstract,True,0.5385822222222224,0.5327222222222221,-0.005860000000000309,0.11208000000000018,0.10621999999999987,False
12,cls,neighbors25,bert,title,True,-0.12179333333333342,-0.09106888888888887,0.030724444444444554,0.08609999999999995,0.11682444444444451,False
12,cls,neighbors25,bert,abstract,True,0.5546066666666667,0.4749111111111112,-0.07969555555555552,0.19652000000000003,0.11682444444444451,False
12,cls,neighbors25,mpnet,title,False,0.10940444444444442,0.13723777777777768,0.027833333333333266,0.0,0.027833333333333266,False
12,cls,neighbors25,mpnet,abstract,False,0.5123644444444444,0.5401977777777777,0.027833333333333266,0.0,0.027833333333333266,False
12,cls,neighbors25,minilm,title,False,0.051919999999999966,0.08070444444444447,0.0287844444444445,0.0,0.0287844444444445,False
12,cls,neighbors25,minilm,abstract,False,0.48168,0.5104644444444445,0.0287844444444445,0.0,0.0287844444444445,False
12,cls,neighbors25,pubmedbert,title,True,-0.16782888888888892,-0.11996444444444443,0.04786444444444449,0.038880000000000026,0.08674444444444451,False
12,cls,neighbors25,pubmedbert,abstract,True,0.5327311111111112,0.5400755555555556,0.007344444444444487,0.07940000000000003,0.08674444444444451,False
12,cls,neighbors25,biobert,title,True,-0.1722111111111111,-0.11907333333333348,0.05313777777777762,0.03158000000000005,0.08471777777777767,False
12,cls,neighbors25,biobert,abstract,True,0.5194088888888889,0.5419866666666665,0.022577777777777586,0.062140000000000084,0.08471777777777767,False
12,cls,neighbors25,simcse,title,False,-0.10584444444444441,-0.05898000000000003,0.046864444444444375,0.0,0.046864444444444375,False
12,cls,neighbors25,simcse,abstract,False,0.5299355555555556,0.5768,0.046864444444444375,0.0,0.046864444444444375,False
12,cls,neighbors50,specter,title,False,0.0099866666666667,0.03264999999999996,0.022663333333333258,0.0,0.022663333333333258,False
12,cls,neighbors50,specter,abstract,False,0.3868166666666667,0.40947999999999996,0.022663333333333258,0.0,0.022663333333333258,False
12,cls,neighbors50,specter2,title,False,0.05131222222222209,0.07247999999999999,0.021167777777777896,0.0,0.021167777777777896,False
12,cls,neighbors50,specter2,abstract,False,0.3237822222222221,0.34495,0.021167777777777896,0.0,0.021167777777777896,False
12,cls,neighbors50,scincl,title,False,-0.02072777777777779,0.0036144444444444757,0.024342222222222265,0.0,0.024342222222222265,True
12,cls,neighbors50,scincl,abstract,False,0.4625722222222223,0.48691444444444454,0.024342222222222265,0.0,0.024342222222222265,False
12,cls,neighbors50,scibert,title,True,-0.18031888888888892,-0.10214666666666672,0.0781722222222222,0.03261999999999998,0.11079222222222218,False
12,cls,neighbors50,scibert,abstract,True,0.5211211111111111,0.5343933333333333,0.01327222222222213,0.09752000000000005,0.11079222222222218,False
12,cls,neighbors50,bert,title,True,-0.12060555555555563,-0.0999133333333333,0.020692222222222334,0.10097,0.12166222222222234,False
12,cls,neighbors50,bert,abstract,True,0.5352044444444444,0.47896666666666676,-0.05623777777777761,0.17789999999999995,0.12166222222222234,False
12,cls,neighbors50,mpnet,title,False,0.11351111111111112,0.14331666666666665,0.02980555555555553,0.0,0.02980555555555553,False
12,cls,neighbors50,mpnet,abstract,False,0.49763111111111114,0.5274366666666667,0.02980555555555553,0.0,0.02980555555555553,False
12,cls,neighbors50,minilm,title,False,0.05242333333333338,0.0838944444444445,0.031471111111111116,0.0,0.031471111111111116,False
12,cls,neighbors50,minilm,abstract,False,0.47061333333333333,0.5020844444444444,0.031471111111111116,0.0,0.031471111111111116,False
12,cls,neighbors50,pubmedbert,title,True,-0.17530333333333337,-0.13208333333333344,0.043219999999999925,0.04918,0.09239999999999993,False
12,cls,neighbors50,pubmedbert,abstract,True,0.5157866666666666,0.5368366666666665,0.021049999999999902,0.07135000000000002,0.09239999999999993,False
12,cls,neighbors50,biobert,title,True,-0.18076888888888898,-0.1318422222222222,0.048926666666666785,0.03749999999999998,0.08642666666666676,False
12,cls,neighbors50,biobert,abstract,True,0.503241111111111,0.5338777777777778,0.030636666666666756,0.055790000000000006,0.08642666666666676,False
12,cls,neighbors50,simcse,title,False,-0.10920111111111108,-0.059878888888888815,0.04932222222222227,0.0,0.04932222222222227,False
12,cls,neighbors50,simcse,abstract,False,0.5140088888888888,0.5633311111111111,0.04932222222222227,0.0,0.04932222222222227,False
12,sep,cka,specter,title,False,0.0856756912163012,0.115913862468907,0.030238171252605806,0.0,0.030238171252605806,False
12,sep,cka,specter,abstract,False,0.38921418398597446,0.41945235523858027,0.030238171252605806,0.0,0.030238171252605806,False
12,sep,cka,specter2,title,False,0.13187401021560868,0.16427963848425764,0.032405628268648956,0.0,0.032405628268648956,False
12,sep,cka,specter2,abstract,False,0.3455833637353554,0.3779889920040044,0.032405628268648956,0.0,0.032405628268648956,False
12,sep,cka,scincl,title,False,0.010677774532678597,0.045703026055607054,0.03502525152292846,0.0,0.03502525152292846,False
12,sep,cka,scincl,abstract,False,0.378147756335914,0.4131730078588425,0.03502525152292846,0.0,0.03502525152292846,False
12,sep,cka,scibert,title,True,-0.2736535083404025,-0.14760163913779045,0.12605186920261202,0.09092026574107082,0.21697213494368284,False
12,sep,cka,scibert,abstract,True,0.3729960036805934,0.5718590658434912,0.19886306216289784,0.018109072780784996,0.21697213494368284,False
12,sep,cka,bert,title,True,-0.20390892354594425,-0.08535526496862245,0.11855365857732181,0.3574415512573479,0.4759952098346697,False
12,sep,cka,bert,abstract,True,0.3608463962355616,0.6429084108792035,0.2820620146436419,0.1939331951910278,0.4759952098346697,False
12,sep,cka,mpnet,title,False,0.16168139726257358,0.19534281424630906,0.03366141698373548,0.0,0.03366141698373548,False
12,sep,cka,mpnet,abstract,False,0.40656267842822846,0.44022409541196394,0.03366141698373548,0.0,0.03366141698373548,False
12,sep,cka,minilm,title,False,0.09836935676233943,0.13471394957247879,0.03634459281013935,0.0,0.03634459281013935,False
12,sep,cka,minilm,abstract,False,0.4011575885244653,0.43750218133460467,0.03634459281013935,0.0,0.03634459281013935,False
12,sep,cka,pubmedbert,title,True,-0.2341330628921251,-0.163520045757734,0.07061301713439111,-0.06538281168252269,0.005230205451868419,False
12,sep,cka,pubmedbert,abstract,True,0.42158891893268924,0.42127964089648545,-0.00030927803620378613,0.0055394834880722055,0.005230205451868419,False
12,sep,cka,biobert,title,True,-0.2966418672267501,-0.146384126187184,0.15025774103956613,-0.12885299700111008,0.021404744038456047,False
12,sep,cka,biobert,abstract,True,0.41199655663162116,0.43901635527188954,0.027019798640268378,-0.00561505460181233,0.021404744038456047,False
12,sep,cka,simcse,title,False,-0.18109260824108814,-0.1097699894994591,0.07132261874162904,0.0,0.07132261874162904,False
12,sep,cka,simcse,abstract,False,0.3953830494982193,0.4667056682398483,0.07132261874162904,0.0,0.07132261874162904,False
12,sep,neighbors10,specter,title,False,-0.005838888888888838,0.0011055555555555818,0.00694444444444442,0.0,0.00694444444444442,True
12,sep,neighbors10,specter,abstract,False,0.36736111111111114,0.37430555555555556,0.00694444444444442,0.0,0.00694444444444442,False
12,sep,neighbors10,specter2,title,False,0.03788333333333338,0.04311666666666669,0.005233333333333312,0.0,0.005233333333333312,False
12,sep,neighbors10,specter2,abstract,False,0.30843333333333345,0.31366666666666676,0.005233333333333312,0.0,0.005233333333333312,False
12,sep,neighbors10,scincl,title,False,-0.02155555555555555,-0.015716666666666712,0.005838888888888838,0.0,0.005838888888888838,False
12,sep,neighbors10,scincl,abstract,False,0.4606444444444444,0.46648333333333325,0.005838888888888838,0.0,0.005838888888888838,False
12,sep,neighbors10,scibert,title,True,-0.16049444444444438,-0.05900000000000005,0.10149444444444433,0.021599999999999953,0.12309444444444428,False
12,sep,neighbors10,scibert,abstract,True,0.5515555555555557,0.53455,-0.017005555555555718,0.1401,0.12309444444444428,False
12,sep,neighbors10,bert,title,True,-0.1195666666666666,-0.05361666666666676,0.06594999999999984,0.05470000000000008,0.12064999999999992,False
12,sep,neighbors10,bert,abstract,True,0.5659333333333334,0.43218333333333336,-0.13375000000000004,0.25439999999999996,0.12064999999999992,False
12,sep,neighbors10,mpnet,title,False,0.10320000000000007,0.11045000000000005,0.007249999999999979,0.0,0.007249999999999979,False
12,sep,neighbors10,mpnet,abstract,False,0.5111,0.51835,0.007249999999999979,0.0,0.007249999999999979,False
12,sep,neighbors10,minilm,title,False,0.045527777777777834,0.05420000000000014,0.008672222222222303,0.0,0.008672222222222303,False
12,sep,neighbors10,minilm,abstract,False,0.4934277777777779,0.5021000000000002,0.008672222222222303,0.0,0.008672222222222303,False
12,sep,neighbors10,pubmedbert,title,True,-0.15618333333333323,-0.10660000000000014,0.04958333333333309,-0.015449999999999964,0.03413333333333313,False
12,sep,neighbors10,pubmedbert,abstract,True,0.5418666666666667,0.5247999999999999,-0.017066666666666785,0.05119999999999991,0.03413333333333313,False
12,sep,neighbors10,biobert,title,True,-0.15593333333333337,-0.09721111111111114,0.05872222222222223,-0.010650000000000048,0.04807222222222218,False
12,sep,neighbors10,biobert,abstract,True,0.5290666666666666,0.5844888888888888,0.05542222222222226,-0.007350000000000079,0.04807222222222218,False
12,sep,neighbors10,simcse,title,False,-0.09598888888888901,-0.06765555555555558,0.028333333333333433,0.0,0.028333333333333433,False
12,sep,neighbors10,simcse,abstract,False,0.5335611111111109,0.5618944444444444,0.028333333333333433,0.0,0.028333333333333433,False
12,sep,neighbors25,specter,title,False,-0.0011400000000000299,0.007215555555555531,0.00835555555555556,0.0,0.00835555555555556,True
12,sep,neighbors25,specter,abstract,False,0.37883999999999995,0.3871955555555555,0.00835555555555556,0.0,0.00835555555555556,False
12,sep,neighbors25,specter2,title,False,0.042848888888888825,0.04940444444444447,0.006555555555555648,0.0,0.006555555555555648,False
12,sep,neighbors25,specter2,abstract,False,0.32272888888888884,0.3292844444444445,0.006555555555555648,0.0,0.006555555555555648,False
12,sep,neighbors25,scincl,title,False,-0.021948888888888796,-0.01411999999999991,0.007828888888888885,0.0,0.007828888888888885,False
12,sep,neighbors25,scincl,abstract,False,0.4638311111111112,0.4716600000000001,0.007828888888888885,0.0,0.007828888888888885,False
12,sep,neighbors25,scibert,title,True,-0.17325777777777762,-0.07613777777777786,0.09711999999999976,0.03420000000000001,0.13131999999999977,False
12,sep,neighbors25,scibert,abstract,True,0.5385822222222224,0.5538022222222221,0.015219999999999678,0.11610000000000009,0.13131999999999977,False
12,sep,neighbors25,bert,title,True,-0.12179333333333342,-0.059579999999999966,0.062213333333333454,0.07225999999999999,0.13447333333333344,False
12,sep,neighbors25,bert,abstract,True,0.5546066666666667,0.44464000000000004,-0.10996666666666666,0.2444400000000001,0.13447333333333344,False
12,sep,neighbors25,mpnet,title,False,0.10940444444444442,0.1174533333333333,0.008048888888888883,0.0,0.008048888888888883,False
12,sep,neighbors25,mpnet,abstract,False,0.5123644444444444,0.5204133333333333,0.008048888888888883,0.0,0.008048888888888883,False
12,sep,neighbors25,minilm,title,False,0.051919999999999966,0.06163111111111119,0.009711111111111226,0.0,0.009711111111111226,False
12,sep,neighbors25,minilm,abstract,False,0.48168,0.4913911111111112,0.009711111111111226,0.0,0.009711111111111226,False
12,sep,neighbors25,pubmedbert,title,True,-0.16782888888888892,-0.11505333333333323,0.05277555555555569,-0.017340000000000022,0.035435555555555664,False
12,sep,neighbors25,pubmedbert,abstract,True,0.5327311111111112,0.5261266666666667,-0.006604444444444413,0.04204000000000008,0.035435555555555664,False
12,sep,neighbors25,biobert,title,True,-0.1722111111111111,-0.10960222222222227,0.06260888888888883,-0.013460000000000027,0.0491488888888888,False
12,sep,neighbors25,biobert,abstract,True,0.5194088888888889,0.5766977777777778,0.057288888888888834,-0.008140000000000036,0.0491488888888888,False
12,sep,neighbors25,simcse,title,False,-0.10584444444444441,-0.0746822222222221,0.031162222222222313,0.0,0.031162222222222313,False
12,sep,neighbors25,simcse,abstract,False,0.5299355555555556,0.5610977777777779,0.031162222222222313,0.0,0.031162222222222313,False
12,sep,neighbors50,specter,title,False,0.0099866666666667,0.019125555555555507,0.009138888888888808,0.0,0.009138888888888808,False
12,sep,neighbors50,specter,abstract,False,0.3868166666666667,0.3959555555555555,0.009138888888888808,0.0,0.009138888888888808,False
12,sep,neighbors50,specter2,title,False,0.05131222222222209,0.05869000000000002,0.007377777777777927,0.0,0.007377777777777927,False
12,sep,neighbors50,specter2,abstract,False,0.3237822222222221,0.33116,0.007377777777777927,0.0,0.007377777777777927,False
12,sep,neighbors50,scincl,title,False,-0.02072777777777779,-0.011340000000000128,0.009387777777777662,0.0,0.009387777777777662,False
12,sep,neighbors50,scincl,abstract,False,0.4625722222222223,0.47195999999999994,0.009387777777777662,0.0,0.009387777777777662,False
12,sep,neighbors50,scibert,title,True,-0.18031888888888892,-0.08352888888888887,0.09679000000000004,0.04100999999999999,0.13780000000000003,False
12,sep,neighbors50,scibert,abstract,True,0.5211211111111111,0.5561111111111111,0.034989999999999966,0.10281000000000007,0.13780000000000003,False
12,sep,neighbors50,bert,title,True,-0.12060555555555563,-0.06331111111111098,0.05729444444444465,0.0903799999999999,0.14767444444444455,False
12,sep,neighbors50,bert,abstract,True,0.5352044444444444,0.443498888888889,-0.09170555555555537,0.23937999999999993,0.14767444444444455,False
12,sep,neighbors50,mpnet,title,False,0.11351111111111112,0.12328666666666666,0.009775555555555537,0.0,0.009775555555555537,False
12,sep,neighbors50,mpnet,abstract,False,0.49763111111111114,0.5074066666666667,0.009775555555555537,0.0,0.009775555555555537,False
12,sep,neighbors50,minilm,title,False,0.05242333333333338,0.06421888888888883,0.011795555555555448,0.0,0.011795555555555448,False
12,sep,neighbors50,minilm,abstract,False,0.47061333333333333,0.4824088888888888,0.011795555555555448,0.0,0.011795555555555448,False
12,sep,neighbors50,pubmedbert,title,True,-0.17530333333333337,-0.12114111111111114,0.05416222222222222,-0.01807000000000003,0.03609222222222219,False
12,sep,neighbors50,pubmedbert,abstract,True,0.5157866666666666,0.5129188888888888,-0.0028677777777778024,0.038959999999999995,0.03609222222222219,False
12,sep,neighbors50,biobert,title,True,-0.18076888888888898,-0.11525111111111108,0.0655177777777779,-0.01644000000000001,0.04907777777777789,False
12,sep,neighbors50,biobert,abstract,True,0.503241111111111,0.5660488888888889,0.0628077777777779,-0.01373000000000002,0.04907777777777789,False
12,sep,neighbors50,simcse,title,False,-0.10920111111111108,-0.07580111111111121,0.033399999999999874,0.0,0.033399999999999874,False
12,sep,neighbors50,simcse,abstract,False,0.5140088888888888,0.5474088888888887,0.033399999999999874,0.0,0.033399999999999874,False
13,cls,cka,specter,title,False,0.20394327074956098,0.26855438419281735,0.06461111344325637,0.0,0.06461111344325637,False
13,cls,cka,specter,abstract,False,0.3400076976704328,0.4046188111136892,0.06461111344325637,0.0,0.06461111344325637,False
13,cls,cka,specter2,title,False,0.22936744821388116,0.29297981454982946,0.0636123663359483,0.0,0.0636123663359483,False
13,cls,cka,specter2,abstract,False,0.38291571071215574,0.44652807704810404,0.0636123663359483,0.0,0.0636123663359483,False
13,cls,cka,scincl,title,False,0.20656421110629758,0.27509240019167136,0.06852818908537378,0.0,0.06852818908537378,False
13,cls,cka,scincl,abstract,False,0.34562596947961405,0.41415415856498783,0.06852818908537378,0.0,0.06852818908537378,False
13,cls,cka,scibert,title,True,-0.15222292693834893,-0.07089295418003039,0.08132997275831855,0.09863462249173649,0.17996459525005504,False
13,cls,cka,scibert,abstract,True,0.3569732750563035,0.503539962987863,0.14656668793155947,0.03339790731849557,0.17996459525005504,False
13,cls,cka,bert,title,True,0.0451541373773669,-0.11795107244949588,-0.16310520982686277,0.3318688421541617,0.1687636323272989,True
13,cls,cka,bert,abstract,True,0.3816672432503225,0.45617742715179144,0.07451018390146896,0.09425344842582994,0.1687636323272989,False
13,cls,cka,mpnet,title,False,0.18371709503014289,0.25076776468068396,0.06705066965054107,0.0,0.06705066965054107,False
13,cls,cka,mpnet,abstract,False,0.35962485424357793,0.426675523894119,0.06705066965054107,0.0,0.06705066965054107,False
13,cls,cka,minilm,title,False,0.14413865723464758,0.2129474282991401,0.06880877106449251,0.0,0.06880877106449251,False
13,cls,cka,minilm,abstract,False,0.3629732917079912,0.4317820627724837,0.06880877106449251,0.0,0.06880877106449251,False
13,cls,cka,pubmedbert,title,True,-0.06663325684195698,-0.13334054272732065,-0.06670728588536368,0.22507922196775687,0.1583719360823932,False
13,cls,cka,pubmedbert,abstract,True,0.3845453421783087,0.5262553151031879,0.1417099729248792,0.016661963157514004,0.1583719360823932,False
13,cls,cka,biobert,title,True,-0.2500496596598144,-0.20014716147903427,0.04990249818078013,0.05436012966489645,0.10426262784567658,False
13,cls,cka,biobert,abstract,True,0.3449337461972938,0.43302504347964815,0.08809129728235437,0.016171330563322206,0.10426262784567658,False
13,cls,cka,simcse,title,False,-0.027301010724385122,0.02785353124227996,0.05515454196666508,0.0,0.05515454196666508,True
13,cls,cka,simcse,abstract,False,0.42743967286172707,0.48259421482839215,0.05515454196666508,0.0,0.05515454196666508,False
13,cls,neighbors10,specter,title,False,0.0989888888888889,0.14897777777777788,0.04998888888888897,0.0,0.04998888888888897,False
13,cls,neighbors10,specter,abstract,False,0.37958888888888886,0.42957777777777784,0.04998888888888897,0.0,0.04998888888888897,False
13,cls,neighbors10,specter2,title,False,0.12802777777777774,0.16951111111111106,0.041483333333333317,0.0,0.041483333333333317,False
13,cls,neighbors10,specter2,abstract,False,0.42917777777777777,0.4706611111111111,0.041483333333333317,0.0,0.041483333333333317,False
13,cls,neighbors10,scincl,title,False,0.14444999999999997,0.1913166666666667,0.04686666666666672,0.0,0.04686666666666672,False
13,cls,neighbors10,scincl,abstract,False,0.45224999999999993,0.49911666666666665,0.04686666666666672,0.0,0.04686666666666672,False
13,cls,neighbors10,scibert,title,True,-0.15407777777777776,-0.05716666666666659,0.09691111111111117,0.06630000000000003,0.1632111111111112,False
13,cls,neighbors10,scibert,abstract,True,0.5306222222222223,0.49098333333333344,-0.03963888888888889,0.20285000000000009,0.1632111111111112,False
13,cls,neighbors10,bert,title,True,-0.11560000000000004,-0.06487222222222211,0.05072777777777793,0.08114999999999994,0.13187777777777787,False
13,cls,neighbors10,bert,abstract,True,0.5483,0.3430277777777778,-0.2052722222222222,0.33715000000000006,0.13187777777777787,False
13,cls,neighbors10,mpnet,title,False,0.12640000000000007,0.17614444444444444,0.04974444444444437,0.0,0.04974444444444437,False
13,cls,neighbors10,mpnet,abstract,False,0.5022000000000001,0.5519444444444445,0.04974444444444437,0.0,0.04974444444444437,False
13,cls,neighbors10,minilm,title,False,0.08940555555555552,0.1369611111111111,0.04755555555555557,0.0,0.04755555555555557,False
13,cls,neighbors10,minilm,abstract,False,0.4616055555555556,0.5091611111111112,0.04755555555555557,0.0,0.04755555555555557,False
13,cls,neighbors10,pubmedbert,title,True,-0.10695555555555558,-0.0653555555555555,0.04160000000000008,0.09355000000000002,0.1351500000000001,False
13,cls,neighbors10,pubmedbert,abstract,True,0.5554944444444444,0.5837944444444445,0.028300000000000103,0.10685,0.1351500000000001,False
13,cls,neighbors10,biobert,title,True,-0.12854444444444446,-0.06422222222222218,0.06432222222222228,0.062000000000000055,0.12632222222222234,False
13,cls,neighbors10,biobert,abstract,True,0.5135055555555555,0.5403277777777779,0.026822222222222303,0.09950000000000003,0.12632222222222234,False
13,cls,neighbors10,simcse,title,False,-0.07298888888888899,-0.027888888888889074,0.04509999999999992,0.0,0.04509999999999992,False
13,cls,neighbors10,simcse,abstract,False,0.4808611111111111,0.525961111111111,0.04509999999999992,0.0,0.04509999999999992,False
13,cls,neighbors25,specter,title,False,0.11511777777777776,0.16639777777777776,0.05127999999999999,0.0,0.05127999999999999,False
13,cls,neighbors25,specter,abstract,False,0.3848377777777777,0.4361177777777777,0.05127999999999999,0.0,0.05127999999999999,False
13,cls,neighbors25,specter2,title,False,0.14385777777777786,0.18715111111111093,0.04329333333333307,0.0,0.04329333333333307,False
13,cls,neighbors25,specter2,abstract,False,0.43013777777777795,0.473431111111111,0.04329333333333307,0.0,0.04329333333333307,False
13,cls,neighbors25,scincl,title,False,0.15631111111111118,0.2038511111111111,0.047539999999999916,0.0,0.047539999999999916,False
13,cls,neighbors25,scincl,abstract,False,0.4489911111111111,0.49653111111111103,0.047539999999999916,0.0,0.047539999999999916,False
13,cls,neighbors25,scibert,title,True,-0.15179555555555546,-0.06114666666666657,0.09064888888888889,0.07225999999999999,0.16290888888888888,False
13,cls,neighbors25,scibert,abstract,True,0.5149244444444445,0.49983333333333335,-0.015091111111111166,0.17800000000000005,0.16290888888888888,False
13,cls,neighbors25,bert,title,True,-0.10805777777777781,-0.07562888888888897,0.03242888888888884,0.10410000000000008,0.13652888888888892,False
13,cls,neighbors25,bert,abstract,True,0.5394622222222221,0.3597911111111112,-0.1796711111111109,0.3161999999999998,0.13652888888888892,False
13,cls,neighbors25,mpnet,title,False,0.13456666666666672,0.18405777777777776,0.04949111111111104,0.0,0.04949111111111104,False
13,cls,neighbors25,mpnet,abstract,False,0.4883666666666667,0.5378577777777778,0.04949111111111104,0.0,0.04949111111111104,False
13,cls,neighbors25,minilm,title,False,0.09049555555555555,0.13955555555555554,0.04905999999999999,0.0,0.04905999999999999,False
13,cls,neighbors25,minilm,abstract,False,0.44797555555555557,0.49703555555555556,0.04905999999999999,0.0,0.04905999999999999,False
13,cls,neighbors25,pubmedbert,title,True,-0.10138000000000003,-0.07174000000000003,0.02964,0.10172000000000003,0.13136000000000003,False
13,cls,neighbors25,pubmedbert,abstract,True,0.5368599999999999,0.57716,0.040300000000000114,0.09105999999999992,0.13136000000000003,False
13,cls,neighbors25,biobert,title,True,-0.13061777777777772,-0.06969111111111126,0.06092666666666646,0.05820000000000003,0.11912666666666649,False
13,cls,neighbors25,biobert,abstract,True,0.4981822222222222,0.5308088888888888,0.03262666666666658,0.08649999999999991,0.11912666666666649,False
13,cls,neighbors25,simcse,title,False,-0.07358888888888881,-0.027839999999999976,0.04574888888888884,0.0,0.04574888888888884,False
13,cls,neighbors25,simcse,abstract,False,0.4865711111111112,0.53232,0.04574888888888884,0.0,0.04574888888888884,False
13,cls,neighbors50,specter,title,False,0.1266655555555556,0.1775522222222221,0.050886666666666525,0.0,0.050886666666666525,False
13,cls,neighbors50,specter,abstract,False,0.38126555555555564,0.43215222222222216,0.050886666666666525,0.0,0.050886666666666525,False
13,cls,neighbors50,specter2,title,False,0.15430888888888894,0.1971166666666665,0.042807777777777556,0.0,0.042807777777777556,False
13,cls,neighbors50,specter2,abstract,False,0.4264488888888889,0.46925666666666643,0.042807777777777556,0.0,0.042807777777777556,False
13,cls,neighbors50,scincl,title,False,0.16280888888888878,0.20966444444444454,0.04685555555555576,0.0,0.04685555555555576,False
13,cls,neighbors50,scincl,abstract,False,0.44093888888888877,0.48779444444444453,0.04685555555555576,0.0,0.04685555555555576,False
13,cls,neighbors50,scibert,title,True,-0.1467033333333334,-0.05943333333333334,0.08727000000000007,0.07207999999999992,0.15935,False
13,cls,neighbors50,scibert,abstract,True,0.49560666666666653,0.49933666666666654,0.003730000000000011,0.15561999999999998,0.15935,False
13,cls,neighbors50,bert,title,True,-0.09368333333333323,-0.08007444444444445,0.013608888888888782,0.12457000000000007,0.13817888888888885,False
13,cls,neighbors50,bert,abstract,True,0.5218966666666667,0.3714455555555556,-0.1504511111111111,0.28862999999999994,0.13817888888888885,False
13,cls,neighbors50,mpnet,title,False,0.14216777777777778,0.19069999999999998,0.0485322222222222,0.0,0.0485322222222222,False
13,cls,neighbors50,mpnet,abstract,False,0.47499777777777785,0.52353,0.0485322222222222,0.0,0.0485322222222222,False
13,cls,neighbors50,minilm,title,False,0.09092777777777772,0.1401433333333333,0.04921555555555557,0.0,0.04921555555555557,False
13,cls,neighbors50,minilm,abstract,False,0.43712777777777767,0.48634333333333324,0.04921555555555557,0.0,0.04921555555555557,False
13,cls,neighbors50,pubmedbert,title,True,-0.09938555555555562,-0.07183888888888879,0.02754666666666683,0.09949999999999992,0.12704666666666675,False
13,cls,neighbors50,pubmedbert,abstract,True,0.5194044444444444,0.5609611111111112,0.0415566666666668,0.08548999999999995,0.12704666666666675,False
13,cls,neighbors50,biobert,title,True,-0.13288222222222223,-0.07347777777777775,0.05940444444444448,0.05294999999999994,0.11235444444444442,False
13,cls,neighbors50,biobert,abstract,True,0.47897777777777784,0.5146922222222222,0.03571444444444438,0.07664000000000004,0.11235444444444442,False
13,cls,neighbors50,simcse,title,False,-0.06786888888888898,-0.021830000000000127,0.04603888888888885,0.0,0.04603888888888885,False
13,cls,neighbors50,simcse,abstract,False,0.481921111111111,0.5279599999999999,0.04603888888888885,0.0,0.04603888888888885,False
13,sep,cka,specter,title,False,0.20394327074956098,0.2233605506955883,0.01941727994602732,0.0,0.01941727994602732,False
13,sep,cka,specter,abstract,False,0.3400076976704328,0.35942497761646014,0.01941727994602732,0.0,0.01941727994602732,False
13,sep,cka,specter2,title,False,0.22936744821388116,0.24769052141959724,0.01832307320571608,0.0,0.01832307320571608,False
13,sep,cka,specter2,abstract,False,0.38291571071215574,0.4012387839178718,0.01832307320571608,0.0,0.01832307320571608,False
13,sep,cka,scincl,title,False,0.20656421110629758,0.22907461923758243,0.022510408131284854,0.0,0.022510408131284854,False
13,sep,cka,scincl,abstract,False,0.34562596947961405,0.3681363776108989,0.022510408131284854,0.0,0.022510408131284854,False
13,sep,cka,scibert,title,True,-0.15222292693834893,-0.06592133714432613,0.0863015897940228,0.0913410794261672,0.17764266922019,False
13,sep,cka,scibert,abstract,True,0.3569732750563035,0.4873479904200634,0.13037471536375989,0.04726795385643012,0.17764266922019,False
13,sep,cka,bert,title,True,0.0451541373773669,-0.034756156743239175,-0.07991029412060607,0.47852652034980814,0.39861622622920206,True
13,sep,cka,bert,abstract,True,0.3816672432503225,0.6120539177194219,0.23038667446909938,0.16822955176010268,0.39861622622920206,False
13,sep,cka,mpnet,title,False,0.18371709503014289,0.20435854055070296,0.020641445520560076,0.0,0.020641445520560076,False
13,sep,cka,mpnet,abstract,False,0.35962485424357793,0.380266299764138,0.020641445520560076,0.0,0.020641445520560076,False
13,sep,cka,minilm,title,False,0.14413865723464758,0.17081701185154002,0.02667835461689244,0.0,0.02667835461689244,False
13,sep,cka,minilm,abstract,False,0.3629732917079912,0.38965164632488364,0.02667835461689244,0.0,0.02667835461689244,False
13,sep,cka,pubmedbert,title,True,-0.06663325684195698,-0.031215314638951996,0.03541794220300498,-0.059963565102554295,-0.024545622899549313,False
13,sep,cka,pubmedbert,abstract,True,0.3845453421783087,0.353514704345273,-0.031030637833035724,0.0064850149334864104,-0.024545622899549313,False
13,sep,cka,biobert,title,True,-0.2500496596598144,0.018403749223423582,0.268453408883238,-0.24138995545813857,0.027063453425099415,True
13,sep,cka,biobert,abstract,True,0.3449337461972938,0.37824446349343155,0.03331071729613777,-0.0062472638710383555,0.027063453425099415,False
13,sep,cka,simcse,title,False,-0.027301010724385122,0.03577562002921442,0.06307663075359954,0.0,0.06307663075359954,True
13,sep,cka,simcse,abstract,False,0.42743967286172707,0.4905163036153266,0.06307663075359954,0.0,0.06307663075359954,False
13,sep,neighbors10,specter,title,False,0.0989888888888889,0.10241111111111101,0.0034222222222221044,0.0,0.0034222222222221044,False
13,sep,neighbors10,specter,abstract,False,0.37958888888888886,0.38301111111111097,0.0034222222222221044,0.0,0.0034222222222221044,False
13,sep,neighbors10,specter2,title,False,0.12802777777777774,0.1325222222222222,0.0044944444444444676,0.0,0.0044944444444444676,False
13,sep,neighbors10,specter2,abstract,False,0.42917777777777777,0.43367222222222224,0.0044944444444444676,0.0,0.0044944444444444676,False
13,sep,neighbors10,scincl,title,False,0.14444999999999997,0.14686111111111122,0.0024111111111112526,0.0,0.0024111111111112526,False
13,sep,neighbors10,scincl,abstract,False,0.45224999999999993,0.4546611111111112,0.0024111111111112526,0.0,0.0024111111111112526,False
13,sep,neighbors10,scibert,title,True,-0.15407777777777776,-0.056788888888889,0.09728888888888876,0.06535000000000002,0.16263888888888878,False
13,sep,neighbors10,scibert,abstract,True,0.5306222222222223,0.496761111111111,-0.03386111111111134,0.19650000000000012,0.16263888888888878,False
13,sep,neighbors10,bert,title,True,-0.11560000000000004,-0.06642222222222227,0.049177777777777765,0.06204999999999994,0.1112277777777777,False
13,sep,neighbors10,bert,abstract,True,0.5483,0.42012777777777766,-0.12817222222222235,0.23940000000000006,0.1112277777777777,False
13,sep,neighbors10,mpnet,title,False,0.12640000000000007,0.13088888888888894,0.004488888888888876,0.0,0.004488888888888876,False
13,sep,neighbors10,mpnet,abstract,False,0.5022000000000001,0.506688888888889,0.004488888888888876,0.0,0.004488888888888876,False
13,sep,neighbors10,minilm,title,False,0.08940555555555552,0.09610555555555556,0.006700000000000039,0.0,0.006700000000000039,False
13,sep,neighbors10,minilm,abstract,False,0.4616055555555556,0.46830555555555564,0.006700000000000039,0.0,0.006700000000000039,False
13,sep,neighbors10,pubmedbert,title,True,-0.10695555555555558,-0.046949999999999936,0.060005555555555645,-0.06909999999999994,-0.009094444444444294,False
13,sep,neighbors10,pubmedbert,abstract,True,0.5554944444444444,0.5392000000000001,-0.016294444444444278,0.007199999999999984,-0.009094444444444294,False
13,sep,neighbors10,biobert,title,True,-0.12854444444444446,-0.034016666666666695,0.09452777777777777,-0.0625,0.032027777777777766,False
13,sep,neighbors10,biobert,abstract,True,0.5135055555555555,0.5680333333333333,0.05452777777777773,-0.022499999999999964,0.032027777777777766,False
13,sep,neighbors10,simcse,title,False,-0.07298888888888899,-0.05028333333333335,0.022705555555555645,0.0,0.022705555555555645,False
13,sep,neighbors10,simcse,abstract,False,0.4808611111111111,0.5035666666666667,0.022705555555555645,0.0,0.022705555555555645,False
13,sep,neighbors25,specter,title,False,0.11511777777777776,0.11883111111111111,0.0037133333333333463,0.0,0.0037133333333333463,False
13,sep,neighbors25,specter,abstract,False,0.3848377777777777,0.38855111111111107,0.0037133333333333463,0.0,0.0037133333333333463,False
13,sep,neighbors25,specter2,title,False,0.14385777777777786,0.14817333333333327,0.004315555555555406,0.0,0.004315555555555406,False
13,sep,neighbors25,specter2,abstract,False,0.43013777777777795,0.43445333333333336,0.004315555555555406,0.0,0.004315555555555406,False
13,sep,neighbors25,scincl,title,False,0.15631111111111118,0.15828444444444456,0.0019733333333333825,0.0,0.0019733333333333825,False
13,sep,neighbors25,scincl,abstract,False,0.4489911111111111,0.4509644444444445,0.0019733333333333825,0.0,0.0019733333333333825,False
13,sep,neighbors25,scibert,title,True,-0.15179555555555546,-0.06369111111111114,0.08810444444444432,0.07416,0.16226444444444432,False
13,sep,neighbors25,scibert,abstract,True,0.5149244444444445,0.5091488888888889,-0.005775555555555645,0.16803999999999997,0.16226444444444432,False
13,sep,neighbors25,bert,title,True,-0.10805777777777781,-0.07054444444444441,0.0375133333333334,0.08040000000000003,0.11791333333333343,False
13,sep,neighbors25,bert,abstract,True,0.5394622222222221,0.43729555555555555,-0.10216666666666652,0.22007999999999994,0.11791333333333343,False
13,sep,neighbors25,mpnet,title,False,0.13456666666666672,0.1372755555555556,0.002708888888888872,0.0,0.002708888888888872,False
13,sep,neighbors25,mpnet,abstract,False,0.4883666666666667,0.4910755555555556,0.002708888888888872,0.0,0.002708888888888872,False
13,sep,neighbors25,minilm,title,False,0.09049555555555555,0.09648888888888885,0.005993333333333295,0.0,0.005993333333333295,False
13,sep,neighbors25,minilm,abstract,False,0.44797555555555557,0.45396888888888887,0.005993333333333295,0.0,0.005993333333333295,False
13,sep,neighbors25,pubmedbert,title,True,-0.10138000000000003,-0.04104222222222231,0.06033777777777771,-0.07325999999999988,-0.012922222222222168,False
13,sep,neighbors25,pubmedbert,abstract,True,0.5368599999999999,0.5167377777777777,-0.020122222222222153,0.007199999999999984,-0.012922222222222168,False
13,sep,neighbors25,biobert,title,True,-0.13061777777777772,-0.021804444444444293,0.10881333333333343,-0.08464000000000005,0.02417333333333338,False
13,sep,neighbors25,biobert,abstract,True,0.4981822222222222,0.5473155555555557,0.04913333333333347,-0.024960000000000093,0.02417333333333338,False
13,sep,neighbors25,simcse,title,False,-0.07358888888888881,-0.05085111111111107,0.022737777777777746,0.0,0.022737777777777746,False
13,sep,neighbors25,simcse,abstract,False,0.4865711111111112,0.5093088888888889,0.022737777777777746,0.0,0.022737777777777746,False
13,sep,neighbors50,specter,title,False,0.1266655555555556,0.12992666666666675,0.003261111111111159,0.0,0.003261111111111159,False
13,sep,neighbors50,specter,abstract,False,0.38126555555555564,0.3845266666666668,0.003261111111111159,0.0,0.003261111111111159,False
13,sep,neighbors50,specter2,title,False,0.15430888888888894,0.15812111111111105,0.003812222222222106,0.0,0.003812222222222106,False
13,sep,neighbors50,specter2,abstract,False,0.4264488888888889,0.430261111111111,0.003812222222222106,0.0,0.003812222222222106,False
13,sep,neighbors50,scincl,title,False,0.16280888888888878,0.1647155555555555,0.0019066666666667231,0.0,0.0019066666666667231,False
13,sep,neighbors50,scincl,abstract,False,0.44093888888888877,0.4428455555555555,0.0019066666666667231,0.0,0.0019066666666667231,False
13,sep,neighbors50,scibert,title,True,-0.1467033333333334,-0.0638455555555556,0.08285777777777781,0.07416,0.1570177777777778,False
13,sep,neighbors50,scibert,abstract,True,0.49560666666666653,0.5037444444444444,0.00813777777777791,0.1488799999999999,0.1570177777777778,False
13,sep,neighbors50,bert,title,True,-0.09368333333333323,-0.06858666666666668,0.025096666666666545,0.0962900000000001,0.12138666666666664,False
13,sep,neighbors50,bert,abstract,True,0.5218966666666667,0.4437833333333334,-0.07811333333333326,0.1994999999999999,0.12138666666666664,False
13,sep,neighbors50,mpnet,title,False,0.14216777777777778,0.14423444444444433,0.00206666666666655,0.0,0.00206666666666655,False
13,sep,neighbors50,mpnet,abstract,False,0.47499777777777785,0.4770644444444444,0.00206666666666655,0.0,0.00206666666666655,False
13,sep,neighbors50,minilm,title,False,0.09092777777777772,0.09705111111111109,0.0061233333333333695,0.0,0.0061233333333333695,False
13,sep,neighbors50,minilm,abstract,False,0.43712777777777767,0.44325111111111104,0.0061233333333333695,0.0,0.0061233333333333695,False
13,sep,neighbors50,pubmedbert,title,True,-0.09938555555555562,-0.03918777777777782,0.060197777777777794,-0.07245000000000001,-0.01225222222222222,False
13,sep,neighbors50,pubmedbert,abstract,True,0.5194044444444444,0.49561222222222223,-0.023792222222222215,0.011539999999999995,-0.01225222222222222,False
13,sep,neighbors50,biobert,title,True,-0.13288222222222223,-0.008724444444444313,0.12415777777777792,-0.10547000000000006,0.01868777777777786,False
13,sep,neighbors50,biobert,abstract,True,0.47897777777777784,0.5240555555555556,0.04507777777777777,-0.026389999999999914,0.01868777777777786,False
13,sep,neighbors50,simcse,title,False,-0.06786888888888898,-0.04396555555555548,0.0239033333333335,0.0,0.0239033333333335,False
13,sep,neighbors50,simcse,abstract,False,0.481921111111111,0.5058244444444445,0.0239033333333335,0.0,0.0239033333333335,False
14,cls,cka,specter,title,False,0.16929085755209078,0.2216165771975558,0.05232571964546501,0.0,0.05232571964546501,False
14,cls,cka,specter,abstract,False,0.3871487894725815,0.43947450911804653,0.05232571964546501,0.0,0.05232571964546501,False
14,cls,cka,specter2,title,False,0.1649095655359054,0.222413557553804,0.057503992017898575,0.0,0.057503992017898575,False
14,cls,cka,specter2,abstract,False,0.33892189186140764,0.3964258838793062,0.057503992017898575,0.0,0.057503992017898575,False
14,cls,cka,scincl,title,False,0.1341641927727658,0.188935893509866,0.05477170073710019,0.0,0.05477170073710019,False
14,cls,cka,scincl,abstract,False,0.38265657715502255,0.43742827789212274,0.05477170073710019,0.0,0.05477170073710019,False
14,cls,cka,scibert,title,True,-0.18839647410998067,-0.12231924493601976,0.06607722917396092,0.08176043867133287,0.14783766784529379,False
14,cls,cka,scibert,abstract,True,0.40454311430924544,0.53477744946786,0.13023433515861454,0.01760333268667924,0.14783766784529379,False
14,cls,cka,bert,title,True,-0.17470089918896564,-0.1871003202496121,-0.012399421060646454,0.19732071496631642,0.18492129390566997,False
14,cls,cka,bert,abstract,True,0.39351185163209607,0.5318744861314035,0.13836263449930747,0.0465586594063625,0.18492129390566997,False
14,cls,cka,mpnet,title,False,0.17098420984136564,0.22580701785341667,0.05482280801205103,0.0,0.05482280801205103,False
14,cls,cka,mpnet,abstract,False,0.37294330645656226,0.4277661144686133,0.05482280801205103,0.0,0.05482280801205103,False
14,cls,cka,minilm,title,False,0.12095417988675755,0.17569089320520298,0.05473671331844543,0.0,0.05473671331844543,False
14,cls,cka,minilm,abstract,False,0.38135073314651974,0.43608744646496517,0.05473671331844543,0.0,0.05473671331844543,False
14,cls,cka,pubmedbert,title,True,-0.21417034614969388,-0.2479887266302826,-0.03381838048058872,0.140923209329741,0.10710482884915229,False
14,cls,cka,pubmedbert,abstract,True,0.43111565424187126,0.5358844053878938,0.10476875114602258,0.002336077703129713,0.10710482884915229,False
14,cls,cka,biobert,title,True,-0.2878875272731075,-0.27993746467674696,0.007950062596360552,0.08880850304472998,0.09675856564109053,False
14,cls,cka,biobert,abstract,True,0.39046706259442876,0.4991529188333512,0.10868585623892246,-0.01192729059783193,0.09675856564109053,False
14,cls,cka,simcse,title,False,-0.10839055794370533,-0.04700055146868043,0.061390006475024905,0.0,0.061390006475024905,False
14,cls,cka,simcse,abstract,False,0.4143953608948622,0.4757853673698871,0.061390006475024905,0.0,0.061390006475024905,False
14,cls,neighbors10,specter,title,False,0.05527222222222217,0.08169999999999988,0.026427777777777717,0.0,0.026427777777777717,False
14,cls,neighbors10,specter,abstract,False,0.3847222222222222,0.4111499999999999,0.026427777777777717,0.0,0.026427777777777717,False
14,cls,neighbors10,specter2,title,False,0.09336111111111112,0.1212388888888889,0.02787777777777778,0.0,0.02787777777777778,False
14,cls,neighbors10,specter2,abstract,False,0.36411111111111116,0.39198888888888894,0.02787777777777778,0.0,0.02787777777777778,False
14,cls,neighbors10,scincl,title,False,0.0814111111111111,0.1061333333333333,0.0247222222222222,0.0,0.0247222222222222,False
14,cls,neighbors10,scincl,abstract,False,0.45166111111111107,0.47638333333333327,0.0247222222222222,0.0,0.0247222222222222,False
14,cls,neighbors10,scibert,title,True,-0.14899444444444432,-0.07206111111111113,0.07693333333333319,0.03334999999999999,0.11028333333333318,False
14,cls,neighbors10,scibert,abstract,True,0.5524555555555557,0.5291888888888888,-0.02326666666666688,0.13355000000000006,0.11028333333333318,False
14,cls,neighbors10,bert,title,True,-0.12897777777777786,-0.06858888888888892,0.060388888888888936,0.05719999999999992,0.11758888888888885,False
14,cls,neighbors10,bert,abstract,True,0.5333222222222223,0.4424611111111111,-0.09086111111111117,0.20845000000000002,0.11758888888888885,False
14,cls,neighbors10,mpnet,title,False,0.1373333333333332,0.16593888888888886,0.028605555555555662,0.0,0.028605555555555662,False
14,cls,neighbors10,mpnet,abstract,False,0.5186333333333332,0.5472388888888888,0.028605555555555662,0.0,0.028605555555555662,False
14,cls,neighbors10,minilm,title,False,0.07504444444444436,0.10596666666666665,0.030922222222222295,0.0,0.030922222222222295,False
14,cls,neighbors10,minilm,abstract,False,0.4910444444444444,0.5219666666666667,0.030922222222222295,0.0,0.030922222222222295,False
14,cls,neighbors10,pubmedbert,title,True,-0.14115,-0.097088888888889,0.044061111111110995,0.04265000000000008,0.08671111111111107,False
14,cls,neighbors10,pubmedbert,abstract,True,0.5422,0.563861111111111,0.02166111111111102,0.06505000000000005,0.08671111111111107,False
14,cls,neighbors10,biobert,title,True,-0.13836111111111116,-0.09568333333333334,0.042677777777777814,0.03664999999999996,0.07932777777777777,False
14,cls,neighbors10,biobert,abstract,True,0.49958888888888886,0.5647666666666666,0.06517777777777778,0.014149999999999996,0.07932777777777777,False
14,cls,neighbors10,simcse,title,False,-0.08658333333333346,-0.03660555555555567,0.04997777777777779,0.0,0.04997777777777779,False
14,cls,neighbors10,simcse,abstract,False,0.49206666666666654,0.5420444444444443,0.04997777777777779,0.0,0.04997777777777779,False
14,cls,neighbors25,specter,title,False,0.0610666666666666,0.0909511111111111,0.02988444444444449,0.0,0.02988444444444449,False
14,cls,neighbors25,specter,abstract,False,0.3953466666666666,0.4252311111111111,0.02988444444444449,0.0,0.02988444444444449,False
14,cls,neighbors25,specter2,title,False,0.09377999999999997,0.1251511111111112,0.03137111111111124,0.0,0.03137111111111124,False
14,cls,neighbors25,specter2,abstract,False,0.36704000000000003,0.39841111111111127,0.03137111111111124,0.0,0.03137111111111124,False
14,cls,neighbors25,scincl,title,False,0.08272000000000013,0.11024222222222235,0.027522222222222226,0.0,0.027522222222222226,False
14,cls,neighbors25,scincl,abstract,False,0.4533800000000001,0.48090222222222234,0.027522222222222226,0.0,0.027522222222222226,False
14,cls,neighbors25,scibert,title,True,-0.1546333333333333,-0.0764488888888889,0.07818444444444439,0.03976000000000002,0.11794444444444441,False
14,cls,neighbors25,scibert,abstract,True,0.5348066666666668,0.5420911111111111,0.007284444444444316,0.11066000000000009,0.11794444444444441,False
14,cls,neighbors25,bert,title,True,-0.13526666666666665,-0.08136444444444435,0.053902222222222296,0.07328000000000001,0.1271822222222223,False
14,cls,neighbors25,bert,abstract,True,0.5270933333333333,0.45979555555555573,-0.06729777777777757,0.19447999999999988,0.1271822222222223,False
14,cls,neighbors25,mpnet,title,False,0.1417844444444445,0.17472888888888893,0.03294444444444444,0.0,0.03294444444444444,False
14,cls,neighbors25,mpnet,abstract,False,0.5071844444444443,0.5401288888888888,0.03294444444444444,0.0,0.03294444444444444,False
14,cls,neighbors25,minilm,title,False,0.08192222222222223,0.11684666666666677,0.034924444444444536,0.0,0.034924444444444536,False
14,cls,neighbors25,minilm,abstract,False,0.48160222222222226,0.5165266666666668,0.034924444444444536,0.0,0.034924444444444536,False
14,cls,neighbors25,pubmedbert,title,True,-0.15276,-0.10994666666666664,0.04281333333333337,0.049679999999999946,0.09249333333333332,False
14,cls,neighbors25,pubmedbert,abstract,True,0.5360400000000001,0.5720933333333333,0.03605333333333327,0.056440000000000046,0.09249333333333332,False
14,cls,neighbors25,biobert,title,True,-0.14892666666666676,-0.11052666666666666,0.0384000000000001,0.04627999999999999,0.08468000000000009,False
14,cls,neighbors25,biobert,abstract,True,0.49005333333333323,0.5659933333333335,0.07594000000000023,0.008739999999999859,0.08468000000000009,False
14,cls,neighbors25,simcse,title,False,-0.0893466666666668,-0.03646666666666676,0.05288000000000004,0.0,0.05288000000000004,False
14,cls,neighbors25,simcse,abstract,False,0.4854733333333332,0.5383533333333332,0.05288000000000004,0.0,0.05288000000000004,False
14,cls,neighbors50,specter,title,False,0.06974333333333338,0.10140555555555553,0.03166222222222215,0.0,0.03166222222222215,False
14,cls,neighbors50,specter,abstract,False,0.39803333333333335,0.4296955555555555,0.03166222222222215,0.0,0.03166222222222215,False
14,cls,neighbors50,specter2,title,False,0.097901111111111,0.12998999999999983,0.032088888888888834,0.0,0.032088888888888834,False
14,cls,neighbors50,specter2,abstract,False,0.36545111111111106,0.3975399999999999,0.032088888888888834,0.0,0.032088888888888834,False
14,cls,neighbors50,scincl,title,False,0.0881788888888888,0.11719888888888885,0.029020000000000046,0.0,0.029020000000000046,False
14,cls,neighbors50,scincl,abstract,False,0.44706888888888896,0.476088888888889,0.029020000000000046,0.0,0.029020000000000046,False
14,cls,neighbors50,scibert,title,True,-0.15128888888888892,-0.07853666666666659,0.07275222222222233,0.04418,0.11693222222222233,False
14,cls,neighbors50,scibert,abstract,True,0.521281111111111,0.5410133333333333,0.019732222222222373,0.09719999999999995,0.11693222222222233,False
14,cls,neighbors50,bert,title,True,-0.13438555555555554,-0.08746999999999994,0.0469155555555556,0.08521999999999996,0.13213555555555556,False
14,cls,neighbors50,bert,abstract,True,0.5086344444444444,0.46614999999999995,-0.042484444444444436,0.17462,0.13213555555555556,False
14,cls,neighbors50,mpnet,title,False,0.14018000000000008,0.17421888888888903,0.03403888888888895,0.0,0.03403888888888895,False
14,cls,neighbors50,mpnet,abstract,False,0.48880999999999997,0.5228488888888889,0.03403888888888895,0.0,0.03403888888888895,False
14,cls,neighbors50,minilm,title,False,0.08115111111111095,0.11777444444444429,0.03662333333333334,0.0,0.03662333333333334,False
14,cls,neighbors50,minilm,abstract,False,0.467161111111111,0.5037844444444444,0.03662333333333334,0.0,0.03662333333333334,False
14,cls,neighbors50,pubmedbert,title,True,-0.15382777777777779,-0.11869444444444444,0.03513333333333335,0.05840999999999996,0.09354333333333331,False
14,cls,neighbors50,pubmedbert,abstract,True,0.5198022222222223,0.5703255555555555,0.050523333333333253,0.04302000000000006,0.09354333333333331,False
14,cls,neighbors50,biobert,title,True,-0.15683666666666674,-0.12033999999999989,0.036496666666666844,0.05023999999999995,0.0867366666666668,False
14,cls,neighbors50,biobert,abstract,True,0.47675333333333325,0.5542,0.07744666666666677,0.00929000000000002,0.0867366666666668,False
14,cls,neighbors50,simcse,title,False,-0.08602444444444446,-0.03192777777777778,0.05409666666666668,0.0,0.05409666666666668,False
14,cls,neighbors50,simcse,abstract,False,0.4799255555555555,0.5340222222222222,0.05409666666666668,0.0,0.05409666666666668,False
14,sep,cka,specter,title,False,0.16929085755209078,0.19839956265098074,0.029108705098889964,0.0,0.029108705098889964,False
14,sep,cka,specter,abstract,False,0.3871487894725815,0.4162574945714715,0.029108705098889964,0.0,0.029108705098889964,False
14,sep,cka,specter2,title,False,0.1649095655359054,0.20039414250319154,0.03548457696728613,0.0,0.03548457696728613,False
14,sep,cka,specter2,abstract,False,0.33892189186140764,0.3744064688286938,0.03548457696728613,0.0,0.03548457696728613,False
14,sep,cka,scincl,title,False,0.1341641927727658,0.16427910163271014,0.030114908859944334,0.0,0.030114908859944334,False
14,sep,cka,scincl,abstract,False,0.38265657715502255,0.4127714860149669,0.030114908859944334,0.0,0.030114908859944334,False
14,sep,cka,scibert,title,True,-0.18839647410998067,-0.09352667697803252,0.09486979713194815,0.08102686826042049,0.17589666539236865,False
14,sep,cka,scibert,abstract,True,0.40454311430924544,0.5547133339900062,0.15017021968076077,0.02572644571160787,0.17589666539236865,False
14,sep,cka,bert,title,True,-0.17470089918896564,-0.059574290656893236,0.1151266085320724,0.29835255583718023,0.41347916436925264,False
14,sep,cka,bert,abstract,True,0.39351185163209607,0.5379911416788267,0.1444792900467306,0.26899987432252204,0.41347916436925264,False
14,sep,cka,mpnet,title,False,0.17098420984136564,0.20502966331050065,0.03404545346913501,0.0,0.03404545346913501,False
14,sep,cka,mpnet,abstract,False,0.37294330645656226,0.4069887599256973,0.03404545346913501,0.0,0.03404545346913501,False
14,sep,cka,minilm,title,False,0.12095417988675755,0.158023142752572,0.03706896286581446,0.0,0.03706896286581446,False
14,sep,cka,minilm,abstract,False,0.38135073314651974,0.4184196960123342,0.03706896286581446,0.0,0.03706896286581446,False
14,sep,cka,pubmedbert,title,True,-0.21417034614969388,-0.15626285108188553,0.057907495067808346,-0.04568826051536068,0.012219234552447666,False
14,sep,cka,pubmedbert,abstract,True,0.43111565424187126,0.42637147087892735,-0.00474418336294391,0.016963417915391577,0.012219234552447666,False
14,sep,cka,biobert,title,True,-0.2878875272731075,-0.16938728795956154,0.11850023931354597,-0.06956275890821872,0.04893748040532725,False
14,sep,cka,biobert,abstract,True,0.39046706259442876,0.4585344325118515,0.06806736991742274,-0.019129889512095488,0.04893748040532725,False
14,sep,cka,simcse,title,False,-0.10839055794370533,-0.041493184356031,0.06689737358767434,0.0,0.06689737358767434,False
14,sep,cka,simcse,abstract,False,0.4143953608948622,0.4812927344825365,0.06689737358767434,0.0,0.06689737358767434,False
14,sep,neighbors10,specter,title,False,0.05527222222222217,0.06468333333333331,0.009411111111111148,0.0,0.009411111111111148,False
14,sep,neighbors10,specter,abstract,False,0.3847222222222222,0.39413333333333334,0.009411111111111148,0.0,0.009411111111111148,False
14,sep,neighbors10,specter2,title,False,0.09336111111111112,0.10248888888888885,0.009127777777777735,0.0,0.009127777777777735,False
14,sep,neighbors10,specter2,abstract,False,0.36411111111111116,0.3732388888888889,0.009127777777777735,0.0,0.009127777777777735,False
14,sep,neighbors10,scincl,title,False,0.0814111111111111,0.08922777777777768,0.007816666666666583,0.0,0.007816666666666583,False
14,sep,neighbors10,scincl,abstract,False,0.45166111111111107,0.45947777777777765,0.007816666666666583,0.0,0.007816666666666583,False
14,sep,neighbors10,scibert,title,True,-0.14899444444444432,-0.05534444444444431,0.09365000000000001,0.03649999999999998,0.13015,False
14,sep,neighbors10,scibert,abstract,True,0.5524555555555557,0.5446055555555557,-0.007850000000000024,0.138,0.13015,False
14,sep,neighbors10,bert,title,True,-0.12897777777777786,-0.051033333333333264,0.0779444444444446,0.04379999999999995,0.12174444444444454,False
14,sep,neighbors10,bert,abstract,True,0.5333222222222223,0.44891666666666674,-0.08440555555555551,0.20615000000000006,0.12174444444444454,False
14,sep,neighbors10,mpnet,title,False,0.1373333333333332,0.145711111111111,0.008377777777777817,0.0,0.008377777777777817,False
14,sep,neighbors10,mpnet,abstract,False,0.5186333333333332,0.527011111111111,0.008377777777777817,0.0,0.008377777777777817,False
14,sep,neighbors10,minilm,title,False,0.07504444444444436,0.08543333333333336,0.010388888888889003,0.0,0.010388888888889003,False
14,sep,neighbors10,minilm,abstract,False,0.4910444444444444,0.5014333333333334,0.010388888888889003,0.0,0.010388888888889003,False
14,sep,neighbors10,pubmedbert,title,True,-0.14115,-0.09821666666666673,0.04293333333333327,-0.021150000000000002,0.021783333333333266,False
14,sep,neighbors10,pubmedbert,abstract,True,0.5422,0.5117333333333333,-0.030466666666666753,0.05225000000000002,0.021783333333333266,False
14,sep,neighbors10,biobert,title,True,-0.13836111111111116,-0.08766111111111108,0.05070000000000008,-0.004650000000000043,0.046050000000000035,False
14,sep,neighbors10,biobert,abstract,True,0.49958888888888886,0.5656888888888889,0.06610000000000005,-0.020050000000000012,0.046050000000000035,False
14,sep,neighbors10,simcse,title,False,-0.08658333333333346,-0.057155555555555515,0.02942777777777794,0.0,0.02942777777777794,False
14,sep,neighbors10,simcse,abstract,False,0.49206666666666654,0.5214944444444445,0.02942777777777794,0.0,0.02942777777777794,False
14,sep,neighbors25,specter,title,False,0.0610666666666666,0.07279333333333338,0.011726666666666774,0.0,0.011726666666666774,False
14,sep,neighbors25,specter,abstract,False,0.3953466666666666,0.4070733333333334,0.011726666666666774,0.0,0.011726666666666774,False
14,sep,neighbors25,specter2,title,False,0.09377999999999997,0.10584888888888888,0.012068888888888907,0.0,0.012068888888888907,False
14,sep,neighbors25,specter2,abstract,False,0.36704000000000003,0.37910888888888894,0.012068888888888907,0.0,0.012068888888888907,False
14,sep,neighbors25,scincl,title,False,0.08272000000000013,0.0924666666666667,0.00974666666666657,0.0,0.00974666666666657,False
14,sep,neighbors25,scincl,abstract,False,0.4533800000000001,0.4631266666666667,0.00974666666666657,0.0,0.00974666666666657,False
14,sep,neighbors25,scibert,title,True,-0.1546333333333333,-0.06100888888888889,0.0936244444444444,0.047720000000000096,0.1413444444444445,False
14,sep,neighbors25,scibert,abstract,True,0.5348066666666668,0.5669911111111111,0.03218444444444435,0.10916000000000015,0.1413444444444445,False
14,sep,neighbors25,bert,title,True,-0.13526666666666665,-0.057877777777777695,0.07738888888888895,0.06007999999999991,0.13746888888888886,False
14,sep,neighbors25,bert,abstract,True,0.5270933333333333,0.46094222222222225,-0.06615111111111105,0.2036199999999999,0.13746888888888886,False
14,sep,neighbors25,mpnet,title,False,0.1417844444444445,0.15330444444444458,0.011520000000000086,0.0,0.011520000000000086,False
14,sep,neighbors25,mpnet,abstract,False,0.5071844444444443,0.5187044444444444,0.011520000000000086,0.0,0.011520000000000086,False
14,sep,neighbors25,minilm,title,False,0.08192222222222223,0.09506888888888876,0.013146666666666529,0.0,0.013146666666666529,False
14,sep,neighbors25,minilm,abstract,False,0.48160222222222226,0.4947488888888888,0.013146666666666529,0.0,0.013146666666666529,False
14,sep,neighbors25,pubmedbert,title,True,-0.15276,-0.10188444444444444,0.05087555555555556,-0.02538000000000007,0.025495555555555494,False
14,sep,neighbors25,pubmedbert,abstract,True,0.5360400000000001,0.5051955555555556,-0.030844444444444452,0.056339999999999946,0.025495555555555494,False
14,sep,neighbors25,biobert,title,True,-0.14892666666666676,-0.0937377777777777,0.055188888888889065,-0.007280000000000064,0.047908888888889,False
14,sep,neighbors25,biobert,abstract,True,0.49005333333333323,0.5615822222222222,0.07152888888888898,-0.023619999999999974,0.047908888888889,False
14,sep,neighbors25,simcse,title,False,-0.0893466666666668,-0.05678222222222218,0.03256444444444462,0.0,0.03256444444444462,False
14,sep,neighbors25,simcse,abstract,False,0.4854733333333332,0.5180377777777778,0.03256444444444462,0.0,0.03256444444444462,False
14,sep,neighbors50,specter,title,False,0.06974333333333338,0.08226999999999995,0.012526666666666575,0.0,0.012526666666666575,False
14,sep,neighbors50,specter,abstract,False,0.39803333333333335,0.4105599999999999,0.012526666666666575,0.0,0.012526666666666575,False
14,sep,neighbors50,specter2,title,False,0.097901111111111,0.11027999999999993,0.01237888888888894,0.0,0.01237888888888894,False
14,sep,neighbors50,specter2,abstract,False,0.36545111111111106,0.37783,0.01237888888888894,0.0,0.01237888888888894,False
14,sep,neighbors50,scincl,title,False,0.0881788888888888,0.09865777777777773,0.010478888888888926,0.0,0.010478888888888926,False
14,sep,neighbors50,scincl,abstract,False,0.44706888888888896,0.4575477777777779,0.010478888888888926,0.0,0.010478888888888926,False
14,sep,neighbors50,scibert,title,True,-0.15128888888888892,-0.06274111111111114,0.08854777777777778,0.05341000000000007,0.14195777777777785,False
14,sep,neighbors50,scibert,abstract,True,0.521281111111111,0.5627888888888889,0.04150777777777792,0.10044999999999993,0.14195777777777785,False
14,sep,neighbors50,bert,title,True,-0.13438555555555554,-0.06289777777777783,0.0714877777777777,0.07522000000000006,0.14670777777777777,False
14,sep,neighbors50,bert,abstract,True,0.5086344444444444,0.4616122222222222,-0.04702222222222219,0.19372999999999996,0.14670777777777777,False
14,sep,neighbors50,mpnet,title,False,0.14018000000000008,0.1522933333333334,0.01211333333333331,0.0,0.01211333333333331,False
14,sep,neighbors50,mpnet,abstract,False,0.48880999999999997,0.5009233333333333,0.01211333333333331,0.0,0.01211333333333331,False
14,sep,neighbors50,minilm,title,False,0.08115111111111095,0.09525666666666655,0.014105555555555593,0.0,0.014105555555555593,False
14,sep,neighbors50,minilm,abstract,False,0.467161111111111,0.4812666666666666,0.014105555555555593,0.0,0.014105555555555593,False
14,sep,neighbors50,pubmedbert,title,True,-0.15382777777777779,-0.10117666666666669,0.05265111111111109,-0.026639999999999997,0.026011111111111096,False
14,sep,neighbors50,pubmedbert,abstract,True,0.5198022222222223,0.49393333333333334,-0.02586888888888894,0.05188000000000004,0.026011111111111096,False
14,sep,neighbors50,biobert,title,True,-0.15683666666666674,-0.09891222222222218,0.057924444444444556,-0.011560000000000015,0.04636444444444454,False
14,sep,neighbors50,biobert,abstract,True,0.47675333333333325,0.5483177777777779,0.07156444444444465,-0.02520000000000011,0.04636444444444454,False
14,sep,neighbors50,simcse,title,False,-0.08602444444444446,-0.05208888888888885,0.03393555555555561,0.0,0.03393555555555561,False
14,sep,neighbors50,simcse,abstract,False,0.4799255555555555,0.5138611111111111,0.03393555555555561,0.0,0.03393555555555561,False
15,cls,cka,specter,title,False,0.13201502963215056,0.22419738002023698,0.09218235038808642,0.0,0.09218235038808642,False
15,cls,cka,specter,abstract,False,0.22258369564402264,0.31476604603210906,0.09218235038808642,0.0,0.09218235038808642,False
15,cls,cka,specter2,title,False,0.1384034956013973,0.21867633324568375,0.08027283764428644,0.0,0.08027283764428644,False
15,cls,cka,specter2,abstract,False,0.2695480887031556,0.34982092634744205,0.08027283764428644,0.0,0.08027283764428644,False
15,cls,cka,scincl,title,False,0.14800306102108196,0.23436933666138943,0.08636627564030747,0.0,0.08636627564030747,False
15,cls,cka,scincl,abstract,False,0.25986427827010095,0.3462305539104084,0.08636627564030747,0.0,0.08636627564030747,False
15,cls,cka,scibert,title,True,-0.148180871657612,-0.08540361760190252,0.0627772540557095,0.16799842944486298,0.23077568350057248,False
15,cls,cka,scibert,abstract,True,0.27997556929037054,0.4684020447935868,0.18842647550321628,0.0423492079973562,0.23077568350057248,False
15,cls,cka,bert,title,True,0.01914914507883697,-0.20268207144720596,-0.22183121652604293,0.434333892966265,0.21250267644022208,True
15,cls,cka,bert,abstract,True,0.29997663384160894,0.4422349619164465,0.14225832807483757,0.07024434836538451,0.21250267644022208,False
15,cls,cka,mpnet,title,False,0.15038662131907304,0.23728257631481858,0.08689595499574554,0.0,0.08689595499574554,False
15,cls,cka,mpnet,abstract,False,0.26124116785663937,0.3481371228523849,0.08689595499574554,0.0,0.08689595499574554,False
15,cls,cka,minilm,title,False,0.12392814327255258,0.21223091511235864,0.08830277183980606,0.0,0.08830277183980606,False
15,cls,cka,minilm,abstract,False,0.27240234527256174,0.3607051171123678,0.08830277183980606,0.0,0.08830277183980606,False
15,cls,cka,pubmedbert,title,True,-0.11558245462756417,-0.16632248970748065,-0.05074003507991648,0.241532220448735,0.19079218536881853,False
15,cls,cka,pubmedbert,abstract,True,0.3039409038226079,0.4809374505296372,0.1769965467070293,0.013795638661789233,0.19079218536881853,False
15,cls,cka,biobert,title,True,-0.2828125948071421,-0.279375507407039,0.0034370874001031226,0.1444266338221949,0.14786372122229802,False
15,cls,cka,biobert,abstract,True,0.25721894045580235,0.40138530036096265,0.1441663599051603,0.003697361317137715,0.14786372122229802,False
15,cls,cka,simcse,title,False,-0.061038539062281294,0.015276469424584715,0.07631500848686601,0.0,0.07631500848686601,True
15,cls,cka,simcse,abstract,False,0.31006266341142386,0.38637767189828987,0.07631500848686601,0.0,0.07631500848686601,False
15,cls,neighbors10,specter,title,False,0.060594444444444506,0.10109999999999997,0.04050555555555546,0.0,0.04050555555555546,False
15,cls,neighbors10,specter,abstract,False,0.28604444444444455,0.32655,0.04050555555555546,0.0,0.04050555555555546,False
15,cls,neighbors10,specter2,title,False,0.06954444444444441,0.10873333333333335,0.03918888888888894,0.0,0.03918888888888894,False
15,cls,neighbors10,specter2,abstract,False,0.38969444444444434,0.4288833333333333,0.03918888888888894,0.0,0.03918888888888894,False
15,cls,neighbors10,scincl,title,False,0.08296666666666663,0.12106666666666654,0.03809999999999991,0.0,0.03809999999999991,False
15,cls,neighbors10,scincl,abstract,False,0.37636666666666674,0.41446666666666665,0.03809999999999991,0.0,0.03809999999999991,False
15,cls,neighbors10,scibert,title,True,-0.17039999999999988,-0.07763333333333333,0.09276666666666655,0.05064999999999997,0.14341666666666653,False
15,cls,neighbors10,scibert,abstract,True,0.5154000000000002,0.46081666666666665,-0.05458333333333354,0.19800000000000006,0.14341666666666653,False
15,cls,neighbors10,bert,title,True,-0.1407722222222222,-0.08303888888888888,0.0577333333333333,0.07010000000000005,0.12783333333333335,False
15,cls,neighbors10,bert,abstract,True,0.5049777777777779,0.3848611111111111,-0.12011666666666676,0.24795000000000011,0.12783333333333335,False
15,cls,neighbors10,mpnet,title,False,0.12541111111111114,0.16741111111111118,0.04200000000000004,0.0,0.04200000000000004,False
15,cls,neighbors10,mpnet,abstract,False,0.46476111111111107,0.5067611111111111,0.04200000000000004,0.0,0.04200000000000004,False
15,cls,neighbors10,minilm,title,False,0.08818888888888887,0.12998888888888893,0.04180000000000006,0.0,0.04180000000000006,False
15,cls,neighbors10,minilm,abstract,False,0.44033888888888884,0.4821388888888889,0.04180000000000006,0.0,0.04180000000000006,False
15,cls,neighbors10,pubmedbert,title,True,-0.1513944444444444,-0.09108888888888877,0.06030555555555561,0.06779999999999997,0.12810555555555558,False
15,cls,neighbors10,pubmedbert,abstract,True,0.5205055555555556,0.5654611111111112,0.04495555555555564,0.08314999999999995,0.12810555555555558,False
15,cls,neighbors10,biobert,title,True,-0.15057222222222233,-0.09208888888888889,0.05848333333333344,0.058250000000000024,0.11673333333333347,False
15,cls,neighbors10,biobert,abstract,True,0.46767777777777764,0.5431611111111112,0.07548333333333357,0.0412499999999999,0.11673333333333347,False
15,cls,neighbors10,simcse,title,False,-0.09242777777777778,-0.04445555555555558,0.047972222222222194,0.0,0.047972222222222194,False
15,cls,neighbors10,simcse,abstract,False,0.46682222222222225,0.5147944444444444,0.047972222222222194,0.0,0.047972222222222194,False
15,cls,neighbors25,specter,title,False,0.06783111111111118,0.11734000000000011,0.049508888888888936,0.0,0.049508888888888936,False
15,cls,neighbors25,specter,abstract,False,0.2941311111111111,0.34364000000000006,0.049508888888888936,0.0,0.049508888888888936,False
15,cls,neighbors25,specter2,title,False,0.07457777777777774,0.12027333333333323,0.04569555555555549,0.0,0.04569555555555549,False
15,cls,neighbors25,specter2,abstract,False,0.38285777777777774,0.42855333333333323,0.04569555555555549,0.0,0.04569555555555549,False
15,cls,neighbors25,scincl,title,False,0.09009111111111123,0.13426444444444452,0.04417333333333329,0.0,0.04417333333333329,False
15,cls,neighbors25,scincl,abstract,False,0.3740111111111112,0.41818444444444447,0.04417333333333329,0.0,0.04417333333333329,False
15,cls,neighbors25,scibert,title,True,-0.18339111111111106,-0.08606222222222226,0.0973288888888888,0.05998000000000003,0.15730888888888883,False
15,cls,neighbors25,scibert,abstract,True,0.49104888888888887,0.46737777777777767,-0.023671111111111198,0.18098000000000003,0.15730888888888883,False
15,cls,neighbors25,bert,title,True,-0.14895111111111115,-0.10191555555555554,0.04703555555555561,0.09597999999999995,0.14301555555555556,False
15,cls,neighbors25,bert,abstract,True,0.4891688888888889,0.3998044444444445,-0.08936444444444436,0.23237999999999992,0.14301555555555556,False
15,cls,neighbors25,mpnet,title,False,0.12839333333333336,0.17830000000000013,0.049906666666666766,0.0,0.049906666666666766,False
15,cls,neighbors25,mpnet,abstract,False,0.44243333333333335,0.4923400000000001,0.049906666666666766,0.0,0.049906666666666766,False
15,cls,neighbors25,minilm,title,False,0.09431555555555549,0.1436155555555555,0.04930000000000001,0.0,0.04930000000000001,False
15,cls,neighbors25,minilm,abstract,False,0.4231555555555555,0.4724555555555555,0.04930000000000001,0.0,0.04930000000000001,False
15,cls,neighbors25,pubmedbert,title,True,-0.15390888888888898,-0.10847555555555555,0.04543333333333344,0.09440000000000004,0.13983333333333348,False
15,cls,neighbors25,pubmedbert,abstract,True,0.490731111111111,0.5578444444444446,0.06711333333333358,0.0727199999999999,0.13983333333333348,False
15,cls,neighbors25,biobert,title,True,-0.16383111111111104,-0.11062222222222218,0.05320888888888886,0.07142000000000004,0.1246288888888889,False
15,cls,neighbors25,biobert,abstract,True,0.446088888888889,0.5371977777777779,0.0911088888888889,0.033519999999999994,0.1246288888888889,False
15,cls,neighbors25,simcse,title,False,-0.09914222222222224,-0.04651777777777777,0.052624444444444474,0.0,0.052624444444444474,False
15,cls,neighbors25,simcse,abstract,False,0.45657777777777775,0.5092022222222222,0.052624444444444474,0.0,0.052624444444444474,False
15,cls,neighbors50,specter,title,False,0.07677111111111112,0.12939888888888895,0.05262777777777783,0.0,0.05262777777777783,False
15,cls,neighbors50,specter,abstract,False,0.2936911111111111,0.34631888888888895,0.05262777777777783,0.0,0.05262777777777783,False
15,cls,neighbors50,specter2,title,False,0.07982333333333347,0.1285900000000001,0.048766666666666625,0.0,0.048766666666666625,False
15,cls,neighbors50,specter2,abstract,False,0.3702833333333335,0.41905000000000014,0.048766666666666625,0.0,0.048766666666666625,False
15,cls,neighbors50,scincl,title,False,0.09737777777777767,0.14493,0.04755222222222233,0.0,0.04755222222222233,False
15,cls,neighbors50,scincl,abstract,False,0.3642977777777776,0.41184999999999994,0.04755222222222233,0.0,0.04755222222222233,False
15,cls,neighbors50,scibert,title,True,-0.18175222222222231,-0.08678333333333321,0.0949688888888891,0.06914999999999993,0.16411888888888904,False
15,cls,neighbors50,scibert,abstract,True,0.4630577777777778,0.46233666666666673,-0.0007211111111110613,0.1648400000000001,0.16411888888888904,False
15,cls,neighbors50,bert,title,True,-0.1446788888888889,-0.11789444444444441,0.0267844444444445,0.12212,0.1489044444444445,False
15,cls,neighbors50,bert,abstract,True,0.46635111111111116,0.4014755555555556,-0.06487555555555558,0.21378000000000008,0.1489044444444445,False
15,cls,neighbors50,mpnet,title,False,0.12919777777777763,0.18277333333333312,0.05357555555555549,0.0,0.05357555555555549,False
15,cls,neighbors50,mpnet,abstract,False,0.4224077777777776,0.4759833333333331,0.05357555555555549,0.0,0.05357555555555549,False
15,cls,neighbors50,minilm,title,False,0.09350666666666663,0.1468166666666666,0.05330999999999997,0.0,0.05330999999999997,False
15,cls,neighbors50,minilm,abstract,False,0.4061366666666666,0.45944666666666656,0.05330999999999997,0.0,0.05330999999999997,False
15,cls,neighbors50,pubmedbert,title,True,-0.15090444444444429,-0.11501444444444442,0.035889999999999866,0.10887000000000002,0.1447599999999999,False
15,cls,neighbors50,pubmedbert,abstract,True,0.46737555555555566,0.5451755555555556,0.07779999999999998,0.06695999999999991,0.1447599999999999,False
15,cls,neighbors50,biobert,title,True,-0.1689922222222222,-0.12086111111111109,0.048131111111111125,0.07757999999999998,0.1257111111111111,False
15,cls,neighbors50,biobert,abstract,True,0.4216377777777778,0.5162488888888889,0.09461111111111109,0.031100000000000017,0.1257111111111111,False
15,cls,neighbors50,simcse,title,False,-0.09578222222222232,-0.041728888888888926,0.0540533333333334,0.0,0.0540533333333334,False
15,cls,neighbors50,simcse,abstract,False,0.4432877777777777,0.4973411111111111,0.0540533333333334,0.0,0.0540533333333334,False
15,sep,cka,specter,title,False,0.13201502963215056,0.1795135521965237,0.04749852256437315,0.0,0.04749852256437315,False
15,sep,cka,specter,abstract,False,0.22258369564402264,0.2700822182083958,0.04749852256437315,0.0,0.04749852256437315,False
15,sep,cka,specter2,title,False,0.1384034956013973,0.17811559658784615,0.03971210098644884,0.0,0.03971210098644884,False
15,sep,cka,specter2,abstract,False,0.2695480887031556,0.30926018968960445,0.03971210098644884,0.0,0.03971210098644884,False
15,sep,cka,scincl,title,False,0.14800306102108196,0.18749313078641022,0.03949006976532826,0.0,0.03949006976532826,False
15,sep,cka,scincl,abstract,False,0.25986427827010095,0.2993543480354292,0.03949006976532826,0.0,0.03949006976532826,False
15,sep,cka,scibert,title,True,-0.148180871657612,-0.08327756588924395,0.06490330576836806,0.1418807861777872,0.20678409194615527,False
15,sep,cka,scibert,abstract,True,0.27997556929037054,0.43400296625575063,0.1540273969653801,0.052756694980775176,0.20678409194615527,False
15,sep,cka,bert,title,True,0.01914914507883697,-0.016151777813729118,-0.03530092289256609,0.5577526888055211,0.5224517659129551,True
15,sep,cka,bert,abstract,True,0.29997663384160894,0.6198353755320511,0.3198587416904422,0.2025930242225128,0.5224517659129551,False
15,sep,cka,mpnet,title,False,0.15038662131907304,0.19015224528415609,0.03976562396508304,0.0,0.03976562396508304,False
15,sep,cka,mpnet,abstract,False,0.26124116785663937,0.3010067918217224,0.03976562396508304,0.0,0.03976562396508304,False
15,sep,cka,minilm,title,False,0.12392814327255258,0.16698165391896297,0.04305351064641039,0.0,0.04305351064641039,False
15,sep,cka,minilm,abstract,False,0.27240234527256174,0.31545585591897213,0.04305351064641039,0.0,0.04305351064641039,False
15,sep,cka,pubmedbert,title,True,-0.11558245462756417,-0.014592475240531921,0.10098997938703225,-0.1184254523996986,-0.017435473012666347,False
15,sep,cka,pubmedbert,abstract,True,0.3039409038226079,0.2912123909959801,-0.012728512826627791,-0.004706960186038556,-0.017435473012666347,False
15,sep,cka,biobert,title,True,-0.2828125948071421,-0.02966948778262002,0.2531431070245221,-0.20691418695622832,0.046228920068293766,False
15,sep,cka,biobert,abstract,True,0.25721894045580235,0.3170907783158715,0.059871837860069166,-0.0136429177917754,0.046228920068293766,False
15,sep,cka,simcse,title,False,-0.061038539062281294,0.008053933845771133,0.06909247290805243,0.0,0.06909247290805243,True
15,sep,cka,simcse,abstract,False,0.31006266341142386,0.3791551363194763,0.06909247290805243,0.0,0.06909247290805243,False
15,sep,neighbors10,specter,title,False,0.060594444444444506,0.06778888888888901,0.007194444444444503,0.0,0.007194444444444503,False
15,sep,neighbors10,specter,abstract,False,0.28604444444444455,0.29323888888888905,0.007194444444444503,0.0,0.007194444444444503,False
15,sep,neighbors10,specter2,title,False,0.06954444444444441,0.07823333333333338,0.008688888888888968,0.0,0.008688888888888968,False
15,sep,neighbors10,specter2,abstract,False,0.38969444444444434,0.3983833333333333,0.008688888888888968,0.0,0.008688888888888968,False
15,sep,neighbors10,scincl,title,False,0.08296666666666663,0.08929999999999993,0.006333333333333302,0.0,0.006333333333333302,False
15,sep,neighbors10,scincl,abstract,False,0.37636666666666674,0.38270000000000004,0.006333333333333302,0.0,0.006333333333333302,False
15,sep,neighbors10,scibert,title,True,-0.17039999999999988,-0.07302222222222232,0.09737777777777756,0.05259999999999998,0.14997777777777754,False
15,sep,neighbors10,scibert,abstract,True,0.5154000000000002,0.4559277777777777,-0.05947222222222248,0.20945000000000003,0.14997777777777754,False
15,sep,neighbors10,bert,title,True,-0.1407722222222222,-0.07116111111111101,0.06961111111111118,0.05845,0.12806111111111118,False
15,sep,neighbors10,bert,abstract,True,0.5049777777777779,0.380538888888889,-0.12443888888888888,0.25250000000000006,0.12806111111111118,False
15,sep,neighbors10,mpnet,title,False,0.12541111111111114,0.13231666666666675,0.006905555555555609,0.0,0.006905555555555609,False
15,sep,neighbors10,mpnet,abstract,False,0.46476111111111107,0.4716666666666667,0.006905555555555609,0.0,0.006905555555555609,False
15,sep,neighbors10,minilm,title,False,0.08818888888888887,0.0976055555555555,0.009416666666666629,0.0,0.009416666666666629,False
15,sep,neighbors10,minilm,abstract,False,0.44033888888888884,0.44975555555555546,0.009416666666666629,0.0,0.009416666666666629,False
15,sep,neighbors10,pubmedbert,title,True,-0.1513944444444444,-0.10859444444444433,0.04280000000000006,-0.028800000000000048,0.014000000000000012,False
15,sep,neighbors10,pubmedbert,abstract,True,0.5205055555555556,0.5274555555555556,0.006950000000000012,0.007050000000000001,0.014000000000000012,False
15,sep,neighbors10,biobert,title,True,-0.15057222222222233,-0.09104444444444448,0.059527777777777846,-0.016699999999999937,0.04282777777777791,False
15,sep,neighbors10,biobert,abstract,True,0.46767777777777764,0.5362555555555556,0.06857777777777796,-0.02575000000000005,0.04282777777777791,False
15,sep,neighbors10,simcse,title,False,-0.09242777777777778,-0.06865555555555547,0.023772222222222306,0.0,0.023772222222222306,False
15,sep,neighbors10,simcse,abstract,False,0.46682222222222225,0.49059444444444456,0.023772222222222306,0.0,0.023772222222222306,False
15,sep,neighbors25,specter,title,False,0.06783111111111118,0.07760444444444459,0.009773333333333412,0.0,0.009773333333333412,False
15,sep,neighbors25,specter,abstract,False,0.2941311111111111,0.30390444444444453,0.009773333333333412,0.0,0.009773333333333412,False
15,sep,neighbors25,specter2,title,False,0.07457777777777774,0.08528444444444438,0.010706666666666642,0.0,0.010706666666666642,False
15,sep,neighbors25,specter2,abstract,False,0.38285777777777774,0.3935644444444444,0.010706666666666642,0.0,0.010706666666666642,False
15,sep,neighbors25,scincl,title,False,0.09009111111111123,0.09780666666666671,0.0077155555555554756,0.0,0.0077155555555554756,False
15,sep,neighbors25,scincl,abstract,False,0.3740111111111112,0.38172666666666666,0.0077155555555554756,0.0,0.0077155555555554756,False
15,sep,neighbors25,scibert,title,True,-0.18339111111111106,-0.08523999999999998,0.09815111111111108,0.06288000000000005,0.16103111111111112,False
15,sep,neighbors25,scibert,abstract,True,0.49104888888888887,0.46628000000000003,-0.02476888888888884,0.18579999999999997,0.16103111111111112,False
15,sep,neighbors25,bert,title,True,-0.14895111111111115,-0.08241333333333323,0.06653777777777792,0.07911999999999997,0.14565777777777789,False
15,sep,neighbors25,bert,abstract,True,0.4891688888888889,0.39392666666666676,-0.09524222222222212,0.2409,0.14565777777777789,False
15,sep,neighbors25,mpnet,title,False,0.12839333333333336,0.13730222222222221,0.008908888888888855,0.0,0.008908888888888855,False
15,sep,neighbors25,mpnet,abstract,False,0.44243333333333335,0.4513422222222222,0.008908888888888855,0.0,0.008908888888888855,False
15,sep,neighbors25,minilm,title,False,0.09431555555555549,0.10583333333333322,0.011517777777777738,0.0,0.011517777777777738,False
15,sep,neighbors25,minilm,abstract,False,0.4231555555555555,0.43467333333333324,0.011517777777777738,0.0,0.011517777777777738,False
15,sep,neighbors25,pubmedbert,title,True,-0.15390888888888898,-0.11032888888888892,0.04358000000000006,-0.03315999999999997,0.010420000000000096,False
15,sep,neighbors25,pubmedbert,abstract,True,0.490731111111111,0.5006911111111112,0.009960000000000191,0.00045999999999990493,0.010420000000000096,False
15,sep,neighbors25,biobert,title,True,-0.16383111111111104,-0.09287333333333325,0.07095777777777779,-0.03178000000000003,0.039177777777777756,False
15,sep,neighbors25,biobert,abstract,True,0.446088888888889,0.5140266666666666,0.06793777777777765,-0.028759999999999897,0.039177777777777756,False
15,sep,neighbors25,simcse,title,False,-0.09914222222222224,-0.07283333333333342,0.026308888888888826,0.0,0.026308888888888826,False
15,sep,neighbors25,simcse,abstract,False,0.45657777777777775,0.4828866666666666,0.026308888888888826,0.0,0.026308888888888826,False
15,sep,neighbors50,specter,title,False,0.07677111111111112,0.08706666666666674,0.010295555555555613,0.0,0.010295555555555613,False
15,sep,neighbors50,specter,abstract,False,0.2936911111111111,0.30398666666666674,0.010295555555555613,0.0,0.010295555555555613,False
15,sep,neighbors50,specter2,title,False,0.07982333333333347,0.09100333333333332,0.011179999999999857,0.0,0.011179999999999857,False
15,sep,neighbors50,specter2,abstract,False,0.3702833333333335,0.3814633333333334,0.011179999999999857,0.0,0.011179999999999857,False
15,sep,neighbors50,scincl,title,False,0.09737777777777767,0.105121111111111,0.007743333333333324,0.0,0.007743333333333324,False
15,sep,neighbors50,scincl,abstract,False,0.3642977777777776,0.37204111111111093,0.007743333333333324,0.0,0.007743333333333324,False
15,sep,neighbors50,scibert,title,True,-0.18175222222222231,-0.09364111111111117,0.08811111111111114,0.07338,0.16149111111111114,False
15,sep,neighbors50,scibert,abstract,True,0.4630577777777778,0.4509388888888889,-0.012118888888888901,0.17361000000000004,0.16149111111111114,False
15,sep,neighbors50,bert,title,True,-0.1446788888888889,-0.0868133333333333,0.057865555555555614,0.0988,0.1566655555555556,False
15,sep,neighbors50,bert,abstract,True,0.46635111111111116,0.39704666666666677,-0.06930444444444439,0.22597,0.1566655555555556,False
15,sep,neighbors50,mpnet,title,False,0.12919777777777763,0.1383644444444443,0.009166666666666656,0.0,0.009166666666666656,False
15,sep,neighbors50,mpnet,abstract,False,0.4224077777777776,0.43157444444444426,0.009166666666666656,0.0,0.009166666666666656,False
15,sep,neighbors50,minilm,title,False,0.09350666666666663,0.10508666666666666,0.011580000000000035,0.0,0.011580000000000035,False
15,sep,neighbors50,minilm,abstract,False,0.4061366666666666,0.4177166666666666,0.011580000000000035,0.0,0.011580000000000035,False
15,sep,neighbors50,pubmedbert,title,True,-0.15090444444444429,-0.09841555555555559,0.052488888888888696,-0.04830000000000001,0.004188888888888687,False
15,sep,neighbors50,pubmedbert,abstract,True,0.46737555555555566,0.4674544444444444,7.888888888873957e-05,0.004109999999999947,0.004188888888888687,False
15,sep,neighbors50,biobert,title,True,-0.1689922222222222,-0.09143666666666672,0.07755555555555549,-0.043139999999999956,0.03441555555555553,False
15,sep,neighbors50,biobert,abstract,True,0.4216377777777778,0.48524333333333336,0.06360555555555558,-0.02919000000000005,0.03441555555555553,False
15,sep,neighbors50,simcse,title,False,-0.09578222222222232,-0.06900000000000017,0.026782222222222152,0.0,0.026782222222222152,False
15,sep,neighbors50,simcse,abstract,False,0.4432877777777777,0.4700699999999999,0.026782222222222152,0.0,0.026782222222222152,False
16,cls,cka,specter,title,False,0.1575137065026433,0.21700180873142005,0.05948810222877676,0.0,0.05948810222877676,False
16,cls,cka,specter,abstract,False,0.23782583968111737,0.29731394190989413,0.05948810222877676,0.0,0.05948810222877676,False
16,cls,cka,specter2,title,False,0.16226421328402862,0.21065988620811338,0.048395672924084754,0.0,0.048395672924084754,False
16,cls,cka,specter2,abstract,False,0.299435751816464,0.34783142474054873,0.048395672924084754,0.0,0.048395672924084754,False
16,cls,cka,scincl,title,False,0.1743265400242373,0.22363248780864775,0.04930594778441044,0.0,0.04930594778441044,False
16,cls,cka,scincl,abstract,False,0.3021622780045312,0.35146822578894166,0.04930594778441044,0.0,0.04930594778441044,False
16,cls,cka,scibert,title,True,-0.14352924925203636,-0.11382139286131865,0.029707856390717713,0.12927304648881,0.1589809028795277,False
16,cls,cka,scibert,abstract,True,0.2695711895124968,0.3958511488709794,0.12627995935848257,0.032700943521045134,0.1589809028795277,False
16,cls,cka,bert,title,True,-0.005199209606233213,-0.17641081079981913,-0.17121160119358592,0.3402592268953173,0.16904762570173137,False
16,cls,cka,bert,abstract,True,0.308541265955649,0.4073862203516869,0.09884495439603791,0.07020267130569346,0.16904762570173137,False
16,cls,cka,mpnet,title,False,0.1504369425565661,0.2015129635856388,0.051076021029072716,0.0,0.051076021029072716,False
16,cls,cka,mpnet,abstract,False,0.3025901617962841,0.35366618282535683,0.051076021029072716,0.0,0.051076021029072716,False
16,cls,cka,minilm,title,False,0.10597936521187845,0.1629717470370517,0.056992381825173244,0.0,0.056992381825173244,False
16,cls,cka,minilm,abstract,False,0.30631517304746436,0.3633075548726376,0.056992381825173244,0.0,0.056992381825173244,False
16,cls,cka,pubmedbert,title,True,-0.07353592672396525,-0.14109570556953693,-0.06755977884557168,0.19776825169045564,0.13020847284488396,False
16,cls,cka,pubmedbert,abstract,True,0.28660355179413266,0.4024442468982445,0.11584069510411182,0.014367777740772136,0.13020847284488396,False
16,cls,cka,biobert,title,True,-0.15237305286057934,-0.19366118479089633,-0.041288131930316996,0.12670474249689867,0.08541661056658167,False
16,cls,cka,biobert,abstract,True,0.2733799674790194,0.35118581951175054,0.07780585203273116,0.007610758533850515,0.08541661056658167,False
16,cls,cka,simcse,title,False,-0.0637439495441447,-0.020778958835649175,0.04296499070849552,0.0,0.04296499070849552,False
16,cls,cka,simcse,abstract,False,0.34524800896102753,0.38821299966952305,0.04296499070849552,0.0,0.04296499070849552,False
16,cls,neighbors10,specter,title,False,0.09887777777777773,0.13498888888888894,0.036111111111111205,0.0,0.036111111111111205,False
16,cls,neighbors10,specter,abstract,False,0.28337777777777773,0.31948888888888893,0.036111111111111205,0.0,0.036111111111111205,False
16,cls,neighbors10,specter2,title,False,0.11458333333333337,0.14573888888888886,0.031155555555555492,0.0,0.031155555555555492,False
16,cls,neighbors10,specter2,abstract,False,0.3913833333333333,0.4225388888888888,0.031155555555555492,0.0,0.031155555555555492,False
16,cls,neighbors10,scincl,title,False,0.12066111111111111,0.15505000000000013,0.034388888888889024,0.0,0.034388888888889024,False
16,cls,neighbors10,scincl,abstract,False,0.36121111111111115,0.3956000000000002,0.034388888888889024,0.0,0.034388888888889024,False
16,cls,neighbors10,scibert,title,True,-0.1566722222222222,-0.07279999999999998,0.08387222222222224,0.04565000000000008,0.12952222222222232,False
16,cls,neighbors10,scibert,abstract,True,0.4862277777777777,0.4518500000000001,-0.03437777777777762,0.16389999999999993,0.12952222222222232,False
16,cls,neighbors10,bert,title,True,-0.12050000000000005,-0.0707388888888889,0.049761111111111145,0.06140000000000001,0.11116111111111115,False
16,cls,neighbors10,bert,abstract,True,0.4836999999999999,0.349361111111111,-0.1343388888888889,0.24550000000000005,0.11116111111111115,False
16,cls,neighbors10,mpnet,title,False,0.1522944444444445,0.1893555555555556,0.0370611111111111,0.0,0.0370611111111111,False
16,cls,neighbors10,mpnet,abstract,False,0.45919444444444446,0.49625555555555556,0.0370611111111111,0.0,0.0370611111111111,False
16,cls,neighbors10,minilm,title,False,0.10031111111111113,0.13732777777777772,0.03701666666666659,0.0,0.03701666666666659,False
16,cls,neighbors10,minilm,abstract,False,0.424961111111111,0.4619777777777776,0.03701666666666659,0.0,0.03701666666666659,False
16,cls,neighbors10,pubmedbert,title,True,-0.12187222222222227,-0.0906111111111112,0.03126111111111107,0.08389999999999997,0.11516111111111105,False
16,cls,neighbors10,pubmedbert,abstract,True,0.4945777777777778,0.5113388888888889,0.016761111111111116,0.09839999999999993,0.11516111111111105,False
16,cls,neighbors10,biobert,title,True,-0.1240888888888888,-0.07863333333333333,0.04545555555555547,0.058250000000000024,0.1037055555555555,False
16,cls,neighbors10,biobert,abstract,True,0.4573111111111111,0.5120166666666666,0.05470555555555545,0.049000000000000044,0.1037055555555555,False
16,cls,neighbors10,simcse,title,False,-0.07496666666666663,-0.03912777777777776,0.035838888888888865,0.0,0.035838888888888865,False
16,cls,neighbors10,simcse,abstract,False,0.43443333333333334,0.4702722222222222,0.035838888888888865,0.0,0.035838888888888865,False
16,cls,neighbors25,specter,title,False,0.10655999999999999,0.14782666666666655,0.04126666666666656,0.0,0.04126666666666656,False
16,cls,neighbors25,specter,abstract,False,0.2936000000000001,0.33486666666666665,0.04126666666666656,0.0,0.04126666666666656,False
16,cls,neighbors25,specter2,title,False,0.1234088888888889,0.15789777777777791,0.03448888888888901,0.0,0.03448888888888901,False
16,cls,neighbors25,specter2,abstract,False,0.40288888888888885,0.43737777777777787,0.03448888888888901,0.0,0.03448888888888901,False
16,cls,neighbors25,scincl,title,False,0.12892888888888887,0.16571333333333327,0.0367844444444444,0.0,0.0367844444444444,False
16,cls,neighbors25,scincl,abstract,False,0.36322888888888905,0.40001333333333344,0.0367844444444444,0.0,0.0367844444444444,False
16,cls,neighbors25,scibert,title,True,-0.1674955555555555,-0.08247555555555564,0.08501999999999987,0.05056000000000005,0.13557999999999992,False
16,cls,neighbors25,scibert,abstract,True,0.4684844444444445,0.4555244444444444,-0.012960000000000083,0.14854,0.13557999999999992,False
16,cls,neighbors25,bert,title,True,-0.12585333333333337,-0.0852977777777777,0.04055555555555568,0.07761999999999991,0.11817555555555559,False
16,cls,neighbors25,bert,abstract,True,0.4801066666666667,0.3689422222222223,-0.1111644444444444,0.22934,0.11817555555555559,False
16,cls,neighbors25,mpnet,title,False,0.15354,0.19383777777777778,0.040297777777777766,0.0,0.040297777777777766,False
16,cls,neighbors25,mpnet,abstract,False,0.4544600000000001,0.49475777777777785,0.040297777777777766,0.0,0.040297777777777766,False
16,cls,neighbors25,minilm,title,False,0.10050222222222216,0.14175777777777765,0.04125555555555549,0.0,0.04125555555555549,False
16,cls,neighbors25,minilm,abstract,False,0.42040222222222223,0.4616577777777777,0.04125555555555549,0.0,0.04125555555555549,False
16,cls,neighbors25,pubmedbert,title,True,-0.12081777777777769,-0.0970511111111112,0.02376666666666649,0.09666000000000008,0.12042666666666657,False
16,cls,neighbors25,pubmedbert,abstract,True,0.47724222222222223,0.5138488888888888,0.036606666666666565,0.08382,0.12042666666666657,False
16,cls,neighbors25,biobert,title,True,-0.1332444444444444,-0.08950444444444439,0.04374,0.06240000000000001,0.10614000000000001,False
16,cls,neighbors25,biobert,abstract,True,0.4429755555555557,0.5040355555555557,0.06106,0.04508000000000001,0.10614000000000001,False
16,cls,neighbors25,simcse,title,False,-0.0793288888888889,-0.04350444444444446,0.03582444444444444,0.0,0.03582444444444444,False
16,cls,neighbors25,simcse,abstract,False,0.44403111111111115,0.4798555555555556,0.03582444444444444,0.0,0.03582444444444444,False
16,cls,neighbors50,specter,title,False,0.11315111111111109,0.15436666666666665,0.04121555555555556,0.0,0.04121555555555556,False
16,cls,neighbors50,specter,abstract,False,0.2994311111111111,0.34064666666666665,0.04121555555555556,0.0,0.04121555555555556,False
16,cls,neighbors50,specter2,title,False,0.13180999999999998,0.1671866666666667,0.03537666666666672,0.0,0.03537666666666672,False
16,cls,neighbors50,specter2,abstract,False,0.3997200000000001,0.4350966666666668,0.03537666666666672,0.0,0.03537666666666672,False
16,cls,neighbors50,scincl,title,False,0.13621222222222207,0.17198444444444427,0.035772222222222205,0.0,0.035772222222222205,False
16,cls,neighbors50,scincl,abstract,False,0.36216222222222216,0.39793444444444437,0.035772222222222205,0.0,0.035772222222222205,False
16,cls,neighbors50,scibert,title,True,-0.16543444444444433,-0.08684777777777786,0.07858666666666647,0.05503000000000002,0.1336166666666665,False
16,cls,neighbors50,scibert,abstract,True,0.4485355555555557,0.4497022222222221,0.0011666666666664272,0.13245000000000007,0.1336166666666665,False
16,cls,neighbors50,bert,title,True,-0.12794222222222218,-0.09467777777777797,0.03326444444444421,0.08659000000000006,0.11985444444444426,False
16,cls,neighbors50,bert,abstract,True,0.4669177777777779,0.376492222222222,-0.09042555555555587,0.21028000000000013,0.11985444444444426,False
16,cls,neighbors50,mpnet,title,False,0.1504633333333334,0.19166777777777777,0.04120444444444438,0.0,0.04120444444444438,False
16,cls,neighbors50,mpnet,abstract,False,0.4421833333333335,0.48338777777777786,0.04120444444444438,0.0,0.04120444444444438,False
16,cls,neighbors50,minilm,title,False,0.09807888888888883,0.14114888888888877,0.04306999999999994,0.0,0.04306999999999994,False
16,cls,neighbors50,minilm,abstract,False,0.4114088888888888,0.45447888888888877,0.04306999999999994,0.0,0.04306999999999994,False
16,cls,neighbors50,pubmedbert,title,True,-0.11909666666666663,-0.10103111111111107,0.018065555555555557,0.10102999999999995,0.11909555555555551,False
16,cls,neighbors50,pubmedbert,abstract,True,0.4594533333333334,0.5010388888888888,0.04158555555555543,0.07751000000000008,0.11909555555555551,False
16,cls,neighbors50,biobert,title,True,-0.1354266666666668,-0.09850222222222227,0.03692444444444454,0.06257000000000001,0.09949444444444455,False
16,cls,neighbors50,biobert,abstract,True,0.4286133333333332,0.4838877777777778,0.055274444444444626,0.044219999999999926,0.09949444444444455,False
16,cls,neighbors50,simcse,title,False,-0.08094555555555549,-0.04596777777777772,0.034977777777777774,0.0,0.034977777777777774,False
16,cls,neighbors50,simcse,abstract,False,0.4412844444444446,0.47626222222222236,0.034977777777777774,0.0,0.034977777777777774,False
16,sep,cka,specter,title,False,0.1575137065026433,0.1942172915224526,0.036703585019809304,0.0,0.036703585019809304,False
16,sep,cka,specter,abstract,False,0.23782583968111737,0.27452942470092667,0.036703585019809304,0.0,0.036703585019809304,False
16,sep,cka,specter2,title,False,0.16226421328402862,0.18818979237305788,0.02592557908902926,0.0,0.02592557908902926,False
16,sep,cka,specter2,abstract,False,0.299435751816464,0.32536133090549324,0.02592557908902926,0.0,0.02592557908902926,False
16,sep,cka,scincl,title,False,0.1743265400242373,0.20009374837285376,0.025767208348616455,0.0,0.025767208348616455,False
16,sep,cka,scincl,abstract,False,0.3021622780045312,0.32792948635314767,0.025767208348616455,0.0,0.025767208348616455,False
16,sep,cka,scibert,title,True,-0.14352924925203636,-0.11132029040227143,0.032208958849764935,0.12812083516799377,0.1603297940177587,False
16,sep,cka,scibert,abstract,True,0.2695711895124968,0.3857421497074124,0.11617096019491557,0.044158833822843135,0.1603297940177587,False
16,sep,cka,bert,title,True,-0.005199209606233213,-0.01430448877492585,-0.009105279168692637,0.45819565522687444,0.4490903760581818,False
16,sep,cka,bert,abstract,True,0.308541265955649,0.580108912867089,0.27156764691144,0.17752272914674183,0.4490903760581818,False
16,sep,cka,mpnet,title,False,0.1504369425565661,0.17884293978982752,0.028405997233261426,0.0,0.028405997233261426,False
16,sep,cka,mpnet,abstract,False,0.3025901617962841,0.33099615902954554,0.028405997233261426,0.0,0.028405997233261426,False
16,sep,cka,minilm,title,False,0.10597936521187845,0.14155089256046022,0.035571527348581766,0.0,0.035571527348581766,False
16,sep,cka,minilm,abstract,False,0.30631517304746436,0.34188670039604613,0.035571527348581766,0.0,0.035571527348581766,False
16,sep,cka,pubmedbert,title,True,-0.07353592672396525,0.01447913241721488,0.08801505914118013,-0.07549509995993231,0.01251995918124782,True
16,sep,cka,pubmedbert,abstract,True,0.28660355179413266,0.3048861270646138,0.01828257527048116,-0.005762616089233341,0.01251995918124782,False
16,sep,cka,biobert,title,True,-0.15237305286057934,0.04153356418557974,0.19390661704615908,-0.1637162455559824,0.03019037149017667,True
16,sep,cka,biobert,abstract,True,0.2733799674790194,0.31519154410951333,0.04181157663049395,-0.011621205140317281,0.03019037149017667,False
16,sep,cka,simcse,title,False,-0.0637439495441447,-0.00499264698637375,0.058751302557770946,0.0,0.058751302557770946,False
16,sep,cka,simcse,abstract,False,0.34524800896102753,0.4039993115187985,0.058751302557770946,0.0,0.058751302557770946,False
16,sep,neighbors10,specter,title,False,0.09887777777777773,0.1061388888888889,0.007261111111111163,0.0,0.007261111111111163,False
16,sep,neighbors10,specter,abstract,False,0.28337777777777773,0.2906388888888889,0.007261111111111163,0.0,0.007261111111111163,False
16,sep,neighbors10,specter2,title,False,0.11458333333333337,0.1221000000000001,0.007516666666666727,0.0,0.007516666666666727,False
16,sep,neighbors10,specter2,abstract,False,0.3913833333333333,0.39890000000000003,0.007516666666666727,0.0,0.007516666666666727,False
16,sep,neighbors10,scincl,title,False,0.12066111111111111,0.12621111111111105,0.005549999999999944,0.0,0.005549999999999944,False
16,sep,neighbors10,scincl,abstract,False,0.36121111111111115,0.3667611111111111,0.005549999999999944,0.0,0.005549999999999944,False
16,sep,neighbors10,scibert,title,True,-0.1566722222222222,-0.06115555555555552,0.0955166666666667,0.049449999999999994,0.1449666666666667,False
16,sep,neighbors10,scibert,abstract,True,0.4862277777777777,0.4506944444444445,-0.035533333333333195,0.18049999999999988,0.1449666666666667,False
16,sep,neighbors10,bert,title,True,-0.12050000000000005,-0.05064444444444438,0.06985555555555567,0.05635000000000001,0.12620555555555568,False
16,sep,neighbors10,bert,abstract,True,0.4836999999999999,0.29085555555555564,-0.19284444444444426,0.31904999999999994,0.12620555555555568,False
16,sep,neighbors10,mpnet,title,False,0.1522944444444445,0.15877222222222231,0.0064777777777778045,0.0,0.0064777777777778045,False
16,sep,neighbors10,mpnet,abstract,False,0.45919444444444446,0.46567222222222227,0.0064777777777778045,0.0,0.0064777777777778045,False
16,sep,neighbors10,minilm,title,False,0.10031111111111113,0.10958333333333337,0.009272222222222237,0.0,0.009272222222222237,False
16,sep,neighbors10,minilm,abstract,False,0.424961111111111,0.43423333333333325,0.009272222222222237,0.0,0.009272222222222237,False
16,sep,neighbors10,pubmedbert,title,True,-0.12187222222222227,-0.05941111111111097,0.0624611111111113,-0.039650000000000074,0.022811111111111226,False
16,sep,neighbors10,pubmedbert,abstract,True,0.4945777777777778,0.530288888888889,0.03571111111111125,-0.012900000000000023,0.022811111111111226,False
16,sep,neighbors10,biobert,title,True,-0.1240888888888888,-0.04949999999999988,0.07458888888888893,-0.027649999999999952,0.046938888888888974,False
16,sep,neighbors10,biobert,abstract,True,0.4573111111111111,0.5320500000000001,0.07473888888888902,-0.027800000000000047,0.046938888888888974,False
16,sep,neighbors10,simcse,title,False,-0.07496666666666663,-0.05274444444444437,0.022222222222222254,0.0,0.022222222222222254,False
16,sep,neighbors10,simcse,abstract,False,0.43443333333333334,0.4566555555555556,0.022222222222222254,0.0,0.022222222222222254,False
16,sep,neighbors25,specter,title,False,0.10655999999999999,0.11570222222222215,0.009142222222222163,0.0,0.009142222222222163,False
16,sep,neighbors25,specter,abstract,False,0.2936000000000001,0.30274222222222225,0.009142222222222163,0.0,0.009142222222222163,False
16,sep,neighbors25,specter2,title,False,0.1234088888888889,0.13152666666666668,0.00811777777777778,0.0,0.00811777777777778,False
16,sep,neighbors25,specter2,abstract,False,0.40288888888888885,0.41100666666666663,0.00811777777777778,0.0,0.00811777777777778,False
16,sep,neighbors25,scincl,title,False,0.12892888888888887,0.1357288888888888,0.006799999999999917,0.0,0.006799999999999917,False
16,sep,neighbors25,scincl,abstract,False,0.36322888888888905,0.37002888888888896,0.006799999999999917,0.0,0.006799999999999917,False
16,sep,neighbors25,scibert,title,True,-0.1674955555555555,-0.06952000000000003,0.09797555555555548,0.05352000000000001,0.1514955555555555,False
16,sep,neighbors25,scibert,abstract,True,0.4684844444444445,0.45864000000000005,-0.009844444444444433,0.16133999999999993,0.1514955555555555,False
16,sep,neighbors25,bert,title,True,-0.12585333333333337,-0.05397111111111108,0.07188222222222229,0.07673999999999992,0.1486222222222222,False
16,sep,neighbors25,bert,abstract,True,0.4801066666666667,0.31374888888888885,-0.16635777777777783,0.31498000000000004,0.1486222222222222,False
16,sep,neighbors25,mpnet,title,False,0.15354,0.16168444444444452,0.00814444444444451,0.0,0.00814444444444451,False
16,sep,neighbors25,mpnet,abstract,False,0.4544600000000001,0.4626044444444446,0.00814444444444451,0.0,0.00814444444444451,False
16,sep,neighbors25,minilm,title,False,0.10050222222222216,0.11227555555555557,0.011773333333333413,0.0,0.011773333333333413,False
16,sep,neighbors25,minilm,abstract,False,0.42040222222222223,0.43217555555555565,0.011773333333333413,0.0,0.011773333333333413,False
16,sep,neighbors25,pubmedbert,title,True,-0.12081777777777769,-0.052119999999999944,0.06869777777777775,-0.04605999999999999,0.022637777777777757,False
16,sep,neighbors25,pubmedbert,abstract,True,0.47724222222222223,0.51034,0.03309777777777778,-0.010460000000000025,0.022637777777777757,False
16,sep,neighbors25,biobert,title,True,-0.1332444444444444,-0.03979777777777771,0.09344666666666668,-0.047780000000000045,0.04566666666666663,False
16,sep,neighbors25,biobert,abstract,True,0.4429755555555557,0.5176422222222222,0.07466666666666655,-0.028999999999999915,0.04566666666666663,False
16,sep,neighbors25,simcse,title,False,-0.0793288888888889,-0.054404444444444366,0.024924444444444527,0.0,0.024924444444444527,False
16,sep,neighbors25,simcse,abstract,False,0.44403111111111115,0.4689555555555557,0.024924444444444527,0.0,0.024924444444444527,False
16,sep,neighbors50,specter,title,False,0.11315111111111109,0.12279111111111107,0.009639999999999982,0.0,0.009639999999999982,False
16,sep,neighbors50,specter,abstract,False,0.2994311111111111,0.3090711111111111,0.009639999999999982,0.0,0.009639999999999982,False
16,sep,neighbors50,specter2,title,False,0.13180999999999998,0.1403588888888888,0.008548888888888828,0.0,0.008548888888888828,False
16,sep,neighbors50,specter2,abstract,False,0.3997200000000001,0.4082688888888889,0.008548888888888828,0.0,0.008548888888888828,False
16,sep,neighbors50,scincl,title,False,0.13621222222222207,0.14271999999999985,0.006507777777777779,0.0,0.006507777777777779,False
16,sep,neighbors50,scincl,abstract,False,0.36216222222222216,0.36866999999999994,0.006507777777777779,0.0,0.006507777777777779,False
16,sep,neighbors50,scibert,title,True,-0.16543444444444433,-0.07451444444444444,0.09091999999999989,0.05895000000000006,0.14986999999999995,False
16,sep,neighbors50,scibert,abstract,True,0.4485355555555557,0.4509655555555556,0.002429999999999932,0.14744000000000002,0.14986999999999995,False
16,sep,neighbors50,bert,title,True,-0.12794222222222218,-0.0575188888888889,0.07042333333333328,0.09401000000000004,0.16443333333333332,False
16,sep,neighbors50,bert,abstract,True,0.4669177777777779,0.32462111111111114,-0.14229666666666674,0.30673000000000006,0.16443333333333332,False
16,sep,neighbors50,mpnet,title,False,0.1504633333333334,0.16004444444444443,0.00958111111111104,0.0,0.00958111111111104,False
16,sep,neighbors50,mpnet,abstract,False,0.4421833333333335,0.4517644444444445,0.00958111111111104,0.0,0.00958111111111104,False
16,sep,neighbors50,minilm,title,False,0.09807888888888883,0.11168555555555548,0.013606666666666656,0.0,0.013606666666666656,False
16,sep,neighbors50,minilm,abstract,False,0.4114088888888888,0.4250155555555555,0.013606666666666656,0.0,0.013606666666666656,False
16,sep,neighbors50,pubmedbert,title,True,-0.11909666666666663,-0.04695555555555542,0.07214111111111121,-0.04969000000000001,0.0224511111111112,False
16,sep,neighbors50,pubmedbert,abstract,True,0.4594533333333334,0.48776444444444456,0.028311111111111176,-0.005859999999999976,0.0224511111111112,False
16,sep,neighbors50,biobert,title,True,-0.1354266666666668,-0.03565000000000007,0.09977666666666674,-0.05945,0.04032666666666673,False
16,sep,neighbors50,biobert,abstract,True,0.4286133333333332,0.49366999999999994,0.06505666666666676,-0.02473000000000003,0.04032666666666673,False
16,sep,neighbors50,simcse,title,False,-0.08094555555555549,-0.05359777777777763,0.02734777777777786,0.0,0.02734777777777786,False
16,sep,neighbors50,simcse,abstract,False,0.4412844444444446,0.46863222222222245,0.02734777777777786,0.0,0.02734777777777786,False
17,cls,cka,specter,title,False,0.15856801088984884,0.2175739829305069,0.05900597204065805,0.0,0.05900597204065805,False
17,cls,cka,specter,abstract,False,0.3467310992778675,0.40573707131852554,0.05900597204065805,0.0,0.05900597204065805,False
17,cls,cka,specter2,title,False,0.15726638974659185,0.2144698148889148,0.05720342514232296,0.0,0.05720342514232296,False
17,cls,cka,specter2,abstract,False,0.33240551107807975,0.3896089362204027,0.05720342514232296,0.0,0.05720342514232296,False
17,cls,cka,scincl,title,False,0.15726410710826605,0.21529765992553013,0.05803355281726408,0.0,0.05803355281726408,False
17,cls,cka,scincl,abstract,False,0.3464780785432073,0.40451163136047136,0.05803355281726408,0.0,0.05803355281726408,False
17,cls,cka,scibert,title,True,-0.13465788124826084,-0.07616291247127349,0.058494968776987344,0.08539536578363682,0.14389033456062417,False
17,cls,cka,scibert,abstract,True,0.3794507437129011,0.5003733579130787,0.12092261420017758,0.022967720360446586,0.14389033456062417,False
17,cls,cka,bert,title,True,-0.09219314168139797,-0.17572200580113162,-0.08352886411973365,0.2680422483316579,0.18451338421192426,False
17,cls,cka,bert,abstract,True,0.3644132149410469,0.5005908889941204,0.13617767405307352,0.04833571015885074,0.18451338421192426,False
17,cls,cka,mpnet,title,False,0.1381802314627502,0.19707887472607888,0.058898643263328665,0.0,0.058898643263328665,False
17,cls,cka,mpnet,abstract,False,0.3435471790204198,0.4024458222837485,0.058898643263328665,0.0,0.058898643263328665,False
17,cls,cka,minilm,title,False,0.11294885243711011,0.1715057655748396,0.05855691313772948,0.0,0.05855691313772948,False
17,cls,cka,minilm,abstract,False,0.35209327110269945,0.41065018424042893,0.05855691313772948,0.0,0.05855691313772948,False
17,cls,cka,pubmedbert,title,True,-0.20765911747990884,-0.22876857493670832,-0.021109457456799485,0.1341655921660495,0.11305613470925002,False
17,cls,cka,pubmedbert,abstract,True,0.3714358965726945,0.480917519923022,0.10948162335032752,0.0035745113589225053,0.11305613470925002,False
17,cls,cka,biobert,title,True,-0.28898141360408497,-0.23418795468424808,0.05479345891983689,0.038248664338941696,0.09304212325877859,False
17,cls,cka,biobert,abstract,True,0.36104152947238094,0.45396433933240915,0.09292280986002821,0.00011931339875037583,0.09304212325877859,False
17,cls,cka,simcse,title,False,-0.07154219424167396,-0.007019055259372409,0.06452313898230155,0.0,0.06452313898230155,False
17,cls,cka,simcse,abstract,False,0.38052890417453944,0.445052043156841,0.06452313898230155,0.0,0.06452313898230155,False
17,cls,neighbors10,specter,title,False,0.04772222222222222,0.08489999999999998,0.037177777777777754,0.0,0.037177777777777754,False
17,cls,neighbors10,specter,abstract,False,0.3987222222222222,0.43589999999999995,0.037177777777777754,0.0,0.037177777777777754,False
17,cls,neighbors10,specter2,title,False,0.05858333333333343,0.09578333333333333,0.0371999999999999,0.0,0.0371999999999999,False
17,cls,neighbors10,specter2,abstract,False,0.40528333333333344,0.44248333333333334,0.0371999999999999,0.0,0.0371999999999999,False
17,cls,neighbors10,scincl,title,False,0.08886666666666665,0.1262777777777777,0.03741111111111106,0.0,0.03741111111111106,False
17,cls,neighbors10,scincl,abstract,False,0.46586666666666665,0.5032777777777777,0.03741111111111106,0.0,0.03741111111111106,False
17,cls,neighbors10,scibert,title,True,-0.14807777777777775,-0.0690777777777778,0.07899999999999996,0.06259999999999999,0.14159999999999995,False
17,cls,neighbors10,scibert,abstract,True,0.5416722222222223,0.5205722222222222,-0.02110000000000012,0.16270000000000007,0.14159999999999995,False
17,cls,neighbors10,bert,title,True,-0.14353888888888888,-0.07976111111111106,0.06377777777777782,0.06504999999999994,0.12882777777777776,False
17,cls,neighbors10,bert,abstract,True,0.5427611111111111,0.4429388888888889,-0.09982222222222226,0.22865000000000002,0.12882777777777776,False
17,cls,neighbors10,mpnet,title,False,0.0977888888888887,0.1398055555555554,0.0420166666666667,0.0,0.0420166666666667,False
17,cls,neighbors10,mpnet,abstract,False,0.4829888888888888,0.5250055555555555,0.0420166666666667,0.0,0.0420166666666667,False
17,cls,neighbors10,minilm,title,False,0.05642222222222226,0.1016555555555555,0.04523333333333324,0.0,0.04523333333333324,False
17,cls,neighbors10,minilm,abstract,False,0.4802722222222223,0.5255055555555556,0.04523333333333324,0.0,0.04523333333333324,False
17,cls,neighbors10,pubmedbert,title,True,-0.16017222222222227,-0.1047611111111112,0.05541111111111108,0.04580000000000006,0.10121111111111114,False
17,cls,neighbors10,pubmedbert,abstract,True,0.5484777777777777,0.5710388888888889,0.022561111111111143,0.07865,0.10121111111111114,False
17,cls,neighbors10,biobert,title,True,-0.15869444444444447,-0.10431111111111113,0.05438333333333334,0.04049999999999998,0.09488333333333332,False
17,cls,neighbors10,biobert,abstract,True,0.5154055555555556,0.5837388888888889,0.06833333333333336,0.026549999999999963,0.09488333333333332,False
17,cls,neighbors10,simcse,title,False,-0.08485555555555546,-0.030783333333333274,0.05407222222222219,0.0,0.05407222222222219,False
17,cls,neighbors10,simcse,abstract,False,0.5095444444444445,0.5636166666666667,0.05407222222222219,0.0,0.05407222222222219,False
17,cls,neighbors25,specter,title,False,0.06857333333333337,0.10875333333333326,0.04017999999999988,0.0,0.04017999999999988,False
17,cls,neighbors25,specter,abstract,False,0.4065933333333335,0.44677333333333336,0.04017999999999988,0.0,0.04017999999999988,False
17,cls,neighbors25,specter2,title,False,0.06903999999999999,0.1088244444444445,0.03978444444444451,0.0,0.03978444444444451,False
17,cls,neighbors25,specter2,abstract,False,0.4074,0.4471844444444445,0.03978444444444451,0.0,0.03978444444444451,False
17,cls,neighbors25,scincl,title,False,0.09881777777777767,0.13816888888888879,0.039351111111111114,0.0,0.039351111111111114,False
17,cls,neighbors25,scincl,abstract,False,0.4648777777777776,0.5042288888888887,0.039351111111111114,0.0,0.039351111111111114,False
17,cls,neighbors25,scibert,title,True,-0.14717333333333327,-0.07686000000000004,0.07031333333333323,0.07499999999999996,0.14531333333333318,False
17,cls,neighbors25,scibert,abstract,True,0.5287866666666668,0.5335199999999999,0.004733333333333034,0.14058000000000015,0.14531333333333318,False
17,cls,neighbors25,bert,title,True,-0.1433266666666667,-0.09037777777777767,0.052948888888889045,0.08585999999999994,0.13880888888888898,False
17,cls,neighbors25,bert,abstract,True,0.5316533333333334,0.4637422222222224,-0.06791111111111103,0.20672000000000001,0.13880888888888898,False
17,cls,neighbors25,mpnet,title,False,0.10469111111111107,0.15036222222222217,0.04567111111111111,0.0,0.04567111111111111,False
17,cls,neighbors25,mpnet,abstract,False,0.4728311111111111,0.5185022222222222,0.04567111111111111,0.0,0.04567111111111111,False
17,cls,neighbors25,minilm,title,False,0.06545333333333336,0.11401555555555565,0.048562222222222284,0.0,0.048562222222222284,False
17,cls,neighbors25,minilm,abstract,False,0.4666733333333333,0.5152355555555556,0.048562222222222284,0.0,0.048562222222222284,False
17,cls,neighbors25,pubmedbert,title,True,-0.1654377777777778,-0.11811777777777788,0.04731999999999992,0.058580000000000076,0.1059,False
17,cls,neighbors25,pubmedbert,abstract,True,0.5336022222222222,0.5748422222222221,0.04123999999999994,0.06466000000000005,0.1059,False
17,cls,neighbors25,biobert,title,True,-0.17183555555555552,-0.11989111111111106,0.05194444444444446,0.04599999999999993,0.09794444444444439,False
17,cls,neighbors25,biobert,abstract,True,0.5073044444444444,0.583748888888889,0.07644444444444454,0.021499999999999853,0.09794444444444439,False
17,cls,neighbors25,simcse,title,False,-0.08577333333333337,-0.028968888888888822,0.056804444444444546,0.0,0.056804444444444546,False
17,cls,neighbors25,simcse,abstract,False,0.5061266666666666,0.5629311111111112,0.056804444444444546,0.0,0.056804444444444546,False
17,cls,neighbors50,specter,title,False,0.07569000000000004,0.1169622222222223,0.041272222222222266,0.0,0.041272222222222266,False
17,cls,neighbors50,specter,abstract,False,0.40159,0.44286222222222227,0.041272222222222266,0.0,0.041272222222222266,False
17,cls,neighbors50,specter2,title,False,0.08008555555555552,0.12022666666666659,0.04014111111111107,0.0,0.04014111111111107,False
17,cls,neighbors50,specter2,abstract,False,0.40118555555555546,0.44132666666666653,0.04014111111111107,0.0,0.04014111111111107,False
17,cls,neighbors50,scincl,title,False,0.10039222222222222,0.1401877777777778,0.039795555555555584,0.0,0.039795555555555584,False
17,cls,neighbors50,scincl,abstract,False,0.45450222222222225,0.49429777777777784,0.039795555555555584,0.0,0.039795555555555584,False
17,cls,neighbors50,scibert,title,True,-0.14431888888888889,-0.07779888888888897,0.06651999999999991,0.07464000000000004,0.14115999999999995,False
17,cls,neighbors50,scibert,abstract,True,0.508921111111111,0.526591111111111,0.017669999999999964,0.12348999999999999,0.14115999999999995,False
17,cls,neighbors50,bert,title,True,-0.13826555555555564,-0.0982022222222223,0.04006333333333334,0.10453000000000001,0.14459333333333335,False
17,cls,neighbors50,bert,abstract,True,0.5160844444444443,0.4714177777777776,-0.04466666666666674,0.1892600000000001,0.14459333333333335,False
17,cls,neighbors50,mpnet,title,False,0.10367777777777787,0.15105222222222214,0.047374444444444275,0.0,0.047374444444444275,False
17,cls,neighbors50,mpnet,abstract,False,0.4563677777777779,0.5037422222222222,0.047374444444444275,0.0,0.047374444444444275,False
17,cls,neighbors50,minilm,title,False,0.06917888888888879,0.11950444444444441,0.05032555555555562,0.0,0.05032555555555562,False
17,cls,neighbors50,minilm,abstract,False,0.45142888888888877,0.5017544444444444,0.05032555555555562,0.0,0.05032555555555562,False
17,cls,neighbors50,pubmedbert,title,True,-0.1677833333333334,-0.12795222222222236,0.03983111111111104,0.06639000000000006,0.1062211111111111,False
17,cls,neighbors50,pubmedbert,abstract,True,0.5169466666666666,0.5669577777777778,0.05001111111111123,0.05620999999999987,0.1062211111111111,False
17,cls,neighbors50,biobert,title,True,-0.1764,-0.12957111111111108,0.04682888888888892,0.05186000000000002,0.09868888888888894,False
17,cls,neighbors50,biobert,abstract,True,0.49183999999999994,0.5746288888888889,0.08278888888888891,0.015900000000000025,0.09868888888888894,False
17,cls,neighbors50,simcse,title,False,-0.08211333333333337,-0.02356555555555573,0.05854777777777764,0.0,0.05854777777777764,False
17,cls,neighbors50,simcse,abstract,False,0.49701666666666666,0.5555644444444443,0.05854777777777764,0.0,0.05854777777777764,False
17,sep,cka,specter,title,False,0.15856801088984884,0.19140031217689613,0.03283230128704728,0.0,0.03283230128704728,False
17,sep,cka,specter,abstract,False,0.3467310992778675,0.3795634005649148,0.03283230128704728,0.0,0.03283230128704728,False
17,sep,cka,specter2,title,False,0.15726638974659185,0.19170681310877985,0.034440423362188,0.0,0.034440423362188,False
17,sep,cka,specter2,abstract,False,0.33240551107807975,0.36684593444026775,0.034440423362188,0.0,0.034440423362188,False
17,sep,cka,scincl,title,False,0.15726410710826605,0.1888520395909779,0.031587932482711856,0.0,0.031587932482711856,False
17,sep,cka,scincl,abstract,False,0.3464780785432073,0.37806601102591914,0.031587932482711856,0.0,0.031587932482711856,False
17,sep,cka,scibert,title,True,-0.13465788124826084,-0.03606580013501015,0.09859208111325068,0.06994717138446216,0.16853925249771284,False
17,sep,cka,scibert,abstract,True,0.3794507437129011,0.5180866234055345,0.13863587969263336,0.029903372805079487,0.16853925249771284,False
17,sep,cka,bert,title,True,-0.09219314168139797,-0.07699085808988948,0.015202283591508492,0.3828191472613016,0.3980214308528101,False
17,sep,cka,bert,abstract,True,0.3644132149410469,0.5368105834350053,0.17239736849395842,0.22562406235885168,0.3980214308528101,False
17,sep,cka,mpnet,title,False,0.1381802314627502,0.17251448014208304,0.034334248679332824,0.0,0.034334248679332824,False
17,sep,cka,mpnet,abstract,False,0.3435471790204198,0.37788142769975264,0.034334248679332824,0.0,0.034334248679332824,False
17,sep,cka,minilm,title,False,0.11294885243711011,0.1473797259857239,0.034430873548613794,0.0,0.034430873548613794,False
17,sep,cka,minilm,abstract,False,0.35209327110269945,0.38652414465131324,0.034430873548613794,0.0,0.034430873548613794,False
17,sep,cka,pubmedbert,title,True,-0.20765911747990884,-0.14418906311945695,0.06347005436045189,-0.06402369366840865,-0.0005536393079567659,False
17,sep,cka,pubmedbert,abstract,True,0.3714358965726945,0.3673702539326929,-0.004065642640001588,0.003512003332044822,-0.0005536393079567659,False
17,sep,cka,biobert,title,True,-0.28898141360408497,-0.10356052064554938,0.1854208929585356,-0.13440673905877565,0.05101415389975994,False
17,sep,cka,biobert,abstract,True,0.36104152947238094,0.41829606092634924,0.057254531453968305,-0.006240377554208365,0.05101415389975994,False
17,sep,cka,simcse,title,False,-0.07154219424167396,-0.010846994942917632,0.06069519929875633,0.0,0.06069519929875633,False
17,sep,cka,simcse,abstract,False,0.38052890417453944,0.44122410347329577,0.06069519929875633,0.0,0.06069519929875633,False
17,sep,neighbors10,specter,title,False,0.04772222222222222,0.057461111111111074,0.009738888888888853,0.0,0.009738888888888853,False
17,sep,neighbors10,specter,abstract,False,0.3987222222222222,0.40846111111111105,0.009738888888888853,0.0,0.009738888888888853,False
17,sep,neighbors10,specter2,title,False,0.05858333333333343,0.06880555555555568,0.010222222222222244,0.0,0.010222222222222244,False
17,sep,neighbors10,specter2,abstract,False,0.40528333333333344,0.4155055555555557,0.010222222222222244,0.0,0.010222222222222244,False
17,sep,neighbors10,scincl,title,False,0.08886666666666665,0.09907777777777771,0.01021111111111106,0.0,0.01021111111111106,False
17,sep,neighbors10,scincl,abstract,False,0.46586666666666665,0.4760777777777777,0.01021111111111106,0.0,0.01021111111111106,False
17,sep,neighbors10,scibert,title,True,-0.14807777777777775,-0.05892777777777769,0.08915000000000006,0.06414999999999993,0.1533,False
17,sep,neighbors10,scibert,abstract,True,0.5416722222222223,0.5223222222222222,-0.01935000000000009,0.17265000000000008,0.1533,False
17,sep,neighbors10,bert,title,True,-0.14353888888888888,-0.07771111111111106,0.06582777777777782,0.04954999999999998,0.1153777777777778,False
17,sep,neighbors10,bert,abstract,True,0.5427611111111111,0.4560388888888889,-0.08672222222222226,0.20210000000000006,0.1153777777777778,False
17,sep,neighbors10,mpnet,title,False,0.0977888888888887,0.10807222222222213,0.010283333333333422,0.0,0.010283333333333422,False
17,sep,neighbors10,mpnet,abstract,False,0.4829888888888888,0.4932722222222222,0.010283333333333422,0.0,0.010283333333333422,False
17,sep,neighbors10,minilm,title,False,0.05642222222222226,0.06907222222222209,0.012649999999999828,0.0,0.012649999999999828,False
17,sep,neighbors10,minilm,abstract,False,0.4802722222222223,0.49292222222222215,0.012649999999999828,0.0,0.012649999999999828,False
17,sep,neighbors10,pubmedbert,title,True,-0.16017222222222227,-0.1289055555555556,0.031266666666666665,-0.029749999999999943,0.0015166666666667217,False
17,sep,neighbors10,pubmedbert,abstract,True,0.5484777777777777,0.5218944444444444,-0.026583333333333292,0.028100000000000014,0.0015166666666667217,False
17,sep,neighbors10,biobert,title,True,-0.15869444444444447,-0.11102777777777784,0.047666666666666635,-0.004650000000000043,0.04301666666666659,False
17,sep,neighbors10,biobert,abstract,True,0.5154055555555556,0.5760222222222222,0.06061666666666665,-0.01760000000000006,0.04301666666666659,False
17,sep,neighbors10,simcse,title,False,-0.08485555555555546,-0.05951666666666666,0.0253388888888888,0.0,0.0253388888888888,False
17,sep,neighbors10,simcse,abstract,False,0.5095444444444445,0.5348833333333333,0.0253388888888888,0.0,0.0253388888888888,False
17,sep,neighbors25,specter,title,False,0.06857333333333337,0.07922444444444454,0.010651111111111167,0.0,0.010651111111111167,False
17,sep,neighbors25,specter,abstract,False,0.4065933333333335,0.41724444444444464,0.010651111111111167,0.0,0.010651111111111167,False
17,sep,neighbors25,specter2,title,False,0.06903999999999999,0.08040666666666663,0.011366666666666636,0.0,0.011366666666666636,False
17,sep,neighbors25,specter2,abstract,False,0.4074,0.4187666666666666,0.011366666666666636,0.0,0.011366666666666636,False
17,sep,neighbors25,scincl,title,False,0.09881777777777767,0.10924888888888884,0.010431111111111169,0.0,0.010431111111111169,False
17,sep,neighbors25,scincl,abstract,False,0.4648777777777776,0.4753088888888888,0.010431111111111169,0.0,0.010431111111111169,False
17,sep,neighbors25,scibert,title,True,-0.14717333333333327,-0.06443333333333334,0.08273999999999992,0.07291999999999998,0.1556599999999999,False
17,sep,neighbors25,scibert,abstract,True,0.5287866666666668,0.5339866666666666,0.00519999999999976,0.15046000000000015,0.1556599999999999,False
17,sep,neighbors25,bert,title,True,-0.1433266666666667,-0.08312000000000008,0.06020666666666663,0.06555999999999995,0.12576666666666658,False
17,sep,neighbors25,bert,abstract,True,0.5316533333333334,0.46668,-0.06497333333333344,0.19074000000000002,0.12576666666666658,False
17,sep,neighbors25,mpnet,title,False,0.10469111111111107,0.11665999999999999,0.011968888888888918,0.0,0.011968888888888918,False
17,sep,neighbors25,mpnet,abstract,False,0.4728311111111111,0.4848,0.011968888888888918,0.0,0.011968888888888918,False
17,sep,neighbors25,minilm,title,False,0.06545333333333336,0.0790577777777779,0.01360444444444453,0.0,0.01360444444444453,False
17,sep,neighbors25,minilm,abstract,False,0.4666733333333333,0.4802777777777778,0.01360444444444453,0.0,0.01360444444444453,False
17,sep,neighbors25,pubmedbert,title,True,-0.1654377777777778,-0.1298177777777778,0.035619999999999985,-0.031399999999999983,0.0042200000000000015,False
17,sep,neighbors25,pubmedbert,abstract,True,0.5336022222222222,0.5108022222222222,-0.022800000000000042,0.027020000000000044,0.0042200000000000015,False
17,sep,neighbors25,biobert,title,True,-0.17183555555555552,-0.1182266666666667,0.05360888888888882,-0.011560000000000015,0.0420488888888888,False
17,sep,neighbors25,biobert,abstract,True,0.5073044444444444,0.5701133333333334,0.06280888888888891,-0.02076000000000011,0.0420488888888888,False
17,sep,neighbors25,simcse,title,False,-0.08577333333333337,-0.05891777777777785,0.02685555555555552,0.0,0.02685555555555552,False
17,sep,neighbors25,simcse,abstract,False,0.5061266666666666,0.5329822222222221,0.02685555555555552,0.0,0.02685555555555552,False
17,sep,neighbors50,specter,title,False,0.07569000000000004,0.08657222222222216,0.010882222222222127,0.0,0.010882222222222127,False
17,sep,neighbors50,specter,abstract,False,0.40159,0.41247222222222213,0.010882222222222127,0.0,0.010882222222222127,False
17,sep,neighbors50,specter2,title,False,0.08008555555555552,0.09102666666666659,0.010941111111111068,0.0,0.010941111111111068,False
17,sep,neighbors50,specter2,abstract,False,0.40118555555555546,0.41212666666666653,0.010941111111111068,0.0,0.010941111111111068,False
17,sep,neighbors50,scincl,title,False,0.10039222222222222,0.11034888888888883,0.009956666666666614,0.0,0.009956666666666614,False
17,sep,neighbors50,scincl,abstract,False,0.45450222222222225,0.46445888888888887,0.009956666666666614,0.0,0.009956666666666614,False
17,sep,neighbors50,scibert,title,True,-0.14431888888888889,-0.06669888888888886,0.07762000000000002,0.07308000000000003,0.15070000000000006,False
17,sep,neighbors50,scibert,abstract,True,0.508921111111111,0.5218211111111112,0.012900000000000134,0.13779999999999992,0.15070000000000006,False
17,sep,neighbors50,bert,title,True,-0.13826555555555564,-0.08862333333333328,0.049642222222222365,0.08101000000000003,0.1306522222222224,False
17,sep,neighbors50,bert,abstract,True,0.5160844444444443,0.47145666666666675,-0.0446277777777776,0.17528,0.1306522222222224,False
17,sep,neighbors50,mpnet,title,False,0.10367777777777787,0.11618111111111107,0.0125033333333332,0.0,0.0125033333333332,False
17,sep,neighbors50,mpnet,abstract,False,0.4563677777777779,0.4688711111111111,0.0125033333333332,0.0,0.0125033333333332,False
17,sep,neighbors50,minilm,title,False,0.06917888888888879,0.08303666666666665,0.013857777777777858,0.0,0.013857777777777858,False
17,sep,neighbors50,minilm,abstract,False,0.45142888888888877,0.4652866666666666,0.013857777777777858,0.0,0.013857777777777858,False
17,sep,neighbors50,pubmedbert,title,True,-0.1677833333333334,-0.12911666666666677,0.03866666666666663,-0.03463000000000005,0.004036666666666577,False
17,sep,neighbors50,pubmedbert,abstract,True,0.5169466666666666,0.49424333333333326,-0.022703333333333298,0.026739999999999875,0.004036666666666577,False
17,sep,neighbors50,biobert,title,True,-0.1764,-0.1219055555555556,0.0544944444444444,-0.0164399999999999,0.0380544444444445,False
17,sep,neighbors50,biobert,abstract,True,0.49183999999999994,0.5497844444444445,0.057944444444444576,-0.019890000000000074,0.0380544444444445,False
17,sep,neighbors50,simcse,title,False,-0.08211333333333337,-0.05551111111111118,0.026602222222222194,0.0,0.026602222222222194,False
17,sep,neighbors50,simcse,abstract,False,0.49701666666666666,0.5236188888888889,0.026602222222222194,0.0,0.026602222222222194,False
18,cls,cka,specter,title,False,0.12987423716702506,0.1805410375147149,0.05066680034768983,0.0,0.05066680034768983,False
18,cls,cka,specter,abstract,False,0.3450014398616774,0.39566824020936725,0.05066680034768983,0.0,0.05066680034768983,False
18,cls,cka,specter2,title,False,0.13017167090568638,0.18623801462519024,0.056066343719503864,0.0,0.056066343719503864,False
18,cls,cka,specter2,abstract,False,0.32047930907323197,0.37654565279273583,0.056066343719503864,0.0,0.056066343719503864,False
18,cls,cka,scincl,title,False,0.11734669687128768,0.17229142175034923,0.054944724879061546,0.0,0.054944724879061546,False
18,cls,cka,scincl,abstract,False,0.33741740175128904,0.3923621266303506,0.054944724879061546,0.0,0.054944724879061546,False
18,cls,cka,scibert,title,True,-0.19653257880558023,-0.10257871918107053,0.0939538596245097,0.054462731353254856,0.14841659097776455,False
18,cls,cka,scibert,abstract,True,0.3685808357657407,0.4959989328248223,0.12741809705908164,0.020998493918682914,0.14841659097776455,False
18,cls,cka,bert,title,True,-0.09934713921132537,-0.18263413992344957,-0.08328700071212419,0.2660704676849024,0.1827834669727782,False
18,cls,cka,bert,abstract,True,0.3605488314097392,0.492254008729637,0.13170517731989778,0.051078289652880415,0.1827834669727782,False
18,cls,cka,mpnet,title,False,0.13065136262184063,0.18680675558318693,0.05615539296134631,0.0,0.05615539296134631,False
18,cls,cka,mpnet,abstract,False,0.3348273244342449,0.3909827173955912,0.05615539296134631,0.0,0.05615539296134631,False
18,cls,cka,minilm,title,False,0.09789237452177496,0.1527880954614546,0.05489572093967965,0.0,0.05489572093967965,False
18,cls,cka,minilm,abstract,False,0.35104364450435516,0.4059393654440348,0.05489572093967965,0.0,0.05489572093967965,False
18,cls,cka,pubmedbert,title,True,-0.2076680562422632,-0.2369155628906604,-0.029247506648397203,0.14846866171534245,0.11922115506694525,False
18,cls,cka,pubmedbert,abstract,True,0.37771133127072326,0.487986005486313,0.11027467421558973,0.00894648085135552,0.11922115506694525,False
18,cls,cka,biobert,title,True,-0.30979251213023584,-0.26219849780285176,0.04759401432738408,0.04548980347732334,0.09308381780470742,False
18,cls,cka,biobert,abstract,True,0.3481292089643562,0.4426037247461353,0.09447451578177912,-0.0013906979770716976,0.09308381780470742,False
18,cls,cka,simcse,title,False,-0.07835426638877463,-0.014825347098507413,0.06352891929026722,0.0,0.06352891929026722,False
18,cls,cka,simcse,abstract,False,0.383621387785003,0.4471503070752702,0.06352891929026722,0.0,0.06352891929026722,False
18,cls,neighbors10,specter,title,False,0.022049999999999903,0.055577777777777726,0.03352777777777782,0.0,0.03352777777777782,False
18,cls,neighbors10,specter,abstract,False,0.37839999999999985,0.41192777777777767,0.03352777777777782,0.0,0.03352777777777782,False
18,cls,neighbors10,specter2,title,False,0.049388888888888816,0.08429444444444434,0.03490555555555552,0.0,0.03490555555555552,False
18,cls,neighbors10,specter2,abstract,False,0.37878888888888895,0.4136944444444445,0.03490555555555552,0.0,0.03490555555555552,False
18,cls,neighbors10,scincl,title,False,0.04525000000000001,0.07979999999999998,0.03454999999999997,0.0,0.03454999999999997,False
18,cls,neighbors10,scincl,abstract,False,0.4404,0.47495,0.03454999999999997,0.0,0.03454999999999997,False
18,cls,neighbors10,scibert,title,True,-0.16809444444444444,-0.07795555555555556,0.09013888888888888,0.044949999999999934,0.13508888888888881,False
18,cls,neighbors10,scibert,abstract,True,0.5328555555555556,0.5348944444444443,0.0020388888888887013,0.1330500000000001,0.13508888888888881,False
18,cls,neighbors10,bert,title,True,-0.14756111111111125,-0.08201666666666674,0.06554444444444452,0.06459999999999999,0.1301444444444445,False
18,cls,neighbors10,bert,abstract,True,0.5390888888888888,0.4435333333333332,-0.09555555555555562,0.22570000000000012,0.1301444444444445,False
18,cls,neighbors10,mpnet,title,False,0.08405555555555555,0.12437222222222222,0.04031666666666667,0.0,0.04031666666666667,False
18,cls,neighbors10,mpnet,abstract,False,0.4839555555555556,0.5242722222222223,0.04031666666666667,0.0,0.04031666666666667,False
18,cls,neighbors10,minilm,title,False,0.04527222222222227,0.08725000000000005,0.04197777777777778,0.0,0.04197777777777778,False
18,cls,neighbors10,minilm,abstract,False,0.46802222222222223,0.51,0.04197777777777778,0.0,0.04197777777777778,False
18,cls,neighbors10,pubmedbert,title,True,-0.16131666666666677,-0.10231111111111113,0.059005555555555644,0.049550000000000094,0.10855555555555574,False
18,cls,neighbors10,pubmedbert,abstract,True,0.5384333333333332,0.5647888888888889,0.026355555555555688,0.08220000000000005,0.10855555555555574,False
18,cls,neighbors10,biobert,title,True,-0.16265555555555544,-0.10081111111111107,0.06184444444444437,0.039550000000000085,0.10139444444444445,False
18,cls,neighbors10,biobert,abstract,True,0.49859444444444456,0.5758888888888889,0.07729444444444433,0.02410000000000012,0.10139444444444445,False
18,cls,neighbors10,simcse,title,False,-0.08686111111111117,-0.03478888888888876,0.05207222222222241,0.0,0.05207222222222241,False
18,cls,neighbors10,simcse,abstract,False,0.5016888888888889,0.5537611111111113,0.05207222222222241,0.0,0.05207222222222241,False
18,cls,neighbors25,specter,title,False,0.033115555555555565,0.06979333333333326,0.0366777777777777,0.0,0.0366777777777777,False
18,cls,neighbors25,specter,abstract,False,0.38245555555555555,0.41913333333333325,0.0366777777777777,0.0,0.0366777777777777,False
18,cls,neighbors25,specter2,title,False,0.058348888888889006,0.09596666666666664,0.03761777777777764,0.0,0.03761777777777764,False
18,cls,neighbors25,specter2,abstract,False,0.377828888888889,0.41544666666666663,0.03761777777777764,0.0,0.03761777777777764,False
18,cls,neighbors25,scincl,title,False,0.05835777777777773,0.09496666666666664,0.03660888888888891,0.0,0.03660888888888891,False
18,cls,neighbors25,scincl,abstract,False,0.44101777777777773,0.47762666666666664,0.03660888888888891,0.0,0.03660888888888891,False
18,cls,neighbors25,scibert,title,True,-0.17572222222222222,-0.08934444444444456,0.08637777777777766,0.05138000000000009,0.13775777777777776,False
18,cls,neighbors25,scibert,abstract,True,0.5178177777777777,0.5379155555555555,0.02009777777777777,0.11765999999999999,0.13775777777777776,False
18,cls,neighbors25,bert,title,True,-0.15233555555555556,-0.09485555555555569,0.057479999999999865,0.08221999999999996,0.13969999999999982,False
18,cls,neighbors25,bert,abstract,True,0.5269644444444446,0.4561044444444443,-0.07086000000000026,0.21056000000000008,0.13969999999999982,False
18,cls,neighbors25,mpnet,title,False,0.09941111111111112,0.1424888888888889,0.04307777777777777,0.0,0.04307777777777777,False
18,cls,neighbors25,mpnet,abstract,False,0.4693711111111111,0.5124488888888888,0.04307777777777777,0.0,0.04307777777777777,False
18,cls,neighbors25,minilm,title,False,0.05668222222222219,0.10220444444444432,0.04552222222222213,0.0,0.04552222222222213,False
18,cls,neighbors25,minilm,abstract,False,0.4583022222222223,0.5038244444444444,0.04552222222222213,0.0,0.04552222222222213,False
18,cls,neighbors25,pubmedbert,title,True,-0.1708777777777778,-0.12031555555555551,0.050562222222222286,0.061759999999999926,0.11232222222222221,False
18,cls,neighbors25,pubmedbert,abstract,True,0.5266422222222222,0.5644844444444445,0.03784222222222222,0.07447999999999999,0.11232222222222221,False
18,cls,neighbors25,biobert,title,True,-0.17501999999999995,-0.12008666666666667,0.05493333333333328,0.04793999999999998,0.10287333333333326,False
18,cls,neighbors25,biobert,abstract,True,0.48978,0.5685333333333333,0.07875333333333334,0.02411999999999992,0.10287333333333326,False
18,cls,neighbors25,simcse,title,False,-0.09036,-0.03510000000000002,0.055259999999999976,0.0,0.055259999999999976,False
18,cls,neighbors25,simcse,abstract,False,0.49405999999999994,0.5493199999999999,0.055259999999999976,0.0,0.055259999999999976,False
18,cls,neighbors50,specter,title,False,0.044737777777777654,0.08143111111111112,0.03669333333333347,0.0,0.03669333333333347,False
18,cls,neighbors50,specter,abstract,False,0.3838677777777777,0.42056111111111116,0.03669333333333347,0.0,0.03669333333333347,False
18,cls,neighbors50,specter2,title,False,0.06719333333333322,0.10405111111111087,0.036857777777777656,0.0,0.036857777777777656,False
18,cls,neighbors50,specter2,abstract,False,0.3714233333333332,0.4082811111111109,0.036857777777777656,0.0,0.036857777777777656,False
18,cls,neighbors50,scincl,title,False,0.06298555555555563,0.09920444444444443,0.0362188888888888,0.0,0.0362188888888888,False
18,cls,neighbors50,scincl,abstract,False,0.4322555555555557,0.4684744444444445,0.0362188888888888,0.0,0.0362188888888888,False
18,cls,neighbors50,scibert,title,True,-0.17446777777777778,-0.09213666666666676,0.08233111111111102,0.05062,0.13295111111111102,False
18,cls,neighbors50,scibert,abstract,True,0.5026222222222223,0.5318933333333333,0.029271111111111026,0.10368,0.13295111111111102,False
18,cls,neighbors50,bert,title,True,-0.14873777777777775,-0.10093444444444455,0.0478033333333332,0.09289000000000003,0.14069333333333323,False
18,cls,neighbors50,bert,abstract,True,0.5128322222222222,0.4621855555555555,-0.05064666666666673,0.19133999999999995,0.14069333333333323,False
18,cls,neighbors50,mpnet,title,False,0.1049444444444444,0.1481933333333334,0.043248888888889,0.0,0.043248888888889,False
18,cls,neighbors50,mpnet,abstract,False,0.4539944444444445,0.4972433333333335,0.043248888888889,0.0,0.043248888888889,False
18,cls,neighbors50,minilm,title,False,0.062264444444444456,0.10791111111111118,0.045646666666666724,0.0,0.045646666666666724,False
18,cls,neighbors50,minilm,abstract,False,0.4434044444444444,0.4890511111111111,0.045646666666666724,0.0,0.045646666666666724,False
18,cls,neighbors50,pubmedbert,title,True,-0.1750166666666667,-0.1317166666666667,0.043300000000000005,0.06559999999999999,0.1089,False
18,cls,neighbors50,pubmedbert,abstract,True,0.5094533333333332,0.5531933333333333,0.04374000000000011,0.06515999999999988,0.1089,False
18,cls,neighbors50,biobert,title,True,-0.18077444444444446,-0.12875666666666663,0.05201777777777783,0.049449999999999994,0.10146777777777782,False
18,cls,neighbors50,biobert,abstract,True,0.47505555555555545,0.5539133333333334,0.07885777777777792,0.022609999999999908,0.10146777777777782,False
18,cls,neighbors50,simcse,title,False,-0.08654555555555565,-0.0308922222222221,0.055653333333333554,0.0,0.055653333333333554,False
18,cls,neighbors50,simcse,abstract,False,0.4807444444444443,0.5363977777777779,0.055653333333333554,0.0,0.055653333333333554,False
18,sep,cka,specter,title,False,0.12987423716702506,0.15833174728729726,0.0284575101202722,0.0,0.0284575101202722,False
18,sep,cka,specter,abstract,False,0.3450014398616774,0.3734589499819496,0.0284575101202722,0.0,0.0284575101202722,False
18,sep,cka,specter2,title,False,0.13017167090568638,0.1643938420040606,0.03422217109837422,0.0,0.03422217109837422,False
18,sep,cka,specter2,abstract,False,0.32047930907323197,0.3547014801716062,0.03422217109837422,0.0,0.03422217109837422,False
18,sep,cka,scincl,title,False,0.11734669687128768,0.14715431110770522,0.029807614236417534,0.0,0.029807614236417534,False
18,sep,cka,scincl,abstract,False,0.33741740175128904,0.36722501598770657,0.029807614236417534,0.0,0.029807614236417534,False
18,sep,cka,scibert,title,True,-0.19653257880558023,-0.07605151700065516,0.12048106180492507,0.037363946022575534,0.1578450078275006,False
18,sep,cka,scibert,abstract,True,0.3685808357657407,0.49893237737793206,0.13035154161219137,0.027493466215309237,0.1578450078275006,False
18,sep,cka,bert,title,True,-0.09934713921132537,-0.0951898160638005,0.004157323147524872,0.41892243087731906,0.42307975402484393,False
18,sep,cka,bert,abstract,True,0.3605488314097392,0.5589207194744551,0.1983718880647159,0.22470786596012804,0.42307975402484393,False
18,sep,cka,mpnet,title,False,0.13065136262184063,0.16321000224346743,0.032558639621626806,0.0,0.032558639621626806,False
18,sep,cka,mpnet,abstract,False,0.3348273244342449,0.3673859640558717,0.032558639621626806,0.0,0.032558639621626806,False
18,sep,cka,minilm,title,False,0.09789237452177496,0.13180653127238245,0.033914156750607494,0.0,0.033914156750607494,False
18,sep,cka,minilm,abstract,False,0.35104364450435516,0.38495780125496265,0.033914156750607494,0.0,0.033914156750607494,False
18,sep,cka,pubmedbert,title,True,-0.2076680562422632,-0.14348209487454805,0.06418596136771515,-0.054210575210181244,0.009975386157533905,False
18,sep,cka,pubmedbert,abstract,True,0.37771133127072326,0.37057139164955416,-0.0071399396211691,0.017115325778703006,0.009975386157533905,False
18,sep,cka,biobert,title,True,-0.30979251213023584,-0.1241438415976166,0.18564867053261924,-0.13948064236476698,0.04616802816785226,False
18,sep,cka,biobert,abstract,True,0.3481292089643562,0.4051728981947743,0.05704368923041814,-0.010875661062565878,0.04616802816785226,False
18,sep,cka,simcse,title,False,-0.07835426638877463,-0.014294221499129955,0.06406004488964467,0.0,0.06406004488964467,False
18,sep,cka,simcse,abstract,False,0.383621387785003,0.44768143267464766,0.06406004488964467,0.0,0.06406004488964467,False
18,sep,neighbors10,specter,title,False,0.022049999999999903,0.03178888888888887,0.009738888888888964,0.0,0.009738888888888964,False
18,sep,neighbors10,specter,abstract,False,0.37839999999999985,0.3881388888888888,0.009738888888888964,0.0,0.009738888888888964,False
18,sep,neighbors10,specter2,title,False,0.049388888888888816,0.06143333333333323,0.012044444444444413,0.0,0.012044444444444413,False
18,sep,neighbors10,specter2,abstract,False,0.37878888888888895,0.39083333333333337,0.012044444444444413,0.0,0.012044444444444413,False
18,sep,neighbors10,scincl,title,False,0.04525000000000001,0.05528333333333335,0.010033333333333339,0.0,0.010033333333333339,False
18,sep,neighbors10,scincl,abstract,False,0.4404,0.45043333333333335,0.010033333333333339,0.0,0.010033333333333339,False
18,sep,neighbors10,scibert,title,True,-0.16809444444444444,-0.062244444444444436,0.10585,0.045949999999999935,0.15179999999999993,False
18,sep,neighbors10,scibert,abstract,True,0.5328555555555556,0.5430055555555555,0.010149999999999881,0.14165000000000005,0.15179999999999993,False
18,sep,neighbors10,bert,title,True,-0.14756111111111125,-0.07366111111111118,0.07390000000000008,0.05049999999999999,0.12440000000000007,False
18,sep,neighbors10,bert,abstract,True,0.5390888888888888,0.45938888888888885,-0.0797,0.20410000000000006,0.12440000000000007,False
18,sep,neighbors10,mpnet,title,False,0.08405555555555555,0.09546666666666659,0.011411111111111039,0.0,0.011411111111111039,False
18,sep,neighbors10,mpnet,abstract,False,0.4839555555555556,0.4953666666666666,0.011411111111111039,0.0,0.011411111111111039,False
18,sep,neighbors10,minilm,title,False,0.04527222222222227,0.05854999999999999,0.013277777777777722,0.0,0.013277777777777722,False
18,sep,neighbors10,minilm,abstract,False,0.46802222222222223,0.48129999999999995,0.013277777777777722,0.0,0.013277777777777722,False
18,sep,neighbors10,pubmedbert,title,True,-0.16131666666666677,-0.12166111111111122,0.039655555555555555,-0.01759999999999995,0.022055555555555606,False
18,sep,neighbors10,pubmedbert,abstract,True,0.5384333333333332,0.5218388888888887,-0.016594444444444467,0.03865000000000007,0.022055555555555606,False
18,sep,neighbors10,biobert,title,True,-0.16265555555555544,-0.10554999999999992,0.05710555555555552,-0.01034999999999997,0.04675555555555555,False
18,sep,neighbors10,biobert,abstract,True,0.49859444444444456,0.5667500000000001,0.06815555555555552,-0.021399999999999975,0.04675555555555555,False
18,sep,neighbors10,simcse,title,False,-0.08686111111111117,-0.059866666666666624,0.026994444444444543,0.0,0.026994444444444543,False
18,sep,neighbors10,simcse,abstract,False,0.5016888888888889,0.5286833333333334,0.026994444444444543,0.0,0.026994444444444543,False
18,sep,neighbors25,specter,title,False,0.033115555555555565,0.04345999999999994,0.010344444444444378,0.0,0.010344444444444378,False
18,sep,neighbors25,specter,abstract,False,0.38245555555555555,0.3927999999999999,0.010344444444444378,0.0,0.010344444444444378,False
18,sep,neighbors25,specter2,title,False,0.058348888888889006,0.07061777777777778,0.012268888888888774,0.0,0.012268888888888774,False
18,sep,neighbors25,specter2,abstract,False,0.377828888888889,0.39009777777777777,0.012268888888888774,0.0,0.012268888888888774,False
18,sep,neighbors25,scincl,title,False,0.05835777777777773,0.06824444444444433,0.0098866666666666,0.0,0.0098866666666666,False
18,sep,neighbors25,scincl,abstract,False,0.44101777777777773,0.45090444444444433,0.0098866666666666,0.0,0.0098866666666666,False
18,sep,neighbors25,scibert,title,True,-0.17572222222222222,-0.07504,0.10068222222222223,0.05300000000000005,0.15368222222222228,False
18,sep,neighbors25,scibert,abstract,True,0.5178177777777777,0.5486599999999999,0.030842222222222215,0.12284000000000006,0.15368222222222228,False
18,sep,neighbors25,bert,title,True,-0.15233555555555556,-0.08574888888888887,0.06658666666666668,0.06689999999999996,0.13348666666666664,False
18,sep,neighbors25,bert,abstract,True,0.5269644444444446,0.46421111111111113,-0.06275333333333344,0.19624000000000008,0.13348666666666664,False
18,sep,neighbors25,mpnet,title,False,0.09941111111111112,0.11190444444444447,0.012493333333333356,0.0,0.012493333333333356,False
18,sep,neighbors25,mpnet,abstract,False,0.4693711111111111,0.48186444444444443,0.012493333333333356,0.0,0.012493333333333356,False
18,sep,neighbors25,minilm,title,False,0.05668222222222219,0.07117111111111107,0.014488888888888884,0.0,0.014488888888888884,False
18,sep,neighbors25,minilm,abstract,False,0.4583022222222223,0.47279111111111116,0.014488888888888884,0.0,0.014488888888888884,False
18,sep,neighbors25,pubmedbert,title,True,-0.1708777777777778,-0.13078444444444437,0.040093333333333425,-0.019360000000000044,0.02073333333333338,False
18,sep,neighbors25,pubmedbert,abstract,True,0.5266422222222222,0.5112155555555555,-0.0154266666666667,0.03616000000000008,0.02073333333333338,False
18,sep,neighbors25,biobert,title,True,-0.17501999999999995,-0.1135222222222223,0.06149777777777765,-0.017899999999999916,0.043597777777777735,False
18,sep,neighbors25,biobert,abstract,True,0.48978,0.5595177777777778,0.06973777777777779,-0.026140000000000052,0.043597777777777735,False
18,sep,neighbors25,simcse,title,False,-0.09036,-0.06040444444444448,0.029955555555555513,0.0,0.029955555555555513,False
18,sep,neighbors25,simcse,abstract,False,0.49405999999999994,0.5240155555555555,0.029955555555555513,0.0,0.029955555555555513,False
18,sep,neighbors50,specter,title,False,0.044737777777777654,0.054571111111111126,0.009833333333333472,0.0,0.009833333333333472,False
18,sep,neighbors50,specter,abstract,False,0.3838677777777777,0.39370111111111117,0.009833333333333472,0.0,0.009833333333333472,False
18,sep,neighbors50,specter2,title,False,0.06719333333333322,0.07880999999999994,0.01161666666666672,0.0,0.01161666666666672,False
18,sep,neighbors50,specter2,abstract,False,0.3714233333333332,0.38303999999999994,0.01161666666666672,0.0,0.01161666666666672,False
18,sep,neighbors50,scincl,title,False,0.06298555555555563,0.07217444444444432,0.009188888888888691,0.0,0.009188888888888691,False
18,sep,neighbors50,scincl,abstract,False,0.4322555555555557,0.4414444444444444,0.009188888888888691,0.0,0.009188888888888691,False
18,sep,neighbors50,scibert,title,True,-0.17446777777777778,-0.08220000000000005,0.09226777777777773,0.05628999999999995,0.14855777777777768,False
18,sep,neighbors50,scibert,abstract,True,0.5026222222222223,0.53878,0.03615777777777773,0.11239999999999994,0.14855777777777768,False
18,sep,neighbors50,bert,title,True,-0.14873777777777775,-0.09104222222222236,0.05769555555555539,0.08050000000000002,0.1381955555555554,False
18,sep,neighbors50,bert,abstract,True,0.5128322222222222,0.46964777777777766,-0.04318444444444458,0.18137999999999999,0.1381955555555554,False
18,sep,neighbors50,mpnet,title,False,0.1049444444444444,0.11705444444444435,0.012109999999999954,0.0,0.012109999999999954,False
18,sep,neighbors50,mpnet,abstract,False,0.4539944444444445,0.46610444444444443,0.012109999999999954,0.0,0.012109999999999954,False
18,sep,neighbors50,minilm,title,False,0.062264444444444456,0.07638111111111112,0.014116666666666666,0.0,0.014116666666666666,False
18,sep,neighbors50,minilm,abstract,False,0.4434044444444444,0.45752111111111105,0.014116666666666666,0.0,0.014116666666666666,False
18,sep,neighbors50,pubmedbert,title,True,-0.1750166666666667,-0.1291688888888889,0.04584777777777782,-0.027349999999999985,0.018497777777777835,False
18,sep,neighbors50,pubmedbert,abstract,True,0.5094533333333332,0.4917111111111111,-0.017742222222222104,0.03623999999999994,0.018497777777777835,False
18,sep,neighbors50,biobert,title,True,-0.18077444444444446,-0.11766888888888882,0.06310555555555564,-0.02298,0.040125555555555636,False
18,sep,neighbors50,biobert,abstract,True,0.47505555555555545,0.5374211111111111,0.062365555555555674,-0.022240000000000038,0.040125555555555636,False
18,sep,neighbors50,simcse,title,False,-0.08654555555555565,-0.05628333333333335,0.0302622222222223,0.0,0.0302622222222223,False
18,sep,neighbors50,simcse,abstract,False,0.4807444444444443,0.5110066666666666,0.0302622222222223,0.0,0.0302622222222223,False
19,cls,cka,specter,title,False,0.10487985276107742,0.18078316586363485,0.07590331310255743,0.0,0.07590331310255743,False
19,cls,cka,specter,abstract,False,0.26403444907793344,0.3399377621804909,0.07590331310255743,0.0,0.07590331310255743,False
19,cls,cka,specter2,title,False,0.11884847307875496,0.18321010030219642,0.06436162722344146,0.0,0.06436162722344146,False
19,cls,cka,specter2,abstract,False,0.29859509557226144,0.3629567227957029,0.06436162722344146,0.0,0.06436162722344146,False
19,cls,cka,scincl,title,False,0.12151995702843943,0.19434307023676567,0.07282311320832624,0.0,0.07282311320832624,False
19,cls,cka,scincl,abstract,False,0.28767406099815895,0.3604971742064852,0.07282311320832624,0.0,0.07282311320832624,False
19,cls,cka,scibert,title,True,-0.1421009201503904,-0.09063771174545765,0.051463208404932737,0.14825751110894048,0.1997207195138732,False
19,cls,cka,scibert,abstract,True,0.30062683299580356,0.4663265140346913,0.16569968103888771,0.0340210384749855,0.1997207195138732,False
19,cls,cka,bert,title,True,-0.07201741901569941,-0.1967405919156282,-0.12472317289992879,0.35233234657927415,0.22760917367934536,False
19,cls,cka,bert,abstract,True,0.2777457808440867,0.43730337402613706,0.15955759318205037,0.06805158049729498,0.22760917367934536,False
19,cls,cka,mpnet,title,False,0.14406206698395485,0.21358356909910992,0.06952150211515506,0.0,0.06952150211515506,False
19,cls,cka,mpnet,abstract,False,0.3020745544323896,0.3715960565475447,0.06952150211515506,0.0,0.06952150211515506,False
19,cls,cka,minilm,title,False,0.08709268246430812,0.16033818097512498,0.07324549851081685,0.0,0.07324549851081685,False
19,cls,cka,minilm,abstract,False,0.29975729018444985,0.3730027886952667,0.07324549851081685,0.0,0.07324549851081685,False
19,cls,cka,pubmedbert,title,True,-0.11877673642166187,-0.19248083866019638,-0.07370410223853452,0.23203515243289285,0.15833105019435834,False
19,cls,cka,pubmedbert,abstract,True,0.3033703076673858,0.44301051969552696,0.13964021202814114,0.018690838166217194,0.15833105019435834,False
19,cls,cka,biobert,title,True,-0.282545237958293,-0.23924728946331553,0.04329794849497748,0.06285205799171845,0.10615000648669592,False
19,cls,cka,biobert,abstract,True,0.3103037685811527,0.415385762089844,0.1050819935086913,0.0010680129780046288,0.10615000648669592,False
19,cls,cka,simcse,title,False,-0.09353723356504401,-0.03352695049705645,0.06001028306798756,0.0,0.06001028306798756,False
19,cls,cka,simcse,abstract,False,0.3486488011083337,0.40865908417632124,0.06001028306798756,0.0,0.06001028306798756,False
19,cls,neighbors10,specter,title,False,0.015416666666666634,0.06054999999999999,0.04513333333333336,0.0,0.04513333333333336,False
19,cls,neighbors10,specter,abstract,False,0.33166666666666667,0.3768,0.04513333333333336,0.0,0.04513333333333336,False
19,cls,neighbors10,specter2,title,False,0.05070555555555556,0.09190555555555557,0.041200000000000014,0.0,0.041200000000000014,False
19,cls,neighbors10,specter2,abstract,False,0.39840555555555557,0.4396055555555556,0.041200000000000014,0.0,0.041200000000000014,False
19,cls,neighbors10,scincl,title,False,0.04073333333333329,0.08524444444444446,0.04451111111111117,0.0,0.04451111111111117,False
19,cls,neighbors10,scincl,abstract,False,0.4103833333333333,0.4548944444444445,0.04451111111111117,0.0,0.04451111111111117,False
19,cls,neighbors10,scibert,title,True,-0.19167222222222224,-0.07907222222222221,0.11260000000000003,0.04905000000000004,0.16165000000000007,False
19,cls,neighbors10,scibert,abstract,True,0.5141277777777777,0.45967777777777774,-0.05445,0.21610000000000007,0.16165000000000007,False
19,cls,neighbors10,bert,title,True,-0.1528722222222222,-0.09204444444444437,0.060827777777777814,0.0986999999999999,0.1595277777777777,False
19,cls,neighbors10,bert,abstract,True,0.5143777777777778,0.3990055555555556,-0.11537222222222221,0.2748999999999999,0.1595277777777777,False
19,cls,neighbors10,mpnet,title,False,0.1157555555555555,0.16431666666666656,0.048561111111111055,0.0,0.048561111111111055,False
19,cls,neighbors10,mpnet,abstract,False,0.48195555555555547,0.5305166666666665,0.048561111111111055,0.0,0.048561111111111055,False
19,cls,neighbors10,minilm,title,False,0.05101666666666671,0.10003888888888879,0.04902222222222208,0.0,0.04902222222222208,False
19,cls,neighbors10,minilm,abstract,False,0.4441666666666667,0.4931888888888888,0.04902222222222208,0.0,0.04902222222222208,False
19,cls,neighbors10,pubmedbert,title,True,-0.16880000000000006,-0.10467222222222228,0.06412777777777778,0.07574999999999998,0.13987777777777777,False
19,cls,neighbors10,pubmedbert,abstract,True,0.5149499999999999,0.5397777777777778,0.024827777777777893,0.11504999999999987,0.13987777777777777,False
19,cls,neighbors10,biobert,title,True,-0.1766388888888888,-0.10827222222222233,0.06836666666666646,0.052750000000000075,0.12111666666666654,False
19,cls,neighbors10,biobert,abstract,True,0.4724611111111112,0.5432777777777777,0.07081666666666653,0.05030000000000001,0.12111666666666654,False
19,cls,neighbors10,simcse,title,False,-0.10266666666666657,-0.051277777777777755,0.05138888888888882,0.0,0.05138888888888882,False
19,cls,neighbors10,simcse,abstract,False,0.4861833333333334,0.5375722222222222,0.05138888888888882,0.0,0.05138888888888882,False
19,cls,neighbors25,specter,title,False,0.027966666666666695,0.07912888888888892,0.05116222222222222,0.0,0.05116222222222222,False
19,cls,neighbors25,specter,abstract,False,0.3417866666666667,0.3929488888888889,0.05116222222222222,0.0,0.05116222222222222,False
19,cls,neighbors25,specter2,title,False,0.06409111111111121,0.10803333333333331,0.043942222222222105,0.0,0.043942222222222105,False
19,cls,neighbors25,specter2,abstract,False,0.3934311111111112,0.4373733333333333,0.043942222222222105,0.0,0.043942222222222105,False
19,cls,neighbors25,scincl,title,False,0.04957777777777772,0.09921111111111103,0.04963333333333331,0.0,0.04963333333333331,False
19,cls,neighbors25,scincl,abstract,False,0.4103777777777776,0.4600111111111109,0.04963333333333331,0.0,0.04963333333333331,False
19,cls,neighbors25,scibert,title,True,-0.18937333333333328,-0.08720888888888889,0.10216444444444439,0.06370000000000009,0.16586444444444448,False
19,cls,neighbors25,scibert,abstract,True,0.4901266666666667,0.47035111111111116,-0.019775555555555546,0.18564000000000003,0.16586444444444448,False
19,cls,neighbors25,bert,title,True,-0.15181777777777783,-0.10761555555555546,0.044202222222222365,0.12517999999999996,0.16938222222222232,False
19,cls,neighbors25,bert,abstract,True,0.4933022222222222,0.41494444444444456,-0.07835777777777764,0.24773999999999996,0.16938222222222232,False
19,cls,neighbors25,mpnet,title,False,0.11689111111111106,0.17093555555555562,0.05404444444444456,0.0,0.05404444444444456,False
19,cls,neighbors25,mpnet,abstract,False,0.46491111111111116,0.5189555555555557,0.05404444444444456,0.0,0.05404444444444456,False
19,cls,neighbors25,minilm,title,False,0.052264444444444336,0.10604444444444439,0.05378000000000005,0.0,0.05378000000000005,False
19,cls,neighbors25,minilm,abstract,False,0.4346644444444443,0.48844444444444435,0.05378000000000005,0.0,0.05378000000000005,False
19,cls,neighbors25,pubmedbert,title,True,-0.17227555555555563,-0.11672888888888888,0.055546666666666744,0.09063999999999994,0.1461866666666667,False
19,cls,neighbors25,pubmedbert,abstract,True,0.49368444444444437,0.539591111111111,0.04590666666666665,0.10028000000000004,0.1461866666666667,False
19,cls,neighbors25,biobert,title,True,-0.18320666666666674,-0.1199311111111111,0.06327555555555564,0.059840000000000004,0.12311555555555564,False
19,cls,neighbors25,biobert,abstract,True,0.46011333333333326,0.5345288888888888,0.07441555555555557,0.04870000000000008,0.12311555555555564,False
19,cls,neighbors25,simcse,title,False,-0.10760444444444439,-0.053822222222222216,0.053782222222222176,0.0,0.053782222222222176,False
19,cls,neighbors25,simcse,abstract,False,0.4776355555555556,0.5314177777777778,0.053782222222222176,0.0,0.053782222222222176,False
19,cls,neighbors50,specter,title,False,0.040145555555555545,0.09436777777777772,0.05422222222222217,0.0,0.05422222222222217,False
19,cls,neighbors50,specter,abstract,False,0.33532555555555565,0.3895477777777778,0.05422222222222217,0.0,0.05422222222222217,False
19,cls,neighbors50,specter2,title,False,0.07102111111111098,0.11551222222222202,0.04449111111111104,0.0,0.04449111111111104,False
19,cls,neighbors50,specter2,abstract,False,0.38287111111111105,0.4273622222222221,0.04449111111111104,0.0,0.04449111111111104,False
19,cls,neighbors50,scincl,title,False,0.05954666666666675,0.1114911111111111,0.05194444444444435,0.0,0.05194444444444435,False
19,cls,neighbors50,scincl,abstract,False,0.3974266666666668,0.44937111111111117,0.05194444444444435,0.0,0.05194444444444435,False
19,cls,neighbors50,scibert,title,True,-0.18028888888888883,-0.08889333333333327,0.09139555555555556,0.07333999999999996,0.16473555555555552,False
19,cls,neighbors50,scibert,abstract,True,0.46769111111111117,0.4680066666666667,0.0003155555555555134,0.16442,0.16473555555555552,False
19,cls,neighbors50,bert,title,True,-0.14382111111111107,-0.11626444444444439,0.027556666666666674,0.14532999999999996,0.17288666666666663,False
19,cls,neighbors50,bert,abstract,True,0.4704288888888889,0.41785555555555565,-0.05257333333333325,0.22545999999999988,0.17288666666666663,False
19,cls,neighbors50,mpnet,title,False,0.11864888888888891,0.17383111111111116,0.055182222222222244,0.0,0.055182222222222244,False
19,cls,neighbors50,mpnet,abstract,False,0.4440488888888888,0.49923111111111107,0.055182222222222244,0.0,0.055182222222222244,False
19,cls,neighbors50,minilm,title,False,0.050853333333333306,0.10672777777777764,0.05587444444444434,0.0,0.05587444444444434,False
19,cls,neighbors50,minilm,abstract,False,0.4154833333333334,0.47135777777777776,0.05587444444444434,0.0,0.05587444444444434,False
19,cls,neighbors50,pubmedbert,title,True,-0.16949666666666663,-0.1228555555555556,0.04664111111111102,0.10042000000000006,0.1470611111111111,False
19,cls,neighbors50,pubmedbert,abstract,True,0.4680133333333333,0.5256044444444445,0.05759111111111126,0.08946999999999983,0.1470611111111111,False
19,cls,neighbors50,biobert,title,True,-0.18202777777777768,-0.12557666666666656,0.05645111111111112,0.06572999999999996,0.12218111111111107,False
19,cls,neighbors50,biobert,abstract,True,0.44326222222222245,0.5179933333333334,0.07473111111111097,0.0474500000000001,0.12218111111111107,False
19,cls,neighbors50,simcse,title,False,-0.10580333333333325,-0.050695555555555605,0.055107777777777645,0.0,0.055107777777777645,False
19,cls,neighbors50,simcse,abstract,False,0.4620066666666668,0.5171144444444444,0.055107777777777645,0.0,0.055107777777777645,False
19,sep,cka,specter,title,False,0.10487985276107742,0.15388507227111875,0.04900521951004133,0.0,0.04900521951004133,False
19,sep,cka,specter,abstract,False,0.26403444907793344,0.3130396685879748,0.04900521951004133,0.0,0.04900521951004133,False
19,sep,cka,specter2,title,False,0.11884847307875496,0.16005412749385994,0.041205654415104986,0.0,0.041205654415104986,False
19,sep,cka,specter2,abstract,False,0.29859509557226144,0.3398007499873664,0.041205654415104986,0.0,0.041205654415104986,False
19,sep,cka,scincl,title,False,0.12151995702843943,0.16463783660765952,0.043117879579220086,0.0,0.043117879579220086,False
19,sep,cka,scincl,abstract,False,0.28767406099815895,0.33079194057737904,0.043117879579220086,0.0,0.043117879579220086,False
19,sep,cka,scibert,title,True,-0.1421009201503904,-0.11529690382047175,0.026804016329918634,0.16735665420378165,0.19416067053370029,False
19,sep,cka,scibert,abstract,True,0.30062683299580356,0.44257257524861293,0.14194574225280937,0.052214928280890915,0.19416067053370029,False
19,sep,cka,bert,title,True,-0.07201741901569941,-0.06517877659101157,0.006838642424687846,0.5043863692831957,0.5112250117078836,False
19,sep,cka,bert,abstract,True,0.2777457808440867,0.5910781833105646,0.3133324024664779,0.19789260924140561,0.5112250117078836,False
19,sep,cka,mpnet,title,False,0.14406206698395485,0.1853687823864531,0.04130671540249825,0.0,0.04130671540249825,False
19,sep,cka,mpnet,abstract,False,0.3020745544323896,0.34338126983488787,0.04130671540249825,0.0,0.04130671540249825,False
19,sep,cka,minilm,title,False,0.08709268246430812,0.13263786229302832,0.045545179828720195,0.0,0.045545179828720195,False
19,sep,cka,minilm,abstract,False,0.29975729018444985,0.34530247001317005,0.045545179828720195,0.0,0.045545179828720195,False
19,sep,cka,pubmedbert,title,True,-0.11877673642166187,-0.030696296288121483,0.08808044013354038,-0.06969530980729322,0.018385130326247168,False
19,sep,cka,pubmedbert,abstract,True,0.3033703076673858,0.3142859125928323,0.010915604925446465,0.007469525400800703,0.018385130326247168,False
19,sep,cka,biobert,title,True,-0.282545237958293,-0.08616994251208648,0.19637529544620652,-0.1589719557841972,0.037403339662009316,False
19,sep,cka,biobert,abstract,True,0.3103037685811527,0.3617098168131531,0.0514060482320004,-0.014002708569991085,0.037403339662009316,False
19,sep,cka,simcse,title,False,-0.09353723356504401,-0.02433798334574727,0.06919925021929674,0.0,0.06919925021929674,False
19,sep,cka,simcse,abstract,False,0.3486488011083337,0.4178480513276304,0.06919925021929674,0.0,0.06919925021929674,False
19,sep,neighbors10,specter,title,False,0.015416666666666634,0.02795000000000003,0.012533333333333396,0.0,0.012533333333333396,False
19,sep,neighbors10,specter,abstract,False,0.33166666666666667,0.34420000000000006,0.012533333333333396,0.0,0.012533333333333396,False
19,sep,neighbors10,specter2,title,False,0.05070555555555556,0.06198333333333339,0.011277777777777831,0.0,0.011277777777777831,False
19,sep,neighbors10,specter2,abstract,False,0.39840555555555557,0.4096833333333334,0.011277777777777831,0.0,0.011277777777777831,False
19,sep,neighbors10,scincl,title,False,0.04073333333333329,0.05310555555555563,0.01237222222222234,0.0,0.01237222222222234,False
19,sep,neighbors10,scincl,abstract,False,0.4103833333333333,0.42275555555555566,0.01237222222222234,0.0,0.01237222222222234,False
19,sep,neighbors10,scibert,title,True,-0.19167222222222224,-0.08465000000000011,0.10702222222222213,0.057599999999999985,0.16462222222222211,False
19,sep,neighbors10,scibert,abstract,True,0.5141277777777777,0.4526999999999999,-0.06142777777777786,0.22604999999999997,0.16462222222222211,False
19,sep,neighbors10,bert,title,True,-0.1528722222222222,-0.061549999999999994,0.0913222222222222,0.0653999999999999,0.1567222222222221,False
19,sep,neighbors10,bert,abstract,True,0.5143777777777778,0.42795000000000005,-0.08642777777777777,0.24314999999999987,0.1567222222222221,False
19,sep,neighbors10,mpnet,title,False,0.1157555555555555,0.12634999999999996,0.010594444444444462,0.0,0.010594444444444462,False
19,sep,neighbors10,mpnet,abstract,False,0.48195555555555547,0.49254999999999993,0.010594444444444462,0.0,0.010594444444444462,False
19,sep,neighbors10,minilm,title,False,0.05101666666666671,0.0645888888888888,0.013572222222222097,0.0,0.013572222222222097,False
19,sep,neighbors10,minilm,abstract,False,0.4441666666666667,0.4577388888888888,0.013572222222222097,0.0,0.013572222222222097,False
19,sep,neighbors10,pubmedbert,title,True,-0.16880000000000006,-0.12654999999999994,0.04225000000000012,-0.024250000000000105,0.018000000000000016,False
19,sep,neighbors10,pubmedbert,abstract,True,0.5149499999999999,0.5011,-0.013849999999999918,0.031849999999999934,0.018000000000000016,False
19,sep,neighbors10,biobert,title,True,-0.1766388888888888,-0.10899999999999987,0.06763888888888892,-0.020100000000000007,0.04753888888888891,False
19,sep,neighbors10,biobert,abstract,True,0.4724611111111112,0.5499000000000002,0.07743888888888895,-0.029900000000000038,0.04753888888888891,False
19,sep,neighbors10,simcse,title,False,-0.10266666666666657,-0.07391111111111104,0.028755555555555534,0.0,0.028755555555555534,False
19,sep,neighbors10,simcse,abstract,False,0.4861833333333334,0.514938888888889,0.028755555555555534,0.0,0.028755555555555534,False
19,sep,neighbors25,specter,title,False,0.027966666666666695,0.0433755555555555,0.015408888888888805,0.0,0.015408888888888805,False
19,sep,neighbors25,specter,abstract,False,0.3417866666666667,0.3571955555555555,0.015408888888888805,0.0,0.015408888888888805,False
19,sep,neighbors25,specter2,title,False,0.06409111111111121,0.07619777777777781,0.012106666666666599,0.0,0.012106666666666599,False
19,sep,neighbors25,specter2,abstract,False,0.3934311111111112,0.4055377777777778,0.012106666666666599,0.0,0.012106666666666599,False
19,sep,neighbors25,scincl,title,False,0.04957777777777772,0.06337333333333328,0.013795555555555561,0.0,0.013795555555555561,False
19,sep,neighbors25,scincl,abstract,False,0.4103777777777776,0.4241733333333332,0.013795555555555561,0.0,0.013795555555555561,False
19,sep,neighbors25,scibert,title,True,-0.18937333333333328,-0.09803777777777778,0.0913355555555555,0.07594000000000001,0.1672755555555555,False
19,sep,neighbors25,scibert,abstract,True,0.4901266666666667,0.46004222222222213,-0.03008444444444458,0.1973600000000001,0.1672755555555555,False
19,sep,neighbors25,bert,title,True,-0.15181777777777783,-0.06730444444444439,0.08451333333333344,0.09171999999999991,0.17623333333333335,False
19,sep,neighbors25,bert,abstract,True,0.4933022222222222,0.4339155555555556,-0.05938666666666659,0.23561999999999994,0.17623333333333335,False
19,sep,neighbors25,mpnet,title,False,0.11689111111111106,0.12978222222222224,0.012891111111111186,0.0,0.012891111111111186,False
19,sep,neighbors25,mpnet,abstract,False,0.46491111111111116,0.47780222222222235,0.012891111111111186,0.0,0.012891111111111186,False
19,sep,neighbors25,minilm,title,False,0.052264444444444336,0.06750222222222224,0.015237777777777906,0.0,0.015237777777777906,False
19,sep,neighbors25,minilm,abstract,False,0.4346644444444443,0.4499022222222222,0.015237777777777906,0.0,0.015237777777777906,False
19,sep,neighbors25,pubmedbert,title,True,-0.17227555555555563,-0.1270822222222222,0.04519333333333342,-0.03268000000000004,0.012513333333333376,False
19,sep,neighbors25,pubmedbert,abstract,True,0.49368444444444437,0.4820577777777778,-0.011626666666666563,0.02413999999999994,0.012513333333333376,False
19,sep,neighbors25,biobert,title,True,-0.18320666666666674,-0.11227333333333323,0.07093333333333351,-0.027840000000000087,0.04309333333333343,False
19,sep,neighbors25,biobert,abstract,True,0.46011333333333326,0.5285666666666667,0.06845333333333348,-0.02536000000000005,0.04309333333333343,False
19,sep,neighbors25,simcse,title,False,-0.10760444444444439,-0.07711111111111113,0.03049333333333326,0.0,0.03049333333333326,False
19,sep,neighbors25,simcse,abstract,False,0.4776355555555556,0.5081288888888889,0.03049333333333326,0.0,0.03049333333333326,False
19,sep,neighbors50,specter,title,False,0.040145555555555545,0.0572477777777779,0.017102222222222352,0.0,0.017102222222222352,False
19,sep,neighbors50,specter,abstract,False,0.33532555555555565,0.352427777777778,0.017102222222222352,0.0,0.017102222222222352,False
19,sep,neighbors50,specter2,title,False,0.07102111111111098,0.0836822222222221,0.012661111111111123,0.0,0.012661111111111123,False
19,sep,neighbors50,specter2,abstract,False,0.38287111111111105,0.3955322222222222,0.012661111111111123,0.0,0.012661111111111123,False
19,sep,neighbors50,scincl,title,False,0.05954666666666675,0.07474888888888898,0.015202222222222228,0.0,0.015202222222222228,False
19,sep,neighbors50,scincl,abstract,False,0.3974266666666668,0.41262888888888904,0.015202222222222228,0.0,0.015202222222222228,False
19,sep,neighbors50,scibert,title,True,-0.18028888888888883,-0.10215444444444444,0.0781344444444444,0.08836999999999995,0.16650444444444434,False
19,sep,neighbors50,scibert,abstract,True,0.46769111111111117,0.4618255555555555,-0.005865555555555679,0.17237000000000002,0.16650444444444434,False
19,sep,neighbors50,bert,title,True,-0.14382111111111107,-0.0690777777777778,0.07474333333333327,0.11310999999999993,0.1878533333333332,False
19,sep,neighbors50,bert,abstract,True,0.4704288888888889,0.43427222222222217,-0.036156666666666726,0.22400999999999993,0.1878533333333332,False
19,sep,neighbors50,mpnet,title,False,0.11864888888888891,0.13238777777777788,0.013738888888888967,0.0,0.013738888888888967,False
19,sep,neighbors50,mpnet,abstract,False,0.4440488888888888,0.4577877777777778,0.013738888888888967,0.0,0.013738888888888967,False
19,sep,neighbors50,minilm,title,False,0.050853333333333306,0.06747888888888876,0.01662555555555545,0.0,0.01662555555555545,False
19,sep,neighbors50,minilm,abstract,False,0.4154833333333334,0.4321088888888889,0.01662555555555545,0.0,0.01662555555555545,False
19,sep,neighbors50,pubmedbert,title,True,-0.16949666666666663,-0.11993222222222222,0.04956444444444441,-0.03796999999999995,0.011594444444444463,False
19,sep,neighbors50,pubmedbert,abstract,True,0.4680133333333333,0.45830777777777776,-0.009705555555555523,0.021299999999999986,0.011594444444444463,False
19,sep,neighbors50,biobert,title,True,-0.18202777777777768,-0.10304888888888897,0.07897888888888871,-0.03807000000000005,0.04090888888888866,False
19,sep,neighbors50,biobert,abstract,True,0.44326222222222245,0.5096411111111111,0.06637888888888865,-0.025469999999999993,0.04090888888888866,False
19,sep,neighbors50,simcse,title,False,-0.10580333333333325,-0.07381888888888877,0.03198444444444448,0.0,0.03198444444444448,False
19,sep,neighbors50,simcse,abstract,False,0.4620066666666668,0.49399111111111127,0.03198444444444448,0.0,0.03198444444444448,False
20,cls,cka,specter,title,False,0.15126635860217513,0.19828195858968906,0.04701559998751392,0.0,0.04701559998751392,False
20,cls,cka,specter,abstract,False,0.3741773106715897,0.42119291065910364,0.04701559998751392,0.0,0.04701559998751392,False
20,cls,cka,specter2,title,False,0.146777468586958,0.19789373208271732,0.05111626349575932,0.0,0.05111626349575932,False
20,cls,cka,specter2,abstract,False,0.330139884522691,0.3812561480184503,0.05111626349575932,0.0,0.05111626349575932,False
20,cls,cka,scincl,title,False,0.12874986127089028,0.18082758250129072,0.05207772123040044,0.0,0.05207772123040044,False
20,cls,cka,scincl,abstract,False,0.36524702681906207,0.4173247480494625,0.05207772123040044,0.0,0.05207772123040044,False
20,cls,cka,scibert,title,True,-0.20489696296575427,-0.13481926532225974,0.07007769764349453,0.07550700814629452,0.14558470578978905,False
20,cls,cka,scibert,abstract,True,0.3765749847860314,0.5047891705617149,0.1282141857756835,0.01737052001410555,0.14558470578978905,False
20,cls,cka,bert,title,True,-0.17664369898340737,-0.19886125508135344,-0.022217556097946067,0.20996439271192235,0.1877468366139763,False
20,cls,cka,bert,abstract,True,0.36723841679042957,0.5067008626200855,0.13946244582965595,0.04828439078432034,0.1877468366139763,False
20,cls,cka,mpnet,title,False,0.15421969550102005,0.20492368624023283,0.05070399073921278,0.0,0.05070399073921278,False
20,cls,cka,mpnet,abstract,False,0.3657734731998337,0.4164774639390465,0.05070399073921278,0.0,0.05070399073921278,False
20,cls,cka,minilm,title,False,0.09964125277579161,0.1509056383887606,0.05126438561296898,0.0,0.05126438561296898,False
20,cls,cka,minilm,abstract,False,0.3736104720182506,0.42487485763121957,0.05126438561296898,0.0,0.05126438561296898,False
20,cls,cka,pubmedbert,title,True,-0.22106414344416764,-0.26998237934468394,-0.048918235900516305,0.13586567129618177,0.08694743539566546,False
20,cls,cka,pubmedbert,abstract,True,0.43347956551202954,0.5151223616186245,0.08164279610659492,0.005304639289070545,0.08694743539566546,False
20,cls,cka,biobert,title,True,-0.29796857898328893,-0.2854778840493254,0.012490694933963542,0.06952924879761957,0.08201994373158311,False
20,cls,cka,biobert,abstract,True,0.3959999186744531,0.4900847330942836,0.09408481441983046,-0.012064870688247353,0.08201994373158311,False
20,cls,cka,simcse,title,False,-0.12074958011466802,-0.06317214649493685,0.057577433619731166,0.0,0.057577433619731166,False
20,cls,cka,simcse,abstract,False,0.3989989677017131,0.4565764013214443,0.057577433619731166,0.0,0.057577433619731166,False
20,cls,neighbors10,specter,title,False,0.03393333333333326,0.06277777777777782,0.02884444444444456,0.0,0.02884444444444456,False
20,cls,neighbors10,specter,abstract,False,0.3711833333333333,0.40002777777777787,0.02884444444444456,0.0,0.02884444444444456,False
20,cls,neighbors10,specter2,title,False,0.0746444444444444,0.10581111111111108,0.031166666666666676,0.0,0.031166666666666676,False
20,cls,neighbors10,specter2,abstract,False,0.3399444444444444,0.37111111111111106,0.031166666666666676,0.0,0.031166666666666676,False
20,cls,neighbors10,scincl,title,False,0.06202777777777768,0.09092222222222224,0.028894444444444556,0.0,0.028894444444444556,False
20,cls,neighbors10,scincl,abstract,False,0.4315777777777777,0.4604722222222223,0.028894444444444556,0.0,0.028894444444444556,False
20,cls,neighbors10,scibert,title,True,-0.16540555555555558,-0.0798944444444446,0.08551111111111098,0.03760000000000008,0.12311111111111106,False
20,cls,neighbors10,scibert,abstract,True,0.5401444444444443,0.5203555555555555,-0.019788888888888856,0.14289999999999992,0.12311111111111106,False
20,cls,neighbors10,bert,title,True,-0.14131666666666676,-0.08190555555555556,0.05941111111111119,0.07284999999999997,0.13226111111111116,False
20,cls,neighbors10,bert,abstract,True,0.5355333333333333,0.4419444444444445,-0.09358888888888883,0.22585,0.13226111111111116,False
20,cls,neighbors10,mpnet,title,False,0.12,0.15503333333333325,0.03503333333333325,0.0,0.03503333333333325,False
20,cls,neighbors10,mpnet,abstract,False,0.5008000000000001,0.5358333333333334,0.03503333333333325,0.0,0.03503333333333325,False
20,cls,neighbors10,minilm,title,False,0.05436666666666656,0.09073888888888881,0.03637222222222225,0.0,0.03637222222222225,False
20,cls,neighbors10,minilm,abstract,False,0.4806166666666666,0.5169888888888888,0.03637222222222225,0.0,0.03637222222222225,False
20,cls,neighbors10,pubmedbert,title,True,-0.15098888888888895,-0.09894444444444439,0.05204444444444456,0.045849999999999946,0.0978944444444445,False
20,cls,neighbors10,pubmedbert,abstract,True,0.5444611111111111,0.5540055555555556,0.009544444444444578,0.08834999999999993,0.0978944444444445,False
20,cls,neighbors10,biobert,title,True,-0.15046666666666664,-0.0998,0.05066666666666664,0.03574999999999995,0.08641666666666659,False
20,cls,neighbors10,biobert,abstract,True,0.49288333333333334,0.5562499999999999,0.06336666666666657,0.023050000000000015,0.08641666666666659,False
20,cls,neighbors10,simcse,title,False,-0.09238333333333337,-0.042166666666666686,0.05021666666666669,0.0,0.05021666666666669,False
20,cls,neighbors10,simcse,abstract,False,0.48311666666666675,0.5333333333333334,0.05021666666666669,0.0,0.05021666666666669,False
20,cls,neighbors25,specter,title,False,0.04602666666666666,0.07712888888888891,0.031102222222222253,0.0,0.031102222222222253,False
20,cls,neighbors25,specter,abstract,False,0.3894266666666667,0.42052888888888895,0.031102222222222253,0.0,0.031102222222222253,False
20,cls,neighbors25,specter2,title,False,0.07344222222222219,0.10581111111111108,0.03236888888888889,0.0,0.03236888888888889,False
20,cls,neighbors25,specter2,abstract,False,0.34804222222222225,0.38041111111111114,0.03236888888888889,0.0,0.03236888888888889,False
20,cls,neighbors25,scincl,title,False,0.07095333333333342,0.10241333333333336,0.03145999999999993,0.0,0.03145999999999993,False
20,cls,neighbors25,scincl,abstract,False,0.43721333333333356,0.4686733333333335,0.03145999999999993,0.0,0.03145999999999993,False
20,cls,neighbors25,scibert,title,True,-0.17008444444444448,-0.08838888888888896,0.08169555555555552,0.044520000000000004,0.12621555555555553,False
20,cls,neighbors25,scibert,abstract,True,0.5309355555555555,0.535611111111111,0.004675555555555544,0.12153999999999998,0.12621555555555553,False
20,cls,neighbors25,bert,title,True,-0.1428533333333335,-0.09037555555555565,0.052477777777777845,0.08477999999999997,0.1372577777777778,False
20,cls,neighbors25,bert,abstract,True,0.5244666666666666,0.45802444444444435,-0.06644222222222229,0.2037000000000001,0.1372577777777778,False
20,cls,neighbors25,mpnet,title,False,0.1304599999999999,0.16762444444444435,0.037164444444444444,0.0,0.037164444444444444,False
20,cls,neighbors25,mpnet,abstract,False,0.4951,0.5322644444444444,0.037164444444444444,0.0,0.037164444444444444,False
20,cls,neighbors25,minilm,title,False,0.0641222222222223,0.1026488888888889,0.0385266666666666,0.0,0.0385266666666666,False
20,cls,neighbors25,minilm,abstract,False,0.47118222222222217,0.5097088888888888,0.0385266666666666,0.0,0.0385266666666666,False
20,cls,neighbors25,pubmedbert,title,True,-0.16125111111111123,-0.1137422222222223,0.047508888888888934,0.05247999999999997,0.0999888888888889,False
20,cls,neighbors25,pubmedbert,abstract,True,0.5358688888888888,0.5680377777777776,0.0321688888888888,0.0678200000000001,0.0999888888888889,False
20,cls,neighbors25,biobert,title,True,-0.15904666666666667,-0.11861333333333335,0.04043333333333332,0.04464000000000001,0.08507333333333333,False
20,cls,neighbors25,biobert,abstract,True,0.49007333333333336,0.5600266666666667,0.06995333333333331,0.015120000000000022,0.08507333333333333,False
20,cls,neighbors25,simcse,title,False,-0.0897444444444444,-0.03831555555555566,0.051428888888888746,0.0,0.051428888888888746,False
20,cls,neighbors25,simcse,abstract,False,0.48911555555555564,0.5405444444444444,0.051428888888888746,0.0,0.051428888888888746,False
20,cls,neighbors50,specter,title,False,0.05708000000000013,0.08885888888888893,0.0317788888888888,0.0,0.0317788888888888,False
20,cls,neighbors50,specter,abstract,False,0.3923000000000002,0.424078888888889,0.0317788888888888,0.0,0.0317788888888888,False
20,cls,neighbors50,specter2,title,False,0.0767133333333333,0.10885222222222235,0.03213888888888905,0.0,0.03213888888888905,False
20,cls,neighbors50,specter2,abstract,False,0.34773333333333334,0.3798722222222224,0.03213888888888905,0.0,0.03213888888888905,False
20,cls,neighbors50,scincl,title,False,0.07631555555555558,0.1082211111111111,0.03190555555555552,0.0,0.03190555555555552,False
20,cls,neighbors50,scincl,abstract,False,0.43505555555555553,0.46696111111111105,0.03190555555555552,0.0,0.03190555555555552,False
20,cls,neighbors50,scibert,title,True,-0.17044777777777786,-0.09328555555555562,0.07716222222222224,0.045480000000000076,0.12264222222222232,False
20,cls,neighbors50,scibert,abstract,True,0.5153322222222222,0.5322544444444445,0.016922222222222283,0.10572000000000004,0.12264222222222232,False
20,cls,neighbors50,bert,title,True,-0.1396533333333334,-0.09864222222222219,0.04101111111111122,0.09806999999999999,0.1390811111111112,False
20,cls,neighbors50,bert,abstract,True,0.5117566666666665,0.4602677777777777,-0.051488888888888806,0.19057000000000002,0.1390811111111112,False
20,cls,neighbors50,mpnet,title,False,0.13082555555555553,0.1684566666666667,0.03763111111111117,0.0,0.03763111111111117,False
20,cls,neighbors50,mpnet,abstract,False,0.47930555555555543,0.5169366666666666,0.03763111111111117,0.0,0.03763111111111117,False
20,cls,neighbors50,minilm,title,False,0.07007777777777768,0.1086611111111111,0.038583333333333414,0.0,0.038583333333333414,False
20,cls,neighbors50,minilm,abstract,False,0.4606077777777777,0.49919111111111114,0.038583333333333414,0.0,0.038583333333333414,False
20,cls,neighbors50,pubmedbert,title,True,-0.16691444444444437,-0.12722555555555548,0.039688888888888885,0.058089999999999975,0.09777888888888886,False
20,cls,neighbors50,pubmedbert,abstract,True,0.5220655555555557,0.5604844444444445,0.03841888888888878,0.05936000000000008,0.09777888888888886,False
20,cls,neighbors50,biobert,title,True,-0.16132111111111125,-0.13211666666666677,0.029204444444444477,0.05349999999999999,0.08270444444444447,False
20,cls,neighbors50,biobert,abstract,True,0.48065888888888875,0.5450133333333333,0.0643544444444446,0.018349999999999866,0.08270444444444447,False
20,cls,neighbors50,simcse,title,False,-0.0874477777777779,-0.03634111111111127,0.051106666666666634,0.0,0.051106666666666634,False
20,cls,neighbors50,simcse,abstract,False,0.4811322222222222,0.5322388888888888,0.051106666666666634,0.0,0.051106666666666634,False
20,sep,cka,specter,title,False,0.15126635860217513,0.18029487245611553,0.029028513853940396,0.0,0.029028513853940396,False
20,sep,cka,specter,abstract,False,0.3741773106715897,0.4032058245255301,0.029028513853940396,0.0,0.029028513853940396,False
20,sep,cka,specter2,title,False,0.146777468586958,0.1824894921363786,0.0357120235494206,0.0,0.0357120235494206,False
20,sep,cka,specter2,abstract,False,0.330139884522691,0.3658519080721116,0.0357120235494206,0.0,0.0357120235494206,False
20,sep,cka,scincl,title,False,0.12874986127089028,0.1613404346161883,0.032590573345298024,0.0,0.032590573345298024,False
20,sep,cka,scincl,abstract,False,0.36524702681906207,0.3978376001643601,0.032590573345298024,0.0,0.032590573345298024,False
20,sep,cka,scibert,title,True,-0.20489696296575427,-0.10539471638748776,0.0995022465782665,0.07267152464993987,0.17217377122820637,False
20,sep,cka,scibert,abstract,True,0.3765749847860314,0.5238029205819578,0.14722793579592636,0.024945835432280017,0.17217377122820637,False
20,sep,cka,bert,title,True,-0.17664369898340737,-0.07380706778628432,0.10283663119712305,0.36161875110198904,0.4644553822991121,False
20,sep,cka,bert,abstract,True,0.36723841679042957,0.5873693468862164,0.22013093009578688,0.24432445220332522,0.4644553822991121,False
20,sep,cka,mpnet,title,False,0.15421969550102005,0.1896989626973295,0.03547926719630945,0.0,0.03547926719630945,False
20,sep,cka,mpnet,abstract,False,0.3657734731998337,0.40125274039614317,0.03547926719630945,0.0,0.03547926719630945,False
20,sep,cka,minilm,title,False,0.09964125277579161,0.13702930413798342,0.03738805136219181,0.0,0.03738805136219181,False
20,sep,cka,minilm,abstract,False,0.3736104720182506,0.4109985233804424,0.03738805136219181,0.0,0.03738805136219181,False
20,sep,cka,pubmedbert,title,True,-0.22106414344416764,-0.17196230721527156,0.04910183622889608,-0.04430165594751134,0.004800180281384736,False
20,sep,cka,pubmedbert,abstract,True,0.43347956551202954,0.41443208842147744,-0.0190474770905521,0.023847657371936837,0.004800180281384736,False
20,sep,cka,biobert,title,True,-0.29796857898328893,-0.18646927459594537,0.11149930438734357,-0.06829551773849352,0.04320378664885005,False
20,sep,cka,biobert,abstract,True,0.3959999186744531,0.46055707144219754,0.06455715276774443,-0.02135336611889438,0.04320378664885005,False
20,sep,cka,simcse,title,False,-0.12074958011466802,-0.05332368087941952,0.0674258992352485,0.0,0.0674258992352485,False
20,sep,cka,simcse,abstract,False,0.3989989677017131,0.4664248669369616,0.0674258992352485,0.0,0.0674258992352485,False
20,sep,neighbors10,specter,title,False,0.03393333333333326,0.04346666666666665,0.009533333333333394,0.0,0.009533333333333394,False
20,sep,neighbors10,specter,abstract,False,0.3711833333333333,0.3807166666666667,0.009533333333333394,0.0,0.009533333333333394,False
20,sep,neighbors10,specter2,title,False,0.0746444444444444,0.08583333333333332,0.011188888888888915,0.0,0.011188888888888915,False
20,sep,neighbors10,specter2,abstract,False,0.3399444444444444,0.3511333333333333,0.011188888888888915,0.0,0.011188888888888915,False
20,sep,neighbors10,scincl,title,False,0.06202777777777768,0.07238888888888884,0.010361111111111154,0.0,0.010361111111111154,False
20,sep,neighbors10,scincl,abstract,False,0.4315777777777777,0.4419388888888889,0.010361111111111154,0.0,0.010361111111111154,False
20,sep,neighbors10,scibert,title,True,-0.16540555555555558,-0.0677833333333333,0.09762222222222228,0.044850000000000056,0.14247222222222233,False
20,sep,neighbors10,scibert,abstract,True,0.5401444444444443,0.5382666666666668,-0.001877777777777534,0.14434999999999987,0.14247222222222233,False
20,sep,neighbors10,bert,title,True,-0.14131666666666676,-0.05580000000000007,0.08551666666666669,0.0514,0.1369166666666667,False
20,sep,neighbors10,bert,abstract,True,0.5355333333333333,0.4270999999999999,-0.10843333333333338,0.24535000000000007,0.1369166666666667,False
20,sep,neighbors10,mpnet,title,False,0.12,0.13069999999999993,0.010699999999999932,0.0,0.010699999999999932,False
20,sep,neighbors10,mpnet,abstract,False,0.5008000000000001,0.5115000000000001,0.010699999999999932,0.0,0.010699999999999932,False
20,sep,neighbors10,minilm,title,False,0.05436666666666656,0.06655555555555548,0.012188888888888916,0.0,0.012188888888888916,False
20,sep,neighbors10,minilm,abstract,False,0.4806166666666666,0.4928055555555555,0.012188888888888916,0.0,0.012188888888888916,False
20,sep,neighbors10,pubmedbert,title,True,-0.15098888888888895,-0.11108888888888901,0.039899999999999936,-0.01905000000000001,0.020849999999999924,False
20,sep,neighbors10,pubmedbert,abstract,True,0.5444611111111111,0.504111111111111,-0.04035000000000011,0.06120000000000003,0.020849999999999924,False
20,sep,neighbors10,biobert,title,True,-0.15046666666666664,-0.09576111111111107,0.05470555555555556,-0.00714999999999999,0.04755555555555557,False
20,sep,neighbors10,biobert,abstract,True,0.49288333333333334,0.5634388888888889,0.0705555555555556,-0.02300000000000002,0.04755555555555557,False
20,sep,neighbors10,simcse,title,False,-0.09238333333333337,-0.06170555555555557,0.030677777777777804,0.0,0.030677777777777804,False
20,sep,neighbors10,simcse,abstract,False,0.48311666666666675,0.5137944444444446,0.030677777777777804,0.0,0.030677777777777804,False
20,sep,neighbors25,specter,title,False,0.04602666666666666,0.057519999999999905,0.011493333333333244,0.0,0.011493333333333244,False
20,sep,neighbors25,specter,abstract,False,0.3894266666666667,0.40091999999999994,0.011493333333333244,0.0,0.011493333333333244,False
20,sep,neighbors25,specter2,title,False,0.07344222222222219,0.08561777777777779,0.012175555555555606,0.0,0.012175555555555606,False
20,sep,neighbors25,specter2,abstract,False,0.34804222222222225,0.36021777777777786,0.012175555555555606,0.0,0.012175555555555606,False
20,sep,neighbors25,scincl,title,False,0.07095333333333342,0.08329333333333344,0.012340000000000018,0.0,0.012340000000000018,False
20,sep,neighbors25,scincl,abstract,False,0.43721333333333356,0.4495533333333336,0.012340000000000018,0.0,0.012340000000000018,False
20,sep,neighbors25,scibert,title,True,-0.17008444444444448,-0.0738955555555556,0.09618888888888888,0.051919999999999966,0.14810888888888885,False
20,sep,neighbors25,scibert,abstract,True,0.5309355555555555,0.5560044444444443,0.025068888888888807,0.12304000000000004,0.14810888888888885,False
20,sep,neighbors25,bert,title,True,-0.1428533333333335,-0.0600288888888888,0.0828244444444447,0.0656199999999999,0.1484444444444446,False
20,sep,neighbors25,bert,abstract,True,0.5244666666666666,0.4390911111111111,-0.08537555555555554,0.23382000000000014,0.1484444444444446,False
20,sep,neighbors25,mpnet,title,False,0.1304599999999999,0.14270888888888877,0.012248888888888865,0.0,0.012248888888888865,False
20,sep,neighbors25,mpnet,abstract,False,0.4951,0.5073488888888888,0.012248888888888865,0.0,0.012248888888888865,False
20,sep,neighbors25,minilm,title,False,0.0641222222222223,0.07822444444444443,0.014102222222222127,0.0,0.014102222222222127,False
20,sep,neighbors25,minilm,abstract,False,0.47118222222222217,0.4852844444444443,0.014102222222222127,0.0,0.014102222222222127,False
20,sep,neighbors25,pubmedbert,title,True,-0.16125111111111123,-0.11537555555555556,0.04587555555555567,-0.022480000000000055,0.023395555555555614,False
20,sep,neighbors25,pubmedbert,abstract,True,0.5358688888888888,0.5022644444444444,-0.03360444444444444,0.05700000000000005,0.023395555555555614,False
20,sep,neighbors25,biobert,title,True,-0.15904666666666667,-0.10166222222222221,0.05738444444444446,-0.010259999999999936,0.047124444444444524,False
20,sep,neighbors25,biobert,abstract,True,0.49007333333333336,0.5618177777777777,0.07174444444444439,-0.024619999999999864,0.047124444444444524,False
20,sep,neighbors25,simcse,title,False,-0.0897444444444444,-0.057275555555555524,0.03246888888888888,0.0,0.03246888888888888,False
20,sep,neighbors25,simcse,abstract,False,0.48911555555555564,0.5215844444444445,0.03246888888888888,0.0,0.03246888888888888,False
20,sep,neighbors50,specter,title,False,0.05708000000000013,0.06944333333333341,0.012363333333333282,0.0,0.012363333333333282,False
20,sep,neighbors50,specter,abstract,False,0.3923000000000002,0.4046633333333335,0.012363333333333282,0.0,0.012363333333333282,False
20,sep,neighbors50,specter2,title,False,0.0767133333333333,0.08874222222222228,0.012028888888888978,0.0,0.012028888888888978,False
20,sep,neighbors50,specter2,abstract,False,0.34773333333333334,0.3597622222222223,0.012028888888888978,0.0,0.012028888888888978,False
20,sep,neighbors50,scincl,title,False,0.07631555555555558,0.08927333333333332,0.012957777777777735,0.0,0.012957777777777735,False
20,sep,neighbors50,scincl,abstract,False,0.43505555555555553,0.44801333333333326,0.012957777777777735,0.0,0.012957777777777735,False
20,sep,neighbors50,scibert,title,True,-0.17044777777777786,-0.08076222222222229,0.08968555555555557,0.05528000000000011,0.14496555555555568,False
20,sep,neighbors50,scibert,abstract,True,0.5153322222222222,0.5509777777777778,0.0356455555555556,0.10932000000000008,0.14496555555555568,False
20,sep,neighbors50,bert,title,True,-0.1396533333333334,-0.0631666666666667,0.0764866666666667,0.08062999999999998,0.15711666666666668,False
20,sep,neighbors50,bert,abstract,True,0.5117566666666665,0.43740333333333326,-0.07435333333333327,0.23146999999999995,0.15711666666666668,False
20,sep,neighbors50,mpnet,title,False,0.13082555555555553,0.1440733333333334,0.013247777777777858,0.0,0.013247777777777858,False
20,sep,neighbors50,mpnet,abstract,False,0.47930555555555543,0.4925533333333333,0.013247777777777858,0.0,0.013247777777777858,False
20,sep,neighbors50,minilm,title,False,0.07007777777777768,0.08468666666666658,0.014608888888888893,0.0,0.014608888888888893,False
20,sep,neighbors50,minilm,abstract,False,0.4606077777777777,0.4752166666666666,0.014608888888888893,0.0,0.014608888888888893,False
20,sep,neighbors50,pubmedbert,title,True,-0.16691444444444437,-0.12032111111111121,0.04659333333333315,-0.02295999999999998,0.023633333333333173,False
20,sep,neighbors50,pubmedbert,abstract,True,0.5220655555555557,0.48667888888888877,-0.0353866666666669,0.05902000000000007,0.023633333333333173,False
20,sep,neighbors50,biobert,title,True,-0.16132111111111125,-0.10400444444444445,0.05731666666666679,-0.01258999999999999,0.0447266666666668,False
20,sep,neighbors50,biobert,abstract,True,0.48065888888888875,0.5517055555555557,0.07104666666666692,-0.02632000000000012,0.0447266666666668,False
20,sep,neighbors50,simcse,title,False,-0.0874477777777779,-0.05417888888888889,0.033268888888889014,0.0,0.033268888888889014,False
20,sep,neighbors50,simcse,abstract,False,0.4811322222222222,0.5144011111111112,0.033268888888889014,0.0,0.033268888888889014,False
21,cls,cka,specter,title,False,0.08162882315083922,0.14787453390708294,0.06624571075624372,0.0,0.06624571075624372,False
21,cls,cka,specter,abstract,False,0.17070317651019054,0.23694888726643426,0.06624571075624372,0.0,0.06624571075624372,False
21,cls,cka,specter2,title,False,0.11085576859369198,0.17246671678288517,0.06161094818919319,0.0,0.06161094818919319,False
21,cls,cka,specter2,abstract,False,0.19788525763385936,0.25949620582305255,0.06161094818919319,0.0,0.06161094818919319,False
21,cls,cka,scincl,title,False,0.11074680261378353,0.17635233958180146,0.06560553696801794,0.0,0.06560553696801794,False
21,cls,cka,scincl,abstract,False,0.2047547904127692,0.27036032738078714,0.06560553696801794,0.0,0.06560553696801794,False
21,cls,cka,scibert,title,True,-0.08391181276536677,-0.031186082214107236,0.052725730551259536,0.09782476028380149,0.15055049083506103,False
21,cls,cka,scibert,abstract,True,0.21269278164154745,0.33866855092897974,0.1259757692874323,0.02457472154762874,0.15055049083506103,False
21,cls,cka,bert,title,True,0.00784074071387919,-0.13984394086846785,-0.14768468158234704,0.35588465176616746,0.20819997018382042,True
21,cls,cka,bert,abstract,True,0.20584729133532798,0.35688260047865683,0.15103530914332886,0.05716466104049156,0.20819997018382042,False
21,cls,cka,mpnet,title,False,0.10694632097750387,0.17149692385018894,0.06455060287268508,0.0,0.06455060287268508,False
21,cls,cka,mpnet,abstract,False,0.1968387103384461,0.2613893132111312,0.06455060287268508,0.0,0.06455060287268508,False
21,cls,cka,minilm,title,False,0.08472304744311177,0.1496770765437329,0.06495402910062115,0.0,0.06495402910062115,False
21,cls,cka,minilm,abstract,False,0.21063300147586672,0.27558703057648787,0.06495402910062115,0.0,0.06495402910062115,False
21,cls,cka,pubmedbert,title,True,-0.0718529485169972,-0.13710686977123948,-0.06525392125424229,0.19338816062199404,0.12813423936775176,False
21,cls,cka,pubmedbert,abstract,True,0.21841581026265156,0.33580397913919985,0.1173881688765483,0.010746070491203463,0.12813423936775176,False
21,cls,cka,biobert,title,True,-0.277230680849535,-0.2590828646872836,0.018147816162251418,0.07910898467659988,0.0972568008388513,False
21,cls,cka,biobert,abstract,True,0.19308890011269314,0.2913471850990642,0.09825828498637107,-0.001001484147519771,0.0972568008388513,False
21,cls,cka,simcse,title,False,-0.05453171052525296,-0.003455382219223646,0.05107632830602932,0.0,0.05107632830602932,False
21,cls,cka,simcse,abstract,False,0.25850805851960446,0.3095843868256338,0.05107632830602932,0.0,0.05107632830602932,False
21,cls,neighbors10,specter,title,False,0.032266666666666666,0.07535000000000003,0.04308333333333336,0.0,0.04308333333333336,False
21,cls,neighbors10,specter,abstract,False,0.3073166666666667,0.35040000000000004,0.04308333333333336,0.0,0.04308333333333336,False
21,cls,neighbors10,specter2,title,False,0.08573333333333344,0.12360000000000015,0.037866666666666715,0.0,0.037866666666666715,False
21,cls,neighbors10,specter2,abstract,False,0.36458333333333337,0.4024500000000001,0.037866666666666715,0.0,0.037866666666666715,False
21,cls,neighbors10,scincl,title,False,0.07189444444444426,0.11104999999999998,0.03915555555555572,0.0,0.03915555555555572,False
21,cls,neighbors10,scincl,abstract,False,0.38249444444444436,0.4216500000000001,0.03915555555555572,0.0,0.03915555555555572,False
21,cls,neighbors10,scibert,title,True,-0.17423333333333346,-0.07197222222222222,0.10226111111111125,0.041749999999999954,0.1440111111111112,False
21,cls,neighbors10,scibert,abstract,True,0.5152666666666665,0.4833277777777777,-0.03193888888888885,0.17595000000000005,0.1440111111111112,False
21,cls,neighbors10,bert,title,True,-0.14056111111111114,-0.07481111111111116,0.06574999999999998,0.07435000000000003,0.1401,False
21,cls,neighbors10,bert,abstract,True,0.5107388888888889,0.4021388888888888,-0.10860000000000003,0.24870000000000003,0.1401,False
21,cls,neighbors10,mpnet,title,False,0.12177777777777776,0.16386111111111112,0.04208333333333336,0.0,0.04208333333333336,False
21,cls,neighbors10,mpnet,abstract,False,0.45282777777777783,0.4949111111111112,0.04208333333333336,0.0,0.04208333333333336,False
21,cls,neighbors10,minilm,title,False,0.06608333333333338,0.10863333333333336,0.04254999999999998,0.0,0.04254999999999998,False
21,cls,neighbors10,minilm,abstract,False,0.4430333333333334,0.48558333333333337,0.04254999999999998,0.0,0.04254999999999998,False
21,cls,neighbors10,pubmedbert,title,True,-0.1597666666666666,-0.09872222222222216,0.06104444444444446,0.062450000000000006,0.12349444444444446,False
21,cls,neighbors10,pubmedbert,abstract,True,0.5140333333333333,0.5449777777777779,0.030944444444444552,0.09254999999999991,0.12349444444444446,False
21,cls,neighbors10,biobert,title,True,-0.1571055555555556,-0.10198333333333343,0.055122222222222184,0.04984999999999995,0.10497222222222213,False
21,cls,neighbors10,biobert,abstract,True,0.4667444444444444,0.5391166666666666,0.07237222222222217,0.03259999999999996,0.10497222222222213,False
21,cls,neighbors10,simcse,title,False,-0.0958944444444444,-0.04634444444444441,0.04954999999999998,0.0,0.04954999999999998,False
21,cls,neighbors10,simcse,abstract,False,0.4596055555555556,0.5091555555555556,0.04954999999999998,0.0,0.04954999999999998,False
21,cls,neighbors25,specter,title,False,0.04319555555555554,0.09208888888888889,0.048893333333333344,0.0,0.048893333333333344,False
21,cls,neighbors25,specter,abstract,False,0.31217555555555543,0.3610688888888888,0.048893333333333344,0.0,0.048893333333333344,False
21,cls,neighbors25,specter2,title,False,0.0948311111111112,0.13740444444444455,0.04257333333333335,0.0,0.04257333333333335,False
21,cls,neighbors25,specter2,abstract,False,0.36123111111111117,0.4038044444444445,0.04257333333333335,0.0,0.04257333333333335,False
21,cls,neighbors25,scincl,title,False,0.08889555555555562,0.13378888888888896,0.04489333333333334,0.0,0.04489333333333334,False
21,cls,neighbors25,scincl,abstract,False,0.3782955555555556,0.42318888888888895,0.04489333333333334,0.0,0.04489333333333334,False
21,cls,neighbors25,scibert,title,True,-0.1780222222222222,-0.08332444444444442,0.09469777777777777,0.058740000000000014,0.15343777777777778,False
21,cls,neighbors25,scibert,abstract,True,0.48841777777777773,0.48835555555555565,-6.222222222207474e-05,0.15349999999999986,0.15343777777777778,False
21,cls,neighbors25,bert,title,True,-0.14815333333333336,-0.09428666666666663,0.05386666666666673,0.10011999999999999,0.15398666666666672,False
21,cls,neighbors25,bert,abstract,True,0.48674666666666666,0.4157533333333333,-0.07099333333333335,0.22498000000000007,0.15398666666666672,False
21,cls,neighbors25,mpnet,title,False,0.12575111111111115,0.17376666666666674,0.04801555555555559,0.0,0.04801555555555559,False
21,cls,neighbors25,mpnet,abstract,False,0.4383311111111111,0.4863466666666667,0.04801555555555559,0.0,0.04801555555555559,False
21,cls,neighbors25,minilm,title,False,0.07402888888888881,0.12265777777777775,0.048628888888888944,0.0,0.048628888888888944,False
21,cls,neighbors25,minilm,abstract,False,0.4268888888888889,0.4755177777777778,0.048628888888888944,0.0,0.048628888888888944,False
21,cls,neighbors25,pubmedbert,title,True,-0.1634644444444443,-0.11714666666666662,0.04631777777777768,0.08538000000000001,0.1316977777777777,False
21,cls,neighbors25,pubmedbert,abstract,True,0.4871955555555556,0.5401533333333334,0.05295777777777777,0.07873999999999992,0.1316977777777777,False
21,cls,neighbors25,biobert,title,True,-0.16596888888888883,-0.12208222222222231,0.04388666666666652,0.06254000000000004,0.10642666666666656,False
21,cls,neighbors25,biobert,abstract,True,0.44315111111111116,0.5286977777777777,0.08554666666666655,0.02088000000000001,0.10642666666666656,False
21,cls,neighbors25,simcse,title,False,-0.10237111111111119,-0.050133333333333474,0.052237777777777716,0.0,0.052237777777777716,False
21,cls,neighbors25,simcse,abstract,False,0.4586888888888888,0.5109266666666665,0.052237777777777716,0.0,0.052237777777777716,False
21,cls,neighbors50,specter,title,False,0.05344888888888888,0.10514888888888896,0.05170000000000008,0.0,0.05170000000000008,False
21,cls,neighbors50,specter,abstract,False,0.30286888888888874,0.3545688888888888,0.05170000000000008,0.0,0.05170000000000008,False
21,cls,neighbors50,specter2,title,False,0.09779222222222228,0.14238111111111118,0.0445888888888889,0.0,0.0445888888888889,False
21,cls,neighbors50,specter2,abstract,False,0.35346222222222234,0.39805111111111124,0.0445888888888889,0.0,0.0445888888888889,False
21,cls,neighbors50,scincl,title,False,0.09933000000000003,0.1461744444444445,0.046844444444444466,0.0,0.046844444444444466,False
21,cls,neighbors50,scincl,abstract,False,0.36933000000000005,0.4161744444444445,0.046844444444444466,0.0,0.046844444444444466,False
21,cls,neighbors50,scibert,title,True,-0.17421666666666658,-0.08629888888888892,0.08791777777777765,0.06536000000000008,0.15327777777777774,False
21,cls,neighbors50,scibert,abstract,True,0.4556933333333333,0.4751211111111111,0.01942777777777782,0.1338499999999999,0.15327777777777774,False
21,cls,neighbors50,bert,title,True,-0.13929222222222215,-0.10565666666666673,0.03363555555555542,0.12465000000000004,0.15828555555555546,False
21,cls,neighbors50,bert,abstract,True,0.46072777777777774,0.4130033333333333,-0.04772444444444446,0.20600999999999992,0.15828555555555546,False
21,cls,neighbors50,mpnet,title,False,0.13096555555555556,0.18162111111111112,0.050655555555555565,0.0,0.050655555555555565,False
21,cls,neighbors50,mpnet,abstract,False,0.41395555555555563,0.4646111111111112,0.050655555555555565,0.0,0.050655555555555565,False
21,cls,neighbors50,minilm,title,False,0.07706666666666673,0.12855666666666676,0.051490000000000036,0.0,0.051490000000000036,False
21,cls,neighbors50,minilm,abstract,False,0.40280666666666665,0.4542966666666667,0.051490000000000036,0.0,0.051490000000000036,False
21,cls,neighbors50,pubmedbert,title,True,-0.1603122222222222,-0.12671555555555558,0.03359666666666661,0.09936,0.1329566666666666,False
21,cls,neighbors50,pubmedbert,abstract,True,0.4571577777777778,0.5253744444444444,0.06821666666666659,0.06474000000000002,0.1329566666666666,False
21,cls,neighbors50,biobert,title,True,-0.1679533333333334,-0.13412333333333326,0.03383000000000014,0.07133999999999996,0.1051700000000001,False
21,cls,neighbors50,biobert,abstract,True,0.4189966666666666,0.5042166666666666,0.08522000000000007,0.019950000000000023,0.1051700000000001,False
21,cls,neighbors50,simcse,title,False,-0.0996677777777778,-0.047356666666666714,0.052311111111111086,0.0,0.052311111111111086,False
21,cls,neighbors50,simcse,abstract,False,0.4415622222222223,0.4938733333333334,0.052311111111111086,0.0,0.052311111111111086,False
21,sep,cka,specter,title,False,0.08162882315083922,0.13572840176683998,0.05409957861600076,0.0,0.05409957861600076,False
21,sep,cka,specter,abstract,False,0.17070317651019054,0.2248027551261913,0.05409957861600076,0.0,0.05409957861600076,False
21,sep,cka,specter2,title,False,0.11085576859369198,0.16302215800799685,0.052166389414304876,0.0,0.052166389414304876,False
21,sep,cka,specter2,abstract,False,0.19788525763385936,0.25005164704816424,0.052166389414304876,0.0,0.052166389414304876,False
21,sep,cka,scincl,title,False,0.11074680261378353,0.1588195856709343,0.048072783057150764,0.0,0.048072783057150764,False
21,sep,cka,scincl,abstract,False,0.2047547904127692,0.25282757346991996,0.048072783057150764,0.0,0.048072783057150764,False
21,sep,cka,scibert,title,True,-0.08391181276536677,-0.0043994803831208795,0.07951233238224589,0.06067841482758518,0.14019074720983107,False
21,sep,cka,scibert,abstract,True,0.21269278164154745,0.3270608185850261,0.11436803694347866,0.02582271026635241,0.14019074720983107,False
21,sep,cka,bert,title,True,0.00784074071387919,-0.049328026374455214,-0.057168767088334405,0.6055384196124648,0.5483696525241304,True
21,sep,cka,bert,abstract,True,0.20584729133532798,0.5027068124339187,0.2968595210985907,0.2515101314255397,0.5483696525241304,False
21,sep,cka,mpnet,title,False,0.10694632097750387,0.15697726891892338,0.05003094794141952,0.0,0.05003094794141952,False
21,sep,cka,mpnet,abstract,False,0.1968387103384461,0.24686965827986562,0.05003094794141952,0.0,0.05003094794141952,False
21,sep,cka,minilm,title,False,0.08472304744311177,0.1352826836236985,0.05055963618058673,0.0,0.05055963618058673,False
21,sep,cka,minilm,abstract,False,0.21063300147586672,0.26119263765645345,0.05055963618058673,0.0,0.05055963618058673,False
21,sep,cka,pubmedbert,title,True,-0.0718529485169972,-0.0026022674060329765,0.06925068111096422,-0.046115530496472434,0.023135150614491784,False
21,sep,cka,pubmedbert,abstract,True,0.21841581026265156,0.24305367307893944,0.02463786281628788,-0.001502712201796097,0.023135150614491784,False
21,sep,cka,biobert,title,True,-0.277230680849535,-0.040304629862179586,0.23692605098735542,-0.18994629041156197,0.04697976057579345,False
21,sep,cka,biobert,abstract,True,0.19308890011269314,0.2506909992373935,0.05760209912470038,-0.010622338548906929,0.04697976057579345,False
21,sep,cka,simcse,title,False,-0.05453171052525296,0.012518844883864011,0.06705055540911697,0.0,0.06705055540911697,True
21,sep,cka,simcse,abstract,False,0.25850805851960446,0.32555861392872143,0.06705055540911697,0.0,0.06705055540911697,False
21,sep,neighbors10,specter,title,False,0.032266666666666666,0.04396111111111112,0.011694444444444452,0.0,0.011694444444444452,False
21,sep,neighbors10,specter,abstract,False,0.3073166666666667,0.31901111111111113,0.011694444444444452,0.0,0.011694444444444452,False
21,sep,neighbors10,specter2,title,False,0.08573333333333344,0.09642777777777789,0.01069444444444445,0.0,0.01069444444444445,False
21,sep,neighbors10,specter2,abstract,False,0.36458333333333337,0.3752777777777778,0.01069444444444445,0.0,0.01069444444444445,False
21,sep,neighbors10,scincl,title,False,0.07189444444444426,0.08125555555555541,0.009361111111111153,0.0,0.009361111111111153,False
21,sep,neighbors10,scincl,abstract,False,0.38249444444444436,0.3918555555555555,0.009361111111111153,0.0,0.009361111111111153,False
21,sep,neighbors10,scibert,title,True,-0.17423333333333346,-0.06389444444444448,0.11033888888888899,0.04720000000000002,0.157538888888889,False
21,sep,neighbors10,scibert,abstract,True,0.5152666666666665,0.48530555555555555,-0.029961111111110994,0.1875,0.157538888888889,False
21,sep,neighbors10,bert,title,True,-0.14056111111111114,-0.06767222222222224,0.07288888888888889,0.05554999999999999,0.12843888888888888,False
21,sep,neighbors10,bert,abstract,True,0.5107388888888889,0.4117277777777778,-0.09901111111111105,0.22744999999999993,0.12843888888888888,False
21,sep,neighbors10,mpnet,title,False,0.12177777777777776,0.1312888888888889,0.009511111111111137,0.0,0.009511111111111137,False
21,sep,neighbors10,mpnet,abstract,False,0.45282777777777783,0.46233888888888897,0.009511111111111137,0.0,0.009511111111111137,False
21,sep,neighbors10,minilm,title,False,0.06608333333333338,0.07657222222222226,0.010488888888888881,0.0,0.010488888888888881,False
21,sep,neighbors10,minilm,abstract,False,0.4430333333333334,0.45352222222222227,0.010488888888888881,0.0,0.010488888888888881,False
21,sep,neighbors10,pubmedbert,title,True,-0.1597666666666666,-0.11636666666666684,0.04339999999999977,-0.03025,0.013149999999999773,False
21,sep,neighbors10,pubmedbert,abstract,True,0.5140333333333333,0.5169333333333331,0.0028999999999997916,0.010249999999999981,0.013149999999999773,False
21,sep,neighbors10,biobert,title,True,-0.1571055555555556,-0.09175555555555559,0.06535000000000002,-0.01880000000000004,0.04654999999999998,False
21,sep,neighbors10,biobert,abstract,True,0.4667444444444444,0.5374444444444445,0.0707000000000001,-0.024150000000000116,0.04654999999999998,False
21,sep,neighbors10,simcse,title,False,-0.0958944444444444,-0.06995555555555555,0.025938888888888845,0.0,0.025938888888888845,False
21,sep,neighbors10,simcse,abstract,False,0.4596055555555556,0.48554444444444445,0.025938888888888845,0.0,0.025938888888888845,False
21,sep,neighbors25,specter,title,False,0.04319555555555554,0.05619333333333332,0.012997777777777775,0.0,0.012997777777777775,False
21,sep,neighbors25,specter,abstract,False,0.31217555555555543,0.3251733333333332,0.012997777777777775,0.0,0.012997777777777775,False
21,sep,neighbors25,specter2,title,False,0.0948311111111112,0.10662666666666665,0.011795555555555448,0.0,0.011795555555555448,False
21,sep,neighbors25,specter2,abstract,False,0.36123111111111117,0.3730266666666666,0.011795555555555448,0.0,0.011795555555555448,False
21,sep,neighbors25,scincl,title,False,0.08889555555555562,0.10047777777777778,0.01158222222222216,0.0,0.01158222222222216,False
21,sep,neighbors25,scincl,abstract,False,0.3782955555555556,0.38987777777777777,0.01158222222222216,0.0,0.01158222222222216,False
21,sep,neighbors25,scibert,title,True,-0.1780222222222222,-0.07463555555555568,0.10338666666666652,0.06022000000000005,0.16360666666666657,False
21,sep,neighbors25,scibert,abstract,True,0.48841777777777773,0.4889444444444444,0.0005266666666666753,0.1630799999999999,0.16360666666666657,False
21,sep,neighbors25,bert,title,True,-0.14815333333333336,-0.07843333333333335,0.06972,0.07672000000000001,0.14644000000000001,False
21,sep,neighbors25,bert,abstract,True,0.48674666666666666,0.4200866666666666,-0.06666000000000005,0.21310000000000007,0.14644000000000001,False
21,sep,neighbors25,mpnet,title,False,0.12575111111111115,0.13760666666666677,0.011855555555555619,0.0,0.011855555555555619,False
21,sep,neighbors25,mpnet,abstract,False,0.4383311111111111,0.45018666666666673,0.011855555555555619,0.0,0.011855555555555619,False
21,sep,neighbors25,minilm,title,False,0.07402888888888881,0.08764444444444441,0.013615555555555603,0.0,0.013615555555555603,False
21,sep,neighbors25,minilm,abstract,False,0.4268888888888889,0.4405044444444445,0.013615555555555603,0.0,0.013615555555555603,False
21,sep,neighbors25,pubmedbert,title,True,-0.1634644444444443,-0.11842444444444444,0.04503999999999986,-0.03149999999999997,0.013539999999999885,False
21,sep,neighbors25,pubmedbert,abstract,True,0.4871955555555556,0.48455555555555563,-0.0026399999999999757,0.01617999999999986,0.013539999999999885,False
21,sep,neighbors25,biobert,title,True,-0.16596888888888883,-0.09886666666666666,0.06710222222222217,-0.024679999999999924,0.04242222222222225,False
21,sep,neighbors25,biobert,abstract,True,0.44315111111111116,0.5146533333333334,0.07150222222222224,-0.029079999999999995,0.04242222222222225,False
21,sep,neighbors25,simcse,title,False,-0.10237111111111119,-0.07416888888888895,0.02820222222222224,0.0,0.02820222222222224,False
21,sep,neighbors25,simcse,abstract,False,0.4586888888888888,0.48689111111111105,0.02820222222222224,0.0,0.02820222222222224,False
21,sep,neighbors50,specter,title,False,0.05344888888888888,0.0664800000000001,0.013031111111111215,0.0,0.013031111111111215,False
21,sep,neighbors50,specter,abstract,False,0.30286888888888874,0.31589999999999996,0.013031111111111215,0.0,0.013031111111111215,False
21,sep,neighbors50,specter2,title,False,0.09779222222222228,0.1097166666666668,0.011924444444444515,0.0,0.011924444444444515,False
21,sep,neighbors50,specter2,abstract,False,0.35346222222222234,0.36538666666666686,0.011924444444444515,0.0,0.011924444444444515,False
21,sep,neighbors50,scincl,title,False,0.09933000000000003,0.11088999999999993,0.011559999999999904,0.0,0.011559999999999904,False
21,sep,neighbors50,scincl,abstract,False,0.36933000000000005,0.38088999999999995,0.011559999999999904,0.0,0.011559999999999904,False
21,sep,neighbors50,scibert,title,True,-0.17421666666666658,-0.08154777777777777,0.0926688888888888,0.06627000000000005,0.15893888888888885,False
21,sep,neighbors50,scibert,abstract,True,0.4556933333333333,0.4707622222222222,0.01506888888888891,0.14386999999999994,0.15893888888888885,False
21,sep,neighbors50,bert,title,True,-0.13929222222222215,-0.08733888888888897,0.051953333333333185,0.10213000000000005,0.15408333333333324,False
21,sep,neighbors50,bert,abstract,True,0.46072777777777774,0.413771111111111,-0.04695666666666676,0.20104,0.15408333333333324,False
21,sep,neighbors50,mpnet,title,False,0.13096555555555556,0.14305777777777784,0.012092222222222282,0.0,0.012092222222222282,False
21,sep,neighbors50,mpnet,abstract,False,0.41395555555555563,0.4260477777777779,0.012092222222222282,0.0,0.012092222222222282,False
21,sep,neighbors50,minilm,title,False,0.07706666666666673,0.09128222222222238,0.014215555555555648,0.0,0.014215555555555648,False
21,sep,neighbors50,minilm,abstract,False,0.40280666666666665,0.4170222222222223,0.014215555555555648,0.0,0.014215555555555648,False
21,sep,neighbors50,pubmedbert,title,True,-0.1603122222222222,-0.11783999999999994,0.042472222222222245,-0.03436000000000006,0.008112222222222187,False
21,sep,neighbors50,pubmedbert,abstract,True,0.4571577777777778,0.4499900000000001,-0.007167777777777662,0.01527999999999985,0.008112222222222187,False
21,sep,neighbors50,biobert,title,True,-0.1679533333333334,-0.09365111111111113,0.07430222222222227,-0.036839999999999984,0.037462222222222286,False
21,sep,neighbors50,biobert,abstract,True,0.4189966666666666,0.48497888888888896,0.06598222222222239,-0.0285200000000001,0.037462222222222286,False
21,sep,neighbors50,simcse,title,False,-0.0996677777777778,-0.0709277777777777,0.0287400000000001,0.0,0.0287400000000001,False
21,sep,neighbors50,simcse,abstract,False,0.4415622222222223,0.4703022222222224,0.0287400000000001,0.0,0.0287400000000001,False
22,cls,cka,specter,title,False,0.17364572215253787,0.24745152201586773,0.07380579986332986,0.0,0.07380579986332986,False
22,cls,cka,specter,abstract,False,0.32836968299923514,0.402175482862565,0.07380579986332986,0.0,0.07380579986332986,False
22,cls,cka,specter2,title,False,0.1654260258362223,0.23461836250399315,0.06919233666777086,0.0,0.06919233666777086,False
22,cls,cka,specter2,abstract,False,0.33068838241671444,0.3998807190844853,0.06919233666777086,0.0,0.06919233666777086,False
22,cls,cka,scincl,title,False,0.1766258237492549,0.2507265219210824,0.07410069817182752,0.0,0.07410069817182752,False
22,cls,cka,scincl,abstract,False,0.34058990223515356,0.4146906004069811,0.07410069817182752,0.0,0.07410069817182752,False
22,cls,cka,scibert,title,True,-0.1015996214444625,-0.059373466148420206,0.04222615529604229,0.12401173620770445,0.16623789150374674,False
22,cls,cka,scibert,abstract,True,0.3667666031593502,0.5024716750065548,0.13570507184720454,0.0305328196565422,0.16623789150374674,False
22,cls,cka,bert,title,True,-0.03544822104686962,-0.15505079232454477,-0.11960257127767515,0.3413500267755296,0.22174745549785446,False
22,cls,cka,bert,abstract,True,0.35044256296377063,0.5118154848919468,0.1613729219281762,0.06037453356967826,0.22174745549785446,False
22,cls,cka,mpnet,title,False,0.17452048637131112,0.24749869966991755,0.07297821329860643,0.0,0.07297821329860643,False
22,cls,cka,mpnet,abstract,False,0.34794450554316236,0.4209227188417688,0.07297821329860643,0.0,0.07297821329860643,False
22,cls,cka,minilm,title,False,0.14687452521540306,0.21820907589482597,0.0713345506794229,0.0,0.0713345506794229,False
22,cls,cka,minilm,abstract,False,0.36854211036770795,0.43987666104713086,0.0713345506794229,0.0,0.0713345506794229,False
22,cls,cka,pubmedbert,title,True,-0.11918753476842658,-0.1856093844426907,-0.06642184967426412,0.21523383115791128,0.14881198148364716,False
22,cls,cka,pubmedbert,abstract,True,0.35641406647938145,0.49613340237168835,0.1397193358923069,0.009092645591340265,0.14881198148364716,False
22,cls,cka,biobert,title,True,-0.2672233659374557,-0.24833876968733704,0.01888459625011868,0.09183934241097047,0.11072393866108915,False
22,cls,cka,biobert,abstract,True,0.33890423540826425,0.44961547465194374,0.11071123924367948,1.269941740966729e-05,0.11072393866108915,False
22,cls,cka,simcse,title,False,-0.018832167581356862,0.050218224078582896,0.06905039165993976,0.0,0.06905039165993976,True
22,cls,cka,simcse,abstract,False,0.37975928566444506,0.4488096773243848,0.06905039165993976,0.0,0.06905039165993976,False
22,cls,neighbors10,specter,title,False,0.07028888888888885,0.11667777777777788,0.046388888888889035,0.0,0.046388888888889035,False
22,cls,neighbors10,specter,abstract,False,0.3812388888888888,0.42762777777777783,0.046388888888889035,0.0,0.046388888888889035,False
22,cls,neighbors10,specter2,title,False,0.07163333333333344,0.1141833333333333,0.042549999999999866,0.0,0.042549999999999866,False
22,cls,neighbors10,specter2,abstract,False,0.4146333333333334,0.4571833333333333,0.042549999999999866,0.0,0.042549999999999866,False
22,cls,neighbors10,scincl,title,False,0.10168333333333324,0.14546666666666663,0.043783333333333396,0.0,0.043783333333333396,False
22,cls,neighbors10,scincl,abstract,False,0.4468833333333333,0.4906666666666667,0.043783333333333396,0.0,0.043783333333333396,False
22,cls,neighbors10,scibert,title,True,-0.1402444444444444,-0.061177777777777775,0.07906666666666662,0.06935000000000002,0.14841666666666664,False
22,cls,neighbors10,scibert,abstract,True,0.5310055555555556,0.4892722222222222,-0.0417333333333334,0.19015000000000004,0.14841666666666664,False
22,cls,neighbors10,bert,title,True,-0.13796666666666668,-0.07642222222222217,0.06154444444444451,0.08635000000000004,0.14789444444444455,False
22,cls,neighbors10,bert,abstract,True,0.5272833333333333,0.4218277777777779,-0.10545555555555541,0.25334999999999996,0.14789444444444455,False
22,cls,neighbors10,mpnet,title,False,0.12588888888888883,0.1750666666666667,0.049177777777777876,0.0,0.049177777777777876,False
22,cls,neighbors10,mpnet,abstract,False,0.4880388888888889,0.5372166666666668,0.049177777777777876,0.0,0.049177777777777876,False
22,cls,neighbors10,minilm,title,False,0.08346666666666669,0.13201111111111108,0.04854444444444439,0.0,0.04854444444444439,False
22,cls,neighbors10,minilm,abstract,False,0.4764166666666666,0.524961111111111,0.04854444444444439,0.0,0.04854444444444439,False
22,cls,neighbors10,pubmedbert,title,True,-0.14485555555555552,-0.09561111111111109,0.049244444444444424,0.07374999999999998,0.1229944444444444,False
22,cls,neighbors10,pubmedbert,abstract,True,0.5264944444444445,0.5543888888888888,0.027894444444444333,0.09510000000000007,0.1229944444444444,False
22,cls,neighbors10,biobert,title,True,-0.15223333333333344,-0.09704999999999997,0.05518333333333347,0.05504999999999993,0.1102333333333334,False
22,cls,neighbors10,biobert,abstract,True,0.4936666666666666,0.5697500000000001,0.0760833333333335,0.0341499999999999,0.1102333333333334,False
22,cls,neighbors10,simcse,title,False,-0.08113888888888898,-0.02695555555555562,0.05418333333333336,0.0,0.05418333333333336,False
22,cls,neighbors10,simcse,abstract,False,0.49706111111111106,0.5512444444444444,0.05418333333333336,0.0,0.05418333333333336,False
22,cls,neighbors25,specter,title,False,0.08501333333333339,0.13457333333333343,0.04956000000000005,0.0,0.04956000000000005,False
22,cls,neighbors25,specter,abstract,False,0.3840133333333333,0.43357333333333337,0.04956000000000005,0.0,0.04956000000000005,False
22,cls,neighbors25,specter2,title,False,0.08364222222222217,0.12901333333333342,0.04537111111111125,0.0,0.04537111111111125,False
22,cls,neighbors25,specter2,abstract,False,0.41056222222222216,0.4559333333333334,0.04537111111111125,0.0,0.04537111111111125,False
22,cls,neighbors25,scincl,title,False,0.11778222222222223,0.16412222222222228,0.04634000000000005,0.0,0.04634000000000005,False
22,cls,neighbors25,scincl,abstract,False,0.4472422222222223,0.49358222222222237,0.04634000000000005,0.0,0.04634000000000005,False
22,cls,neighbors25,scibert,title,True,-0.1359311111111111,-0.06218888888888885,0.07374222222222226,0.07553999999999994,0.1492822222222222,False
22,cls,neighbors25,scibert,abstract,True,0.5163488888888889,0.5078911111111111,-0.008457777777777786,0.15774,0.1492822222222222,False
22,cls,neighbors25,bert,title,True,-0.13016000000000005,-0.09035555555555552,0.03980444444444453,0.11521999999999999,0.15502444444444452,False
22,cls,neighbors25,bert,abstract,True,0.5147599999999999,0.43760444444444446,-0.07715555555555542,0.23217999999999994,0.15502444444444452,False
22,cls,neighbors25,mpnet,title,False,0.14013777777777758,0.19191999999999987,0.051782222222222285,0.0,0.051782222222222285,False
22,cls,neighbors25,mpnet,abstract,False,0.4731577777777777,0.52494,0.051782222222222285,0.0,0.051782222222222285,False
22,cls,neighbors25,minilm,title,False,0.0910711111111111,0.14212000000000002,0.05104888888888892,0.0,0.05104888888888892,False
22,cls,neighbors25,minilm,abstract,False,0.46377111111111113,0.51482,0.05104888888888892,0.0,0.05104888888888892,False
22,cls,neighbors25,pubmedbert,title,True,-0.1449422222222222,-0.1030955555555556,0.04184666666666659,0.08465999999999996,0.12650666666666655,False
22,cls,neighbors25,pubmedbert,abstract,True,0.5146577777777779,0.5588044444444444,0.044146666666666556,0.08235999999999999,0.12650666666666655,False
22,cls,neighbors25,biobert,title,True,-0.15931777777777767,-0.11115999999999993,0.048157777777777744,0.06062000000000001,0.10877777777777775,False
22,cls,neighbors25,biobert,abstract,True,0.4863022222222224,0.5667200000000001,0.0804177777777777,0.028360000000000052,0.10877777777777775,False
22,cls,neighbors25,simcse,title,False,-0.07198666666666664,-0.016888888888888842,0.0550977777777778,0.0,0.0550977777777778,False
22,cls,neighbors25,simcse,abstract,False,0.4953533333333333,0.5504511111111111,0.0550977777777778,0.0,0.0550977777777778,False
22,cls,neighbors50,specter,title,False,0.09528111111111115,0.1466833333333334,0.05140222222222224,0.0,0.05140222222222224,False
22,cls,neighbors50,specter,abstract,False,0.37804111111111116,0.4294433333333334,0.05140222222222224,0.0,0.05140222222222224,False
22,cls,neighbors50,specter2,title,False,0.09450333333333327,0.13973222222222215,0.045228888888888874,0.0,0.045228888888888874,False
22,cls,neighbors50,specter2,abstract,False,0.40213333333333334,0.4473622222222222,0.045228888888888874,0.0,0.045228888888888874,False
22,cls,neighbors50,scincl,title,False,0.12782444444444452,0.17454777777777786,0.04672333333333334,0.0,0.04672333333333334,False
22,cls,neighbors50,scincl,abstract,False,0.4404044444444445,0.4871277777777778,0.04672333333333334,0.0,0.04672333333333334,False
22,cls,neighbors50,scibert,title,True,-0.12850222222222218,-0.059838888888888886,0.0686633333333333,0.07743,0.1460933333333333,False
22,cls,neighbors50,scibert,abstract,True,0.4958677777777778,0.4982711111111111,0.002403333333333313,0.14368999999999998,0.1460933333333333,False
22,cls,neighbors50,bert,title,True,-0.12012111111111123,-0.09699888888888886,0.023122222222222377,0.13717999999999997,0.16030222222222235,False
22,cls,neighbors50,bert,abstract,True,0.49714888888888886,0.4455111111111112,-0.05163777777777767,0.21194000000000002,0.16030222222222235,False
22,cls,neighbors50,mpnet,title,False,0.143491111111111,0.19626222222222223,0.05277111111111121,0.0,0.05277111111111121,False
22,cls,neighbors50,mpnet,abstract,False,0.456901111111111,0.5096722222222222,0.05277111111111121,0.0,0.05277111111111121,False
22,cls,neighbors50,minilm,title,False,0.09609333333333325,0.14881333333333335,0.0527200000000001,0.0,0.0527200000000001,False
22,cls,neighbors50,minilm,abstract,False,0.4467533333333332,0.4994733333333333,0.0527200000000001,0.0,0.0527200000000001,False
22,cls,neighbors50,pubmedbert,title,True,-0.1386855555555555,-0.10869555555555566,0.02998999999999985,0.09601000000000004,0.1259999999999999,False
22,cls,neighbors50,pubmedbert,abstract,True,0.49344444444444446,0.5506244444444444,0.0571799999999999,0.06881999999999999,0.1259999999999999,False
22,cls,neighbors50,biobert,title,True,-0.1598477777777777,-0.11807777777777761,0.041770000000000085,0.0653999999999999,0.10716999999999999,False
22,cls,neighbors50,biobert,abstract,True,0.4682522222222223,0.5533022222222223,0.08504999999999996,0.02212000000000003,0.10716999999999999,False
22,cls,neighbors50,simcse,title,False,-0.06425222222222216,-0.009869999999999934,0.05438222222222222,0.0,0.05438222222222222,False
22,cls,neighbors50,simcse,abstract,False,0.4843777777777779,0.5387600000000001,0.05438222222222222,0.0,0.05438222222222222,False
22,sep,cka,specter,title,False,0.17364572215253787,0.2134273079021915,0.039781585749653625,0.0,0.039781585749653625,False
22,sep,cka,specter,abstract,False,0.32836968299923514,0.36815126874888876,0.039781585749653625,0.0,0.039781585749653625,False
22,sep,cka,specter2,title,False,0.1654260258362223,0.20761798250337327,0.042191956667150976,0.0,0.042191956667150976,False
22,sep,cka,specter2,abstract,False,0.33068838241671444,0.3728803390838654,0.042191956667150976,0.0,0.042191956667150976,False
22,sep,cka,scincl,title,False,0.1766258237492549,0.21376046085770817,0.03713463710845327,0.0,0.03713463710845327,False
22,sep,cka,scincl,abstract,False,0.34058990223515356,0.37772453934360684,0.03713463710845327,0.0,0.03713463710845327,False
22,sep,cka,scibert,title,True,-0.1015996214444625,-0.02433471206782012,0.07726490937664238,0.09834074875298748,0.17560565812962986,False
22,sep,cka,scibert,abstract,True,0.3667666031593502,0.5033707135673292,0.13660411040797898,0.039001547721650875,0.17560565812962986,False
22,sep,cka,bert,title,True,-0.03544822104686962,-0.04876427362983804,-0.013316052582968418,0.4857186250614599,0.4724025724784915,False
22,sep,cka,bert,abstract,True,0.35044256296377063,0.5700271010113236,0.21958453804755296,0.25281803443093853,0.4724025724784915,False
22,sep,cka,mpnet,title,False,0.17452048637131112,0.21520871385572848,0.04068822748441736,0.0,0.04068822748441736,False
22,sep,cka,mpnet,abstract,False,0.34794450554316236,0.3886327330275797,0.04068822748441736,0.0,0.04068822748441736,False
22,sep,cka,minilm,title,False,0.14687452521540306,0.1870916844901515,0.04021715927474845,0.0,0.04021715927474845,False
22,sep,cka,minilm,abstract,False,0.36854211036770795,0.4087592696424564,0.04021715927474845,0.0,0.04021715927474845,False
22,sep,cka,pubmedbert,title,True,-0.11918753476842658,-0.03148008921041068,0.0877074455580159,-0.08428434583295541,0.0034230997250604966,False
22,sep,cka,pubmedbert,abstract,True,0.35641406647938145,0.36236474474304947,0.005950678263668019,-0.0025275785386075222,0.0034230997250604966,False
22,sep,cka,biobert,title,True,-0.2672233659374557,-0.023016436030103837,0.24420692990735188,-0.18607395600354837,0.05813297390380351,False
22,sep,cka,biobert,abstract,True,0.33890423540826425,0.40702046544712045,0.0681162300388562,-0.009983256135052687,0.05813297390380351,False
22,sep,cka,simcse,title,False,-0.018832167581356862,0.04777231005161775,0.06660447763297461,0.0,0.06660447763297461,True
22,sep,cka,simcse,abstract,False,0.37975928566444506,0.44636376329741967,0.06660447763297461,0.0,0.06660447763297461,False
22,sep,neighbors10,specter,title,False,0.07028888888888885,0.08153333333333335,0.011244444444444501,0.0,0.011244444444444501,False
22,sep,neighbors10,specter,abstract,False,0.3812388888888888,0.3924833333333333,0.011244444444444501,0.0,0.011244444444444501,False
22,sep,neighbors10,specter2,title,False,0.07163333333333344,0.08316666666666661,0.011533333333333173,0.0,0.011533333333333173,False
22,sep,neighbors10,specter2,abstract,False,0.4146333333333334,0.4261666666666666,0.011533333333333173,0.0,0.011533333333333173,False
22,sep,neighbors10,scincl,title,False,0.10168333333333324,0.1123777777777778,0.010694444444444562,0.0,0.010694444444444562,False
22,sep,neighbors10,scincl,abstract,False,0.4468833333333333,0.45757777777777786,0.010694444444444562,0.0,0.010694444444444562,False
22,sep,neighbors10,scibert,title,True,-0.1402444444444444,-0.058594444444444393,0.08165,0.0707000000000001,0.1523500000000001,False
22,sep,neighbors10,scibert,abstract,True,0.5310055555555556,0.4887555555555556,-0.04225000000000001,0.1946000000000001,0.1523500000000001,False
22,sep,neighbors10,bert,title,True,-0.13796666666666668,-0.06672222222222224,0.07124444444444444,0.06415000000000004,0.13539444444444448,False
22,sep,neighbors10,bert,abstract,True,0.5272833333333333,0.43227777777777776,-0.09500555555555557,0.23040000000000005,0.13539444444444448,False
22,sep,neighbors10,mpnet,title,False,0.12588888888888883,0.13826111111111117,0.01237222222222234,0.0,0.01237222222222234,False
22,sep,neighbors10,mpnet,abstract,False,0.4880388888888889,0.5004111111111113,0.01237222222222234,0.0,0.01237222222222234,False
22,sep,neighbors10,minilm,title,False,0.08346666666666669,0.09547777777777777,0.012011111111111084,0.0,0.012011111111111084,False
22,sep,neighbors10,minilm,abstract,False,0.4764166666666666,0.4884277777777777,0.012011111111111084,0.0,0.012011111111111084,False
22,sep,neighbors10,pubmedbert,title,True,-0.14485555555555552,-0.11418333333333319,0.030672222222222323,-0.02705000000000002,0.0036222222222223044,False
22,sep,neighbors10,pubmedbert,abstract,True,0.5264944444444445,0.5177166666666667,-0.008777777777777773,0.012400000000000078,0.0036222222222223044,False
22,sep,neighbors10,biobert,title,True,-0.15223333333333344,-0.09380555555555559,0.058427777777777856,-0.016100000000000114,0.04232777777777774,False
22,sep,neighbors10,biobert,abstract,True,0.4936666666666666,0.5626444444444444,0.0689777777777778,-0.026650000000000063,0.04232777777777774,False
22,sep,neighbors10,simcse,title,False,-0.08113888888888898,-0.05445555555555559,0.026683333333333392,0.0,0.026683333333333392,False
22,sep,neighbors10,simcse,abstract,False,0.49706111111111106,0.5237444444444445,0.026683333333333392,0.0,0.026683333333333392,False
22,sep,neighbors25,specter,title,False,0.08501333333333339,0.0972088888888889,0.012195555555555515,0.0,0.012195555555555515,False
22,sep,neighbors25,specter,abstract,False,0.3840133333333333,0.39620888888888883,0.012195555555555515,0.0,0.012195555555555515,False
22,sep,neighbors25,specter2,title,False,0.08364222222222217,0.09624888888888883,0.012606666666666655,0.0,0.012606666666666655,False
22,sep,neighbors25,specter2,abstract,False,0.41056222222222216,0.4231688888888888,0.012606666666666655,0.0,0.012606666666666655,False
22,sep,neighbors25,scincl,title,False,0.11778222222222223,0.12888,0.011097777777777762,0.0,0.011097777777777762,False
22,sep,neighbors25,scincl,abstract,False,0.4472422222222223,0.4583400000000001,0.011097777777777762,0.0,0.011097777777777762,False
22,sep,neighbors25,scibert,title,True,-0.1359311111111111,-0.06450888888888884,0.07142222222222228,0.07997999999999994,0.15140222222222222,False
22,sep,neighbors25,scibert,abstract,True,0.5163488888888889,0.49855111111111106,-0.0177977777777778,0.16920000000000002,0.15140222222222222,False
22,sep,neighbors25,bert,title,True,-0.13016000000000005,-0.07370444444444446,0.05645555555555559,0.08884000000000003,0.14529555555555562,False
22,sep,neighbors25,bert,abstract,True,0.5147599999999999,0.4405955555555555,-0.07416444444444437,0.21946,0.14529555555555562,False
22,sep,neighbors25,mpnet,title,False,0.14013777777777758,0.153591111111111,0.013453333333333428,0.0,0.013453333333333428,False
22,sep,neighbors25,mpnet,abstract,False,0.4731577777777777,0.4866111111111111,0.013453333333333428,0.0,0.013453333333333428,False
22,sep,neighbors25,minilm,title,False,0.0910711111111111,0.10468222222222212,0.013611111111111018,0.0,0.013611111111111018,False
22,sep,neighbors25,minilm,abstract,False,0.46377111111111113,0.47738222222222215,0.013611111111111018,0.0,0.013611111111111018,False
22,sep,neighbors25,pubmedbert,title,True,-0.1449422222222222,-0.10784666666666665,0.03709555555555555,-0.03188000000000002,0.005215555555555529,False
22,sep,neighbors25,pubmedbert,abstract,True,0.5146577777777779,0.5082333333333334,-0.006424444444444455,0.011639999999999984,0.005215555555555529,False
22,sep,neighbors25,biobert,title,True,-0.15931777777777767,-0.09536222222222224,0.06395555555555543,-0.02505999999999997,0.03889555555555546,False
22,sep,neighbors25,biobert,abstract,True,0.4863022222222224,0.5476577777777778,0.061355555555555386,-0.022459999999999924,0.03889555555555546,False
22,sep,neighbors25,simcse,title,False,-0.07198666666666664,-0.044955555555555526,0.027031111111111117,0.0,0.027031111111111117,False
22,sep,neighbors25,simcse,abstract,False,0.4953533333333333,0.5223844444444444,0.027031111111111117,0.0,0.027031111111111117,False
22,sep,neighbors50,specter,title,False,0.09528111111111115,0.1075600000000001,0.01227888888888895,0.0,0.01227888888888895,False
22,sep,neighbors50,specter,abstract,False,0.37804111111111116,0.3903200000000001,0.01227888888888895,0.0,0.01227888888888895,False
22,sep,neighbors50,specter2,title,False,0.09450333333333327,0.10645111111111094,0.011947777777777668,0.0,0.011947777777777668,False
22,sep,neighbors50,specter2,abstract,False,0.40213333333333334,0.414081111111111,0.011947777777777668,0.0,0.011947777777777668,False
22,sep,neighbors50,scincl,title,False,0.12782444444444452,0.13867777777777768,0.01085333333333316,0.0,0.01085333333333316,False
22,sep,neighbors50,scincl,abstract,False,0.4404044444444445,0.45125777777777765,0.01085333333333316,0.0,0.01085333333333316,False
22,sep,neighbors50,scibert,title,True,-0.12850222222222218,-0.06545888888888896,0.06304333333333323,0.08257999999999999,0.14562333333333322,False
22,sep,neighbors50,scibert,abstract,True,0.4958677777777778,0.49047111111111097,-0.005396666666666827,0.15102000000000004,0.14562333333333322,False
22,sep,neighbors50,bert,title,True,-0.12012111111111123,-0.07533111111111113,0.04479000000000011,0.1084099999999999,0.1532,False
22,sep,neighbors50,bert,abstract,True,0.49714888888888886,0.44518888888888886,-0.051960000000000006,0.20516,0.1532,False
22,sep,neighbors50,mpnet,title,False,0.143491111111111,0.15661333333333327,0.013122222222222257,0.0,0.013122222222222257,False
22,sep,neighbors50,mpnet,abstract,False,0.456901111111111,0.47002333333333324,0.013122222222222257,0.0,0.013122222222222257,False
22,sep,neighbors50,minilm,title,False,0.09609333333333325,0.1101766666666667,0.014083333333333448,0.0,0.014083333333333448,False
22,sep,neighbors50,minilm,abstract,False,0.4467533333333332,0.46083666666666667,0.014083333333333448,0.0,0.014083333333333448,False
22,sep,neighbors50,pubmedbert,title,True,-0.1386855555555555,-0.10173777777777782,0.03694777777777769,-0.03262999999999994,0.004317777777777754,False
22,sep,neighbors50,pubmedbert,abstract,True,0.49344444444444446,0.4899322222222222,-0.00351222222222225,0.007830000000000004,0.004317777777777754,False
22,sep,neighbors50,biobert,title,True,-0.1598477777777777,-0.08704444444444448,0.07280333333333322,-0.036780000000000035,0.036023333333333185,False
22,sep,neighbors50,biobert,abstract,True,0.4682522222222223,0.5274955555555555,0.059243333333333204,-0.02322000000000002,0.036023333333333185,False
22,sep,neighbors50,simcse,title,False,-0.06425222222222216,-0.03696888888888894,0.027283333333333215,0.0,0.027283333333333215,False
22,sep,neighbors50,simcse,abstract,False,0.4843777777777779,0.5116611111111111,0.027283333333333215,0.0,0.027283333333333215,False
23,cls,cka,specter,title,False,0.14524752494125137,0.20778215972498482,0.06253463478373344,0.0,0.06253463478373344,False
23,cls,cka,specter,abstract,False,0.3046470873503817,0.36718172213411515,0.06253463478373344,0.0,0.06253463478373344,False
23,cls,cka,specter2,title,False,0.15495256358432707,0.2160570468672966,0.061104483282969524,0.0,0.061104483282969524,False
23,cls,cka,specter2,abstract,False,0.3070765039296254,0.3681809872125949,0.061104483282969524,0.0,0.061104483282969524,False
23,cls,cka,scincl,title,False,0.1528206657586783,0.2152948227284769,0.06247415696979858,0.0,0.06247415696979858,False
23,cls,cka,scincl,abstract,False,0.316237941008555,0.3787120979783536,0.06247415696979858,0.0,0.06247415696979858,False
23,cls,cka,scibert,title,True,-0.15393324451097046,-0.07951548113520668,0.07441776337576378,0.095115768190704,0.16953353156646778,False
23,cls,cka,scibert,abstract,True,0.3365651066932781,0.4792997344786316,0.1427346277853535,0.02679890378111427,0.16953353156646778,False
23,cls,cka,bert,title,True,-0.06673324681648513,-0.15649623679347724,-0.08976298997699211,0.2863215901245545,0.19655860014756238,False
23,cls,cka,bert,abstract,True,0.31113832258892954,0.45185219081073913,0.1407138682218096,0.05584473192575279,0.19655860014756238,False
23,cls,cka,mpnet,title,False,0.16719399371574362,0.22725379203515345,0.06005979831940983,0.0,0.06005979831940983,False
23,cls,cka,mpnet,abstract,False,0.32048715671637584,0.3805469550357857,0.06005979831940983,0.0,0.06005979831940983,False
23,cls,cka,minilm,title,False,0.11844917893016466,0.18307008567093597,0.06462090674077131,0.0,0.06462090674077131,False
23,cls,cka,minilm,abstract,False,0.32439462381920786,0.3890155305599792,0.06462090674077131,0.0,0.06462090674077131,False
23,cls,cka,pubmedbert,title,True,-0.11977450730823147,-0.191294184776798,-0.07151967746856652,0.2030019448937248,0.13148226742515828,False
23,cls,cka,pubmedbert,abstract,True,0.3491993512759579,0.46828401974343975,0.11908466846748184,0.012397598957676448,0.13148226742515828,False
23,cls,cka,biobert,title,True,-0.2969907282253048,-0.26483137949473134,0.03215934873057347,0.05843163869636514,0.09059098742693861,False
23,cls,cka,biobert,abstract,True,0.32774747837710627,0.4138684953581344,0.08612101698102814,0.004469970445910465,0.09059098742693861,False
23,cls,cka,simcse,title,False,-0.08442840330247708,-0.02523270470781025,0.059195698594666835,0.0,0.059195698594666835,False
23,cls,cka,simcse,abstract,False,0.37300933857884405,0.4322050371735109,0.059195698594666835,0.0,0.059195698594666835,False
23,cls,neighbors10,specter,title,False,0.04485555555555554,0.08586111111111105,0.04100555555555552,0.0,0.04100555555555552,False
23,cls,neighbors10,specter,abstract,False,0.3617055555555556,0.40271111111111113,0.04100555555555552,0.0,0.04100555555555552,False
23,cls,neighbors10,specter2,title,False,0.0834611111111111,0.12302777777777774,0.03956666666666664,0.0,0.03956666666666664,False
23,cls,neighbors10,specter2,abstract,False,0.3916611111111111,0.43122777777777777,0.03956666666666664,0.0,0.03956666666666664,False
23,cls,neighbors10,scincl,title,False,0.07538333333333336,0.11651111111111101,0.04112777777777765,0.0,0.04112777777777765,False
23,cls,neighbors10,scincl,abstract,False,0.43303333333333327,0.4741611111111109,0.04112777777777765,0.0,0.04112777777777765,False
23,cls,neighbors10,scibert,title,True,-0.17911111111111122,-0.07365555555555559,0.10545555555555564,0.04730000000000001,0.15275555555555564,False
23,cls,neighbors10,scibert,abstract,True,0.5268888888888887,0.4928444444444444,-0.03404444444444432,0.18679999999999997,0.15275555555555564,False
23,cls,neighbors10,bert,title,True,-0.13988888888888895,-0.08416111111111113,0.05572777777777782,0.09224999999999994,0.14797777777777776,False
23,cls,neighbors10,bert,abstract,True,0.532261111111111,0.4103388888888888,-0.12192222222222215,0.2698999999999999,0.14797777777777776,False
23,cls,neighbors10,mpnet,title,False,0.13117222222222225,0.1768833333333334,0.04571111111111115,0.0,0.04571111111111115,False
23,cls,neighbors10,mpnet,abstract,False,0.49292222222222226,0.5386333333333334,0.04571111111111115,0.0,0.04571111111111115,False
23,cls,neighbors10,minilm,title,False,0.0705944444444444,0.11649444444444446,0.04590000000000005,0.0,0.04590000000000005,False
23,cls,neighbors10,minilm,abstract,False,0.46709444444444437,0.5129944444444444,0.04590000000000005,0.0,0.04590000000000005,False
23,cls,neighbors10,pubmedbert,title,True,-0.14979999999999993,-0.09096111111111094,0.058838888888888996,0.07564999999999988,0.13448888888888888,False
23,cls,neighbors10,pubmedbert,abstract,True,0.5293000000000002,0.574438888888889,0.04513888888888884,0.08935000000000004,0.13448888888888888,False
23,cls,neighbors10,biobert,title,True,-0.16131666666666666,-0.09565000000000001,0.06566666666666665,0.051899999999999946,0.1175666666666666,False
23,cls,neighbors10,biobert,abstract,True,0.4832333333333334,0.55275,0.06951666666666656,0.04805000000000004,0.1175666666666666,False
23,cls,neighbors10,simcse,title,False,-0.09696111111111116,-0.04582777777777791,0.05113333333333325,0.0,0.05113333333333325,False
23,cls,neighbors10,simcse,abstract,False,0.4942388888888889,0.5453722222222221,0.05113333333333325,0.0,0.05113333333333325,False
23,cls,neighbors25,specter,title,False,0.05888888888888888,0.10458,0.04569111111111113,0.0,0.04569111111111113,False
23,cls,neighbors25,specter,abstract,False,0.36988888888888893,0.41558000000000006,0.04569111111111113,0.0,0.04569111111111113,False
23,cls,neighbors25,specter2,title,False,0.09641111111111111,0.13763777777777775,0.041226666666666634,0.0,0.041226666666666634,False
23,cls,neighbors25,specter2,abstract,False,0.38821111111111106,0.4294377777777777,0.041226666666666634,0.0,0.041226666666666634,False
23,cls,neighbors25,scincl,title,False,0.09203111111111106,0.1362755555555556,0.04424444444444453,0.0,0.04424444444444453,False
23,cls,neighbors25,scincl,abstract,False,0.42751111111111106,0.4717555555555556,0.04424444444444453,0.0,0.04424444444444453,False
23,cls,neighbors25,scibert,title,True,-0.17610222222222216,-0.07624666666666668,0.09985555555555548,0.05476000000000003,0.1546155555555555,False
23,cls,neighbors25,scibert,abstract,True,0.504957777777778,0.4996333333333334,-0.005324444444444576,0.15994000000000008,0.1546155555555555,False
23,cls,neighbors25,bert,title,True,-0.13500666666666672,-0.09543777777777773,0.03956888888888899,0.11463999999999996,0.15420888888888895,False
23,cls,neighbors25,bert,abstract,True,0.5086733333333332,0.42876222222222227,-0.07991111111111093,0.23411999999999988,0.15420888888888895,False
23,cls,neighbors25,mpnet,title,False,0.13112000000000001,0.1793177777777778,0.048197777777777784,0.0,0.048197777777777784,False
23,cls,neighbors25,mpnet,abstract,False,0.47734,0.5255377777777778,0.048197777777777784,0.0,0.048197777777777784,False
23,cls,neighbors25,minilm,title,False,0.07187333333333346,0.12113333333333332,0.04925999999999986,0.0,0.04925999999999986,False
23,cls,neighbors25,minilm,abstract,False,0.45097333333333345,0.5002333333333333,0.04925999999999986,0.0,0.04925999999999986,False
23,cls,neighbors25,pubmedbert,title,True,-0.1483444444444445,-0.10367555555555552,0.04466888888888898,0.09189999999999998,0.13656888888888896,False
23,cls,neighbors25,pubmedbert,abstract,True,0.5102555555555555,0.5667244444444446,0.056468888888889124,0.08009999999999984,0.13656888888888896,False
23,cls,neighbors25,biobert,title,True,-0.1694755555555555,-0.10882222222222215,0.06065333333333334,0.05696000000000001,0.11761333333333335,False
23,cls,neighbors25,biobert,abstract,True,0.46922444444444444,0.5416377777777779,0.07241333333333344,0.04519999999999991,0.11761333333333335,False
23,cls,neighbors25,simcse,title,False,-0.09719111111111112,-0.04509777777777779,0.052093333333333325,0.0,0.052093333333333325,False
23,cls,neighbors25,simcse,abstract,False,0.4808888888888889,0.5329822222222222,0.052093333333333325,0.0,0.052093333333333325,False
23,cls,neighbors50,specter,title,False,0.06987777777777782,0.11722999999999995,0.04735222222222213,0.0,0.04735222222222213,False
23,cls,neighbors50,specter,abstract,False,0.36355777777777776,0.4109099999999999,0.04735222222222213,0.0,0.04735222222222213,False
23,cls,neighbors50,specter2,title,False,0.10070333333333326,0.14214222222222228,0.041438888888889025,0.0,0.041438888888889025,False
23,cls,neighbors50,specter2,abstract,False,0.3832633333333333,0.4247022222222223,0.041438888888889025,0.0,0.041438888888889025,False
23,cls,neighbors50,scincl,title,False,0.10323666666666653,0.14891333333333334,0.04567666666666681,0.0,0.04567666666666681,False
23,cls,neighbors50,scincl,abstract,False,0.4203766666666665,0.4660533333333333,0.04567666666666681,0.0,0.04567666666666681,False
23,cls,neighbors50,scibert,title,True,-0.16438666666666668,-0.0755300000000001,0.08885666666666658,0.06337999999999999,0.15223666666666658,False
23,cls,neighbors50,scibert,abstract,True,0.48405333333333334,0.49117999999999995,0.0071266666666666145,0.14510999999999996,0.15223666666666658,False
23,cls,neighbors50,bert,title,True,-0.12331777777777775,-0.10215777777777779,0.021159999999999957,0.13414000000000004,0.1553,False
23,cls,neighbors50,bert,abstract,True,0.48927222222222233,0.42999222222222233,-0.05928,0.21458,0.1553,False
23,cls,neighbors50,mpnet,title,False,0.12955555555555565,0.17940777777777783,0.04985222222222219,0.0,0.04985222222222219,False
23,cls,neighbors50,mpnet,abstract,False,0.4548055555555557,0.5046577777777779,0.04985222222222219,0.0,0.04985222222222219,False
23,cls,neighbors50,minilm,title,False,0.07257777777777785,0.12352555555555567,0.050947777777777814,0.0,0.050947777777777814,False
23,cls,neighbors50,minilm,abstract,False,0.4306777777777778,0.48162555555555564,0.050947777777777814,0.0,0.050947777777777814,False
23,cls,neighbors50,pubmedbert,title,True,-0.14183000000000012,-0.11122222222222222,0.0306077777777779,0.10624,0.1368477777777779,False
23,cls,neighbors50,pubmedbert,abstract,True,0.4851199999999999,0.5549677777777778,0.06984777777777795,0.06699999999999995,0.1368477777777779,False
23,cls,neighbors50,biobert,title,True,-0.1672044444444445,-0.11558777777777773,0.051616666666666755,0.06423999999999996,0.11585666666666672,False
23,cls,neighbors50,biobert,abstract,True,0.44951555555555556,0.5267122222222222,0.07719666666666669,0.03866000000000003,0.11585666666666672,False
23,cls,neighbors50,simcse,title,False,-0.09197444444444458,-0.040061111111111214,0.05191333333333337,0.0,0.05191333333333337,False
23,cls,neighbors50,simcse,abstract,False,0.4706955555555554,0.5226088888888888,0.05191333333333337,0.0,0.05191333333333337,False
23,sep,cka,specter,title,False,0.14524752494125137,0.17091653514787253,0.025669010206621157,0.0,0.025669010206621157,False
23,sep,cka,specter,abstract,False,0.3046470873503817,0.33031609755700286,0.025669010206621157,0.0,0.025669010206621157,False
23,sep,cka,specter2,title,False,0.15495256358432707,0.18296254054307692,0.02800997695874985,0.0,0.02800997695874985,False
23,sep,cka,specter2,abstract,False,0.3070765039296254,0.3350864808883752,0.02800997695874985,0.0,0.02800997695874985,False
23,sep,cka,scincl,title,False,0.1528206657586783,0.1753359820255468,0.02251531626686848,0.0,0.02251531626686848,False
23,sep,cka,scincl,abstract,False,0.316237941008555,0.3387532572754235,0.02251531626686848,0.0,0.02251531626686848,False
23,sep,cka,scibert,title,True,-0.15393324451097046,-0.09085774999906737,0.06307549451190309,0.09182564301673812,0.1549011375286412,False
23,sep,cka,scibert,abstract,True,0.3365651066932781,0.4548015491530265,0.1182364424597484,0.036664695068892805,0.1549011375286412,False
23,sep,cka,bert,title,True,-0.06673324681648513,-0.11869482308380841,-0.051961576267323284,0.46922486748926684,0.41726329122194356,False
23,sep,cka,bert,abstract,True,0.31113832258892954,0.548705494493005,0.23756717190407545,0.1796961193178681,0.41726329122194356,False
23,sep,cka,mpnet,title,False,0.16719399371574362,0.19085200467879193,0.023658010963048315,0.0,0.023658010963048315,False
23,sep,cka,mpnet,abstract,False,0.32048715671637584,0.34414516767942416,0.023658010963048315,0.0,0.023658010963048315,False
23,sep,cka,minilm,title,False,0.11844917893016466,0.14719350409206255,0.0287443251618979,0.0,0.0287443251618979,False
23,sep,cka,minilm,abstract,False,0.32439462381920786,0.35313894898110576,0.0287443251618979,0.0,0.0287443251618979,False
23,sep,cka,pubmedbert,title,True,-0.11977450730823147,-0.06575586945248274,0.05401863785574873,-0.0837165414804113,-0.02969790362466257,False
23,sep,cka,pubmedbert,abstract,True,0.3491993512759579,0.3188779113619556,-0.030321439914002324,0.0006235362893397545,-0.02969790362466257,False
23,sep,cka,biobert,title,True,-0.2969907282253048,-0.10820029958754995,0.18879042863775486,-0.16809986721712777,0.020690561420627085,False
23,sep,cka,biobert,abstract,True,0.32774747837710627,0.3576464632538964,0.029898984876790102,-0.009208423456163017,0.020690561420627085,False
23,sep,cka,simcse,title,False,-0.08442840330247708,-0.025761596163128286,0.0586668071393488,0.0,0.0586668071393488,False
23,sep,cka,simcse,abstract,False,0.37300933857884405,0.43167614571819285,0.0586668071393488,0.0,0.0586668071393488,False
23,sep,neighbors10,specter,title,False,0.04485555555555554,0.05266666666666664,0.007811111111111102,0.0,0.007811111111111102,False
23,sep,neighbors10,specter,abstract,False,0.3617055555555556,0.3695166666666667,0.007811111111111102,0.0,0.007811111111111102,False
23,sep,neighbors10,specter2,title,False,0.0834611111111111,0.09244444444444444,0.008983333333333343,0.0,0.008983333333333343,False
23,sep,neighbors10,specter2,abstract,False,0.3916611111111111,0.40064444444444447,0.008983333333333343,0.0,0.008983333333333343,False
23,sep,neighbors10,scincl,title,False,0.07538333333333336,0.08309999999999995,0.007716666666666594,0.0,0.007716666666666594,False
23,sep,neighbors10,scincl,abstract,False,0.43303333333333327,0.44074999999999986,0.007716666666666594,0.0,0.007716666666666594,False
23,sep,neighbors10,scibert,title,True,-0.17911111111111122,-0.07912777777777769,0.09998333333333354,0.054199999999999915,0.15418333333333345,False
23,sep,neighbors10,scibert,abstract,True,0.5268888888888887,0.4984222222222223,-0.028466666666666418,0.18264999999999987,0.15418333333333345,False
23,sep,neighbors10,bert,title,True,-0.13988888888888895,-0.06758888888888892,0.07230000000000003,0.06779999999999997,0.1401,False
23,sep,neighbors10,bert,abstract,True,0.532261111111111,0.475261111111111,-0.05699999999999994,0.19709999999999994,0.1401,False
23,sep,neighbors10,mpnet,title,False,0.13117222222222225,0.13863333333333328,0.0074611111111110295,0.0,0.0074611111111110295,False
23,sep,neighbors10,mpnet,abstract,False,0.49292222222222226,0.5003833333333333,0.0074611111111110295,0.0,0.0074611111111110295,False
23,sep,neighbors10,minilm,title,False,0.0705944444444444,0.0808388888888889,0.0102444444444445,0.0,0.0102444444444445,False
23,sep,neighbors10,minilm,abstract,False,0.46709444444444437,0.47733888888888887,0.0102444444444445,0.0,0.0102444444444445,False
23,sep,neighbors10,pubmedbert,title,True,-0.14979999999999993,-0.10687777777777774,0.042922222222222195,-0.03370000000000006,0.009222222222222132,False
23,sep,neighbors10,pubmedbert,abstract,True,0.5293000000000002,0.5173222222222223,-0.011977777777777865,0.021199999999999997,0.009222222222222132,False
23,sep,neighbors10,biobert,title,True,-0.16131666666666666,-0.09538333333333338,0.06593333333333329,-0.02565000000000006,0.04028333333333323,False
23,sep,neighbors10,biobert,abstract,True,0.4832333333333334,0.5579666666666666,0.07473333333333321,-0.03444999999999998,0.04028333333333323,False
23,sep,neighbors10,simcse,title,False,-0.09696111111111116,-0.07013333333333327,0.026827777777777895,0.0,0.026827777777777895,False
23,sep,neighbors10,simcse,abstract,False,0.4942388888888889,0.5210666666666668,0.026827777777777895,0.0,0.026827777777777895,False
23,sep,neighbors25,specter,title,False,0.05888888888888888,0.06838444444444436,0.00949555555555548,0.0,0.00949555555555548,False
23,sep,neighbors25,specter,abstract,False,0.36988888888888893,0.3793844444444444,0.00949555555555548,0.0,0.00949555555555548,False
23,sep,neighbors25,specter2,title,False,0.09641111111111111,0.10579555555555564,0.009384444444444529,0.0,0.009384444444444529,False
23,sep,neighbors25,specter2,abstract,False,0.38821111111111106,0.3975955555555556,0.009384444444444529,0.0,0.009384444444444529,False
23,sep,neighbors25,scincl,title,False,0.09203111111111106,0.10078222222222222,0.008751111111111154,0.0,0.008751111111111154,False
23,sep,neighbors25,scincl,abstract,False,0.42751111111111106,0.4362622222222222,0.008751111111111154,0.0,0.008751111111111154,False
23,sep,neighbors25,scibert,title,True,-0.17610222222222216,-0.08550000000000002,0.09060222222222214,0.06454000000000004,0.15514222222222218,False
23,sep,neighbors25,scibert,abstract,True,0.504957777777778,0.5045600000000001,-0.0003977777777778302,0.15554,0.15514222222222218,False
23,sep,neighbors25,bert,title,True,-0.13500666666666672,-0.07150222222222224,0.06350444444444447,0.08611999999999997,0.14962444444444445,False
23,sep,neighbors25,bert,abstract,True,0.5086733333333332,0.47831777777777773,-0.03035555555555547,0.17997999999999992,0.14962444444444445,False
23,sep,neighbors25,mpnet,title,False,0.13112000000000001,0.13909777777777776,0.00797777777777775,0.0,0.00797777777777775,False
23,sep,neighbors25,mpnet,abstract,False,0.47734,0.48531777777777774,0.00797777777777775,0.0,0.00797777777777775,False
23,sep,neighbors25,minilm,title,False,0.07187333333333346,0.08300000000000007,0.011126666666666618,0.0,0.011126666666666618,False
23,sep,neighbors25,minilm,abstract,False,0.45097333333333345,0.46210000000000007,0.011126666666666618,0.0,0.011126666666666618,False
23,sep,neighbors25,pubmedbert,title,True,-0.1483444444444445,-0.10355999999999999,0.044784444444444516,-0.03858000000000006,0.006204444444444457,False
23,sep,neighbors25,pubmedbert,abstract,True,0.5102555555555555,0.49676,-0.013495555555555483,0.01969999999999994,0.006204444444444457,False
23,sep,neighbors25,biobert,title,True,-0.1694755555555555,-0.09497999999999995,0.07449555555555554,-0.03935999999999995,0.035135555555555587,False
23,sep,neighbors25,biobert,abstract,True,0.46922444444444444,0.53518,0.06595555555555555,-0.03081999999999996,0.035135555555555587,False
23,sep,neighbors25,simcse,title,False,-0.09719111111111112,-0.06938444444444447,0.027806666666666646,0.0,0.027806666666666646,False
23,sep,neighbors25,simcse,abstract,False,0.4808888888888889,0.5086955555555556,0.027806666666666646,0.0,0.027806666666666646,False
23,sep,neighbors50,specter,title,False,0.06987777777777782,0.07959888888888889,0.00972111111111107,0.0,0.00972111111111107,False
23,sep,neighbors50,specter,abstract,False,0.36355777777777776,0.3732788888888888,0.00972111111111107,0.0,0.00972111111111107,False
23,sep,neighbors50,specter2,title,False,0.10070333333333326,0.10981111111111097,0.009107777777777715,0.0,0.009107777777777715,False
23,sep,neighbors50,specter2,abstract,False,0.3832633333333333,0.392371111111111,0.009107777777777715,0.0,0.009107777777777715,False
23,sep,neighbors50,scincl,title,False,0.10323666666666653,0.11204666666666663,0.008810000000000096,0.0,0.008810000000000096,False
23,sep,neighbors50,scincl,abstract,False,0.4203766666666665,0.4291866666666666,0.008810000000000096,0.0,0.008810000000000096,False
23,sep,neighbors50,scibert,title,True,-0.16438666666666668,-0.08819444444444435,0.07619222222222233,0.07498999999999989,0.15118222222222222,False
23,sep,neighbors50,scibert,abstract,True,0.48405333333333334,0.49608555555555556,0.012032222222222222,0.13915,0.15118222222222222,False
23,sep,neighbors50,bert,title,True,-0.12331777777777775,-0.07746888888888892,0.04584888888888883,0.10767000000000004,0.15351888888888887,False
23,sep,neighbors50,bert,abstract,True,0.48927222222222233,0.4746811111111111,-0.014591111111111221,0.1681100000000001,0.15351888888888887,False
23,sep,neighbors50,mpnet,title,False,0.12955555555555565,0.13781444444444457,0.008258888888888927,0.0,0.008258888888888927,False
23,sep,neighbors50,mpnet,abstract,False,0.4548055555555557,0.4630644444444446,0.008258888888888927,0.0,0.008258888888888927,False
23,sep,neighbors50,minilm,title,False,0.07257777777777785,0.08449444444444443,0.011916666666666575,0.0,0.011916666666666575,False
23,sep,neighbors50,minilm,abstract,False,0.4306777777777778,0.4425944444444444,0.011916666666666575,0.0,0.011916666666666575,False
23,sep,neighbors50,pubmedbert,title,True,-0.14183000000000012,-0.09799555555555561,0.04383444444444451,-0.0381999999999999,0.0056344444444446085,False
23,sep,neighbors50,pubmedbert,abstract,True,0.4851199999999999,0.47378444444444445,-0.011335555555555432,0.01697000000000004,0.0056344444444446085,False
23,sep,neighbors50,biobert,title,True,-0.1672044444444445,-0.08805111111111119,0.0791533333333333,-0.047619999999999996,0.0315333333333333,False
23,sep,neighbors50,biobert,abstract,True,0.44951555555555556,0.5081588888888888,0.05864333333333327,-0.027109999999999967,0.0315333333333333,False
23,sep,neighbors50,simcse,title,False,-0.09197444444444458,-0.06416444444444458,0.02781,0.0,0.02781,False
23,sep,neighbors50,simcse,abstract,False,0.4706955555555554,0.4985055555555554,0.02781,0.0,0.02781,False
24,cls,cka,specter,title,False,0.18189856282628403,0.2589487879937911,0.07705022516750709,0.0,0.07705022516750709,False
24,cls,cka,specter,abstract,False,0.3208044501427021,0.3978546753102092,0.07705022516750709,0.0,0.07705022516750709,False
24,cls,cka,specter2,title,False,0.22291810518010674,0.29673786734193436,0.07381976216182762,0.0,0.07381976216182762,False
24,cls,cka,specter2,abstract,False,0.3530300681977309,0.42684983035955854,0.07381976216182762,0.0,0.07381976216182762,False
24,cls,cka,scincl,title,False,0.19730028202821104,0.275001437669725,0.07770115564151397,0.0,0.07770115564151397,False
24,cls,cka,scincl,abstract,False,0.33204913720615703,0.409750292847671,0.07770115564151397,0.0,0.07770115564151397,False
24,cls,cka,scibert,title,True,-0.17521633015251498,-0.08584914860041082,0.08936718155210416,0.11854765552487412,0.20791483707697828,False
24,cls,cka,scibert,abstract,True,0.3386155653387865,0.5119027504951363,0.17328718515634983,0.034627651920628444,0.20791483707697828,False
24,cls,cka,bert,title,True,0.008041239471798023,-0.1267384202132934,-0.13477965968509142,0.31460280861651246,0.17982314893142104,True
24,cls,cka,bert,abstract,True,0.36515690557894787,0.4490869816069528,0.08393007602800495,0.09589307290341609,0.17982314893142104,False
24,cls,cka,mpnet,title,False,0.1918699543100379,0.2706025983081586,0.07873264399812069,0.0,0.07873264399812069,False
24,cls,cka,mpnet,abstract,False,0.33845226506432585,0.41718490906244654,0.07873264399812069,0.0,0.07873264399812069,False
24,cls,cka,minilm,title,False,0.14788780961588716,0.23085015254879976,0.0829623429329126,0.0,0.0829623429329126,False
24,cls,cka,minilm,abstract,False,0.3356005458453745,0.4185628887782871,0.0829623429329126,0.0,0.0829623429329126,False
24,cls,cka,pubmedbert,title,True,-0.11268541125801118,-0.16445774451712747,-0.05177233325911629,0.22518250440742538,0.1734101711483091,False
24,cls,cka,pubmedbert,abstract,True,0.3748532182740469,0.5249565804485099,0.15010336217446302,0.02330680897384607,0.1734101711483091,False
24,cls,cka,biobert,title,True,-0.2630886762495339,-0.20341312536780543,0.05967555088172849,0.043240987981761236,0.10291653886348973,False
24,cls,cka,biobert,abstract,True,0.3484681956829111,0.43000097670258397,0.08153278101967287,0.021383757843816853,0.10291653886348973,False
24,cls,cka,simcse,title,False,-0.051368953453405364,0.007939819260093461,0.059308772713498825,0.0,0.059308772713498825,True
24,cls,cka,simcse,abstract,False,0.40779764902817434,0.46710642174167316,0.059308772713498825,0.0,0.059308772713498825,False
24,cls,neighbors10,specter,title,False,0.08286666666666687,0.13212222222222236,0.0492555555555555,0.0,0.0492555555555555,False
24,cls,neighbors10,specter,abstract,False,0.3850666666666668,0.4343222222222223,0.0492555555555555,0.0,0.0492555555555555,False
24,cls,neighbors10,specter2,title,False,0.13487777777777787,0.1757388888888889,0.040861111111111015,0.0,0.040861111111111015,False
24,cls,neighbors10,specter2,abstract,False,0.44242777777777786,0.4832888888888889,0.040861111111111015,0.0,0.040861111111111015,False
24,cls,neighbors10,scincl,title,False,0.15126111111111107,0.1960277777777778,0.04476666666666673,0.0,0.04476666666666673,False
24,cls,neighbors10,scincl,abstract,False,0.4657111111111111,0.5104777777777778,0.04476666666666673,0.0,0.04476666666666673,False
24,cls,neighbors10,scibert,title,True,-0.15774444444444435,-0.05387222222222221,0.10387222222222214,0.05510000000000004,0.15897222222222218,False
24,cls,neighbors10,scibert,abstract,True,0.5486055555555556,0.48807777777777783,-0.060527777777777736,0.21949999999999992,0.15897222222222218,False
24,cls,neighbors10,bert,title,True,-0.1155722222222223,-0.06170555555555557,0.05386666666666673,0.07465,0.12851666666666672,False
24,cls,neighbors10,bert,abstract,True,0.5473277777777776,0.31624444444444444,-0.2310833333333332,0.3595999999999999,0.12851666666666672,False
24,cls,neighbors10,mpnet,title,False,0.17823888888888895,0.22207222222222223,0.04383333333333328,0.0,0.04383333333333328,False
24,cls,neighbors10,mpnet,abstract,False,0.516938888888889,0.5607722222222222,0.04383333333333328,0.0,0.04383333333333328,False
24,cls,neighbors10,minilm,title,False,0.1153222222222221,0.1597277777777777,0.04440555555555559,0.0,0.04440555555555559,False
24,cls,neighbors10,minilm,abstract,False,0.4680722222222221,0.5124777777777777,0.04440555555555559,0.0,0.04440555555555559,False
24,cls,neighbors10,pubmedbert,title,True,-0.10539999999999994,-0.07095000000000007,0.03444999999999987,0.09845000000000004,0.1328999999999999,False
24,cls,neighbors10,pubmedbert,abstract,True,0.5742499999999999,0.58505,0.010800000000000032,0.12209999999999988,0.1328999999999999,False
24,cls,neighbors10,biobert,title,True,-0.12518333333333342,-0.0586833333333332,0.06650000000000023,0.06104999999999994,0.12755000000000016,False
24,cls,neighbors10,biobert,abstract,True,0.5259666666666665,0.5438166666666667,0.017850000000000255,0.10969999999999991,0.12755000000000016,False
24,cls,neighbors10,simcse,title,False,-0.07336666666666669,-0.03080555555555564,0.04256111111111105,0.0,0.04256111111111105,False
24,cls,neighbors10,simcse,abstract,False,0.46263333333333334,0.5051944444444444,0.04256111111111105,0.0,0.04256111111111105,False
24,cls,neighbors25,specter,title,False,0.10481111111111108,0.1563133333333333,0.05150222222222223,0.0,0.05150222222222223,False
24,cls,neighbors25,specter,abstract,False,0.39053111111111105,0.4420333333333333,0.05150222222222223,0.0,0.05150222222222223,False
24,cls,neighbors25,specter2,title,False,0.15537333333333347,0.19861777777777778,0.04324444444444431,0.0,0.04324444444444431,False
24,cls,neighbors25,specter2,abstract,False,0.4440333333333335,0.4872777777777778,0.04324444444444431,0.0,0.04324444444444431,False
24,cls,neighbors25,scincl,title,False,0.17157111111111112,0.2176555555555556,0.04608444444444448,0.0,0.04608444444444448,False
24,cls,neighbors25,scincl,abstract,False,0.4645111111111111,0.5105955555555556,0.04608444444444448,0.0,0.04608444444444448,False
24,cls,neighbors25,scibert,title,True,-0.15547777777777771,-0.058606666666666696,0.09687111111111102,0.06518000000000002,0.16205111111111103,False
24,cls,neighbors25,scibert,abstract,True,0.5354022222222223,0.5038133333333333,-0.031588888888889,0.19364000000000003,0.16205111111111103,False
24,cls,neighbors25,bert,title,True,-0.11098444444444455,-0.07237333333333329,0.03861111111111126,0.09363999999999995,0.1322511111111112,False
24,cls,neighbors25,bert,abstract,True,0.5447155555555555,0.3395866666666666,-0.20512888888888892,0.3373800000000001,0.1322511111111112,False
24,cls,neighbors25,mpnet,title,False,0.1909022222222223,0.23728222222222228,0.04637999999999998,0.0,0.04637999999999998,False
24,cls,neighbors25,mpnet,abstract,False,0.5111222222222223,0.5575022222222222,0.04637999999999998,0.0,0.04637999999999998,False
24,cls,neighbors25,minilm,title,False,0.13165333333333318,0.17792444444444433,0.04627111111111115,0.0,0.04627111111111115,False
24,cls,neighbors25,minilm,abstract,False,0.4699533333333332,0.5162244444444444,0.04627111111111115,0.0,0.04627111111111115,False
24,cls,neighbors25,pubmedbert,title,True,-0.09966666666666668,-0.07134444444444454,0.028322222222222138,0.10604000000000002,0.13436222222222216,False
24,cls,neighbors25,pubmedbert,abstract,True,0.5602733333333334,0.5873555555555555,0.02708222222222212,0.10728000000000004,0.13436222222222216,False
24,cls,neighbors25,biobert,title,True,-0.12356666666666671,-0.06318444444444449,0.060382222222222226,0.06540000000000001,0.12578222222222224,False
24,cls,neighbors25,biobert,abstract,True,0.5123733333333333,0.5453355555555556,0.032962222222222226,0.09282000000000001,0.12578222222222224,False
24,cls,neighbors25,simcse,title,False,-0.07414222222222222,-0.02927555555555561,0.04486666666666661,0.0,0.04486666666666661,False
24,cls,neighbors25,simcse,abstract,False,0.4748377777777778,0.5197044444444444,0.04486666666666661,0.0,0.04486666666666661,False
24,cls,neighbors50,specter,title,False,0.11805444444444435,0.1699477777777777,0.05189333333333335,0.0,0.05189333333333335,False
24,cls,neighbors50,specter,abstract,False,0.38712444444444427,0.4390177777777776,0.05189333333333335,0.0,0.05189333333333335,False
24,cls,neighbors50,specter2,title,False,0.16454333333333349,0.2092411111111112,0.044697777777777725,0.0,0.044697777777777725,False
24,cls,neighbors50,specter2,abstract,False,0.43865333333333334,0.48335111111111106,0.044697777777777725,0.0,0.044697777777777725,False
24,cls,neighbors50,scincl,title,False,0.18032000000000004,0.227018888888889,0.046698888888888956,0.0,0.046698888888888956,False
24,cls,neighbors50,scincl,abstract,False,0.45851,0.5052088888888889,0.046698888888888956,0.0,0.046698888888888956,False
24,cls,neighbors50,scibert,title,True,-0.14968333333333328,-0.059944444444444356,0.08973888888888892,0.06967000000000001,0.15940888888888893,False
24,cls,neighbors50,scibert,abstract,True,0.5187866666666666,0.5086655555555556,-0.010121111111111025,0.16952999999999996,0.15940888888888893,False
24,cls,neighbors50,bert,title,True,-0.10098777777777779,-0.07835777777777786,0.022629999999999928,0.10936000000000001,0.13198999999999994,False
24,cls,neighbors50,bert,abstract,True,0.5313822222222222,0.35455222222222216,-0.17683000000000004,0.30882,0.13198999999999994,False
24,cls,neighbors50,mpnet,title,False,0.18596222222222214,0.2334666666666666,0.04750444444444446,0.0,0.04750444444444446,False
24,cls,neighbors50,mpnet,abstract,False,0.4954722222222223,0.5429766666666668,0.04750444444444446,0.0,0.04750444444444446,False
24,cls,neighbors50,minilm,title,False,0.13142333333333334,0.1794311111111111,0.04800777777777776,0.0,0.04800777777777776,False
24,cls,neighbors50,minilm,abstract,False,0.4590133333333334,0.5070211111111111,0.04800777777777776,0.0,0.04800777777777776,False
24,cls,neighbors50,pubmedbert,title,True,-0.09237777777777767,-0.0739144444444444,0.018463333333333276,0.11195,0.13041333333333327,False
24,cls,neighbors50,pubmedbert,abstract,True,0.5414122222222224,0.5780755555555557,0.03666333333333327,0.09375,0.13041333333333327,False
24,cls,neighbors50,biobert,title,True,-0.12667000000000006,-0.06681333333333317,0.05985666666666689,0.06099999999999994,0.12085666666666683,False
24,cls,neighbors50,biobert,abstract,True,0.4949499999999999,0.5318866666666667,0.03693666666666684,0.08392,0.12085666666666683,False
24,cls,neighbors50,simcse,title,False,-0.06803666666666663,-0.022521111111110992,0.04551555555555564,0.0,0.04551555555555564,False
24,cls,neighbors50,simcse,abstract,False,0.47595333333333334,0.521468888888889,0.04551555555555564,0.0,0.04551555555555564,False
24,sep,cka,specter,title,False,0.18189856282628403,0.20188753708373214,0.01998897425744811,0.0,0.01998897425744811,False
24,sep,cka,specter,abstract,False,0.3208044501427021,0.3407934244001502,0.01998897425744811,0.0,0.01998897425744811,False
24,sep,cka,specter2,title,False,0.22291810518010674,0.24227363783507777,0.01935553265497103,0.0,0.01935553265497103,False
24,sep,cka,specter2,abstract,False,0.3530300681977309,0.37238560085270195,0.01935553265497103,0.0,0.01935553265497103,False
24,sep,cka,scincl,title,False,0.19730028202821104,0.21732889620548568,0.02002861417727464,0.0,0.02002861417727464,False
24,sep,cka,scincl,abstract,False,0.33204913720615703,0.35207775138343167,0.02002861417727464,0.0,0.02002861417727464,False
24,sep,cka,scibert,title,True,-0.17521633015251498,-0.07397720971784427,0.1012391204346707,0.09638801912761441,0.19762713956228511,False
24,sep,cka,scibert,abstract,True,0.3386155653387865,0.4904155882961224,0.1518000229573359,0.0458271166049492,0.19762713956228511,False
24,sep,cka,bert,title,True,0.008041239471798023,-0.04700590776399216,-0.055047147235790184,0.43446506253220907,0.3794179152964189,True
24,sep,cka,bert,abstract,True,0.36515690557894787,0.5663766923826657,0.20121978680371788,0.178198128492701,0.3794179152964189,False
24,sep,cka,mpnet,title,False,0.1918699543100379,0.21334949232586087,0.021479538015822974,0.0,0.021479538015822974,False
24,sep,cka,mpnet,abstract,False,0.33845226506432585,0.3599318030801488,0.021479538015822974,0.0,0.021479538015822974,False
24,sep,cka,minilm,title,False,0.14788780961588716,0.1758888032494268,0.02800099363353964,0.0,0.02800099363353964,False
24,sep,cka,minilm,abstract,False,0.3356005458453745,0.36360153947891416,0.02800099363353964,0.0,0.02800099363353964,False
24,sep,cka,pubmedbert,title,True,-0.11268541125801118,-0.03416818345832828,0.0785172277996829,-0.10943071692352935,-0.03091348912384645,False
24,sep,cka,pubmedbert,abstract,True,0.3748532182740469,0.3416901320352629,-0.033163086238784,0.0022495971149375515,-0.03091348912384645,False
24,sep,cka,biobert,title,True,-0.2630886762495339,-0.006867932369921448,0.25622074387961247,-0.25935235039597726,-0.0031316065163647933,False
24,sep,cka,biobert,abstract,True,0.3484681956829111,0.3502152035199906,0.001747007837079484,-0.004878614353444277,-0.0031316065163647933,False
24,sep,cka,simcse,title,False,-0.051368953453405364,0.0076136992333883935,0.05898265268679376,0.0,0.05898265268679376,True
24,sep,cka,simcse,abstract,False,0.40779764902817434,0.4667803017149681,0.05898265268679376,0.0,0.05898265268679376,False
24,sep,neighbors10,specter,title,False,0.08286666666666687,0.08724444444444446,0.004377777777777592,0.0,0.004377777777777592,False
24,sep,neighbors10,specter,abstract,False,0.3850666666666668,0.38944444444444437,0.004377777777777592,0.0,0.004377777777777592,False
24,sep,neighbors10,specter2,title,False,0.13487777777777787,0.13997222222222228,0.0050944444444444015,0.0,0.0050944444444444015,False
24,sep,neighbors10,specter2,abstract,False,0.44242777777777786,0.44752222222222227,0.0050944444444444015,0.0,0.0050944444444444015,False
24,sep,neighbors10,scincl,title,False,0.15126111111111107,0.15388888888888885,0.0026277777777777844,0.0,0.0026277777777777844,False
24,sep,neighbors10,scincl,abstract,False,0.4657111111111111,0.46833888888888886,0.0026277777777777844,0.0,0.0026277777777777844,False
24,sep,neighbors10,scibert,title,True,-0.15774444444444435,-0.05215000000000003,0.10559444444444432,0.05754999999999999,0.16314444444444431,False
24,sep,neighbors10,scibert,abstract,True,0.5486055555555556,0.5045999999999999,-0.04400555555555563,0.20714999999999995,0.16314444444444431,False
24,sep,neighbors10,bert,title,True,-0.1155722222222223,-0.060588888888888914,0.054983333333333384,0.05105000000000004,0.10603333333333342,False
24,sep,neighbors10,bert,abstract,True,0.5473277777777776,0.4174111111111112,-0.12991666666666646,0.23594999999999988,0.10603333333333342,False
24,sep,neighbors10,mpnet,title,False,0.17823888888888895,0.18122222222222217,0.002983333333333227,0.0,0.002983333333333227,False
24,sep,neighbors10,mpnet,abstract,False,0.516938888888889,0.5199222222222222,0.002983333333333227,0.0,0.002983333333333227,False
24,sep,neighbors10,minilm,title,False,0.1153222222222221,0.12114999999999998,0.005827777777777876,0.0,0.005827777777777876,False
24,sep,neighbors10,minilm,abstract,False,0.4680722222222221,0.4739,0.005827777777777876,0.0,0.005827777777777876,False
24,sep,neighbors10,pubmedbert,title,True,-0.10539999999999994,-0.04925555555555561,0.05614444444444433,-0.06489999999999996,-0.008755555555555627,False
24,sep,neighbors10,pubmedbert,abstract,True,0.5742499999999999,0.5577944444444444,-0.016455555555555557,0.007699999999999929,-0.008755555555555627,False
24,sep,neighbors10,biobert,title,True,-0.12518333333333342,-0.02956666666666674,0.09561666666666668,-0.0534,0.04221666666666668,False
24,sep,neighbors10,biobert,abstract,True,0.5259666666666665,0.5958833333333333,0.06991666666666685,-0.02770000000000017,0.04221666666666668,False
24,sep,neighbors10,simcse,title,False,-0.07336666666666669,-0.05166111111111116,0.021705555555555534,0.0,0.021705555555555534,False
24,sep,neighbors10,simcse,abstract,False,0.46263333333333334,0.4843388888888889,0.021705555555555534,0.0,0.021705555555555534,False
24,sep,neighbors25,specter,title,False,0.10481111111111108,0.10772666666666664,0.00291555555555556,0.0,0.00291555555555556,False
24,sep,neighbors25,specter,abstract,False,0.39053111111111105,0.3934466666666666,0.00291555555555556,0.0,0.00291555555555556,False
24,sep,neighbors25,specter2,title,False,0.15537333333333347,0.16013333333333346,0.0047599999999999865,0.0,0.0047599999999999865,False
24,sep,neighbors25,specter2,abstract,False,0.4440333333333335,0.4487933333333335,0.0047599999999999865,0.0,0.0047599999999999865,False
24,sep,neighbors25,scincl,title,False,0.17157111111111112,0.17319777777777778,0.0016266666666666652,0.0,0.0016266666666666652,False
24,sep,neighbors25,scincl,abstract,False,0.4645111111111111,0.46613777777777776,0.0016266666666666652,0.0,0.0016266666666666652,False
24,sep,neighbors25,scibert,title,True,-0.15547777777777771,-0.0563622222222222,0.09911555555555551,0.06608000000000003,0.16519555555555554,False
24,sep,neighbors25,scibert,abstract,True,0.5354022222222223,0.5192377777777778,-0.016164444444444537,0.18136000000000008,0.16519555555555554,False
24,sep,neighbors25,bert,title,True,-0.11098444444444455,-0.06591777777777774,0.04506666666666681,0.06418000000000001,0.10924666666666683,False
24,sep,neighbors25,bert,abstract,True,0.5447155555555555,0.4317022222222223,-0.11301333333333319,0.22226,0.10924666666666683,False
24,sep,neighbors25,mpnet,title,False,0.1909022222222223,0.19374888888888908,0.002846666666666775,0.0,0.002846666666666775,False
24,sep,neighbors25,mpnet,abstract,False,0.5111222222222223,0.513968888888889,0.002846666666666775,0.0,0.002846666666666775,False
24,sep,neighbors25,minilm,title,False,0.13165333333333318,0.1364466666666666,0.004793333333333427,0.0,0.004793333333333427,False
24,sep,neighbors25,minilm,abstract,False,0.4699533333333332,0.47474666666666665,0.004793333333333427,0.0,0.004793333333333427,False
24,sep,neighbors25,pubmedbert,title,True,-0.09966666666666668,-0.032313333333333416,0.06735333333333327,-0.07901999999999998,-0.011666666666666714,False
24,sep,neighbors25,pubmedbert,abstract,True,0.5602733333333334,0.5365866666666667,-0.023686666666666745,0.01202000000000003,-0.011666666666666714,False
24,sep,neighbors25,biobert,title,True,-0.12356666666666671,-0.02009111111111106,0.10347555555555565,-0.06762000000000001,0.03585555555555564,False
24,sep,neighbors25,biobert,abstract,True,0.5123733333333333,0.5750088888888889,0.06263555555555556,-0.026779999999999915,0.03585555555555564,False
24,sep,neighbors25,simcse,title,False,-0.07414222222222222,-0.05052000000000001,0.02362222222222221,0.0,0.02362222222222221,False
24,sep,neighbors25,simcse,abstract,False,0.4748377777777778,0.49846,0.02362222222222221,0.0,0.02362222222222221,False
24,sep,neighbors50,specter,title,False,0.11805444444444435,0.12115222222222222,0.003097777777777866,0.0,0.003097777777777866,False
24,sep,neighbors50,specter,abstract,False,0.38712444444444427,0.39022222222222214,0.003097777777777866,0.0,0.003097777777777866,False
24,sep,neighbors50,specter2,title,False,0.16454333333333349,0.16920333333333337,0.0046599999999998865,0.0,0.0046599999999998865,False
24,sep,neighbors50,specter2,abstract,False,0.43865333333333334,0.4433133333333332,0.0046599999999998865,0.0,0.0046599999999998865,False
24,sep,neighbors50,scincl,title,False,0.18032000000000004,0.18155777777777782,0.001237777777777782,0.0,0.001237777777777782,False
24,sep,neighbors50,scincl,abstract,False,0.45851,0.45974777777777776,0.001237777777777782,0.0,0.001237777777777782,False
24,sep,neighbors50,scibert,title,True,-0.14968333333333328,-0.05736999999999992,0.09231333333333336,0.07028000000000001,0.16259333333333337,False
24,sep,neighbors50,scibert,abstract,True,0.5187866666666666,0.51994,0.0011533333333333395,0.16144000000000003,0.16259333333333337,False
24,sep,neighbors50,bert,title,True,-0.10098777777777779,-0.07058888888888881,0.030398888888888975,0.08072999999999997,0.11112888888888894,False
24,sep,neighbors50,bert,abstract,True,0.5313822222222222,0.4390711111111112,-0.09231111111111101,0.20343999999999995,0.11112888888888894,False
24,sep,neighbors50,mpnet,title,False,0.18596222222222214,0.1877822222222223,0.0018200000000001548,0.0,0.0018200000000001548,False
24,sep,neighbors50,mpnet,abstract,False,0.4954722222222223,0.49729222222222247,0.0018200000000001548,0.0,0.0018200000000001548,False
24,sep,neighbors50,minilm,title,False,0.13142333333333334,0.13646333333333327,0.005039999999999933,0.0,0.005039999999999933,False
24,sep,neighbors50,minilm,abstract,False,0.4590133333333334,0.4640533333333333,0.005039999999999933,0.0,0.005039999999999933,False
24,sep,neighbors50,pubmedbert,title,True,-0.09237777777777767,-0.026203333333333356,0.06617444444444431,-0.08005999999999991,-0.013885555555555595,False
24,sep,neighbors50,pubmedbert,abstract,True,0.5414122222222224,0.5157066666666668,-0.025705555555555648,0.011820000000000053,-0.013885555555555595,False
24,sep,neighbors50,biobert,title,True,-0.12667000000000006,-0.015613333333333257,0.1110566666666668,-0.08045000000000002,0.030606666666666782,False
24,sep,neighbors50,biobert,abstract,True,0.4949499999999999,0.5509066666666668,0.05595666666666688,-0.025350000000000095,0.030606666666666782,False
24,sep,neighbors50,simcse,title,False,-0.06803666666666663,-0.044146666666666556,0.023890000000000078,0.0,0.023890000000000078,False
24,sep,neighbors50,simcse,abstract,False,0.47595333333333334,0.4998433333333334,0.023890000000000078,0.0,0.023890000000000078,False
25,cls,cka,specter,title,False,0.14483119512099363,0.225731327198686,0.08090013207769237,0.0,0.08090013207769237,False
25,cls,cka,specter,abstract,False,0.30367916859683686,0.3845793006745292,0.08090013207769237,0.0,0.08090013207769237,False
25,cls,cka,specter2,title,False,0.16635516704745662,0.24036471305825569,0.07400954601079907,0.0,0.07400954601079907,False
25,cls,cka,specter2,abstract,False,0.3379241335882605,0.4119336795990596,0.07400954601079907,0.0,0.07400954601079907,False
25,cls,cka,scincl,title,False,0.17391093598514573,0.2511426712632496,0.07723173527810384,0.0,0.07723173527810384,False
25,cls,cka,scincl,abstract,False,0.33068184403078327,0.4079135793088871,0.07723173527810384,0.0,0.07723173527810384,False
25,cls,cka,scibert,title,True,-0.17014980649695255,-0.0826337505542365,0.08751605594271605,0.10447996949692684,0.1919960254396429,False
25,cls,cka,scibert,abstract,True,0.338448532286706,0.49033162989419943,0.1518830976074934,0.04011292783214948,0.1919960254396429,False
25,cls,cka,bert,title,True,-0.06725187893519446,-0.1855305152283634,-0.11827863629316893,0.3290206552179692,0.21074201892480027,False
25,cls,cka,bert,abstract,True,0.37903011878008863,0.516497691964902,0.1374675731848134,0.07327444573998687,0.21074201892480027,False
25,cls,cka,mpnet,title,False,0.17113465025470442,0.2514830862912328,0.08034843603652836,0.0,0.08034843603652836,False
25,cls,cka,mpnet,abstract,False,0.34092176304955446,0.4212701990860828,0.08034843603652836,0.0,0.08034843603652836,False
25,cls,cka,minilm,title,False,0.144127088311718,0.22572841268939187,0.08160132437767387,0.0,0.08160132437767387,False
25,cls,cka,minilm,abstract,False,0.35356258418878256,0.4351639085664564,0.08160132437767387,0.0,0.08160132437767387,False
25,cls,cka,pubmedbert,title,True,-0.13440340006607476,-0.18520437028925474,-0.050800970223179975,0.23274382264121452,0.18194285241803454,False
25,cls,cka,pubmedbert,abstract,True,0.34770877272035816,0.5143016136906315,0.16659284097027338,0.015350011447761158,0.18194285241803454,False
25,cls,cka,biobert,title,True,-0.2511804329886428,-0.25965002303577767,-0.008469590047134878,0.13736022303861717,0.1288906329914823,False
25,cls,cka,biobert,abstract,True,0.3211732820479821,0.4452875655282662,0.12411428348028408,0.004776349511198208,0.1288906329914823,False
25,cls,cka,simcse,title,False,-0.08497795927227236,-0.018444933191652635,0.06653302608061973,0.0,0.06653302608061973,False
25,cls,cka,simcse,abstract,False,0.4167520514756279,0.4832850775562476,0.06653302608061973,0.0,0.06653302608061973,False
25,cls,neighbors10,specter,title,False,0.07195555555555555,0.11517777777777771,0.04322222222222216,0.0,0.04322222222222216,False
25,cls,neighbors10,specter,abstract,False,0.34745555555555563,0.3906777777777778,0.04322222222222216,0.0,0.04322222222222216,False
25,cls,neighbors10,specter2,title,False,0.09301666666666675,0.13208888888888892,0.039072222222222175,0.0,0.039072222222222175,False
25,cls,neighbors10,specter2,abstract,False,0.4220666666666667,0.4611388888888889,0.039072222222222175,0.0,0.039072222222222175,False
25,cls,neighbors10,scincl,title,False,0.10714444444444449,0.14727222222222225,0.04012777777777776,0.0,0.04012777777777776,False
25,cls,neighbors10,scincl,abstract,False,0.41589444444444446,0.4560222222222222,0.04012777777777776,0.0,0.04012777777777776,False
25,cls,neighbors10,scibert,title,True,-0.15137222222222224,-0.06516111111111111,0.08621111111111113,0.05205000000000004,0.13826111111111117,False
25,cls,neighbors10,scibert,abstract,True,0.5282777777777777,0.4536888888888889,-0.07458888888888882,0.21284999999999998,0.13826111111111117,False
25,cls,neighbors10,bert,title,True,-0.12256111111111112,-0.06678333333333342,0.055777777777777704,0.061000000000000054,0.11677777777777776,False
25,cls,neighbors10,bert,abstract,True,0.5245888888888889,0.3808666666666666,-0.1437222222222223,0.26050000000000006,0.11677777777777776,False
25,cls,neighbors10,mpnet,title,False,0.1689722222222222,0.20991111111111116,0.04093888888888897,0.0,0.04093888888888897,False
25,cls,neighbors10,mpnet,abstract,False,0.4985222222222222,0.5394611111111112,0.04093888888888897,0.0,0.04093888888888897,False
25,cls,neighbors10,minilm,title,False,0.12653888888888898,0.16662222222222234,0.04008333333333336,0.0,0.04008333333333336,False
25,cls,neighbors10,minilm,abstract,False,0.462238888888889,0.5023222222222223,0.04008333333333336,0.0,0.04008333333333336,False
25,cls,neighbors10,pubmedbert,title,True,-0.12324999999999997,-0.08402222222222222,0.03922777777777775,0.08365,0.12287777777777775,False
25,cls,neighbors10,pubmedbert,abstract,True,0.5294500000000001,0.5604277777777777,0.03097777777777766,0.09190000000000009,0.12287777777777775,False
25,cls,neighbors10,biobert,title,True,-0.13000000000000012,-0.07976111111111117,0.050238888888888944,0.057150000000000034,0.10738888888888898,False
25,cls,neighbors10,biobert,abstract,True,0.4877999999999999,0.5474888888888889,0.05968888888888901,0.047699999999999965,0.10738888888888898,False
25,cls,neighbors10,simcse,title,False,-0.07319444444444445,-0.031611111111111034,0.041583333333333417,0.0,0.041583333333333417,False
25,cls,neighbors10,simcse,abstract,False,0.4867055555555555,0.5282888888888889,0.041583333333333417,0.0,0.041583333333333417,False
25,cls,neighbors25,specter,title,False,0.08353777777777782,0.13262444444444443,0.04908666666666661,0.0,0.04908666666666661,False
25,cls,neighbors25,specter,abstract,False,0.35467777777777776,0.40376444444444437,0.04908666666666661,0.0,0.04908666666666661,False
25,cls,neighbors25,specter2,title,False,0.10004888888888885,0.14349333333333325,0.0434444444444444,0.0,0.0434444444444444,False
25,cls,neighbors25,specter2,abstract,False,0.4192688888888889,0.4627133333333333,0.0434444444444444,0.0,0.0434444444444444,False
25,cls,neighbors25,scincl,title,False,0.12255777777777777,0.16678000000000004,0.044222222222222274,0.0,0.044222222222222274,False
25,cls,neighbors25,scincl,abstract,False,0.42217777777777776,0.46640000000000004,0.044222222222222274,0.0,0.044222222222222274,False
25,cls,neighbors25,scibert,title,True,-0.15805111111111114,-0.07012666666666656,0.08792444444444458,0.05623999999999996,0.14416444444444454,False
25,cls,neighbors25,scibert,abstract,True,0.5120688888888889,0.4757733333333334,-0.036295555555555525,0.18046000000000006,0.14416444444444454,False
25,cls,neighbors25,bert,title,True,-0.12360888888888899,-0.0781288888888888,0.04548000000000019,0.08145999999999998,0.12694000000000016,False
25,cls,neighbors25,bert,abstract,True,0.5240111111111111,0.4127711111111112,-0.1112399999999999,0.23818000000000006,0.12694000000000016,False
25,cls,neighbors25,mpnet,title,False,0.17250444444444457,0.21885555555555558,0.04635111111111101,0.0,0.04635111111111101,False
25,cls,neighbors25,mpnet,abstract,False,0.4904044444444444,0.5367555555555554,0.04635111111111101,0.0,0.04635111111111101,False
25,cls,neighbors25,minilm,title,False,0.12579333333333342,0.17207111111111117,0.04627777777777775,0.0,0.04627777777777775,False
25,cls,neighbors25,minilm,abstract,False,0.4630333333333334,0.5093111111111112,0.04627777777777775,0.0,0.04627777777777775,False
25,cls,neighbors25,pubmedbert,title,True,-0.12444,-0.09440666666666664,0.030033333333333356,0.10284000000000004,0.1328733333333334,False
25,cls,neighbors25,pubmedbert,abstract,True,0.5109,0.5645733333333334,0.05367333333333335,0.07920000000000005,0.1328733333333334,False
25,cls,neighbors25,biobert,title,True,-0.13294888888888878,-0.08970888888888884,0.043239999999999945,0.06845999999999997,0.11169999999999991,False
25,cls,neighbors25,biobert,abstract,True,0.48067111111111116,0.5481711111111113,0.06750000000000012,0.044199999999999795,0.11169999999999991,False
25,cls,neighbors25,simcse,title,False,-0.07508222222222216,-0.030240000000000045,0.04484222222222212,0.0,0.04484222222222212,False
25,cls,neighbors25,simcse,abstract,False,0.49255777777777787,0.5374,0.04484222222222212,0.0,0.04484222222222212,False
25,cls,neighbors50,specter,title,False,0.09287111111111102,0.14540999999999993,0.05253888888888891,0.0,0.05253888888888891,False
25,cls,neighbors50,specter,abstract,False,0.3534611111111111,0.406,0.05253888888888891,0.0,0.05253888888888891,False
25,cls,neighbors50,specter2,title,False,0.11044666666666658,0.1558477777777777,0.045401111111111114,0.0,0.045401111111111114,False
25,cls,neighbors50,specter2,abstract,False,0.41385666666666654,0.45925777777777765,0.045401111111111114,0.0,0.045401111111111114,False
25,cls,neighbors50,scincl,title,False,0.13265666666666664,0.17970333333333333,0.04704666666666668,0.0,0.04704666666666668,False
25,cls,neighbors50,scincl,abstract,False,0.41370666666666656,0.46075333333333324,0.04704666666666668,0.0,0.04704666666666668,False
25,cls,neighbors50,scibert,title,True,-0.15732222222222225,-0.07135444444444439,0.08596777777777787,0.06070000000000009,0.14666777777777795,False
25,cls,neighbors50,scibert,abstract,True,0.49453777777777763,0.47952555555555565,-0.015012222222221983,0.16167999999999993,0.14666777777777795,False
25,cls,neighbors50,bert,title,True,-0.12151777777777772,-0.08763888888888882,0.0338788888888889,0.09960000000000002,0.13347888888888892,False
25,cls,neighbors50,bert,abstract,True,0.5087922222222223,0.4296511111111112,-0.0791411111111111,0.21262000000000003,0.13347888888888892,False
25,cls,neighbors50,mpnet,title,False,0.17012777777777788,0.21925111111111106,0.049123333333333186,0.0,0.049123333333333186,False
25,cls,neighbors50,mpnet,abstract,False,0.47460777777777785,0.523731111111111,0.049123333333333186,0.0,0.049123333333333186,False
25,cls,neighbors50,minilm,title,False,0.12500333333333336,0.1746322222222222,0.049628888888888834,0.0,0.049628888888888834,False
25,cls,neighbors50,minilm,abstract,False,0.45038333333333336,0.5000122222222222,0.049628888888888834,0.0,0.049628888888888834,False
25,cls,neighbors50,pubmedbert,title,True,-0.12304111111111116,-0.10058333333333336,0.0224577777777778,0.11373999999999995,0.13619777777777775,False
25,cls,neighbors50,pubmedbert,abstract,True,0.49356888888888895,0.5588666666666666,0.06529777777777768,0.07090000000000007,0.13619777777777775,False
25,cls,neighbors50,biobert,title,True,-0.1365333333333334,-0.09785444444444447,0.03867888888888893,0.07447999999999999,0.11315888888888892,False
25,cls,neighbors50,biobert,abstract,True,0.46386666666666654,0.5381955555555555,0.074328888888889,0.03882999999999992,0.11315888888888892,False
25,cls,neighbors50,simcse,title,False,-0.07624666666666657,-0.028828888888888904,0.04741777777777767,0.0,0.04741777777777767,False
25,cls,neighbors50,simcse,abstract,False,0.48514333333333337,0.532561111111111,0.04741777777777767,0.0,0.04741777777777767,False
25,sep,cka,specter,title,False,0.14483119512099363,0.18354875188055014,0.038717556759556515,0.0,0.038717556759556515,False
25,sep,cka,specter,abstract,False,0.30367916859683686,0.34239672535639337,0.038717556759556515,0.0,0.038717556759556515,False
25,sep,cka,specter2,title,False,0.16635516704745662,0.2017690619039621,0.03541389485650548,0.0,0.03541389485650548,False
25,sep,cka,specter2,abstract,False,0.3379241335882605,0.373338028444766,0.03541389485650548,0.0,0.03541389485650548,False
25,sep,cka,scincl,title,False,0.17391093598514573,0.20801273072178178,0.03410179473663605,0.0,0.03410179473663605,False
25,sep,cka,scincl,abstract,False,0.33068184403078327,0.3647836387674193,0.03410179473663605,0.0,0.03410179473663605,False
25,sep,cka,scibert,title,True,-0.17014980649695255,-0.0692739594859273,0.10087584701102525,0.09158554073769742,0.19246138774872268,False
25,sep,cka,scibert,abstract,True,0.338448532286706,0.4834310080092581,0.14498247572255207,0.047478912026170605,0.19246138774872268,False
25,sep,cka,bert,title,True,-0.06725187893519446,-0.04212348078913308,0.02512839814606138,0.46144352413803413,0.4865719222840955,False
25,sep,cka,bert,abstract,True,0.37903011878008863,0.6066493061338448,0.2276191873537562,0.2589527349303393,0.4865719222840955,False
25,sep,cka,mpnet,title,False,0.17113465025470442,0.20582104675084778,0.03468639649614336,0.0,0.03468639649614336,False
25,sep,cka,mpnet,abstract,False,0.34092176304955446,0.3756081595456978,0.03468639649614336,0.0,0.03468639649614336,False
25,sep,cka,minilm,title,False,0.144127088311718,0.18285686192797312,0.038729773616255125,0.0,0.038729773616255125,False
25,sep,cka,minilm,abstract,False,0.35356258418878256,0.3922923578050377,0.038729773616255125,0.0,0.038729773616255125,False
25,sep,cka,pubmedbert,title,True,-0.13440340006607476,-0.021656276630275195,0.11274712343579957,-0.10975655779512661,0.0029905656406729597,False
25,sep,cka,pubmedbert,abstract,True,0.34770877272035816,0.3543178891507836,0.0066091164304254435,-0.003618550789752484,0.0029905656406729597,False
25,sep,cka,biobert,title,True,-0.2511804329886428,-0.017877214832023813,0.23330321815661897,-0.1820454278632061,0.051257790293412875,False
25,sep,cka,biobert,abstract,True,0.3211732820479821,0.3854906727601128,0.06431739071213066,-0.013059600418717787,0.051257790293412875,False
25,sep,cka,simcse,title,False,-0.08497795927227236,-0.013015515499273822,0.07196244377299854,0.0,0.07196244377299854,False
25,sep,cka,simcse,abstract,False,0.4167520514756279,0.4887144952486264,0.07196244377299854,0.0,0.07196244377299854,False
25,sep,neighbors10,specter,title,False,0.07195555555555555,0.08031666666666659,0.008361111111111041,0.0,0.008361111111111041,False
25,sep,neighbors10,specter,abstract,False,0.34745555555555563,0.35581666666666667,0.008361111111111041,0.0,0.008361111111111041,False
25,sep,neighbors10,specter2,title,False,0.09301666666666675,0.10132222222222231,0.008305555555555566,0.0,0.008305555555555566,False
25,sep,neighbors10,specter2,abstract,False,0.4220666666666667,0.43037222222222227,0.008305555555555566,0.0,0.008305555555555566,False
25,sep,neighbors10,scincl,title,False,0.10714444444444449,0.11500555555555558,0.007861111111111097,0.0,0.007861111111111097,False
25,sep,neighbors10,scincl,abstract,False,0.41589444444444446,0.42375555555555555,0.007861111111111097,0.0,0.007861111111111097,False
25,sep,neighbors10,scibert,title,True,-0.15137222222222224,-0.05984999999999996,0.09152222222222228,0.05654999999999999,0.14807222222222227,False
25,sep,neighbors10,scibert,abstract,True,0.5282777777777777,0.46585,-0.06242777777777775,0.21050000000000002,0.14807222222222227,False
25,sep,neighbors10,bert,title,True,-0.12256111111111112,-0.05200555555555564,0.07055555555555548,0.05159999999999998,0.12215555555555546,False
25,sep,neighbors10,bert,abstract,True,0.5245888888888889,0.36554444444444434,-0.15904444444444454,0.2812,0.12215555555555546,False
25,sep,neighbors10,mpnet,title,False,0.1689722222222222,0.17562222222222224,0.006650000000000045,0.0,0.006650000000000045,False
25,sep,neighbors10,mpnet,abstract,False,0.4985222222222222,0.5051722222222222,0.006650000000000045,0.0,0.006650000000000045,False
25,sep,neighbors10,minilm,title,False,0.12653888888888898,0.13473888888888885,0.008199999999999874,0.0,0.008199999999999874,False
25,sep,neighbors10,minilm,abstract,False,0.462238888888889,0.47043888888888885,0.008199999999999874,0.0,0.008199999999999874,False
25,sep,neighbors10,pubmedbert,title,True,-0.12324999999999997,-0.07820000000000005,0.04504999999999992,-0.03795000000000004,0.007099999999999884,False
25,sep,neighbors10,pubmedbert,abstract,True,0.5294500000000001,0.5362999999999999,0.006849999999999801,0.0002500000000000835,0.007099999999999884,False
25,sep,neighbors10,biobert,title,True,-0.13000000000000012,-0.06571666666666665,0.06428333333333347,-0.02124999999999999,0.04303333333333348,False
25,sep,neighbors10,biobert,abstract,True,0.4877999999999999,0.5636833333333333,0.07588333333333341,-0.032849999999999935,0.04303333333333348,False
25,sep,neighbors10,simcse,title,False,-0.07319444444444445,-0.049733333333333296,0.023461111111111155,0.0,0.023461111111111155,False
25,sep,neighbors10,simcse,abstract,False,0.4867055555555555,0.5101666666666667,0.023461111111111155,0.0,0.023461111111111155,False
25,sep,neighbors25,specter,title,False,0.08353777777777782,0.09315111111111107,0.009613333333333252,0.0,0.009613333333333252,False
25,sep,neighbors25,specter,abstract,False,0.35467777777777776,0.364291111111111,0.009613333333333252,0.0,0.009613333333333252,False
25,sep,neighbors25,specter2,title,False,0.10004888888888885,0.10922888888888893,0.009180000000000077,0.0,0.009180000000000077,False
25,sep,neighbors25,specter2,abstract,False,0.4192688888888889,0.428448888888889,0.009180000000000077,0.0,0.009180000000000077,False
25,sep,neighbors25,scincl,title,False,0.12255777777777777,0.13081555555555546,0.008257777777777697,0.0,0.008257777777777697,False
25,sep,neighbors25,scincl,abstract,False,0.42217777777777776,0.43043555555555546,0.008257777777777697,0.0,0.008257777777777697,False
25,sep,neighbors25,scibert,title,True,-0.15805111111111114,-0.06397111111111109,0.09408000000000005,0.05881999999999998,0.15290000000000004,False
25,sep,neighbors25,scibert,abstract,True,0.5120688888888889,0.48134888888888894,-0.03071999999999997,0.18362,0.15290000000000004,False
25,sep,neighbors25,bert,title,True,-0.12360888888888899,-0.06006666666666671,0.06354222222222228,0.07006000000000001,0.1336022222222223,False
25,sep,neighbors25,bert,abstract,True,0.5240111111111111,0.3804533333333333,-0.14355777777777778,0.2771600000000001,0.1336022222222223,False
25,sep,neighbors25,mpnet,title,False,0.17250444444444457,0.18036444444444455,0.007859999999999978,0.0,0.007859999999999978,False
25,sep,neighbors25,mpnet,abstract,False,0.4904044444444444,0.4982644444444444,0.007859999999999978,0.0,0.007859999999999978,False
25,sep,neighbors25,minilm,title,False,0.12579333333333342,0.1354266666666667,0.009633333333333272,0.0,0.009633333333333272,False
25,sep,neighbors25,minilm,abstract,False,0.4630333333333334,0.4726666666666667,0.009633333333333272,0.0,0.009633333333333272,False
25,sep,neighbors25,pubmedbert,title,True,-0.12444,-0.07259777777777776,0.051842222222222234,-0.043360000000000065,0.008482222222222169,False
25,sep,neighbors25,pubmedbert,abstract,True,0.5109,0.5226422222222222,0.01174222222222221,-0.0032600000000000406,0.008482222222222169,False
25,sep,neighbors25,biobert,title,True,-0.13294888888888878,-0.05745111111111112,0.07549777777777766,-0.035840000000000094,0.03965777777777757,False
25,sep,neighbors25,biobert,abstract,True,0.48067111111111116,0.5479088888888889,0.06723777777777773,-0.02758000000000016,0.03965777777777757,False
25,sep,neighbors25,simcse,title,False,-0.07508222222222216,-0.049913333333333476,0.025168888888888685,0.0,0.025168888888888685,False
25,sep,neighbors25,simcse,abstract,False,0.49255777777777787,0.5177266666666666,0.025168888888888685,0.0,0.025168888888888685,False
25,sep,neighbors50,specter,title,False,0.09287111111111102,0.10335777777777766,0.010486666666666644,0.0,0.010486666666666644,False
25,sep,neighbors50,specter,abstract,False,0.3534611111111111,0.36394777777777776,0.010486666666666644,0.0,0.010486666666666644,False
25,sep,neighbors50,specter2,title,False,0.11044666666666658,0.12046222222222214,0.010015555555555555,0.0,0.010015555555555555,False
25,sep,neighbors50,specter2,abstract,False,0.41385666666666654,0.4238722222222221,0.010015555555555555,0.0,0.010015555555555555,False
25,sep,neighbors50,scincl,title,False,0.13265666666666664,0.1414455555555556,0.008788888888888957,0.0,0.008788888888888957,False
25,sep,neighbors50,scincl,abstract,False,0.41370666666666656,0.4224955555555555,0.008788888888888957,0.0,0.008788888888888957,False
25,sep,neighbors50,scibert,title,True,-0.15732222222222225,-0.07003222222222216,0.08729000000000009,0.06594,0.1532300000000001,False
25,sep,neighbors50,scibert,abstract,True,0.49453777777777763,0.4840677777777779,-0.010469999999999757,0.16369999999999985,0.1532300000000001,False
25,sep,neighbors50,bert,title,True,-0.12151777777777772,-0.06526999999999983,0.056247777777777896,0.08839999999999992,0.14464777777777782,False
25,sep,neighbors50,bert,abstract,True,0.5087922222222223,0.3913900000000001,-0.11740222222222219,0.26205,0.14464777777777782,False
25,sep,neighbors50,mpnet,title,False,0.17012777777777788,0.17861111111111116,0.008483333333333287,0.0,0.008483333333333287,False
25,sep,neighbors50,mpnet,abstract,False,0.47460777777777785,0.48309111111111114,0.008483333333333287,0.0,0.008483333333333287,False
25,sep,neighbors50,minilm,title,False,0.12500333333333336,0.1353833333333333,0.010379999999999945,0.0,0.010379999999999945,False
25,sep,neighbors50,minilm,abstract,False,0.45038333333333336,0.4607633333333333,0.010379999999999945,0.0,0.010379999999999945,False
25,sep,neighbors50,pubmedbert,title,True,-0.12304111111111116,-0.06895999999999991,0.054081111111111246,-0.045500000000000096,0.00858111111111115,False
25,sep,neighbors50,pubmedbert,abstract,True,0.49356888888888895,0.50391,0.010341111111111023,-0.0017599999999998728,0.00858111111111115,False
25,sep,neighbors50,biobert,title,True,-0.1365333333333334,-0.052178888888888886,0.08435444444444451,-0.045580000000000065,0.038774444444444445,False
25,sep,neighbors50,biobert,abstract,True,0.46386666666666654,0.5275111111111112,0.06364444444444461,-0.02487000000000017,0.038774444444444445,False
25,sep,neighbors50,simcse,title,False,-0.07624666666666657,-0.04891444444444437,0.027332222222222202,0.0,0.027332222222222202,False
25,sep,neighbors50,simcse,abstract,False,0.48514333333333337,0.5124755555555556,0.027332222222222202,0.0,0.027332222222222202,False
26,cls,cka,specter,title,False,0.12298306441301732,0.1586771372055391,0.03569407279252179,0.0,0.03569407279252179,False
26,cls,cka,specter,abstract,False,0.29679194871369563,0.3324860215062174,0.03569407279252179,0.0,0.03569407279252179,False
26,cls,cka,specter2,title,False,0.14429375883896978,0.17857454271297785,0.03428078387400807,0.0,0.03428078387400807,False
26,cls,cka,specter2,abstract,False,0.2940625920332689,0.32834337590727697,0.03428078387400807,0.0,0.03428078387400807,False
26,cls,cka,scincl,title,False,0.12676141991821777,0.16230222830091157,0.0355408083826938,0.0,0.0355408083826938,False
26,cls,cka,scincl,abstract,False,0.31037598349593964,0.34591679187863345,0.0355408083826938,0.0,0.0355408083826938,False
26,cls,cka,scibert,title,True,-0.17132737176593543,-0.07782166155831782,0.09350571020761761,0.026116369262537575,0.11962207947015518,False
26,cls,cka,scibert,abstract,True,0.2905059369876683,0.3878989099757605,0.09739297298809219,0.022229106482063,0.11962207947015518,False
26,cls,cka,bert,title,True,0.006490681618794791,-0.17389157927962628,-0.18038226089842108,0.3031449582668121,0.12276269736839102,True
26,cls,cka,bert,abstract,True,0.31409985459619555,0.39692798902825377,0.08282813443205822,0.039934562936332796,0.12276269736839102,False
26,cls,cka,mpnet,title,False,0.15043748957108088,0.18360592664538533,0.03316843707430445,0.0,0.03316843707430445,False
26,cls,cka,mpnet,abstract,False,0.3373975171341142,0.37056595420841865,0.03316843707430445,0.0,0.03316843707430445,False
26,cls,cka,minilm,title,False,0.11664912578821596,0.15119530367530842,0.034546177887092466,0.0,0.034546177887092466,False
26,cls,cka,minilm,abstract,False,0.33683409823036736,0.37138027611745983,0.034546177887092466,0.0,0.034546177887092466,False
26,cls,cka,pubmedbert,title,True,-0.21611534104405528,-0.24961383915169694,-0.03349849810764166,0.13011552311168417,0.09661702500404251,False
26,cls,cka,pubmedbert,abstract,True,0.3314936901928912,0.42111378802673943,0.08962009783384822,0.006996927170194289,0.09661702500404251,False
26,cls,cka,biobert,title,True,-0.2924992904610285,-0.29203868994858967,0.0004606005124388468,0.036725417945480676,0.03718601845791952,False
26,cls,cka,biobert,abstract,True,0.3613758916793013,0.4010028773759667,0.039626985696665395,-0.0024409672387458725,0.03718601845791952,False
26,cls,cka,simcse,title,False,-0.11350872146911661,-0.0707707060868768,0.04273801538223981,0.0,0.04273801538223981,False
26,cls,cka,simcse,abstract,False,0.32506135831488414,0.36779937369712395,0.04273801538223981,0.0,0.04273801538223981,False
26,cls,neighbors10,specter,title,False,0.039961111111111225,0.06923333333333337,0.029272222222222144,0.0,0.029272222222222144,False
26,cls,neighbors10,specter,abstract,False,0.34926111111111113,0.3785333333333333,0.029272222222222144,0.0,0.029272222222222144,False
26,cls,neighbors10,specter2,title,False,0.04763333333333353,0.0776555555555557,0.030022222222222172,0.0,0.030022222222222172,False
26,cls,neighbors10,specter2,abstract,False,0.38313333333333355,0.4131555555555557,0.030022222222222172,0.0,0.030022222222222172,False
26,cls,neighbors10,scincl,title,False,0.08022777777777779,0.11150555555555552,0.03127777777777774,0.0,0.03127777777777774,False
26,cls,neighbors10,scincl,abstract,False,0.43637777777777775,0.4676555555555555,0.03127777777777774,0.0,0.03127777777777774,False
26,cls,neighbors10,scibert,title,True,-0.1500999999999999,-0.07163888888888881,0.07846111111111109,0.05335000000000001,0.1318111111111111,False
26,cls,neighbors10,scibert,abstract,True,0.5216000000000001,0.4808611111111112,-0.04073888888888888,0.17254999999999998,0.1318111111111111,False
26,cls,neighbors10,bert,title,True,-0.13896666666666668,-0.07472777777777773,0.06423888888888896,0.05630000000000002,0.12053888888888897,False
26,cls,neighbors10,bert,abstract,True,0.5205833333333333,0.42237222222222226,-0.09821111111111103,0.21875,0.12053888888888897,False
26,cls,neighbors10,mpnet,title,False,0.09658888888888884,0.13206666666666667,0.03547777777777783,0.0,0.03547777777777783,False
26,cls,neighbors10,mpnet,abstract,False,0.49448888888888887,0.5299666666666667,0.03547777777777783,0.0,0.03547777777777783,False
26,cls,neighbors10,minilm,title,False,0.0652666666666667,0.10223888888888888,0.036972222222222184,0.0,0.036972222222222184,False
26,cls,neighbors10,minilm,abstract,False,0.47521666666666673,0.5121888888888889,0.036972222222222184,0.0,0.036972222222222184,False
26,cls,neighbors10,pubmedbert,title,True,-0.14031111111111116,-0.0909888888888889,0.04932222222222227,0.049799999999999955,0.09912222222222222,False
26,cls,neighbors10,pubmedbert,abstract,True,0.5104888888888889,0.5020111111111112,-0.008477777777777695,0.10759999999999992,0.09912222222222222,False
26,cls,neighbors10,biobert,title,True,-0.13363333333333338,-0.0904055555555554,0.043227777777777976,0.041749999999999954,0.08497777777777793,False
26,cls,neighbors10,biobert,abstract,True,0.47071666666666667,0.5343944444444446,0.06367777777777794,0.021299999999999986,0.08497777777777793,False
26,cls,neighbors10,simcse,title,False,-0.0806,-0.03489444444444445,0.045705555555555555,0.0,0.045705555555555555,False
26,cls,neighbors10,simcse,abstract,False,0.4845499999999999,0.5302555555555555,0.045705555555555555,0.0,0.045705555555555555,False
26,cls,neighbors25,specter,title,False,0.03956444444444429,0.07231555555555547,0.032751111111111175,0.0,0.032751111111111175,False
26,cls,neighbors25,specter,abstract,False,0.36110444444444423,0.3938555555555554,0.032751111111111175,0.0,0.032751111111111175,False
26,cls,neighbors25,specter2,title,False,0.05269777777777773,0.08493777777777778,0.032240000000000046,0.0,0.032240000000000046,False
26,cls,neighbors25,specter2,abstract,False,0.38707777777777763,0.4193177777777777,0.032240000000000046,0.0,0.032240000000000046,False
26,cls,neighbors25,scincl,title,False,0.08570666666666671,0.12099555555555552,0.035288888888888814,0.0,0.035288888888888814,False
26,cls,neighbors25,scincl,abstract,False,0.4386866666666668,0.4739755555555556,0.035288888888888814,0.0,0.035288888888888814,False
26,cls,neighbors25,scibert,title,True,-0.16205777777777786,-0.08364222222222217,0.07841555555555568,0.06477999999999995,0.14319555555555563,False
26,cls,neighbors25,scibert,abstract,True,0.4951022222222221,0.4857177777777778,-0.009384444444444306,0.15257999999999994,0.14319555555555563,False
26,cls,neighbors25,bert,title,True,-0.15015777777777783,-0.09665111111111102,0.05350666666666681,0.07719999999999994,0.13070666666666675,False
26,cls,neighbors25,bert,abstract,True,0.5041422222222222,0.4399088888888889,-0.06423333333333325,0.19494,0.13070666666666675,False
26,cls,neighbors25,mpnet,title,False,0.10316000000000003,0.14300000000000002,0.03983999999999999,0.0,0.03983999999999999,False
26,cls,neighbors25,mpnet,abstract,False,0.4827,0.52254,0.03983999999999999,0.0,0.03983999999999999,False
26,cls,neighbors25,minilm,title,False,0.06832000000000005,0.11080666666666661,0.04248666666666656,0.0,0.04248666666666656,False
26,cls,neighbors25,minilm,abstract,False,0.46638,0.5088666666666666,0.04248666666666656,0.0,0.04248666666666656,False
26,cls,neighbors25,pubmedbert,title,True,-0.15235333333333334,-0.11045777777777765,0.041895555555555686,0.06390000000000007,0.10579555555555575,False
26,cls,neighbors25,pubmedbert,abstract,True,0.49626666666666663,0.5065822222222224,0.010315555555555744,0.09548000000000001,0.10579555555555575,False
26,cls,neighbors25,biobert,title,True,-0.15001555555555557,-0.10873111111111122,0.041284444444444346,0.05074000000000001,0.09202444444444435,False
26,cls,neighbors25,biobert,abstract,True,0.4610644444444445,0.5402088888888887,0.07914444444444424,0.012880000000000114,0.09202444444444435,False
26,cls,neighbors25,simcse,title,False,-0.08394222222222225,-0.034208888888888955,0.049733333333333296,0.0,0.049733333333333296,False
26,cls,neighbors25,simcse,abstract,False,0.4844577777777779,0.5341911111111112,0.049733333333333296,0.0,0.049733333333333296,False
26,cls,neighbors50,specter,title,False,0.037403333333333344,0.0723111111111111,0.03490777777777776,0.0,0.03490777777777776,False
26,cls,neighbors50,specter,abstract,False,0.3592633333333334,0.39417111111111114,0.03490777777777776,0.0,0.03490777777777776,False
26,cls,neighbors50,specter2,title,False,0.0551488888888888,0.08849555555555555,0.03334666666666675,0.0,0.03334666666666675,False
26,cls,neighbors50,specter2,abstract,False,0.3821888888888888,0.41553555555555555,0.03334666666666675,0.0,0.03334666666666675,False
26,cls,neighbors50,scincl,title,False,0.08240666666666663,0.12029444444444448,0.037887777777777853,0.0,0.037887777777777853,False
26,cls,neighbors50,scincl,abstract,False,0.42529666666666655,0.4631844444444444,0.037887777777777853,0.0,0.037887777777777853,False
26,cls,neighbors50,scibert,title,True,-0.17125777777777773,-0.09205333333333332,0.07920444444444441,0.06875000000000009,0.1479544444444445,False
26,cls,neighbors50,scibert,abstract,True,0.4698822222222222,0.4802566666666668,0.010374444444444575,0.13757999999999992,0.1479544444444445,False
26,cls,neighbors50,bert,title,True,-0.15258666666666665,-0.11168333333333325,0.0409033333333334,0.09478000000000009,0.1356833333333335,False
26,cls,neighbors50,bert,abstract,True,0.48587333333333327,0.4429766666666667,-0.04289666666666658,0.17858000000000007,0.1356833333333335,False
26,cls,neighbors50,mpnet,title,False,0.10934222222222223,0.15147777777777782,0.04213555555555559,0.0,0.04213555555555559,False
26,cls,neighbors50,mpnet,abstract,False,0.4626822222222222,0.5048177777777778,0.04213555555555559,0.0,0.04213555555555559,False
26,cls,neighbors50,minilm,title,False,0.06920777777777776,0.11443555555555551,0.045227777777777756,0.0,0.045227777777777756,False
26,cls,neighbors50,minilm,abstract,False,0.4462977777777779,0.49152555555555566,0.045227777777777756,0.0,0.045227777777777756,False
26,cls,neighbors50,pubmedbert,title,True,-0.16071111111111103,-0.12220666666666657,0.03850444444444445,0.07252000000000003,0.11102444444444448,False
26,cls,neighbors50,pubmedbert,abstract,True,0.4776488888888889,0.5039633333333334,0.02631444444444453,0.08470999999999995,0.11102444444444448,False
26,cls,neighbors50,biobert,title,True,-0.16331444444444443,-0.12419555555555561,0.039118888888888814,0.05518000000000001,0.09429888888888882,False
26,cls,neighbors50,biobert,abstract,True,0.4442355555555555,0.5296644444444443,0.08542888888888878,0.008870000000000045,0.09429888888888882,False
26,cls,neighbors50,simcse,title,False,-0.08860333333333326,-0.03685444444444452,0.05174888888888873,0.0,0.05174888888888873,False
26,cls,neighbors50,simcse,abstract,False,0.4694666666666667,0.5212155555555554,0.05174888888888873,0.0,0.05174888888888873,False
26,sep,cka,specter,title,False,0.12298306441301732,0.16114460141617154,0.03816153700315422,0.0,0.03816153700315422,False
26,sep,cka,specter,abstract,False,0.29679194871369563,0.33495348571684985,0.03816153700315422,0.0,0.03816153700315422,False
26,sep,cka,specter2,title,False,0.14429375883896978,0.18647306484865905,0.04217930600968928,0.0,0.04217930600968928,False
26,sep,cka,specter2,abstract,False,0.2940625920332689,0.3362418980429582,0.04217930600968928,0.0,0.04217930600968928,False
26,sep,cka,scincl,title,False,0.12676141991821777,0.16534464369812013,0.038583223779902365,0.0,0.038583223779902365,False
26,sep,cka,scincl,abstract,False,0.31037598349593964,0.348959207275842,0.038583223779902365,0.0,0.038583223779902365,False
26,sep,cka,scibert,title,True,-0.17132737176593543,-0.05768124850874251,0.11364612325719292,0.05546856745277584,0.16911469070996876,False
26,sep,cka,scibert,abstract,True,0.2905059369876683,0.4297138869587798,0.13920794997111152,0.02990674073885724,0.16911469070996876,False
26,sep,cka,bert,title,True,0.006490681618794791,-0.032356043686139535,-0.038846725304934326,0.4940404350411478,0.4551937097362135,True
26,sep,cka,bert,abstract,True,0.31409985459619555,0.5288532603184046,0.21475340572220908,0.2404403040140044,0.4551937097362135,False
26,sep,cka,mpnet,title,False,0.15043748957108088,0.1857463417081603,0.035308852137079405,0.0,0.035308852137079405,False
26,sep,cka,mpnet,abstract,False,0.3373975171341142,0.3727063692711936,0.035308852137079405,0.0,0.035308852137079405,False
26,sep,cka,minilm,title,False,0.11664912578821596,0.15533140844308824,0.03868228265487228,0.0,0.03868228265487228,False
26,sep,cka,minilm,abstract,False,0.33683409823036736,0.37551638088523964,0.03868228265487228,0.0,0.03868228265487228,False
26,sep,cka,pubmedbert,title,True,-0.21611534104405528,-0.1317319395656728,0.08438340147838247,-0.008150824040723204,0.07623257743765927,False
26,sep,cka,pubmedbert,abstract,True,0.3314936901928912,0.4074567144101346,0.07596302421724338,0.0002695532204158857,0.07623257743765927,False
26,sep,cka,biobert,title,True,-0.2924992904610285,-0.13712068833518443,0.1553786021258441,-0.12734882770911415,0.028029774416729936,False
26,sep,cka,biobert,abstract,True,0.3613758916793013,0.3949733380788857,0.033597446399584396,-0.005567671982854461,0.028029774416729936,False
26,sep,cka,simcse,title,False,-0.11350872146911661,-0.043981345005845884,0.06952737646327073,0.0,0.06952737646327073,False
26,sep,cka,simcse,abstract,False,0.32506135831488414,0.39458873477815487,0.06952737646327073,0.0,0.06952737646327073,False
26,sep,neighbors10,specter,title,False,0.039961111111111225,0.051516666666666655,0.01155555555555543,0.0,0.01155555555555543,False
26,sep,neighbors10,specter,abstract,False,0.34926111111111113,0.36081666666666656,0.01155555555555543,0.0,0.01155555555555543,False
26,sep,neighbors10,specter2,title,False,0.04763333333333353,0.06046111111111119,0.01282777777777766,0.0,0.01282777777777766,False
26,sep,neighbors10,specter2,abstract,False,0.38313333333333355,0.3959611111111112,0.01282777777777766,0.0,0.01282777777777766,False
26,sep,neighbors10,scincl,title,False,0.08022777777777779,0.09286666666666665,0.012638888888888866,0.0,0.012638888888888866,False
26,sep,neighbors10,scincl,abstract,False,0.43637777777777775,0.4490166666666666,0.012638888888888866,0.0,0.012638888888888866,False
26,sep,neighbors10,scibert,title,True,-0.1500999999999999,-0.05965555555555546,0.09044444444444444,0.05720000000000003,0.14764444444444447,False
26,sep,neighbors10,scibert,abstract,True,0.5216000000000001,0.4829444444444445,-0.038655555555555554,0.18630000000000002,0.14764444444444447,False
26,sep,neighbors10,bert,title,True,-0.13896666666666668,-0.05435555555555549,0.08461111111111119,0.0474,0.1320111111111112,False
26,sep,neighbors10,bert,abstract,True,0.5205833333333333,0.30704444444444445,-0.21353888888888883,0.34555,0.1320111111111112,False
26,sep,neighbors10,mpnet,title,False,0.09658888888888884,0.11068333333333324,0.01409444444444441,0.0,0.01409444444444441,False
26,sep,neighbors10,mpnet,abstract,False,0.49448888888888887,0.5085833333333333,0.01409444444444441,0.0,0.01409444444444441,False
26,sep,neighbors10,minilm,title,False,0.0652666666666667,0.08161111111111108,0.016344444444444384,0.0,0.016344444444444384,False
26,sep,neighbors10,minilm,abstract,False,0.47521666666666673,0.4915611111111111,0.016344444444444384,0.0,0.016344444444444384,False
26,sep,neighbors10,pubmedbert,title,True,-0.14031111111111116,-0.0901277777777777,0.05018333333333347,-0.010700000000000043,0.039483333333333426,False
26,sep,neighbors10,pubmedbert,abstract,True,0.5104888888888889,0.5234222222222222,0.012933333333333352,0.026550000000000074,0.039483333333333426,False
26,sep,neighbors10,biobert,title,True,-0.13363333333333338,-0.07924444444444445,0.05438888888888893,-0.004149999999999987,0.050238888888888944,False
26,sep,neighbors10,biobert,abstract,True,0.47071666666666667,0.5222555555555556,0.05153888888888891,-0.0012999999999999678,0.050238888888888944,False
26,sep,neighbors10,simcse,title,False,-0.0806,-0.05011666666666659,0.030483333333333418,0.0,0.030483333333333418,False
26,sep,neighbors10,simcse,abstract,False,0.4845499999999999,0.5150333333333333,0.030483333333333418,0.0,0.030483333333333418,False
26,sep,neighbors25,specter,title,False,0.03956444444444429,0.05385777777777778,0.014293333333333491,0.0,0.014293333333333491,False
26,sep,neighbors25,specter,abstract,False,0.36110444444444423,0.3753977777777777,0.014293333333333491,0.0,0.014293333333333491,False
26,sep,neighbors25,specter2,title,False,0.05269777777777773,0.06754000000000004,0.014842222222222312,0.0,0.014842222222222312,False
26,sep,neighbors25,specter2,abstract,False,0.38707777777777763,0.40191999999999994,0.014842222222222312,0.0,0.014842222222222312,False
26,sep,neighbors25,scincl,title,False,0.08570666666666671,0.10119333333333336,0.015486666666666649,0.0,0.015486666666666649,False
26,sep,neighbors25,scincl,abstract,False,0.4386866666666668,0.45417333333333343,0.015486666666666649,0.0,0.015486666666666649,False
26,sep,neighbors25,scibert,title,True,-0.16205777777777786,-0.07018888888888897,0.09186888888888889,0.06887999999999994,0.16074888888888883,False
26,sep,neighbors25,scibert,abstract,True,0.4951022222222221,0.484611111111111,-0.010491111111111118,0.17123999999999995,0.16074888888888883,False
26,sep,neighbors25,bert,title,True,-0.15015777777777783,-0.0632355555555556,0.08692222222222223,0.06794,0.15486222222222223,False
26,sep,neighbors25,bert,abstract,True,0.5041422222222222,0.31550444444444437,-0.1886377777777778,0.3435,0.15486222222222223,False
26,sep,neighbors25,mpnet,title,False,0.10316000000000003,0.12095777777777783,0.0177977777777778,0.0,0.0177977777777778,False
26,sep,neighbors25,mpnet,abstract,False,0.4827,0.5004977777777778,0.0177977777777778,0.0,0.0177977777777778,False
26,sep,neighbors25,minilm,title,False,0.06832000000000005,0.08857777777777776,0.020257777777777708,0.0,0.020257777777777708,False
26,sep,neighbors25,minilm,abstract,False,0.46638,0.4866377777777777,0.020257777777777708,0.0,0.020257777777777708,False
26,sep,neighbors25,pubmedbert,title,True,-0.15235333333333334,-0.09502888888888894,0.0573244444444444,-0.011619999999999964,0.045704444444444436,False
26,sep,neighbors25,pubmedbert,abstract,True,0.49626666666666663,0.520051111111111,0.023784444444444386,0.02192000000000005,0.045704444444444436,False
26,sep,neighbors25,biobert,title,True,-0.15001555555555557,-0.09084888888888876,0.05916666666666681,-0.006920000000000037,0.052246666666666775,False
26,sep,neighbors25,biobert,abstract,True,0.4610644444444445,0.5215311111111112,0.06046666666666667,-0.008219999999999894,0.052246666666666775,False
26,sep,neighbors25,simcse,title,False,-0.08394222222222225,-0.04831555555555567,0.035626666666666584,0.0,0.035626666666666584,False
26,sep,neighbors25,simcse,abstract,False,0.4844577777777779,0.5200844444444445,0.035626666666666584,0.0,0.035626666666666584,False
26,sep,neighbors50,specter,title,False,0.037403333333333344,0.053656666666666686,0.016253333333333342,0.0,0.016253333333333342,False
26,sep,neighbors50,specter,abstract,False,0.3592633333333334,0.3755166666666667,0.016253333333333342,0.0,0.016253333333333342,False
26,sep,neighbors50,specter2,title,False,0.0551488888888888,0.07129444444444444,0.016145555555555635,0.0,0.016145555555555635,False
26,sep,neighbors50,specter2,abstract,False,0.3821888888888888,0.39833444444444444,0.016145555555555635,0.0,0.016145555555555635,False
26,sep,neighbors50,scincl,title,False,0.08240666666666663,0.10008111111111107,0.017674444444444437,0.0,0.017674444444444437,False
26,sep,neighbors50,scincl,abstract,False,0.42529666666666655,0.442971111111111,0.017674444444444437,0.0,0.017674444444444437,False
26,sep,neighbors50,scibert,title,True,-0.17125777777777773,-0.08206999999999998,0.08918777777777775,0.07425999999999999,0.16344777777777775,False
26,sep,neighbors50,scibert,abstract,True,0.4698822222222222,0.47424999999999995,0.004367777777777748,0.15908,0.16344777777777775,False
26,sep,neighbors50,bert,title,True,-0.15258666666666665,-0.06666444444444453,0.08592222222222212,0.08854000000000006,0.17446222222222219,False
26,sep,neighbors50,bert,abstract,True,0.48587333333333327,0.3207755555555555,-0.1650977777777778,0.33956,0.17446222222222219,False
26,sep,neighbors50,mpnet,title,False,0.10934222222222223,0.12910111111111122,0.019758888888888992,0.0,0.019758888888888992,False
26,sep,neighbors50,mpnet,abstract,False,0.4626822222222222,0.4824411111111112,0.019758888888888992,0.0,0.019758888888888992,False
26,sep,neighbors50,minilm,title,False,0.06920777777777776,0.09165888888888885,0.02245111111111109,0.0,0.02245111111111109,False
26,sep,neighbors50,minilm,abstract,False,0.4462977777777779,0.468748888888889,0.02245111111111109,0.0,0.02245111111111109,False
26,sep,neighbors50,pubmedbert,title,True,-0.16071111111111103,-0.10327777777777769,0.057433333333333336,-0.009489999999999998,0.04794333333333334,False
26,sep,neighbors50,pubmedbert,abstract,True,0.4776488888888889,0.5063622222222223,0.02871333333333337,0.01922999999999997,0.04794333333333334,False
26,sep,neighbors50,biobert,title,True,-0.16331444444444443,-0.09834888888888893,0.0649655555555555,-0.012599999999999945,0.052365555555555554,False
26,sep,neighbors50,biobert,abstract,True,0.4442355555555555,0.5061911111111111,0.06195555555555565,-0.009590000000000098,0.052365555555555554,False
26,sep,neighbors50,simcse,title,False,-0.08860333333333326,-0.0504255555555555,0.038177777777777755,0.0,0.038177777777777755,False
26,sep,neighbors50,simcse,abstract,False,0.4694666666666667,0.5076444444444445,0.038177777777777755,0.0,0.038177777777777755,False
27,cls,cka,specter,title,False,0.2628289679942597,0.33147573108681894,0.06864676309255924,0.0,0.06864676309255924,False
27,cls,cka,specter,abstract,False,0.39620339720442765,0.4648501602969869,0.06864676309255924,0.0,0.06864676309255924,False
27,cls,cka,specter2,title,False,0.2760893762028537,0.34367659026708053,0.06758721406422685,0.0,0.06758721406422685,False
27,cls,cka,specter2,abstract,False,0.40932578116254614,0.476912995226773,0.06758721406422685,0.0,0.06758721406422685,False
27,cls,cka,scincl,title,False,0.2696977391684789,0.3405907736987043,0.07089303453022539,0.0,0.07089303453022539,False
27,cls,cka,scincl,abstract,False,0.4096689811400204,0.4805620156702458,0.07089303453022539,0.0,0.07089303453022539,False
27,cls,cka,scibert,title,True,-0.191064909817052,-0.11867050173682048,0.07239440808023151,0.10906918618504513,0.18146359426527664,False
27,cls,cka,scibert,abstract,True,0.4250333689729105,0.5819067404647026,0.1568733714917921,0.02459022277348455,0.18146359426527664,False
27,cls,cka,bert,title,True,0.01800422448779254,-0.13296562369506826,-0.1509698481828608,0.32286530827720594,0.17189546009434514,True
27,cls,cka,bert,abstract,True,0.42414126724283446,0.5095188743558017,0.08537760711296721,0.08651785298137793,0.17189546009434514,False
27,cls,cka,mpnet,title,False,0.26598159173550545,0.33554244397969823,0.06956085224419278,0.0,0.06956085224419278,False
27,cls,cka,mpnet,abstract,False,0.41226458109155967,0.48182543333575245,0.06956085224419278,0.0,0.06956085224419278,False
27,cls,cka,minilm,title,False,0.21882049014282123,0.2889685589077823,0.07014806876496105,0.0,0.07014806876496105,False
27,cls,cka,minilm,abstract,False,0.4129059430523164,0.4830540118172775,0.07014806876496105,0.0,0.07014806876496105,False
27,cls,cka,pubmedbert,title,True,-0.12285576894367534,-0.17619741693177626,-0.053341647988100926,0.19282345612089302,0.1394818081327921,False
27,cls,cka,pubmedbert,abstract,True,0.4599021469037454,0.5829938596840535,0.12309171278030806,0.016390095352484035,0.1394818081327921,False
27,cls,cka,biobert,title,True,-0.26896531536282864,-0.2164052177811272,0.05256009758170144,0.05913504564682481,0.11169514322852625,False
27,cls,cka,biobert,abstract,True,0.40998827885239575,0.5043700498414024,0.09438177098900669,0.017313372239519564,0.11169514322852625,False
27,cls,cka,simcse,title,False,-0.05158679133298738,0.004480015191337672,0.05606680652432505,0.0,0.05606680652432505,True
27,cls,cka,simcse,abstract,False,0.4604695515271757,0.5165363580515008,0.05606680652432505,0.0,0.05606680652432505,False
27,cls,neighbors10,specter,title,False,0.14753888888888889,0.19041666666666668,0.04287777777777779,0.0,0.04287777777777779,False
27,cls,neighbors10,specter,abstract,False,0.43403888888888886,0.47691666666666666,0.04287777777777779,0.0,0.04287777777777779,False
27,cls,neighbors10,specter2,title,False,0.17279444444444447,0.2069333333333333,0.03413888888888883,0.0,0.03413888888888883,False
27,cls,neighbors10,specter2,abstract,False,0.4336444444444445,0.46778333333333333,0.03413888888888883,0.0,0.03413888888888883,False
27,cls,neighbors10,scincl,title,False,0.1894611111111112,0.22716666666666674,0.03770555555555555,0.0,0.03770555555555555,False
27,cls,neighbors10,scincl,abstract,False,0.5071111111111113,0.5448166666666668,0.03770555555555555,0.0,0.03770555555555555,False
27,cls,neighbors10,scibert,title,True,-0.1425722222222222,-0.05269999999999997,0.08987222222222224,0.051999999999999935,0.14187222222222218,False
27,cls,neighbors10,scibert,abstract,True,0.5790777777777778,0.5267999999999999,-0.05227777777777787,0.19415000000000004,0.14187222222222218,False
27,cls,neighbors10,bert,title,True,-0.1041444444444446,-0.056844444444444475,0.04730000000000012,0.07169999999999999,0.1190000000000001,False
27,cls,neighbors10,bert,abstract,True,0.5734555555555554,0.34910555555555556,-0.22434999999999983,0.34334999999999993,0.1190000000000001,False
27,cls,neighbors10,mpnet,title,False,0.2139333333333332,0.2523888888888888,0.038455555555555576,0.0,0.038455555555555576,False
27,cls,neighbors10,mpnet,abstract,False,0.5300333333333331,0.5684888888888887,0.038455555555555576,0.0,0.038455555555555576,False
27,cls,neighbors10,minilm,title,False,0.15618333333333334,0.19672222222222224,0.0405388888888889,0.0,0.0405388888888889,False
27,cls,neighbors10,minilm,abstract,False,0.4930333333333333,0.5335722222222222,0.0405388888888889,0.0,0.0405388888888889,False
27,cls,neighbors10,pubmedbert,title,True,-0.10377777777777775,-0.06816111111111112,0.03561666666666663,0.08749999999999991,0.12311666666666654,False
27,cls,neighbors10,pubmedbert,abstract,True,0.5969722222222222,0.6116388888888888,0.014666666666666606,0.10844999999999994,0.12311666666666654,False
27,cls,neighbors10,biobert,title,True,-0.1187611111111112,-0.059799999999999964,0.05896111111111124,0.06169999999999998,0.12066111111111122,False
27,cls,neighbors10,biobert,abstract,True,0.5468888888888888,0.57415,0.02726111111111129,0.09339999999999993,0.12066111111111122,False
27,cls,neighbors10,simcse,title,False,-0.06593333333333329,-0.021444444444444377,0.04448888888888891,0.0,0.04448888888888891,False
27,cls,neighbors10,simcse,abstract,False,0.49921666666666664,0.5437055555555556,0.04448888888888891,0.0,0.04448888888888891,False
27,cls,neighbors25,specter,title,False,0.17253333333333343,0.2161088888888889,0.04357555555555548,0.0,0.04357555555555548,False
27,cls,neighbors25,specter,abstract,False,0.4426733333333335,0.48624888888888895,0.04357555555555548,0.0,0.04357555555555548,False
27,cls,neighbors25,specter2,title,False,0.18764222222222227,0.22324444444444447,0.0356022222222222,0.0,0.0356022222222222,False
27,cls,neighbors25,specter2,abstract,False,0.4381022222222223,0.4737044444444445,0.0356022222222222,0.0,0.0356022222222222,False
27,cls,neighbors25,scincl,title,False,0.20558888888888893,0.24531999999999987,0.03973111111111094,0.0,0.03973111111111094,False
27,cls,neighbors25,scincl,abstract,False,0.5013888888888889,0.5411199999999998,0.03973111111111094,0.0,0.03973111111111094,False
27,cls,neighbors25,scibert,title,True,-0.14613333333333345,-0.058184444444444594,0.08794888888888885,0.05730000000000002,0.14524888888888887,False
27,cls,neighbors25,scibert,abstract,True,0.5615066666666666,0.5408955555555555,-0.020611111111111136,0.16586,0.14524888888888887,False
27,cls,neighbors25,bert,title,True,-0.0984666666666667,-0.06627555555555553,0.03219111111111117,0.08986000000000005,0.12205111111111122,False
27,cls,neighbors25,bert,abstract,True,0.5719133333333333,0.3805644444444445,-0.1913488888888888,0.3134,0.12205111111111122,False
27,cls,neighbors25,mpnet,title,False,0.21465333333333325,0.25586,0.041206666666666725,0.0,0.041206666666666725,False
27,cls,neighbors25,mpnet,abstract,False,0.5198733333333333,0.56108,0.041206666666666725,0.0,0.041206666666666725,False
27,cls,neighbors25,minilm,title,False,0.15846222222222206,0.20088444444444442,0.04242222222222236,0.0,0.04242222222222236,False
27,cls,neighbors25,minilm,abstract,False,0.48694222222222217,0.5293644444444445,0.04242222222222236,0.0,0.04242222222222236,False
27,cls,neighbors25,pubmedbert,title,True,-0.10362888888888888,-0.07438888888888884,0.029240000000000044,0.09134000000000009,0.12058000000000013,False
27,cls,neighbors25,pubmedbert,abstract,True,0.587811111111111,0.6158511111111112,0.028040000000000287,0.09253999999999984,0.12058000000000013,False
27,cls,neighbors25,biobert,title,True,-0.12262444444444454,-0.06430666666666651,0.058317777777778024,0.05740000000000001,0.11571777777777803,False
27,cls,neighbors25,biobert,abstract,True,0.5356555555555554,0.5712133333333336,0.03555777777777813,0.0801599999999999,0.11571777777777803,False
27,cls,neighbors25,simcse,title,False,-0.06229333333333331,-0.015695555555555463,0.04659777777777785,0.0,0.04659777777777785,False
27,cls,neighbors25,simcse,abstract,False,0.5129666666666667,0.5595644444444445,0.04659777777777785,0.0,0.04659777777777785,False
27,cls,neighbors50,specter,title,False,0.18274111111111124,0.22599222222222237,0.04325111111111113,0.0,0.04325111111111113,False
27,cls,neighbors50,specter,abstract,False,0.4402611111111111,0.48351222222222223,0.04325111111111113,0.0,0.04325111111111113,False
27,cls,neighbors50,specter2,title,False,0.19763333333333333,0.23373777777777782,0.036104444444444495,0.0,0.036104444444444495,False
27,cls,neighbors50,specter2,abstract,False,0.43425333333333327,0.47035777777777776,0.036104444444444495,0.0,0.036104444444444495,False
27,cls,neighbors50,scincl,title,False,0.2116622222222222,0.25077000000000016,0.03910777777777796,0.0,0.03910777777777796,False
27,cls,neighbors50,scincl,abstract,False,0.49250222222222206,0.53161,0.03910777777777796,0.0,0.03910777777777796,False
27,cls,neighbors50,scibert,title,True,-0.1404522222222222,-0.05935666666666661,0.08109555555555559,0.061410000000000076,0.14250555555555566,False
27,cls,neighbors50,scibert,abstract,True,0.5469077777777778,0.5428333333333334,-0.004074444444444381,0.14658000000000004,0.14250555555555566,False
27,cls,neighbors50,bert,title,True,-0.0865800000000001,-0.07335555555555562,0.013224444444444483,0.10885999999999996,0.12208444444444444,False
27,cls,neighbors50,bert,abstract,True,0.5596099999999999,0.3930744444444444,-0.16653555555555555,0.28862,0.12208444444444444,False
27,cls,neighbors50,mpnet,title,False,0.21697,0.2590133333333333,0.04204333333333332,0.0,0.04204333333333332,False
27,cls,neighbors50,mpnet,abstract,False,0.50557,0.5476133333333333,0.04204333333333332,0.0,0.04204333333333332,False
27,cls,neighbors50,minilm,title,False,0.15843999999999991,0.20198444444444452,0.04354444444444461,0.0,0.04354444444444461,False
27,cls,neighbors50,minilm,abstract,False,0.47434999999999994,0.5178944444444445,0.04354444444444461,0.0,0.04354444444444461,False
27,cls,neighbors50,pubmedbert,title,True,-0.10404333333333327,-0.0756688888888889,0.02837444444444437,0.08925000000000005,0.11762444444444442,False
27,cls,neighbors50,pubmedbert,abstract,True,0.5691966666666667,0.6060511111111112,0.03685444444444452,0.0807699999999999,0.11762444444444442,False
27,cls,neighbors50,biobert,title,True,-0.1287533333333334,-0.06949444444444441,0.05925888888888897,0.05058999999999991,0.10984888888888888,False
27,cls,neighbors50,biobert,abstract,True,0.5214866666666665,0.5560955555555555,0.03460888888888891,0.07523999999999997,0.10984888888888888,False
27,cls,neighbors50,simcse,title,False,-0.05841444444444455,-0.011428888888888933,0.046985555555555614,0.0,0.046985555555555614,False
27,cls,neighbors50,simcse,abstract,False,0.5111955555555555,0.5581811111111111,0.046985555555555614,0.0,0.046985555555555614,False
27,sep,cka,specter,title,False,0.2628289679942597,0.27200154645862656,0.009172578464366865,0.0,0.009172578464366865,False
27,sep,cka,specter,abstract,False,0.39620339720442765,0.4053759756687945,0.009172578464366865,0.0,0.009172578464366865,False
27,sep,cka,specter2,title,False,0.2760893762028537,0.28509924721216606,0.009009871009312387,0.0,0.009009871009312387,False
27,sep,cka,specter2,abstract,False,0.40932578116254614,0.41833565217185853,0.009009871009312387,0.0,0.009009871009312387,False
27,sep,cka,scincl,title,False,0.2696977391684789,0.28034074903314427,0.010643009864665376,0.0,0.010643009864665376,False
27,sep,cka,scincl,abstract,False,0.4096689811400204,0.4203119910046858,0.010643009864665376,0.0,0.010643009864665376,False
27,sep,cka,scibert,title,True,-0.191064909817052,-0.08985201063255344,0.10121289918449855,0.11199672040628172,0.21320961959078027,False
27,sep,cka,scibert,abstract,True,0.4250333689729105,0.5711743300832975,0.14614096111038705,0.06706865848039323,0.21320961959078027,False
27,sep,cka,bert,title,True,0.01800422448779254,-0.03342670061029174,-0.05143092509808428,0.4719768720647658,0.4205459469666815,True
27,sep,cka,bert,abstract,True,0.42414126724283446,0.6458554091276376,0.22171414188480315,0.19883180508187837,0.4205459469666815,False
27,sep,cka,mpnet,title,False,0.26598159173550545,0.27560625397511285,0.009624662239607396,0.0,0.009624662239607396,False
27,sep,cka,mpnet,abstract,False,0.41226458109155967,0.42188924333116706,0.009624662239607396,0.0,0.009624662239607396,False
27,sep,cka,minilm,title,False,0.21882049014282123,0.2368062970229765,0.017985806880155275,0.0,0.017985806880155275,False
27,sep,cka,minilm,abstract,False,0.4129059430523164,0.4308917499324717,0.017985806880155275,0.0,0.017985806880155275,False
27,sep,cka,pubmedbert,title,True,-0.12285576894367534,-0.04893241782308261,0.07392335112059273,-0.12692119466400298,-0.05299784354341025,False
27,sep,cka,pubmedbert,abstract,True,0.4599021469037454,0.40152809495786307,-0.058374051945882355,0.005376208402472105,-0.05299784354341025,False
27,sep,cka,biobert,title,True,-0.26896531536282864,-0.007278317369566911,0.2616869979932617,-0.23508194452887543,0.026605053464386297,False
27,sep,cka,biobert,abstract,True,0.40998827885239575,0.443189011840407,0.03320073298801124,-0.006595679523624942,0.026605053464386297,False
27,sep,cka,simcse,title,False,-0.05158679133298738,0.02203542722818752,0.0736222185611749,0.0,0.0736222185611749,True
27,sep,cka,simcse,abstract,False,0.4604695515271757,0.5340917700883506,0.0736222185611749,0.0,0.0736222185611749,False
27,sep,neighbors10,specter,title,False,0.14753888888888889,0.1446333333333334,-0.0029055555555554946,0.0,-0.0029055555555554946,False
27,sep,neighbors10,specter,abstract,False,0.43403888888888886,0.43113333333333337,-0.0029055555555554946,0.0,-0.0029055555555554946,False
27,sep,neighbors10,specter2,title,False,0.17279444444444447,0.17090555555555553,-0.00188888888888894,0.0,-0.00188888888888894,False
27,sep,neighbors10,specter2,abstract,False,0.4336444444444445,0.43175555555555556,-0.00188888888888894,0.0,-0.00188888888888894,False
27,sep,neighbors10,scincl,title,False,0.1894611111111112,0.18476111111111115,-0.0047000000000000375,0.0,-0.0047000000000000375,False
27,sep,neighbors10,scincl,abstract,False,0.5071111111111113,0.5024111111111113,-0.0047000000000000375,0.0,-0.0047000000000000375,False
27,sep,neighbors10,scibert,title,True,-0.1425722222222222,-0.04472777777777781,0.0978444444444444,0.05019999999999991,0.1480444444444443,False
27,sep,neighbors10,scibert,abstract,True,0.5790777777777778,0.5381722222222222,-0.04090555555555564,0.18894999999999995,0.1480444444444443,False
27,sep,neighbors10,bert,title,True,-0.1041444444444446,-0.04644999999999999,0.057694444444444604,0.054849999999999954,0.11254444444444456,False
27,sep,neighbors10,bert,abstract,True,0.5734555555555554,0.41915,-0.15430555555555536,0.2668499999999999,0.11254444444444456,False
27,sep,neighbors10,mpnet,title,False,0.2139333333333332,0.2096055555555556,-0.004327777777777597,0.0,-0.004327777777777597,False
27,sep,neighbors10,mpnet,abstract,False,0.5300333333333331,0.5257055555555555,-0.004327777777777597,0.0,-0.004327777777777597,False
27,sep,neighbors10,minilm,title,False,0.15618333333333334,0.15588333333333337,-0.00029999999999996696,0.0,-0.00029999999999996696,False
27,sep,neighbors10,minilm,abstract,False,0.4930333333333333,0.49273333333333336,-0.00029999999999996696,0.0,-0.00029999999999996696,False
27,sep,neighbors10,pubmedbert,title,True,-0.10377777777777775,-0.04067777777777781,0.06309999999999993,-0.08305000000000007,-0.019950000000000134,False
27,sep,neighbors10,pubmedbert,abstract,True,0.5969722222222222,0.5657222222222221,-0.03125000000000011,0.011299999999999977,-0.019950000000000134,False
27,sep,neighbors10,biobert,title,True,-0.1187611111111112,-0.019133333333333336,0.09962777777777787,-0.06525000000000003,0.03437777777777784,False
27,sep,neighbors10,biobert,abstract,True,0.5468888888888888,0.6138666666666667,0.06697777777777791,-0.03260000000000007,0.03437777777777784,False
27,sep,neighbors10,simcse,title,False,-0.06593333333333329,-0.04183888888888876,0.02409444444444453,0.0,0.02409444444444453,False
27,sep,neighbors10,simcse,abstract,False,0.49921666666666664,0.5233111111111112,0.02409444444444453,0.0,0.02409444444444453,False
27,sep,neighbors25,specter,title,False,0.17253333333333343,0.1686955555555555,-0.00383777777777794,0.0,-0.00383777777777794,False
27,sep,neighbors25,specter,abstract,False,0.4426733333333335,0.43883555555555553,-0.00383777777777794,0.0,-0.00383777777777794,False
27,sep,neighbors25,specter2,title,False,0.18764222222222227,0.18507555555555566,-0.002566666666666606,0.0,-0.002566666666666606,False
27,sep,neighbors25,specter2,abstract,False,0.4381022222222223,0.4355355555555557,-0.002566666666666606,0.0,-0.002566666666666606,False
27,sep,neighbors25,scincl,title,False,0.20558888888888893,0.2004933333333333,-0.005095555555555631,0.0,-0.005095555555555631,False
27,sep,neighbors25,scincl,abstract,False,0.5013888888888889,0.49629333333333325,-0.005095555555555631,0.0,-0.005095555555555631,False
27,sep,neighbors25,scibert,title,True,-0.14613333333333345,-0.05279111111111112,0.09334222222222233,0.056579999999999964,0.1499222222222223,False
27,sep,neighbors25,scibert,abstract,True,0.5615066666666666,0.5488088888888889,-0.012697777777777697,0.16262,0.1499222222222223,False
27,sep,neighbors25,bert,title,True,-0.0984666666666667,-0.05267111111111111,0.04579555555555559,0.07334000000000007,0.11913555555555566,False
27,sep,neighbors25,bert,abstract,True,0.5719133333333333,0.43252888888888896,-0.1393844444444443,0.25851999999999997,0.11913555555555566,False
27,sep,neighbors25,mpnet,title,False,0.21465333333333325,0.2100644444444444,-0.004588888888888865,0.0,-0.004588888888888865,False
27,sep,neighbors25,mpnet,abstract,False,0.5198733333333333,0.5152844444444444,-0.004588888888888865,0.0,-0.004588888888888865,False
27,sep,neighbors25,minilm,title,False,0.15846222222222206,0.15785777777777776,-0.0006044444444442965,0.0,-0.0006044444444442965,False
27,sep,neighbors25,minilm,abstract,False,0.48694222222222217,0.48633777777777787,-0.0006044444444442965,0.0,-0.0006044444444442965,False
27,sep,neighbors25,pubmedbert,title,True,-0.10362888888888888,-0.04308222222222213,0.06054666666666675,-0.08433999999999997,-0.023793333333333222,False
27,sep,neighbors25,pubmedbert,abstract,True,0.587811111111111,0.5462177777777778,-0.04159333333333315,0.017799999999999927,-0.023793333333333222,False
27,sep,neighbors25,biobert,title,True,-0.12262444444444454,-0.006651111111111052,0.11597333333333348,-0.08877999999999997,0.027193333333333514,False
27,sep,neighbors25,biobert,abstract,True,0.5356555555555554,0.5911288888888889,0.055473333333333485,-0.028279999999999972,0.027193333333333514,False
27,sep,neighbors25,simcse,title,False,-0.06229333333333331,-0.037044444444444435,0.025248888888888876,0.0,0.025248888888888876,False
27,sep,neighbors25,simcse,abstract,False,0.5129666666666667,0.5382155555555556,0.025248888888888876,0.0,0.025248888888888876,False
27,sep,neighbors50,specter,title,False,0.18274111111111124,0.17872999999999994,-0.0040111111111112985,0.0,-0.0040111111111112985,False
27,sep,neighbors50,specter,abstract,False,0.4402611111111111,0.4362499999999998,-0.0040111111111112985,0.0,-0.0040111111111112985,False
27,sep,neighbors50,specter2,title,False,0.19763333333333333,0.19517111111111118,-0.0024622222222221435,0.0,-0.0024622222222221435,False
27,sep,neighbors50,specter2,abstract,False,0.43425333333333327,0.4317911111111111,-0.0024622222222221435,0.0,-0.0024622222222221435,False
27,sep,neighbors50,scincl,title,False,0.2116622222222222,0.20635555555555563,-0.005306666666666571,0.0,-0.005306666666666571,False
27,sep,neighbors50,scincl,abstract,False,0.49250222222222206,0.4871955555555555,-0.005306666666666571,0.0,-0.005306666666666571,False
27,sep,neighbors50,scibert,title,True,-0.1404522222222222,-0.05460222222222233,0.08584999999999987,0.06061000000000005,0.14645999999999992,False
27,sep,neighbors50,scibert,abstract,True,0.5469077777777778,0.5435777777777777,-0.003330000000000055,0.14978999999999998,0.14645999999999992,False
27,sep,neighbors50,bert,title,True,-0.0865800000000001,-0.05405777777777776,0.03252222222222234,0.09189000000000003,0.12441222222222237,False
27,sep,neighbors50,bert,abstract,True,0.5596099999999999,0.43896222222222225,-0.12064777777777769,0.24506000000000006,0.12441222222222237,False
27,sep,neighbors50,mpnet,title,False,0.21697,0.21221222222222214,-0.004757777777777861,0.0,-0.004757777777777861,False
27,sep,neighbors50,mpnet,abstract,False,0.50557,0.5008122222222221,-0.004757777777777861,0.0,-0.004757777777777861,False
27,sep,neighbors50,minilm,title,False,0.15843999999999991,0.15847888888888895,3.8888888889032636e-05,0.0,3.8888888889032636e-05,False
27,sep,neighbors50,minilm,abstract,False,0.47434999999999994,0.47438888888888897,3.8888888889032636e-05,0.0,3.8888888889032636e-05,False
27,sep,neighbors50,pubmedbert,title,True,-0.10404333333333327,-0.040125555555555414,0.06391777777777785,-0.08653999999999995,-0.0226222222222221,False
27,sep,neighbors50,pubmedbert,abstract,True,0.5691966666666667,0.5281944444444445,-0.04100222222222216,0.018380000000000063,-0.0226222222222221,False
27,sep,neighbors50,biobert,title,True,-0.1287533333333334,-0.0020911111111111547,0.12666222222222223,-0.10519,0.021472222222222226,False
27,sep,neighbors50,biobert,abstract,True,0.5214866666666665,0.5700888888888889,0.048602222222222324,-0.0271300000000001,0.021472222222222226,False
27,sep,neighbors50,simcse,title,False,-0.05841444444444455,-0.03262666666666669,0.025787777777777854,0.0,0.025787777777777854,False
27,sep,neighbors50,simcse,abstract,False,0.5111955555555555,0.5369833333333334,0.025787777777777854,0.0,0.025787777777777854,False
28,cls,cka,specter,title,False,0.15263473583730108,0.22713958854050326,0.07450485270320217,0.0,0.07450485270320217,False
28,cls,cka,specter,abstract,False,0.3111884119129947,0.38569326461619685,0.07450485270320217,0.0,0.07450485270320217,False
28,cls,cka,specter2,title,False,0.16401897426261558,0.245472001776517,0.08145302751390143,0.0,0.08145302751390143,False
28,cls,cka,specter2,abstract,False,0.3134461455470322,0.39489917306093364,0.08145302751390143,0.0,0.08145302751390143,False
28,cls,cka,scincl,title,False,0.15390865577270324,0.23726464478818754,0.0833559890154843,0.0,0.0833559890154843,False
28,cls,cka,scincl,abstract,False,0.308609467657266,0.3919654566727503,0.0833559890154843,0.0,0.0833559890154843,False
28,cls,cka,scibert,title,True,-0.1863489746731518,-0.08868346384466252,0.09766551082848929,0.09787269252043185,0.19553820334892114,False
28,cls,cka,scibert,abstract,True,0.3373180944512304,0.5031923941173474,0.165874299666117,0.029663903682804138,0.19553820334892114,False
28,cls,cka,bert,title,True,0.013578203694559976,-0.10909239606858623,-0.1226705997631462,0.3251577897066067,0.2024871899434605,True
28,cls,cka,bert,abstract,True,0.33582507738374323,0.46112894794978754,0.1253038705660443,0.07718331937741618,0.2024871899434605,False
28,cls,cka,mpnet,title,False,0.15052588448418608,0.23404956887902778,0.0835236843948417,0.0,0.0835236843948417,False
28,cls,cka,mpnet,abstract,False,0.30742166041354596,0.39094534480838766,0.0835236843948417,0.0,0.0835236843948417,False
28,cls,cka,minilm,title,False,0.1037874308052924,0.18614639878489259,0.08235896797960018,0.0,0.08235896797960018,False
28,cls,cka,minilm,abstract,False,0.3143895015280188,0.396748469507619,0.08235896797960018,0.0,0.08235896797960018,False
28,cls,cka,pubmedbert,title,True,-0.09570026991656855,-0.1519722983204589,-0.05627202840389034,0.23265836798386752,0.17638633957997718,False
28,cls,cka,pubmedbert,abstract,True,0.34913139697549367,0.5063528081142277,0.157221411138734,0.01916492844124318,0.17638633957997718,False
28,cls,cka,biobert,title,True,-0.2966828651491896,-0.24482573714351225,0.05185712800567738,0.07168740785021799,0.12354453585589537,False
28,cls,cka,biobert,abstract,True,0.2937674045053731,0.40318890913917677,0.10942150463380368,0.014123031222091686,0.12354453585589537,False
28,cls,cka,simcse,title,False,-0.06845186817448645,-0.010349768095787026,0.058102100078699426,0.0,0.058102100078699426,False
28,cls,cka,simcse,abstract,False,0.38820718942534116,0.4463092895040406,0.058102100078699426,0.0,0.058102100078699426,False
28,cls,neighbors10,specter,title,False,0.05650555555555559,0.10446666666666671,0.04796111111111112,0.0,0.04796111111111112,False
28,cls,neighbors10,specter,abstract,False,0.3840055555555556,0.4319666666666667,0.04796111111111112,0.0,0.04796111111111112,False
28,cls,neighbors10,specter2,title,False,0.07965,0.12583333333333324,0.04618333333333324,0.0,0.04618333333333324,False
28,cls,neighbors10,specter2,abstract,False,0.42385000000000006,0.4700333333333333,0.04618333333333324,0.0,0.04618333333333324,False
28,cls,neighbors10,scincl,title,False,0.09353888888888906,0.13926111111111117,0.04572222222222211,0.0,0.04572222222222211,False
28,cls,neighbors10,scincl,abstract,False,0.45538888888888907,0.5011111111111112,0.04572222222222211,0.0,0.04572222222222211,False
28,cls,neighbors10,scibert,title,True,-0.16965555555555556,-0.060827777777777814,0.10882777777777775,0.05535000000000001,0.16417777777777776,False
28,cls,neighbors10,scibert,abstract,True,0.5424444444444444,0.5113722222222222,-0.031072222222222168,0.19524999999999992,0.16417777777777776,False
28,cls,neighbors10,bert,title,True,-0.13650555555555544,-0.07086111111111104,0.0656444444444444,0.07145000000000001,0.1370944444444444,False
28,cls,neighbors10,bert,abstract,True,0.5550944444444446,0.37178888888888895,-0.1833055555555556,0.3204,0.1370944444444444,False
28,cls,neighbors10,mpnet,title,False,0.10803888888888902,0.15678333333333339,0.04874444444444437,0.0,0.04874444444444437,False
28,cls,neighbors10,mpnet,abstract,False,0.493388888888889,0.5421333333333334,0.04874444444444437,0.0,0.04874444444444437,False
28,cls,neighbors10,minilm,title,False,0.06213333333333326,0.11068333333333336,0.04855000000000009,0.0,0.04855000000000009,False
28,cls,neighbors10,minilm,abstract,False,0.4626833333333332,0.5112333333333333,0.04855000000000009,0.0,0.04855000000000009,False
28,cls,neighbors10,pubmedbert,title,True,-0.12823333333333342,-0.07855000000000012,0.0496833333333333,0.0927,0.1423833333333333,False
28,cls,neighbors10,pubmedbert,abstract,True,0.5620666666666666,0.5774499999999999,0.015383333333333304,0.127,0.1423833333333333,False
28,cls,neighbors10,biobert,title,True,-0.15583333333333327,-0.08121111111111112,0.07462222222222215,0.05920000000000003,0.13382222222222218,False
28,cls,neighbors10,biobert,abstract,True,0.5148666666666667,0.5691888888888889,0.05432222222222216,0.07950000000000002,0.13382222222222218,False
28,cls,neighbors10,simcse,title,False,-0.09118888888888887,-0.04108333333333325,0.050105555555555625,0.0,0.050105555555555625,False
28,cls,neighbors10,simcse,abstract,False,0.4917611111111111,0.5418666666666667,0.050105555555555625,0.0,0.050105555555555625,False
28,cls,neighbors25,specter,title,False,0.06564222222222227,0.11799777777777776,0.05235555555555549,0.0,0.05235555555555549,False
28,cls,neighbors25,specter,abstract,False,0.3803822222222223,0.4327377777777778,0.05235555555555549,0.0,0.05235555555555549,False
28,cls,neighbors25,specter2,title,False,0.09007555555555558,0.1394577777777778,0.049382222222222216,0.0,0.049382222222222216,False
28,cls,neighbors25,specter2,abstract,False,0.41421555555555567,0.4635977777777779,0.049382222222222216,0.0,0.049382222222222216,False
28,cls,neighbors25,scincl,title,False,0.10911111111111116,0.15829777777777776,0.0491866666666666,0.0,0.0491866666666666,False
28,cls,neighbors25,scincl,abstract,False,0.4488511111111111,0.4980377777777777,0.0491866666666666,0.0,0.0491866666666666,False
28,cls,neighbors25,scibert,title,True,-0.17602000000000007,-0.0686755555555556,0.10734444444444446,0.061900000000000066,0.16924444444444453,False
28,cls,neighbors25,scibert,abstract,True,0.5167999999999999,0.5137644444444444,-0.003035555555555569,0.1722800000000001,0.16924444444444453,False
28,cls,neighbors25,bert,title,True,-0.13600000000000012,-0.08480888888888871,0.05119111111111141,0.09457999999999989,0.1457711111111113,False
28,cls,neighbors25,bert,abstract,True,0.5368399999999999,0.3895711111111113,-0.14726888888888856,0.29303999999999986,0.1457711111111113,False
28,cls,neighbors25,mpnet,title,False,0.11120666666666656,0.1643688888888888,0.05316222222222222,0.0,0.05316222222222222,False
28,cls,neighbors25,mpnet,abstract,False,0.47532666666666656,0.5284888888888888,0.05316222222222222,0.0,0.05316222222222222,False
28,cls,neighbors25,minilm,title,False,0.0638266666666667,0.11685111111111113,0.05302444444444443,0.0,0.05302444444444443,False
28,cls,neighbors25,minilm,abstract,False,0.44798666666666664,0.5010111111111111,0.05302444444444443,0.0,0.05302444444444443,False
28,cls,neighbors25,pubmedbert,title,True,-0.13108444444444456,-0.0876311111111111,0.043453333333333455,0.10373999999999994,0.1471933333333334,False
28,cls,neighbors25,pubmedbert,abstract,True,0.5358155555555555,0.5723688888888889,0.03655333333333344,0.11063999999999996,0.1471933333333334,False
28,cls,neighbors25,biobert,title,True,-0.16810222222222215,-0.09341333333333335,0.0746888888888888,0.06162000000000001,0.1363088888888888,False
28,cls,neighbors25,biobert,abstract,True,0.4938177777777778,0.5563066666666666,0.062488888888888816,0.07382,0.1363088888888888,False
28,cls,neighbors25,simcse,title,False,-0.09576444444444443,-0.04268222222222218,0.05308222222222225,0.0,0.05308222222222225,False
28,cls,neighbors25,simcse,abstract,False,0.48803555555555544,0.5411177777777777,0.05308222222222225,0.0,0.05308222222222225,False
28,cls,neighbors50,specter,title,False,0.07035888888888897,0.12419888888888897,0.05384,0.0,0.05384,False
28,cls,neighbors50,specter,abstract,False,0.37271888888888893,0.42655888888888893,0.05384,0.0,0.05384,False
28,cls,neighbors50,specter2,title,False,0.09548888888888885,0.14687777777777777,0.05138888888888893,0.0,0.05138888888888893,False
28,cls,neighbors50,specter2,abstract,False,0.40261888888888886,0.4540077777777778,0.05138888888888893,0.0,0.05138888888888893,False
28,cls,neighbors50,scincl,title,False,0.11372888888888888,0.16478555555555552,0.05105666666666664,0.0,0.05105666666666664,False
28,cls,neighbors50,scincl,abstract,False,0.4327888888888888,0.4838455555555554,0.05105666666666664,0.0,0.05105666666666664,False
28,cls,neighbors50,scibert,title,True,-0.17678000000000005,-0.07202999999999993,0.10475000000000012,0.06332999999999989,0.16808,False
28,cls,neighbors50,scibert,abstract,True,0.49158,0.5080300000000001,0.016450000000000076,0.15162999999999993,0.16808,False
28,cls,neighbors50,bert,title,True,-0.12826666666666675,-0.09423333333333339,0.03403333333333336,0.11502000000000001,0.14905333333333337,False
28,cls,neighbors50,bert,abstract,True,0.5146233333333333,0.39577666666666667,-0.11884666666666666,0.2679,0.14905333333333337,False
28,cls,neighbors50,mpnet,title,False,0.1168744444444445,0.1706833333333334,0.053808888888888906,0.0,0.053808888888888906,False
28,cls,neighbors50,mpnet,abstract,False,0.4546644444444444,0.5084733333333333,0.053808888888888906,0.0,0.053808888888888906,False
28,cls,neighbors50,minilm,title,False,0.06341333333333332,0.11779666666666666,0.05438333333333334,0.0,0.05438333333333334,False
28,cls,neighbors50,minilm,abstract,False,0.4307133333333333,0.4850966666666666,0.05438333333333334,0.0,0.05438333333333334,False
28,cls,neighbors50,pubmedbert,title,True,-0.12706111111111107,-0.09131888888888906,0.03574222222222201,0.10958000000000001,0.14532222222222202,False
28,cls,neighbors50,pubmedbert,abstract,True,0.5064588888888889,0.554841111111111,0.048382222222222104,0.09693999999999992,0.14532222222222202,False
28,cls,neighbors50,biobert,title,True,-0.1766399999999999,-0.10132444444444444,0.07531555555555547,0.05735000000000001,0.13266555555555548,False
28,cls,neighbors50,biobert,abstract,True,0.46525000000000005,0.5327855555555556,0.06753555555555557,0.06512999999999991,0.13266555555555548,False
28,cls,neighbors50,simcse,title,False,-0.09123555555555563,-0.03754333333333337,0.05369222222222225,0.0,0.05369222222222225,False
28,cls,neighbors50,simcse,abstract,False,0.47668444444444436,0.5303766666666666,0.05369222222222225,0.0,0.05369222222222225,False
28,sep,cka,specter,title,False,0.15263473583730108,0.18182705846151964,0.02919232262421856,0.0,0.02919232262421856,False
28,sep,cka,specter,abstract,False,0.3111884119129947,0.34038073453721324,0.02919232262421856,0.0,0.02919232262421856,False
28,sep,cka,specter2,title,False,0.16401897426261558,0.19540842965062005,0.03138945538800447,0.0,0.03138945538800447,False
28,sep,cka,specter2,abstract,False,0.3134461455470322,0.3448356009350367,0.03138945538800447,0.0,0.03138945538800447,False
28,sep,cka,scincl,title,False,0.15390865577270324,0.18520911663272716,0.031300460860023915,0.0,0.031300460860023915,False
28,sep,cka,scincl,abstract,False,0.308609467657266,0.3399099285172899,0.031300460860023915,0.0,0.031300460860023915,False
28,sep,cka,scibert,title,True,-0.1863489746731518,-0.08834504687814027,0.09800392779501155,0.07962032982849754,0.17762425762350909,False
28,sep,cka,scibert,abstract,True,0.3373180944512304,0.46840164447536115,0.13108355002413075,0.04654070759937834,0.17762425762350909,False
28,sep,cka,bert,title,True,0.013578203694559976,-0.04050472861897236,-0.05408293231353234,0.46104508645445086,0.4069621541409185,True
28,sep,cka,bert,abstract,True,0.33582507738374323,0.5730717002334053,0.23724662284966203,0.1697155312912565,0.4069621541409185,False
28,sep,cka,mpnet,title,False,0.15052588448418608,0.18277957730243605,0.03225369281824997,0.0,0.03225369281824997,False
28,sep,cka,mpnet,abstract,False,0.30742166041354596,0.33967535323179593,0.03225369281824997,0.0,0.03225369281824997,False
28,sep,cka,minilm,title,False,0.1037874308052924,0.13952990202629367,0.03574247122100127,0.0,0.03574247122100127,False
28,sep,cka,minilm,abstract,False,0.3143895015280188,0.3501319727490201,0.03574247122100127,0.0,0.03574247122100127,False
28,sep,cka,pubmedbert,title,True,-0.09570026991656855,-0.07194974778676949,0.023750522129799057,-0.03311811908464024,-0.009367596954841184,False
28,sep,cka,pubmedbert,abstract,True,0.34913139697549367,0.33458660028118453,-0.014544796694309137,0.0051771997394679525,-0.009367596954841184,False
28,sep,cka,biobert,title,True,-0.2966828651491896,-0.023310364281163398,0.2733725008680262,-0.23037238343811872,0.0430001174299075,False
28,sep,cka,biobert,abstract,True,0.2937674045053731,0.3416145363165486,0.0478471318111755,-0.004847014381268,0.0430001174299075,False
28,sep,cka,simcse,title,False,-0.06845186817448645,-0.008200293936589165,0.06025157423789729,0.0,0.06025157423789729,False
28,sep,cka,simcse,abstract,False,0.38820718942534116,0.44845876366323845,0.06025157423789729,0.0,0.06025157423789729,False
28,sep,neighbors10,specter,title,False,0.05650555555555559,0.06044444444444452,0.003938888888888936,0.0,0.003938888888888936,False
28,sep,neighbors10,specter,abstract,False,0.3840055555555556,0.38794444444444454,0.003938888888888936,0.0,0.003938888888888936,False
28,sep,neighbors10,specter2,title,False,0.07965,0.08504999999999996,0.00539999999999996,0.0,0.00539999999999996,False
28,sep,neighbors10,specter2,abstract,False,0.42385000000000006,0.42925,0.00539999999999996,0.0,0.00539999999999996,False
28,sep,neighbors10,scincl,title,False,0.09353888888888906,0.09592777777777783,0.002388888888888774,0.0,0.002388888888888774,False
28,sep,neighbors10,scincl,abstract,False,0.45538888888888907,0.45777777777777784,0.002388888888888774,0.0,0.002388888888888774,False
28,sep,neighbors10,scibert,title,True,-0.16965555555555556,-0.06433333333333335,0.1053222222222222,0.05884999999999996,0.16417222222222216,False
28,sep,neighbors10,scibert,abstract,True,0.5424444444444444,0.5053666666666665,-0.037077777777777876,0.20125000000000004,0.16417222222222216,False
28,sep,neighbors10,bert,title,True,-0.13650555555555544,-0.08148333333333335,0.055022222222222084,0.05230000000000001,0.1073222222222221,False
28,sep,neighbors10,bert,abstract,True,0.5550944444444446,0.43686666666666674,-0.11822777777777782,0.22554999999999992,0.1073222222222221,False
28,sep,neighbors10,mpnet,title,False,0.10803888888888902,0.11115555555555567,0.0031166666666666565,0.0,0.0031166666666666565,False
28,sep,neighbors10,mpnet,abstract,False,0.493388888888889,0.49650555555555564,0.0031166666666666565,0.0,0.0031166666666666565,False
28,sep,neighbors10,minilm,title,False,0.06213333333333326,0.06840000000000002,0.006266666666666754,0.0,0.006266666666666754,False
28,sep,neighbors10,minilm,abstract,False,0.4626833333333332,0.46895,0.006266666666666754,0.0,0.006266666666666754,False
28,sep,neighbors10,pubmedbert,title,True,-0.12823333333333342,-0.0842222222222222,0.04401111111111122,-0.050650000000000084,-0.006638888888888861,False
28,sep,neighbors10,pubmedbert,abstract,True,0.5620666666666666,0.5296777777777777,-0.03238888888888891,0.02575000000000005,-0.006638888888888861,False
28,sep,neighbors10,biobert,title,True,-0.15583333333333327,-0.06291666666666662,0.09291666666666665,-0.05205000000000004,0.04086666666666661,False
28,sep,neighbors10,biobert,abstract,True,0.5148666666666667,0.5795333333333332,0.06466666666666654,-0.023799999999999932,0.04086666666666661,False
28,sep,neighbors10,simcse,title,False,-0.09118888888888887,-0.06998888888888888,0.021199999999999997,0.0,0.021199999999999997,False
28,sep,neighbors10,simcse,abstract,False,0.4917611111111111,0.5129611111111111,0.021199999999999997,0.0,0.021199999999999997,False
28,sep,neighbors25,specter,title,False,0.06564222222222227,0.06964222222222216,0.0039999999999998925,0.0,0.0039999999999998925,False
28,sep,neighbors25,specter,abstract,False,0.3803822222222223,0.3843822222222222,0.0039999999999998925,0.0,0.0039999999999998925,False
28,sep,neighbors25,specter2,title,False,0.09007555555555558,0.09517333333333344,0.005097777777777868,0.0,0.005097777777777868,False
28,sep,neighbors25,specter2,abstract,False,0.41421555555555567,0.41931333333333354,0.005097777777777868,0.0,0.005097777777777868,False
28,sep,neighbors25,scincl,title,False,0.10911111111111116,0.11164444444444444,0.0025333333333332764,0.0,0.0025333333333332764,False
28,sep,neighbors25,scincl,abstract,False,0.4488511111111111,0.45138444444444437,0.0025333333333332764,0.0,0.0025333333333332764,False
28,sep,neighbors25,scibert,title,True,-0.17602000000000007,-0.07386444444444451,0.10215555555555556,0.06490000000000007,0.16705555555555562,False
28,sep,neighbors25,scibert,abstract,True,0.5167999999999999,0.5080355555555555,-0.008764444444444464,0.1758200000000001,0.16705555555555562,False
28,sep,neighbors25,bert,title,True,-0.13600000000000012,-0.08974222222222228,0.04625777777777784,0.06813999999999998,0.11439777777777782,False
28,sep,neighbors25,bert,abstract,True,0.5368399999999999,0.4462977777777778,-0.09054222222222208,0.2049399999999999,0.11439777777777782,False
28,sep,neighbors25,mpnet,title,False,0.11120666666666656,0.11483777777777782,0.0036311111111112515,0.0,0.0036311111111112515,False
28,sep,neighbors25,mpnet,abstract,False,0.47532666666666656,0.4789577777777778,0.0036311111111112515,0.0,0.0036311111111112515,False
28,sep,neighbors25,minilm,title,False,0.0638266666666667,0.07039777777777778,0.006571111111111083,0.0,0.006571111111111083,False
28,sep,neighbors25,minilm,abstract,False,0.44798666666666664,0.4545577777777777,0.006571111111111083,0.0,0.006571111111111083,False
28,sep,neighbors25,pubmedbert,title,True,-0.13108444444444456,-0.08532444444444442,0.045760000000000134,-0.056540000000000035,-0.0107799999999999,False
28,sep,neighbors25,pubmedbert,abstract,True,0.5358155555555555,0.5012755555555556,-0.034539999999999904,0.023760000000000003,-0.0107799999999999,False
28,sep,neighbors25,biobert,title,True,-0.16810222222222215,-0.06259999999999988,0.10550222222222227,-0.06998000000000004,0.03552222222222223,False
28,sep,neighbors25,biobert,abstract,True,0.4938177777777778,0.55174,0.05792222222222221,-0.022399999999999975,0.03552222222222223,False
28,sep,neighbors25,simcse,title,False,-0.09576444444444443,-0.07313555555555551,0.02262888888888892,0.0,0.02262888888888892,False
28,sep,neighbors25,simcse,abstract,False,0.48803555555555544,0.5106644444444444,0.02262888888888892,0.0,0.02262888888888892,False
28,sep,neighbors50,specter,title,False,0.07035888888888897,0.07533555555555549,0.004976666666666518,0.0,0.004976666666666518,False
28,sep,neighbors50,specter,abstract,False,0.37271888888888893,0.37769555555555545,0.004976666666666518,0.0,0.004976666666666518,False
28,sep,neighbors50,specter2,title,False,0.09548888888888885,0.10147555555555543,0.005986666666666585,0.0,0.005986666666666585,False
28,sep,neighbors50,specter2,abstract,False,0.40261888888888886,0.40860555555555544,0.005986666666666585,0.0,0.005986666666666585,False
28,sep,neighbors50,scincl,title,False,0.11372888888888888,0.11676222222222232,0.0030333333333334433,0.0,0.0030333333333334433,False
28,sep,neighbors50,scincl,abstract,False,0.4327888888888888,0.4358222222222222,0.0030333333333334433,0.0,0.0030333333333334433,False
28,sep,neighbors50,scibert,title,True,-0.17678000000000005,-0.08177333333333336,0.09500666666666668,0.06962999999999997,0.16463666666666665,False
28,sep,neighbors50,scibert,abstract,True,0.49158,0.5000566666666667,0.008476666666666688,0.15615999999999997,0.16463666666666665,False
28,sep,neighbors50,bert,title,True,-0.12826666666666675,-0.09575888888888895,0.0325077777777778,0.08299999999999996,0.11550777777777776,False
28,sep,neighbors50,bert,abstract,True,0.5146233333333333,0.444701111111111,-0.06992222222222233,0.1854300000000001,0.11550777777777776,False
28,sep,neighbors50,mpnet,title,False,0.1168744444444445,0.12117000000000011,0.004295555555555608,0.0,0.004295555555555608,False
28,sep,neighbors50,mpnet,abstract,False,0.4546644444444444,0.45896000000000003,0.004295555555555608,0.0,0.004295555555555608,False
28,sep,neighbors50,minilm,title,False,0.06341333333333332,0.0703166666666668,0.006903333333333483,0.0,0.006903333333333483,False
28,sep,neighbors50,minilm,abstract,False,0.4307133333333333,0.43761666666666676,0.006903333333333483,0.0,0.006903333333333483,False
28,sep,neighbors50,pubmedbert,title,True,-0.12706111111111107,-0.08441333333333345,0.04264777777777762,-0.05304999999999993,-0.010402222222222313,False
28,sep,neighbors50,pubmedbert,abstract,True,0.5064588888888889,0.4751766666666667,-0.03128222222222221,0.0208799999999999,-0.010402222222222313,False
28,sep,neighbors50,biobert,title,True,-0.1766399999999999,-0.05508666666666673,0.12155333333333318,-0.09139999999999993,0.030153333333333254,False
28,sep,neighbors50,biobert,abstract,True,0.46525000000000005,0.5181933333333333,0.05294333333333323,-0.022789999999999977,0.030153333333333254,False
28,sep,neighbors50,simcse,title,False,-0.09123555555555563,-0.0684355555555557,0.02279999999999993,0.0,0.02279999999999993,False
28,sep,neighbors50,simcse,abstract,False,0.47668444444444436,0.4994844444444443,0.02279999999999993,0.0,0.02279999999999993,False
29,cls,cka,specter,title,False,0.17188968905010021,0.2372981365232077,0.06540844747310748,0.0,0.06540844747310748,False
29,cls,cka,specter,abstract,False,0.27801698557956783,0.3434254330526753,0.06540844747310748,0.0,0.06540844747310748,False
29,cls,cka,specter2,title,False,0.1987256653863136,0.2632608912237049,0.0645352258373913,0.0,0.0645352258373913,False
29,cls,cka,specter2,abstract,False,0.305074536366921,0.3696097622043123,0.0645352258373913,0.0,0.0645352258373913,False
29,cls,cka,scincl,title,False,0.1711510438141023,0.2363811530805895,0.0652301092664872,0.0,0.0652301092664872,False
29,cls,cka,scincl,abstract,False,0.29373769558339824,0.35896780484988544,0.0652301092664872,0.0,0.0652301092664872,False
29,cls,cka,scibert,title,True,-0.1760681180137731,-0.08756298965173281,0.08850512836204028,0.1068143030358587,0.19531943139789898,False
29,cls,cka,scibert,abstract,True,0.32453135536654454,0.49225434946961233,0.1677229941030678,0.02759643729483119,0.19531943139789898,False
29,cls,cka,bert,title,True,0.014078366227399941,-0.12153809729054976,-0.1356164635179497,0.30499684651020464,0.16938038299225494,True
29,cls,cka,bert,abstract,True,0.3247293633477361,0.4318333949007337,0.10710403155299758,0.06227635143925736,0.16938038299225494,False
29,cls,cka,mpnet,title,False,0.19409081861998578,0.261318312524332,0.06722749390434624,0.0,0.06722749390434624,False
29,cls,cka,mpnet,abstract,False,0.29079187953264474,0.358019373436991,0.06722749390434624,0.0,0.06722749390434624,False
29,cls,cka,minilm,title,False,0.1541732380272498,0.22193262688822535,0.06775938886097554,0.0,0.06775938886097554,False
29,cls,cka,minilm,abstract,False,0.2983376342638343,0.36609702312480985,0.06775938886097554,0.0,0.06775938886097554,False
29,cls,cka,pubmedbert,title,True,-0.10107128878660437,-0.1745564811396434,-0.07348519235303902,0.22880408254241513,0.1553188901893761,False
29,cls,cka,pubmedbert,abstract,True,0.3647670046588099,0.4999206045475383,0.13515359988872838,0.02016529030064773,0.1553188901893761,False
29,cls,cka,biobert,title,True,-0.2949921659734682,-0.24870722656351268,0.04628493940995554,0.045979543564967806,0.09226448297492335,False
29,cls,cka,biobert,abstract,True,0.3158676181464206,0.39378763672484723,0.07792001857842662,0.014344464396496726,0.09226448297492335,False
29,cls,cka,simcse,title,False,-0.07142409323665933,-0.011745872686611647,0.05967822055004768,0.0,0.05967822055004768,False
29,cls,cka,simcse,abstract,False,0.34159771499350244,0.4012759355435501,0.05967822055004768,0.0,0.05967822055004768,False
29,cls,neighbors10,specter,title,False,0.09416666666666662,0.138861111111111,0.04469444444444437,0.0,0.04469444444444437,False
29,cls,neighbors10,specter,abstract,False,0.3633666666666666,0.408061111111111,0.04469444444444437,0.0,0.04469444444444437,False
29,cls,neighbors10,specter2,title,False,0.13556111111111124,0.17276111111111114,0.0371999999999999,0.0,0.0371999999999999,False
29,cls,neighbors10,specter2,abstract,False,0.39641111111111127,0.43361111111111117,0.0371999999999999,0.0,0.0371999999999999,False
29,cls,neighbors10,scincl,title,False,0.11540000000000006,0.15647222222222223,0.04107222222222218,0.0,0.04107222222222218,False
29,cls,neighbors10,scincl,abstract,False,0.4344,0.4754722222222222,0.04107222222222218,0.0,0.04107222222222218,False
29,cls,neighbors10,scibert,title,True,-0.17895000000000016,-0.07532222222222218,0.10362777777777799,0.05279999999999996,0.15642777777777794,False
29,cls,neighbors10,scibert,abstract,True,0.5333499999999999,0.5122277777777777,-0.021122222222222153,0.1775500000000001,0.15642777777777794,False
29,cls,neighbors10,bert,title,True,-0.13637222222222223,-0.08006111111111114,0.05631111111111109,0.07614999999999994,0.13246111111111103,False
29,cls,neighbors10,bert,abstract,True,0.5386277777777777,0.37763888888888875,-0.16098888888888896,0.29345,0.13246111111111103,False
29,cls,neighbors10,mpnet,title,False,0.17050555555555558,0.21167222222222215,0.041166666666666574,0.0,0.041166666666666574,False
29,cls,neighbors10,mpnet,abstract,False,0.48315555555555556,0.5243222222222221,0.041166666666666574,0.0,0.041166666666666574,False
29,cls,neighbors10,minilm,title,False,0.13020555555555557,0.17346666666666666,0.043261111111111084,0.0,0.043261111111111084,False
29,cls,neighbors10,minilm,abstract,False,0.4565555555555555,0.4998166666666666,0.043261111111111084,0.0,0.043261111111111084,False
29,cls,neighbors10,pubmedbert,title,True,-0.13351666666666673,-0.08551666666666669,0.04800000000000004,0.08199999999999996,0.13,False
29,cls,neighbors10,pubmedbert,abstract,True,0.5582333333333332,0.5826333333333333,0.02440000000000009,0.10559999999999992,0.13,False
29,cls,neighbors10,biobert,title,True,-0.15354444444444448,-0.08800000000000008,0.0655444444444444,0.05105000000000004,0.11659444444444444,False
29,cls,neighbors10,biobert,abstract,True,0.5121555555555556,0.5409999999999999,0.02884444444444434,0.0877500000000001,0.11659444444444444,False
29,cls,neighbors10,simcse,title,False,-0.0961777777777777,-0.04468888888888878,0.05148888888888892,0.0,0.05148888888888892,False
29,cls,neighbors10,simcse,abstract,False,0.48297222222222225,0.5344611111111112,0.05148888888888892,0.0,0.05148888888888892,False
29,cls,neighbors25,specter,title,False,0.11112888888888872,0.15881333333333314,0.04768444444444442,0.0,0.04768444444444442,False
29,cls,neighbors25,specter,abstract,False,0.3636488888888888,0.4113333333333332,0.04768444444444442,0.0,0.04768444444444442,False
29,cls,neighbors25,specter2,title,False,0.14181777777777782,0.18347333333333338,0.04165555555555556,0.0,0.04165555555555556,False
29,cls,neighbors25,specter2,abstract,False,0.3903777777777778,0.4320333333333334,0.04165555555555556,0.0,0.04165555555555556,False
29,cls,neighbors25,scincl,title,False,0.13294222222222218,0.1770488888888888,0.04410666666666663,0.0,0.04410666666666663,False
29,cls,neighbors25,scincl,abstract,False,0.42462222222222223,0.46872888888888886,0.04410666666666663,0.0,0.04410666666666663,False
29,cls,neighbors25,scibert,title,True,-0.17880888888888902,-0.07166444444444431,0.10714444444444471,0.05786000000000002,0.16500444444444473,False
29,cls,neighbors25,scibert,abstract,True,0.511431111111111,0.5170155555555558,0.005584444444444836,0.1594199999999999,0.16500444444444473,False
29,cls,neighbors25,bert,title,True,-0.13204222222222228,-0.09059111111111107,0.041451111111111216,0.09711999999999998,0.1385711111111112,False
29,cls,neighbors25,bert,abstract,True,0.5224177777777778,0.391148888888889,-0.13126888888888877,0.26983999999999997,0.1385711111111112,False
29,cls,neighbors25,mpnet,title,False,0.18297111111111108,0.2282022222222223,0.04523111111111122,0.0,0.04523111111111122,False
29,cls,neighbors25,mpnet,abstract,False,0.4687511111111111,0.5139822222222223,0.04523111111111122,0.0,0.04523111111111122,False
29,cls,neighbors25,minilm,title,False,0.14034222222222226,0.1871422222222222,0.04679999999999995,0.0,0.04679999999999995,False
29,cls,neighbors25,minilm,abstract,False,0.44238222222222223,0.4891822222222222,0.04679999999999995,0.0,0.04679999999999995,False
29,cls,neighbors25,pubmedbert,title,True,-0.13068666666666673,-0.09001999999999999,0.04066666666666674,0.09397999999999995,0.1346466666666667,False
29,cls,neighbors25,pubmedbert,abstract,True,0.5332733333333333,0.5728000000000001,0.03952666666666682,0.09511999999999987,0.1346466666666667,False
29,cls,neighbors25,biobert,title,True,-0.16159111111111113,-0.09351777777777759,0.06807333333333354,0.05257999999999996,0.1206533333333335,False
29,cls,neighbors25,biobert,abstract,True,0.4918688888888888,0.5341622222222223,0.042293333333333516,0.07835999999999999,0.1206533333333335,False
29,cls,neighbors25,simcse,title,False,-0.0961711111111111,-0.04201333333333335,0.05415777777777775,0.0,0.05415777777777775,False
29,cls,neighbors25,simcse,abstract,False,0.48068888888888883,0.5348466666666666,0.05415777777777775,0.0,0.05415777777777775,False
29,cls,neighbors50,specter,title,False,0.12162555555555543,0.17108111111111102,0.049455555555555586,0.0,0.049455555555555586,False
29,cls,neighbors50,specter,abstract,False,0.3571955555555554,0.40665111111111096,0.049455555555555586,0.0,0.049455555555555586,False
29,cls,neighbors50,specter2,title,False,0.14612666666666674,0.19004888888888904,0.04392222222222231,0.0,0.04392222222222231,False
29,cls,neighbors50,specter2,abstract,False,0.38072666666666666,0.42464888888888896,0.04392222222222231,0.0,0.04392222222222231,False
29,cls,neighbors50,scincl,title,False,0.14492777777777766,0.18986333333333327,0.04493555555555562,0.0,0.04493555555555562,False
29,cls,neighbors50,scincl,abstract,False,0.41351777777777776,0.4584533333333334,0.04493555555555562,0.0,0.04493555555555562,False
29,cls,neighbors50,scibert,title,True,-0.17485888888888879,-0.07234999999999991,0.10250888888888887,0.062329999999999997,0.16483888888888887,False
29,cls,neighbors50,scibert,abstract,True,0.4831811111111112,0.50865,0.025468888888888874,0.13937,0.16483888888888887,False
29,cls,neighbors50,bert,title,True,-0.1184155555555555,-0.09826111111111124,0.020154444444444253,0.1198300000000001,0.13998444444444436,False
29,cls,neighbors50,bert,abstract,True,0.49949444444444446,0.3948988888888888,-0.10459555555555566,0.24458000000000002,0.13998444444444436,False
29,cls,neighbors50,mpnet,title,False,0.18919888888888892,0.23585666666666671,0.0466577777777778,0.0,0.0466577777777778,False
29,cls,neighbors50,mpnet,abstract,False,0.4451288888888889,0.4917866666666667,0.0466577777777778,0.0,0.0466577777777778,False
29,cls,neighbors50,minilm,title,False,0.14071777777777783,0.1885811111111111,0.04786333333333326,0.0,0.04786333333333326,False
29,cls,neighbors50,minilm,abstract,False,0.42105777777777775,0.468921111111111,0.04786333333333326,0.0,0.04786333333333326,False
29,cls,neighbors50,pubmedbert,title,True,-0.1198866666666667,-0.09335777777777776,0.026528888888888935,0.10820999999999992,0.13473888888888885,False
29,cls,neighbors50,pubmedbert,abstract,True,0.5069933333333334,0.5574222222222223,0.050428888888888856,0.08431,0.13473888888888885,False
29,cls,neighbors50,biobert,title,True,-0.16145222222222233,-0.09808111111111117,0.06337111111111116,0.05288000000000004,0.1162511111111112,False
29,cls,neighbors50,biobert,abstract,True,0.46552777777777765,0.5115088888888889,0.04598111111111125,0.07026999999999994,0.1162511111111112,False
29,cls,neighbors50,simcse,title,False,-0.09050222222222226,-0.036163333333333436,0.054338888888888826,0.0,0.054338888888888826,False
29,cls,neighbors50,simcse,abstract,False,0.4636577777777777,0.5179966666666665,0.054338888888888826,0.0,0.054338888888888826,False
29,sep,cka,specter,title,False,0.17188968905010021,0.19079815871945877,0.018908469669358552,0.0,0.018908469669358552,False
29,sep,cka,specter,abstract,False,0.27801698557956783,0.2969254552489264,0.018908469669358552,0.0,0.018908469669358552,False
29,sep,cka,specter2,title,False,0.1987256653863136,0.21905786083267154,0.020332195446357948,0.0,0.020332195446357948,False
29,sep,cka,specter2,abstract,False,0.305074536366921,0.32540673181327895,0.020332195446357948,0.0,0.020332195446357948,False
29,sep,cka,scincl,title,False,0.1711510438141023,0.18909600929798592,0.017944965483883635,0.0,0.017944965483883635,False
29,sep,cka,scincl,abstract,False,0.29373769558339824,0.3116826610672819,0.017944965483883635,0.0,0.017944965483883635,False
29,sep,cka,scibert,title,True,-0.1760681180137731,-0.09716813088309695,0.07889998713067614,0.09962420968070673,0.17852419681138287,False
29,sep,cka,scibert,abstract,True,0.32453135536654454,0.45980064670476395,0.1352692913382194,0.04325490547316346,0.17852419681138287,False
29,sep,cka,bert,title,True,0.014078366227399941,-0.05073944955812182,-0.06481781578552176,0.5013518175496516,0.4365340017641299,True
29,sep,cka,bert,abstract,True,0.3247293633477361,0.5891441489651785,0.2644147856174424,0.17211921614668746,0.4365340017641299,False
29,sep,cka,mpnet,title,False,0.19409081861998578,0.21444377103052542,0.020352952410539638,0.0,0.020352952410539638,False
29,sep,cka,mpnet,abstract,False,0.29079187953264474,0.3111448319431844,0.020352952410539638,0.0,0.020352952410539638,False
29,sep,cka,minilm,title,False,0.1541732380272498,0.18035350715841802,0.02618026913116822,0.0,0.02618026913116822,False
29,sep,cka,minilm,abstract,False,0.2983376342638343,0.3245179033950025,0.02618026913116822,0.0,0.02618026913116822,False
29,sep,cka,pubmedbert,title,True,-0.10107128878660437,-0.04168245209155702,0.05938883669504735,-0.11454012401881619,-0.05515128732376884,False
29,sep,cka,pubmedbert,abstract,True,0.3647670046588099,0.3065930222279671,-0.05817398243084282,0.0030226951070739805,-0.05515128732376884,False
29,sep,cka,biobert,title,True,-0.2949921659734682,-0.03871164116937553,0.2562805248040927,-0.2489016299636011,0.00737889484049159,False
29,sep,cka,biobert,abstract,True,0.3158676181464206,0.3297422884443123,0.01387467029789169,-0.006495775457400099,0.00737889484049159,False
29,sep,cka,simcse,title,False,-0.07142409323665933,-0.010069310992870895,0.06135478224378843,0.0,0.06135478224378843,False
29,sep,cka,simcse,abstract,False,0.34159771499350244,0.4029524972372909,0.06135478224378843,0.0,0.06135478224378843,False
29,sep,neighbors10,specter,title,False,0.09416666666666662,0.09972222222222216,0.005555555555555536,0.0,0.005555555555555536,False
29,sep,neighbors10,specter,abstract,False,0.3633666666666666,0.36892222222222215,0.005555555555555536,0.0,0.005555555555555536,False
29,sep,neighbors10,specter2,title,False,0.13556111111111124,0.14088888888888884,0.005327777777777598,0.0,0.005327777777777598,False
29,sep,neighbors10,specter2,abstract,False,0.39641111111111127,0.40173888888888887,0.005327777777777598,0.0,0.005327777777777598,False
29,sep,neighbors10,scincl,title,False,0.11540000000000006,0.12054444444444445,0.005144444444444396,0.0,0.005144444444444396,False
29,sep,neighbors10,scincl,abstract,False,0.4344,0.4395444444444444,0.005144444444444396,0.0,0.005144444444444396,False
29,sep,neighbors10,scibert,title,True,-0.17895000000000016,-0.06583333333333341,0.11311666666666675,0.05415000000000003,0.16726666666666679,False
29,sep,neighbors10,scibert,abstract,True,0.5333499999999999,0.5338166666666666,0.0004666666666667263,0.16680000000000006,0.16726666666666679,False
29,sep,neighbors10,bert,title,True,-0.13637222222222223,-0.0688388888888889,0.06753333333333333,0.058699999999999974,0.1262333333333333,False
29,sep,neighbors10,bert,abstract,True,0.5386277777777777,0.4222111111111111,-0.11641666666666661,0.24264999999999992,0.1262333333333333,False
29,sep,neighbors10,mpnet,title,False,0.17050555555555558,0.1751166666666667,0.004611111111111121,0.0,0.004611111111111121,False
29,sep,neighbors10,mpnet,abstract,False,0.48315555555555556,0.4877666666666667,0.004611111111111121,0.0,0.004611111111111121,False
29,sep,neighbors10,minilm,title,False,0.13020555555555557,0.1382944444444444,0.008088888888888812,0.0,0.008088888888888812,False
29,sep,neighbors10,minilm,abstract,False,0.4565555555555555,0.4646444444444443,0.008088888888888812,0.0,0.008088888888888812,False
29,sep,neighbors10,pubmedbert,title,True,-0.13351666666666673,-0.082938888888889,0.05057777777777772,-0.05225000000000002,-0.001672222222222297,False
29,sep,neighbors10,pubmedbert,abstract,True,0.5582333333333332,0.539911111111111,-0.01832222222222224,0.016649999999999943,-0.001672222222222297,False
29,sep,neighbors10,biobert,title,True,-0.15354444444444448,-0.06957777777777785,0.08396666666666663,-0.047599999999999976,0.03636666666666666,False
29,sep,neighbors10,biobert,abstract,True,0.5121555555555556,0.5717722222222222,0.05961666666666665,-0.023249999999999993,0.03636666666666666,False
29,sep,neighbors10,simcse,title,False,-0.0961777777777777,-0.07051111111111108,0.025666666666666615,0.0,0.025666666666666615,False
29,sep,neighbors10,simcse,abstract,False,0.48297222222222225,0.5086388888888889,0.025666666666666615,0.0,0.025666666666666615,False
29,sep,neighbors25,specter,title,False,0.11112888888888872,0.11648666666666652,0.005357777777777795,0.0,0.005357777777777795,False
29,sep,neighbors25,specter,abstract,False,0.3636488888888888,0.3690066666666666,0.005357777777777795,0.0,0.005357777777777795,False
29,sep,neighbors25,specter2,title,False,0.14181777777777782,0.1486022222222222,0.006784444444444371,0.0,0.006784444444444371,False
29,sep,neighbors25,specter2,abstract,False,0.3903777777777778,0.3971622222222222,0.006784444444444371,0.0,0.006784444444444371,False
29,sep,neighbors25,scincl,title,False,0.13294222222222218,0.13762666666666667,0.004684444444444491,0.0,0.004684444444444491,False
29,sep,neighbors25,scincl,abstract,False,0.42462222222222223,0.4293066666666667,0.004684444444444491,0.0,0.004684444444444491,False
29,sep,neighbors25,scibert,title,True,-0.17880888888888902,-0.0709200000000001,0.10788888888888892,0.06608000000000003,0.17396888888888895,False
29,sep,neighbors25,scibert,abstract,True,0.511431111111111,0.5327599999999999,0.021328888888888953,0.15264,0.17396888888888895,False
29,sep,neighbors25,bert,title,True,-0.13204222222222228,-0.07132666666666665,0.060715555555555634,0.07409999999999994,0.13481555555555558,False
29,sep,neighbors25,bert,abstract,True,0.5224177777777778,0.4344933333333334,-0.08792444444444436,0.22273999999999994,0.13481555555555558,False
29,sep,neighbors25,mpnet,title,False,0.18297111111111108,0.18765999999999994,0.004688888888888854,0.0,0.004688888888888854,False
29,sep,neighbors25,mpnet,abstract,False,0.4687511111111111,0.47343999999999997,0.004688888888888854,0.0,0.004688888888888854,False
29,sep,neighbors25,minilm,title,False,0.14034222222222226,0.14946000000000004,0.00911777777777778,0.0,0.00911777777777778,False
29,sep,neighbors25,minilm,abstract,False,0.44238222222222223,0.4515,0.00911777777777778,0.0,0.00911777777777778,False
29,sep,neighbors25,pubmedbert,title,True,-0.13068666666666673,-0.0734999999999999,0.05718666666666683,-0.06392000000000009,-0.006733333333333258,False
29,sep,neighbors25,pubmedbert,abstract,True,0.5332733333333333,0.51378,-0.01949333333333325,0.012759999999999994,-0.006733333333333258,False
29,sep,neighbors25,biobert,title,True,-0.16159111111111113,-0.06426444444444435,0.09732666666666678,-0.06287999999999994,0.03444666666666685,False
29,sep,neighbors25,biobert,abstract,True,0.4918688888888888,0.5475955555555556,0.05572666666666681,-0.021279999999999966,0.03444666666666685,False
29,sep,neighbors25,simcse,title,False,-0.0961711111111111,-0.06837777777777776,0.027793333333333337,0.0,0.027793333333333337,False
29,sep,neighbors25,simcse,abstract,False,0.48068888888888883,0.5084822222222222,0.027793333333333337,0.0,0.027793333333333337,False
29,sep,neighbors50,specter,title,False,0.12162555555555543,0.12754555555555558,0.005920000000000147,0.0,0.005920000000000147,False
29,sep,neighbors50,specter,abstract,False,0.3571955555555554,0.3631155555555555,0.005920000000000147,0.0,0.005920000000000147,False
29,sep,neighbors50,specter2,title,False,0.14612666666666674,0.15272555555555567,0.006598888888888932,0.0,0.006598888888888932,False
29,sep,neighbors50,specter2,abstract,False,0.38072666666666666,0.3873255555555556,0.006598888888888932,0.0,0.006598888888888932,False
29,sep,neighbors50,scincl,title,False,0.14492777777777766,0.14914666666666665,0.004218888888888994,0.0,0.004218888888888994,False
29,sep,neighbors50,scincl,abstract,False,0.41351777777777776,0.41773666666666676,0.004218888888888994,0.0,0.004218888888888994,False
29,sep,neighbors50,scibert,title,True,-0.17485888888888879,-0.07407222222222232,0.10078666666666647,0.06982,0.17060666666666646,False
29,sep,neighbors50,scibert,abstract,True,0.4831811111111112,0.5166977777777776,0.03351666666666642,0.13709000000000005,0.17060666666666646,False
29,sep,neighbors50,bert,title,True,-0.1184155555555555,-0.07240222222222237,0.04601333333333313,0.09388000000000007,0.1398933333333332,False
29,sep,neighbors50,bert,abstract,True,0.49949444444444446,0.4311977777777777,-0.06829666666666678,0.20819,0.1398933333333332,False
29,sep,neighbors50,mpnet,title,False,0.18919888888888892,0.19352111111111114,0.004322222222222227,0.0,0.004322222222222227,False
29,sep,neighbors50,mpnet,abstract,False,0.4451288888888889,0.44945111111111113,0.004322222222222227,0.0,0.004322222222222227,False
29,sep,neighbors50,minilm,title,False,0.14071777777777783,0.14915666666666672,0.008438888888888885,0.0,0.008438888888888885,False
29,sep,neighbors50,minilm,abstract,False,0.42105777777777775,0.42949666666666664,0.008438888888888885,0.0,0.008438888888888885,False
29,sep,neighbors50,pubmedbert,title,True,-0.1198866666666667,-0.06551555555555566,0.05437111111111104,-0.06589,-0.011518888888888967,False
29,sep,neighbors50,pubmedbert,abstract,True,0.5069933333333334,0.48176444444444433,-0.02522888888888908,0.013710000000000111,-0.011518888888888967,False
29,sep,neighbors50,biobert,title,True,-0.16145222222222233,-0.05593444444444451,0.10551777777777782,-0.07984999999999998,0.025667777777777845,False
29,sep,neighbors50,biobert,abstract,True,0.46552777777777765,0.5140555555555556,0.04852777777777795,-0.022860000000000102,0.025667777777777845,False
29,sep,neighbors50,simcse,title,False,-0.09050222222222226,-0.0626388888888888,0.027863333333333462,0.0,0.027863333333333462,False
29,sep,neighbors50,simcse,abstract,False,0.4636577777777777,0.4915211111111112,0.027863333333333462,0.0,0.027863333333333462,False
30,cls,cka,specter,title,False,0.1640442270279976,0.22798748479282377,0.06394325776482618,0.0,0.06394325776482618,False
30,cls,cka,specter,abstract,False,0.28552862031878723,0.3494718780836134,0.06394325776482618,0.0,0.06394325776482618,False
30,cls,cka,specter2,title,False,0.20184956715755276,0.2616754899149428,0.05982592275739007,0.0,0.05982592275739007,False
30,cls,cka,specter2,abstract,False,0.33376141468014275,0.3935873374375328,0.05982592275739007,0.0,0.05982592275739007,False
30,cls,cka,scincl,title,False,0.20568544337949335,0.26839474003826747,0.06270929665877412,0.0,0.06270929665877412,False
30,cls,cka,scincl,abstract,False,0.32629660023577733,0.38900589689455145,0.06270929665877412,0.0,0.06270929665877412,False
30,cls,cka,scibert,title,True,-0.13966875536501677,-0.08821878053052934,0.05144997483448743,0.11651522318683083,0.16796519802131826,False
30,cls,cka,scibert,abstract,True,0.32352071832437956,0.47064572623421985,0.1471250079098403,0.020840190111477974,0.16796519802131826,False
30,cls,cka,bert,title,True,0.03692251756794601,-0.13537684427214158,-0.1722993618400876,0.32818730952343456,0.15588794768334696,True
30,cls,cka,bert,abstract,True,0.36288214147267855,0.44648874201613686,0.08360660054345831,0.07228134713988865,0.15588794768334696,False
30,cls,cka,mpnet,title,False,0.1930415074749362,0.2592636798745566,0.06622217239962042,0.0,0.06622217239962042,False
30,cls,cka,mpnet,abstract,False,0.32097993256374624,0.38720210496336666,0.06622217239962042,0.0,0.06622217239962042,False
30,cls,cka,minilm,title,False,0.14909965733136865,0.2149844907408806,0.06588483340951196,0.0,0.06588483340951196,False
30,cls,cka,minilm,abstract,False,0.33174922521873684,0.3976340586282488,0.06588483340951196,0.0,0.06588483340951196,False
30,cls,cka,pubmedbert,title,True,-0.07248907944891986,-0.1376727546840425,-0.06518367523512264,0.21210554436602913,0.1469218691309065,False
30,cls,cka,pubmedbert,abstract,True,0.34731241361713,0.48377330257221063,0.13646088895508063,0.010460980175825862,0.1469218691309065,False
30,cls,cka,biobert,title,True,-0.23913215064673643,-0.19876576072300323,0.040366389923733204,0.05483803744335747,0.09520442736709067,False
30,cls,cka,biobert,abstract,True,0.3117304814978107,0.3952304302792017,0.083499948781391,0.011704478585699674,0.09520442736709067,False
30,cls,cka,simcse,title,False,-0.04492904208023263,0.0066512192530852055,0.051580261333317834,0.0,0.051580261333317834,True
30,cls,cka,simcse,abstract,False,0.384102570068909,0.43568283140222686,0.051580261333317834,0.0,0.051580261333317834,False
30,cls,neighbors10,specter,title,False,0.09285555555555558,0.13687777777777776,0.044022222222222185,0.0,0.044022222222222185,False
30,cls,neighbors10,specter,abstract,False,0.36335555555555554,0.4073777777777777,0.044022222222222185,0.0,0.044022222222222185,False
30,cls,neighbors10,specter2,title,False,0.1257222222222223,0.16296111111111122,0.03723888888888893,0.0,0.03723888888888893,False
30,cls,neighbors10,specter2,abstract,False,0.40327222222222225,0.4405111111111112,0.03723888888888893,0.0,0.03723888888888893,False
30,cls,neighbors10,scincl,title,False,0.11693333333333333,0.15573888888888887,0.03880555555555554,0.0,0.03880555555555554,False
30,cls,neighbors10,scincl,abstract,False,0.42093333333333327,0.4597388888888888,0.03880555555555554,0.0,0.03880555555555554,False
30,cls,neighbors10,scibert,title,True,-0.1702055555555555,-0.07352777777777775,0.09667777777777775,0.04905000000000004,0.1457277777777778,False
30,cls,neighbors10,scibert,abstract,True,0.5250444444444444,0.5053222222222222,-0.019722222222222197,0.16544999999999999,0.1457277777777778,False
30,cls,neighbors10,bert,title,True,-0.1261944444444444,-0.07163888888888892,0.05455555555555547,0.07590000000000008,0.13045555555555555,False
30,cls,neighbors10,bert,abstract,True,0.5107055555555555,0.3507611111111111,-0.15994444444444444,0.2904,0.13045555555555555,False
30,cls,neighbors10,mpnet,title,False,0.1520111111111112,0.19390555555555544,0.041894444444444234,0.0,0.041894444444444234,False
30,cls,neighbors10,mpnet,abstract,False,0.47941111111111123,0.5213055555555555,0.041894444444444234,0.0,0.041894444444444234,False
30,cls,neighbors10,minilm,title,False,0.10179444444444452,0.14440555555555568,0.042611111111111155,0.0,0.042611111111111155,False
30,cls,neighbors10,minilm,abstract,False,0.4446444444444445,0.48725555555555566,0.042611111111111155,0.0,0.042611111111111155,False
30,cls,neighbors10,pubmedbert,title,True,-0.12662777777777778,-0.08179999999999998,0.0448277777777778,0.07604999999999995,0.12087777777777775,False
30,cls,neighbors10,pubmedbert,abstract,True,0.5399222222222222,0.5635,0.02357777777777781,0.09729999999999994,0.12087777777777775,False
30,cls,neighbors10,biobert,title,True,-0.13185000000000002,-0.0759777777777777,0.05587222222222232,0.056849999999999956,0.11272222222222228,False
30,cls,neighbors10,biobert,abstract,True,0.4858,0.5250722222222223,0.039272222222222264,0.07345000000000002,0.11272222222222228,False
30,cls,neighbors10,simcse,title,False,-0.08541666666666647,-0.04100555555555552,0.04441111111111096,0.0,0.04441111111111096,False
30,cls,neighbors10,simcse,abstract,False,0.46448333333333347,0.5088944444444444,0.04441111111111096,0.0,0.04441111111111096,False
30,cls,neighbors25,specter,title,False,0.10989777777777776,0.15567555555555557,0.045777777777777806,0.0,0.045777777777777806,False
30,cls,neighbors25,specter,abstract,False,0.3622577777777777,0.4080355555555555,0.045777777777777806,0.0,0.045777777777777806,False
30,cls,neighbors25,specter2,title,False,0.14130444444444434,0.18067333333333324,0.0393688888888889,0.0,0.0393688888888889,False
30,cls,neighbors25,specter2,abstract,False,0.4070244444444444,0.4463933333333333,0.0393688888888889,0.0,0.0393688888888889,False
30,cls,neighbors25,scincl,title,False,0.13272444444444442,0.17393999999999998,0.04121555555555556,0.0,0.04121555555555556,False
30,cls,neighbors25,scincl,abstract,False,0.4186444444444445,0.45986000000000005,0.04121555555555556,0.0,0.04121555555555556,False
30,cls,neighbors25,scibert,title,True,-0.17485111111111107,-0.07796888888888887,0.0968822222222222,0.054460000000000064,0.15134222222222227,False
30,cls,neighbors25,scibert,abstract,True,0.4988888888888888,0.5105711111111112,0.011682222222222371,0.1396599999999999,0.15134222222222227,False
30,cls,neighbors25,bert,title,True,-0.1286155555555556,-0.0874933333333332,0.04112222222222239,0.09431999999999996,0.13544222222222235,False
30,cls,neighbors25,bert,abstract,True,0.49710444444444446,0.36516666666666675,-0.1319377777777777,0.26738000000000006,0.13544222222222235,False
30,cls,neighbors25,mpnet,title,False,0.1559533333333334,0.20086888888888887,0.044915555555555486,0.0,0.044915555555555486,False
30,cls,neighbors25,mpnet,abstract,False,0.46695333333333333,0.5118688888888888,0.044915555555555486,0.0,0.044915555555555486,False
30,cls,neighbors25,minilm,title,False,0.10900888888888893,0.15373777777777775,0.04472888888888882,0.0,0.04472888888888882,False
30,cls,neighbors25,minilm,abstract,False,0.4328288888888888,0.47755777777777764,0.04472888888888882,0.0,0.04472888888888882,False
30,cls,neighbors25,pubmedbert,title,True,-0.12028000000000005,-0.08866666666666656,0.03161333333333349,0.09231999999999996,0.12393333333333345,False
30,cls,neighbors25,pubmedbert,abstract,True,0.5161399999999999,0.5585933333333335,0.042453333333333565,0.08147999999999989,0.12393333333333345,False
30,cls,neighbors25,biobert,title,True,-0.13970222222222228,-0.08437333333333341,0.05532888888888887,0.05590000000000006,0.11122888888888893,False
30,cls,neighbors25,biobert,abstract,True,0.46589777777777763,0.5147466666666666,0.04884888888888894,0.06237999999999999,0.11122888888888893,False
30,cls,neighbors25,simcse,title,False,-0.0899577777777778,-0.04303111111111124,0.04692666666666656,0.0,0.04692666666666656,False
30,cls,neighbors25,simcse,abstract,False,0.45916222222222225,0.5060888888888888,0.04692666666666656,0.0,0.04692666666666656,False
30,cls,neighbors50,specter,title,False,0.11979555555555554,0.16569888888888884,0.045903333333333296,0.0,0.045903333333333296,False
30,cls,neighbors50,specter,abstract,False,0.35549555555555556,0.40139888888888886,0.045903333333333296,0.0,0.045903333333333296,False
30,cls,neighbors50,specter2,title,False,0.14587777777777788,0.18700444444444453,0.041126666666666645,0.0,0.041126666666666645,False
30,cls,neighbors50,specter2,abstract,False,0.3963577777777779,0.43748444444444456,0.041126666666666645,0.0,0.041126666666666645,False
30,cls,neighbors50,scincl,title,False,0.1451566666666667,0.18689444444444447,0.04173777777777776,0.0,0.04173777777777776,False
30,cls,neighbors50,scincl,abstract,False,0.4075466666666667,0.4492844444444445,0.04173777777777776,0.0,0.04173777777777776,False
30,cls,neighbors50,scibert,title,True,-0.17264999999999997,-0.07898777777777788,0.09366222222222209,0.05893000000000004,0.15259222222222213,False
30,cls,neighbors50,scibert,abstract,True,0.4736500000000001,0.5025722222222222,0.02892222222222207,0.12367000000000006,0.15259222222222213,False
30,cls,neighbors50,bert,title,True,-0.11963000000000001,-0.09701111111111105,0.022618888888888966,0.11392999999999998,0.13654888888888894,False
30,cls,neighbors50,bert,abstract,True,0.47981000000000007,0.3679888888888889,-0.11182111111111115,0.2483700000000001,0.13654888888888894,False
30,cls,neighbors50,mpnet,title,False,0.1557211111111111,0.2026188888888889,0.046897777777777816,0.0,0.046897777777777816,False
30,cls,neighbors50,mpnet,abstract,False,0.447011111111111,0.49390888888888884,0.046897777777777816,0.0,0.046897777777777816,False
30,cls,neighbors50,minilm,title,False,0.10686777777777778,0.1540933333333332,0.04722555555555541,0.0,0.04722555555555541,False
30,cls,neighbors50,minilm,abstract,False,0.4121477777777778,0.4593733333333332,0.04722555555555541,0.0,0.04722555555555541,False
30,cls,neighbors50,pubmedbert,title,True,-0.11308333333333342,-0.09298333333333342,0.020100000000000007,0.10475000000000001,0.12485000000000002,False
30,cls,neighbors50,pubmedbert,abstract,True,0.4877066666666665,0.5452866666666666,0.057580000000000076,0.06726999999999994,0.12485000000000002,False
30,cls,neighbors50,biobert,title,True,-0.13918333333333333,-0.08818111111111127,0.05100222222222206,0.056070000000000064,0.10707222222222212,False
30,cls,neighbors50,biobert,abstract,True,0.4452166666666666,0.49539888888888883,0.05018222222222224,0.056889999999999885,0.10707222222222212,False
30,cls,neighbors50,simcse,title,False,-0.08643999999999996,-0.038152222222222254,0.04828777777777771,0.0,0.04828777777777771,False
30,cls,neighbors50,simcse,abstract,False,0.44977999999999996,0.49806777777777766,0.04828777777777771,0.0,0.04828777777777771,False
30,sep,cka,specter,title,False,0.1640442270279976,0.19595631556244897,0.03191208853445138,0.0,0.03191208853445138,False
30,sep,cka,specter,abstract,False,0.28552862031878723,0.3174407088532386,0.03191208853445138,0.0,0.03191208853445138,False
30,sep,cka,specter2,title,False,0.20184956715755276,0.22751512373972277,0.025665556582170013,0.0,0.025665556582170013,False
30,sep,cka,specter2,abstract,False,0.33376141468014275,0.35942697126231277,0.025665556582170013,0.0,0.025665556582170013,False
30,sep,cka,scincl,title,False,0.20568544337949335,0.23201794260241598,0.026332499222922634,0.0,0.026332499222922634,False
30,sep,cka,scincl,abstract,False,0.32629660023577733,0.35262909945869997,0.026332499222922634,0.0,0.026332499222922634,False
30,sep,cka,scibert,title,True,-0.13966875536501677,-0.07215168090070156,0.06751707446431521,0.1055081784325912,0.1730252528969064,False
30,sep,cka,scibert,abstract,True,0.32352071832437956,0.46175993158264494,0.13823921325826538,0.03478603963864102,0.1730252528969064,False
30,sep,cka,bert,title,True,0.03692251756794601,-0.038896257353277064,-0.07581877492122308,0.5370152258033184,0.4611964508820953,True
30,sep,cka,bert,abstract,True,0.36288214147267855,0.6665569761879366,0.3036748347152581,0.15752161616683724,0.4611964508820953,False
30,sep,cka,mpnet,title,False,0.1930415074749362,0.2241305435320844,0.03108903605714819,0.0,0.03108903605714819,False
30,sep,cka,mpnet,abstract,False,0.32097993256374624,0.35206896862089443,0.03108903605714819,0.0,0.03108903605714819,False
30,sep,cka,minilm,title,False,0.14909965733136865,0.1860950466498522,0.03699538931848356,0.0,0.03699538931848356,False
30,sep,cka,minilm,abstract,False,0.33174922521873684,0.3687446145372204,0.03699538931848356,0.0,0.03699538931848356,False
30,sep,cka,pubmedbert,title,True,-0.07248907944891986,0.01762688454137573,0.09011596399029559,-0.10801095810839756,-0.01789499411810197,True
30,sep,cka,pubmedbert,abstract,True,0.34731241361713,0.3258911547103299,-0.021421258906800078,0.003526264788698108,-0.01789499411810197,False
30,sep,cka,biobert,title,True,-0.23913215064673643,-0.014002009674220606,0.22513014097251582,-0.18761248325979174,0.037517657712724084,False
30,sep,cka,biobert,abstract,True,0.3117304814978107,0.35734727327987026,0.045616791782059574,-0.00809913406933549,0.037517657712724084,False
30,sep,cka,simcse,title,False,-0.04492904208023263,0.025987110412176495,0.07091615249240912,0.0,0.07091615249240912,True
30,sep,cka,simcse,abstract,False,0.384102570068909,0.45501872256131815,0.07091615249240912,0.0,0.07091615249240912,False
30,sep,neighbors10,specter,title,False,0.09285555555555558,0.10091666666666654,0.008061111111110963,0.0,0.008061111111110963,False
30,sep,neighbors10,specter,abstract,False,0.36335555555555554,0.3714166666666665,0.008061111111110963,0.0,0.008061111111110963,False
30,sep,neighbors10,specter2,title,False,0.1257222222222223,0.1335333333333335,0.007811111111111213,0.0,0.007811111111111213,False
30,sep,neighbors10,specter2,abstract,False,0.40327222222222225,0.41108333333333347,0.007811111111111213,0.0,0.007811111111111213,False
30,sep,neighbors10,scincl,title,False,0.11693333333333333,0.12320555555555546,0.0062722222222221236,0.0,0.0062722222222221236,False
30,sep,neighbors10,scincl,abstract,False,0.42093333333333327,0.4272055555555554,0.0062722222222221236,0.0,0.0062722222222221236,False
30,sep,neighbors10,scibert,title,True,-0.1702055555555555,-0.060388888888888936,0.10981666666666656,0.049550000000000094,0.15936666666666666,False
30,sep,neighbors10,scibert,abstract,True,0.5250444444444444,0.5169611111111111,-0.008083333333333331,0.16745,0.15936666666666666,False
30,sep,neighbors10,bert,title,True,-0.1261944444444444,-0.06521666666666681,0.060977777777777575,0.0777000000000001,0.13867777777777768,False
30,sep,neighbors10,bert,abstract,True,0.5107055555555555,0.3711333333333332,-0.13957222222222232,0.27825,0.13867777777777768,False
30,sep,neighbors10,mpnet,title,False,0.1520111111111112,0.15998333333333337,0.007972222222222158,0.0,0.007972222222222158,False
30,sep,neighbors10,mpnet,abstract,False,0.47941111111111123,0.4873833333333334,0.007972222222222158,0.0,0.007972222222222158,False
30,sep,neighbors10,minilm,title,False,0.10179444444444452,0.11237777777777791,0.010583333333333389,0.0,0.010583333333333389,False
30,sep,neighbors10,minilm,abstract,False,0.4446444444444445,0.4552277777777779,0.010583333333333389,0.0,0.010583333333333389,False
30,sep,neighbors10,pubmedbert,title,True,-0.12662777777777778,-0.05586111111111125,0.07076666666666653,-0.06284999999999996,0.007916666666666572,False
30,sep,neighbors10,pubmedbert,abstract,True,0.5399222222222222,0.5403888888888888,0.00046666666666661527,0.007449999999999957,0.007916666666666572,False
30,sep,neighbors10,biobert,title,True,-0.13185000000000002,-0.056227777777777876,0.07562222222222215,-0.03320000000000001,0.04242222222222214,False
30,sep,neighbors10,biobert,abstract,True,0.4858,0.5515722222222221,0.06577222222222212,-0.023349999999999982,0.04242222222222214,False
30,sep,neighbors10,simcse,title,False,-0.08541666666666647,-0.059877777777777696,0.025538888888888778,0.0,0.025538888888888778,False
30,sep,neighbors10,simcse,abstract,False,0.46448333333333347,0.49002222222222225,0.025538888888888778,0.0,0.025538888888888778,False
30,sep,neighbors25,specter,title,False,0.10989777777777776,0.11816222222222217,0.008264444444444408,0.0,0.008264444444444408,False
30,sep,neighbors25,specter,abstract,False,0.3622577777777777,0.3705222222222221,0.008264444444444408,0.0,0.008264444444444408,False
30,sep,neighbors25,specter2,title,False,0.14130444444444434,0.14973333333333316,0.00842888888888882,0.0,0.00842888888888882,False
30,sep,neighbors25,specter2,abstract,False,0.4070244444444444,0.41545333333333323,0.00842888888888882,0.0,0.00842888888888882,False
30,sep,neighbors25,scincl,title,False,0.13272444444444442,0.13983111111111113,0.0071066666666667055,0.0,0.0071066666666667055,False
30,sep,neighbors25,scincl,abstract,False,0.4186444444444445,0.4257511111111112,0.0071066666666667055,0.0,0.0071066666666667055,False
30,sep,neighbors25,scibert,title,True,-0.17485111111111107,-0.06774222222222215,0.10710888888888892,0.05518000000000001,0.16228888888888893,False
30,sep,neighbors25,scibert,abstract,True,0.4988888888888888,0.5209777777777779,0.022088888888889047,0.14019999999999988,0.16228888888888893,False
30,sep,neighbors25,bert,title,True,-0.1286155555555556,-0.07228000000000001,0.05633555555555558,0.09684000000000004,0.15317555555555562,False
30,sep,neighbors25,bert,abstract,True,0.49710444444444446,0.38326000000000005,-0.11384444444444441,0.26702000000000004,0.15317555555555562,False
30,sep,neighbors25,mpnet,title,False,0.1559533333333334,0.16494444444444445,0.008991111111111061,0.0,0.008991111111111061,False
30,sep,neighbors25,mpnet,abstract,False,0.46695333333333333,0.4759444444444444,0.008991111111111061,0.0,0.008991111111111061,False
30,sep,neighbors25,minilm,title,False,0.10900888888888893,0.12014000000000014,0.011131111111111203,0.0,0.011131111111111203,False
30,sep,neighbors25,minilm,abstract,False,0.4328288888888888,0.44396,0.011131111111111203,0.0,0.011131111111111203,False
30,sep,neighbors25,pubmedbert,title,True,-0.12028000000000005,-0.0494444444444444,0.07083555555555565,-0.06769999999999998,0.003135555555555669,False
30,sep,neighbors25,pubmedbert,abstract,True,0.5161399999999999,0.5133955555555557,-0.002744444444444216,0.005879999999999885,0.003135555555555669,False
30,sep,neighbors25,biobert,title,True,-0.13970222222222228,-0.04978222222222228,0.08992,-0.05253999999999992,0.03738000000000008,False
30,sep,neighbors25,biobert,abstract,True,0.46589777777777763,0.5320577777777777,0.06616000000000011,-0.028780000000000028,0.03738000000000008,False
30,sep,neighbors25,simcse,title,False,-0.0899577777777778,-0.06193555555555552,0.02802222222222228,0.0,0.02802222222222228,False
30,sep,neighbors25,simcse,abstract,False,0.45916222222222225,0.48718444444444453,0.02802222222222228,0.0,0.02802222222222228,False
30,sep,neighbors50,specter,title,False,0.11979555555555554,0.12803222222222221,0.00823666666666667,0.0,0.00823666666666667,False
30,sep,neighbors50,specter,abstract,False,0.35549555555555556,0.36373222222222223,0.00823666666666667,0.0,0.00823666666666667,False
30,sep,neighbors50,specter2,title,False,0.14587777777777788,0.15467555555555557,0.008797777777777682,0.0,0.008797777777777682,False
30,sep,neighbors50,specter2,abstract,False,0.3963577777777779,0.4051555555555556,0.008797777777777682,0.0,0.008797777777777682,False
30,sep,neighbors50,scincl,title,False,0.1451566666666667,0.15237333333333325,0.007216666666666538,0.0,0.007216666666666538,False
30,sep,neighbors50,scincl,abstract,False,0.4075466666666667,0.41476333333333326,0.007216666666666538,0.0,0.007216666666666538,False
30,sep,neighbors50,scibert,title,True,-0.17264999999999997,-0.07413444444444439,0.09851555555555558,0.061489999999999934,0.1600055555555555,False
30,sep,neighbors50,scibert,abstract,True,0.4736500000000001,0.5080255555555556,0.03437555555555549,0.12563000000000002,0.1600055555555555,False
30,sep,neighbors50,bert,title,True,-0.11963000000000001,-0.07320555555555541,0.0464244444444446,0.11614999999999998,0.16257444444444458,False
30,sep,neighbors50,bert,abstract,True,0.47981000000000007,0.3898744444444445,-0.08993555555555555,0.2525100000000001,0.16257444444444458,False
30,sep,neighbors50,mpnet,title,False,0.1557211111111111,0.16545777777777781,0.009736666666666727,0.0,0.009736666666666727,False
30,sep,neighbors50,mpnet,abstract,False,0.447011111111111,0.45674777777777775,0.009736666666666727,0.0,0.009736666666666727,False
30,sep,neighbors50,minilm,title,False,0.10686777777777778,0.1194033333333333,0.012535555555555522,0.0,0.012535555555555522,False
30,sep,neighbors50,minilm,abstract,False,0.4121477777777778,0.4246833333333333,0.012535555555555522,0.0,0.012535555555555522,False
30,sep,neighbors50,pubmedbert,title,True,-0.11308333333333342,-0.04666111111111104,0.06642222222222238,-0.06697000000000009,-0.0005477777777777026,False
30,sep,neighbors50,pubmedbert,abstract,True,0.4877066666666665,0.48180888888888884,-0.0058977777777776685,0.005349999999999966,-0.0005477777777777026,False
30,sep,neighbors50,biobert,title,True,-0.13918333333333333,-0.0434377777777778,0.09574555555555553,-0.06594999999999995,0.029795555555555575,False
30,sep,neighbors50,biobert,abstract,True,0.4452166666666666,0.5024022222222222,0.0571855555555556,-0.027390000000000025,0.029795555555555575,False
30,sep,neighbors50,simcse,title,False,-0.08643999999999996,-0.0574755555555555,0.02896444444444446,0.0,0.02896444444444446,False
30,sep,neighbors50,simcse,abstract,False,0.44977999999999996,0.4787444444444444,0.02896444444444446,0.0,0.02896444444444446,False
31,cls,cka,specter,title,False,0.1071294039092262,0.17349564479069118,0.06636624088146498,0.0,0.06636624088146498,False
31,cls,cka,specter,abstract,False,0.2868808450943059,0.35324708597577087,0.06636624088146498,0.0,0.06636624088146498,False
31,cls,cka,specter2,title,False,0.14353164862377615,0.19774138772335126,0.054209739099575105,0.0,0.054209739099575105,False
31,cls,cka,specter2,abstract,False,0.33250628536384436,0.38671602446341946,0.054209739099575105,0.0,0.054209739099575105,False
31,cls,cka,scincl,title,False,0.10936213727130789,0.1782484944595703,0.06888635718826241,0.0,0.06888635718826241,False
31,cls,cka,scincl,abstract,False,0.3097680606983249,0.3786544178865873,0.06888635718826241,0.0,0.06888635718826241,False
31,cls,cka,scibert,title,True,-0.12374468739248567,-0.08388975379627744,0.03985493359620823,0.13809452978617953,0.17794946338238776,False
31,cls,cka,scibert,abstract,True,0.29432160425726994,0.4365451697534634,0.14222356549619347,0.03572589788619429,0.17794946338238776,False
31,cls,cka,bert,title,True,-0.10644774582264738,-0.22209097102867548,-0.1156432252060281,0.33363623760116057,0.21799301239513247,False
31,cls,cka,bert,abstract,True,0.31568809752116067,0.4687651221224165,0.15307702460125583,0.06491598779387664,0.21799301239513247,False
31,cls,cka,mpnet,title,False,0.1018441099207793,0.16919199012873265,0.06734788020795335,0.0,0.06734788020795335,False
31,cls,cka,mpnet,abstract,False,0.30773599310149646,0.3750838733094498,0.06734788020795335,0.0,0.06734788020795335,False
31,cls,cka,minilm,title,False,0.06375082950853916,0.12948202974576295,0.06573120023722379,0.0,0.06573120023722379,False
31,cls,cka,minilm,abstract,False,0.3199682512187325,0.3856994514559563,0.06573120023722379,0.0,0.06573120023722379,False
31,cls,cka,pubmedbert,title,True,-0.16840749658201637,-0.21243595229538265,-0.04402845571336628,0.1773141086536718,0.13328565294030553,False
31,cls,cka,pubmedbert,abstract,True,0.32254017309923266,0.4422447089203458,0.11970453582111312,0.01358111711919241,0.13328565294030553,False
31,cls,cka,biobert,title,True,-0.23124519463991855,-0.24543653168480034,-0.014191337044881791,0.10040563998882146,0.08621430294393967,False
31,cls,cka,biobert,abstract,True,0.3142169569516393,0.3995850849039659,0.08536812795232657,0.0008461749916131023,0.08621430294393967,False
31,cls,cka,simcse,title,False,-0.09294452394918035,-0.04128925416464452,0.05165526978453583,0.0,0.05165526978453583,False
31,cls,cka,simcse,abstract,False,0.3895859808555278,0.44124125064006364,0.05165526978453583,0.0,0.05165526978453583,False
31,cls,neighbors10,specter,title,False,0.02180000000000004,0.0652166666666667,0.04341666666666666,0.0,0.04341666666666666,False
31,cls,neighbors10,specter,abstract,False,0.33820000000000006,0.3816166666666667,0.04341666666666666,0.0,0.04341666666666666,False
31,cls,neighbors10,specter2,title,False,0.018366666666666753,0.053994444444444456,0.0356277777777777,0.0,0.0356277777777777,False
31,cls,neighbors10,specter2,abstract,False,0.4163166666666668,0.4519444444444445,0.0356277777777777,0.0,0.0356277777777777,False
31,cls,neighbors10,scincl,title,False,0.05806111111111123,0.10100000000000009,0.04293888888888886,0.0,0.04293888888888886,False
31,cls,neighbors10,scincl,abstract,False,0.42981111111111125,0.4727500000000001,0.04293888888888886,0.0,0.04293888888888886,False
31,cls,neighbors10,scibert,title,True,-0.16636111111111107,-0.07778888888888891,0.08857222222222216,0.05910000000000004,0.1476722222222222,False
31,cls,neighbors10,scibert,abstract,True,0.519288888888889,0.48206111111111116,-0.03722777777777786,0.18490000000000006,0.1476722222222222,False
31,cls,neighbors10,bert,title,True,-0.15851111111111105,-0.08123333333333327,0.07727777777777778,0.05989999999999995,0.13717777777777773,False
31,cls,neighbors10,bert,abstract,True,0.5245388888888889,0.40426666666666666,-0.12027222222222222,0.25744999999999996,0.13717777777777773,False
31,cls,neighbors10,mpnet,title,False,0.08098333333333319,0.12596111111111108,0.044977777777777894,0.0,0.044977777777777894,False
31,cls,neighbors10,mpnet,abstract,False,0.47673333333333323,0.5217111111111111,0.044977777777777894,0.0,0.044977777777777894,False
31,cls,neighbors10,minilm,title,False,0.039688888888888885,0.08565555555555548,0.0459666666666666,0.0,0.0459666666666666,False
31,cls,neighbors10,minilm,abstract,False,0.4611388888888889,0.5071055555555555,0.0459666666666666,0.0,0.0459666666666666,False
31,cls,neighbors10,pubmedbert,title,True,-0.1604000000000001,-0.10621666666666663,0.05418333333333347,0.06664999999999999,0.12083333333333346,False
31,cls,neighbors10,pubmedbert,abstract,True,0.5180999999999999,0.5377833333333334,0.019683333333333497,0.10114999999999996,0.12083333333333346,False
31,cls,neighbors10,biobert,title,True,-0.1653944444444444,-0.10806111111111116,0.057333333333333236,0.05454999999999999,0.11188333333333322,False
31,cls,neighbors10,biobert,abstract,True,0.49035555555555566,0.5558888888888889,0.06553333333333322,0.04635,0.11188333333333322,False
31,cls,neighbors10,simcse,title,False,-0.0968555555555557,-0.05125000000000002,0.04560555555555568,0.0,0.04560555555555568,False
31,cls,neighbors10,simcse,abstract,False,0.4948944444444443,0.5405,0.04560555555555568,0.0,0.04560555555555568,False
31,cls,neighbors25,specter,title,False,0.024877777777777776,0.07384222222222236,0.04896444444444459,0.0,0.04896444444444459,False
31,cls,neighbors25,specter,abstract,False,0.3437577777777776,0.3927222222222222,0.04896444444444459,0.0,0.04896444444444459,False
31,cls,neighbors25,specter2,title,False,0.02960000000000018,0.0703422222222223,0.040742222222222124,0.0,0.040742222222222124,False
31,cls,neighbors25,specter2,abstract,False,0.41410000000000013,0.45484222222222226,0.040742222222222124,0.0,0.040742222222222124,False
31,cls,neighbors25,scincl,title,False,0.06351555555555544,0.1112466666666666,0.04773111111111117,0.0,0.04773111111111117,False
31,cls,neighbors25,scincl,abstract,False,0.4255755555555554,0.47330666666666654,0.04773111111111117,0.0,0.04773111111111117,False
31,cls,neighbors25,scibert,title,True,-0.1666822222222223,-0.08216666666666661,0.08451555555555568,0.06917999999999991,0.15369555555555559,False
31,cls,neighbors25,scibert,abstract,True,0.4943577777777778,0.4840133333333333,-0.01034444444444449,0.16404000000000007,0.15369555555555559,False
31,cls,neighbors25,bert,title,True,-0.16244666666666663,-0.09953111111111113,0.0629155555555555,0.08484000000000003,0.14775555555555553,False
31,cls,neighbors25,bert,abstract,True,0.5083133333333334,0.42386888888888885,-0.08444444444444454,0.23220000000000007,0.14775555555555553,False
31,cls,neighbors25,mpnet,title,False,0.07978444444444444,0.12882222222222217,0.049037777777777736,0.0,0.049037777777777736,False
31,cls,neighbors25,mpnet,abstract,False,0.46480444444444435,0.5138422222222221,0.049037777777777736,0.0,0.049037777777777736,False
31,cls,neighbors25,minilm,title,False,0.03803111111111113,0.08834222222222221,0.050311111111111084,0.0,0.050311111111111084,False
31,cls,neighbors25,minilm,abstract,False,0.4498511111111112,0.5001622222222223,0.050311111111111084,0.0,0.050311111111111084,False
31,cls,neighbors25,pubmedbert,title,True,-0.16673111111111116,-0.12199777777777787,0.04473333333333329,0.08176000000000005,0.12649333333333335,False
31,cls,neighbors25,pubmedbert,abstract,True,0.49948888888888876,0.5392222222222222,0.0397333333333334,0.08675999999999995,0.12649333333333335,False
31,cls,neighbors25,biobert,title,True,-0.17351555555555553,-0.12693777777777782,0.04657777777777772,0.06598000000000004,0.11255777777777776,False
31,cls,neighbors25,biobert,abstract,True,0.4731844444444445,0.5480222222222222,0.07483777777777767,0.03772000000000009,0.11255777777777776,False
31,cls,neighbors25,simcse,title,False,-0.10142666666666678,-0.055373333333333385,0.04605333333333339,0.0,0.04605333333333339,False
31,cls,neighbors25,simcse,abstract,False,0.4933533333333332,0.5394066666666666,0.04605333333333339,0.0,0.04605333333333339,False
31,cls,neighbors50,specter,title,False,0.033042222222222195,0.08354111111111107,0.05049888888888887,0.0,0.05049888888888887,False
31,cls,neighbors50,specter,abstract,False,0.33826222222222224,0.3887611111111111,0.05049888888888887,0.0,0.05049888888888887,False
31,cls,neighbors50,specter2,title,False,0.04255111111111132,0.08412222222222243,0.041571111111111114,0.0,0.041571111111111114,False
31,cls,neighbors50,specter2,abstract,False,0.40268111111111116,0.44425222222222227,0.041571111111111114,0.0,0.041571111111111114,False
31,cls,neighbors50,scincl,title,False,0.06620333333333328,0.11555999999999989,0.049356666666666604,0.0,0.049356666666666604,False
31,cls,neighbors50,scincl,abstract,False,0.41213333333333335,0.46148999999999996,0.049356666666666604,0.0,0.049356666666666604,False
31,cls,neighbors50,scibert,title,True,-0.1611622222222222,-0.08370222222222223,0.07745999999999997,0.07684000000000002,0.1543,False
31,cls,neighbors50,scibert,abstract,True,0.46418777777777764,0.47274777777777766,0.008560000000000012,0.14573999999999998,0.1543,False
31,cls,neighbors50,bert,title,True,-0.1625388888888888,-0.11217222222222223,0.05036666666666656,0.10302,0.15338666666666656,False
31,cls,neighbors50,bert,abstract,True,0.4874411111111112,0.42795777777777777,-0.059483333333333444,0.21287,0.15338666666666656,False
31,cls,neighbors50,mpnet,title,False,0.07317777777777779,0.12478666666666671,0.051608888888888926,0.0,0.051608888888888926,False
31,cls,neighbors50,mpnet,abstract,False,0.44354777777777776,0.4951566666666667,0.051608888888888926,0.0,0.051608888888888926,False
31,cls,neighbors50,minilm,title,False,0.031744444444444575,0.0835366666666667,0.05179222222222213,0.0,0.05179222222222213,False
31,cls,neighbors50,minilm,abstract,False,0.42751444444444453,0.47930666666666666,0.05179222222222213,0.0,0.05179222222222213,False
31,cls,neighbors50,pubmedbert,title,True,-0.16856555555555552,-0.1325588888888889,0.03600666666666663,0.09109,0.12709666666666664,False
31,cls,neighbors50,pubmedbert,abstract,True,0.4741844444444445,0.5239511111111111,0.049766666666666626,0.07733000000000001,0.12709666666666664,False
31,cls,neighbors50,biobert,title,True,-0.17693888888888887,-0.1373088888888888,0.039630000000000054,0.07040000000000002,0.11003000000000007,False
31,cls,neighbors50,biobert,abstract,True,0.4517011111111112,0.5273411111111111,0.07563999999999993,0.03439000000000014,0.11003000000000007,False
31,cls,neighbors50,simcse,title,False,-0.10148333333333337,-0.05551111111111118,0.04597222222222219,0.0,0.04597222222222219,False
31,cls,neighbors50,simcse,abstract,False,0.4815366666666667,0.5275088888888889,0.04597222222222219,0.0,0.04597222222222219,False
31,sep,cka,specter,title,False,0.1071294039092262,0.1610964882813689,0.053967084372142704,0.0,0.053967084372142704,False
31,sep,cka,specter,abstract,False,0.2868808450943059,0.3408479294664486,0.053967084372142704,0.0,0.053967084372142704,False
31,sep,cka,specter2,title,False,0.14353164862377615,0.19286121521442806,0.04932956659065191,0.0,0.04932956659065191,False
31,sep,cka,specter2,abstract,False,0.33250628536384436,0.38183585195449626,0.04932956659065191,0.0,0.04932956659065191,False
31,sep,cka,scincl,title,False,0.10936213727130789,0.16158333266766645,0.052221195396358555,0.0,0.052221195396358555,False
31,sep,cka,scincl,abstract,False,0.3097680606983249,0.36198925609468346,0.052221195396358555,0.0,0.052221195396358555,False
31,sep,cka,scibert,title,True,-0.12374468739248567,-0.060783471777242415,0.06296121561524326,0.12030546155000676,0.18326667716525002,False
31,sep,cka,scibert,abstract,True,0.29432160425726994,0.4271304415575645,0.13280883730029458,0.050457839864955445,0.18326667716525002,False
31,sep,cka,bert,title,True,-0.10644774582264738,-0.043438593280554993,0.06300915254209238,0.479806349011194,0.5428155015532864,False
31,sep,cka,bert,abstract,True,0.31568809752116067,0.6155922029719438,0.29990410545078316,0.24291139610250323,0.5428155015532864,False
31,sep,cka,mpnet,title,False,0.1018441099207793,0.15366003646513599,0.05181592654435668,0.0,0.05181592654435668,False
31,sep,cka,mpnet,abstract,False,0.30773599310149646,0.35955191964585315,0.05181592654435668,0.0,0.05181592654435668,False
31,sep,cka,minilm,title,False,0.06375082950853916,0.11784034783553704,0.054089518326997876,0.0,0.054089518326997876,False
31,sep,cka,minilm,abstract,False,0.3199682512187325,0.3740577695457304,0.054089518326997876,0.0,0.054089518326997876,False
31,sep,cka,pubmedbert,title,True,-0.16840749658201637,-0.05585362445874137,0.112553872123275,-0.04716773580611189,0.06538613631716311,False
31,sep,cka,pubmedbert,abstract,True,0.32254017309923266,0.38048712100871523,0.05794694790948257,0.0074391884076805415,0.06538613631716311,False
31,sep,cka,biobert,title,True,-0.23124519463991855,-0.03629549781683272,0.19494969682308583,-0.13227233090716184,0.06267736591592399,False
31,sep,cka,biobert,abstract,True,0.3142169569516393,0.3854898611356101,0.07127290418397081,-0.00859553826804682,0.06267736591592399,False
31,sep,cka,simcse,title,False,-0.09294452394918035,-0.014519524483401935,0.07842499946577841,0.0,0.07842499946577841,False
31,sep,cka,simcse,abstract,False,0.3895859808555278,0.4680109803213062,0.07842499946577841,0.0,0.07842499946577841,False
31,sep,neighbors10,specter,title,False,0.02180000000000004,0.03383333333333338,0.01203333333333334,0.0,0.01203333333333334,False
31,sep,neighbors10,specter,abstract,False,0.33820000000000006,0.3502333333333334,0.01203333333333334,0.0,0.01203333333333334,False
31,sep,neighbors10,specter2,title,False,0.018366666666666753,0.027766666666666828,0.009400000000000075,0.0,0.009400000000000075,False
31,sep,neighbors10,specter2,abstract,False,0.4163166666666668,0.42571666666666685,0.009400000000000075,0.0,0.009400000000000075,False
31,sep,neighbors10,scincl,title,False,0.05806111111111123,0.06987777777777782,0.011816666666666586,0.0,0.011816666666666586,False
31,sep,neighbors10,scincl,abstract,False,0.42981111111111125,0.44162777777777784,0.011816666666666586,0.0,0.011816666666666586,False
31,sep,neighbors10,scibert,title,True,-0.16636111111111107,-0.07274999999999998,0.09361111111111109,0.0605,0.1541111111111111,False
31,sep,neighbors10,scibert,abstract,True,0.519288888888889,0.4736,-0.045688888888889,0.1998000000000001,0.1541111111111111,False
31,sep,neighbors10,bert,title,True,-0.15851111111111105,-0.07392222222222211,0.08458888888888894,0.04864999999999997,0.1332388888888889,False
31,sep,neighbors10,bert,abstract,True,0.5245388888888889,0.3723777777777779,-0.15216111111111097,0.2853999999999999,0.1332388888888889,False
31,sep,neighbors10,mpnet,title,False,0.08098333333333319,0.09213888888888888,0.011155555555555696,0.0,0.011155555555555696,False
31,sep,neighbors10,mpnet,abstract,False,0.47673333333333323,0.4878888888888889,0.011155555555555696,0.0,0.011155555555555696,False
31,sep,neighbors10,minilm,title,False,0.039688888888888885,0.05272777777777782,0.013038888888888933,0.0,0.013038888888888933,False
31,sep,neighbors10,minilm,abstract,False,0.4611388888888889,0.4741777777777778,0.013038888888888933,0.0,0.013038888888888933,False
31,sep,neighbors10,pubmedbert,title,True,-0.1604000000000001,-0.10911111111111116,0.05128888888888894,-0.024700000000000055,0.026588888888888884,False
31,sep,neighbors10,pubmedbert,abstract,True,0.5180999999999999,0.5278888888888889,0.009788888888888958,0.016799999999999926,0.026588888888888884,False
31,sep,neighbors10,biobert,title,True,-0.1653944444444444,-0.09876666666666678,0.06662777777777762,-0.01860000000000006,0.04802777777777756,False
31,sep,neighbors10,biobert,abstract,True,0.49035555555555566,0.5542833333333331,0.06392777777777747,-0.015899999999999914,0.04802777777777756,False
31,sep,neighbors10,simcse,title,False,-0.0968555555555557,-0.07017777777777778,0.02667777777777791,0.0,0.02667777777777791,False
31,sep,neighbors10,simcse,abstract,False,0.4948944444444443,0.5215722222222222,0.02667777777777791,0.0,0.02667777777777791,False
31,sep,neighbors25,specter,title,False,0.024877777777777776,0.03888444444444461,0.014006666666666834,0.0,0.014006666666666834,False
31,sep,neighbors25,specter,abstract,False,0.3437577777777776,0.35776444444444444,0.014006666666666834,0.0,0.014006666666666834,False
31,sep,neighbors25,specter2,title,False,0.02960000000000018,0.04129333333333329,0.011693333333333111,0.0,0.011693333333333111,False
31,sep,neighbors25,specter2,abstract,False,0.41410000000000013,0.42579333333333325,0.011693333333333111,0.0,0.011693333333333111,False
31,sep,neighbors25,scincl,title,False,0.06351555555555544,0.0772977777777778,0.013782222222222362,0.0,0.013782222222222362,False
31,sep,neighbors25,scincl,abstract,False,0.4255755555555554,0.43935777777777774,0.013782222222222362,0.0,0.013782222222222362,False
31,sep,neighbors25,scibert,title,True,-0.1666822222222223,-0.08393555555555554,0.08274666666666675,0.07523999999999997,0.15798666666666672,False
31,sep,neighbors25,scibert,abstract,True,0.4943577777777778,0.47556444444444446,-0.01879333333333333,0.17678000000000005,0.15798666666666672,False
31,sep,neighbors25,bert,title,True,-0.16244666666666663,-0.08121777777777772,0.0812288888888889,0.06840000000000002,0.14962888888888892,False
31,sep,neighbors25,bert,abstract,True,0.5083133333333334,0.38242222222222233,-0.12589111111111106,0.27552,0.14962888888888892,False
31,sep,neighbors25,mpnet,title,False,0.07978444444444444,0.09248,0.012695555555555571,0.0,0.012695555555555571,False
31,sep,neighbors25,mpnet,abstract,False,0.46480444444444435,0.4774999999999999,0.012695555555555571,0.0,0.012695555555555571,False
31,sep,neighbors25,minilm,title,False,0.03803111111111113,0.053213333333333335,0.015182222222222208,0.0,0.015182222222222208,False
31,sep,neighbors25,minilm,abstract,False,0.4498511111111112,0.4650333333333334,0.015182222222222208,0.0,0.015182222222222208,False
31,sep,neighbors25,pubmedbert,title,True,-0.16673111111111116,-0.11849111111111121,0.04823999999999995,-0.02212000000000003,0.02611999999999992,False
31,sep,neighbors25,pubmedbert,abstract,True,0.49948888888888876,0.5095288888888888,0.010040000000000049,0.016079999999999872,0.02611999999999992,False
31,sep,neighbors25,biobert,title,True,-0.17351555555555553,-0.10309333333333348,0.07042222222222205,-0.027139999999999942,0.04328222222222211,False
31,sep,neighbors25,biobert,abstract,True,0.4731844444444445,0.5333266666666665,0.060142222222221986,-0.016859999999999875,0.04328222222222211,False
31,sep,neighbors25,simcse,title,False,-0.10142666666666678,-0.07239111111111107,0.029035555555555703,0.0,0.029035555555555703,False
31,sep,neighbors25,simcse,abstract,False,0.4933533333333332,0.5223888888888889,0.029035555555555703,0.0,0.029035555555555703,False
31,sep,neighbors50,specter,title,False,0.033042222222222195,0.04937888888888886,0.016336666666666666,0.0,0.016336666666666666,False
31,sep,neighbors50,specter,abstract,False,0.33826222222222224,0.3545988888888889,0.016336666666666666,0.0,0.016336666666666666,False
31,sep,neighbors50,specter2,title,False,0.04255111111111132,0.05558888888888902,0.013037777777777704,0.0,0.013037777777777704,False
31,sep,neighbors50,specter2,abstract,False,0.40268111111111116,0.41571888888888886,0.013037777777777704,0.0,0.013037777777777704,False
31,sep,neighbors50,scincl,title,False,0.06620333333333328,0.08141666666666658,0.015213333333333301,0.0,0.015213333333333301,False
31,sep,neighbors50,scincl,abstract,False,0.41213333333333335,0.42734666666666665,0.015213333333333301,0.0,0.015213333333333301,False
31,sep,neighbors50,scibert,title,True,-0.1611622222222222,-0.0872155555555556,0.0739466666666666,0.08274999999999999,0.1566966666666666,False
31,sep,neighbors50,scibert,abstract,True,0.46418777777777764,0.46129444444444434,-0.0028933333333333033,0.1595899999999999,0.1566966666666666,False
31,sep,neighbors50,bert,title,True,-0.1625388888888888,-0.08632555555555566,0.07621333333333313,0.08603000000000005,0.16224333333333318,False
31,sep,neighbors50,bert,abstract,True,0.4874411111111112,0.38239444444444437,-0.10504666666666684,0.26729,0.16224333333333318,False
31,sep,neighbors50,mpnet,title,False,0.07317777777777779,0.08828222222222226,0.015104444444444476,0.0,0.015104444444444476,False
31,sep,neighbors50,mpnet,abstract,False,0.44354777777777776,0.45865222222222224,0.015104444444444476,0.0,0.015104444444444476,False
31,sep,neighbors50,minilm,title,False,0.031744444444444575,0.04872999999999994,0.016985555555555365,0.0,0.016985555555555365,False
31,sep,neighbors50,minilm,abstract,False,0.42751444444444453,0.4444999999999999,0.016985555555555365,0.0,0.016985555555555365,False
31,sep,neighbors50,pubmedbert,title,True,-0.16856555555555552,-0.11530777777777768,0.05325777777777785,-0.02202000000000004,0.03123777777777781,False
31,sep,neighbors50,pubmedbert,abstract,True,0.4741844444444445,0.4920622222222223,0.01787777777777777,0.013360000000000039,0.03123777777777781,False
31,sep,neighbors50,biobert,title,True,-0.17693888888888887,-0.09980999999999995,0.07712888888888891,-0.035190000000000055,0.04193888888888886,False
31,sep,neighbors50,biobert,abstract,True,0.4517011111111112,0.50834,0.056638888888888794,-0.014699999999999935,0.04193888888888886,False
31,sep,neighbors50,simcse,title,False,-0.10148333333333337,-0.07078222222222219,0.03070111111111118,0.0,0.03070111111111118,False
31,sep,neighbors50,simcse,abstract,False,0.4815366666666667,0.5122377777777779,0.03070111111111118,0.0,0.03070111111111118,False
32,cls,cka,specter,title,False,0.1734896395181975,0.23032647299830628,0.05683683348010876,0.0,0.05683683348010876,False
32,cls,cka,specter,abstract,False,0.3735553775982109,0.43039221107831965,0.05683683348010876,0.0,0.05683683348010876,False
32,cls,cka,specter2,title,False,0.16906994038510526,0.2339157298443405,0.06484578945923525,0.0,0.06484578945923525,False
32,cls,cka,specter2,abstract,False,0.3459020028723415,0.41074779233157677,0.06484578945923525,0.0,0.06484578945923525,False
32,cls,cka,scincl,title,False,0.1643410170078668,0.22875318650840776,0.06441216950054096,0.0,0.06441216950054096,False
32,cls,cka,scincl,abstract,False,0.3675070954884558,0.43191926498899674,0.06441216950054096,0.0,0.06441216950054096,False
32,cls,cka,scibert,title,True,-0.21491869798585583,-0.139850021748254,0.07506867623760183,0.10136560064331346,0.1764342768809153,False
32,cls,cka,scibert,abstract,True,0.37120546587556613,0.52867613894329,0.1574706730677239,0.0189636038131914,0.1764342768809153,False
32,cls,cka,bert,title,True,-0.11092251906688783,-0.13176684575787223,-0.020844326690984405,0.2024972440029401,0.1816529173119557,False
32,cls,cka,bert,abstract,True,0.3779952485284354,0.5114589019838036,0.1334636534553682,0.048189263856587505,0.1816529173119557,False
32,cls,cka,mpnet,title,False,0.1859687754019715,0.24671285768114237,0.060744082279170886,0.0,0.060744082279170886,False
32,cls,cka,mpnet,abstract,False,0.3689654827863475,0.4297095650655184,0.060744082279170886,0.0,0.060744082279170886,False
32,cls,cka,minilm,title,False,0.12495744499270378,0.18697658964698344,0.062019144654279657,0.0,0.062019144654279657,False
32,cls,cka,minilm,abstract,False,0.36021303562770335,0.422232180281983,0.062019144654279657,0.0,0.062019144654279657,False
32,cls,cka,pubmedbert,title,True,-0.10729399810515716,-0.19645830237873108,-0.08916430427357391,0.20998270237615047,0.12081839810257655,False
32,cls,cka,pubmedbert,abstract,True,0.41060092736146925,0.5199487468307487,0.1093478194692794,0.011470578633297146,0.12081839810257655,False
32,cls,cka,biobert,title,True,-0.27017067449964116,-0.22904263918446616,0.041128035315175004,0.07540486167828553,0.11653289699346053,False
32,cls,cka,biobert,abstract,True,0.359826065580667,0.46588927610804304,0.10606321052737605,0.010469686466084482,0.11653289699346053,False
32,cls,cka,simcse,title,False,-0.11511974332745012,-0.053974718141094,0.06114502518635612,0.0,0.06114502518635612,False
32,cls,cka,simcse,abstract,False,0.39334674802842806,0.4544917732147842,0.06114502518635612,0.0,0.06114502518635612,False
32,cls,neighbors10,specter,title,False,0.05083888888888888,0.08492777777777782,0.034088888888888946,0.0,0.034088888888888946,False
32,cls,neighbors10,specter,abstract,False,0.4146388888888889,0.44872777777777784,0.034088888888888946,0.0,0.034088888888888946,False
32,cls,neighbors10,specter2,title,False,0.08091111111111104,0.11435555555555543,0.03344444444444439,0.0,0.03344444444444439,False
32,cls,neighbors10,specter2,abstract,False,0.4038111111111111,0.4372555555555555,0.03344444444444439,0.0,0.03344444444444439,False
32,cls,neighbors10,scincl,title,False,0.0934222222222223,0.1253833333333334,0.03196111111111111,0.0,0.03196111111111111,False
32,cls,neighbors10,scincl,abstract,False,0.4766222222222223,0.5085833333333334,0.03196111111111111,0.0,0.03196111111111111,False
32,cls,neighbors10,scibert,title,True,-0.16293888888888897,-0.07416111111111112,0.08877777777777784,0.04874999999999996,0.1375277777777778,False
32,cls,neighbors10,scibert,abstract,True,0.5606611111111112,0.5405888888888889,-0.02007222222222227,0.15760000000000007,0.1375277777777778,False
32,cls,neighbors10,bert,title,True,-0.1342888888888889,-0.0730722222222221,0.06121666666666681,0.07204999999999995,0.13326666666666676,False
32,cls,neighbors10,bert,abstract,True,0.5606611111111112,0.4390277777777779,-0.12163333333333326,0.2549,0.13326666666666676,False
32,cls,neighbors10,mpnet,title,False,0.16488333333333338,0.1999333333333334,0.035050000000000026,0.0,0.035050000000000026,False
32,cls,neighbors10,mpnet,abstract,False,0.5191833333333334,0.5542333333333335,0.035050000000000026,0.0,0.035050000000000026,False
32,cls,neighbors10,minilm,title,False,0.10674444444444431,0.1433833333333333,0.036638888888889,0.0,0.036638888888889,False
32,cls,neighbors10,minilm,abstract,False,0.4921944444444444,0.5288333333333334,0.036638888888889,0.0,0.036638888888889,False
32,cls,neighbors10,pubmedbert,title,True,-0.14477222222222197,-0.09526666666666672,0.04950555555555525,0.0626500000000001,0.11215555555555534,False
32,cls,neighbors10,pubmedbert,abstract,True,0.5735277777777779,0.5903333333333334,0.016805555555555518,0.09534999999999982,0.11215555555555534,False
32,cls,neighbors10,biobert,title,True,-0.15528333333333333,-0.09133888888888886,0.06394444444444447,0.04420000000000002,0.10814444444444449,False
32,cls,neighbors10,biobert,abstract,True,0.5325166666666666,0.5831111111111111,0.0505944444444445,0.05754999999999999,0.10814444444444449,False
32,cls,neighbors10,simcse,title,False,-0.0790333333333334,-0.025788888888888972,0.05324444444444443,0.0,0.05324444444444443,False
32,cls,neighbors10,simcse,abstract,False,0.5079666666666667,0.5612111111111111,0.05324444444444443,0.0,0.05324444444444443,False
32,cls,neighbors25,specter,title,False,0.06754444444444452,0.10339777777777792,0.035853333333333404,0.0,0.035853333333333404,False
32,cls,neighbors25,specter,abstract,False,0.4225444444444444,0.4583977777777778,0.035853333333333404,0.0,0.035853333333333404,False
32,cls,neighbors25,specter2,title,False,0.08694000000000013,0.12376222222222222,0.03682222222222209,0.0,0.03682222222222209,False
32,cls,neighbors25,specter2,abstract,False,0.40012000000000014,0.43694222222222223,0.03682222222222209,0.0,0.03682222222222209,False
32,cls,neighbors25,scincl,title,False,0.10413777777777777,0.13836888888888887,0.0342311111111111,0.0,0.0342311111111111,False
32,cls,neighbors25,scincl,abstract,False,0.4750377777777778,0.5092688888888889,0.0342311111111111,0.0,0.0342311111111111,False
32,cls,neighbors25,scibert,title,True,-0.1735311111111112,-0.08453777777777782,0.08899333333333337,0.05249999999999999,0.14149333333333336,False
32,cls,neighbors25,scibert,abstract,True,0.5442688888888888,0.5521622222222221,0.007893333333333308,0.13360000000000005,0.14149333333333336,False
32,cls,neighbors25,bert,title,True,-0.1335333333333334,-0.08875111111111122,0.04478222222222217,0.09348000000000001,0.13826222222222218,False
32,cls,neighbors25,bert,abstract,True,0.5468266666666667,0.4563288888888889,-0.09049777777777779,0.22875999999999996,0.13826222222222218,False
32,cls,neighbors25,mpnet,title,False,0.1737066666666668,0.21012222222222232,0.036415555555555534,0.0,0.036415555555555534,False
32,cls,neighbors25,mpnet,abstract,False,0.5126266666666667,0.5490422222222222,0.036415555555555534,0.0,0.036415555555555534,False
32,cls,neighbors25,minilm,title,False,0.11331555555555539,0.15313333333333312,0.03981777777777773,0.0,0.03981777777777773,False
32,cls,neighbors25,minilm,abstract,False,0.4817355555555555,0.5215533333333332,0.03981777777777773,0.0,0.03981777777777773,False
32,cls,neighbors25,pubmedbert,title,True,-0.14947333333333335,-0.10754444444444444,0.041928888888888904,0.07074000000000003,0.11266888888888893,False
32,cls,neighbors25,pubmedbert,abstract,True,0.5577666666666667,0.5899355555555555,0.0321688888888888,0.08050000000000013,0.11266888888888893,False
32,cls,neighbors25,biobert,title,True,-0.16241777777777777,-0.1024799999999999,0.05993777777777787,0.05035999999999996,0.11029777777777783,False
32,cls,neighbors25,biobert,abstract,True,0.5213222222222224,0.5786600000000001,0.05733777777777771,0.05296000000000012,0.11029777777777783,False
32,cls,neighbors25,simcse,title,False,-0.08094888888888885,-0.025215555555555436,0.05573333333333341,0.0,0.05573333333333341,False
32,cls,neighbors25,simcse,abstract,False,0.5026311111111111,0.5583644444444446,0.05573333333333341,0.0,0.05573333333333341,False
32,cls,neighbors50,specter,title,False,0.07278999999999991,0.11039666666666659,0.03760666666666668,0.0,0.03760666666666668,False
32,cls,neighbors50,specter,abstract,False,0.41779999999999995,0.4554066666666666,0.03760666666666668,0.0,0.03760666666666668,False
32,cls,neighbors50,specter2,title,False,0.09231888888888895,0.13058222222222227,0.038263333333333316,0.0,0.038263333333333316,False
32,cls,neighbors50,specter2,abstract,False,0.3930988888888889,0.4313622222222222,0.038263333333333316,0.0,0.038263333333333316,False
32,cls,neighbors50,scincl,title,False,0.10873777777777771,0.14397000000000004,0.03523222222222233,0.0,0.03523222222222233,False
32,cls,neighbors50,scincl,abstract,False,0.4673977777777777,0.50263,0.03523222222222233,0.0,0.03523222222222233,False
32,cls,neighbors50,scibert,title,True,-0.17482888888888903,-0.09079666666666675,0.08403222222222229,0.05754999999999999,0.14158222222222228,False
32,cls,neighbors50,scibert,abstract,True,0.5251711111111109,0.5523733333333333,0.02720222222222235,0.11437999999999993,0.14158222222222228,False
32,cls,neighbors50,bert,title,True,-0.13176,-0.09601222222222228,0.03574777777777771,0.10607,0.1418177777777777,False
32,cls,neighbors50,bert,abstract,True,0.531,0.46313777777777765,-0.06786222222222238,0.2096800000000001,0.1418177777777777,False
32,cls,neighbors50,mpnet,title,False,0.16949000000000003,0.2084166666666667,0.038926666666666665,0.0,0.038926666666666665,False
32,cls,neighbors50,mpnet,abstract,False,0.49485,0.5337766666666667,0.038926666666666665,0.0,0.038926666666666665,False
32,cls,neighbors50,minilm,title,False,0.10815333333333332,0.15017333333333338,0.04202000000000006,0.0,0.04202000000000006,False
32,cls,neighbors50,minilm,abstract,False,0.4681533333333333,0.5101733333333334,0.04202000000000006,0.0,0.04202000000000006,False
32,cls,neighbors50,pubmedbert,title,True,-0.1493888888888888,-0.11680666666666661,0.03258222222222218,0.08021999999999996,0.11280222222222214,False
32,cls,neighbors50,pubmedbert,abstract,True,0.5411411111111112,0.5806733333333333,0.03953222222222208,0.07327000000000006,0.11280222222222214,False
32,cls,neighbors50,biobert,title,True,-0.16575000000000006,-0.10901111111111106,0.056738888888889005,0.054279999999999995,0.111018888888889,False
32,cls,neighbors50,biobert,abstract,True,0.50174,0.5633488888888889,0.061608888888888935,0.049410000000000065,0.111018888888889,False
32,cls,neighbors50,simcse,title,False,-0.08176333333333341,-0.02484888888888892,0.05691444444444449,0.0,0.05691444444444449,False
32,cls,neighbors50,simcse,abstract,False,0.49201666666666655,0.548931111111111,0.05691444444444449,0.0,0.05691444444444449,False
32,sep,cka,specter,title,False,0.1734896395181975,0.19556246130534805,0.02207282178715053,0.0,0.02207282178715053,False
32,sep,cka,specter,abstract,False,0.3735553775982109,0.3956281993853614,0.02207282178715053,0.0,0.02207282178715053,False
32,sep,cka,specter2,title,False,0.16906994038510526,0.19592395811463847,0.02685401772953322,0.0,0.02685401772953322,False
32,sep,cka,specter2,abstract,False,0.3459020028723415,0.37275602060187474,0.02685401772953322,0.0,0.02685401772953322,False
32,sep,cka,scincl,title,False,0.1643410170078668,0.1893100367178484,0.02496901970998161,0.0,0.02496901970998161,False
32,sep,cka,scincl,abstract,False,0.3675070954884558,0.3924761151984374,0.02496901970998161,0.0,0.02496901970998161,False
32,sep,cka,scibert,title,True,-0.21491869798585583,-0.14397546603042866,0.07094323195542718,0.12055764291520643,0.1915008748706336,False
32,sep,cka,scibert,abstract,True,0.37120546587556613,0.5286241498528039,0.1574186839772378,0.034082190893395814,0.1915008748706336,False
32,sep,cka,bert,title,True,-0.11092251906688783,-0.09649942261438105,0.014423096452506778,0.39090570069025554,0.4053287971427623,False
32,sep,cka,bert,abstract,True,0.3779952485284354,0.594432734389587,0.21643748586115158,0.18889131128161074,0.4053287971427623,False
32,sep,cka,mpnet,title,False,0.1859687754019715,0.20952724245082122,0.02355846704884973,0.0,0.02355846704884973,False
32,sep,cka,mpnet,abstract,False,0.3689654827863475,0.39252394983519723,0.02355846704884973,0.0,0.02355846704884973,False
32,sep,cka,minilm,title,False,0.12495744499270378,0.15577526056332824,0.030817815570624463,0.0,0.030817815570624463,False
32,sep,cka,minilm,abstract,False,0.36021303562770335,0.3910308511983278,0.030817815570624463,0.0,0.030817815570624463,False
32,sep,cka,pubmedbert,title,True,-0.10729399810515716,-0.12022795263147334,-0.012933954526316183,-0.01490539289330639,-0.027839347419622573,False
32,sep,cka,pubmedbert,abstract,True,0.41060092736146925,0.36607567946751474,-0.04452524789395451,0.01668590047433194,-0.027839347419622573,False
32,sep,cka,biobert,title,True,-0.27017067449964116,-0.07998875498674596,0.1901819195128952,-0.13456657491049817,0.05561534460239703,False
32,sep,cka,biobert,abstract,True,0.359826065580667,0.42138266540597913,0.06155659982531214,-0.0059412552229151094,0.05561534460239703,False
32,sep,cka,simcse,title,False,-0.11511974332745012,-0.04826757229677209,0.06685217103067803,0.0,0.06685217103067803,False
32,sep,cka,simcse,abstract,False,0.39334674802842806,0.4601989190591061,0.06685217103067803,0.0,0.06685217103067803,False
32,sep,neighbors10,specter,title,False,0.05083888888888888,0.05643888888888893,0.005600000000000049,0.0,0.005600000000000049,False
32,sep,neighbors10,specter,abstract,False,0.4146388888888889,0.42023888888888894,0.005600000000000049,0.0,0.005600000000000049,False
32,sep,neighbors10,specter2,title,False,0.08091111111111104,0.08567777777777785,0.004766666666666808,0.0,0.004766666666666808,False
32,sep,neighbors10,specter2,abstract,False,0.4038111111111111,0.40857777777777793,0.004766666666666808,0.0,0.004766666666666808,False
32,sep,neighbors10,scincl,title,False,0.0934222222222223,0.0972333333333334,0.0038111111111110985,0.0,0.0038111111111110985,False
32,sep,neighbors10,scincl,abstract,False,0.4766222222222223,0.4804333333333334,0.0038111111111110985,0.0,0.0038111111111110985,False
32,sep,neighbors10,scibert,title,True,-0.16293888888888897,-0.06383333333333341,0.09910555555555556,0.0524,0.15150555555555556,False
32,sep,neighbors10,scibert,abstract,True,0.5606611111111112,0.5382166666666667,-0.02244444444444449,0.17395000000000005,0.15150555555555556,False
32,sep,neighbors10,bert,title,True,-0.1342888888888889,-0.07420000000000004,0.06008888888888886,0.052649999999999975,0.11273888888888883,False
32,sep,neighbors10,bert,abstract,True,0.5606611111111112,0.4663999999999999,-0.09426111111111124,0.20700000000000007,0.11273888888888883,False
32,sep,neighbors10,mpnet,title,False,0.16488333333333338,0.16823333333333335,0.003349999999999964,0.0,0.003349999999999964,False
32,sep,neighbors10,mpnet,abstract,False,0.5191833333333334,0.5225333333333334,0.003349999999999964,0.0,0.003349999999999964,False
32,sep,neighbors10,minilm,title,False,0.10674444444444431,0.11273888888888883,0.005994444444444524,0.0,0.005994444444444524,False
32,sep,neighbors10,minilm,abstract,False,0.4921944444444444,0.4981888888888889,0.005994444444444524,0.0,0.005994444444444524,False
32,sep,neighbors10,pubmedbert,title,True,-0.14477222222222197,-0.11048333333333327,0.0342888888888887,-0.02815000000000001,0.006138888888888694,False
32,sep,neighbors10,pubmedbert,abstract,True,0.5735277777777779,0.5428166666666667,-0.030711111111111133,0.03684999999999983,0.006138888888888694,False
32,sep,neighbors10,biobert,title,True,-0.15528333333333333,-0.08232777777777778,0.07295555555555555,-0.024849999999999928,0.048105555555555624,False
32,sep,neighbors10,biobert,abstract,True,0.5325166666666666,0.6026222222222223,0.07010555555555564,-0.02200000000000002,0.048105555555555624,False
32,sep,neighbors10,simcse,title,False,-0.0790333333333334,-0.05390000000000006,0.02513333333333334,0.0,0.02513333333333334,False
32,sep,neighbors10,simcse,abstract,False,0.5079666666666667,0.5331,0.02513333333333334,0.0,0.02513333333333334,False
32,sep,neighbors25,specter,title,False,0.06754444444444452,0.07249777777777788,0.004953333333333365,0.0,0.004953333333333365,False
32,sep,neighbors25,specter,abstract,False,0.4225444444444444,0.42749777777777775,0.004953333333333365,0.0,0.004953333333333365,False
32,sep,neighbors25,specter2,title,False,0.08694000000000013,0.09278222222222232,0.005842222222222193,0.0,0.005842222222222193,False
32,sep,neighbors25,specter2,abstract,False,0.40012000000000014,0.40596222222222234,0.005842222222222193,0.0,0.005842222222222193,False
32,sep,neighbors25,scincl,title,False,0.10413777777777777,0.10833999999999999,0.004202222222222218,0.0,0.004202222222222218,False
32,sep,neighbors25,scincl,abstract,False,0.4750377777777778,0.47924,0.004202222222222218,0.0,0.004202222222222218,False
32,sep,neighbors25,scibert,title,True,-0.1735311111111112,-0.07401777777777785,0.09951333333333334,0.05611999999999995,0.1556333333333333,False
32,sep,neighbors25,scibert,abstract,True,0.5442688888888888,0.5529022222222222,0.008633333333333382,0.1469999999999999,0.1556333333333333,False
32,sep,neighbors25,bert,title,True,-0.1335333333333334,-0.08358444444444435,0.04994888888888904,0.07109999999999994,0.12104888888888898,False
32,sep,neighbors25,bert,abstract,True,0.5468266666666667,0.4793155555555557,-0.06751111111111097,0.18855999999999995,0.12104888888888898,False
32,sep,neighbors25,mpnet,title,False,0.1737066666666668,0.17695777777777788,0.0032511111111110935,0.0,0.0032511111111110935,False
32,sep,neighbors25,mpnet,abstract,False,0.5126266666666667,0.5158777777777778,0.0032511111111110935,0.0,0.0032511111111110935,False
32,sep,neighbors25,minilm,title,False,0.11331555555555539,0.11977777777777765,0.006462222222222258,0.0,0.006462222222222258,False
32,sep,neighbors25,minilm,abstract,False,0.4817355555555555,0.48819777777777773,0.006462222222222258,0.0,0.006462222222222258,False
32,sep,neighbors25,pubmedbert,title,True,-0.14947333333333335,-0.1093977777777777,0.04007555555555564,-0.037900000000000045,0.002175555555555597,False
32,sep,neighbors25,pubmedbert,abstract,True,0.5577666666666667,0.5265422222222222,-0.0312244444444445,0.033400000000000096,0.002175555555555597,False
32,sep,neighbors25,biobert,title,True,-0.16241777777777777,-0.08383111111111119,0.07858666666666658,-0.03273999999999999,0.04584666666666659,False
32,sep,neighbors25,biobert,abstract,True,0.5213222222222224,0.5871288888888888,0.06580666666666646,-0.019959999999999867,0.04584666666666659,False
32,sep,neighbors25,simcse,title,False,-0.08094888888888885,-0.05338666666666669,0.027562222222222155,0.0,0.027562222222222155,False
32,sep,neighbors25,simcse,abstract,False,0.5026311111111111,0.5301933333333333,0.027562222222222155,0.0,0.027562222222222155,False
32,sep,neighbors50,specter,title,False,0.07278999999999991,0.07894777777777773,0.0061577777777778175,0.0,0.0061577777777778175,False
32,sep,neighbors50,specter,abstract,False,0.41779999999999995,0.42395777777777777,0.0061577777777778175,0.0,0.0061577777777778175,False
32,sep,neighbors50,specter2,title,False,0.09231888888888895,0.09879888888888899,0.006480000000000041,0.0,0.006480000000000041,False
32,sep,neighbors50,specter2,abstract,False,0.3930988888888889,0.39957888888888893,0.006480000000000041,0.0,0.006480000000000041,False
32,sep,neighbors50,scincl,title,False,0.10873777777777771,0.11353888888888886,0.004801111111111145,0.0,0.004801111111111145,False
32,sep,neighbors50,scincl,abstract,False,0.4673977777777777,0.47219888888888883,0.004801111111111145,0.0,0.004801111111111145,False
32,sep,neighbors50,scibert,title,True,-0.17482888888888903,-0.08265888888888884,0.0921700000000002,0.06402999999999992,0.15620000000000012,False
32,sep,neighbors50,scibert,abstract,True,0.5251711111111109,0.5526311111111112,0.027460000000000262,0.12873999999999985,0.15620000000000012,False
32,sep,neighbors50,bert,title,True,-0.13176,-0.08899222222222225,0.04276777777777774,0.08531,0.12807777777777773,False
32,sep,neighbors50,bert,abstract,True,0.531,0.4795677777777778,-0.05143222222222221,0.17950999999999995,0.12807777777777773,False
32,sep,neighbors50,mpnet,title,False,0.16949000000000003,0.17395888888888877,0.004468888888888745,0.0,0.004468888888888745,False
32,sep,neighbors50,mpnet,abstract,False,0.49485,0.49931888888888876,0.004468888888888745,0.0,0.004468888888888745,False
32,sep,neighbors50,minilm,title,False,0.10815333333333332,0.11625666666666667,0.008103333333333351,0.0,0.008103333333333351,False
32,sep,neighbors50,minilm,abstract,False,0.4681533333333333,0.47625666666666666,0.008103333333333351,0.0,0.008103333333333351,False
32,sep,neighbors50,pubmedbert,title,True,-0.1493888888888888,-0.1071133333333334,0.0422755555555554,-0.040590000000000015,0.0016855555555553847,False
32,sep,neighbors50,pubmedbert,abstract,True,0.5411411111111112,0.5082866666666666,-0.03285444444444463,0.034540000000000015,0.0016855555555553847,False
32,sep,neighbors50,biobert,title,True,-0.16575000000000006,-0.07976444444444453,0.08598555555555554,-0.04169999999999996,0.04428555555555558,False
32,sep,neighbors50,biobert,abstract,True,0.50174,0.5681655555555555,0.06642555555555552,-0.022139999999999938,0.04428555555555558,False
32,sep,neighbors50,simcse,title,False,-0.08176333333333341,-0.05316555555555558,0.028597777777777833,0.0,0.028597777777777833,False
32,sep,neighbors50,simcse,abstract,False,0.49201666666666655,0.5206144444444444,0.028597777777777833,0.0,0.028597777777777833,False
33,cls,cka,specter,title,False,0.13111860812267118,0.17622149524978997,0.045102887127118796,0.0,0.045102887127118796,False
33,cls,cka,specter,abstract,False,0.3766692200612657,0.4217721071883845,0.045102887127118796,0.0,0.045102887127118796,False
33,cls,cka,specter2,title,False,0.13341699131033335,0.18080762803347883,0.047390636723145474,0.0,0.047390636723145474,False
33,cls,cka,specter2,abstract,False,0.3228168240887749,0.37020746081192035,0.047390636723145474,0.0,0.047390636723145474,False
33,cls,cka,scincl,title,False,0.05838767638526843,0.1093008402696678,0.05091316388439937,0.0,0.05091316388439937,False
33,cls,cka,scincl,abstract,False,0.35956860516395894,0.4104817690483583,0.05091316388439937,0.0,0.05091316388439937,False
33,cls,cka,scibert,title,True,-0.2403361665177811,-0.1795202457680356,0.06081592074974551,0.09494110945679468,0.1557570302065402,False
33,cls,cka,scibert,abstract,True,0.363736420306112,0.5040782099704653,0.1403417896643533,0.015415240542186903,0.1557570302065402,False
33,cls,cka,bert,title,True,-0.1832061096855625,-0.19762785394153715,-0.014421744255974644,0.18112152324693676,0.1666997789909621,False
33,cls,cka,bert,abstract,True,0.3536776457916778,0.47903706666304513,0.1253594208713673,0.0413403581195948,0.1666997789909621,False
33,cls,cka,mpnet,title,False,0.1421609023415587,0.18848363446307353,0.04632273212151483,0.0,0.04632273212151483,False
33,cls,cka,mpnet,abstract,False,0.35940096424017803,0.40572369636169286,0.04632273212151483,0.0,0.04632273212151483,False
33,cls,cka,minilm,title,False,0.0938264195968126,0.1418024283582895,0.047976008761476896,0.0,0.047976008761476896,False
33,cls,cka,minilm,abstract,False,0.3700382642865656,0.4180142730480425,0.047976008761476896,0.0,0.047976008761476896,False
33,cls,cka,pubmedbert,title,True,-0.21864537414666912,-0.24516833070179112,-0.02652295655512199,0.1081083433367036,0.08158538678158161,False
33,cls,cka,pubmedbert,abstract,True,0.40214097809736044,0.48445342444762796,0.08231244635026752,-0.000727059568685906,0.08158538678158161,False
33,cls,cka,biobert,title,True,-0.2955115097466247,-0.2772401673965095,0.01827134235011524,0.05349723758817815,0.07176857993829339,False
33,cls,cka,biobert,abstract,True,0.36580582046200144,0.44100325048617495,0.0751974300241735,-0.0034288500858801196,0.07176857993829339,False
33,cls,cka,simcse,title,False,-0.15802711386962953,-0.10716310660723904,0.05086400726239049,0.0,0.05086400726239049,False
33,cls,cka,simcse,abstract,False,0.378355855011586,0.42921986227397646,0.05086400726239049,0.0,0.05086400726239049,False
33,cls,neighbors10,specter,title,False,0.01757222222222221,0.04142222222222236,0.02385000000000015,0.0,0.02385000000000015,False
33,cls,neighbors10,specter,abstract,False,0.38007222222222214,0.4039222222222223,0.02385000000000015,0.0,0.02385000000000015,False
33,cls,neighbors10,specter2,title,False,0.05280555555555566,0.07818888888888886,0.025383333333333202,0.0,0.025383333333333202,False
33,cls,neighbors10,specter2,abstract,False,0.3232555555555555,0.3486388888888887,0.025383333333333202,0.0,0.025383333333333202,False
33,cls,neighbors10,scincl,title,False,0.03337777777777773,0.0584055555555556,0.02502777777777787,0.0,0.02502777777777787,False
33,cls,neighbors10,scincl,abstract,False,0.4563277777777778,0.48135555555555565,0.02502777777777787,0.0,0.02502777777777787,False
33,cls,neighbors10,scibert,title,True,-0.1664888888888888,-0.08320555555555564,0.08328333333333315,0.03610000000000002,0.11938333333333317,False
33,cls,neighbors10,scibert,abstract,True,0.5358111111111111,0.5252444444444443,-0.010566666666666835,0.12995,0.11938333333333317,False
33,cls,neighbors10,bert,title,True,-0.13862777777777768,-0.08332777777777778,0.055299999999999905,0.07400000000000007,0.12929999999999997,False
33,cls,neighbors10,bert,abstract,True,0.5299722222222223,0.44987222222222223,-0.08010000000000006,0.20940000000000003,0.12929999999999997,False
33,cls,neighbors10,mpnet,title,False,0.11246111111111101,0.14465000000000006,0.032188888888889045,0.0,0.032188888888889045,False
33,cls,neighbors10,mpnet,abstract,False,0.502511111111111,0.5347000000000001,0.032188888888889045,0.0,0.032188888888889045,False
33,cls,neighbors10,minilm,title,False,0.06225555555555551,0.0946055555555555,0.03234999999999999,0.0,0.03234999999999999,False
33,cls,neighbors10,minilm,abstract,False,0.47825555555555554,0.5106055555555555,0.03234999999999999,0.0,0.03234999999999999,False
33,cls,neighbors10,pubmedbert,title,True,-0.16035555555555558,-0.10679444444444453,0.05356111111111106,0.04490000000000005,0.09846111111111111,False
33,cls,neighbors10,pubmedbert,abstract,True,0.5192444444444444,0.5486055555555556,0.02936111111111117,0.06909999999999994,0.09846111111111111,False
33,cls,neighbors10,biobert,title,True,-0.15741666666666665,-0.10512777777777771,0.05228888888888894,0.042100000000000026,0.09438888888888897,False
33,cls,neighbors10,biobert,abstract,True,0.4913333333333334,0.5579722222222223,0.06663888888888891,0.027750000000000052,0.09438888888888897,False
33,cls,neighbors10,simcse,title,False,-0.10225000000000006,-0.051816666666666844,0.05043333333333322,0.0,0.05043333333333322,False
33,cls,neighbors10,simcse,abstract,False,0.49829999999999997,0.5487333333333332,0.05043333333333322,0.0,0.05043333333333322,False
33,cls,neighbors25,specter,title,False,0.02754000000000001,0.05458666666666667,0.027046666666666663,0.0,0.027046666666666663,False
33,cls,neighbors25,specter,abstract,False,0.39522,0.4222666666666667,0.027046666666666663,0.0,0.027046666666666663,False
33,cls,neighbors25,specter2,title,False,0.05803555555555551,0.08477111111111113,0.026735555555555623,0.0,0.026735555555555623,False
33,cls,neighbors25,specter2,abstract,False,0.3250355555555555,0.35177111111111115,0.026735555555555623,0.0,0.026735555555555623,False
33,cls,neighbors25,scincl,title,False,0.03260666666666656,0.05988444444444441,0.027277777777777845,0.0,0.027277777777777845,False
33,cls,neighbors25,scincl,abstract,False,0.4558066666666666,0.4830844444444444,0.027277777777777845,0.0,0.027277777777777845,False
33,cls,neighbors25,scibert,title,True,-0.17133555555555546,-0.09074666666666664,0.08058888888888882,0.04366000000000003,0.12424888888888885,False
33,cls,neighbors25,scibert,abstract,True,0.5209644444444445,0.5406933333333334,0.019728888888888907,0.10451999999999995,0.12424888888888885,False
33,cls,neighbors25,bert,title,True,-0.13577555555555554,-0.08712444444444445,0.04865111111111109,0.08798000000000006,0.13663111111111115,False
33,cls,neighbors25,bert,abstract,True,0.5155844444444444,0.46749555555555555,-0.04808888888888885,0.18472,0.13663111111111115,False
33,cls,neighbors25,mpnet,title,False,0.12020666666666668,0.15507111111111116,0.034864444444444476,0.0,0.034864444444444476,False
33,cls,neighbors25,mpnet,abstract,False,0.49230666666666667,0.5271711111111111,0.034864444444444476,0.0,0.034864444444444476,False
33,cls,neighbors25,minilm,title,False,0.05767111111111112,0.09367333333333339,0.03600222222222227,0.0,0.03600222222222227,False
33,cls,neighbors25,minilm,abstract,False,0.4723111111111111,0.5083133333333334,0.03600222222222227,0.0,0.03600222222222227,False
33,cls,neighbors25,pubmedbert,title,True,-0.16612666666666664,-0.11928222222222218,0.046844444444444466,0.05598000000000003,0.1028244444444445,False
33,cls,neighbors25,pubmedbert,abstract,True,0.5093333333333334,0.5542977777777779,0.044964444444444474,0.05786000000000002,0.1028244444444445,False
33,cls,neighbors25,biobert,title,True,-0.16220444444444437,-0.1158866666666668,0.04631777777777757,0.04964000000000002,0.09595777777777759,False
33,cls,neighbors25,biobert,abstract,True,0.48759555555555556,0.5544933333333333,0.06689777777777772,0.029059999999999864,0.09595777777777759,False
33,cls,neighbors25,simcse,title,False,-0.10089111111111104,-0.04760888888888892,0.05328222222222212,0.0,0.05328222222222212,False
33,cls,neighbors25,simcse,abstract,False,0.49400888888888883,0.547291111111111,0.05328222222222212,0.0,0.05328222222222212,False
33,cls,neighbors50,specter,title,False,0.04041333333333352,0.06951444444444455,0.029101111111111022,0.0,0.029101111111111022,False
33,cls,neighbors50,specter,abstract,False,0.39718333333333344,0.42628444444444447,0.029101111111111022,0.0,0.029101111111111022,False
33,cls,neighbors50,specter2,title,False,0.060197777777777906,0.08773444444444456,0.027536666666666654,0.0,0.027536666666666654,False
33,cls,neighbors50,specter2,abstract,False,0.3254877777777778,0.3530244444444445,0.027536666666666654,0.0,0.027536666666666654,False
33,cls,neighbors50,scincl,title,False,0.03827999999999998,0.06681111111111115,0.028531111111111174,0.0,0.028531111111111174,False
33,cls,neighbors50,scincl,abstract,False,0.45161000000000007,0.48014111111111124,0.028531111111111174,0.0,0.028531111111111174,False
33,cls,neighbors50,scibert,title,True,-0.17324000000000006,-0.0951644444444445,0.07807555555555556,0.048939999999999984,0.12701555555555555,False
33,cls,neighbors50,scibert,abstract,True,0.5014399999999999,0.5361255555555555,0.034685555555555636,0.09232999999999991,0.12701555555555555,False
33,cls,neighbors50,bert,title,True,-0.12958333333333338,-0.09233333333333338,0.037250000000000005,0.10038000000000002,0.13763000000000003,False
33,cls,neighbors50,bert,abstract,True,0.49769666666666657,0.4696166666666667,-0.028079999999999883,0.1657099999999999,0.13763000000000003,False
33,cls,neighbors50,mpnet,title,False,0.11937888888888892,0.15574444444444446,0.03636555555555554,0.0,0.03636555555555554,False
33,cls,neighbors50,mpnet,abstract,False,0.473918888888889,0.5102844444444445,0.03636555555555554,0.0,0.03636555555555554,False
33,cls,neighbors50,minilm,title,False,0.06281555555555551,0.09999888888888897,0.03718333333333346,0.0,0.03718333333333346,False
33,cls,neighbors50,minilm,abstract,False,0.45781555555555553,0.494998888888889,0.03718333333333346,0.0,0.03718333333333346,False
33,cls,neighbors50,pubmedbert,title,True,-0.1644955555555555,-0.12836555555555562,0.036129999999999884,0.06754000000000004,0.10366999999999993,False
33,cls,neighbors50,pubmedbert,abstract,True,0.4906844444444445,0.5472744444444444,0.05658999999999992,0.04708000000000001,0.10366999999999993,False
33,cls,neighbors50,biobert,title,True,-0.1673300000000001,-0.1258611111111111,0.041468888888889,0.05396999999999996,0.09543888888888896,False
33,cls,neighbors50,biobert,abstract,True,0.46973999999999994,0.5414388888888889,0.07169888888888898,0.023739999999999983,0.09543888888888896,False
33,cls,neighbors50,simcse,title,False,-0.0982655555555556,-0.04414444444444443,0.054121111111111175,0.0,0.054121111111111175,False
33,cls,neighbors50,simcse,abstract,False,0.48564444444444443,0.5397655555555556,0.054121111111111175,0.0,0.054121111111111175,False
33,sep,cka,specter,title,False,0.13111860812267118,0.15882932927193427,0.027710721149263096,0.0,0.027710721149263096,False
33,sep,cka,specter,abstract,False,0.3766692200612657,0.4043799412105288,0.027710721149263096,0.0,0.027710721149263096,False
33,sep,cka,specter2,title,False,0.13341699131033335,0.16690290713975264,0.03348591582941929,0.0,0.03348591582941929,False
33,sep,cka,specter2,abstract,False,0.3228168240887749,0.35630273991819417,0.03348591582941929,0.0,0.03348591582941929,False
33,sep,cka,scincl,title,False,0.05838767638526843,0.09090897215529203,0.032521295770023606,0.0,0.032521295770023606,False
33,sep,cka,scincl,abstract,False,0.35956860516395894,0.39208990093398255,0.032521295770023606,0.0,0.032521295770023606,False
33,sep,cka,scibert,title,True,-0.2403361665177811,-0.153921924762776,0.08641424175500512,0.10886440660574936,0.19527864836075448,False
33,sep,cka,scibert,abstract,True,0.363736420306112,0.5389301166758532,0.17519369636974125,0.020084951991013233,0.19527864836075448,False
33,sep,cka,bert,title,True,-0.1832061096855625,-0.07990199762643002,0.10330411205913248,0.35943934265546973,0.4627434547146022,False
33,sep,cka,bert,abstract,True,0.3536776457916778,0.5667608281361944,0.21308318234451662,0.2496602723700856,0.4627434547146022,False
33,sep,cka,mpnet,title,False,0.1421609023415587,0.17501399214232882,0.03285308980077012,0.0,0.03285308980077012,False
33,sep,cka,mpnet,abstract,False,0.35940096424017803,0.39225405404094815,0.03285308980077012,0.0,0.03285308980077012,False
33,sep,cka,minilm,title,False,0.0938264195968126,0.12907625762020025,0.03524983802338766,0.0,0.03524983802338766,False
33,sep,cka,minilm,abstract,False,0.3700382642865656,0.40528810230995327,0.03524983802338766,0.0,0.03524983802338766,False
33,sep,cka,pubmedbert,title,True,-0.21864537414666912,-0.1620623953497004,0.05658297879696872,-0.07446125458449138,-0.017878275787522657,False
33,sep,cka,pubmedbert,abstract,True,0.40214097809736044,0.38095654229754045,-0.02118443579981999,0.0033061600122973323,-0.017878275787522657,False
33,sep,cka,biobert,title,True,-0.2955115097466247,-0.15423009339110377,0.14128141635552094,-0.10158327442392034,0.039698141931600595,False
33,sep,cka,biobert,abstract,True,0.36580582046200144,0.4183992393001658,0.052593418838164374,-0.01289527690656378,0.039698141931600595,False
33,sep,cka,simcse,title,False,-0.15802711386962953,-0.09318671858982702,0.06484039527980251,0.0,0.06484039527980251,False
33,sep,cka,simcse,abstract,False,0.378355855011586,0.4431962502913885,0.06484039527980251,0.0,0.06484039527980251,False
33,sep,neighbors10,specter,title,False,0.01757222222222221,0.02498888888888895,0.007416666666666738,0.0,0.007416666666666738,False
33,sep,neighbors10,specter,abstract,False,0.38007222222222214,0.3874888888888889,0.007416666666666738,0.0,0.007416666666666738,False
33,sep,neighbors10,specter2,title,False,0.05280555555555566,0.058900000000000174,0.006094444444444513,0.0,0.006094444444444513,False
33,sep,neighbors10,specter2,abstract,False,0.3232555555555555,0.32935000000000003,0.006094444444444513,0.0,0.006094444444444513,False
33,sep,neighbors10,scincl,title,False,0.03337777777777773,0.04077777777777769,0.007399999999999962,0.0,0.007399999999999962,False
33,sep,neighbors10,scincl,abstract,False,0.4563277777777778,0.46372777777777774,0.007399999999999962,0.0,0.007399999999999962,False
33,sep,neighbors10,scibert,title,True,-0.1664888888888888,-0.06948333333333334,0.09700555555555546,0.03960000000000008,0.13660555555555554,False
33,sep,neighbors10,scibert,abstract,True,0.5358111111111111,0.5402166666666667,0.0044055555555555515,0.13219999999999998,0.13660555555555554,False
33,sep,neighbors10,bert,title,True,-0.13862777777777768,-0.0613055555555555,0.07732222222222218,0.053200000000000025,0.1305222222222222,False
33,sep,neighbors10,bert,abstract,True,0.5299722222222223,0.41984444444444446,-0.11012777777777782,0.24065000000000003,0.1305222222222222,False
33,sep,neighbors10,mpnet,title,False,0.11246111111111101,0.12038888888888888,0.007927777777777867,0.0,0.007927777777777867,False
33,sep,neighbors10,mpnet,abstract,False,0.502511111111111,0.5104388888888889,0.007927777777777867,0.0,0.007927777777777867,False
33,sep,neighbors10,minilm,title,False,0.06225555555555551,0.07149444444444453,0.009238888888889019,0.0,0.009238888888889019,False
33,sep,neighbors10,minilm,abstract,False,0.47825555555555554,0.48749444444444456,0.009238888888889019,0.0,0.009238888888889019,False
33,sep,neighbors10,pubmedbert,title,True,-0.16035555555555558,-0.11132777777777769,0.04902777777777789,-0.021199999999999997,0.027827777777777896,False
33,sep,neighbors10,pubmedbert,abstract,True,0.5192444444444444,0.5105722222222223,-0.008672222222222081,0.03649999999999998,0.027827777777777896,False
33,sep,neighbors10,biobert,title,True,-0.15741666666666665,-0.09572222222222226,0.061694444444444385,-0.009650000000000047,0.05204444444444434,False
33,sep,neighbors10,biobert,abstract,True,0.4913333333333334,0.5606277777777777,0.06929444444444433,-0.017249999999999988,0.05204444444444434,False
33,sep,neighbors10,simcse,title,False,-0.10225000000000006,-0.07226111111111111,0.029988888888888954,0.0,0.029988888888888954,False
33,sep,neighbors10,simcse,abstract,False,0.49829999999999997,0.5282888888888889,0.029988888888888954,0.0,0.029988888888888954,False
33,sep,neighbors25,specter,title,False,0.02754000000000001,0.03629333333333329,0.00875333333333328,0.0,0.00875333333333328,False
33,sep,neighbors25,specter,abstract,False,0.39522,0.4039733333333333,0.00875333333333328,0.0,0.00875333333333328,False
33,sep,neighbors25,specter2,title,False,0.05803555555555551,0.06600222222222218,0.007966666666666677,0.0,0.007966666666666677,False
33,sep,neighbors25,specter2,abstract,False,0.3250355555555555,0.3330022222222222,0.007966666666666677,0.0,0.007966666666666677,False
33,sep,neighbors25,scincl,title,False,0.03260666666666656,0.041437777777777685,0.008831111111111123,0.0,0.008831111111111123,False
33,sep,neighbors25,scincl,abstract,False,0.4558066666666666,0.4646377777777777,0.008831111111111123,0.0,0.008831111111111123,False
33,sep,neighbors25,scibert,title,True,-0.17133555555555546,-0.07480000000000009,0.09653555555555537,0.04922000000000004,0.14575555555555542,False
33,sep,neighbors25,scibert,abstract,True,0.5209644444444445,0.56094,0.03997555555555554,0.10577999999999987,0.14575555555555542,False
33,sep,neighbors25,bert,title,True,-0.13577555555555554,-0.061999999999999944,0.0737755555555556,0.07340000000000002,0.14717555555555561,False
33,sep,neighbors25,bert,abstract,True,0.5155844444444444,0.42590000000000006,-0.08968444444444434,0.23685999999999996,0.14717555555555561,False
33,sep,neighbors25,mpnet,title,False,0.12020666666666668,0.12951111111111113,0.009304444444444449,0.0,0.009304444444444449,False
33,sep,neighbors25,mpnet,abstract,False,0.49230666666666667,0.5016111111111111,0.009304444444444449,0.0,0.009304444444444449,False
33,sep,neighbors25,minilm,title,False,0.05767111111111112,0.06938444444444447,0.011713333333333353,0.0,0.011713333333333353,False
33,sep,neighbors25,minilm,abstract,False,0.4723111111111111,0.4840244444444445,0.011713333333333353,0.0,0.011713333333333353,False
33,sep,neighbors25,pubmedbert,title,True,-0.16612666666666664,-0.10884666666666676,0.05727999999999989,-0.027019999999999933,0.030259999999999954,False
33,sep,neighbors25,pubmedbert,abstract,True,0.5093333333333334,0.4986533333333333,-0.010680000000000134,0.04094000000000009,0.030259999999999954,False
33,sep,neighbors25,biobert,title,True,-0.16220444444444437,-0.0912088888888889,0.07099555555555548,-0.01763999999999999,0.05335555555555549,False
33,sep,neighbors25,biobert,abstract,True,0.48759555555555556,0.556931111111111,0.06933555555555548,-0.015979999999999994,0.05335555555555549,False
33,sep,neighbors25,simcse,title,False,-0.10089111111111104,-0.06786444444444428,0.03302666666666676,0.0,0.03302666666666676,False
33,sep,neighbors25,simcse,abstract,False,0.49400888888888883,0.5270355555555556,0.03302666666666676,0.0,0.03302666666666676,False
33,sep,neighbors50,specter,title,False,0.04041333333333352,0.050723333333333454,0.01030999999999993,0.0,0.01030999999999993,False
33,sep,neighbors50,specter,abstract,False,0.39718333333333344,0.4074933333333334,0.01030999999999993,0.0,0.01030999999999993,False
33,sep,neighbors50,specter2,title,False,0.060197777777777906,0.06911,0.0089122222222221,0.0,0.0089122222222221,False
33,sep,neighbors50,specter2,abstract,False,0.3254877777777778,0.3343999999999999,0.0089122222222221,0.0,0.0089122222222221,False
33,sep,neighbors50,scincl,title,False,0.03827999999999998,0.04788333333333339,0.009603333333333408,0.0,0.009603333333333408,False
33,sep,neighbors50,scincl,abstract,False,0.45161000000000007,0.4612133333333335,0.009603333333333408,0.0,0.009603333333333408,False
33,sep,neighbors50,scibert,title,True,-0.17324000000000006,-0.07928888888888885,0.09395111111111121,0.056539999999999924,0.15049111111111113,False
33,sep,neighbors50,scibert,abstract,True,0.5014399999999999,0.562231111111111,0.06079111111111113,0.0897,0.15049111111111113,False
33,sep,neighbors50,bert,title,True,-0.12958333333333338,-0.06099444444444446,0.06858888888888892,0.08994999999999997,0.1585388888888889,False
33,sep,neighbors50,bert,abstract,True,0.49769666666666657,0.4279655555555555,-0.06973111111111108,0.22826999999999997,0.1585388888888889,False
33,sep,neighbors50,mpnet,title,False,0.11937888888888892,0.13063111111111114,0.011252222222222219,0.0,0.011252222222222219,False
33,sep,neighbors50,mpnet,abstract,False,0.473918888888889,0.4851711111111112,0.011252222222222219,0.0,0.011252222222222219,False
33,sep,neighbors50,minilm,title,False,0.06281555555555551,0.07598888888888888,0.01317333333333337,0.0,0.01317333333333337,False
33,sep,neighbors50,minilm,abstract,False,0.45781555555555553,0.4709888888888889,0.01317333333333337,0.0,0.01317333333333337,False
33,sep,neighbors50,pubmedbert,title,True,-0.1644955555555555,-0.10359777777777779,0.06089777777777772,-0.03003,0.030867777777777716,False
33,sep,neighbors50,pubmedbert,abstract,True,0.4906844444444445,0.48209222222222214,-0.008592222222222334,0.03946000000000005,0.030867777777777716,False
33,sep,neighbors50,biobert,title,True,-0.1673300000000001,-0.09101666666666663,0.07631333333333346,-0.02365000000000006,0.052663333333333395,False
33,sep,neighbors50,biobert,abstract,True,0.46973999999999994,0.5399233333333333,0.07018333333333338,-0.01751999999999998,0.052663333333333395,False
33,sep,neighbors50,simcse,title,False,-0.0982655555555556,-0.06279999999999997,0.03546555555555564,0.0,0.03546555555555564,False
33,sep,neighbors50,simcse,abstract,False,0.48564444444444443,0.5211100000000001,0.03546555555555564,0.0,0.03546555555555564,False
34,cls,cka,specter,title,False,0.19450537261341527,0.2692424424651577,0.07473706985174244,0.0,0.07473706985174244,False
34,cls,cka,specter,abstract,False,0.3203777274814503,0.39511479733319277,0.07473706985174244,0.0,0.07473706985174244,False
34,cls,cka,specter2,title,False,0.22678842097389013,0.29778423317879144,0.07099581220490131,0.0,0.07099581220490131,False
34,cls,cka,specter2,abstract,False,0.3529024394111378,0.4238982516160391,0.07099581220490131,0.0,0.07099581220490131,False
34,cls,cka,scincl,title,False,0.2052665850374089,0.2795216871768144,0.0742551021394055,0.0,0.0742551021394055,False
34,cls,cka,scincl,abstract,False,0.3400780320495782,0.4143331341889837,0.0742551021394055,0.0,0.0742551021394055,False
34,cls,cka,scibert,title,True,-0.2087962866614872,-0.1281904838756004,0.0806058027858868,0.13061231896579328,0.2112181217516801,False
34,cls,cka,scibert,abstract,True,0.3749152908218485,0.5565492659262093,0.18163397510436086,0.02958414664731923,0.2112181217516801,False
34,cls,cka,bert,title,True,-0.029043656522401873,-0.17003151327983945,-0.14098785675743758,0.3332626444994321,0.19227478774199452,False
34,cls,cka,bert,abstract,True,0.36622140383145124,0.4839642607890271,0.11774285695757586,0.07453193078441867,0.19227478774199452,False
34,cls,cka,mpnet,title,False,0.23282719588353962,0.3057653257501697,0.07293812986663006,0.0,0.07293812986663006,False
34,cls,cka,mpnet,abstract,False,0.3546045393323958,0.42754266919902584,0.07293812986663006,0.0,0.07293812986663006,False
34,cls,cka,minilm,title,False,0.17984947116452737,0.2560977709760916,0.07624829981156422,0.0,0.07624829981156422,False
34,cls,cka,minilm,abstract,False,0.3550174741396321,0.4312657739511963,0.07624829981156422,0.0,0.07624829981156422,False
34,cls,cka,pubmedbert,title,True,-0.13796318670920904,-0.1771008346760662,-0.03913764796685715,0.1833020506676104,0.14416440270075326,False
34,cls,cka,pubmedbert,abstract,True,0.4197110106781533,0.5425441003530229,0.12283308967486961,0.021331313025883647,0.14416440270075326,False
34,cls,cka,biobert,title,True,-0.2991384939295238,-0.2537376171003426,0.0454008768291812,0.06582653082537115,0.11122740765455236,False
34,cls,cka,biobert,abstract,True,0.35262808980973154,0.44850757684967757,0.09587948703994603,0.015347920614606325,0.11122740765455236,False
34,cls,cka,simcse,title,False,-0.07261020383231243,-0.006222958311782656,0.06638724552052977,0.0,0.06638724552052977,False
34,cls,cka,simcse,abstract,False,0.4208866860401749,0.48727393156070464,0.06638724552052977,0.0,0.06638724552052977,False
34,cls,neighbors10,specter,title,False,0.08471111111111107,0.13499444444444442,0.05028333333333335,0.0,0.05028333333333335,False
34,cls,neighbors10,specter,abstract,False,0.3523611111111111,0.40264444444444447,0.05028333333333335,0.0,0.05028333333333335,False
34,cls,neighbors10,specter2,title,False,0.12711666666666666,0.1697777777777778,0.04266111111111115,0.0,0.04266111111111115,False
34,cls,neighbors10,specter2,abstract,False,0.40551666666666664,0.4481777777777778,0.04266111111111115,0.0,0.04266111111111115,False
34,cls,neighbors10,scincl,title,False,0.10385555555555548,0.14883888888888885,0.044983333333333375,0.0,0.044983333333333375,False
34,cls,neighbors10,scincl,abstract,False,0.4234055555555555,0.46838888888888885,0.044983333333333375,0.0,0.044983333333333375,False
34,cls,neighbors10,scibert,title,True,-0.1784944444444444,-0.06879444444444438,0.10970000000000002,0.055300000000000016,0.16500000000000004,False
34,cls,neighbors10,scibert,abstract,True,0.5294555555555555,0.4851555555555557,-0.044299999999999784,0.20929999999999982,0.16500000000000004,False
34,cls,neighbors10,bert,title,True,-0.12736111111111126,-0.08049444444444442,0.046866666666666834,0.08899999999999997,0.1358666666666668,False
34,cls,neighbors10,bert,abstract,True,0.5287388888888888,0.36010555555555557,-0.1686333333333332,0.3045,0.1358666666666668,False
34,cls,neighbors10,mpnet,title,False,0.15564444444444436,0.1996,0.04395555555555564,0.0,0.04395555555555564,False
34,cls,neighbors10,mpnet,abstract,False,0.47834444444444435,0.5223,0.04395555555555564,0.0,0.04395555555555564,False
34,cls,neighbors10,minilm,title,False,0.1109444444444444,0.15470555555555554,0.04376111111111114,0.0,0.04376111111111114,False
34,cls,neighbors10,minilm,abstract,False,0.4495944444444444,0.49335555555555555,0.04376111111111114,0.0,0.04376111111111114,False
34,cls,neighbors10,pubmedbert,title,True,-0.12751666666666672,-0.08047777777777776,0.04703888888888896,0.08909999999999996,0.13613888888888892,False
34,cls,neighbors10,pubmedbert,abstract,True,0.5522333333333332,0.5659722222222222,0.013738888888888967,0.12239999999999995,0.13613888888888892,False
34,cls,neighbors10,biobert,title,True,-0.15008888888888894,-0.07962777777777796,0.07046111111111097,0.05930000000000002,0.129761111111111,False
34,cls,neighbors10,biobert,abstract,True,0.5074611111111111,0.5408222222222221,0.03336111111111095,0.09640000000000004,0.129761111111111,False
34,cls,neighbors10,simcse,title,False,-0.0989444444444445,-0.046255555555555605,0.052688888888888896,0.0,0.052688888888888896,False
34,cls,neighbors10,simcse,abstract,False,0.46800555555555545,0.5206944444444443,0.052688888888888896,0.0,0.052688888888888896,False
34,cls,neighbors25,specter,title,False,0.10027555555555556,0.15453777777777788,0.05426222222222232,0.0,0.05426222222222232,False
34,cls,neighbors25,specter,abstract,False,0.3565555555555555,0.41081777777777784,0.05426222222222232,0.0,0.05426222222222232,False
34,cls,neighbors25,specter2,title,False,0.14062888888888891,0.18566444444444452,0.045035555555555606,0.0,0.045035555555555606,False
34,cls,neighbors25,specter2,abstract,False,0.40520888888888895,0.45024444444444456,0.045035555555555606,0.0,0.045035555555555606,False
34,cls,neighbors25,scincl,title,False,0.12030888888888891,0.16769333333333336,0.04738444444444445,0.0,0.04738444444444445,False
34,cls,neighbors25,scincl,abstract,False,0.4222288888888889,0.4696133333333333,0.04738444444444445,0.0,0.04738444444444445,False
34,cls,neighbors25,scibert,title,True,-0.17868000000000006,-0.06923999999999997,0.10944000000000009,0.06375999999999993,0.17320000000000002,False
34,cls,neighbors25,scibert,abstract,True,0.51646,0.4997400000000001,-0.016719999999999957,0.18991999999999998,0.17320000000000002,False
34,cls,neighbors25,bert,title,True,-0.12512888888888896,-0.09082888888888885,0.03430000000000011,0.11236000000000002,0.14666000000000012,False
34,cls,neighbors25,bert,abstract,True,0.521571111111111,0.37629111111111124,-0.14527999999999974,0.29193999999999987,0.14666000000000012,False
34,cls,neighbors25,mpnet,title,False,0.17166000000000015,0.21897777777777783,0.04731777777777768,0.0,0.04731777777777768,False
34,cls,neighbors25,mpnet,abstract,False,0.4714800000000001,0.5187977777777778,0.04731777777777768,0.0,0.04731777777777768,False
34,cls,neighbors25,minilm,title,False,0.12500222222222213,0.17271111111111104,0.04770888888888891,0.0,0.04770888888888891,False
34,cls,neighbors25,minilm,abstract,False,0.44430222222222215,0.49201111111111107,0.04770888888888891,0.0,0.04770888888888891,False
34,cls,neighbors25,pubmedbert,title,True,-0.12299333333333329,-0.08700444444444433,0.03598888888888896,0.10506000000000004,0.141048888888889,False
34,cls,neighbors25,pubmedbert,abstract,True,0.5374466666666667,0.5638355555555556,0.026388888888888906,0.1146600000000001,0.141048888888889,False
34,cls,neighbors25,biobert,title,True,-0.15261111111111114,-0.08864444444444441,0.06396666666666673,0.06433999999999995,0.12830666666666668,False
34,cls,neighbors25,biobert,abstract,True,0.49224888888888896,0.5319955555555556,0.0397466666666666,0.08856000000000008,0.12830666666666668,False
34,cls,neighbors25,simcse,title,False,-0.09605111111111109,-0.04114444444444443,0.05490666666666666,0.0,0.05490666666666666,False
34,cls,neighbors25,simcse,abstract,False,0.46846888888888893,0.5233755555555556,0.05490666666666666,0.0,0.05490666666666666,False
34,cls,neighbors50,specter,title,False,0.11468444444444448,0.1700988888888889,0.05541444444444443,0.0,0.05541444444444443,False
34,cls,neighbors50,specter,abstract,False,0.3559644444444445,0.41137888888888896,0.05541444444444443,0.0,0.05541444444444443,False
34,cls,neighbors50,specter2,title,False,0.15113333333333334,0.19687777777777782,0.045744444444444476,0.0,0.045744444444444476,False
34,cls,neighbors50,specter2,abstract,False,0.40066333333333337,0.44640777777777785,0.045744444444444476,0.0,0.045744444444444476,False
34,cls,neighbors50,scincl,title,False,0.13236999999999988,0.18071222222222227,0.0483422222222224,0.0,0.0483422222222224,False
34,cls,neighbors50,scincl,abstract,False,0.41401999999999983,0.46236222222222223,0.0483422222222224,0.0,0.0483422222222224,False
34,cls,neighbors50,scibert,title,True,-0.17728555555555559,-0.07026333333333334,0.10702222222222224,0.0680599999999999,0.17508222222222214,False
34,cls,neighbors50,scibert,abstract,True,0.49535444444444454,0.5038166666666666,0.008462222222222038,0.1666200000000001,0.17508222222222214,False
34,cls,neighbors50,bert,title,True,-0.11290888888888884,-0.09627444444444444,0.016634444444444396,0.13385999999999998,0.15049444444444438,False
34,cls,neighbors50,bert,abstract,True,0.5032211111111112,0.3846455555555556,-0.11857555555555566,0.26907000000000003,0.15049444444444438,False
34,cls,neighbors50,mpnet,title,False,0.18403777777777774,0.23319444444444448,0.04915666666666674,0.0,0.04915666666666674,False
34,cls,neighbors50,mpnet,abstract,False,0.45879777777777775,0.5079544444444445,0.04915666666666674,0.0,0.04915666666666674,False
34,cls,neighbors50,minilm,title,False,0.13583333333333336,0.18535888888888896,0.0495255555555556,0.0,0.0495255555555556,False
34,cls,neighbors50,minilm,abstract,False,0.4314433333333334,0.480968888888889,0.0495255555555556,0.0,0.0495255555555556,False
34,cls,neighbors50,pubmedbert,title,True,-0.11845222222222218,-0.09048777777777783,0.027964444444444347,0.11346,0.14142444444444435,False
34,cls,neighbors50,pubmedbert,abstract,True,0.5181977777777779,0.5558722222222222,0.037674444444444344,0.10375000000000001,0.14142444444444435,False
34,cls,neighbors50,biobert,title,True,-0.15352,-0.09229777777777781,0.06122222222222218,0.06413999999999997,0.12536222222222215,False
34,cls,neighbors50,biobert,abstract,True,0.47472000000000014,0.5182822222222222,0.04356222222222206,0.0818000000000001,0.12536222222222215,False
34,cls,neighbors50,simcse,title,False,-0.08882777777777762,-0.03298555555555549,0.055842222222222127,0.0,0.055842222222222127,False
34,cls,neighbors50,simcse,abstract,False,0.4639622222222223,0.5198044444444444,0.055842222222222127,0.0,0.055842222222222127,False
34,sep,cka,specter,title,False,0.19450537261341527,0.21320719338742466,0.018701820774009392,0.0,0.018701820774009392,False
34,sep,cka,specter,abstract,False,0.3203777274814503,0.3390795482554597,0.018701820774009392,0.0,0.018701820774009392,False
34,sep,cka,specter2,title,False,0.22678842097389013,0.24303338798676638,0.016244967012876255,0.0,0.016244967012876255,False
34,sep,cka,specter2,abstract,False,0.3529024394111378,0.36914740642401406,0.016244967012876255,0.0,0.016244967012876255,False
34,sep,cka,scincl,title,False,0.2052665850374089,0.22181735101194405,0.016550765974535142,0.0,0.016550765974535142,False
34,sep,cka,scincl,abstract,False,0.3400780320495782,0.35662879802411335,0.016550765974535142,0.0,0.016550765974535142,False
34,sep,cka,scibert,title,True,-0.2087962866614872,-0.12570796824697839,0.08308831841450881,0.13163878701150633,0.21472710542601514,False
34,sep,cka,scibert,abstract,True,0.3749152908218485,0.5356397143202903,0.16072442349844185,0.05400268192757329,0.21472710542601514,False
34,sep,cka,bert,title,True,-0.029043656522401873,-0.055863459068046684,-0.02681980254564481,0.4673488519857817,0.4405290494401369,False
34,sep,cka,bert,abstract,True,0.36622140383145124,0.5943261334150535,0.22810472958360223,0.21242431985653465,0.4405290494401369,False
34,sep,cka,mpnet,title,False,0.23282719588353962,0.24814225382710853,0.01531505794356891,0.0,0.01531505794356891,False
34,sep,cka,mpnet,abstract,False,0.3546045393323958,0.3699195972759647,0.01531505794356891,0.0,0.01531505794356891,False
34,sep,cka,minilm,title,False,0.17984947116452737,0.20493491245641893,0.025085441291891553,0.0,0.025085441291891553,False
34,sep,cka,minilm,abstract,False,0.3550174741396321,0.38010291543152364,0.025085441291891553,0.0,0.025085441291891553,False
34,sep,cka,pubmedbert,title,True,-0.13796318670920904,-0.0266508970660434,0.11131228964316564,-0.1621344479446427,-0.05082215830147707,False
34,sep,cka,pubmedbert,abstract,True,0.4197110106781533,0.3504564603907069,-0.06925455028744643,0.018432391985969354,-0.05082215830147707,False
34,sep,cka,biobert,title,True,-0.2991384939295238,-0.06094819149948477,0.23819030243003902,-0.2153819589610132,0.022808343469025827,False
34,sep,cka,biobert,abstract,True,0.35262808980973154,0.3822656813440722,0.029637591534340646,-0.006829248065314819,0.022808343469025827,False
34,sep,cka,simcse,title,False,-0.07261020383231243,-0.0018858812910034217,0.070724322541309,0.0,0.070724322541309,False
34,sep,cka,simcse,abstract,False,0.4208866860401749,0.4916110085814839,0.070724322541309,0.0,0.070724322541309,False
34,sep,neighbors10,specter,title,False,0.08471111111111107,0.0914666666666667,0.006755555555555626,0.0,0.006755555555555626,False
34,sep,neighbors10,specter,abstract,False,0.3523611111111111,0.35911666666666675,0.006755555555555626,0.0,0.006755555555555626,False
34,sep,neighbors10,specter2,title,False,0.12711666666666666,0.1331,0.0059833333333333405,0.0,0.0059833333333333405,False
34,sep,neighbors10,specter2,abstract,False,0.40551666666666664,0.4115,0.0059833333333333405,0.0,0.0059833333333333405,False
34,sep,neighbors10,scincl,title,False,0.10385555555555548,0.10840555555555553,0.004550000000000054,0.0,0.004550000000000054,False
34,sep,neighbors10,scincl,abstract,False,0.4234055555555555,0.42795555555555553,0.004550000000000054,0.0,0.004550000000000054,False
34,sep,neighbors10,scibert,title,True,-0.1784944444444444,-0.06877777777777772,0.10971666666666668,0.05905000000000005,0.16876666666666673,False
34,sep,neighbors10,scibert,abstract,True,0.5294555555555555,0.5025222222222223,-0.026933333333333143,0.19569999999999987,0.16876666666666673,False
34,sep,neighbors10,bert,title,True,-0.12736111111111126,-0.06570555555555557,0.061655555555555686,0.06469999999999998,0.12635555555555567,False
34,sep,neighbors10,bert,abstract,True,0.5287388888888888,0.40914444444444453,-0.11959444444444423,0.2459499999999999,0.12635555555555567,False
34,sep,neighbors10,mpnet,title,False,0.15564444444444436,0.1598722222222222,0.00422777777777783,0.0,0.00422777777777783,False
34,sep,neighbors10,mpnet,abstract,False,0.47834444444444435,0.4825722222222222,0.00422777777777783,0.0,0.00422777777777783,False
34,sep,neighbors10,minilm,title,False,0.1109444444444444,0.11657777777777789,0.00563333333333349,0.0,0.00563333333333349,False
34,sep,neighbors10,minilm,abstract,False,0.4495944444444444,0.4552277777777779,0.00563333333333349,0.0,0.00563333333333349,False
34,sep,neighbors10,pubmedbert,title,True,-0.12751666666666672,-0.07573888888888891,0.05177777777777781,-0.05479999999999996,-0.0030222222222221484,False
34,sep,neighbors10,pubmedbert,abstract,True,0.5522333333333332,0.5380111111111111,-0.014222222222222136,0.011199999999999988,-0.0030222222222221484,False
34,sep,neighbors10,biobert,title,True,-0.15008888888888894,-0.06371666666666675,0.08637222222222218,-0.05174999999999996,0.03462222222222222,False
34,sep,neighbors10,biobert,abstract,True,0.5074611111111111,0.5621833333333333,0.05472222222222212,-0.020099999999999896,0.03462222222222222,False
34,sep,neighbors10,simcse,title,False,-0.0989444444444445,-0.07218333333333338,0.026761111111111124,0.0,0.026761111111111124,False
34,sep,neighbors10,simcse,abstract,False,0.46800555555555545,0.4947666666666666,0.026761111111111124,0.0,0.026761111111111124,False
34,sep,neighbors25,specter,title,False,0.10027555555555556,0.10793333333333344,0.007657777777777874,0.0,0.007657777777777874,False
34,sep,neighbors25,specter,abstract,False,0.3565555555555555,0.3642133333333334,0.007657777777777874,0.0,0.007657777777777874,False
34,sep,neighbors25,specter2,title,False,0.14062888888888891,0.14715777777777783,0.006528888888888917,0.0,0.006528888888888917,False
34,sep,neighbors25,specter2,abstract,False,0.40520888888888895,0.41173777777777787,0.006528888888888917,0.0,0.006528888888888917,False
34,sep,neighbors25,scincl,title,False,0.12030888888888891,0.12493999999999994,0.00463111111111103,0.0,0.00463111111111103,False
34,sep,neighbors25,scincl,abstract,False,0.4222288888888889,0.4268599999999999,0.00463111111111103,0.0,0.00463111111111103,False
34,sep,neighbors25,scibert,title,True,-0.17868000000000006,-0.07265999999999995,0.10602000000000011,0.06853999999999993,0.17456000000000005,False
34,sep,neighbors25,scibert,abstract,True,0.51646,0.5151000000000001,-0.0013599999999999168,0.17591999999999997,0.17456000000000005,False
34,sep,neighbors25,bert,title,True,-0.12512888888888896,-0.07331555555555558,0.05181333333333338,0.08833999999999997,0.14015333333333335,False
34,sep,neighbors25,bert,abstract,True,0.521571111111111,0.4200244444444444,-0.10154666666666656,0.24169999999999991,0.14015333333333335,False
34,sep,neighbors25,mpnet,title,False,0.17166000000000015,0.1764555555555556,0.004795555555555442,0.0,0.004795555555555442,False
34,sep,neighbors25,mpnet,abstract,False,0.4714800000000001,0.47627555555555556,0.004795555555555442,0.0,0.004795555555555442,False
34,sep,neighbors25,minilm,title,False,0.12500222222222213,0.13205555555555548,0.007053333333333356,0.0,0.007053333333333356,False
34,sep,neighbors25,minilm,abstract,False,0.44430222222222215,0.4513555555555555,0.007053333333333356,0.0,0.007053333333333356,False
34,sep,neighbors25,pubmedbert,title,True,-0.12299333333333329,-0.06831777777777781,0.05467555555555548,-0.061939999999999884,-0.007264444444444407,False
34,sep,neighbors25,pubmedbert,abstract,True,0.5374466666666667,0.5149022222222223,-0.022544444444444478,0.015280000000000071,-0.007264444444444407,False
34,sep,neighbors25,biobert,title,True,-0.15261111111111114,-0.06030666666666662,0.09230444444444452,-0.059980000000000144,0.03232444444444438,False
34,sep,neighbors25,biobert,abstract,True,0.49224888888888896,0.5471733333333333,0.05492444444444433,-0.022599999999999953,0.03232444444444438,False
34,sep,neighbors25,simcse,title,False,-0.09605111111111109,-0.06767333333333336,0.028377777777777724,0.0,0.028377777777777724,False
34,sep,neighbors25,simcse,abstract,False,0.46846888888888893,0.49684666666666666,0.028377777777777724,0.0,0.028377777777777724,False
34,sep,neighbors50,specter,title,False,0.11468444444444448,0.12171444444444435,0.00702999999999987,0.0,0.00702999999999987,False
34,sep,neighbors50,specter,abstract,False,0.3559644444444445,0.3629944444444444,0.00702999999999987,0.0,0.00702999999999987,False
34,sep,neighbors50,specter2,title,False,0.15113333333333334,0.1579355555555556,0.006802222222222265,0.0,0.006802222222222265,False
34,sep,neighbors50,specter2,abstract,False,0.40066333333333337,0.40746555555555564,0.006802222222222265,0.0,0.006802222222222265,False
34,sep,neighbors50,scincl,title,False,0.13236999999999988,0.13651888888888886,0.00414888888888898,0.0,0.00414888888888898,False
34,sep,neighbors50,scincl,abstract,False,0.41401999999999983,0.4181688888888888,0.00414888888888898,0.0,0.00414888888888898,False
34,sep,neighbors50,scibert,title,True,-0.17728555555555559,-0.07570555555555569,0.10157999999999989,0.07435000000000003,0.17592999999999992,False
34,sep,neighbors50,scibert,abstract,True,0.49535444444444454,0.5146644444444444,0.019309999999999827,0.1566200000000001,0.17592999999999992,False
34,sep,neighbors50,bert,title,True,-0.11290888888888884,-0.07244666666666666,0.04046222222222218,0.10731999999999997,0.14778222222222215,False
34,sep,neighbors50,bert,abstract,True,0.5032211111111112,0.4191133333333332,-0.084107777777778,0.23189000000000015,0.14778222222222215,False
34,sep,neighbors50,mpnet,title,False,0.18403777777777774,0.18792999999999993,0.003892222222222186,0.0,0.003892222222222186,False
34,sep,neighbors50,mpnet,abstract,False,0.45879777777777775,0.46268999999999993,0.003892222222222186,0.0,0.003892222222222186,False
34,sep,neighbors50,minilm,title,False,0.13583333333333336,0.14263666666666674,0.006803333333333383,0.0,0.006803333333333383,False
34,sep,neighbors50,minilm,abstract,False,0.4314433333333334,0.4382466666666668,0.006803333333333383,0.0,0.006803333333333383,False
34,sep,neighbors50,pubmedbert,title,True,-0.11845222222222218,-0.06257999999999997,0.05587222222222221,-0.06711999999999996,-0.011247777777777745,False
34,sep,neighbors50,pubmedbert,abstract,True,0.5181977777777779,0.49151999999999996,-0.02667777777777791,0.015430000000000166,-0.011247777777777745,False
34,sep,neighbors50,biobert,title,True,-0.15352,-0.05424777777777767,0.09927222222222232,-0.0728700000000001,0.026402222222222216,False
34,sep,neighbors50,biobert,abstract,True,0.47472000000000014,0.5223822222222222,0.04766222222222205,-0.021259999999999835,0.026402222222222216,False
34,sep,neighbors50,simcse,title,False,-0.08882777777777762,-0.059686666666666666,0.02914111111111095,0.0,0.02914111111111095,False
34,sep,neighbors50,simcse,abstract,False,0.4639622222222223,0.4931033333333332,0.02914111111111095,0.0,0.02914111111111095,False
35,cls,cka,specter,title,False,0.1659649375630597,0.26147810172568786,0.09551316416262817,0.0,0.09551316416262817,False
35,cls,cka,specter,abstract,False,0.30943330776282923,0.4049464719254574,0.09551316416262817,0.0,0.09551316416262817,False
35,cls,cka,specter2,title,False,0.1927010402608969,0.2859568043660559,0.09325576410515901,0.0,0.09325576410515901,False
35,cls,cka,specter2,abstract,False,0.32525673843391206,0.4185125025390711,0.09325576410515901,0.0,0.09325576410515901,False
35,cls,cka,scincl,title,False,0.18371142148975061,0.2795433613501631,0.0958319398604125,0.0,0.0958319398604125,False
35,cls,cka,scincl,abstract,False,0.33458218429224185,0.43041412415265434,0.0958319398604125,0.0,0.0958319398604125,False
35,cls,cka,scibert,title,True,-0.2531786589300835,-0.16897797503031797,0.08420068389976554,0.1615869924327522,0.24578767633251775,False
35,cls,cka,scibert,abstract,True,0.35769733324690667,0.5820033635715207,0.22430603032461405,0.0214816460079037,0.24578767633251775,False
35,cls,cka,bert,title,True,-0.10117217283201252,-0.19849287406345262,-0.0973207012314401,0.301115635567033,0.20379493433559293,False
35,cls,cka,bert,abstract,True,0.3529286165415315,0.4800496536794834,0.12712103713795186,0.07667389719764106,0.20379493433559293,False
35,cls,cka,mpnet,title,False,0.18243412788908364,0.2810451187891979,0.09861099090011427,0.0,0.09861099090011427,False
35,cls,cka,mpnet,abstract,False,0.333147270238923,0.43175826113903726,0.09861099090011427,0.0,0.09861099090011427,False
35,cls,cka,minilm,title,False,0.13946371666922036,0.23430855850674076,0.0948448418375204,0.0,0.0948448418375204,False
35,cls,cka,minilm,abstract,False,0.337297479965972,0.4321423218034924,0.0948448418375204,0.0,0.0948448418375204,False
35,cls,cka,pubmedbert,title,True,-0.13141335868689058,-0.21720970029134368,-0.0857963416044531,0.2543843071225761,0.168587965518123,False
35,cls,cka,pubmedbert,abstract,True,0.3889091943211161,0.5401163271997359,0.1512071328786198,0.017380832639503185,0.168587965518123,False
35,cls,cka,biobert,title,True,-0.3080874441962586,-0.23835586913551676,0.06973157506074185,0.08347689805509584,0.15320847311583768,False
35,cls,cka,biobert,abstract,True,0.3366525334367482,0.47557668781962104,0.1389241543828728,0.014284318732964874,0.15320847311583768,False
35,cls,cka,simcse,title,False,-0.1237540581101268,-0.056372776081210885,0.06738128202891591,0.0,0.06738128202891591,False
35,cls,cka,simcse,abstract,False,0.3910029224012918,0.4583842044302077,0.06738128202891591,0.0,0.06738128202891591,False
35,cls,neighbors10,specter,title,False,0.06241666666666679,0.11346111111111101,0.051044444444444226,0.0,0.051044444444444226,False
35,cls,neighbors10,specter,abstract,False,0.33986666666666676,0.390911111111111,0.051044444444444226,0.0,0.051044444444444226,False
35,cls,neighbors10,specter2,title,False,0.11522222222222223,0.15985555555555564,0.044633333333333414,0.0,0.044633333333333414,False
35,cls,neighbors10,specter2,abstract,False,0.3866222222222223,0.4312555555555557,0.044633333333333414,0.0,0.044633333333333414,False
35,cls,neighbors10,scincl,title,False,0.09924444444444447,0.1471611111111112,0.04791666666666672,0.0,0.04791666666666672,False
35,cls,neighbors10,scincl,abstract,False,0.4207444444444445,0.4686611111111112,0.04791666666666672,0.0,0.04791666666666672,False
35,cls,neighbors10,scibert,title,True,-0.17933333333333346,-0.05877777777777782,0.12055555555555564,0.05020000000000002,0.17075555555555566,False
35,cls,neighbors10,scibert,abstract,True,0.5436166666666666,0.5096722222222222,-0.033944444444444444,0.2047000000000001,0.17075555555555566,False
35,cls,neighbors10,bert,title,True,-0.1414833333333334,-0.06955555555555559,0.07192777777777781,0.06989999999999996,0.14182777777777777,False
35,cls,neighbors10,bert,abstract,True,0.5272166666666667,0.3278444444444444,-0.19937222222222228,0.34120000000000006,0.14182777777777777,False
35,cls,neighbors10,mpnet,title,False,0.11809444444444461,0.16555000000000009,0.04745555555555547,0.0,0.04745555555555547,False
35,cls,neighbors10,mpnet,abstract,False,0.4718444444444445,0.5193,0.04745555555555547,0.0,0.04745555555555547,False
35,cls,neighbors10,minilm,title,False,0.07768333333333333,0.12513333333333343,0.0474500000000001,0.0,0.0474500000000001,False
35,cls,neighbors10,minilm,abstract,False,0.43303333333333327,0.4804833333333334,0.0474500000000001,0.0,0.0474500000000001,False
35,cls,neighbors10,pubmedbert,title,True,-0.1251444444444444,-0.07771111111111106,0.04743333333333333,0.0938,0.14123333333333332,False
35,cls,neighbors10,pubmedbert,abstract,True,0.5579555555555556,0.5796388888888889,0.021683333333333277,0.11955000000000005,0.14123333333333332,False
35,cls,neighbors10,biobert,title,True,-0.14473333333333338,-0.07406111111111113,0.07067222222222225,0.06169999999999998,0.13237222222222222,False
35,cls,neighbors10,biobert,abstract,True,0.5085666666666666,0.5511888888888888,0.04262222222222223,0.08975,0.13237222222222222,False
35,cls,neighbors10,simcse,title,False,-0.10358888888888895,-0.04853333333333332,0.055055555555555635,0.0,0.055055555555555635,False
35,cls,neighbors10,simcse,abstract,False,0.46886111111111106,0.5239166666666667,0.055055555555555635,0.0,0.055055555555555635,False
35,cls,neighbors25,specter,title,False,0.07244888888888901,0.1296533333333334,0.05720444444444439,0.0,0.05720444444444439,False
35,cls,neighbors25,specter,abstract,False,0.35260888888888897,0.40981333333333336,0.05720444444444439,0.0,0.05720444444444439,False
35,cls,neighbors25,specter2,title,False,0.12603555555555546,0.17337999999999998,0.04734444444444452,0.0,0.04734444444444452,False
35,cls,neighbors25,specter2,abstract,False,0.39399555555555543,0.44133999999999995,0.04734444444444452,0.0,0.04734444444444452,False
35,cls,neighbors25,scincl,title,False,0.11723555555555565,0.169891111111111,0.052655555555555345,0.0,0.052655555555555345,False
35,cls,neighbors25,scincl,abstract,False,0.42697555555555555,0.4796311111111109,0.052655555555555345,0.0,0.052655555555555345,False
35,cls,neighbors25,scibert,title,True,-0.18828444444444437,-0.06536444444444445,0.12291999999999992,0.057499999999999996,0.1804199999999999,False
35,cls,neighbors25,scibert,abstract,True,0.5223555555555556,0.5303555555555556,0.008000000000000007,0.1724199999999999,0.1804199999999999,False
35,cls,neighbors25,bert,title,True,-0.1454266666666667,-0.08544888888888891,0.059977777777777797,0.08936,0.1493377777777778,False
35,cls,neighbors25,bert,abstract,True,0.5235333333333333,0.3588311111111111,-0.1647022222222222,0.31404,0.1493377777777778,False
35,cls,neighbors25,mpnet,title,False,0.1256977777777777,0.17853333333333332,0.052835555555555636,0.0,0.052835555555555636,False
35,cls,neighbors25,mpnet,abstract,False,0.4615377777777778,0.5143733333333335,0.052835555555555636,0.0,0.052835555555555636,False
35,cls,neighbors25,minilm,title,False,0.08405111111111119,0.13680888888888898,0.05275777777777779,0.0,0.05275777777777779,False
35,cls,neighbors25,minilm,abstract,False,0.43147111111111114,0.48422888888888893,0.05275777777777779,0.0,0.05275777777777779,False
35,cls,neighbors25,pubmedbert,title,True,-0.12619777777777774,-0.08581555555555542,0.04038222222222232,0.10875999999999997,0.1491422222222223,False
35,cls,neighbors25,pubmedbert,abstract,True,0.5370022222222222,0.5818844444444444,0.04488222222222227,0.10426000000000002,0.1491422222222223,False
35,cls,neighbors25,biobert,title,True,-0.15345333333333344,-0.08075555555555558,0.07269777777777786,0.06531999999999993,0.1380177777777778,False
35,cls,neighbors25,biobert,abstract,True,0.4939866666666666,0.5482844444444445,0.05429777777777789,0.0837199999999999,0.1380177777777778,False
35,cls,neighbors25,simcse,title,False,-0.10626888888888886,-0.046446666666666525,0.05982222222222233,0.0,0.05982222222222233,False
35,cls,neighbors25,simcse,abstract,False,0.4718311111111112,0.5316533333333335,0.05982222222222233,0.0,0.05982222222222233,False
35,cls,neighbors50,specter,title,False,0.08529444444444445,0.14398888888888906,0.058694444444444605,0.0,0.058694444444444605,False
35,cls,neighbors50,specter,abstract,False,0.35339444444444434,0.41208888888888895,0.058694444444444605,0.0,0.058694444444444605,False
35,cls,neighbors50,specter2,title,False,0.13536111111111104,0.18382444444444446,0.048463333333333414,0.0,0.048463333333333414,False
35,cls,neighbors50,specter2,abstract,False,0.390611111111111,0.43907444444444443,0.048463333333333414,0.0,0.048463333333333414,False
35,cls,neighbors50,scincl,title,False,0.1268611111111111,0.1815177777777779,0.0546566666666668,0.0,0.0546566666666668,False
35,cls,neighbors50,scincl,abstract,False,0.4219411111111111,0.4765977777777779,0.0546566666666668,0.0,0.0546566666666668,False
35,cls,neighbors50,scibert,title,True,-0.19454111111111116,-0.07173555555555555,0.12280555555555561,0.058579999999999965,0.18138555555555558,False
35,cls,neighbors50,scibert,abstract,True,0.5012188888888889,0.5319844444444444,0.03076555555555549,0.1506200000000001,0.18138555555555558,False
35,cls,neighbors50,bert,title,True,-0.14060555555555554,-0.0961577777777779,0.04444777777777764,0.10799000000000003,0.15243777777777767,False
35,cls,neighbors50,bert,abstract,True,0.5060544444444445,0.36941222222222214,-0.13664222222222233,0.28908,0.15243777777777767,False
35,cls,neighbors50,mpnet,title,False,0.12817333333333336,0.18366111111111116,0.0554877777777778,0.0,0.0554877777777778,False
35,cls,neighbors50,mpnet,abstract,False,0.4512033333333333,0.5066911111111111,0.0554877777777778,0.0,0.0554877777777778,False
35,cls,neighbors50,minilm,title,False,0.08442888888888889,0.14040000000000008,0.055971111111111194,0.0,0.055971111111111194,False
35,cls,neighbors50,minilm,abstract,False,0.4197288888888888,0.4757,0.055971111111111194,0.0,0.055971111111111194,False
35,cls,neighbors50,pubmedbert,title,True,-0.12450777777777777,-0.092698888888889,0.031808888888888776,0.11978,0.15158888888888877,False
35,cls,neighbors50,pubmedbert,abstract,True,0.5152622222222222,0.575331111111111,0.06006888888888884,0.09151999999999993,0.15158888888888877,False
35,cls,neighbors50,biobert,title,True,-0.15828888888888892,-0.08520777777777777,0.07308111111111115,0.06274999999999997,0.13583111111111112,False
35,cls,neighbors50,biobert,abstract,True,0.4769111111111112,0.5351422222222222,0.05823111111111101,0.07760000000000011,0.13583111111111112,False
35,cls,neighbors50,simcse,title,False,-0.1050577777777778,-0.04333666666666669,0.061721111111111115,0.0,0.061721111111111115,False
35,cls,neighbors50,simcse,abstract,False,0.46172222222222215,0.5234433333333333,0.061721111111111115,0.0,0.061721111111111115,False
35,sep,cka,specter,title,False,0.1659649375630597,0.1921784347176294,0.02621349715456972,0.0,0.02621349715456972,False
35,sep,cka,specter,abstract,False,0.30943330776282923,0.33564680491739896,0.02621349715456972,0.0,0.02621349715456972,False
35,sep,cka,specter2,title,False,0.1927010402608969,0.22138267035210657,0.028681630091209664,0.0,0.028681630091209664,False
35,sep,cka,specter2,abstract,False,0.32525673843391206,0.3539383685251217,0.028681630091209664,0.0,0.028681630091209664,False
35,sep,cka,scincl,title,False,0.18371142148975061,0.21091550142015963,0.02720407993040902,0.0,0.02720407993040902,False
35,sep,cka,scincl,abstract,False,0.33458218429224185,0.36178626422265087,0.02720407993040902,0.0,0.02720407993040902,False
35,sep,cka,scibert,title,True,-0.2531786589300835,-0.18983385588337898,0.06334480304670453,0.16847674304843963,0.23182154609514416,False
35,sep,cka,scibert,abstract,True,0.35769733324690667,0.5404866259961721,0.18278929274926548,0.049032253345878685,0.23182154609514416,False
35,sep,cka,bert,title,True,-0.10117217283201252,-0.06153442298434886,0.03963774984766366,0.4418502159494988,0.48148796579716246,False
35,sep,cka,bert,abstract,True,0.3529286165415315,0.6431016007526802,0.2901729842111487,0.1913149815860138,0.48148796579716246,False
35,sep,cka,mpnet,title,False,0.18243412788908364,0.21140592531469288,0.028971797425609236,0.0,0.028971797425609236,False
35,sep,cka,mpnet,abstract,False,0.333147270238923,0.3621190676645322,0.028971797425609236,0.0,0.028971797425609236,False
35,sep,cka,minilm,title,False,0.13946371666922036,0.17251904898889459,0.033055332319674224,0.0,0.033055332319674224,False
35,sep,cka,minilm,abstract,False,0.337297479965972,0.3703528122856462,0.033055332319674224,0.0,0.033055332319674224,False
35,sep,cka,pubmedbert,title,True,-0.13141335868689058,-0.014145856485273112,0.11726750220161747,-0.16189380296364353,-0.04462630076202606,False
35,sep,cka,pubmedbert,abstract,True,0.3889091943211161,0.3423698758005097,-0.04653931852060639,0.0019130177585803265,-0.04462630076202606,False
35,sep,cka,biobert,title,True,-0.3080874441962586,-0.03682534094777912,0.2712621032484795,-0.23694400629635726,0.034318096952122235,False
35,sep,cka,biobert,abstract,True,0.3366525334367482,0.37804024079005194,0.041387707353303715,-0.007069610401181481,0.034318096952122235,False
35,sep,cka,simcse,title,False,-0.1237540581101268,-0.05046680175480195,0.07328725635532485,0.0,0.07328725635532485,False
35,sep,cka,simcse,abstract,False,0.3910029224012918,0.46429017875661666,0.07328725635532485,0.0,0.07328725635532485,False
35,sep,neighbors10,specter,title,False,0.06241666666666679,0.07080000000000009,0.008383333333333298,0.0,0.008383333333333298,False
35,sep,neighbors10,specter,abstract,False,0.33986666666666676,0.34825000000000006,0.008383333333333298,0.0,0.008383333333333298,False
35,sep,neighbors10,specter2,title,False,0.11522222222222223,0.12467222222222218,0.009449999999999958,0.0,0.009449999999999958,False
35,sep,neighbors10,specter2,abstract,False,0.3866222222222223,0.39607222222222227,0.009449999999999958,0.0,0.009449999999999958,False
35,sep,neighbors10,scincl,title,False,0.09924444444444447,0.10717222222222222,0.007927777777777756,0.0,0.007927777777777756,False
35,sep,neighbors10,scincl,abstract,False,0.4207444444444445,0.42867222222222223,0.007927777777777756,0.0,0.007927777777777756,False
35,sep,neighbors10,scibert,title,True,-0.17933333333333346,-0.05889999999999995,0.1204333333333335,0.05069999999999997,0.17113333333333347,False
35,sep,neighbors10,scibert,abstract,True,0.5436166666666666,0.5246000000000001,-0.01901666666666657,0.19015000000000004,0.17113333333333347,False
35,sep,neighbors10,bert,title,True,-0.1414833333333334,-0.06273333333333331,0.0787500000000001,0.058699999999999974,0.13745000000000007,False
35,sep,neighbors10,bert,abstract,True,0.5272166666666667,0.38621666666666676,-0.1409999999999999,0.27845,0.13745000000000007,False
35,sep,neighbors10,mpnet,title,False,0.11809444444444461,0.12551111111111113,0.007416666666666516,0.0,0.007416666666666516,False
35,sep,neighbors10,mpnet,abstract,False,0.4718444444444445,0.479261111111111,0.007416666666666516,0.0,0.007416666666666516,False
35,sep,neighbors10,minilm,title,False,0.07768333333333333,0.0877444444444444,0.010061111111111076,0.0,0.010061111111111076,False
35,sep,neighbors10,minilm,abstract,False,0.43303333333333327,0.44309444444444435,0.010061111111111076,0.0,0.010061111111111076,False
35,sep,neighbors10,pubmedbert,title,True,-0.1251444444444444,-0.08476666666666677,0.040377777777777624,-0.04004999999999992,0.00032777777777770467,False
35,sep,neighbors10,pubmedbert,abstract,True,0.5579555555555556,0.5403333333333332,-0.017622222222222428,0.017950000000000133,0.00032777777777770467,False
35,sep,neighbors10,biobert,title,True,-0.14473333333333338,-0.07006666666666672,0.07466666666666666,-0.03444999999999998,0.04021666666666668,False
35,sep,neighbors10,biobert,abstract,True,0.5085666666666666,0.5788333333333333,0.0702666666666667,-0.03005000000000002,0.04021666666666668,False
35,sep,neighbors10,simcse,title,False,-0.10358888888888895,-0.07723333333333327,0.026355555555555688,0.0,0.026355555555555688,False
35,sep,neighbors10,simcse,abstract,False,0.46886111111111106,0.49521666666666675,0.026355555555555688,0.0,0.026355555555555688,False
35,sep,neighbors25,specter,title,False,0.07244888888888901,0.08227555555555555,0.00982666666666654,0.0,0.00982666666666654,False
35,sep,neighbors25,specter,abstract,False,0.35260888888888897,0.3624355555555555,0.00982666666666654,0.0,0.00982666666666654,False
35,sep,neighbors25,specter2,title,False,0.12603555555555546,0.13542444444444446,0.009388888888889002,0.0,0.009388888888889002,False
35,sep,neighbors25,specter2,abstract,False,0.39399555555555543,0.40338444444444443,0.009388888888889002,0.0,0.009388888888889002,False
35,sep,neighbors25,scincl,title,False,0.11723555555555565,0.1252444444444445,0.008008888888888843,0.0,0.008008888888888843,False
35,sep,neighbors25,scincl,abstract,False,0.42697555555555555,0.4349844444444444,0.008008888888888843,0.0,0.008008888888888843,False
35,sep,neighbors25,scibert,title,True,-0.18828444444444437,-0.06754222222222217,0.1207422222222222,0.05781999999999998,0.17856222222222218,False
35,sep,neighbors25,scibert,abstract,True,0.5223555555555556,0.5344177777777779,0.012062222222222307,0.16649999999999987,0.17856222222222218,False
35,sep,neighbors25,bert,title,True,-0.1454266666666667,-0.07280666666666669,0.07262000000000002,0.07411999999999996,0.14673999999999998,False
35,sep,neighbors25,bert,abstract,True,0.5235333333333333,0.4086533333333332,-0.1148800000000001,0.2616200000000001,0.14673999999999998,False
35,sep,neighbors25,mpnet,title,False,0.1256977777777777,0.13347777777777758,0.007779999999999898,0.0,0.007779999999999898,False
35,sep,neighbors25,mpnet,abstract,False,0.4615377777777778,0.4693177777777777,0.007779999999999898,0.0,0.007779999999999898,False
35,sep,neighbors25,minilm,title,False,0.08405111111111119,0.09425777777777788,0.010206666666666697,0.0,0.010206666666666697,False
35,sep,neighbors25,minilm,abstract,False,0.43147111111111114,0.44167777777777784,0.010206666666666697,0.0,0.010206666666666697,False
35,sep,neighbors25,pubmedbert,title,True,-0.12619777777777774,-0.08101999999999998,0.04517777777777776,-0.04715999999999998,-0.0019822222222222186,False
35,sep,neighbors25,pubmedbert,abstract,True,0.5370022222222222,0.52564,-0.011362222222222162,0.009379999999999944,-0.0019822222222222186,False
35,sep,neighbors25,biobert,title,True,-0.15345333333333344,-0.06514444444444445,0.08830888888888899,-0.05258000000000007,0.03572888888888892,False
35,sep,neighbors25,biobert,abstract,True,0.4939866666666666,0.5613955555555556,0.06740888888888907,-0.03168000000000015,0.03572888888888892,False
35,sep,neighbors25,simcse,title,False,-0.10626888888888886,-0.07748,0.028788888888888864,0.0,0.028788888888888864,False
35,sep,neighbors25,simcse,abstract,False,0.4718311111111112,0.5006200000000001,0.028788888888888864,0.0,0.028788888888888864,False
35,sep,neighbors50,specter,title,False,0.08529444444444445,0.09535333333333351,0.010058888888889062,0.0,0.010058888888889062,False
35,sep,neighbors50,specter,abstract,False,0.35339444444444434,0.3634533333333334,0.010058888888889062,0.0,0.010058888888889062,False
35,sep,neighbors50,specter2,title,False,0.13536111111111104,0.14489444444444444,0.009533333333333394,0.0,0.009533333333333394,False
35,sep,neighbors50,specter2,abstract,False,0.390611111111111,0.4001444444444444,0.009533333333333394,0.0,0.009533333333333394,False
35,sep,neighbors50,scincl,title,False,0.1268611111111111,0.13524777777777786,0.008386666666666764,0.0,0.008386666666666764,False
35,sep,neighbors50,scincl,abstract,False,0.4219411111111111,0.43032777777777786,0.008386666666666764,0.0,0.008386666666666764,False
35,sep,neighbors50,scibert,title,True,-0.19454111111111116,-0.07666000000000006,0.1178811111111111,0.06089,0.1787711111111111,False
35,sep,neighbors50,scibert,abstract,True,0.5012188888888889,0.53413,0.03291111111111111,0.14586,0.1787711111111111,False
35,sep,neighbors50,bert,title,True,-0.14060555555555554,-0.07737888888888877,0.06322666666666676,0.09285999999999994,0.1560866666666667,False
35,sep,neighbors50,bert,abstract,True,0.5060544444444445,0.4146511111111112,-0.09140333333333328,0.24749,0.1560866666666667,False
35,sep,neighbors50,mpnet,title,False,0.12817333333333336,0.13602666666666663,0.007853333333333268,0.0,0.007853333333333268,False
35,sep,neighbors50,mpnet,abstract,False,0.4512033333333333,0.45905666666666656,0.007853333333333268,0.0,0.007853333333333268,False
35,sep,neighbors50,minilm,title,False,0.08442888888888889,0.0956366666666667,0.011207777777777816,0.0,0.011207777777777816,False
35,sep,neighbors50,minilm,abstract,False,0.4197288888888888,0.43093666666666663,0.011207777777777816,0.0,0.011207777777777816,False
35,sep,neighbors50,pubmedbert,title,True,-0.12450777777777777,-0.07468555555555567,0.0498222222222221,-0.053159999999999985,-0.003337777777777884,False
35,sep,neighbors50,pubmedbert,abstract,True,0.5152622222222222,0.5005944444444443,-0.014667777777777835,0.011329999999999951,-0.003337777777777884,False
35,sep,neighbors50,biobert,title,True,-0.15828888888888892,-0.05723777777777772,0.1010511111111112,-0.06846000000000008,0.032591111111111126,False
35,sep,neighbors50,biobert,abstract,True,0.4769111111111112,0.5368022222222223,0.05989111111111112,-0.02729999999999999,0.032591111111111126,False
35,sep,neighbors50,simcse,title,False,-0.1050577777777778,-0.07478666666666667,0.030271111111111138,0.0,0.030271111111111138,False
35,sep,neighbors50,simcse,abstract,False,0.46172222222222215,0.4919933333333333,0.030271111111111138,0.0,0.030271111111111138,False
36,cls,cka,specter,title,False,0.16855838317539634,0.22505020621264882,0.056491823037252475,0.0,0.056491823037252475,False
36,cls,cka,specter,abstract,False,0.3817424948693601,0.4382343179066126,0.056491823037252475,0.0,0.056491823037252475,False
36,cls,cka,specter2,title,False,0.19594849448003093,0.25754914408966584,0.061600649609634905,0.0,0.061600649609634905,False
36,cls,cka,specter2,abstract,False,0.3609163144952673,0.4225169641049022,0.061600649609634905,0.0,0.061600649609634905,False
36,cls,cka,scincl,title,False,0.18740730449085574,0.24428792528410237,0.05688062079324663,0.0,0.05688062079324663,False
36,cls,cka,scincl,abstract,False,0.4050817078825313,0.4619623286757779,0.05688062079324663,0.0,0.05688062079324663,False
36,cls,cka,scibert,title,True,-0.19674308948396246,-0.12527197662162248,0.07147111286233998,0.0946784700784058,0.16614958294074578,False
36,cls,cka,scibert,abstract,True,0.4047051772594955,0.5574148285290873,0.1527096512695918,0.013439931671153982,0.16614958294074578,False
36,cls,cka,bert,title,True,-0.13054805770834516,-0.15982108054773514,-0.029273022839389984,0.18876743919296135,0.15949441635357137,False
36,cls,cka,bert,abstract,True,0.3938393730373026,0.511917736359682,0.11807836332237936,0.041416053031192,0.15949441635357137,False
36,cls,cka,mpnet,title,False,0.19188725189007683,0.25145694994273493,0.059569698052658104,0.0,0.059569698052658104,False
36,cls,cka,mpnet,abstract,False,0.3886361215831414,0.44820581963579953,0.059569698052658104,0.0,0.059569698052658104,False
36,cls,cka,minilm,title,False,0.12740822899104837,0.18487323452493137,0.05746500553388301,0.0,0.05746500553388301,False
36,cls,cka,minilm,abstract,False,0.3876657572230848,0.4451307627569678,0.05746500553388301,0.0,0.05746500553388301,False
36,cls,cka,pubmedbert,title,True,-0.13257458901329,-0.17486276176051863,-0.042288172747228625,0.15223154863431054,0.10994337588708192,False
36,cls,cka,pubmedbert,abstract,True,0.43354417800501743,0.5368655265098906,0.10332134850487318,0.006622027382208739,0.10994337588708192,False
36,cls,cka,biobert,title,True,-0.2261861777148247,-0.1968875720276526,0.029298605687172075,0.06103627158614733,0.0903348772733194,False
36,cls,cka,biobert,abstract,True,0.39766147167299853,0.4796021993943209,0.08194072772132238,0.008394149551997021,0.0903348772733194,False
36,cls,cka,simcse,title,False,-0.1295626671879635,-0.07367612508963972,0.05588654209832378,0.0,0.05588654209832378,False
36,cls,cka,simcse,abstract,False,0.41905058532001316,0.47493712741833694,0.05588654209832378,0.0,0.05588654209832378,False
36,cls,neighbors10,specter,title,False,0.06013333333333337,0.09042777777777777,0.0302944444444444,0.0,0.0302944444444444,False
36,cls,neighbors10,specter,abstract,False,0.3985333333333333,0.4288277777777777,0.0302944444444444,0.0,0.0302944444444444,False
36,cls,neighbors10,specter2,title,False,0.09001666666666674,0.11834444444444436,0.02832777777777762,0.0,0.02832777777777762,False
36,cls,neighbors10,specter2,abstract,False,0.3625666666666668,0.39089444444444443,0.02832777777777762,0.0,0.02832777777777762,False
36,cls,neighbors10,scincl,title,False,0.09798333333333331,0.12626111111111116,0.028277777777777846,0.0,0.028277777777777846,False
36,cls,neighbors10,scincl,abstract,False,0.4561833333333334,0.48446111111111123,0.028277777777777846,0.0,0.028277777777777846,False
36,cls,neighbors10,scibert,title,True,-0.16580555555555554,-0.07057777777777763,0.09522777777777791,0.04080000000000006,0.13602777777777797,False
36,cls,neighbors10,scibert,abstract,True,0.5575444444444445,0.5504222222222224,-0.007122222222222141,0.1431500000000001,0.13602777777777797,False
36,cls,neighbors10,bert,title,True,-0.1374333333333333,-0.07811111111111113,0.059322222222222165,0.06829999999999992,0.12762222222222208,False
36,cls,neighbors10,bert,abstract,True,0.5555666666666669,0.4408888888888888,-0.1146777777777781,0.24230000000000018,0.12762222222222208,False
36,cls,neighbors10,mpnet,title,False,0.14955000000000007,0.18217777777777777,0.0326277777777777,0.0,0.0326277777777777,False
36,cls,neighbors10,mpnet,abstract,False,0.50975,0.5423777777777777,0.0326277777777777,0.0,0.0326277777777777,False
36,cls,neighbors10,minilm,title,False,0.09528888888888887,0.1284777777777777,0.03318888888888882,0.0,0.03318888888888882,False
36,cls,neighbors10,minilm,abstract,False,0.48048888888888885,0.5136777777777777,0.03318888888888882,0.0,0.03318888888888882,False
36,cls,neighbors10,pubmedbert,title,True,-0.14339444444444438,-0.09587777777777762,0.04751666666666676,0.06084999999999996,0.10836666666666672,False
36,cls,neighbors10,pubmedbert,abstract,True,0.5682555555555557,0.5867222222222224,0.01846666666666663,0.08990000000000009,0.10836666666666672,False
36,cls,neighbors10,biobert,title,True,-0.15069444444444435,-0.09056111111111109,0.06013333333333326,0.042200000000000015,0.10233333333333328,False
36,cls,neighbors10,biobert,abstract,True,0.5369055555555556,0.5815888888888889,0.0446833333333333,0.05764999999999998,0.10233333333333328,False
36,cls,neighbors10,simcse,title,False,-0.09345555555555551,-0.04183333333333339,0.051622222222222125,0.0,0.051622222222222125,False
36,cls,neighbors10,simcse,abstract,False,0.5045444444444445,0.5561666666666666,0.051622222222222125,0.0,0.051622222222222125,False
36,cls,neighbors25,specter,title,False,0.07425111111111116,0.10757111111111106,0.033319999999999905,0.0,0.033319999999999905,False
36,cls,neighbors25,specter,abstract,False,0.40439111111111115,0.43771111111111105,0.033319999999999905,0.0,0.033319999999999905,False
36,cls,neighbors25,specter2,title,False,0.10615555555555556,0.13622222222222224,0.030066666666666686,0.0,0.030066666666666686,False
36,cls,neighbors25,specter2,abstract,False,0.36339555555555547,0.39346222222222216,0.030066666666666686,0.0,0.030066666666666686,False
36,cls,neighbors25,scincl,title,False,0.1133266666666668,0.14276222222222235,0.029435555555555548,0.0,0.029435555555555548,False
36,cls,neighbors25,scincl,abstract,False,0.46084666666666674,0.4902822222222223,0.029435555555555548,0.0,0.029435555555555548,False
36,cls,neighbors25,scibert,title,True,-0.16809999999999992,-0.07790666666666668,0.09019333333333324,0.046540000000000026,0.13673333333333326,False
36,cls,neighbors25,scibert,abstract,True,0.55244,0.5643133333333332,0.01187333333333318,0.12486000000000008,0.13673333333333326,False
36,cls,neighbors25,bert,title,True,-0.1346666666666666,-0.08532222222222219,0.04934444444444441,0.08307999999999993,0.13242444444444434,False
36,cls,neighbors25,bert,abstract,True,0.5498133333333335,0.4621777777777778,-0.08763555555555569,0.22006000000000003,0.13242444444444434,False
36,cls,neighbors25,mpnet,title,False,0.16325111111111112,0.19804888888888883,0.034797777777777705,0.0,0.034797777777777705,False
36,cls,neighbors25,mpnet,abstract,False,0.5030311111111112,0.5378288888888889,0.034797777777777705,0.0,0.034797777777777705,False
36,cls,neighbors25,minilm,title,False,0.09863777777777771,0.13479999999999992,0.03616222222222221,0.0,0.03616222222222221,False
36,cls,neighbors25,minilm,abstract,False,0.4741577777777778,0.51032,0.03616222222222221,0.0,0.03616222222222221,False
36,cls,neighbors25,pubmedbert,title,True,-0.14461777777777773,-0.10621555555555562,0.038402222222222115,0.07138,0.10978222222222211,False
36,cls,neighbors25,pubmedbert,abstract,True,0.5592622222222222,0.5920044444444444,0.03274222222222223,0.07703999999999989,0.10978222222222211,False
36,cls,neighbors25,biobert,title,True,-0.15549333333333337,-0.09798444444444443,0.05750888888888894,0.04567999999999994,0.10318888888888889,False
36,cls,neighbors25,biobert,abstract,True,0.5270066666666666,0.5790355555555555,0.0520288888888889,0.05115999999999998,0.10318888888888889,False
36,cls,neighbors25,simcse,title,False,-0.09313999999999989,-0.03975333333333331,0.05338666666666658,0.0,0.05338666666666658,False
36,cls,neighbors25,simcse,abstract,False,0.5105000000000001,0.5638866666666666,0.05338666666666658,0.0,0.05338666666666658,False
36,cls,neighbors50,specter,title,False,0.08591555555555552,0.11929999999999996,0.03338444444444444,0.0,0.03338444444444444,False
36,cls,neighbors50,specter,abstract,False,0.40829555555555563,0.4416800000000001,0.03338444444444444,0.0,0.03338444444444444,False
36,cls,neighbors50,specter2,title,False,0.1158177777777778,0.1453377777777779,0.0295200000000001,0.0,0.0295200000000001,False
36,cls,neighbors50,specter2,abstract,False,0.36419777777777773,0.39371777777777783,0.0295200000000001,0.0,0.0295200000000001,False
36,cls,neighbors50,scincl,title,False,0.11928444444444442,0.14854888888888873,0.029264444444444315,0.0,0.029264444444444315,False
36,cls,neighbors50,scincl,abstract,False,0.45975444444444435,0.48901888888888867,0.029264444444444315,0.0,0.029264444444444315,False
36,cls,neighbors50,scibert,title,True,-0.1669211111111112,-0.08161444444444443,0.08530666666666675,0.048209999999999975,0.13351666666666673,False
36,cls,neighbors50,scibert,abstract,True,0.5391288888888889,0.5656255555555556,0.026496666666666724,0.10702,0.13351666666666673,False
36,cls,neighbors50,bert,title,True,-0.12730888888888903,-0.0914233333333333,0.035885555555555726,0.09497999999999995,0.13086555555555568,False
36,cls,neighbors50,bert,abstract,True,0.5369011111111109,0.4739066666666667,-0.06299444444444424,0.19385999999999992,0.13086555555555568,False
36,cls,neighbors50,mpnet,title,False,0.16280111111111106,0.1982155555555556,0.035414444444444526,0.0,0.035414444444444526,False
36,cls,neighbors50,mpnet,abstract,False,0.49062111111111106,0.5260355555555556,0.035414444444444526,0.0,0.035414444444444526,False
36,cls,neighbors50,minilm,title,False,0.09714333333333325,0.1343955555555555,0.03725222222222224,0.0,0.03725222222222224,False
36,cls,neighbors50,minilm,abstract,False,0.4621233333333332,0.49937555555555546,0.03725222222222224,0.0,0.03725222222222224,False
36,cls,neighbors50,pubmedbert,title,True,-0.1426655555555555,-0.11053888888888896,0.032126666666666526,0.07592999999999994,0.10805666666666647,False
36,cls,neighbors50,pubmedbert,abstract,True,0.5465444444444445,0.5874511111111109,0.040906666666666425,0.06715000000000004,0.10805666666666647,False
36,cls,neighbors50,biobert,title,True,-0.15573888888888887,-0.10107777777777771,0.05466111111111116,0.04522000000000004,0.0998811111111112,False
36,cls,neighbors50,biobert,abstract,True,0.5150211111111112,0.5666722222222222,0.05165111111111109,0.048230000000000106,0.0998811111111112,False
36,cls,neighbors50,simcse,title,False,-0.08901333333333339,-0.0349733333333333,0.05404000000000009,0.0,0.05404000000000009,False
36,cls,neighbors50,simcse,abstract,False,0.5051166666666665,0.5591566666666666,0.05404000000000009,0.0,0.05404000000000009,False
36,sep,cka,specter,title,False,0.16855838317539634,0.18807202479574991,0.019513641620353572,0.0,0.019513641620353572,False
36,sep,cka,specter,abstract,False,0.3817424948693601,0.4012561364897137,0.019513641620353572,0.0,0.019513641620353572,False
36,sep,cka,specter2,title,False,0.19594849448003093,0.21656651335586274,0.02061801887583181,0.0,0.02061801887583181,False
36,sep,cka,specter2,abstract,False,0.3609163144952673,0.3815343333710991,0.02061801887583181,0.0,0.02061801887583181,False
36,sep,cka,scincl,title,False,0.18740730449085574,0.20396291906218755,0.01655561457133181,0.0,0.01655561457133181,False
36,sep,cka,scincl,abstract,False,0.4050817078825313,0.4216373224538631,0.01655561457133181,0.0,0.01655561457133181,False
36,sep,cka,scibert,title,True,-0.19674308948396246,-0.09506992269505044,0.10167316678891203,0.08052632715610775,0.18219949394501977,False
36,sep,cka,scibert,abstract,True,0.4047051772594955,0.5556256242840001,0.15092044702450458,0.0312790469205152,0.18219949394501977,False
36,sep,cka,bert,title,True,-0.13054805770834516,-0.08719595891952103,0.04335209878882412,0.3623301617851984,0.4056822605740225,False
36,sep,cka,bert,abstract,True,0.3938393730373026,0.6077331248785196,0.213893751841217,0.1917885087328055,0.4056822605740225,False
36,sep,cka,mpnet,title,False,0.19188725189007683,0.2104229839948445,0.018535732104767666,0.0,0.018535732104767666,False
36,sep,cka,mpnet,abstract,False,0.3886361215831414,0.4071718536879091,0.018535732104767666,0.0,0.018535732104767666,False
36,sep,cka,minilm,title,False,0.12740822899104837,0.1546680676313859,0.02725983864033754,0.0,0.02725983864033754,False
36,sep,cka,minilm,abstract,False,0.3876657572230848,0.4149255958634223,0.02725983864033754,0.0,0.02725983864033754,False
36,sep,cka,pubmedbert,title,True,-0.13257458901329,-0.12493518336492943,0.0076394056483605755,-0.03676934526950815,-0.02912993962114757,False
36,sep,cka,pubmedbert,abstract,True,0.43354417800501743,0.3967388799034138,-0.036805298101603656,0.007675358480456085,-0.02912993962114757,False
36,sep,cka,biobert,title,True,-0.2261861777148247,-0.039535595971835424,0.18665058174298926,-0.1432668190937082,0.043383762649281066,False
36,sep,cka,biobert,abstract,True,0.39766147167299853,0.4471788584831896,0.04951738681019108,-0.006133624160910012,0.043383762649281066,False
36,sep,cka,simcse,title,False,-0.1295626671879635,-0.05989379998254929,0.06966886720541421,0.0,0.06966886720541421,False
36,sep,cka,simcse,abstract,False,0.41905058532001316,0.48871945252542737,0.06966886720541421,0.0,0.06966886720541421,False
36,sep,neighbors10,specter,title,False,0.06013333333333337,0.06468333333333331,0.004549999999999943,0.0,0.004549999999999943,False
36,sep,neighbors10,specter,abstract,False,0.3985333333333333,0.40308333333333324,0.004549999999999943,0.0,0.004549999999999943,False
36,sep,neighbors10,specter2,title,False,0.09001666666666674,0.09378888888888881,0.003772222222222066,0.0,0.003772222222222066,False
36,sep,neighbors10,specter2,abstract,False,0.3625666666666668,0.3663388888888889,0.003772222222222066,0.0,0.003772222222222066,False
36,sep,neighbors10,scincl,title,False,0.09798333333333331,0.10169444444444431,0.0037111111111109985,0.0,0.0037111111111109985,False
36,sep,neighbors10,scincl,abstract,False,0.4561833333333334,0.4598944444444444,0.0037111111111109985,0.0,0.0037111111111109985,False
36,sep,neighbors10,scibert,title,True,-0.16580555555555554,-0.060177777777777886,0.10562777777777765,0.04355000000000009,0.14917777777777774,False
36,sep,neighbors10,scibert,abstract,True,0.5575444444444445,0.5534722222222221,-0.004072222222222366,0.1532500000000001,0.14917777777777774,False
36,sep,neighbors10,bert,title,True,-0.1374333333333333,-0.05995555555555554,0.07747777777777776,0.054400000000000004,0.13187777777777776,False
36,sep,neighbors10,bert,abstract,True,0.5555666666666669,0.4628444444444445,-0.09272222222222237,0.22460000000000013,0.13187777777777776,False
36,sep,neighbors10,mpnet,title,False,0.14955000000000007,0.15185000000000004,0.0022999999999999687,0.0,0.0022999999999999687,False
36,sep,neighbors10,mpnet,abstract,False,0.50975,0.51205,0.0022999999999999687,0.0,0.0022999999999999687,False
36,sep,neighbors10,minilm,title,False,0.09528888888888887,0.10034999999999994,0.005061111111111072,0.0,0.005061111111111072,False
36,sep,neighbors10,minilm,abstract,False,0.48048888888888885,0.4855499999999999,0.005061111111111072,0.0,0.005061111111111072,False
36,sep,neighbors10,pubmedbert,title,True,-0.14339444444444438,-0.09870000000000001,0.04469444444444437,-0.038799999999999946,0.005894444444444424,False
36,sep,neighbors10,pubmedbert,abstract,True,0.5682555555555557,0.5467000000000001,-0.02155555555555566,0.027450000000000085,0.005894444444444424,False
36,sep,neighbors10,biobert,title,True,-0.15069444444444435,-0.07346111111111109,0.07723333333333327,-0.031750000000000056,0.04548333333333321,False
36,sep,neighbors10,biobert,abstract,True,0.5369055555555556,0.6058388888888889,0.06893333333333329,-0.023450000000000082,0.04548333333333321,False
36,sep,neighbors10,simcse,title,False,-0.09345555555555551,-0.06512777777777767,0.02832777777777784,0.0,0.02832777777777784,False
36,sep,neighbors10,simcse,abstract,False,0.5045444444444445,0.5328722222222223,0.02832777777777784,0.0,0.02832777777777784,False
36,sep,neighbors25,specter,title,False,0.07425111111111116,0.07962888888888897,0.005377777777777815,0.0,0.005377777777777815,False
36,sep,neighbors25,specter,abstract,False,0.40439111111111115,0.40976888888888896,0.005377777777777815,0.0,0.005377777777777815,False
36,sep,neighbors25,specter2,title,False,0.10615555555555556,0.11074000000000006,0.004584444444444502,0.0,0.004584444444444502,False
36,sep,neighbors25,specter2,abstract,False,0.36339555555555547,0.36798,0.004584444444444502,0.0,0.004584444444444502,False
36,sep,neighbors25,scincl,title,False,0.1133266666666668,0.11707111111111124,0.003744444444444439,0.0,0.003744444444444439,False
36,sep,neighbors25,scincl,abstract,False,0.46084666666666674,0.4645911111111112,0.003744444444444439,0.0,0.003744444444444439,False
36,sep,neighbors25,scibert,title,True,-0.16809999999999992,-0.06676222222222217,0.10133777777777775,0.04836000000000007,0.14969777777777782,False
36,sep,neighbors25,scibert,abstract,True,0.55244,0.5670577777777779,0.01461777777777784,0.13507999999999998,0.14969777777777782,False
36,sep,neighbors25,bert,title,True,-0.1346666666666666,-0.0654555555555556,0.069211111111111,0.07097999999999993,0.14019111111111093,False
36,sep,neighbors25,bert,abstract,True,0.5498133333333335,0.4755244444444443,-0.07428888888888918,0.21448000000000012,0.14019111111111093,False
36,sep,neighbors25,mpnet,title,False,0.16325111111111112,0.1665022222222221,0.0032511111111109825,0.0,0.0032511111111109825,False
36,sep,neighbors25,mpnet,abstract,False,0.5030311111111112,0.5062822222222222,0.0032511111111109825,0.0,0.0032511111111109825,False
36,sep,neighbors25,minilm,title,False,0.09863777777777771,0.10520666666666667,0.006568888888888957,0.0,0.006568888888888957,False
36,sep,neighbors25,minilm,abstract,False,0.4741577777777778,0.48072666666666675,0.006568888888888957,0.0,0.006568888888888957,False
36,sep,neighbors25,pubmedbert,title,True,-0.14461777777777773,-0.09370444444444459,0.050913333333333144,-0.046499999999999986,0.004413333333333158,False
36,sep,neighbors25,pubmedbert,abstract,True,0.5592622222222222,0.5341155555555555,-0.02514666666666676,0.02955999999999992,0.004413333333333158,False
36,sep,neighbors25,biobert,title,True,-0.15549333333333337,-0.06726444444444446,0.08822888888888891,-0.04392000000000007,0.04430888888888884,False
36,sep,neighbors25,biobert,abstract,True,0.5270066666666666,0.5928955555555555,0.06588888888888889,-0.021580000000000044,0.04430888888888884,False
36,sep,neighbors25,simcse,title,False,-0.09313999999999989,-0.062771111111111,0.03036888888888889,0.0,0.03036888888888889,False
36,sep,neighbors25,simcse,abstract,False,0.5105000000000001,0.540868888888889,0.03036888888888889,0.0,0.03036888888888889,False
36,sep,neighbors50,specter,title,False,0.08591555555555552,0.09110555555555544,0.005189999999999917,0.0,0.005189999999999917,False
36,sep,neighbors50,specter,abstract,False,0.40829555555555563,0.41348555555555555,0.005189999999999917,0.0,0.005189999999999917,False
36,sep,neighbors50,specter2,title,False,0.1158177777777778,0.11990444444444448,0.004086666666666683,0.0,0.004086666666666683,False
36,sep,neighbors50,specter2,abstract,False,0.36419777777777773,0.3682844444444444,0.004086666666666683,0.0,0.004086666666666683,False
36,sep,neighbors50,scincl,title,False,0.11928444444444442,0.12256777777777772,0.003283333333333305,0.0,0.003283333333333305,False
36,sep,neighbors50,scincl,abstract,False,0.45975444444444435,0.46303777777777766,0.003283333333333305,0.0,0.003283333333333305,False
36,sep,neighbors50,scibert,title,True,-0.1669211111111112,-0.07253111111111132,0.09438999999999986,0.05193000000000003,0.1463199999999999,False
36,sep,neighbors50,scibert,abstract,True,0.5391288888888889,0.5650888888888888,0.025959999999999872,0.12036000000000002,0.1463199999999999,False
36,sep,neighbors50,bert,title,True,-0.12730888888888903,-0.071768888888889,0.055540000000000034,0.08642000000000005,0.14196000000000009,False
36,sep,neighbors50,bert,abstract,True,0.5369011111111109,0.4773611111111111,-0.059539999999999815,0.2014999999999999,0.14196000000000009,False
36,sep,neighbors50,mpnet,title,False,0.16280111111111106,0.1656511111111112,0.00285000000000013,0.0,0.00285000000000013,False
36,sep,neighbors50,mpnet,abstract,False,0.49062111111111106,0.4934711111111112,0.00285000000000013,0.0,0.00285000000000013,False
36,sep,neighbors50,minilm,title,False,0.09714333333333325,0.10449888888888881,0.00735555555555556,0.0,0.00735555555555556,False
36,sep,neighbors50,minilm,abstract,False,0.4621233333333332,0.4694788888888888,0.00735555555555556,0.0,0.00735555555555556,False
36,sep,neighbors50,pubmedbert,title,True,-0.1426655555555555,-0.09434888888888893,0.04831666666666656,-0.04622999999999999,0.00208666666666657,False
36,sep,neighbors50,pubmedbert,abstract,True,0.5465444444444445,0.5201811111111111,-0.026363333333333405,0.028449999999999975,0.00208666666666657,False
36,sep,neighbors50,biobert,title,True,-0.15573888888888887,-0.06593888888888888,0.08979999999999999,-0.05041999999999991,0.03938000000000008,False
36,sep,neighbors50,biobert,abstract,True,0.5150211111111112,0.5753611111111111,0.06033999999999995,-0.020959999999999868,0.03938000000000008,False
36,sep,neighbors50,simcse,title,False,-0.08901333333333339,-0.057825555555555574,0.031187777777777814,0.0,0.031187777777777814,False
36,sep,neighbors50,simcse,abstract,False,0.5051166666666665,0.5363044444444444,0.031187777777777814,0.0,0.031187777777777814,False
