field_id,condition,metric,model_group,n,mean,median,min,max,p025,p975
11,equal_subfield_composition,cka_debiased,all,10,0.6311111491931087,0.6307085187543959,0.627137982521258,0.6383044837819194,0.6271674904725296,0.6376484518066884
11,equal_subfield_composition,cka_debiased,without_biomedical,10,0.6458763787950879,0.645261917501001,0.6420761138033776,0.6512321221006131,0.642192012082603,0.6512010140358129
11,equal_subfield_composition,cka_debiased,one_biomedical,10,0.5914313280251877,0.5894901318264296,0.5851396486734728,0.6023057809725454,0.5851648744866919,0.6011673938676751
11,equal_subfield_composition,cka_debiased,both_biomedical,10,0.8525618590244226,0.8525556146288618,0.8481717004525878,0.8561810816502938,0.8485954372838042,0.8560281940930488
11,equal_subfield_composition,neighbors_k10,all,10,0.2849242621527778,0.2844818793402778,0.2832020399305556,0.28859809027777783,0.2833065321180556,0.2882357855902778
11,equal_subfield_composition,neighbors_k10,without_biomedical,10,0.28648402622767855,0.28595929827008926,0.28443429129464287,0.2918230329241071,0.2844801984514509,0.2910033743722098
11,equal_subfield_composition,neighbors_k10,one_biomedical,10,0.26806365966796875,0.267828369140625,0.266339111328125,0.27073974609375,0.2663404846191406,0.2705001068115235
11,equal_subfield_composition,neighbors_k10,both_biomedical,10,0.5110205078125001,0.5110107421875,0.500244140625,0.51728515625,0.501947021484375,0.51728515625
11,equal_subfield_composition,neighbors_k25,all,10,0.3325348524305555,0.33258984375,0.32992925347222224,0.3341671006944444,0.33022661675347226,0.3341033311631944
11,equal_subfield_composition,neighbors_k25,without_biomedical,10,0.33448876953124995,0.3347412109375,0.3311314174107142,0.33699497767857134,0.3316264299665178,0.33672377232142847
11,equal_subfield_composition,neighbors_k25,one_biomedical,10,0.3150684814453125,0.31476623535156245,0.313294677734375,0.31890869140625,0.3133108825683594,0.31835113525390624
11,equal_subfield_composition,neighbors_k25,both_biomedical,10,0.557287109375,0.558876953125,0.5495703125,0.56126953125,0.55044921875,0.5609575195312501
11,equal_subfield_composition,neighbors_k50,all,10,0.37400631510416665,0.3742802734375,0.3713493923611111,0.3760273437500001,0.3716096950954861,0.37591171875000007
11,equal_subfield_composition,neighbors_k50,without_biomedical,10,0.37673085239955356,0.37714512416294643,0.37342285156250005,0.3782383510044643,0.37375471714564734,0.37822626604352677
11,equal_subfield_composition,neighbors_k50,one_biomedical,10,0.35554132080078127,0.355469970703125,0.3531158447265625,0.3589794921875,0.3532125244140625,0.3585301513671875
11,equal_subfield_composition,neighbors_k50,both_biomedical,10,0.5931591796875,0.5946875,0.586328125,0.598154296875,0.586804931640625,0.59760498046875
11,equal_subfield_composition,rsa_spearman,all,10,0.5386155521933855,0.538744326814344,0.529092386893498,0.5438621275441551,0.5306581705897924,0.5437383496185707
11,equal_subfield_composition,rsa_spearman,without_biomedical,10,0.538195806024643,0.5380793744752161,0.5280444485368436,0.5440108752265808,0.5294688144344691,0.543824091464028
11,equal_subfield_composition,rsa_spearman,one_biomedical,10,0.5182889550237222,0.5181258681715019,0.5094338507380223,0.5240861253049338,0.51097682310975,0.5235174239381051
11,equal_subfield_composition,rsa_spearman,both_biomedical,10,0.8755939996327861,0.8755788079294444,0.8717986292325004,0.8793574298258946,0.8719650838579539,0.8792511089968041
11,observed_eligible_composition,cka_debiased,all,10,0.6174812843460096,0.6181071386502373,0.6102019849415495,0.6249923448609498,0.61048879818615,0.6239946949800094
11,observed_eligible_composition,cka_debiased,without_biomedical,10,0.6304577704641987,0.6311663738564905,0.624860701672877,0.6355415279931683,0.6251511859542214,0.6349562059052818
11,observed_eligible_composition,cka_debiased,one_biomedical,10,0.5805698218264375,0.5811068823658554,0.5675922558348019,0.5923288033826883,0.5689395236083843,0.5910275862593102
11,observed_eligible_composition,cka_debiased,both_biomedical,10,0.8447230733498674,0.8443811511585071,0.8392704266940323,0.8522318808110141,0.8394155224838289,0.8515764005640934
11,observed_eligible_composition,neighbors_k10,all,10,0.2808824869791667,0.2807986111111111,0.2770572916666667,0.2879546440972222,0.2773207194010417,0.2867998589409722
11,observed_eligible_composition,neighbors_k10,without_biomedical,10,0.2808604213169643,0.2801138741629464,0.27694963727678573,0.28817313058035715,0.2772195870535714,0.28691009521484373
11,observed_eligible_composition,neighbors_k10,one_biomedical,10,0.2665615844726562,0.26550445556640623,0.26281433105468754,0.2731781005859375,0.26312744140625005,0.27218040466308596
11,observed_eligible_composition,neighbors_k10,both_biomedical,10,0.5106347656249999,0.510791015625,0.504443359375,0.51826171875,0.504520263671875,0.51762451171875
11,observed_eligible_composition,neighbors_k25,all,10,0.3261229166666667,0.32577539062499994,0.3221336805555556,0.33308897569444446,0.32257157118055557,0.33194014756944445
11,observed_eligible_composition,neighbors_k25,without_biomedical,10,0.3264693080357143,0.3264208984375,0.3216106305803571,0.3331201171874999,0.3222986886160714,0.33199354771205347
11,observed_eligible_composition,neighbors_k25,one_biomedical,10,0.31123034667968746,0.310479736328125,0.30822875976562497,0.31899169921875004,0.3083828430175781,0.31771234130859377
11,observed_eligible_composition,neighbors_k25,both_biomedical,10,0.554705078125,0.555419921875,0.5462109375,0.5592578125,0.5471206054687501,0.5592402343749999
11,observed_eligible_composition,neighbors_k50,all,10,0.3663647135416667,0.36624707031250003,0.361521484375,0.371732421875,0.36228144531249995,0.370867431640625
11,observed_eligible_composition,neighbors_k50,without_biomedical,10,0.36717149135044636,0.3672157505580357,0.36143310546875,0.3724518694196428,0.3625092163085938,0.37157531738281246
11,observed_eligible_composition,neighbors_k50,one_biomedical,10,0.35102642822265623,0.35078460693359376,0.34721496582031247,0.35670166015625,0.3475690002441406,0.35585585021972654
11,observed_eligible_composition,neighbors_k50,both_biomedical,10,0.5891875,0.5887988281250001,0.583876953125,0.59361328125,0.584309814453125,0.593452880859375
11,observed_eligible_composition,rsa_spearman,all,10,0.5391400936650835,0.5416339512016182,0.5288769987866593,0.546613222726433,0.5290961241928996,0.546491020456075
11,observed_eligible_composition,rsa_spearman,without_biomedical,10,0.5383478356902162,0.5412878595174963,0.5289050498633167,0.5459519029123264,0.5292038048928956,0.5456789703974677
11,observed_eligible_composition,rsa_spearman,one_biomedical,10,0.5196378934598356,0.5215024078740218,0.5071800018363566,0.5310823631214556,0.5072872900651769,0.5303695037942611
11,observed_eligible_composition,rsa_spearman,both_biomedical,10,0.8733585202453454,0.8734292115985729,0.8676141346845339,0.8818901974122231,0.8676992339934961,0.8808531362868939
12,equal_subfield_composition,cka_debiased,all,10,0.5573217036269354,0.5578815965061881,0.550232336988261,0.5605581168555509,0.5512937820429537,0.5604870145527266
12,equal_subfield_composition,cka_debiased,without_biomedical,10,0.575360021927182,0.5747778503643151,0.5696558299945914,0.580083345558158,0.5701291091712065,0.5800546512334254
12,equal_subfield_composition,cka_debiased,one_biomedical,10,0.5094612454719047,0.5100335398998135,0.4995499215531677,0.5167586140226268,0.5011858729301555,0.5159201993497382
12,equal_subfield_composition,cka_debiased,both_biomedical,10,0.8180161217005205,0.8184643428699915,0.8072469732959159,0.825785391902925,0.8083725980100267,0.8253460927067472
12,equal_subfield_composition,neighbors_k10,all,10,0.2093374565972222,0.2086013454861111,0.2064908854166667,0.21258789062499994,0.2066962076822917,0.21249340820312496
12,equal_subfield_composition,neighbors_k10,without_biomedical,10,0.208580322265625,0.208056640625,0.20492640904017861,0.21225411551339282,0.20524697440011164,0.21192491803850444
12,equal_subfield_composition,neighbors_k10,one_biomedical,10,0.19649078369140624,0.19589996337890625,0.19361267089843748,0.2016632080078125,0.19380836486816405,0.2008838653564453
12,equal_subfield_composition,neighbors_k10,both_biomedical,10,0.436083984375,0.4345458984375,0.42900390625,0.45322265625,0.429454345703125,0.45003662109375003
12,equal_subfield_composition,neighbors_k25,all,10,0.2497142361111111,0.24929644097222226,0.24739366319444445,0.2537387152777778,0.24757950303819445,0.2532454535590278
12,equal_subfield_composition,neighbors_k25,without_biomedical,10,0.24808642578124998,0.2474839564732143,0.24538574218750003,0.2513204520089286,0.24550925990513395,0.2512637939453125
12,equal_subfield_composition,neighbors_k25,one_biomedical,10,0.2372537841796875,0.23719726562500001,0.2337841796875,0.24201049804687502,0.23418820190429687,0.24125848388671878
12,equal_subfield_composition,neighbors_k25,both_biomedical,10,0.49466015625,0.493876953125,0.48830078125,0.5091015625,0.4883359375,0.5067900390625001
12,equal_subfield_composition,neighbors_k50,all,10,0.2877771918402777,0.28768554687500003,0.2849055989583333,0.29078168402777776,0.2850928059895833,0.29057460394965273
12,equal_subfield_composition,neighbors_k50,without_biomedical,10,0.28515478515625003,0.28398193359375,0.28254150390625005,0.2881044224330357,0.2826856602260045,0.2880651070731027
12,equal_subfield_composition,neighbors_k50,one_biomedical,10,0.276393798828125,0.2765362548828125,0.2732342529296875,0.27945129394531254,0.2734554901123047,0.2794319305419922
12,equal_subfield_composition,neighbors_k50,both_biomedical,10,0.5433388671875,0.54287109375,0.536240234375,0.55330078125,0.53633251953125,0.55218896484375
12,equal_subfield_composition,rsa_spearman,all,10,0.5194618239328183,0.5179045029013614,0.5144596110641182,0.5282576853739441,0.5149651455686964,0.5278096931984991
12,equal_subfield_composition,rsa_spearman,without_biomedical,10,0.5106600593171041,0.5092387829284273,0.5058694167488745,0.5193461149527935,0.5060054623137511,0.5192074011949579
12,equal_subfield_composition,rsa_spearman,one_biomedical,10,0.5119426555359479,0.5106056908479988,0.5057675954153605,0.5213445034141426,0.5061552087366711,0.5204443668179569
12,equal_subfield_composition,rsa_spearman,both_biomedical,10,0.886217927522738,0.8848802070972005,0.8800660034711701,0.8941516565748786,0.8806242577412399,0.8941304268565207
12,observed_eligible_composition,cka_debiased,all,10,0.5769836757752971,0.5770222579943152,0.5694041971307181,0.584747760405323,0.569713106698853,0.5842084378588187
12,observed_eligible_composition,cka_debiased,without_biomedical,10,0.5946551299387701,0.5949624707130607,0.587412527435751,0.602519404001049,0.5876519718399595,0.6020111671753609
12,observed_eligible_composition,cka_debiased,one_biomedical,10,0.530995268514968,0.5319826169747507,0.5203480421734227,0.5384209576828729,0.5209243582345778,0.5383844715871706
12,observed_eligible_composition,cka_debiased,both_biomedical,10,0.8179974753633135,0.8176022906982262,0.8061892870264246,0.8283705832841967,0.8080199451347091,0.8274799754420757
12,observed_eligible_composition,neighbors_k10,all,10,0.21601746961805554,0.21576985677083332,0.21366319444444445,0.22025933159722225,0.21369175889756944,0.21971318901909723
12,observed_eligible_composition,neighbors_k10,without_biomedical,10,0.21510393415178575,0.21496058872767856,0.2123465401785714,0.2194423130580357,0.2125376238141741,0.21898010253906247
12,observed_eligible_composition,neighbors_k10,one_biomedical,10,0.20366912841796875,0.2044647216796875,0.19953613281250002,0.20775146484375,0.19971260070800784,0.2073724365234375
12,observed_eligible_composition,neighbors_k10,both_biomedical,10,0.43916992187500004,0.4373046875,0.432373046875,0.449169921875,0.432471923828125,0.448818359375
12,observed_eligible_composition,neighbors_k25,all,10,0.256995703125,0.25701280381944447,0.25349913194444446,0.25992491319444444,0.25381797960069447,0.25983751085069445
12,observed_eligible_composition,neighbors_k25,without_biomedical,10,0.2544557059151785,0.2540380859375,0.2516162109375,0.2575334821428571,0.2517218366350446,0.2574349190848214
12,observed_eligible_composition,neighbors_k25,one_biomedical,10,0.2462740478515625,0.24687377929687498,0.2410546875,0.25018432617187497,0.2416097717285156,0.24994976806640623
12,observed_eligible_composition,neighbors_k25,both_biomedical,10,0.4996621093749999,0.49947265625,0.4916015625,0.50794921875,0.49173339843749997,0.5079184570312499
12,observed_eligible_composition,neighbors_k50,all,10,0.2961399305555556,0.29618467881944444,0.29371137152777776,0.29954188368055557,0.2937335394965278,0.29924447157118056
12,observed_eligible_composition,neighbors_k50,without_biomedical,10,0.2923666643415178,0.2916793387276786,0.29042236328125,0.2953703962053571,0.2904398629324777,0.2952180001395089
12,observed_eligible_composition,neighbors_k50,one_biomedical,10,0.2869938354492187,0.28644317626953125,0.2837188720703125,0.29105407714843745,0.2838206329345703,0.2908372344970703
12,observed_eligible_composition,neighbors_k50,both_biomedical,10,0.54812890625,0.548349609375,0.540703125,0.5553125,0.5409492187499999,0.55474560546875
12,observed_eligible_composition,rsa_spearman,all,10,0.5351691117566431,0.5325098433774746,0.5261140060198516,0.5489240056949106,0.5269341361433294,0.5486377232425098
12,observed_eligible_composition,rsa_spearman,without_biomedical,10,0.5289933432184584,0.5263130788503363,0.5202065515173375,0.541969123075066,0.5208359426008726,0.5414745537448952
12,observed_eligible_composition,rsa_spearman,one_biomedical,10,0.5241879246483512,0.5208830889238327,0.5141977505872446,0.5405655642130391,0.5147793828272651,0.5403630496289259
12,observed_eligible_composition,rsa_spearman,both_biomedical,10,0.8837896245584729,0.8834372336720911,0.877709697686775,0.8917968198529961,0.878604297715111,0.8906705486305538
13,equal_subfield_composition,cka_debiased,all,10,0.6215806814356675,0.622498229734034,0.6137379897000608,0.6267693970052607,0.6147337426151085,0.6264053995590525
13,equal_subfield_composition,cka_debiased,without_biomedical,10,0.6248448095880907,0.6251618990617838,0.6184458676426466,0.6301131579263958,0.6192938959110151,0.6295177162289582
13,equal_subfield_composition,cka_debiased,one_biomedical,10,0.6011314582838371,0.6028718615370653,0.590712430825268,0.6066321770035372,0.5916222163803697,0.6066147228618505
13,equal_subfield_composition,cka_debiased,both_biomedical,10,0.8573726635971074,0.8576894494260714,0.8503263493043449,0.8640292642913211,0.8509900964359095,0.8636388946177388
13,equal_subfield_composition,neighbors_k10,all,10,0.29059157986111106,0.2901638454861111,0.28824978298611115,0.2941286892361111,0.28830324978298616,0.2937495388454861
13,equal_subfield_composition,neighbors_k10,without_biomedical,10,0.2878630719866071,0.28692539760044644,0.28470633370535714,0.29264787946428567,0.28490330287388393,0.292138192313058
13,equal_subfield_composition,neighbors_k10,one_biomedical,10,0.28023590087890626,0.2803070068359375,0.2780029296875,0.282135009765625,0.2781903839111328,0.2820944976806641
13,equal_subfield_composition,neighbors_k10,both_biomedical,10,0.5326806640624999,0.5331787109375,0.526123046875,0.541162109375,0.526177978515625,0.5405029296875
13,equal_subfield_composition,neighbors_k25,all,10,0.332666015625,0.331849609375,0.3295681423611111,0.33750303819444444,0.3295711697048611,0.3373247178819444
13,equal_subfield_composition,neighbors_k25,without_biomedical,10,0.3294742606026786,0.3286851283482143,0.32569754464285705,0.3352455357142858,0.32591146414620525,0.33481910923549113
13,equal_subfield_composition,neighbors_k25,one_biomedical,10,0.323211181640625,0.32233337402343754,0.31975341796875,0.327325439453125,0.31995391845703125,0.32720733642578126
13,equal_subfield_composition,neighbors_k25,both_biomedical,10,0.5733125,0.5723828125,0.56896484375,0.58095703125,0.56954931640625,0.57962548828125
13,equal_subfield_composition,neighbors_k50,all,10,0.366313671875,0.365732421875,0.3633860677083333,0.37145095486111107,0.36340701497395833,0.37107678493923607
13,equal_subfield_composition,neighbors_k50,without_biomedical,10,0.36273057338169645,0.36211966378348215,0.3595793805803572,0.3688783482142857,0.35964153180803576,0.3682245047433036
13,equal_subfield_composition,neighbors_k50,one_biomedical,10,0.357884765625,0.35734619140625,0.3550079345703125,0.36153503417968746,0.35516064453125,0.3615280303955078
13,equal_subfield_composition,neighbors_k50,both_biomedical,10,0.6015029296875001,0.6014453125,0.5962890625,0.608671875,0.5965285644531251,0.60772705078125
13,equal_subfield_composition,rsa_spearman,all,10,0.5227463053622057,0.5234234678147087,0.5141772367292426,0.5304723931876809,0.5148784869876534,0.5303554729984812
13,equal_subfield_composition,rsa_spearman,without_biomedical,10,0.517828712675402,0.517365345747574,0.5096700613424786,0.5282393847349375,0.5100017439788387,0.5275166771131804
13,equal_subfield_composition,rsa_spearman,one_biomedical,10,0.5106484549003585,0.512973000240214,0.5005708894948642,0.5197648139686304,0.5015223286189897,0.518870750723372
13,equal_subfield_composition,rsa_spearman,both_biomedical,10,0.854004507982261,0.8535311200508284,0.8464364350300861,0.8643716650344285,0.8469512083289374,0.8634367434591168
13,observed_eligible_composition,cka_debiased,all,10,0.6102816280598992,0.6102217474965568,0.6040614370307029,0.6159037783749481,0.6045246408822081,0.6154877945353456
13,observed_eligible_composition,cka_debiased,without_biomedical,10,0.6107451305592373,0.6103596033048633,0.6062943582883966,0.6153196404908966,0.6066547340550273,0.6150220489574154
13,observed_eligible_composition,cka_debiased,one_biomedical,10,0.5944582364420187,0.5952914979061975,0.585052831550283,0.6018345264231508,0.5857737846870907,0.6012778026222413
13,observed_eligible_composition,cka_debiased,both_biomedical,10,0.8504778239645177,0.8497905974842034,0.8422035591160102,0.859843533211028,0.842801963072544,0.8592864640689045
13,observed_eligible_composition,neighbors_k10,all,10,0.2842328559027778,0.28410319010416674,0.2803352864583334,0.2892263454861111,0.28039705403645837,0.2888423122829861
13,observed_eligible_composition,neighbors_k10,without_biomedical,10,0.28015101841517853,0.2802394321986607,0.27567836216517855,0.2845563616071428,0.27587729317801335,0.28446964808872766
13,observed_eligible_composition,neighbors_k10,one_biomedical,10,0.2764151000976563,0.27578125000000003,0.27305908203125,0.2824951171875,0.2731833648681641,0.28186134338378904
13,observed_eligible_composition,neighbors_k10,both_biomedical,10,0.5236083984375,0.524169921875,0.51474609375,0.533984375,0.5152514648437501,0.532698974609375
13,observed_eligible_composition,neighbors_k25,all,10,0.3239169270833333,0.3233240017361111,0.3186623263888889,0.32999262152777775,0.3193545138888889,0.3292081488715278
13,observed_eligible_composition,neighbors_k25,without_biomedical,10,0.3188799525669643,0.31815359933035714,0.3135288783482143,0.32467912946428573,0.3140814906529018,0.32413624790736606
13,observed_eligible_composition,neighbors_k25,one_biomedical,10,0.317799072265625,0.317813720703125,0.312767333984375,0.32445434570312504,0.3131834411621094,0.32356692504882817
13,observed_eligible_composition,neighbors_k25,both_biomedical,10,0.562837890625,0.56359375,0.55671875,0.5673828125,0.55703955078125,0.567154296875
13,observed_eligible_composition,neighbors_k50,all,10,0.3567779296875,0.35675206163194445,0.35202300347222226,0.3618088107638888,0.35257896050347226,0.36103185763888884
13,observed_eligible_composition,neighbors_k50,without_biomedical,10,0.35109636579241077,0.3507741001674106,0.3460309709821429,0.3559357561383928,0.34678486851283485,0.3553458687918526
13,observed_eligible_composition,neighbors_k50,one_biomedical,10,0.3520894775390625,0.3524151611328125,0.34797607421875,0.35741271972656247,0.3481676483154297,0.3565345001220703
13,observed_eligible_composition,neighbors_k50,both_biomedical,10,0.590876953125,0.591064453125,0.58455078125,0.596591796875,0.585031982421875,0.5960732421875
13,observed_eligible_composition,rsa_spearman,all,10,0.5297022528472057,0.5299769956659592,0.5190931623767331,0.540839915246633,0.5198170177873227,0.5401978452492454
13,observed_eligible_composition,rsa_spearman,without_biomedical,10,0.5216059260005952,0.5228550795365037,0.5111175716575261,0.5318281315431775,0.5116753359464216,0.5313555289127782
13,observed_eligible_composition,rsa_spearman,one_biomedical,10,0.52301698170573,0.5207805921631392,0.5114460567308028,0.5363022821570992,0.5124461399097896,0.5354311015631612
13,observed_eligible_composition,rsa_spearman,both_biomedical,10,0.8633637428159098,0.8648495229118747,0.8581213806948026,0.8676612534541531,0.8581651674855756,0.8672759360117405
14,equal_subfield_composition,cka_debiased,all,10,0.5766872377989374,0.5762161185770545,0.5726059647643404,0.5820509280190335,0.5729092794118729,0.5814439105842157
14,equal_subfield_composition,cka_debiased,without_biomedical,10,0.6005546079611607,0.6007594688766758,0.5963229060637227,0.6041119623133255,0.5967104430846562,0.6037785116603136
14,equal_subfield_composition,cka_debiased,one_biomedical,10,0.5198914636759208,0.5195812823481163,0.5134266795898504,0.5281438101740676,0.5138006956092417,0.5271692774934315
14,equal_subfield_composition,cka_debiased,both_biomedical,10,0.817133259224945,0.8164834834804744,0.8071733419017655,0.8268558532983067,0.808214087721523,0.8262263558632631
14,equal_subfield_composition,neighbors_k10,all,10,0.2441525607638889,0.2440679253472222,0.2407747395833333,0.24750976562500004,0.2410745442708333,0.24715576171875003
14,equal_subfield_composition,neighbors_k10,without_biomedical,10,0.26411429268973213,0.2638070242745536,0.26157400948660714,0.26720668247767854,0.26163561139787944,0.2671062360491071
14,equal_subfield_composition,neighbors_k10,one_biomedical,10,0.19816131591796873,0.197576904296875,0.1930908203125,0.202069091796875,0.19392990112304687,0.20176902770996094
14,equal_subfield_composition,neighbors_k10,both_biomedical,10,0.42108398437499994,0.4221923828125,0.412548828125,0.428857421875,0.412867431640625,0.428857421875
14,equal_subfield_composition,neighbors_k25,all,10,0.2827986979166667,0.28325,0.27873090277777784,0.28565538194444445,0.27906371527777785,0.2854053819444444
14,equal_subfield_composition,neighbors_k25,without_biomedical,10,0.30183517020089284,0.3017428152901786,0.2978208705357143,0.3051785714285714,0.29807355608258934,0.3048976353236607
14,equal_subfield_composition,neighbors_k25,one_biomedical,10,0.23742150878906249,0.2376763916015625,0.23295654296874999,0.23971069335937498,0.23354815673828122,0.23967745971679685
14,equal_subfield_composition,neighbors_k25,both_biomedical,10,0.47581249999999997,0.476337890625,0.4696484375,0.48130859375,0.470017578125,0.48111523437500003
14,equal_subfield_composition,neighbors_k50,all,10,0.31776673177083337,0.3184135199652778,0.3144435763888889,0.31997656249999995,0.31453903537326394,0.31987333984374994
14,equal_subfield_composition,neighbors_k50,without_biomedical,10,0.33499574497767853,0.3351663643973215,0.3319639369419643,0.33723423549107145,0.3319915597098214,0.33718401227678574
14,equal_subfield_composition,neighbors_k50,one_biomedical,10,0.274817138671875,0.27552001953125005,0.27064331054687496,0.27718261718750004,0.2709314270019531,0.2771811065673828
14,equal_subfield_composition,neighbors_k50,both_biomedical,10,0.5225478515625,0.5232666015625,0.51634765625,0.527001953125,0.516541015625,0.526819580078125
14,equal_subfield_composition,rsa_spearman,all,10,0.530828121848627,0.5306172511324931,0.5200524207454978,0.5392357441118892,0.5218756292482657,0.5383564687432085
14,equal_subfield_composition,rsa_spearman,without_biomedical,10,0.5399840228553136,0.5394617842097078,0.5277115584896542,0.5495839411666202,0.5297220067552307,0.5489845232514293
14,equal_subfield_composition,rsa_spearman,one_biomedical,10,0.4946295885972677,0.4953254272289228,0.48584999598675016,0.5013729986189952,0.4867520418720779,0.5009543266509829
14,equal_subfield_composition,rsa_spearman,both_biomedical,10,0.8536394256831465,0.8528906124824764,0.8444936370697289,0.8646256343205675,0.8456319377426004,0.8635735932539859
14,observed_eligible_composition,cka_debiased,all,10,0.5721253972300312,0.5714282244887428,0.5677960200761707,0.5796315997178902,0.5678474094185034,0.5788246735151892
14,observed_eligible_composition,cka_debiased,without_biomedical,10,0.5963831089339819,0.5959549225127463,0.5915872639849964,0.6019094826132158,0.5920987591701532,0.6013373953485999
14,observed_eligible_composition,cka_debiased,one_biomedical,10,0.5143355458034948,0.5132207211700479,0.507088897412731,0.5250217864594343,0.5071523658694985,0.5239314474598128
14,observed_eligible_composition,cka_debiased,both_biomedical,10,0.8175470923439964,0.8179942954504354,0.8045311716144463,0.8296078907840726,0.8053504696545745,0.8291450241084442
14,observed_eligible_composition,neighbors_k10,all,10,0.23951486545138886,0.23948025173611104,0.23420355902777779,0.24511718750000003,0.23442084418402778,0.24469189453125
14,observed_eligible_composition,neighbors_k10,without_biomedical,10,0.2591852678571429,0.25894077845982144,0.25440848214285716,0.26343819754464287,0.25456189836774556,0.2632632010323661
14,observed_eligible_composition,neighbors_k10,one_biomedical,10,0.19396270751953126,0.19407958984374998,0.1874359130859375,0.201885986328125,0.18791793823242187,0.20101600646972656
14,observed_eligible_composition,neighbors_k10,both_biomedical,10,0.417578125,0.418115234375,0.4068359375,0.425439453125,0.40728637695312503,0.42532958984374997
14,observed_eligible_composition,neighbors_k25,all,10,0.2780638020833333,0.2786154513888889,0.2724092881944445,0.2829874131944444,0.27257325303819446,0.28262413194444447
14,observed_eligible_composition,neighbors_k25,without_biomedical,10,0.29667264229910717,0.29714111328125004,0.29088309151785713,0.3010191127232143,0.2909964076450893,0.30100137765066964
14,observed_eligible_composition,neighbors_k25,one_biomedical,10,0.23336303710937498,0.23366577148437498,0.22831909179687498,0.239661865234375,0.2283688049316406,0.23889501953125
14,observed_eligible_composition,neighbors_k25,both_biomedical,10,0.472228515625,0.473046875,0.4605859375,0.4799609375,0.46170654296874997,0.47964453125
14,observed_eligible_composition,neighbors_k50,all,10,0.3134478081597222,0.31428895399305556,0.3075394965277778,0.31733398437500004,0.3079830512152778,0.31707607421875
14,observed_eligible_composition,neighbors_k50,without_biomedical,10,0.330177978515625,0.3307716587611607,0.3247056361607143,0.3334605189732142,0.32497903878348217,0.3334337594168526
14,observed_eligible_composition,neighbors_k50,one_biomedical,10,0.27125341796875,0.2722360229492188,0.2647772216796875,0.27657470703125,0.2653724060058594,0.2763047180175781
14,observed_eligible_composition,neighbors_k50,both_biomedical,10,0.5201132812500001,0.5200732421875001,0.511083984375,0.527216796875,0.51224853515625,0.52636865234375
14,observed_eligible_composition,rsa_spearman,all,10,0.5260251203081651,0.5248783991750958,0.5194659908754317,0.5392005139574348,0.5195271720578971,0.537336201053054
14,observed_eligible_composition,rsa_spearman,without_biomedical,10,0.5347164805733463,0.534607705745457,0.5273298596985391,0.5441243132785967,0.5278740178451525,0.542914122081088
14,observed_eligible_composition,rsa_spearman,one_biomedical,10,0.49021434533804864,0.48838358938749005,0.47983384514770955,0.5105836131439279,0.4808423793125223,0.5074932627202011
14,observed_eligible_composition,rsa_spearman,both_biomedical,10,0.8556394324049478,0.8559278735483196,0.8469368793473464,0.8656919417337219,0.8470900897241904,0.8646729893116757
15,equal_subfield_composition,cka_debiased,all,10,0.6893503329060005,0.6900159834186893,0.6829165458902248,0.6945984287175389,0.6832678323229627,0.6942730641143957
15,equal_subfield_composition,cka_debiased,without_biomedical,10,0.6965759787572631,0.6975459424239241,0.6905642982037907,0.7009318150270494,0.6909645688795841,0.7007986410215029
15,equal_subfield_composition,cka_debiased,one_biomedical,10,0.6653816090337334,0.6659111336083241,0.6579696666761599,0.673096234816954,0.6583217253228041,0.6720148193385305
15,equal_subfield_composition,cka_debiased,both_biomedical,10,0.8705318310269196,0.8711163933147499,0.8633400916673394,0.877871479595273,0.8643713619770206,0.876803847953305
15,equal_subfield_composition,neighbors_k10,all,10,0.26793945312499995,0.26790635850694444,0.2643218315972222,0.2731054687500001,0.26457427300347225,0.27241918945312504
15,equal_subfield_composition,neighbors_k10,without_biomedical,10,0.26634469168526786,0.26656319754464286,0.26278250558035715,0.27222900390625,0.2628468540736607,0.27154314313616074
15,equal_subfield_composition,neighbors_k10,one_biomedical,10,0.2561703491210937,0.25592193603515623,0.2522247314453125,0.260223388671875,0.25276718139648435,0.2595772552490234
15,equal_subfield_composition,neighbors_k10,both_biomedical,10,0.5008984375000001,0.5010009765625,0.496044921875,0.5048828125,0.49624267578125,0.50468505859375
15,equal_subfield_composition,neighbors_k25,all,10,0.32504921875,0.3256640625,0.32046310763888886,0.32896571180555556,0.32090422092013887,0.32866336805555557
15,equal_subfield_composition,neighbors_k25,without_biomedical,10,0.32221128627232143,0.32305001395089283,0.3181417410714285,0.3267417689732143,0.3182767159598214,0.32620610700334823
15,equal_subfield_composition,neighbors_k25,one_biomedical,10,0.3153494873046875,0.315552978515625,0.30957763671875005,0.31881835937499997,0.3104840087890625,0.31874475097656246
15,equal_subfield_composition,neighbors_k25,both_biomedical,10,0.5597070312500001,0.55970703125,0.55548828125,0.56373046875,0.55595849609375,0.56324267578125
15,equal_subfield_composition,neighbors_k50,all,10,0.37816651475694446,0.3780111762152778,0.37508311631944447,0.38153580729166664,0.3752729600694445,0.3814261393229167
15,equal_subfield_composition,neighbors_k50,without_biomedical,10,0.3754561244419643,0.3755320521763392,0.37217250279017866,0.3795996093750001,0.3723463221958706,0.37919578334263404
15,equal_subfield_composition,neighbors_k50,one_biomedical,10,0.36884259033203126,0.36890441894531245,0.3639691162109375,0.37267333984375,0.36468995666503906,0.37235775756835937
15,equal_subfield_composition,neighbors_k50,both_biomedical,10,0.6032402343750001,0.604365234375,0.5988671875,0.608046875,0.5988979492187501,0.607864501953125
15,equal_subfield_composition,rsa_spearman,all,10,0.5823735566777228,0.5834483790403378,0.5753640609639434,0.5852254473274302,0.576423865143788,0.5851579056335439
15,equal_subfield_composition,rsa_spearman,without_biomedical,10,0.5931091835048445,0.5932512233808782,0.5876918652562834,0.595890476519851,0.5885197803510636,0.5957390723078212
15,equal_subfield_composition,rsa_spearman,one_biomedical,10,0.5448162123617598,0.5458259484511275,0.5348684732935461,0.5497689028951411,0.5362732769175486,0.549515152463195
15,equal_subfield_composition,rsa_spearman,both_biomedical,10,0.8826935145737232,0.882295779659986,0.8781149435047809,0.8891722422134297,0.8781500562161318,0.8887170574591041
15,observed_eligible_composition,cka_debiased,all,10,0.7098679000955492,0.7105995752556704,0.7011057579821809,0.7148080975860894,0.702339043801465,0.7143691135630141
15,observed_eligible_composition,cka_debiased,without_biomedical,10,0.7196279301903783,0.7197148828798564,0.7119193171649343,0.7259133730713075,0.7127702699491502,0.7251604255798859
15,observed_eligible_composition,cka_debiased,one_biomedical,10,0.6824753101745371,0.6835526182448426,0.6715464659774918,0.6855582318575268,0.673533992157897,0.685534261938351
15,observed_eligible_composition,cka_debiased,both_biomedical,10,0.8748684961765332,0.8752142301825825,0.8707003952656981,0.8788129473946139,0.8708296302424426,0.8785763859750642
15,observed_eligible_composition,neighbors_k10,all,10,0.2671681857638889,0.26762098524305555,0.26468207465277777,0.2700824652777778,0.2646950141059028,0.2697882758246528
15,observed_eligible_composition,neighbors_k10,without_biomedical,10,0.2668540736607143,0.2673095703125,0.2630876813616071,0.27087751116071435,0.26315516880580353,0.2704694475446429
15,observed_eligible_composition,neighbors_k10,one_biomedical,10,0.25374420166015627,0.25365447998046875,0.2524993896484375,0.254937744140625,0.25253509521484374,0.2548986053466797
15,observed_eligible_composition,neighbors_k10,both_biomedical,10,0.4907470703125,0.49140625000000004,0.483642578125,0.497998046875,0.484093017578125,0.49736083984375
15,observed_eligible_composition,neighbors_k25,all,10,0.32401853298611105,0.32355859375000007,0.32129557291666666,0.32825173611111114,0.32139156901041666,0.3278933376736111
15,observed_eligible_composition,neighbors_k25,without_biomedical,10,0.3229606584821429,0.3230573381696429,0.3186690848214286,0.32757533482142864,0.31895833914620536,0.3272920445033483
15,observed_eligible_composition,neighbors_k25,one_biomedical,10,0.31170129394531243,0.311448974609375,0.308912353515625,0.315322265625,0.30922161865234377,0.31496713256835934
15,observed_eligible_composition,neighbors_k25,both_biomedical,10,0.55071484375,0.55103515625,0.5451171875,0.5565625,0.5453720703125,0.5559999999999999
15,observed_eligible_composition,neighbors_k50,all,10,0.37572220052083327,0.37521907552083333,0.37318489583333325,0.37880013020833325,0.37321692708333326,0.3787109212239583
15,observed_eligible_composition,neighbors_k50,without_biomedical,10,0.3745352957589286,0.37428641183035716,0.37099574497767857,0.37831717354910716,0.37120158168247763,0.3781528494698661
15,observed_eligible_composition,neighbors_k50,one_biomedical,10,0.36399365234375,0.363798828125,0.3614898681640625,0.3663433837890625,0.36155372619628906,0.3663244323730469
15,observed_eligible_composition,neighbors_k50,both_biomedical,10,0.5966123046875,0.5974267578125,0.590390625,0.60056640625,0.59125634765625,0.6002587890625001
15,observed_eligible_composition,rsa_spearman,all,10,0.597184286235314,0.5985599270895998,0.5862428084085405,0.6050844056572444,0.5874296868497476,0.6046307505090228
15,observed_eligible_composition,rsa_spearman,without_biomedical,10,0.6073732766715205,0.608297331803502,0.5968416217808897,0.6145139124280884,0.597979330337913,0.6144263517952744
15,observed_eligible_composition,rsa_spearman,one_biomedical,10,0.5614287824787032,0.5636187171177032,0.5492509509496586,0.5713030960266332,0.5500354052432541,0.5708921470995111
15,observed_eligible_composition,rsa_spearman,both_biomedical,10,0.8839806141273014,0.8836909932889792,0.8803055449997638,0.8889387084383443,0.880539591872912,0.8887196610645726
16,equal_subfield_composition,cka_debiased,all,10,0.6631066026473875,0.6624983313963362,0.6584622435874447,0.6685025099242152,0.6591151864412413,0.6678296894295485
16,equal_subfield_composition,cka_debiased,without_biomedical,10,0.6591336648334175,0.6594230990425711,0.6543772920992559,0.6644549601179579,0.6549537327119312,0.6636027394028319
16,equal_subfield_composition,cka_debiased,one_biomedical,10,0.6562196553180344,0.6564336827814946,0.6518525624296214,0.661966786067298,0.6518681863682262,0.6615596181548379
16,equal_subfield_composition,cka_debiased,both_biomedical,10,0.8845400187082036,0.8865507387831673,0.8785957837818938,0.8884233890986624,0.8790017300232842,0.8882447161795072
16,equal_subfield_composition,neighbors_k10,all,10,0.2632405598958333,0.26281141493055554,0.2588932291666666,0.26951605902777775,0.2594073893229167,0.2688856879340278
16,equal_subfield_composition,neighbors_k10,without_biomedical,10,0.2520131138392857,0.2513863699776786,0.24797712053571427,0.25782819475446433,0.24828748430524553,0.257327139718192
16,equal_subfield_composition,neighbors_k10,one_biomedical,10,0.26673858642578124,0.266290283203125,0.2619720458984375,0.27379150390625,0.2624705505371094,0.2728803253173828
16,equal_subfield_composition,neighbors_k10,both_biomedical,10,0.521640625,0.5212890625,0.515283203125,0.529443359375,0.51578857421875,0.5292016601562499
16,equal_subfield_composition,neighbors_k25,all,10,0.3139170138888889,0.3135067274305556,0.3108285590277778,0.31825043402777775,0.3112184027777778,0.31764584418402775
16,equal_subfield_composition,neighbors_k25,without_biomedical,10,0.3001510184151786,0.30013846261160715,0.29632533482142864,0.30443917410714283,0.2968140694754465,0.30389770507812497
16,equal_subfield_composition,neighbors_k25,one_biomedical,10,0.3214466552734375,0.32079284667968755,0.31947998046875004,0.32590087890624997,0.3195192565917969,0.32538781738281247
16,equal_subfield_composition,neighbors_k25,both_biomedical,10,0.578890625,0.5782128906249999,0.5745703125,0.58666015625,0.5748251953125,0.5857373046875
16,equal_subfield_composition,neighbors_k50,all,10,0.3544233940972223,0.35436295572916665,0.35229231770833336,0.35731510416666673,0.35238372395833334,0.3569423014322917
16,equal_subfield_composition,neighbors_k50,without_biomedical,10,0.3398145926339286,0.33928466796875,0.3373709542410714,0.3428749302455357,0.33752060372488835,0.3426637573242188
16,equal_subfield_composition,neighbors_k50,one_biomedical,10,0.36366973876953124,0.3638851928710938,0.36091979980468747,0.36651367187499995,0.36103996276855466,0.36612420654296873
16,equal_subfield_composition,neighbors_k50,both_biomedical,10,0.6155283203125,0.6151416015625,0.61021484375,0.62255859375,0.610924560546875,0.62192578125
16,equal_subfield_composition,rsa_spearman,all,10,0.5397529910681524,0.5398017899882879,0.5333603912865342,0.5458305245610094,0.5335717762940401,0.5456876542702699
16,equal_subfield_composition,rsa_spearman,without_biomedical,10,0.5478229877768502,0.5479994829618917,0.5406374932106115,0.5536466752625809,0.5412999627187091,0.5533861985261525
16,equal_subfield_composition,rsa_spearman,one_biomedical,10,0.5038561404034373,0.5017512049823933,0.4958507358735641,0.5130090914375849,0.4964102766262857,0.5128706597546202
16,equal_subfield_composition,rsa_spearman,both_biomedical,10,0.8881426938600556,0.8891152994840374,0.8820532613626304,0.8955296065943272,0.8826119040266895,0.8945020752644834
16,observed_eligible_composition,cka_debiased,all,10,0.6722490835145231,0.6725196072321746,0.6681980090817065,0.6756777411796164,0.6683948857172209,0.6755030477442151
16,observed_eligible_composition,cka_debiased,without_biomedical,10,0.6649494293602534,0.6656581783008827,0.6610663014303519,0.6677009245902256,0.6613875280121858,0.6675761211337675
16,observed_eligible_composition,cka_debiased,one_biomedical,10,0.6711602700870767,0.6719347167913884,0.6644615943404102,0.67673820583857,0.6652716745174363,0.6765205630765718
16,observed_eligible_composition,cka_debiased,both_biomedical,10,0.8940604146732192,0.8948923450148729,0.8876935956632641,0.8975922679429716,0.8881218928965715,0.8975358931517077
16,observed_eligible_composition,neighbors_k10,all,10,0.24857541232638888,0.2484353298611111,0.24568142361111112,0.2516232638888889,0.24587820095486113,0.25151633029513887
16,observed_eligible_composition,neighbors_k10,without_biomedical,10,0.2362367466517857,0.23603166852678573,0.2330095563616071,0.23958565848214283,0.23314649309430802,0.23932002476283482
16,observed_eligible_composition,neighbors_k10,one_biomedical,10,0.2538018798828125,0.25369415283203123,0.2509735107421875,0.25714111328125,0.25106895446777344,0.2569440460205078
16,observed_eligible_composition,neighbors_k10,both_biomedical,10,0.5104345703125001,0.5099365234375,0.506689453125,0.514892578125,0.506953125,0.51478271484375
16,observed_eligible_composition,neighbors_k25,all,10,0.29725442708333333,0.29696853298611114,0.2944223090277778,0.3008315972222222,0.2946198676215278,0.3004149956597222
16,observed_eligible_composition,neighbors_k25,without_biomedical,10,0.28256584821428576,0.28243582589285715,0.27927594866071426,0.2855419921875,0.27951027134486606,0.2852834995814732
16,observed_eligible_composition,neighbors_k25,one_biomedical,10,0.30626489257812495,0.3056964111328125,0.3042041015625,0.31077880859374996,0.3042126159667969,0.31026135253906245
16,observed_eligible_composition,neighbors_k25,both_biomedical,10,0.5643671875,0.5628515625,0.561171875,0.57302734375,0.561224609375,0.5722978515625
16,observed_eligible_composition,neighbors_k50,all,10,0.33929151475694447,0.33969943576388884,0.33457573784722217,0.3425190972222223,0.33528062065972214,0.3423325249565973
16,observed_eligible_composition,neighbors_k50,without_biomedical,10,0.323319091796875,0.32387189592633925,0.31771309988839286,0.3265227399553572,0.31866263253348215,0.3262035086495536
16,observed_eligible_composition,neighbors_k50,one_biomedical,10,0.3507239990234375,0.3507931518554688,0.347532958984375,0.3539141845703125,0.3477217864990234,0.3538544464111328
16,observed_eligible_composition,neighbors_k50,both_biomedical,10,0.603599609375,0.6025537109375001,0.599189453125,0.614755859375,0.599239990234375,0.61325732421875
16,observed_eligible_composition,rsa_spearman,all,10,0.5772456085768706,0.5779197169654657,0.570757056091726,0.586393976758985,0.570789465610102,0.5855662188530606
16,observed_eligible_composition,rsa_spearman,without_biomedical,10,0.5985570500680372,0.5996513509330837,0.5908093348328624,0.6054397825088494,0.5908606672935599,0.6050450835438971
16,observed_eligible_composition,rsa_spearman,one_biomedical,10,0.5211251586411534,0.5186749613879837,0.5105995408413733,0.5347451946691755,0.511738106713645,0.5333758822647569
16,observed_eligible_composition,rsa_spearman,both_biomedical,10,0.8784524457956813,0.8783462936488656,0.8719131899897886,0.8844607715416496,0.8720349169105784,0.8844407507500008
17,equal_subfield_composition,cka_debiased,all,10,0.6270155478125474,0.6264614529269952,0.6213124816525563,0.6357588649687317,0.6217636820934441,0.634372681174821
17,equal_subfield_composition,cka_debiased,without_biomedical,10,0.6423185076841993,0.6418067943932023,0.6384342494270446,0.6507973674029978,0.638587063453396,0.6491427393332142
17,equal_subfield_composition,cka_debiased,one_biomedical,10,0.5857438307649634,0.5848499889802028,0.5767542742755092,0.5951217472252786,0.5777903597820568,0.5942943800596875
17,equal_subfield_composition,cka_debiased,both_biomedical,10,0.8588801441676323,0.8600282995000027,0.8523803419878714,0.8648746807045358,0.8526068458640719,0.8644487357728081
17,equal_subfield_composition,neighbors_k10,all,10,0.27498404947916666,0.2749018012152778,0.2719661458333333,0.2783257378472222,0.2721861165364583,0.2781543511284722
17,equal_subfield_composition,neighbors_k10,without_biomedical,10,0.2995966448102679,0.299359130859375,0.29643031529017855,0.30404575892857144,0.2966300310407366,0.3035023280552456
17,equal_subfield_composition,neighbors_k10,one_biomedical,10,0.22104095458984374,0.22123565673828124,0.2179046630859375,0.225177001953125,0.21796165466308595,0.22464210510253907
17,equal_subfield_composition,neighbors_k10,both_biomedical,10,0.4489208984375,0.4489501953125,0.438720703125,0.4552734375,0.440401611328125,0.454822998046875
17,equal_subfield_composition,neighbors_k25,all,10,0.32097096354166665,0.3215325520833333,0.31711371527777776,0.32382942708333334,0.31742533637152776,0.32371370442708336
17,equal_subfield_composition,neighbors_k25,without_biomedical,10,0.3453447265625,0.34582275390625,0.3404213169642857,0.34875279017857147,0.34076048060825886,0.3485569196428572
17,equal_subfield_composition,neighbors_k25,one_biomedical,10,0.26677087402343747,0.2668499755859375,0.264189453125,0.268919677734375,0.26421362304687496,0.2689001770019531
17,equal_subfield_composition,neighbors_k25,both_biomedical,10,0.5057070312499999,0.5055468750000001,0.50154296875,0.5112890625,0.50178466796875,0.51061669921875
17,equal_subfield_composition,neighbors_k50,all,10,0.35917513020833336,0.3596691623263889,0.35461111111111104,0.361736328125,0.35506965603298607,0.361684814453125
17,equal_subfield_composition,neighbors_k50,without_biomedical,10,0.3815587681361607,0.38265276227678574,0.3761579241071429,0.38489850725446423,0.37654825265066966,0.38481446184430795
17,equal_subfield_composition,neighbors_k50,one_biomedical,10,0.30801269531250003,0.30827301025390624,0.304508056640625,0.30993957519531246,0.3046654357910156,0.3099144439697265
17,equal_subfield_composition,neighbors_k50,both_biomedical,10,0.5510322265625001,0.552236328125,0.543955078125,0.5544921875,0.54452197265625,0.554459228515625
17,equal_subfield_composition,rsa_spearman,all,10,0.4915491606799095,0.49270866978945493,0.4830799049815659,0.4999959736102569,0.48340018288385167,0.4990786072127109
17,equal_subfield_composition,rsa_spearman,without_biomedical,10,0.480074843595755,0.4815670084402033,0.47159794146931644,0.4884820192467229,0.4716101340638477,0.4878766220929233
17,equal_subfield_composition,rsa_spearman,one_biomedical,10,0.48616100515262756,0.4856838580708188,0.47431701525941694,0.49527037213080144,0.47582087546239227,0.4944434990069849
17,equal_subfield_composition,rsa_spearman,both_biomedical,10,0.8990405274727502,0.8977803766954481,0.8926770916076882,0.9051435848933579,0.8934339853824801,0.9048322286145803
17,observed_eligible_composition,cka_debiased,all,10,0.6154379722582207,0.6152924797412698,0.6036307748317145,0.6256891791882269,0.6051762135403963,0.6248487309758979
17,observed_eligible_composition,cka_debiased,without_biomedical,10,0.6265475230425342,0.6258182356122934,0.6187083491004316,0.6349755879333784,0.6195555595731684,0.634563236913582
17,observed_eligible_composition,cka_debiased,one_biomedical,10,0.5809117881765815,0.5833625549611501,0.5617205869668931,0.5946028094535531,0.5645315968355797,0.5937637199509077
17,observed_eligible_composition,cka_debiased,both_biomedical,10,0.8567894956036699,0.8566242956676138,0.8484300300190943,0.8658272418283381,0.8492381560223734,0.8652027336846818
17,observed_eligible_composition,neighbors_k10,all,10,0.27263400607638894,0.27168023003472225,0.2695746527777778,0.2783072916666667,0.2698871527777778,0.27767203776041666
17,observed_eligible_composition,neighbors_k10,without_biomedical,10,0.2973538643973214,0.296392822265625,0.29544154575892856,0.3024919782366071,0.2954462541852678,0.30198974609375
17,observed_eligible_composition,neighbors_k10,one_biomedical,10,0.21861968994140626,0.21800994873046875,0.2132415771484375,0.2254058837890625,0.21359725952148437,0.2246265411376953
17,observed_eligible_composition,neighbors_k10,both_biomedical,10,0.44470703125,0.4444580078125,0.439599609375,0.454296875,0.439808349609375,0.45278076171875
17,observed_eligible_composition,neighbors_k25,all,10,0.3135392795138888,0.3129344618055555,0.3107799479166667,0.3195416666666666,0.3109015299479167,0.31871334635416665
17,observed_eligible_composition,neighbors_k25,without_biomedical,10,0.3366721540178571,0.3358796037946428,0.33382045200892857,0.34254464285714287,0.33399576241629464,0.34173981584821433
17,observed_eligible_composition,neighbors_k25,one_biomedical,10,0.2614324951171875,0.2607977294921875,0.256422119140625,0.26764404296875,0.2569104614257813,0.26683160400390626
17,observed_eligible_composition,neighbors_k25,both_biomedical,10,0.4995273437499999,0.49876953125,0.49390625,0.50986328125,0.4939501953125,0.50895361328125
17,observed_eligible_composition,neighbors_k50,all,10,0.34944246961805553,0.348212890625,0.3466994357638889,0.3548914930555555,0.3467899142795139,0.3544638563368055
17,observed_eligible_composition,neighbors_k50,without_biomedical,10,0.36989749581473214,0.368997802734375,0.36568010602678575,0.3751070731026786,0.3661656232561384,0.37472977120535716
17,observed_eligible_composition,neighbors_k50,one_biomedical,10,0.30138543701171877,0.300189208984375,0.2966693115234375,0.307244873046875,0.2971929473876953,0.3068017120361328
17,observed_eligible_composition,neighbors_k50,both_biomedical,10,0.5456142578125001,0.5446728515625,0.540068359375,0.551484375,0.5403913574218749,0.551420654296875
17,observed_eligible_composition,rsa_spearman,all,10,0.4835839462479766,0.4828505676571432,0.47276273331127394,0.4946920796590637,0.4742277641226989,0.4939805000799947
17,observed_eligible_composition,rsa_spearman,without_biomedical,10,0.47119495000760897,0.47125939317185395,0.4595381697811134,0.4820074741709294,0.46110891488626304,0.4813819146759784
17,observed_eligible_composition,rsa_spearman,one_biomedical,10,0.4794204959447857,0.4778582524042865,0.46910839033149077,0.49185598849632794,0.4704667646463225,0.4908981089156058
17,observed_eligible_composition,rsa_spearman,both_biomedical,10,0.8970910458293275,0.897495550346735,0.8916570142276407,0.9015199998323004,0.8917433689664064,0.9014813851024787
18,equal_subfield_composition,cka_debiased,all,10,0.6309706155578118,0.6300079459675965,0.6264634566458059,0.6379267010974873,0.6267424667660203,0.6373756126652271
18,equal_subfield_composition,cka_debiased,without_biomedical,10,0.6451117881797372,0.6451367982301586,0.6408925041999413,0.6503420043374025,0.641095210496678,0.6499797014043799
18,equal_subfield_composition,cka_debiased,one_biomedical,10,0.5927351668498456,0.5913682146442537,0.5876482996644705,0.6025412518864594,0.5876701555643513,0.601708435076483
18,equal_subfield_composition,cka_debiased,both_biomedical,10,0.8467849614713548,0.8454836758821899,0.8434926368313839,0.8564653977563109,0.8436009889292896,0.8551359693888588
18,equal_subfield_composition,neighbors_k10,all,10,0.2716906467013889,0.2722743055555556,0.2660991753472222,0.2781065538194444,0.2660991753472222,0.27750377061631937
18,equal_subfield_composition,neighbors_k10,without_biomedical,10,0.28930768694196424,0.28999720982142857,0.28293282645089285,0.29580601283482144,0.2831321498325893,0.2951538957868304
18,equal_subfield_composition,neighbors_k10,one_biomedical,10,0.22875885009765623,0.22916717529296876,0.22293701171875,0.235198974609375,0.2232123565673828,0.2346613311767578
18,equal_subfield_composition,neighbors_k10,both_biomedical,10,0.46532226562500006,0.46550292968749996,0.460546875,0.46904296875,0.460843505859375,0.4688232421875
18,equal_subfield_composition,neighbors_k25,all,10,0.3186404079861111,0.31925434027777777,0.31146484375,0.32433637152777783,0.31193076171875,0.32362230902777783
18,equal_subfield_composition,neighbors_k25,without_biomedical,10,0.33657958984374997,0.33731026785714285,0.32939871651785707,0.34232212611607143,0.32979045758928566,0.3417520926339286
18,equal_subfield_composition,neighbors_k25,one_biomedical,10,0.2747662353515625,0.2757879638671875,0.267392578125,0.28041748046875004,0.2680196228027344,0.2798964538574219
18,equal_subfield_composition,neighbors_k25,both_biomedical,10,0.518330078125,0.51876953125,0.51431640625,0.5234375,0.51432958984375,0.5231123046875
18,equal_subfield_composition,neighbors_k50,all,10,0.35896640625000004,0.3591325954861111,0.35282226562499996,0.36336132812500005,0.353326123046875,0.363096533203125
18,equal_subfield_composition,neighbors_k50,without_biomedical,10,0.37594827706473216,0.3760981096540179,0.37027378627232144,0.3804990931919643,0.3705443638392857,0.38043694196428574
18,equal_subfield_composition,neighbors_k50,one_biomedical,10,0.3165440063476562,0.31750396728515623,0.309248046875,0.3206695556640625,0.31021250915527343,0.32055419921875
18,equal_subfield_composition,neighbors_k50,both_biomedical,10,0.562232421875,0.5619580078124999,0.559365234375,0.566572265625,0.5594267578125,0.566381103515625
18,equal_subfield_composition,rsa_spearman,all,10,0.5060428985568605,0.5060335079419003,0.49670372192075934,0.5196545087006027,0.49720825484357306,0.518628771682606
18,equal_subfield_composition,rsa_spearman,without_biomedical,10,0.5032483352511546,0.5028517081621561,0.49500070042119815,0.5167946951618616,0.4952325351517232,0.5161489452761705
18,equal_subfield_composition,rsa_spearman,one_biomedical,10,0.4880220510772052,0.4889416233294325,0.4763945155332991,0.5024665101736973,0.47714935251678847,0.5006304527912174
18,equal_subfield_composition,rsa_spearman,both_biomedical,10,0.8726242307911105,0.8718986901954973,0.8649636980574085,0.8805139269232926,0.8659473818687545,0.8797952753660687
18,observed_eligible_composition,cka_debiased,all,10,0.6209600462649595,0.620377959845722,0.6181192950462061,0.628133310948468,0.6181397283037902,0.6270201286071985
18,observed_eligible_composition,cka_debiased,without_biomedical,10,0.6316653138442441,0.6315616155682886,0.628020288077414,0.6362142566342021,0.6283386797486489,0.6356611970512765
18,observed_eligible_composition,cka_debiased,one_biomedical,10,0.5880851833435922,0.586331556614067,0.5832129432850589,0.5995112086270382,0.5835419586518735,0.597531491158924
18,observed_eligible_composition,cka_debiased,both_biomedical,10,0.8472103607868654,0.8464953934752799,0.8404610469181614,0.8598204688907924,0.840555102428186,0.8577926965359205
18,observed_eligible_composition,neighbors_k10,all,10,0.2748091362847222,0.27511935763888884,0.27111870659722215,0.2789648437500001,0.2712983940972222,0.2784179687500001
18,observed_eligible_composition,neighbors_k10,without_biomedical,10,0.2951018415178571,0.2956255231584821,0.291259765625,0.2986572265625,0.2913692365373884,0.29826407296316965
18,observed_eligible_composition,neighbors_k10,one_biomedical,10,0.22778900146484374,0.22760925292968748,0.2237213134765625,0.23291015625,0.22426856994628905,0.23213973999023438
18,observed_eligible_composition,neighbors_k10,both_biomedical,10,0.458935546875,0.4590576171875,0.451904296875,0.464453125,0.452684326171875,0.464024658203125
18,observed_eligible_composition,neighbors_k25,all,10,0.32017829861111113,0.3209650607638889,0.31397569444444445,0.3245690104166667,0.3149063585069445,0.3241805338541667
18,observed_eligible_composition,neighbors_k25,without_biomedical,10,0.34025488281249994,0.3408970424107143,0.3346916852678571,0.3442041015625,0.3353739362444196,0.3440182756696428
18,observed_eligible_composition,neighbors_k25,one_biomedical,10,0.27305029296874994,0.273448486328125,0.265709228515625,0.27805786132812504,0.26674468994140627,0.27742422485351564
18,observed_eligible_composition,neighbors_k25,both_biomedical,10,0.51208203125,0.511533203125,0.50619140625,0.51896484375,0.5068154296875,0.5181914062499999
18,observed_eligible_composition,neighbors_k50,all,10,0.35757662760416664,0.35741406249999996,0.3522788628472222,0.3611312934027779,0.3528918023003472,0.3610307074652778
18,observed_eligible_composition,neighbors_k50,without_biomedical,10,0.3766108747209822,0.37587646484375004,0.3721480887276785,0.38106863839285715,0.3725758492606026,0.3807432076590402
18,observed_eligible_composition,neighbors_k50,one_biomedical,10,0.31193017578125,0.3127536010742188,0.305074462890625,0.31547180175781253,0.30598083496093753,0.3152082672119141
18,observed_eligible_composition,neighbors_k50,both_biomedical,10,0.5549609375000001,0.55365234375,0.5512109375,0.56248046875,0.5514284667968751,0.56142578125
18,observed_eligible_composition,rsa_spearman,all,10,0.5110580685225717,0.5128054492145468,0.500285028812046,0.5197672362640182,0.5010506300198025,0.519042156477968
18,observed_eligible_composition,rsa_spearman,without_biomedical,10,0.5067883024683708,0.508368474010332,0.4951875789300401,0.5165332583428867,0.4962127746290487,0.5155091447504474
18,observed_eligible_composition,rsa_spearman,one_biomedical,10,0.49577091360408376,0.49712166856828865,0.4856288058522289,0.5027258265365651,0.486065964190328,0.5026492992250862
18,observed_eligible_composition,rsa_spearman,both_biomedical,10,0.8752059967360143,0.8760749561356844,0.8664068118765181,0.8829811736949524,0.8668157211140526,0.8822716531681916
19,equal_subfield_composition,cka_debiased,all,10,0.6791813362752976,0.6790884569376564,0.6722186798400727,0.6842526842335626,0.6732244409811932,0.6839252499941766
19,equal_subfield_composition,cka_debiased,without_biomedical,10,0.6874229293634567,0.6872627738391399,0.6832253691372073,0.6917064203842409,0.6836522523265891,0.6912822876268498
19,equal_subfield_composition,cka_debiased,one_biomedical,10,0.6532302242758379,0.6526042485350606,0.6412695274189992,0.664080554926332,0.6426804413941608,0.6631506993982687
19,equal_subfield_composition,cka_debiased,both_biomedical,10,0.8636345217981981,0.8630616077257728,0.8592178182574768,0.870691877823202,0.8596228503697722,0.8696580137563253
19,equal_subfield_composition,neighbors_k10,all,10,0.27698046875000004,0.2769325086805555,0.2742198350694444,0.280634765625,0.27459922960069444,0.28017431640625
19,equal_subfield_composition,neighbors_k10,without_biomedical,10,0.27716482979910717,0.2772059849330357,0.27471400669642854,0.2796700613839286,0.2749317714146205,0.2794354248046875
19,equal_subfield_composition,neighbors_k10,one_biomedical,10,0.2635968017578124,0.263153076171875,0.2601226806640625,0.2690673828125,0.2602256774902344,0.26839103698730465
19,equal_subfield_composition,neighbors_k10,both_biomedical,10,0.48595703125,0.48542480468750004,0.480810546875,0.492724609375,0.48127197265625,0.49186767578125
19,equal_subfield_composition,neighbors_k25,all,10,0.3286209201388889,0.32887369791666665,0.32547005208333335,0.331015625,0.32582766927083334,0.33089013671875
19,equal_subfield_composition,neighbors_k25,without_biomedical,10,0.3286178850446429,0.3287517438616072,0.32565290178571427,0.3311997767857143,0.3259845319475446,0.3309350062779018
19,equal_subfield_composition,neighbors_k25,one_biomedical,10,0.31526721191406254,0.31508178710937496,0.31158935546875,0.3193408203125,0.3120169982910156,0.31885687255859374
19,equal_subfield_composition,neighbors_k25,both_biomedical,10,0.542365234375,0.542001953125,0.53796875,0.54783203125,0.5384697265625,0.5473310546875
19,equal_subfield_composition,neighbors_k50,all,10,0.3739119574652778,0.3745394965277778,0.3716187065972222,0.3760818142361111,0.37165679253472217,0.3758283962673611
19,equal_subfield_composition,neighbors_k50,without_biomedical,10,0.37355283900669645,0.3732066127232143,0.37111118861607145,0.3765719168526785,0.37111746651785715,0.37630887276785707
19,equal_subfield_composition,neighbors_k50,one_biomedical,10,0.3612496337890625,0.36132965087890623,0.3588629150390625,0.3644146728515625,0.3588887329101562,0.3640157318115234
19,equal_subfield_composition,neighbors_k50,both_biomedical,10,0.5865644531249999,0.5867626953125,0.5805859375,0.592109375,0.58112646484375,0.5914414062500001
19,equal_subfield_composition,rsa_spearman,all,10,0.5749441409828137,0.5739233062931919,0.5693527499545485,0.5819485328400711,0.5697699072918064,0.5818173223648181
19,equal_subfield_composition,rsa_spearman,without_biomedical,10,0.5708686066525518,0.5707239217189435,0.5648921892654445,0.5779718171614296,0.56495910911079,0.5779013710254567
19,equal_subfield_composition,rsa_spearman,one_biomedical,10,0.5628121681372994,0.562010181082448,0.5574069999597366,0.5702452100887998,0.5577068642800395,0.5699412093148033
19,equal_subfield_composition,rsa_spearman,both_biomedical,10,0.8831706677583767,0.8836256601033168,0.8804148281495354,0.8855660626544133,0.8804451823849253,0.8855242996196218
19,observed_eligible_composition,cka_debiased,all,10,0.6761273298299703,0.6766802708225907,0.6674855449984957,0.6831734420079475,0.668399504116178,0.6824603855978411
19,observed_eligible_composition,cka_debiased,without_biomedical,10,0.6838164696114272,0.6839029434987944,0.6767816891498317,0.6902887903414419,0.6776213312630974,0.6901312093426415
19,observed_eligible_composition,cka_debiased,one_biomedical,10,0.6506594111956547,0.6508540435742052,0.6394065850411136,0.6597190622137108,0.6401514562634631,0.6595499437903333
19,observed_eligible_composition,cka_debiased,both_biomedical,10,0.8683181140982237,0.8693635142559675,0.8564568680791941,0.8741388246748223,0.8585670568247306,0.8735161896478316
19,observed_eligible_composition,neighbors_k10,all,10,0.2812980685763889,0.28090494791666665,0.2777810329861111,0.28541124131944445,0.27811550564236115,0.28500743272569445
19,observed_eligible_composition,neighbors_k10,without_biomedical,10,0.28234218052455357,0.28212193080357145,0.27940673828124996,0.28609444754464286,0.27969709123883923,0.2856455775669643
19,observed_eligible_composition,neighbors_k10,one_biomedical,10,0.2665228271484375,0.26617126464843754,0.26234741210937496,0.271173095703125,0.2626852416992187,0.27085655212402343
19,observed_eligible_composition,neighbors_k10,both_biomedical,10,0.48846679687499994,0.4884033203125,0.47919921875,0.494091796875,0.48071533203125,0.4936083984375
19,observed_eligible_composition,neighbors_k25,all,10,0.33192404513888885,0.331814453125,0.3284118923611111,0.33534288194444445,0.3288975368923611,0.33491895616319445
19,observed_eligible_composition,neighbors_k25,without_biomedical,10,0.33228955078125005,0.33215436662946424,0.32899274553571434,0.33513602120535707,0.32945919363839293,0.33485398646763387
19,observed_eligible_composition,neighbors_k25,one_biomedical,10,0.3180079345703125,0.3176409912109375,0.31399902343749997,0.322548828125,0.31422479248046875,0.3222901000976563
19,observed_eligible_composition,neighbors_k25,both_biomedical,10,0.54434765625,0.544150390625,0.5369140625,0.55015625,0.53822802734375,0.5498046875
19,observed_eligible_composition,neighbors_k50,all,10,0.37641738281250003,0.37666579861111116,0.372912109375,0.37899934895833337,0.373328271484375,0.3788440755208334
19,observed_eligible_composition,neighbors_k50,without_biomedical,10,0.37642972237723216,0.37627825055803565,0.37289794921875,0.3799215262276786,0.37324033028738846,0.37960135323660715
19,observed_eligible_composition,neighbors_k50,one_biomedical,10,0.3631493530273438,0.36385498046875,0.3594061279296875,0.36631652832031253,0.3597745819091797,0.3660095977783203
19,observed_eligible_composition,neighbors_k50,both_biomedical,10,0.5883603515625,0.5884814453125,0.580556640625,0.59490234375,0.581943115234375,0.5940585937499999
19,observed_eligible_composition,rsa_spearman,all,10,0.5805058635701215,0.5812119687937798,0.5687383855903461,0.5891869966759009,0.5695546686459568,0.5885940885398386
19,observed_eligible_composition,rsa_spearman,without_biomedical,10,0.572163328632346,0.5726299602188163,0.5616232627607725,0.5804430786550903,0.5620358602310058,0.5802618373432014
19,observed_eligible_composition,rsa_spearman,one_biomedical,10,0.5754741299423511,0.5742347330026806,0.5608897256474121,0.5869320325686116,0.5625087660612714,0.5867884488619447
19,observed_eligible_composition,rsa_spearman,both_biomedical,10,0.8946045798721617,0.8943324206423333,0.890319769301798,0.8992540409486373,0.8904407166596887,0.8991114989086805
20,equal_subfield_composition,cka_debiased,all,10,0.6010498538881001,0.6018690617744644,0.5937931031704561,0.6078876517021891,0.5939961349460907,0.607507499965525
20,equal_subfield_composition,cka_debiased,without_biomedical,10,0.6355879988493072,0.6357527996483362,0.6309614812262436,0.6394133241996162,0.6312873026048402,0.6393555428122859
20,equal_subfield_composition,cka_debiased,one_biomedical,10,0.5273779488680236,0.529403205649741,0.5142670629615727,0.5432611041325145,0.5144796320690603,0.5416942033216399
20,equal_subfield_composition,cka_debiased,both_biomedical,10,0.8127322752955244,0.8124302565013176,0.8022539522880434,0.8275115343090212,0.8038622177345204,0.8247089877063568
20,equal_subfield_composition,neighbors_k10,all,10,0.2439412977430555,0.24458875868055557,0.2376595052083333,0.2479318576388889,0.2382847493489583,0.24776242404513887
20,equal_subfield_composition,neighbors_k10,without_biomedical,10,0.2605650111607143,0.2610124860491071,0.25509556361607144,0.26401541573660714,0.25561270577566964,0.2638894653320312
20,equal_subfield_composition,neighbors_k10,one_biomedical,10,0.20373046875000003,0.20482940673828126,0.1965606689453125,0.20848693847656252,0.1970612335205078,0.20825141906738281
20,equal_subfield_composition,neighbors_k10,both_biomedical,10,0.4218505859375,0.4241943359375,0.40703125,0.4287109375,0.4079541015625,0.42838134765625
20,equal_subfield_composition,neighbors_k25,all,10,0.28596506076388895,0.2862792968750001,0.28057595486111114,0.28930729166666674,0.2811738064236111,0.28923385416666675
20,equal_subfield_composition,neighbors_k25,without_biomedical,10,0.3023960658482142,0.30266217912946436,0.29684779575892856,0.30512346540178564,0.29787203543526786,0.30511185128348206
20,equal_subfield_composition,neighbors_k25,one_biomedical,10,0.24527185058593753,0.2455841064453125,0.23983154296874998,0.24968383789062498,0.23991723632812498,0.24946878051757812
20,equal_subfield_composition,neighbors_k25,both_biomedical,10,0.47698828125,0.477841796875,0.468984375,0.481875,0.469388671875,0.48168603515624997
20,equal_subfield_composition,neighbors_k50,all,10,0.32424238281249995,0.3241539713541667,0.3203914930555555,0.3278461371527778,0.3209617078993055,0.32739613715277777
20,equal_subfield_composition,neighbors_k50,without_biomedical,10,0.3399416852678572,0.33999651227678573,0.3358656529017857,0.34265101841517864,0.3365329938616071,0.34238813127790185
20,equal_subfield_composition,neighbors_k50,one_biomedical,10,0.2842254638671875,0.28441711425781246,0.28011962890625,0.28923217773437504,0.28030021667480465,0.28849993896484377
20,equal_subfield_composition,neighbors_k50,both_biomedical,10,0.5249326171875,0.5259326171875001,0.51701171875,0.5311328125,0.517374267578125,0.5303330078125
20,equal_subfield_composition,rsa_spearman,all,10,0.5677227347821601,0.5670390758048145,0.5591559997689898,0.5766024341107393,0.5593411897484079,0.5760906769590974
20,equal_subfield_composition,rsa_spearman,without_biomedical,10,0.5740385682879945,0.5739369449400118,0.5646628450033357,0.5828424174642486,0.5652495095154676,0.5820280260543966
20,equal_subfield_composition,rsa_spearman,one_biomedical,10,0.5378627842334537,0.5376816562439702,0.5235601114913069,0.5487579432308947,0.5250436889503187,0.5484816650738298
20,equal_subfield_composition,rsa_spearman,both_biomedical,10,0.8686386053980968,0.8680204525675523,0.8612088796820263,0.8770505992706247,0.8617576179137851,0.8767955613014247
20,observed_eligible_composition,cka_debiased,all,10,0.5880319149323076,0.5881553627946754,0.5837382491903583,0.5922693056262992,0.584139069278996,0.5919536937800897
20,observed_eligible_composition,cka_debiased,without_biomedical,10,0.6172964267896714,0.6167247640582911,0.6145124977779691,0.6208380981914752,0.6146845752331037,0.6205276758383845
20,observed_eligible_composition,cka_debiased,one_biomedical,10,0.5218745435756803,0.5231823225600784,0.5114340543188023,0.5317244301476093,0.5118149642833489,0.531111421801245
20,observed_eligible_composition,cka_debiased,both_biomedical,10,0.827143524632157,0.8274402549191986,0.8216972786097622,0.8336918019481854,0.8222019268102221,0.8329568598368129
20,observed_eligible_composition,neighbors_k10,all,10,0.2531086154513889,0.25343424479166665,0.24948784722222217,0.2568305121527778,0.2495173882378472,0.2565778266059028
20,observed_eligible_composition,neighbors_k10,without_biomedical,10,0.26898053850446424,0.26902291434151787,0.26583600725446427,0.27323521205357143,0.2658524867466518,0.2727557373046875
20,observed_eligible_composition,neighbors_k10,one_biomedical,10,0.2137322998046875,0.21452789306640624,0.2091400146484375,0.2179595947265625,0.209222412109375,0.2177130889892578
20,observed_eligible_composition,neighbors_k10,both_biomedical,10,0.4387158203125,0.4371337890625,0.4330078125,0.44677734375,0.43306274414062496,0.446524658203125
20,observed_eligible_composition,neighbors_k25,all,10,0.2949006510416667,0.2947406684027778,0.2900303819444444,0.29921875000000003,0.29062120225694443,0.299005859375
20,observed_eligible_composition,neighbors_k25,without_biomedical,10,0.31034270368303574,0.31024030412946435,0.30560546875000005,0.3152064732142857,0.30590774972098217,0.31506600516183036
20,observed_eligible_composition,neighbors_k25,one_biomedical,10,0.25535070800781245,0.2554486083984375,0.250341796875,0.25940795898437496,0.25064089965820313,0.2592588195800781
20,observed_eligible_composition,neighbors_k25,both_biomedical,10,0.4953222656249999,0.49491210937499996,0.4889453125,0.50123046875,0.4894990234375,0.50076025390625
20,observed_eligible_composition,neighbors_k50,all,10,0.32788763020833334,0.3282498914930556,0.32335416666666666,0.33052256944444447,0.32390797526041665,0.3303768174913195
20,observed_eligible_composition,neighbors_k50,without_biomedical,10,0.34213828822544645,0.34251377650669645,0.33818359375,0.3456180245535715,0.33843604387555803,0.34529918561662953
20,observed_eligible_composition,neighbors_k50,one_biomedical,10,0.28978936767578123,0.2909091186523437,0.2843646240234375,0.292200927734375,0.28509315490722653,0.2921328125
20,observed_eligible_composition,neighbors_k50,both_biomedical,10,0.5384414062499999,0.5384082031249999,0.531962890625,0.544033203125,0.53267041015625,0.5431982421875
20,observed_eligible_composition,rsa_spearman,all,10,0.5485519935279866,0.5485897650038412,0.5393966698008915,0.5570249867087298,0.5398866895507766,0.5568523439974655
20,observed_eligible_composition,rsa_spearman,without_biomedical,10,0.5499326936029406,0.551321309049473,0.5416657450886109,0.5594173187774538,0.5416925355017804,0.5592654678510216
20,observed_eligible_composition,rsa_spearman,one_biomedical,10,0.5258018394752797,0.5267842023287417,0.5150100727105872,0.5344057637660464,0.5155816822071554,0.5340967922254654
20,observed_eligible_composition,rsa_spearman,both_biomedical,10,0.8738948562725867,0.8737343675575837,0.866021894268553,0.8834054048195131,0.8660277939757932,0.8828490907694471
21,equal_subfield_composition,cka_debiased,all,10,0.7721887304729856,0.771872237594202,0.7690298150459195,0.7751800083563329,0.7693715917998941,0.7751770309315201
21,equal_subfield_composition,cka_debiased,without_biomedical,10,0.7742650421055056,0.774485875373311,0.7715690378786857,0.7783891448926072,0.7715841555754677,0.7780924960741069
21,equal_subfield_composition,cka_debiased,one_biomedical,10,0.7601110418967807,0.7608967901851184,0.7547564422674378,0.7635792228847561,0.7551341994902996,0.7633336862170713
21,equal_subfield_composition,cka_debiased,both_biomedical,10,0.9072950219816999,0.9075363798842939,0.9032420469798575,0.910988492651427,0.9033766419644027,0.9106929482039867
21,equal_subfield_composition,neighbors_k10,all,10,0.27387098524305553,0.2742838541666667,0.26994032118055555,0.27534288194444445,0.27054139539930555,0.2753323838975695
21,equal_subfield_composition,neighbors_k10,without_biomedical,10,0.27597272600446426,0.27635498046874996,0.2726318359375,0.2780064174107143,0.27271305629185266,0.27793265206473217
21,equal_subfield_composition,neighbors_k10,one_biomedical,10,0.25664825439453126,0.25694580078125,0.2520965576171875,0.2592010498046875,0.2527529907226563,0.2590479278564453
21,equal_subfield_composition,neighbors_k10,both_biomedical,10,0.4905859375,0.49042968750000004,0.480078125,0.49736328125,0.48149536132812504,0.497000732421875
21,equal_subfield_composition,neighbors_k25,all,10,0.3323641059027778,0.3323671875,0.3306736111111111,0.3345290798611111,0.33076374782986107,0.33419656032986106
21,equal_subfield_composition,neighbors_k25,without_biomedical,10,0.3336587611607143,0.33356724330357146,0.3320375279017856,0.33562709263392854,0.33216544015066957,0.3354072091238839
21,equal_subfield_composition,neighbors_k25,one_biomedical,10,0.3164869384765625,0.31592529296875005,0.31460693359375,0.31982666015625,0.3146865844726563,0.3195874328613281
21,equal_subfield_composition,neighbors_k25,both_biomedical,10,0.5501484375,0.549580078125,0.54599609375,0.55603515625,0.546453125,0.55512109375
21,equal_subfield_composition,neighbors_k50,all,10,0.3885149305555556,0.3879283854166667,0.3864338107638888,0.391230685763889,0.3867197482638888,0.39099592013888895
21,equal_subfield_composition,neighbors_k50,without_biomedical,10,0.38978498186383925,0.3896315220424107,0.3876440429687499,0.3921205357142856,0.3879576241629463,0.3918707536969865
21,equal_subfield_composition,neighbors_k50,one_biomedical,10,0.3731589965820313,0.37237548828125,0.3709893798828125,0.3770343017578125,0.37113330078125,0.3768951873779297
21,equal_subfield_composition,neighbors_k50,both_biomedical,10,0.5986484375,0.598251953125,0.596376953125,0.603349609375,0.5964516601562501,0.602573974609375
21,equal_subfield_composition,rsa_spearman,all,10,0.694628657584554,0.6938791028379812,0.6873545270407863,0.7025263453161746,0.687932894140527,0.7019923992465316
21,equal_subfield_composition,rsa_spearman,without_biomedical,10,0.6997126883421942,0.6980833379531369,0.6933134842539443,0.7081235530842748,0.6937329369869973,0.7075840883088798
21,equal_subfield_composition,rsa_spearman,one_biomedical,10,0.673220894267759,0.6731023205600999,0.6640958150306455,0.6806442207134291,0.6649619311316967,0.6801361660993062
21,equal_subfield_composition,rsa_spearman,both_biomedical,10,0.8948000094393507,0.894309116937771,0.8923910299114791,0.9028111991095299,0.8924126042706452,0.9012603466368775
21,observed_eligible_composition,cka_debiased,all,10,0.7721887304729856,0.771872237594202,0.7690298150459195,0.7751800083563329,0.7693715917998941,0.7751770309315201
21,observed_eligible_composition,cka_debiased,without_biomedical,10,0.7742650421055056,0.774485875373311,0.7715690378786857,0.7783891448926072,0.7715841555754677,0.7780924960741069
21,observed_eligible_composition,cka_debiased,one_biomedical,10,0.7601110418967807,0.7608967901851184,0.7547564422674378,0.7635792228847561,0.7551341994902996,0.7633336862170713
21,observed_eligible_composition,cka_debiased,both_biomedical,10,0.9072950219816999,0.9075363798842939,0.9032420469798575,0.910988492651427,0.9033766419644027,0.9106929482039867
21,observed_eligible_composition,neighbors_k10,all,10,0.27387098524305553,0.2742838541666667,0.26994032118055555,0.27534288194444445,0.27054139539930555,0.2753323838975695
21,observed_eligible_composition,neighbors_k10,without_biomedical,10,0.27597272600446426,0.27635498046874996,0.2726318359375,0.2780064174107143,0.27271305629185266,0.27793265206473217
21,observed_eligible_composition,neighbors_k10,one_biomedical,10,0.25664825439453126,0.25694580078125,0.2520965576171875,0.2592010498046875,0.2527529907226563,0.2590479278564453
21,observed_eligible_composition,neighbors_k10,both_biomedical,10,0.4905859375,0.49042968750000004,0.480078125,0.49736328125,0.48149536132812504,0.497000732421875
21,observed_eligible_composition,neighbors_k25,all,10,0.3323641059027778,0.3323671875,0.3306736111111111,0.3345290798611111,0.33076374782986107,0.33419656032986106
21,observed_eligible_composition,neighbors_k25,without_biomedical,10,0.3336587611607143,0.33356724330357146,0.3320375279017856,0.33562709263392854,0.33216544015066957,0.3354072091238839
21,observed_eligible_composition,neighbors_k25,one_biomedical,10,0.3164869384765625,0.31592529296875005,0.31460693359375,0.31982666015625,0.3146865844726563,0.3195874328613281
21,observed_eligible_composition,neighbors_k25,both_biomedical,10,0.5501484375,0.549580078125,0.54599609375,0.55603515625,0.546453125,0.55512109375
21,observed_eligible_composition,neighbors_k50,all,10,0.3885149305555556,0.3879283854166667,0.3864338107638888,0.391230685763889,0.3867197482638888,0.39099592013888895
21,observed_eligible_composition,neighbors_k50,without_biomedical,10,0.38978498186383925,0.3896315220424107,0.3876440429687499,0.3921205357142856,0.3879576241629463,0.3918707536969865
21,observed_eligible_composition,neighbors_k50,one_biomedical,10,0.3731589965820313,0.37237548828125,0.3709893798828125,0.3770343017578125,0.37113330078125,0.3768951873779297
21,observed_eligible_composition,neighbors_k50,both_biomedical,10,0.5986484375,0.598251953125,0.596376953125,0.603349609375,0.5964516601562501,0.602573974609375
21,observed_eligible_composition,rsa_spearman,all,10,0.694628657584554,0.6938791028379812,0.6873545270407863,0.7025263453161746,0.687932894140527,0.7019923992465316
21,observed_eligible_composition,rsa_spearman,without_biomedical,10,0.6997126883421942,0.6980833379531369,0.6933134842539443,0.7081235530842748,0.6937329369869973,0.7075840883088798
21,observed_eligible_composition,rsa_spearman,one_biomedical,10,0.673220894267759,0.6731023205600999,0.6640958150306455,0.6806442207134291,0.6649619311316967,0.6801361660993062
21,observed_eligible_composition,rsa_spearman,both_biomedical,10,0.8948000094393507,0.894309116937771,0.8923910299114791,0.9028111991095299,0.8924126042706452,0.9012603466368775
22,equal_subfield_composition,cka_debiased,all,10,0.6030007019198511,0.6041260182784487,0.5958817833430671,0.6084519949064275,0.5960279318994272,0.6083001355672308
22,equal_subfield_composition,cka_debiased,without_biomedical,10,0.611253473019163,0.6117561376332665,0.604365610207581,0.6170809991736782,0.6052504501608057,0.6166052465229528
22,equal_subfield_composition,cka_debiased,one_biomedical,10,0.5736070616540773,0.5728578019822644,0.561137741204581,0.5856682631306606,0.562146630168164,0.5845917235874757
22,equal_subfield_composition,cka_debiased,both_biomedical,10,0.8422213553914994,0.8418876150767247,0.833355600223173,0.8546483731778285,0.8336993600027768,0.8532796392624064
22,equal_subfield_composition,neighbors_k10,all,10,0.27743869357638895,0.27684461805555555,0.27441297743055554,0.2841731770833333,0.27447743055555557,0.2830501302083333
22,equal_subfield_composition,neighbors_k10,without_biomedical,10,0.2941176060267857,0.29402640206473213,0.2902361188616071,0.3010934012276786,0.29031851632254463,0.29986136300223215
22,equal_subfield_composition,neighbors_k10,one_biomedical,10,0.23660156249999997,0.23607330322265624,0.2331207275390625,0.2428558349609375,0.2333521270751953,0.242169189453125
22,equal_subfield_composition,neighbors_k10,both_biomedical,10,0.46382324218750004,0.46357421875,0.455615234375,0.471484375,0.456593017578125,0.471077880859375
22,equal_subfield_composition,neighbors_k25,all,10,0.31965017361111114,0.31943120659722224,0.3165347222222223,0.3222630208333333,0.3166037651909723,0.32223128255208333
22,equal_subfield_composition,neighbors_k25,without_biomedical,10,0.33551953125,0.33554094587053573,0.3310135323660715,0.3388392857142857,0.3315039934430804,0.33869002859933034
22,equal_subfield_composition,neighbors_k25,one_biomedical,10,0.27965576171875,0.2791400146484375,0.27609619140625,0.28397705078125,0.2764971923828125,0.2836106567382813
22,equal_subfield_composition,neighbors_k25,both_biomedical,10,0.5152187500000001,0.515595703125,0.506953125,0.52275390625,0.50794189453125,0.5219365234375
22,equal_subfield_composition,neighbors_k50,all,10,0.3550739800347222,0.35501041666666666,0.3526525607638889,0.3581006944444444,0.35272033420138893,0.35787393663194444
22,equal_subfield_composition,neighbors_k50,without_biomedical,10,0.3692044154575893,0.3687255859375,0.3666716657366072,0.37290980747767855,0.36669355991908487,0.37277600969587055
22,equal_subfield_composition,neighbors_k50,one_biomedical,10,0.3176529541015625,0.3177450561523437,0.3144427490234375,0.32121337890625,0.31476890563964843,0.32082308959960937
22,equal_subfield_composition,neighbors_k50,both_biomedical,10,0.558158203125,0.5591552734375,0.553662109375,0.56283203125,0.55385107421875,0.5625090332031251
22,equal_subfield_composition,rsa_spearman,all,10,0.493483031895121,0.4940423238509559,0.4805356760061057,0.507012993716966,0.4818481528710319,0.5050318061558555
22,equal_subfield_composition,rsa_spearman,without_biomedical,10,0.4893929866880754,0.490360582545589,0.4781920277464621,0.50023913054483,0.4788373068221472,0.4993566365347051
22,equal_subfield_composition,rsa_spearman,one_biomedical,10,0.4776454264071293,0.47798133882568805,0.4609034136759146,0.49641662750501075,0.46333639710964547,0.49370244103280186
22,equal_subfield_composition,rsa_spearman,both_biomedical,10,0.8614059855002638,0.8604222131715518,0.8577864063669681,0.8669103089802787,0.858012099803244,0.8667556693935289
22,observed_eligible_composition,cka_debiased,all,10,0.6172661725331516,0.6177332871159182,0.6113108901065489,0.6214414348660813,0.6119796965521013,0.6213405973540483
22,observed_eligible_composition,cka_debiased,without_biomedical,10,0.6231355647821215,0.6236958015830254,0.6187788741380436,0.6270073573968843,0.619131913406417,0.6265927205196238
22,observed_eligible_composition,cka_debiased,one_biomedical,10,0.5925085432443387,0.5923163186360578,0.5837927443945994,0.6011062648032499,0.5849802645070706,0.5999368114447473
22,observed_eligible_composition,cka_debiased,both_biomedical,10,0.8490452581830065,0.8482113757425624,0.8424976686158913,0.857720895209235,0.8430846185189204,0.8568767044989414
22,observed_eligible_composition,neighbors_k10,all,10,0.2768572048611111,0.27750162760416663,0.26956488715277777,0.28069227430555554,0.2704025336371528,0.28063490125868057
22,observed_eligible_composition,neighbors_k10,without_biomedical,10,0.29222220284598216,0.29326171874999996,0.2847865513392857,0.29640241350446433,0.2854241507393973,0.29624311174665185
22,observed_eligible_composition,neighbors_k10,one_biomedical,10,0.23820281982421876,0.2380950927734375,0.2311279296875,0.242047119140625,0.23227256774902344,0.24189468383789062
22,observed_eligible_composition,neighbors_k10,both_biomedical,10,0.465107421875,0.4652587890625,0.458349609375,0.470068359375,0.459019775390625,0.47004638671875004
22,observed_eligible_composition,neighbors_k25,all,10,0.32006019965277777,0.3209937065972222,0.31306640625,0.32392187499999997,0.3139224609375,0.32367246093749996
22,observed_eligible_composition,neighbors_k25,without_biomedical,10,0.33441120256696427,0.33535260881696427,0.3271630859375,0.33888392857142857,0.3279730922154018,0.33856642368861606
22,observed_eligible_composition,neighbors_k25,one_biomedical,10,0.282558349609375,0.28298583984375,0.27575805664062497,0.285380859375,0.27676852416992187,0.28534844970703127
22,observed_eligible_composition,neighbors_k25,both_biomedical,10,0.5182617187499999,0.517841796875,0.5132421875,0.5239453125,0.51337841796875,0.52348828125
22,observed_eligible_composition,neighbors_k50,all,10,0.35719383680555555,0.35802072482638886,0.35122786458333344,0.3612829861111111,0.3517576497395834,0.3609750759548611
22,observed_eligible_composition,neighbors_k50,without_biomedical,10,0.37015115792410713,0.3708637346540179,0.3637301199776785,0.37501325334821434,0.3643455897739955,0.3749289725167411
22,observed_eligible_composition,neighbors_k50,one_biomedical,10,0.32170764160156257,0.32244659423828126,0.316375732421875,0.32445983886718754,0.3168090057373047,0.3242732086181641
22,observed_eligible_composition,neighbors_k50,both_biomedical,10,0.5621679687500001,0.5616259765625,0.557353515625,0.56759765625,0.557623779296875,0.56743505859375
22,observed_eligible_composition,rsa_spearman,all,10,0.49019151391639876,0.4916981504040453,0.47928828251448746,0.4956690519127059,0.47986188986272643,0.49547390406613556
22,observed_eligible_composition,rsa_spearman,without_biomedical,10,0.48405753784469735,0.48485362983661606,0.4743022875968626,0.49030659070912375,0.4748110655516757,0.4899039204551644
22,observed_eligible_composition,rsa_spearman,one_biomedical,10,0.47748181386579835,0.47883782605303205,0.46392040176358273,0.4863231508305572,0.4645863516532616,0.4856737068272525
22,observed_eligible_composition,rsa_spearman,both_biomedical,10,0.8652980447336451,0.8653848326164644,0.8611925752864816,0.8688326753385803,0.8613864392161416,0.8687572247199419
23,equal_subfield_composition,cka_debiased,all,10,0.6435140166126926,0.6438348112446753,0.6399156551801827,0.6467227641753107,0.6399758681662089,0.6466419883989994
23,equal_subfield_composition,cka_debiased,without_biomedical,10,0.6575965625528168,0.6576272073978717,0.6548127978219421,0.6610974371520302,0.6548928968071152,0.6606758207058341
23,equal_subfield_composition,cka_debiased,one_biomedical,10,0.605694572929953,0.6044151788982293,0.5995290196051595,0.61308122933199,0.5998875243181868,0.61290100105019
23,equal_subfield_composition,cka_debiased,both_biomedical,10,0.8543138292130446,0.8543809837650533,0.8457468444263265,0.8631505862189662,0.8466052026957704,0.8621693661676725
23,equal_subfield_composition,neighbors_k10,all,10,0.2868368055555556,0.28757649739583335,0.28281032986111104,0.29137044270833334,0.28288137478298603,0.29087215169270836
23,equal_subfield_composition,neighbors_k10,without_biomedical,10,0.2896890694754465,0.28973127092633927,0.28550153459821426,0.2943603515625,0.2858126831054687,0.29385184151785715
23,equal_subfield_composition,neighbors_k10,one_biomedical,10,0.2678533935546875,0.26878051757812504,0.2622039794921875,0.2724395751953125,0.262396240234375,0.27234001159667964
23,equal_subfield_composition,neighbors_k10,both_biomedical,10,0.5107080078124999,0.5109375,0.4984375,0.5169921875,0.500601806640625,0.51683837890625
23,equal_subfield_composition,neighbors_k25,all,10,0.33107651909722224,0.3314348958333333,0.3280177951388889,0.33320138888888895,0.3281067599826389,0.33319689670138897
23,equal_subfield_composition,neighbors_k25,without_biomedical,10,0.33304136439732146,0.33346156529017856,0.3300244140625,0.33574358258928566,0.3300470145089286,0.33552966308593746
23,equal_subfield_composition,neighbors_k25,one_biomedical,10,0.313380859375,0.3135919189453125,0.309189453125,0.316983642578125,0.3094212646484375,0.3167290344238281
23,equal_subfield_composition,neighbors_k25,both_biomedical,10,0.55919140625,0.5594921875000001,0.55228515625,0.56533203125,0.55305419921875,0.56469921875
23,equal_subfield_composition,neighbors_k50,all,10,0.37033081597222217,0.37092371961805554,0.3678947482638888,0.37248611111111113,0.3679253146701388,0.37234997829861116
23,equal_subfield_composition,neighbors_k50,without_biomedical,10,0.37175244140624997,0.3720842633928571,0.3691221400669643,0.3740279715401785,0.36916357421875,0.3739616612025669
23,equal_subfield_composition,neighbors_k50,one_biomedical,10,0.35371124267578125,0.35366912841796877,0.3508587646484375,0.35708496093750003,0.35096986389160156,0.3568953094482422
23,equal_subfield_composition,neighbors_k50,both_biomedical,10,0.5964384765624999,0.5967431640625,0.591533203125,0.60103515625,0.59164306640625,0.6010263671875
23,equal_subfield_composition,rsa_spearman,all,10,0.5444162388984006,0.544786273126882,0.5380666995131334,0.5515226796969739,0.5381234240565002,0.5507200803243623
23,equal_subfield_composition,rsa_spearman,without_biomedical,10,0.5406253621773796,0.5413535029014999,0.5337513467708247,0.5459609433942952,0.5340334259996241,0.5459050454841681
23,equal_subfield_composition,rsa_spearman,one_biomedical,10,0.5295794772460237,0.529191207458978,0.523042628983294,0.5402670113555741,0.5231561487611677,0.538879723733152
23,equal_subfield_composition,rsa_spearman,both_biomedical,10,0.8879489735250239,0.8881524173343815,0.8755234205313083,0.89429817400575,0.8774804691603271,0.8937872128605348
23,observed_eligible_composition,cka_debiased,all,10,0.6438338836195765,0.6437183936877724,0.6392305911522453,0.648163927893084,0.6396917146378028,0.6476068489525002
23,observed_eligible_composition,cka_debiased,without_biomedical,10,0.6572887329871939,0.6569798935885796,0.6545011600772964,0.6622879923562823,0.6546500751577302,0.6615997816169129
23,observed_eligible_composition,cka_debiased,one_biomedical,10,0.6072226476403445,0.6082166637491375,0.5969138401051952,0.6165184298082027,0.5974322894181687,0.6159744586958232
23,observed_eligible_composition,cka_debiased,both_biomedical,10,0.8528778769939992,0.8511350231360573,0.8484056769590395,0.862514250825313,0.848459463566734,0.8611555968801188
23,observed_eligible_composition,neighbors_k10,all,10,0.28680143229166666,0.28715603298611114,0.28237196180555557,0.29169596354166666,0.28290736219618057,0.29081754557291667
23,observed_eligible_composition,neighbors_k10,without_biomedical,10,0.28958339146205364,0.2893519810267857,0.28563232421875,0.2952340262276786,0.2859022739955357,0.29423819405691964
23,observed_eligible_composition,neighbors_k10,one_biomedical,10,0.2679986572265625,0.2679901123046875,0.26271667480468747,0.2718719482421875,0.26355987548828125,0.27182868957519535
23,observed_eligible_composition,neighbors_k10,both_biomedical,10,0.5097509765625,0.510400390625,0.50556640625,0.51318359375,0.5057861328125001,0.51311767578125
23,observed_eligible_composition,neighbors_k25,all,10,0.3317665364583333,0.33242057291666666,0.3271705729166666,0.3345186631944444,0.3274965494791666,0.33426241319444444
23,observed_eligible_composition,neighbors_k25,without_biomedical,10,0.3339561941964285,0.3342445591517857,0.33018694196428566,0.3381947544642857,0.33019008091517854,0.3375059116908482
23,observed_eligible_composition,neighbors_k25,one_biomedical,10,0.313780517578125,0.31406982421875,0.30761474609375,0.31768554687500006,0.3084878845214844,0.3172834472656251
23,observed_eligible_composition,neighbors_k25,both_biomedical,10,0.558232421875,0.5579296874999999,0.55515625,0.56390625,0.5552573242187501,0.5632250976562501
23,observed_eligible_composition,neighbors_k50,all,10,0.3721070095486111,0.3721790364583333,0.3683802083333334,0.37466341145833326,0.3688101888020834,0.3745267903645833
23,observed_eligible_composition,neighbors_k50,without_biomedical,10,0.3739192940848214,0.3740162876674107,0.37102887834821435,0.37740443638392857,0.3711642456054688,0.37711808558872767
23,observed_eligible_composition,neighbors_k50,one_biomedical,10,0.35492419433593747,0.35482116699218746,0.34972534179687503,0.35802734375,0.35062910461425784,0.3580138854980469
23,observed_eligible_composition,neighbors_k50,both_biomedical,10,0.5962880859375002,0.596025390625,0.5926953125,0.60068359375,0.592994140625,0.60019140625
23,observed_eligible_composition,rsa_spearman,all,10,0.5431827648529536,0.544266198351299,0.5360744384298195,0.5525268220682168,0.5362722416828515,0.5517695364163611
23,observed_eligible_composition,rsa_spearman,without_biomedical,10,0.5403089702225687,0.5410447110741564,0.5332605516185085,0.548762587204817,0.5334678887702167,0.5479538473967813
23,observed_eligible_composition,rsa_spearman,one_biomedical,10,0.5268582899127051,0.5258831500421772,0.517668735963609,0.5401253421342505,0.5180007689116055,0.5396954660392805
23,observed_eligible_composition,rsa_spearman,both_biomedical,10,0.8848406135476997,0.883870415115174,0.8813021113377503,0.8926300242940716,0.8813324086291269,0.8915515797762256
24,equal_subfield_composition,cka_debiased,all,10,0.6387448506956496,0.6377520256902276,0.632796970260715,0.6440237613034759,0.6332397008825146,0.6439981695307535
24,equal_subfield_composition,cka_debiased,without_biomedical,10,0.6399949052339717,0.6402682308153153,0.6337042295679266,0.6443593399575359,0.6345139944853556,0.6443483191355353
24,equal_subfield_composition,cka_debiased,one_biomedical,10,0.6230617276892801,0.6219381305318945,0.6166864841520723,0.6302490668782489,0.6168880713822357,0.6302259881929472
24,equal_subfield_composition,cka_debiased,both_biomedical,10,0.8546732917245319,0.8547159042463248,0.8508263954743416,0.8583322191549879,0.8512467160472712,0.8579554242059683
24,equal_subfield_composition,neighbors_k10,all,10,0.27582931857638887,0.2754833984375,0.27381401909722225,0.2796451822916667,0.27383721245659726,0.2792840983072917
24,equal_subfield_composition,neighbors_k10,without_biomedical,10,0.27590576171875,0.2757533482142857,0.27367640904017854,0.2800885881696428,0.2738313947405134,0.2794976806640625
24,equal_subfield_composition,neighbors_k10,one_biomedical,10,0.2612249755859375,0.2612197875976563,0.257269287109375,0.2647186279296875,0.25730430603027343,0.2647042083740234
24,equal_subfield_composition,neighbors_k10,both_biomedical,10,0.5073583984375,0.5079833984375,0.49775390625,0.51298828125,0.4990283203125,0.512384033203125
24,equal_subfield_composition,neighbors_k25,all,10,0.3113775173611111,0.31097070312499997,0.30842100694444446,0.31407638888888884,0.3087046983506945,0.31388468967013883
24,equal_subfield_composition,neighbors_k25,without_biomedical,10,0.30968777901785716,0.30922119140624993,0.3068512834821428,0.31288504464285716,0.3070237688337053,0.31268980189732143
24,equal_subfield_composition,neighbors_k25,one_biomedical,10,0.2994976806640625,0.2997528076171875,0.294942626953125,0.30147094726562496,0.2957589111328125,0.3014473266601562
24,equal_subfield_composition,neighbors_k25,both_biomedical,10,0.548767578125,0.5492578125,0.5459375,0.552890625,0.5460517578124999,0.5523017578125
24,equal_subfield_composition,neighbors_k50,all,10,0.34485332031249993,0.34488226996527777,0.3430772569444444,0.34683094618055554,0.3431316514756944,0.34667103407118055
24,equal_subfield_composition,neighbors_k50,without_biomedical,10,0.34132195172991076,0.34119384765625005,0.33864955357142856,0.34379673549107137,0.3389909144810268,0.3436174229213169
24,equal_subfield_composition,neighbors_k50,one_biomedical,10,0.33627557373046874,0.3364752197265625,0.33312255859375,0.3377581787109375,0.3336420745849609,0.3377359313964844
24,equal_subfield_composition,neighbors_k50,both_biomedical,10,0.5809755859375,0.5808544921875,0.57748046875,0.5852734375,0.5777177734375,0.5848911132812501
24,equal_subfield_composition,rsa_spearman,all,10,0.5296475674721257,0.5296166111040082,0.5250365184257243,0.5361855544488303,0.5256751575347834,0.5349639644258539
24,equal_subfield_composition,rsa_spearman,without_biomedical,10,0.5284036580062466,0.5286146319910543,0.5246835102003871,0.5335530727822039,0.5250271890120638,0.5328358294003188
24,equal_subfield_composition,rsa_spearman,one_biomedical,10,0.511780389278623,0.5115747099101241,0.5053811179028276,0.5210480438702448,0.5062480395142449,0.5190634314070561
24,equal_subfield_composition,rsa_spearman,both_biomedical,10,0.8503518836127807,0.8504322364843312,0.8429789857829505,0.856550816240378,0.8435660120401429,0.8561329885346087
24,observed_eligible_composition,cka_debiased,all,10,0.632254060878907,0.6328174168853647,0.6226428452480807,0.6369609506739489,0.6241059713381973,0.6368072002809916
24,observed_eligible_composition,cka_debiased,without_biomedical,10,0.6333333877375391,0.6331950631052993,0.6284980293099552,0.6380820928282065,0.6288286813714964,0.6378043397854157
24,observed_eligible_composition,cka_debiased,one_biomedical,10,0.6164937258563604,0.6173414241361401,0.5986314107446876,0.6257022153886119,0.6020075796940785,0.624697737392717
24,observed_eligible_composition,cka_debiased,both_biomedical,10,0.8541982691979463,0.8551383701350697,0.8428806435698768,0.8609717521073984,0.8443563877706295,0.8605527949044964
24,observed_eligible_composition,neighbors_k10,all,10,0.26295909288194447,0.2637575954861111,0.25825954861111117,0.2657248263888889,0.25879787868923615,0.2656762424045139
24,observed_eligible_composition,neighbors_k10,without_biomedical,10,0.26273332868303567,0.2631190708705357,0.25807582310267857,0.26537039620535713,0.25835048130580357,0.2653350830078125
24,observed_eligible_composition,neighbors_k10,one_biomedical,10,0.24878814697265628,0.2497711181640625,0.24393310546875002,0.2522125244140625,0.2440148162841797,0.2521239471435547
24,observed_eligible_composition,neighbors_k10,both_biomedical,10,0.49601562500000007,0.496435546875,0.490576171875,0.4986328125,0.49103759765625,0.49861083984375004
24,observed_eligible_composition,neighbors_k25,all,10,0.29846171875,0.2985245225694444,0.2959201388888889,0.30254427083333335,0.2959304904513889,0.3019766927083334
24,observed_eligible_composition,neighbors_k25,without_biomedical,10,0.2966807338169643,0.2967267717633929,0.29361188616071426,0.30104143415178575,0.2937694614955357,0.3004957275390625
24,observed_eligible_composition,neighbors_k25,one_biomedical,10,0.2867928466796875,0.286702880859375,0.283822021484375,0.290517578125,0.284134033203125,0.2899819946289063
24,observed_eligible_composition,neighbors_k25,both_biomedical,10,0.5350312500000001,0.53515625,0.53111328125,0.53736328125,0.5316274414062501,0.53735888671875
24,observed_eligible_composition,neighbors_k50,all,10,0.3315485243055555,0.33117154947916666,0.32884613715277783,0.33525347222222224,0.3290539496527778,0.3349081108940972
24,observed_eligible_composition,neighbors_k50,without_biomedical,10,0.3286443568638393,0.3279560198102679,0.3256766183035714,0.33298897879464284,0.32598431396484373,0.33265162004743304
24,observed_eligible_composition,neighbors_k50,one_biomedical,10,0.3219103393554688,0.32165374755859377,0.319248046875,0.3247613525390625,0.3193320922851563,0.32452967834472657
24,observed_eligible_composition,neighbors_k50,both_biomedical,10,0.567076171875,0.5668066406250001,0.56453125,0.570849609375,0.5646257324218751,0.570638671875
24,observed_eligible_composition,rsa_spearman,all,10,0.5434823181368159,0.542855816935373,0.5368584926186798,0.5540843980103115,0.536861798922063,0.5535610738848806
24,observed_eligible_composition,rsa_spearman,without_biomedical,10,0.5399653684256778,0.5390281747147311,0.5336743396322574,0.5504590165780228,0.5337125773620663,0.5496712418730911
24,observed_eligible_composition,rsa_spearman,one_biomedical,10,0.5302000252390282,0.5296881127236108,0.5189851096522127,0.5417262352453165,0.5199336618998388,0.5415628093164149
24,observed_eligible_composition,rsa_spearman,both_biomedical,10,0.8544735964132851,0.8556036094200128,0.8451975601029909,0.8624990173177491,0.8458798826535346,0.8615997841295652
25,equal_subfield_composition,cka_debiased,all,10,0.6330935546957578,0.6340300679711851,0.6285873085253026,0.6367097480894576,0.6288822655369979,0.6366503796475635
25,equal_subfield_composition,cka_debiased,without_biomedical,10,0.6270358693247726,0.6273067791339064,0.622629267851282,0.6301770555628206,0.6231798334731711,0.6299800407111628
25,equal_subfield_composition,cka_debiased,one_biomedical,10,0.6299898444401733,0.6304776580853122,0.62437717874952,0.6351831492719167,0.6244244679432693,0.6351275903789827
25,equal_subfield_composition,cka_debiased,both_biomedical,10,0.8523681091726948,0.8526360007911201,0.8450211523731591,0.8570229705624417,0.8455882182708606,0.8569490501281692
25,equal_subfield_composition,neighbors_k10,all,10,0.2671457248263889,0.2678884548611111,0.2615766059027778,0.27042751736111115,0.2622799750434028,0.27017922634548613
25,equal_subfield_composition,neighbors_k10,without_biomedical,10,0.2677699497767857,0.26854160853794645,0.26302315848214286,0.2719255719866071,0.26336255754743304,0.2714837646484375
25,equal_subfield_composition,neighbors_k10,one_biomedical,10,0.25264984130859375,0.25335235595703126,0.24576721191406248,0.256304931640625,0.24691871643066404,0.25605087280273436
25,equal_subfield_composition,neighbors_k10,both_biomedical,10,0.4816015625,0.4816650390625,0.4740234375,0.48798828125,0.47461669921875,0.487471923828125
25,equal_subfield_composition,neighbors_k25,all,10,0.3098057725694444,0.31026193576388883,0.30485807291666667,0.3130473090277778,0.30556315104166665,0.31288744574652777
25,equal_subfield_composition,neighbors_k25,without_biomedical,10,0.30856354631696437,0.30920619419642853,0.3041099330357144,0.3116057477678571,0.30452913992745545,0.3115016915457589
25,equal_subfield_composition,neighbors_k25,one_biomedical,10,0.298241943359375,0.29844848632812504,0.292073974609375,0.30218872070312497,0.29281005859375003,0.30212994384765623
25,equal_subfield_composition,neighbors_k25,both_biomedical,10,0.529609375,0.53005859375,0.5265625,0.533125,0.52662841796875,0.5330283203125
25,equal_subfield_composition,neighbors_k50,all,10,0.3465699435763889,0.3467809244791667,0.3426486545138889,0.35049197048611114,0.3430885959201389,0.3500256618923611
25,equal_subfield_composition,neighbors_k50,without_biomedical,10,0.3433828473772321,0.34369977678571423,0.3395431082589286,0.3471843610491071,0.33988172258649557,0.34666125488281246
25,equal_subfield_composition,neighbors_k50,one_biomedical,10,0.33828936767578127,0.33868133544921875,0.33371826171874996,0.3425335693359375,0.3339627075195312,0.3421482238769531
25,equal_subfield_composition,neighbors_k50,both_biomedical,10,0.5682978515625001,0.5682080078125,0.563310546875,0.573173828125,0.563374267578125,0.5730200195312499
25,equal_subfield_composition,rsa_spearman,all,10,0.5831095176647038,0.5829151277743048,0.5770706908857103,0.5930371815302931,0.5774741790630814,0.5916640293096251
25,equal_subfield_composition,rsa_spearman,without_biomedical,10,0.5733087678163452,0.5731614159946625,0.5656958556451684,0.5836865251792339,0.5662165584851125,0.5822232544318803
25,equal_subfield_composition,rsa_spearman,one_biomedical,10,0.5818430558518609,0.5817016341371761,0.5755287146977907,0.5917255832620644,0.5758948684764232,0.5904012351731166
25,equal_subfield_composition,rsa_spearman,both_biomedical,10,0.8777939024242343,0.8775590341568937,0.8737495870473672,0.8841849544914628,0.8738236895158414,0.8836310103167901
25,observed_eligible_composition,cka_debiased,all,10,0.6253869219962859,0.6246931256541521,0.6202281451083156,0.6310575181237742,0.620892455392734,0.6305577388714168
25,observed_eligible_composition,cka_debiased,without_biomedical,10,0.6192004560429681,0.6188250341019562,0.6143980563445016,0.6237743949555749,0.6149541132633224,0.6233324603784631
25,observed_eligible_composition,cka_debiased,one_biomedical,10,0.621907071633698,0.6218293164911818,0.6158659346888288,0.6295798696046782,0.6164664212324901,0.6289818834859228
25,observed_eligible_composition,cka_debiased,both_biomedical,10,0.8542855744905891,0.8549751560757248,0.8473807050153671,0.8586273431388961,0.8480262373153392,0.8583537701641868
25,observed_eligible_composition,neighbors_k10,all,10,0.2631061197916667,0.26312554253472226,0.2596484375,0.2660959201388889,0.259796630859375,0.2660605197482639
25,observed_eligible_composition,neighbors_k10,without_biomedical,10,0.26444527762276787,0.26422903878348214,0.26063929966517857,0.26796003069196433,0.261001456124442,0.26766339983258935
25,observed_eligible_composition,neighbors_k10,one_biomedical,10,0.24763336181640624,0.24781951904296876,0.24122314453125002,0.2523468017578125,0.24192901611328127,0.25216896057128907
25,observed_eligible_composition,neighbors_k10,both_biomedical,10,0.47317382812500003,0.47158203125,0.468115234375,0.481201171875,0.46848876953125,0.480146484375
25,observed_eligible_composition,neighbors_k25,all,10,0.3010360243055556,0.3009913194444444,0.29780251736111113,0.30462934027777777,0.29807341579861113,0.3042404730902778
25,observed_eligible_composition,neighbors_k25,without_biomedical,10,0.30003215680803574,0.2999169921875,0.2976304408482143,0.3026946149553571,0.297810302734375,0.30237679617745533
25,observed_eligible_composition,neighbors_k25,one_biomedical,10,0.28904345703125,0.28926208496093747,0.283331298828125,0.29430419921875,0.283744384765625,0.2938963317871094
25,observed_eligible_composition,neighbors_k25,both_biomedical,10,0.521025390625,0.52279296875,0.51177734375,0.5253125,0.5125112304687499,0.52520703125
25,observed_eligible_composition,neighbors_k50,all,10,0.33536267361111105,0.3358368055555555,0.3328980034722222,0.33910416666666665,0.3329732964409722,0.3385538736979167
25,observed_eligible_composition,neighbors_k50,without_biomedical,10,0.33190206473214284,0.33205671037946427,0.32939592633928566,0.3348029436383929,0.3296128278459821,0.33441339983258933
25,observed_eligible_composition,neighbors_k50,one_biomedical,10,0.3273445434570313,0.32804565429687504,0.32288330078125005,0.3326446533203125,0.3231869354248047,0.33183413696289066
25,observed_eligible_composition,neighbors_k50,both_biomedical,10,0.5605498046874999,0.5613037109375001,0.5540234375,0.564140625,0.5544628906250001,0.5638593749999999
25,observed_eligible_composition,rsa_spearman,all,10,0.5698504938916062,0.5711616298949374,0.5567119173044462,0.5774532988035995,0.5582551060912067,0.5770917087149007
25,observed_eligible_composition,rsa_spearman,without_biomedical,10,0.5641181064972809,0.5652063121701852,0.5490794696773239,0.5718417954719438,0.5509349016626128,0.5717732722541224
25,observed_eligible_composition,rsa_spearman,one_biomedical,10,0.5608616707645604,0.5619067461092987,0.5502461450842706,0.5690880327814385,0.5513349575285678,0.5687395829076385
25,observed_eligible_composition,rsa_spearman,both_biomedical,10,0.8741785109654444,0.8750029409727551,0.8667349118633352,0.879289109963224,0.8673134177969948,0.8789382773647093
26,equal_subfield_composition,cka_debiased,all,10,0.6440862316038427,0.6437942058940951,0.639093132772343,0.6543666740637618,0.6394145704545441,0.6523662741304023
26,equal_subfield_composition,cka_debiased,without_biomedical,10,0.6745417764470916,0.6734077627691205,0.6692327936991704,0.6832320276256408,0.669626195665271,0.6819270111617948
26,equal_subfield_composition,cka_debiased,one_biomedical,10,0.5764402273328992,0.5760119939444642,0.5716756002180965,0.5900866773031865,0.5717229734902716,0.5874581049780272
26,equal_subfield_composition,cka_debiased,both_biomedical,10,0.873667044327969,0.8735882779640012,0.86604125949166,0.8812773735565992,0.8670432119812864,0.8806501852607739
26,equal_subfield_composition,neighbors_k10,all,10,0.23810557725694442,0.2383767361111111,0.23487087673611107,0.24106770833333332,0.23512649197048607,0.24084090169270833
26,equal_subfield_composition,neighbors_k10,without_biomedical,10,0.252742919921875,0.2529732840401786,0.24903913225446428,0.25577043805803573,0.24938127790178571,0.2555860246930804
26,equal_subfield_composition,neighbors_k10,one_biomedical,10,0.20199157714843752,0.20187530517578123,0.199609375,0.2052459716796875,0.1997460174560547,0.2048126983642578
26,equal_subfield_composition,neighbors_k10,both_biomedical,10,0.40608398437500004,0.4041748046875,0.399755859375,0.41416015625,0.40007446289062504,0.41392944335937504
26,equal_subfield_composition,neighbors_k25,all,10,0.28758272569444443,0.2874891493055556,0.2821614583333333,0.2911783854166667,0.2829754231770833,0.2910147135416667
26,equal_subfield_composition,neighbors_k25,without_biomedical,10,0.3029801199776786,0.3027587890625,0.29702985491071426,0.30668666294642855,0.2978902413504464,0.3064915771484375
26,equal_subfield_composition,neighbors_k25,one_biomedical,10,0.249104736328125,0.24908020019531252,0.24450805664062497,0.25249389648437504,0.24521447753906248,0.2524584655761719
26,equal_subfield_composition,neighbors_k25,both_biomedical,10,0.472103515625,0.47186523437500005,0.46734375,0.47841796875,0.46736572265625,0.477908203125
26,equal_subfield_composition,neighbors_k50,all,10,0.3313777777777778,0.3315902777777777,0.3257465277777778,0.33484657118055555,0.3266146430121528,0.33458368055555554
26,equal_subfield_composition,neighbors_k50,without_biomedical,10,0.34772303989955355,0.3478737095424107,0.3423611886160715,0.35065359933035717,0.3429889003208706,0.35064700753348216
26,equal_subfield_composition,neighbors_k50,one_biomedical,10,0.29087371826171876,0.2905938720703125,0.28484619140625,0.2953924560546875,0.2860169219970703,0.29483599853515624
26,equal_subfield_composition,neighbors_k50,both_biomedical,10,0.521775390625,0.5233447265625,0.51494140625,0.52552734375,0.5151281738281249,0.5255185546875
26,equal_subfield_composition,rsa_spearman,all,10,0.5921925100918265,0.5934832577939914,0.5814929173353386,0.6016437416200094,0.5819001961276028,0.6008269956797125
26,equal_subfield_composition,rsa_spearman,without_biomedical,10,0.6085005790909545,0.6096136693583376,0.5976512686044313,0.6194416136793361,0.5982175693162605,0.6184295619359891
26,equal_subfield_composition,rsa_spearman,one_biomedical,10,0.5444080204538823,0.5449770318806927,0.5287832810928896,0.5535473163446495,0.5309306850443728,0.5531597688410909
26,equal_subfield_composition,rsa_spearman,both_biomedical,10,0.900118412323345,0.9001599858783988,0.8963315815648264,0.9029346125008377,0.8967955131666118,0.902843626593472
26,observed_eligible_composition,cka_debiased,all,10,0.6706005090795089,0.6699544659873914,0.6659735479917261,0.675991954438426,0.6661116893170954,0.6759049651003878
26,observed_eligible_composition,cka_debiased,without_biomedical,10,0.6907208041945676,0.6898484015972562,0.6861000236100392,0.696778843772184,0.6862432987786324,0.6965387886204315
26,observed_eligible_composition,cka_debiased,one_biomedical,10,0.6218092624442824,0.6218804477723832,0.6162037494923254,0.6299468596617186,0.6164063910403581,0.6289149064228293
26,observed_eligible_composition,cka_debiased,both_biomedical,10,0.8878921920214908,0.8876486184404668,0.8825758619107928,0.8941374073470595,0.8834479223819377,0.8931530350980039
26,observed_eligible_composition,neighbors_k10,all,10,0.2423907335069444,0.24363172743055553,0.23919379340277772,0.24706814236111102,0.23925556098090273,0.24639480251736104
26,observed_eligible_composition,neighbors_k10,without_biomedical,10,0.255885009765625,0.2566702706473214,0.2518833705357143,0.2611554827008929,0.2519269234793527,0.26067600795200896
26,observed_eligible_composition,neighbors_k10,one_biomedical,10,0.20795532226562502,0.2072265625,0.205596923828125,0.2119232177734375,0.2056394958496094,0.21167808532714844
26,observed_eligible_composition,neighbors_k10,both_biomedical,10,0.41551757812499995,0.4149169921875,0.406005859375,0.422265625,0.407291259765625,0.421990966796875
26,observed_eligible_composition,neighbors_k25,all,10,0.2943571614583333,0.2943394097222222,0.2902999131944444,0.29939236111111106,0.29050948350694444,0.29895212673611105
26,observed_eligible_composition,neighbors_k25,without_biomedical,10,0.3076793387276786,0.3081427873883929,0.3034089006696429,0.3133042689732143,0.303636945452009,0.3126455601283482
26,observed_eligible_composition,neighbors_k25,one_biomedical,10,0.25939257812500005,0.25877563476562504,0.25578369140625,0.263819580078125,0.2558537292480469,0.2636619262695312
26,observed_eligible_composition,neighbors_k25,both_biomedical,10,0.48076953125,0.48125976562499995,0.47435546875,0.48609375,0.47461474609375,0.48566748046874997
26,observed_eligible_composition,neighbors_k50,all,10,0.34313138020833334,0.3431652560763889,0.33861046006944445,0.3477100694444444,0.33884097764756943,0.3475751573350694
26,observed_eligible_composition,neighbors_k50,without_biomedical,10,0.3565193917410714,0.3564998953683035,0.35238699776785715,0.36209333147321426,0.35248909214564733,0.36174616350446426
26,observed_eligible_composition,neighbors_k50,one_biomedical,10,0.30765710449218747,0.3072854614257813,0.30272094726562504,0.3116058349609375,0.3030280151367188,0.31150915527343753
26,observed_eligible_composition,neighbors_k50,both_biomedical,10,0.53585546875,0.536728515625,0.527099609375,0.545771484375,0.52764453125,0.544218017578125
26,observed_eligible_composition,rsa_spearman,all,10,0.5911394162375918,0.5911680257595868,0.5828866769587167,0.6009265883631834,0.5832022917847932,0.6004868754968515
26,observed_eligible_composition,rsa_spearman,without_biomedical,10,0.6002857707667199,0.6007545878833507,0.5904906174446909,0.6093053032300313,0.590771684109447,0.6089074551894031
26,observed_eligible_composition,rsa_spearman,one_biomedical,10,0.5557943413652889,0.5555808269146395,0.5433674559736685,0.5675189279060472,0.5442764000437464,0.5671259960727055
26,observed_eligible_composition,rsa_spearman,both_biomedical,10,0.9005626873788563,0.9002056857807645,0.8975640566474131,0.904287878338719,0.89763388308605,0.9042837579328327
27,equal_subfield_composition,cka_debiased,all,10,0.5430262617045678,0.5432508619300124,0.5380652949128651,0.547947352784975,0.5388482386219208,0.5471217689343851
27,equal_subfield_composition,cka_debiased,without_biomedical,10,0.5615411980609208,0.5614876619531066,0.5579458177824085,0.5651872962753807,0.5583918937095047,0.56470502148082
27,equal_subfield_composition,cka_debiased,one_biomedical,10,0.49279103034485094,0.49333520431700795,0.48542500145397716,0.4999535989821822,0.48565198003702353,0.4996362761421959
27,equal_subfield_composition,cka_debiased,both_biomedical,10,0.828371745482157,0.8282558436214157,0.8213584135555798,0.8378271323883845,0.821875224234842,0.8367700516781154
27,equal_subfield_composition,neighbors_k10,all,10,0.25861848958333333,0.25783203125,0.25382161458333335,0.2639095052083333,0.2543701985677083,0.2633675130208333
27,equal_subfield_composition,neighbors_k10,without_biomedical,10,0.2663530622209821,0.2656877790178571,0.2613438197544643,0.2718296595982143,0.26185036795479916,0.27127092633928573
27,equal_subfield_composition,neighbors_k10,one_biomedical,10,0.2301519775390625,0.22965087890625,0.22513122558593748,0.2348419189453125,0.22574508666992185,0.23448348999023438
27,equal_subfield_composition,neighbors_k10,both_biomedical,10,0.49751464843750004,0.4974365234375,0.487890625,0.5072265625,0.48876953125,0.5061059570312499
27,equal_subfield_composition,neighbors_k25,all,10,0.2921384114583333,0.2923953993055555,0.2875655381944444,0.2972239583333333,0.28783477647569444,0.29658059895833333
27,equal_subfield_composition,neighbors_k25,without_biomedical,10,0.29939836774553574,0.3005301339285714,0.29470633370535715,0.30421944754464286,0.2949346923828125,0.30365506417410715
27,equal_subfield_composition,neighbors_k25,one_biomedical,10,0.26422204589843756,0.26442810058593746,0.25962890625,0.26953857421875005,0.259938720703125,0.26902001953125004
27,equal_subfield_composition,neighbors_k25,both_biomedical,10,0.535521484375,0.5351953125,0.52931640625,0.54431640625,0.5295668945312499,0.5429013671875
27,equal_subfield_composition,neighbors_k50,all,10,0.32177384982638885,0.32217838541666666,0.3166202256944445,0.3256369357638889,0.31732960069444444,0.32516379123263894
27,equal_subfield_composition,neighbors_k50,without_biomedical,10,0.32853397042410715,0.3291462053571429,0.32329031808035713,0.33221086774553577,0.3239475359235491,0.33194060407366077
27,equal_subfield_composition,neighbors_k50,one_biomedical,10,0.29463439941406244,0.29472686767578127,0.28948852539062503,0.29864257812499995,0.29033831787109377,0.2981759338378906
27,equal_subfield_composition,neighbors_k50,both_biomedical,10,0.5667216796875,0.5658935546874999,0.56162109375,0.5734765625,0.562071533203125,0.573353515625
27,equal_subfield_composition,rsa_spearman,all,10,0.4581205749667115,0.45705260843431506,0.4524347927381203,0.4682317402259792,0.45266865024544745,0.46760178472842934
27,equal_subfield_composition,rsa_spearman,without_biomedical,10,0.4555570313337336,0.45627288430597707,0.44832849006835696,0.462908695856379,0.44881079232910065,0.4626492266317151
27,equal_subfield_composition,rsa_spearman,one_biomedical,10,0.43766537049885706,0.43433480976391525,0.4302151688692885,0.4552003896652196,0.4308752046937392,0.45293185262832475
27,equal_subfield_composition,rsa_spearman,both_biomedical,10,0.8571830681757581,0.856463707600408,0.8513052445887636,0.8651558356648912,0.8514130925911836,0.8646701318634639
27,observed_eligible_composition,cka_debiased,all,10,0.5457811362465581,0.5457820348357568,0.5391027561721974,0.5532747418135474,0.539669776248741,0.5529941123384743
27,observed_eligible_composition,cka_debiased,without_biomedical,10,0.564144087862511,0.564664256438806,0.558525934061947,0.56921133496082,0.5588593709217641,0.5690588187267791
27,observed_eligible_composition,cka_debiased,one_biomedical,10,0.49593322303779336,0.4958334295251006,0.48724391861352556,0.5089168604430248,0.48734301848374495,0.5078260319092942
27,observed_eligible_composition,cka_debiased,both_biomedical,10,0.8291851023401137,0.8280554213804565,0.8178344428900491,0.8382203696689362,0.8194456078843293,0.8376658940606839
27,observed_eligible_composition,neighbors_k10,all,10,0.2573323567708333,0.2583468967013889,0.25309461805555555,0.26160698784722225,0.25327992078993056,0.26108574761284725
27,observed_eligible_composition,neighbors_k10,without_biomedical,10,0.2626872907366072,0.2633815220424107,0.2584437779017857,0.26805419921875,0.25847634451729906,0.26721492222377236
27,observed_eligible_composition,neighbors_k10,one_biomedical,10,0.2327423095703125,0.2333709716796875,0.228173828125,0.2366546630859375,0.22824867248535158,0.23650840759277345
27,observed_eligible_composition,neighbors_k10,both_biomedical,10,0.5008349609375,0.5013427734375,0.49306640625,0.507861328125,0.49376953125,0.507103271484375
27,observed_eligible_composition,neighbors_k25,all,10,0.29046037326388885,0.29086328125,0.2868893229166667,0.29502430555555553,0.2869042643229167,0.29454852430555556
27,observed_eligible_composition,neighbors_k25,without_biomedical,10,0.29530224609375,0.2952880859375,0.29134556361607145,0.30044712611607144,0.29140818568638394,0.299738037109375
27,observed_eligible_composition,neighbors_k25,one_biomedical,10,0.26643188476562496,0.2666668701171875,0.262537841796875,0.27002319335937497,0.2627084045410156,0.2699534301757812
27,observed_eligible_composition,neighbors_k25,both_biomedical,10,0.5393437499999999,0.540419921875,0.53017578125,0.5439453125,0.53133154296875,0.5437783203125
27,observed_eligible_composition,neighbors_k50,all,10,0.3206717664930555,0.32063552517361105,0.31720941840277783,0.3252057291666667,0.3174509711371528,0.32495831705729167
27,observed_eligible_composition,neighbors_k50,without_biomedical,10,0.32516995675223215,0.32524518694196425,0.3214114815848215,0.3300721958705357,0.3217176077706474,0.3296359601702009
27,observed_eligible_composition,neighbors_k50,one_biomedical,10,0.29719354248046875,0.2972113037109375,0.2941424560546875,0.3014306640625001,0.2942186737060547,0.30132711791992195
27,observed_eligible_composition,neighbors_k50,both_biomedical,10,0.5703740234375,0.5694921875,0.563134765625,0.576708984375,0.563892822265625,0.576311279296875
27,observed_eligible_composition,rsa_spearman,all,10,0.4580145914882598,0.4573264637636828,0.4502067298134501,0.4629221777672389,0.4511691850317713,0.46279708920402124
27,observed_eligible_composition,rsa_spearman,without_biomedical,10,0.4549720779892463,0.4543466183295986,0.4475151983776096,0.46022023122128236,0.4487116239882819,0.4599183714325743
27,observed_eligible_composition,rsa_spearman,one_biomedical,10,0.43857390956685044,0.4379791932595731,0.42947370166759047,0.44852625585362776,0.4302525690951845,0.44742643787112846
27,observed_eligible_composition,rsa_spearman,both_biomedical,10,0.8542558802031909,0.855018905382799,0.8455144553912849,0.8596677714896728,0.846447629942393,0.8594638079470748
28,equal_subfield_composition,cka_debiased,all,10,0.6262593311382465,0.6270147098601164,0.619617154757373,0.6303494727111341,0.6202788991645896,0.6302342033761867
28,equal_subfield_composition,cka_debiased,without_biomedical,10,0.6282304038817818,0.628963960193357,0.6229811114182932,0.6333420395000848,0.6232552242268248,0.6327428602152388
28,equal_subfield_composition,cka_debiased,one_biomedical,10,0.6085715232738776,0.608635677839533,0.5993387574932522,0.6142222246726105,0.6006382642649517,0.6139711661287663
28,equal_subfield_composition,cka_debiased,both_biomedical,10,0.8540742201491651,0.8537576942612507,0.8498807244775406,0.859973198205484,0.8502614403681082,0.8590136229553633
28,equal_subfield_composition,neighbors_k10,all,10,0.29974717881944446,0.2997639973958333,0.2945171440972223,0.30410590277777777,0.2951133355034723,0.3037675238715278
28,equal_subfield_composition,neighbors_k10,without_biomedical,10,0.3046916852678571,0.3043570382254464,0.29917515345982143,0.30867222377232145,0.2999351719447545,0.30835401262555806
28,equal_subfield_composition,neighbors_k10,one_biomedical,10,0.27760070800781245,0.27777099609375,0.273138427734375,0.2824981689453125,0.27339385986328124,0.28220565795898434
28,equal_subfield_composition,neighbors_k10,both_biomedical,10,0.51564453125,0.5148193359375,0.50615234375,0.5224609375,0.507613525390625,0.52235107421875
28,equal_subfield_composition,neighbors_k25,all,10,0.3435782986111111,0.34284071180555553,0.34113932291666665,0.3471488715277778,0.3413070963541667,0.3468475043402778
28,equal_subfield_composition,neighbors_k25,without_biomedical,10,0.3471863141741071,0.34660644531249996,0.34487723214285715,0.3502859933035714,0.3450476771763393,0.35005245535714286
28,equal_subfield_composition,neighbors_k25,one_biomedical,10,0.32366638183593743,0.32202331542968754,0.321146240234375,0.328055419921875,0.32120721435546873,0.32768353271484374
28,equal_subfield_composition,neighbors_k25,both_biomedical,10,0.56114453125,0.5603515625,0.5563671875,0.567421875,0.5563979492187501,0.56710986328125
28,equal_subfield_composition,neighbors_k50,all,10,0.3778818142361111,0.3776825086805556,0.3758318142361112,0.3805607638888888,0.37593742947048614,0.38042843967013884
28,equal_subfield_composition,neighbors_k50,without_biomedical,10,0.3799633789062499,0.3797354561941964,0.37821742466517855,0.38225725446428566,0.3783491036551339,0.38219549560546867
28,equal_subfield_composition,neighbors_k50,one_biomedical,10,0.3606359252929688,0.3605548095703125,0.35791259765625,0.36443603515625,0.3579715118408203,0.3642371826171875
28,equal_subfield_composition,neighbors_k50,both_biomedical,10,0.5955322265625,0.5954296875,0.59248046875,0.600478515625,0.5925683593750001,0.60008740234375
28,equal_subfield_composition,rsa_spearman,all,10,0.5395649676277723,0.540134371699069,0.5266553437937385,0.5469083221530375,0.5288087548469744,0.5461531822064122
28,equal_subfield_composition,rsa_spearman,without_biomedical,10,0.5319219962748497,0.5317642172144283,0.5213438499386455,0.5401127383826392,0.5228915852519964,0.5392913115184035
28,equal_subfield_composition,rsa_spearman,one_biomedical,10,0.5332279234550352,0.5354698820404865,0.5154573657998002,0.5389862975743094,0.5188763269404356,0.5385888442192635
28,equal_subfield_composition,rsa_spearman,both_biomedical,10,0.854960872273401,0.8550594600233958,0.8482846809657086,0.8639370609838397,0.8485235691194313,0.8636158552704124
28,observed_eligible_composition,cka_debiased,all,10,0.654437788556051,0.6548827260577843,0.6479673977994125,0.6584153515519323,0.6480832205202642,0.6583669449042341
28,observed_eligible_composition,cka_debiased,without_biomedical,10,0.6542422189961687,0.6548755739152514,0.6479999169886875,0.6583920935407271,0.6482913879981295,0.6582384410069034
28,observed_eligible_composition,cka_debiased,one_biomedical,10,0.6418956581693683,0.6424254118692481,0.6342430163724988,0.6466163512266121,0.6343654347863388,0.6464896996615211
28,observed_eligible_composition,cka_debiased,both_biomedical,10,0.8605878224196726,0.8609239982820496,0.8535395596590298,0.8652228324290085,0.854530030863632,0.8648106467338035
28,observed_eligible_composition,neighbors_k10,all,10,0.3023379991319445,0.3025987413194444,0.29775065104166665,0.30743923611111107,0.2978810221354167,0.3069541286892361
28,observed_eligible_composition,neighbors_k10,without_biomedical,10,0.30677193777901784,0.3068472726004464,0.3012346540178571,0.3136090959821428,0.3014257376534598,0.3127447073800223
28,observed_eligible_composition,neighbors_k10,one_biomedical,10,0.2808935546875,0.2812149047851562,0.277801513671875,0.2840576171875,0.2778125,0.28399101257324216
28,observed_eligible_composition,neighbors_k10,both_biomedical,10,0.5212988281250001,0.5201171874999999,0.518310546875,0.530224609375,0.518321533203125,0.52875244140625
28,observed_eligible_composition,neighbors_k25,all,10,0.34963120659722224,0.3499546440972222,0.3445842013888889,0.35337065972222226,0.3446180881076389,0.35325220269097224
28,observed_eligible_composition,neighbors_k25,without_biomedical,10,0.35191664341517853,0.3516632952008928,0.3458042689732143,0.3565862165178572,0.34601552036830363,0.35632458496093755
28,observed_eligible_composition,neighbors_k25,one_biomedical,10,0.3317451171875,0.3323779296875,0.32703002929687497,0.33574707031249995,0.3273063354492187,0.3356773071289062
28,observed_eligible_composition,neighbors_k25,both_biomedical,10,0.5718164062500001,0.571875,0.56681640625,0.57787109375,0.56716357421875,0.5771416015625
28,observed_eligible_composition,neighbors_k50,all,10,0.3893291449652778,0.39001519097222215,0.384244357638889,0.3933719618055556,0.38443595920138895,0.39323368055555563
28,observed_eligible_composition,neighbors_k50,without_biomedical,10,0.38991200474330356,0.3898831612723215,0.3848392159598214,0.3936760602678572,0.3849226335797991,0.3935664324079241
28,observed_eligible_composition,neighbors_k50,one_biomedical,10,0.3746217651367188,0.37419921875,0.3692315673828125,0.37929016113281244,0.36964849853515624,0.37914459228515623
28,observed_eligible_composition,neighbors_k50,both_biomedical,10,0.6083271484375,0.6075341796875,0.605400390625,0.61318359375,0.605494873046875,0.6128056640624999
28,observed_eligible_composition,rsa_spearman,all,10,0.5566482093116607,0.5558710853288775,0.5467762188728741,0.5665266560620503,0.5479654623254997,0.5657136227547227
28,observed_eligible_composition,rsa_spearman,without_biomedical,10,0.549645544018614,0.5492717298204473,0.539227621291123,0.5616377024573442,0.5405307503066036,0.5604569547388035
28,observed_eligible_composition,rsa_spearman,one_biomedical,10,0.549928579305831,0.5489682047997795,0.5405661974417904,0.5581440067294545,0.5412846737341014,0.5578389816898677
28,observed_eligible_composition,rsa_spearman,both_biomedical,10,0.8602369176102445,0.8607211041293046,0.850466315163663,0.8649486986363759,0.8520482854151691,0.8648455669622437
29,equal_subfield_composition,cka_debiased,all,10,0.6464286760958372,0.6466371239045559,0.6406235067631659,0.6509417316258214,0.6413852327493147,0.6505284087774834
29,equal_subfield_composition,cka_debiased,without_biomedical,10,0.6599058735603047,0.6601241135032601,0.6561305974588405,0.6638901226531171,0.6562071605008958,0.6636693593220119
29,equal_subfield_composition,cka_debiased,one_biomedical,10,0.6096940431517199,0.6101541723812245,0.5997875171373435,0.6153830315847577,0.6015408741146321,0.615076199631048
29,equal_subfield_composition,cka_debiased,both_biomedical,10,0.8568212741966214,0.8573371428178103,0.8502729560638945,0.8620711409796932,0.850794019123845,0.8614991681600507
29,equal_subfield_composition,neighbors_k10,all,10,0.28127441406250003,0.2807991536458334,0.27847981770833324,0.28470486111111115,0.27853035481770827,0.28446755642361116
29,equal_subfield_composition,neighbors_k10,without_biomedical,10,0.28761718750000004,0.2877781459263393,0.2843244280133929,0.29063720703125,0.2845351300920759,0.2905198887416295
29,equal_subfield_composition,neighbors_k10,one_biomedical,10,0.255936279296875,0.2553802490234375,0.25213623046875,0.261236572265625,0.25228729248046877,0.26063850402832034
29,equal_subfield_composition,neighbors_k10,both_biomedical,10,0.5090869140625001,0.5086425781249999,0.50419921875,0.517431640625,0.504693603515625,0.516256103515625
29,equal_subfield_composition,neighbors_k25,all,10,0.3247633246527778,0.3245863715277778,0.32163628472222217,0.3273420138888889,0.32196314019097216,0.3273335177951389
29,equal_subfield_composition,neighbors_k25,without_biomedical,10,0.3312023577008928,0.33073835100446425,0.32863281250000004,0.3345061383928571,0.32870908900669643,0.33426522391183033
29,equal_subfield_composition,neighbors_k25,one_biomedical,10,0.2989736328125,0.29861328125,0.294248046875,0.30241088867187493,0.2950195617675781,0.3021543579101562
29,equal_subfield_composition,neighbors_k25,both_biomedical,10,0.55710546875,0.5573828125,0.554453125,0.56130859375,0.55451904296875,0.56074169921875
29,equal_subfield_composition,neighbors_k50,all,10,0.36645930989583336,0.3667078993055556,0.36341232638888893,0.36872916666666666,0.3638886935763889,0.36858214518229165
29,equal_subfield_composition,neighbors_k50,without_biomedical,10,0.3725296805245536,0.372471923828125,0.36994070870535717,0.37532226562500004,0.37012339564732144,0.37530766950334826
29,equal_subfield_composition,neighbors_k50,one_biomedical,10,0.34163885498046875,0.34203277587890624,0.3377044677734375,0.3429559326171875,0.33851745605468747,0.34287792968749997
29,equal_subfield_composition,neighbors_k50,both_biomedical,10,0.5936162109374999,0.593779296875,0.590791015625,0.596904296875,0.591012939453125,0.59681201171875
29,equal_subfield_composition,rsa_spearman,all,10,0.5415054326664894,0.5409407014590684,0.5385383463637456,0.5459734433881265,0.5386137643371792,0.5453953419484678
29,equal_subfield_composition,rsa_spearman,without_biomedical,10,0.5510813389086218,0.5506267985898703,0.5479892645084911,0.5561741259082809,0.5479974427984227,0.5557984497399693
29,equal_subfield_composition,rsa_spearman,one_biomedical,10,0.5057998620535129,0.505819085523704,0.5002533451159772,0.5098800984092628,0.500791767409617,0.5097997652898262
29,equal_subfield_composition,rsa_spearman,both_biomedical,10,0.8446691876944097,0.8452890684117167,0.8372828685757098,0.8517957214029864,0.8380088604720864,0.8507496401986345
29,observed_eligible_composition,cka_debiased,all,10,0.6464286760958372,0.6466371239045559,0.6406235067631659,0.6509417316258214,0.6413852327493147,0.6505284087774834
29,observed_eligible_composition,cka_debiased,without_biomedical,10,0.6599058735603047,0.6601241135032601,0.6561305974588405,0.6638901226531171,0.6562071605008958,0.6636693593220119
29,observed_eligible_composition,cka_debiased,one_biomedical,10,0.6096940431517199,0.6101541723812245,0.5997875171373435,0.6153830315847577,0.6015408741146321,0.615076199631048
29,observed_eligible_composition,cka_debiased,both_biomedical,10,0.8568212741966214,0.8573371428178103,0.8502729560638945,0.8620711409796932,0.850794019123845,0.8614991681600507
29,observed_eligible_composition,neighbors_k10,all,10,0.28127441406250003,0.2807991536458334,0.27847981770833324,0.28470486111111115,0.27853035481770827,0.28446755642361116
29,observed_eligible_composition,neighbors_k10,without_biomedical,10,0.28761718750000004,0.2877781459263393,0.2843244280133929,0.29063720703125,0.2845351300920759,0.2905198887416295
29,observed_eligible_composition,neighbors_k10,one_biomedical,10,0.255936279296875,0.2553802490234375,0.25213623046875,0.261236572265625,0.25228729248046877,0.26063850402832034
29,observed_eligible_composition,neighbors_k10,both_biomedical,10,0.5090869140625001,0.5086425781249999,0.50419921875,0.517431640625,0.504693603515625,0.516256103515625
29,observed_eligible_composition,neighbors_k25,all,10,0.3247633246527778,0.3245863715277778,0.32163628472222217,0.3273420138888889,0.32196314019097216,0.3273335177951389
29,observed_eligible_composition,neighbors_k25,without_biomedical,10,0.3312023577008928,0.33073835100446425,0.32863281250000004,0.3345061383928571,0.32870908900669643,0.33426522391183033
29,observed_eligible_composition,neighbors_k25,one_biomedical,10,0.2989736328125,0.29861328125,0.294248046875,0.30241088867187493,0.2950195617675781,0.3021543579101562
29,observed_eligible_composition,neighbors_k25,both_biomedical,10,0.55710546875,0.5573828125,0.554453125,0.56130859375,0.55451904296875,0.56074169921875
29,observed_eligible_composition,neighbors_k50,all,10,0.36645930989583336,0.3667078993055556,0.36341232638888893,0.36872916666666666,0.3638886935763889,0.36858214518229165
29,observed_eligible_composition,neighbors_k50,without_biomedical,10,0.3725296805245536,0.372471923828125,0.36994070870535717,0.37532226562500004,0.37012339564732144,0.37530766950334826
29,observed_eligible_composition,neighbors_k50,one_biomedical,10,0.34163885498046875,0.34203277587890624,0.3377044677734375,0.3429559326171875,0.33851745605468747,0.34287792968749997
29,observed_eligible_composition,neighbors_k50,both_biomedical,10,0.5936162109374999,0.593779296875,0.590791015625,0.596904296875,0.591012939453125,0.59681201171875
29,observed_eligible_composition,rsa_spearman,all,10,0.5415054326664894,0.5409407014590684,0.5385383463637456,0.5459734433881265,0.5386137643371792,0.5453953419484678
29,observed_eligible_composition,rsa_spearman,without_biomedical,10,0.5510813389086218,0.5506267985898703,0.5479892645084911,0.5561741259082809,0.5479974427984227,0.5557984497399693
29,observed_eligible_composition,rsa_spearman,one_biomedical,10,0.5057998620535129,0.505819085523704,0.5002533451159772,0.5098800984092628,0.500791767409617,0.5097997652898262
29,observed_eligible_composition,rsa_spearman,both_biomedical,10,0.8446691876944097,0.8452890684117167,0.8372828685757098,0.8517957214029864,0.8380088604720864,0.8507496401986345
30,equal_subfield_composition,cka_debiased,all,10,0.6676655909642899,0.6677856373179811,0.6606065149644922,0.6745461608486676,0.6612848739971992,0.6742669928565844
30,equal_subfield_composition,cka_debiased,without_biomedical,10,0.6697830270623114,0.6691832091705537,0.6647152900439961,0.6759816012176046,0.6649540810670416,0.6758176774718422
30,equal_subfield_composition,cka_debiased,one_biomedical,10,0.6510128246122464,0.6519462985126611,0.6368707874222272,0.6593997149587744,0.6394400671910331,0.6588591296889031
30,equal_subfield_composition,cka_debiased,both_biomedical,10,0.8748216418523839,0.875055762376421,0.8684386489650947,0.8797043850035889,0.8692145679916002,0.8793487882969206
30,equal_subfield_composition,neighbors_k10,all,10,0.2812347005208333,0.2810237630208333,0.2774696180555555,0.28709309895833335,0.2776217176649305,0.28632527669270835
30,equal_subfield_composition,neighbors_k10,without_biomedical,10,0.2770242745535715,0.27682059151785715,0.2732456752232143,0.2830496651785714,0.2732637241908482,0.28241677420479905
30,equal_subfield_composition,neighbors_k10,one_biomedical,10,0.2732327270507812,0.273895263671875,0.26937255859375,0.279290771484375,0.2694769287109375,0.27826286315917964
30,equal_subfield_composition,neighbors_k10,both_biomedical,10,0.527158203125,0.5272216796875,0.520751953125,0.534228515625,0.5214111328125,0.5331848144531249
30,equal_subfield_composition,neighbors_k25,all,10,0.3315716145833333,0.3317760416666667,0.32825390624999995,0.3355208333333333,0.32826416015624993,0.3353644856770833
30,equal_subfield_composition,neighbors_k25,without_biomedical,10,0.3258423549107143,0.32617327008928576,0.3217745535714286,0.32983607700892864,0.3218760986328125,0.32982085309709824
30,equal_subfield_composition,neighbors_k25,one_biomedical,10,0.3258455810546875,0.3256890869140625,0.32283935546875,0.33003173828125,0.3228517150878906,0.3297735595703125
30,equal_subfield_composition,neighbors_k25,both_biomedical,10,0.583607421875,0.583740234375,0.579609375,0.58716796875,0.57993896484375,0.58689111328125
30,equal_subfield_composition,neighbors_k50,all,10,0.37800401475694445,0.3785861545138889,0.37402777777777774,0.3822111545138888,0.37419491644965275,0.3819082248263888
30,equal_subfield_composition,neighbors_k50,without_biomedical,10,0.3726900111607142,0.3734177943638393,0.3688643973214285,0.3775055803571429,0.36897002301897314,0.37709743826729913
30,equal_subfield_composition,neighbors_k50,one_biomedical,10,0.37194354248046874,0.3713870239257812,0.36760253906249996,0.3751776123046875,0.3678594818115234,0.37517198181152345
30,equal_subfield_composition,neighbors_k50,both_biomedical,10,0.623763671875,0.62357421875,0.62060546875,0.6269921875,0.620699951171875,0.62688232421875
30,equal_subfield_composition,rsa_spearman,all,10,0.5587772706141233,0.5579315306943958,0.5552097225764577,0.5631896858997074,0.5556947095486502,0.5629465149213895
30,equal_subfield_composition,rsa_spearman,without_biomedical,10,0.5531698288020906,0.5526059775108365,0.5503819428366156,0.5566507349463771,0.5505590965986902,0.5564944026682227
30,equal_subfield_composition,rsa_spearman,one_biomedical,10,0.5480687912917284,0.547800338775001,0.5427152470876322,0.555383299492521,0.543295787679196,0.5544942075716285
30,equal_subfield_composition,rsa_spearman,both_biomedical,10,0.8871213105093547,0.8875839474057103,0.8790432587926078,0.890637178611598,0.880418145380495,0.8905780605437619
30,observed_eligible_composition,cka_debiased,all,10,0.6370304275256277,0.6382555045834011,0.6297420583120602,0.6429114164615908,0.6302748673130114,0.6424083403709969
30,observed_eligible_composition,cka_debiased,without_biomedical,10,0.6405055436787108,0.6413506229559589,0.63377544814876,0.6466132599504614,0.634519660275564,0.6457807494909275
30,observed_eligible_composition,cka_debiased,one_biomedical,10,0.6166084313789633,0.6183514321777797,0.6034888427803378,0.6234235967542929,0.6045416720655152,0.6232811913041265
30,observed_eligible_composition,cka_debiased,both_biomedical,10,0.8664791135859327,0.8663037818997361,0.8619907311127392,0.8709177967814622,0.862247282805516,0.8708227834496468
30,observed_eligible_composition,neighbors_k10,all,10,0.2793390842013889,0.2792957899305556,0.2736414930555555,0.2851388888888889,0.2745521375868055,0.2842795138888889
30,observed_eligible_composition,neighbors_k10,without_biomedical,10,0.2749754115513393,0.2747480119977678,0.2689923967633928,0.28108433314732145,0.26997017996651784,0.2802277919224331
30,observed_eligible_composition,neighbors_k10,one_biomedical,10,0.27164428710937505,0.27145233154296877,0.26588134765625,0.277423095703125,0.2667183685302734,0.2764789581298828
30,observed_eligible_composition,neighbors_k10,both_biomedical,10,0.524638671875,0.524951171875,0.518701171875,0.530908203125,0.519261474609375,0.530369873046875
30,observed_eligible_composition,neighbors_k25,all,10,0.3290639756944444,0.3281657986111111,0.32458029513888886,0.33497743055555557,0.32510217013888887,0.33418426649305555
30,observed_eligible_composition,neighbors_k25,without_biomedical,10,0.32347705078124994,0.32272216796875,0.3181808035714285,0.3299288504464286,0.31880419921875,0.3290130615234375
30,observed_eligible_composition,neighbors_k25,one_biomedical,10,0.323232666015625,0.322642822265625,0.31979736328124997,0.32859985351562504,0.32006762695312496,0.3279296875
30,observed_eligible_composition,neighbors_k25,both_biomedical,10,0.5787988281249999,0.5777246093749999,0.57501953125,0.5855078125,0.5751337890625,0.58471240234375
30,observed_eligible_composition,neighbors_k50,all,10,0.3747987413194444,0.37468760850694444,0.3703604600694445,0.3797126736111111,0.3709862901475695,0.37889324001736113
30,observed_eligible_composition,neighbors_k50,without_biomedical,10,0.3692472795758929,0.36952880859375004,0.3643076869419642,0.3745193917410714,0.3648753662109374,0.3735975603376116
30,observed_eligible_composition,neighbors_k50,one_biomedical,10,0.36916546630859376,0.36885742187500004,0.3653314208984375,0.37366943359375,0.36572019958496094,0.3729867706298828
30,observed_eligible_composition,neighbors_k50,both_biomedical,10,0.6203720703125001,0.620341796875,0.61712890625,0.6235546875,0.617509033203125,0.62316357421875
30,observed_eligible_composition,rsa_spearman,all,10,0.5595863386262127,0.5578280053087369,0.5474327336501486,0.5692643742665278,0.5486034904719704,0.5692488811637115
30,observed_eligible_composition,rsa_spearman,without_biomedical,10,0.5552622268518235,0.5521264151373161,0.5447019064711833,0.5660948050438797,0.5458618315833631,0.5654645208235938
30,observed_eligible_composition,rsa_spearman,one_biomedical,10,0.5468612184232938,0.5476416344323387,0.5316751709048444,0.5596225693345571,0.5329270253820014,0.5592293547977146
30,observed_eligible_composition,rsa_spearman,both_biomedical,10,0.8842633915558101,0.8849778000501973,0.8743882044439687,0.8923697648944241,0.8747546606259358,0.8917444066304863
31,equal_subfield_composition,cka_debiased,all,10,0.6735626882046095,0.674490080069283,0.6663649881788303,0.6757058286619448,0.6675939557413955,0.6756911184922554
31,equal_subfield_composition,cka_debiased,without_biomedical,10,0.6710395158953479,0.6717951909492657,0.6634582342975346,0.6738558493862804,0.6647165723514826,0.6737011480344677
31,equal_subfield_composition,cka_debiased,one_biomedical,10,0.6648928980695115,0.6653103148157475,0.6579817344506254,0.6685976957747217,0.6590335736069384,0.668311553612533
31,equal_subfield_composition,cka_debiased,both_biomedical,10,0.882928155025495,0.8824387064368585,0.879346316785017,0.8866244849600682,0.8795857129757515,0.8864277758411224
31,equal_subfield_composition,neighbors_k10,all,10,0.2842909071180556,0.2846321614583333,0.27969401041666664,0.286806640625,0.28039518229166666,0.286699462890625
31,equal_subfield_composition,neighbors_k10,without_biomedical,10,0.28747140066964283,0.2881365094866072,0.28267996651785715,0.29068952287946426,0.2833352225167411,0.29044664655412944
31,equal_subfield_composition,neighbors_k10,one_biomedical,10,0.265458984375,0.2656982421875,0.261053466796875,0.2686126708984375,0.26176826477050785,0.2683222198486328
31,equal_subfield_composition,neighbors_k10,both_biomedical,10,0.4965478515625,0.497119140625,0.49072265625,0.499853515625,0.491239013671875,0.49975463867187503
31,equal_subfield_composition,neighbors_k25,all,10,0.34132139756944446,0.3418088107638889,0.33696961805555553,0.3448090277777777,0.33716112196180553,0.34450268012152774
31,equal_subfield_composition,neighbors_k25,without_biomedical,10,0.34349637276785716,0.34408656529017856,0.33914899553571426,0.3464460100446428,0.33926388113839284,0.34631056431361606
31,equal_subfield_composition,neighbors_k25,one_biomedical,10,0.32397900390625,0.32411437988281255,0.319544677734375,0.32850830078125,0.31986328125,0.3280284729003906
31,equal_subfield_composition,neighbors_k25,both_biomedical,10,0.557900390625,0.557900390625,0.55474609375,0.5623046875,0.554763671875,0.561794921875
31,equal_subfield_composition,neighbors_k50,all,10,0.39224800347222216,0.39165310329861114,0.3865026041666667,0.3976822916666666,0.3869034342447917,0.3973203287760416
31,equal_subfield_composition,neighbors_k50,without_biomedical,10,0.3938024553571429,0.3936678641183037,0.3877354213169643,0.3995124162946429,0.38820139857700897,0.39894889613560275
31,equal_subfield_composition,neighbors_k50,one_biomedical,10,0.3761287231445312,0.37545440673828123,0.37081848144531254,0.3813067626953125,0.3711089324951172,0.3812706451416016
31,equal_subfield_composition,neighbors_k50,both_biomedical,10,0.6066318359375,0.608056640625,0.602763671875,0.609375,0.602801025390625,0.609234375
31,equal_subfield_composition,rsa_spearman,all,10,0.5419135019143706,0.5421121006361136,0.5223709685995941,0.5551963838258578,0.5257394358968976,0.5546571356693072
31,equal_subfield_composition,rsa_spearman,without_biomedical,10,0.5318965833620432,0.5317434182224656,0.5144490548725511,0.5456868872977705,0.5170027927280836,0.5451142175106755
31,equal_subfield_composition,rsa_spearman,one_biomedical,10,0.5379984849576495,0.540022236530118,0.5138001005056256,0.550996504721742,0.5179615757372028,0.5505960812646792
31,equal_subfield_composition,rsa_spearman,both_biomedical,10,0.8850274926870693,0.8852639021339105,0.8797650413659115,0.8906367566795901,0.8799418486280547,0.8901920656892668
31,observed_eligible_composition,cka_debiased,all,10,0.6631668223841634,0.6622557476656552,0.6556161995686984,0.6706819768580071,0.6561907154666454,0.670613601936803
31,observed_eligible_composition,cka_debiased,without_biomedical,10,0.6649040319276405,0.6643135432020846,0.6572447905261966,0.671776670917188,0.6575708369727428,0.6716648594169838
31,observed_eligible_composition,cka_debiased,one_biomedical,10,0.646677046342693,0.6460203689070978,0.6389013583152342,0.6555286314618889,0.6394403492865385,0.6554965776433291
31,observed_eligible_composition,cka_debiased,both_biomedical,10,0.8783613718303294,0.8783636879941263,0.8732011844279761,0.8847634521919703,0.8736032315362875,0.8843044416465426
31,observed_eligible_composition,neighbors_k10,all,10,0.2768268229166667,0.2767854817708334,0.2723676215277778,0.2807801649305556,0.27267255316840283,0.28062953016493053
31,observed_eligible_composition,neighbors_k10,without_biomedical,10,0.2814618791852678,0.2811549595424107,0.2766514369419643,0.2864850725446428,0.2772062465122768,0.28590554373604904
31,observed_eligible_composition,neighbors_k10,one_biomedical,10,0.25568634033203125,0.2562301635742188,0.2503936767578125,0.26051025390625,0.25065322875976564,0.2599472045898437
31,observed_eligible_composition,neighbors_k10,both_biomedical,10,0.48529296875000005,0.485693359375,0.480810546875,0.489404296875,0.48109619140625004,0.48894287109375
31,observed_eligible_composition,neighbors_k25,all,10,0.32998875868055555,0.33061697048611105,0.3254431423611111,0.33335590277777777,0.32562829861111114,0.3332959418402778
31,observed_eligible_composition,neighbors_k25,without_biomedical,10,0.3333438197544643,0.3335219029017857,0.3289920479910715,0.33750558035714284,0.3290629882812501,0.33732979910714284
31,observed_eligible_composition,neighbors_k25,one_biomedical,10,0.31067700195312503,0.3110107421875,0.30548583984375,0.3152978515625,0.30590606689453126,0.31510586547851566
31,observed_eligible_composition,neighbors_k25,both_biomedical,10,0.54503515625,0.54578125,0.5403125,0.54931640625,0.54060693359375,0.54890771484375
31,observed_eligible_composition,neighbors_k50,all,10,0.3744012152777778,0.3755487196180556,0.36792274305555556,0.3793895399305556,0.36852176649305557,0.3792179090711806
31,observed_eligible_composition,neighbors_k50,without_biomedical,10,0.3763917759486607,0.37687238420758934,0.36992640904017854,0.3812552315848214,0.3703990565708705,0.3809679391043526
31,observed_eligible_composition,neighbors_k50,one_biomedical,10,0.357321044921875,0.35715728759765625,0.35026184082031253,0.36298461914062496,0.3509686737060547,0.36292584228515623
31,observed_eligible_composition,neighbors_k50,both_biomedical,10,0.5919482421875,0.59154296875,0.588857421875,0.59439453125,0.58907275390625,0.5943791503906249
31,observed_eligible_composition,rsa_spearman,all,10,0.5478859173994713,0.551044389579211,0.5314395585006321,0.5609212605946364,0.5316033757989667,0.5594003573282867
31,observed_eligible_composition,rsa_spearman,without_biomedical,10,0.5382756880998875,0.5400853754158921,0.5197845837604614,0.5509854182550885,0.520433076275688,0.5501649830944548
31,observed_eligible_composition,rsa_spearman,one_biomedical,10,0.5435909292570711,0.545443506322187,0.5244659389378835,0.5577634497758148,0.5261374771064046,0.5567354824851756
31,observed_eligible_composition,rsa_spearman,both_biomedical,10,0.8856921480662298,0.8863546838118904,0.8789342256598316,0.8896498192031262,0.8797227607860035,0.8894260914076917
32,equal_subfield_composition,cka_debiased,all,10,0.6143837564716461,0.613975520270117,0.6117566032642925,0.6182572214993051,0.611783885099772,0.6180987718816164
32,equal_subfield_composition,cka_debiased,without_biomedical,10,0.6313413559715052,0.6312530833935611,0.6277300892197512,0.6351914825752248,0.6279978131202496,0.6350493440583113
32,equal_subfield_composition,cka_debiased,one_biomedical,10,0.5694642455980321,0.5687385429061749,0.5653658783154819,0.5751562660076306,0.5656902425766511,0.574781402877925
32,equal_subfield_composition,cka_debiased,both_biomedical,10,0.858283144453422,0.8588454827668013,0.8539763200733484,0.8644730862819017,0.8543149827676283,0.8635499217728412
32,equal_subfield_composition,neighbors_k10,all,10,0.2690177951388889,0.2693424479166666,0.26429796006944445,0.2723502604166666,0.26471812608506945,0.2721420084635416
32,equal_subfield_composition,neighbors_k10,without_biomedical,10,0.28216116768973215,0.28284476143973214,0.27730189732142857,0.28469761439732144,0.27781786237444195,0.2846246337890625
32,equal_subfield_composition,neighbors_k10,one_biomedical,10,0.23242034912109374,0.23254089355468752,0.2281402587890625,0.2375335693359375,0.2284368896484375,0.23702133178710938
32,equal_subfield_composition,neighbors_k10,both_biomedical,10,0.48656249999999995,0.486376953125,0.47744140625,0.4974609375,0.47772705078125,0.49620849609375
32,equal_subfield_composition,neighbors_k25,all,10,0.310050390625,0.3101987847222222,0.3064526909722223,0.31278645833333335,0.30668657769097224,0.31260052083333334
32,equal_subfield_composition,neighbors_k25,without_biomedical,10,0.3217403041294643,0.32234967912946433,0.3184207589285715,0.3237074497767857,0.318496564592634,0.32370054408482146
32,equal_subfield_composition,neighbors_k25,one_biomedical,10,0.27549340820312496,0.2761663818359375,0.27166748046875,0.279871826171875,0.27170703125,0.27930987548828123
32,equal_subfield_composition,neighbors_k25,both_biomedical,10,0.53564453125,0.535595703125,0.52509765625,0.5416796875,0.52720263671875,0.5412402343749999
32,equal_subfield_composition,neighbors_k50,all,10,0.3462840494791667,0.34580772569444446,0.34322981770833333,0.34941059027777777,0.34354973958333335,0.3493711859809028
32,equal_subfield_composition,neighbors_k50,without_biomedical,10,0.3563551199776786,0.35605486188616065,0.35341622488839297,0.35931396484375006,0.3535931047712054,0.3592218366350447
32,equal_subfield_composition,neighbors_k50,one_biomedical,10,0.31438018798828127,0.31421112060546874,0.3102667236328125,0.318319091796875,0.3104988098144531,0.3181975555419922
32,equal_subfield_composition,neighbors_k50,both_biomedical,10,0.5747558593750001,0.57478515625,0.568916015625,0.57822265625,0.56986962890625,0.578194091796875
32,equal_subfield_composition,rsa_spearman,all,10,0.5100822639443856,0.5107646123210279,0.4986136378605674,0.5220001591774335,0.49993814898312366,0.5202460797767409
32,equal_subfield_composition,rsa_spearman,without_biomedical,10,0.5129127742501409,0.5137374262276828,0.5052258084297433,0.5233981057480844,0.5057711289927793,0.5218279862770284
32,equal_subfield_composition,rsa_spearman,one_biomedical,10,0.48279335251791444,0.48251429687348873,0.46426141588305947,0.4977262407958776,0.46703212973451674,0.49561598747077235
32,equal_subfield_composition,rsa_spearman,both_biomedical,10,0.8674505582067766,0.8663238580483079,0.8631084135637657,0.8739563846168976,0.8631110166904736,0.8738819710000856
32,observed_eligible_composition,cka_debiased,all,10,0.6089970032748127,0.6096649331898627,0.6041792112157977,0.612025796829905,0.6045622466260311,0.6118057152398306
32,observed_eligible_composition,cka_debiased,without_biomedical,10,0.6233684199608722,0.6231237473767495,0.6193670934060852,0.6267840616366398,0.6197575289571241,0.6266577563325384
32,observed_eligible_composition,cka_debiased,one_biomedical,10,0.5680775812307015,0.5694957149722744,0.5615327945156003,0.5724007153487629,0.5619636001244519,0.5723041008469916
32,observed_eligible_composition,cka_debiased,both_biomedical,10,0.8613080887709206,0.8603993250178836,0.857292330230094,0.8675727393260257,0.8574250376637997,0.8673171497145666
32,observed_eligible_composition,neighbors_k10,all,10,0.2675989583333333,0.2692409939236111,0.2621332465277778,0.27073567708333335,0.2623373480902778,0.27057625325520834
32,observed_eligible_composition,neighbors_k10,without_biomedical,10,0.2805986676897322,0.28200945172991077,0.27530691964285714,0.28372802734374997,0.2753233991350446,0.2835624476841518
32,observed_eligible_composition,neighbors_k10,one_biomedical,10,0.23106018066406248,0.231939697265625,0.22421875,0.23641052246093752,0.22446937561035155,0.23621070861816407
32,observed_eligible_composition,neighbors_k10,both_biomedical,10,0.4882275390625,0.48779296875,0.482080078125,0.49697265625,0.48217895507812497,0.49646728515625
32,observed_eligible_composition,neighbors_k25,all,10,0.307010546875,0.3077662760416666,0.3028619791666667,0.31075477430555554,0.30303961588541667,0.31049412977430557
32,observed_eligible_composition,neighbors_k25,without_biomedical,10,0.3182539760044643,0.3189815848214286,0.31363141741071426,0.3211328125,0.3138809640066964,0.3210684640066964
32,observed_eligible_composition,neighbors_k25,one_biomedical,10,0.2730091552734375,0.27329772949218745,0.26725952148437504,0.278492431640625,0.26780142211914065,0.2782350769042969
32,observed_eligible_composition,neighbors_k25,both_biomedical,10,0.536216796875,0.53626953125,0.52921875,0.5406640625,0.5304975585937499,0.5403125
32,observed_eligible_composition,neighbors_k50,all,10,0.3413656032986111,0.3415914713541667,0.3370082465277777,0.34462109375,0.3373795355902777,0.344605859375
32,observed_eligible_composition,neighbors_k50,without_biomedical,10,0.35058234514508924,0.35076869419642853,0.34592215401785714,0.3536049107142856,0.3464582083565848,0.3534960675920758
32,observed_eligible_composition,neighbors_k50,one_biomedical,10,0.310697998046875,0.310548095703125,0.30568115234375,0.31560974121093754,0.3059441375732422,0.31556497192382815
32,observed_eligible_composition,neighbors_k50,both_biomedical,10,0.5739785156250001,0.5736767578125,0.569951171875,0.5780859375,0.5704038085937501,0.577657470703125
32,observed_eligible_composition,rsa_spearman,all,10,0.5140567637985187,0.5131098834645083,0.5021313926044286,0.5251476892957692,0.5035256526916492,0.5243372556506956
32,observed_eligible_composition,rsa_spearman,without_biomedical,10,0.5181562791201817,0.5179424128161506,0.5072551669525668,0.5296622006284591,0.5082613922316224,0.5289146883660569
32,observed_eligible_composition,rsa_spearman,one_biomedical,10,0.4847470908634959,0.48265294371100764,0.47037617946209653,0.4957832962974268,0.4716935163884854,0.4954722708544587
32,observed_eligible_composition,rsa_spearman,both_biomedical,10,0.8682251017523125,0.8688848888582129,0.8608286099065732,0.8750248945850596,0.8608986993393859,0.8747891043239336
33,equal_subfield_composition,cka_debiased,all,10,0.5967066111547572,0.597061888328484,0.5877474694482187,0.6034288981562628,0.5887052865526564,0.6032562378104386
33,equal_subfield_composition,cka_debiased,without_biomedical,10,0.6103836203990876,0.6103003468289983,0.6050609162914327,0.6159020666729782,0.6054262243059083,0.6156302366183296
33,equal_subfield_composition,cka_debiased,one_biomedical,10,0.557600478855669,0.5589160679416334,0.5424741490644982,0.5668883700514264,0.5444331719634572,0.5667443677291917
33,equal_subfield_composition,cka_debiased,both_biomedical,10,0.8394484690989137,0.8397030215082937,0.827344083977757,0.8483644654715006,0.8288728628887916,0.8476142226596931
33,equal_subfield_composition,neighbors_k10,all,10,0.24859157986111108,0.24819227430555552,0.2455598958333333,0.2523328993055556,0.2455928548177083,0.25226307508680557
33,equal_subfield_composition,neighbors_k10,without_biomedical,10,0.25475603376116074,0.2539533342633929,0.25235421316964285,0.2585606166294643,0.2523683384486607,0.25855355398995533
33,equal_subfield_composition,neighbors_k10,one_biomedical,10,0.22390167236328126,0.22372741699218748,0.2197601318359375,0.2277557373046875,0.21993797302246096,0.2276177215576172
33,equal_subfield_composition,neighbors_k10,both_biomedical,10,0.47102539062500004,0.471484375,0.462060546875,0.47880859375,0.46302734375,0.47795166015625
33,equal_subfield_composition,neighbors_k25,all,10,0.2893204427083333,0.2892654079861111,0.2855481770833333,0.2926723090277778,0.2858217122395833,0.2926091254340278
33,equal_subfield_composition,neighbors_k25,without_biomedical,10,0.29433203124999996,0.2943408203125,0.2909605189732143,0.29807686941964284,0.2909620884486607,0.2977435128348214
33,equal_subfield_composition,neighbors_k25,one_biomedical,10,0.26587255859375003,0.2655499267578125,0.2611279296875,0.27039306640625005,0.26167697143554686,0.2700115661621094
33,equal_subfield_composition,neighbors_k25,both_biomedical,10,0.524162109375,0.523935546875,0.51896484375,0.53185546875,0.5192373046875,0.5308271484375
33,equal_subfield_composition,neighbors_k50,all,10,0.32525813802083337,0.32526931423611116,0.3209463975694444,0.32932552083333333,0.3211401963975694,0.32913235677083336
33,equal_subfield_composition,neighbors_k50,without_biomedical,10,0.3288820103236607,0.32890223911830363,0.32455252511160715,0.3321219308035714,0.32470241001674105,0.33207414027622767
33,equal_subfield_composition,neighbors_k50,one_biomedical,10,0.30390185546875,0.30377410888671874,0.29828857421875,0.3093170166015625,0.29910691833496095,0.30889253234863284
33,equal_subfield_composition,neighbors_k50,both_biomedical,10,0.5654902343750001,0.5652001953125,0.560595703125,0.571162109375,0.560804443359375,0.5706259765625
33,equal_subfield_composition,rsa_spearman,all,10,0.4912746709270646,0.492296470933508,0.48280898132760164,0.49834575176933094,0.48341920040973185,0.49816054517838043
33,equal_subfield_composition,rsa_spearman,without_biomedical,10,0.481705669238532,0.4807376289268619,0.47421980663147706,0.4883210591440886,0.47489709374487143,0.48817384782714235
33,equal_subfield_composition,rsa_spearman,one_biomedical,10,0.48455533522785715,0.48599443796431435,0.4739248148017504,0.4926990975289346,0.47400372467596463,0.49244530979353535
33,equal_subfield_composition,rsa_spearman,both_biomedical,10,0.8667160893932973,0.8663669273007064,0.8618799051381998,0.8711319997963284,0.8622395928467483,0.8709621957776665
33,observed_eligible_composition,cka_debiased,all,10,0.5995879026271036,0.5983947711045052,0.5953731950972034,0.6054129932974915,0.5953843575704967,0.6050930367874223
33,observed_eligible_composition,cka_debiased,without_biomedical,10,0.6126739790725201,0.6124717949048,0.6079182548163802,0.6171708544961937,0.6086410809595222,0.616778035459008
33,observed_eligible_composition,cka_debiased,one_biomedical,10,0.5617160577050764,0.5602262304482939,0.5521473668900176,0.5705863748687883,0.553341432902209,0.5704143512668174
33,observed_eligible_composition,cka_debiased,both_biomedical,10,0.8391272809078721,0.840170430885609,0.82951212693573,0.8456515640665675,0.8309633291370815,0.8447265026230629
33,observed_eligible_composition,neighbors_k10,all,10,0.23939865451388892,0.23921169704861117,0.23478949652777775,0.24349717881944447,0.23501825629340276,0.24345250108506947
33,observed_eligible_composition,neighbors_k10,without_biomedical,10,0.24400913783482142,0.24370291573660718,0.23964494977678572,0.2485665457589286,0.23991058349609376,0.2482157679966518
33,observed_eligible_composition,neighbors_k10,one_biomedical,10,0.21716827392578125,0.21752319335937498,0.2123321533203125,0.2230438232421875,0.21243446350097656,0.22241416931152344
33,observed_eligible_composition,neighbors_k10,both_biomedical,10,0.4659912109375,0.46477050781249996,0.457470703125,0.480078125,0.45762451171874996,0.4783642578125
33,observed_eligible_composition,neighbors_k25,all,10,0.2791223090277778,0.27899652777777784,0.27489539930555557,0.2824483506944445,0.2751023328993056,0.2823945421006945
33,observed_eligible_composition,neighbors_k25,without_biomedical,10,0.2816858956473214,0.28133789062500003,0.27708496093749996,0.2859326171875,0.2776512276785714,0.28547825404575894
33,observed_eligible_composition,neighbors_k25,one_biomedical,10,0.2596298828125,0.2598583984375,0.254471435546875,0.26429931640625004,0.2548372802734375,0.2636865539550782
33,observed_eligible_composition,neighbors_k25,both_biomedical,10,0.5192207031249999,0.518095703125,0.5112890625,0.53171875,0.51197900390625,0.5299521484375
33,observed_eligible_composition,neighbors_k50,all,10,0.3161188151041666,0.31642947048611114,0.3113259548611111,0.3186922743055555,0.3119545193142361,0.3186805555555555
33,observed_eligible_composition,neighbors_k50,without_biomedical,10,0.3167953055245535,0.3168655831473214,0.3119077845982143,0.3198932756696428,0.3125692400251116,0.3197025844029018
33,observed_eligible_composition,neighbors_k50,one_biomedical,10,0.29949798583984377,0.30025177001953124,0.294886474609375,0.30300537109375003,0.29498301696777346,0.30267893981933597
33,observed_eligible_composition,neighbors_k50,both_biomedical,10,0.5631103515625,0.5617578125,0.557177734375,0.575205078125,0.557377685546875,0.57355712890625
33,observed_eligible_composition,rsa_spearman,all,10,0.48540022512566716,0.4857204572736011,0.4765125925933149,0.4979119245873463,0.47710341804027195,0.4964503187123773
33,observed_eligible_composition,rsa_spearman,without_biomedical,10,0.47698775075398003,0.4774845122393363,0.4669917748422832,0.48736799420270527,0.4674850709457695,0.4868653789342047
33,observed_eligible_composition,rsa_spearman,one_biomedical,10,0.47666442519278923,0.4754243466180451,0.46933811953309545,0.49377093062317723,0.46941776390708523,0.4910270702478497
33,observed_eligible_composition,rsa_spearman,both_biomedical,10,0.8607223064589572,0.8600586769153964,0.8511648292749167,0.8690624173926565,0.8526773308698471,0.8680124872643821
34,equal_subfield_composition,cka_debiased,all,10,0.6089961981675501,0.6093934260719364,0.6049470175936402,0.6150342875657138,0.6049778169144476,0.614192898102918
34,equal_subfield_composition,cka_debiased,without_biomedical,10,0.6328681703544881,0.6326635720634908,0.6275314078881722,0.6390559707245741,0.6275954187449776,0.6384551516754667
34,equal_subfield_composition,cka_debiased,one_biomedical,10,0.5527368155955976,0.5518911665856043,0.5470464212839632,0.5590649505244965,0.5477355945636626,0.558439894587605
34,equal_subfield_composition,cka_debiased,both_biomedical,10,0.8407310980845326,0.8398294227962425,0.837880518574872,0.8468304726414568,0.8378931260453738,0.8459663404659057
34,equal_subfield_composition,neighbors_k10,all,10,0.2896628689236111,0.2898752170138889,0.2872428385416667,0.29370768229166666,0.2874164225260417,0.2930590006510417
34,equal_subfield_composition,neighbors_k10,without_biomedical,10,0.29677472795758925,0.29695608956473213,0.2937098911830357,0.30148751395089285,0.29393746512276786,0.3006658935546875
34,equal_subfield_composition,neighbors_k10,one_biomedical,10,0.26370941162109374,0.2636764526367188,0.2610992431640625,0.26640014648437504,0.2612468719482422,0.266275863647461
34,equal_subfield_composition,neighbors_k10,both_biomedical,10,0.5057861328125001,0.505126953125,0.496142578125,0.51279296875,0.4974169921875,0.51246337890625
34,equal_subfield_composition,neighbors_k25,all,10,0.3264979166666666,0.32665668402777776,0.32354557291666663,0.3288055555555555,0.32390201822916664,0.32874686414930554
34,equal_subfield_composition,neighbors_k25,without_biomedical,10,0.3338111746651785,0.3339554268973214,0.33048339843749996,0.33613071986607146,0.33109455217633926,0.33594097028459824
34,equal_subfield_composition,neighbors_k25,one_biomedical,10,0.300117919921875,0.3001849365234375,0.29766113281249995,0.30322998046875,0.29766964721679684,0.30302096557617186
34,equal_subfield_composition,neighbors_k25,both_biomedical,10,0.543806640625,0.5440136718749999,0.538671875,0.54896484375,0.5386938476562501,0.54869677734375
34,equal_subfield_composition,neighbors_k50,all,10,0.3586074869791666,0.35804188368055556,0.3564956597222222,0.36223741319444447,0.3566824761284722,0.36172901475694447
34,equal_subfield_composition,neighbors_k50,without_biomedical,10,0.36597415597098215,0.36592407226562496,0.36335379464285716,0.36915422712053575,0.36361558314732145,0.368733136858259
34,equal_subfield_composition,neighbors_k50,one_biomedical,10,0.33228759765625,0.33144287109375004,0.3297430419921875,0.3368841552734375,0.3299561767578125,0.3362654876708985
34,equal_subfield_composition,neighbors_k50,both_biomedical,10,0.5734589843750001,0.5742626953125001,0.569130859375,0.577099609375,0.569155029296875,0.5770424804687501
34,equal_subfield_composition,rsa_spearman,all,10,0.5419009466464889,0.5409760571387237,0.534552961208549,0.5508279353082695,0.5348358986842663,0.5501507842163141
34,equal_subfield_composition,rsa_spearman,without_biomedical,10,0.5441649804467874,0.5443055366534424,0.5376642080618568,0.5535298106779493,0.5378439528712476,0.552517598286663
34,equal_subfield_composition,rsa_spearman,one_biomedical,10,0.517473100513995,0.5172509162609864,0.5067712344303662,0.5261536297770708,0.5078908813877613,0.5260316439529831
34,equal_subfield_composition,rsa_spearman,both_biomedical,10,0.8693535383580329,0.8690433424836064,0.8643803868864518,0.875206657646518,0.8645845661647883,0.8749761345076031
34,observed_eligible_composition,cka_debiased,all,10,0.6177726932553154,0.6186358197525469,0.6109213621006723,0.6227934244848297,0.6114494252343798,0.6226668943358785
34,observed_eligible_composition,cka_debiased,without_biomedical,10,0.6346254183456645,0.635030993815429,0.6268188011956669,0.6390782763447664,0.62785125145836,0.6389999112496026
34,observed_eligible_composition,cka_debiased,one_biomedical,10,0.5737733840711328,0.5756308857152903,0.564735211050636,0.5813661333518871,0.5651005810634919,0.5810789852937529
34,observed_eligible_composition,cka_debiased,both_biomedical,10,0.8498853376724569,0.8491410919105651,0.8439948251580645,0.8573177628386789,0.8447135476785971,0.856544321720231
34,observed_eligible_composition,neighbors_k10,all,10,0.29559874131944447,0.2958680555555555,0.29139322916666666,0.2999251302083334,0.2915568033854167,0.2995586751302084
34,observed_eligible_composition,neighbors_k10,without_biomedical,10,0.3003098842075893,0.30057809012276787,0.29515032087053567,0.3037649972098214,0.29574829101562494,0.30349583217075893
34,observed_eligible_composition,neighbors_k10,one_biomedical,10,0.2733203125,0.2733551025390625,0.26795654296875,0.27921752929687504,0.26838706970214843,0.2786833190917969
34,observed_eligible_composition,neighbors_k10,both_biomedical,10,0.5201416015625,0.520849609375,0.51025390625,0.524169921875,0.511781005859375,0.52410400390625
34,observed_eligible_composition,neighbors_k25,all,10,0.3367288194444445,0.33696571180555557,0.3322013888888889,0.3414696180555556,0.3323913302951389,0.34111483289930555
34,observed_eligible_composition,neighbors_k25,without_biomedical,10,0.3415275530133928,0.34197649274553577,0.33694475446428573,0.34610351562499997,0.3371283830915179,0.34582446289062496
34,observed_eligible_composition,neighbors_k25,one_biomedical,10,0.3143282470703125,0.314122314453125,0.3091943359375,0.31950439453125,0.3093701171875,0.31914349365234373
34,observed_eligible_composition,neighbors_k25,both_biomedical,10,0.5607734375,0.5616796875000001,0.5549609375,0.56482421875,0.5549697265625,0.5646484375
34,observed_eligible_composition,neighbors_k50,all,10,0.37245021701388886,0.37323730468749994,0.3668049045138888,0.3761896701388889,0.36714123263888887,0.3761719455295139
34,observed_eligible_composition,neighbors_k50,without_biomedical,10,0.3772301199776785,0.3781889997209822,0.3712587193080358,0.38109967912946424,0.37182781110491075,0.38109340122767854
34,observed_eligible_composition,neighbors_k50,one_biomedical,10,0.35027008056640624,0.35068695068359373,0.344510498046875,0.35471435546875,0.34466842651367186,0.3545354156494141
34,observed_eligible_composition,neighbors_k50,both_biomedical,10,0.5934951171874999,0.5947705078125001,0.587578125,0.598310546875,0.587742919921875,0.5976777343749999
34,observed_eligible_composition,rsa_spearman,all,10,0.5089102972852191,0.5076555633064056,0.49697332242836667,0.5240302512008419,0.4982490403400534,0.5219710692036741
34,observed_eligible_composition,rsa_spearman,without_biomedical,10,0.509015895290613,0.5070754584169297,0.5028859861708397,0.5223018037869687,0.5028906412930554,0.5204766821369604
34,observed_eligible_composition,rsa_spearman,one_biomedical,10,0.4865510030741243,0.4860154465690697,0.4640587465512094,0.5057909236032893,0.46755535277185484,0.503231116494339
34,observed_eligible_composition,rsa_spearman,both_biomedical,10,0.8637022605117052,0.864275642996936,0.8572807710372012,0.872216952890544,0.8573239432583596,0.8709924483292569
35,equal_subfield_composition,cka_debiased,all,10,0.6432763479924761,0.6432818156192246,0.636157896630671,0.6488105884912639,0.6373205129903762,0.6481323619664314
35,equal_subfield_composition,cka_debiased,without_biomedical,10,0.6546966088415818,0.6556787977263181,0.6471342568073295,0.6573905514691515,0.6482759755871996,0.6573384758079569
35,equal_subfield_composition,cka_debiased,one_biomedical,10,0.6100299330356069,0.6093709121413745,0.6034071726629223,0.6205902375826017,0.6040266877372673,0.6194382149099869
35,equal_subfield_composition,cka_debiased,both_biomedical,10,0.8554516835274187,0.8554625417659147,0.8507655567854344,0.860097239649013,0.8512303704215577,0.8598452973215353
35,equal_subfield_composition,neighbors_k10,all,10,0.2767681206597222,0.2761279296875,0.27454318576388886,0.28100260416666667,0.2747839084201389,0.28036002604166665
35,equal_subfield_composition,neighbors_k10,without_biomedical,10,0.28056396484375,0.2796848842075893,0.27898646763392854,0.28390764508928573,0.27903472900390625,0.2836051286969866
35,equal_subfield_composition,neighbors_k10,one_biomedical,10,0.25593841552734375,0.2554595947265625,0.252227783203125,0.26180419921875,0.2526411437988281,0.26099601745605466
35,equal_subfield_composition,neighbors_k10,both_biomedical,10,0.503759765625,0.50380859375,0.49248046875,0.5103515625,0.4943701171875,0.5097802734375
35,equal_subfield_composition,neighbors_k25,all,10,0.3202242621527778,0.3199780815972222,0.31711631944444446,0.32381510416666665,0.31737667100694444,0.32334996744791666
35,equal_subfield_composition,neighbors_k25,without_biomedical,10,0.32302873883928573,0.32309814453124996,0.3195465959821428,0.32617396763392853,0.31978594098772317,0.3259522007533482
35,equal_subfield_composition,neighbors_k25,one_biomedical,10,0.3009266357421875,0.29991516113281247,0.29874023437499997,0.30541259765624995,0.2989154663085937,0.3049769897460937
35,equal_subfield_composition,neighbors_k25,both_biomedical,10,0.5504609374999999,0.5501367187499999,0.5430859375,0.55578125,0.5434990234375,0.55575048828125
35,equal_subfield_composition,neighbors_k50,all,10,0.3602384548611111,0.36041351996527776,0.3551590711805555,0.3631174045138889,0.35610609266493054,0.3628283908420139
35,equal_subfield_composition,neighbors_k50,without_biomedical,10,0.3625898786272322,0.36256434849330355,0.35711669921874994,0.3657819475446429,0.35798250034877227,0.36557171630859375
35,equal_subfield_composition,neighbors_k50,one_biomedical,10,0.342031494140625,0.34209381103515624,0.3378759765625,0.34488220214843746,0.3384107360839844,0.3448455352783203
35,equal_subfield_composition,neighbors_k50,both_biomedical,10,0.5857099609375,0.5862109375,0.576875,0.59109375,0.578226318359375,0.590423583984375
35,equal_subfield_composition,rsa_spearman,all,10,0.574072537854952,0.5765617201964575,0.5634102335037923,0.5783774986891769,0.5645488214220213,0.5782890439588808
35,equal_subfield_composition,rsa_spearman,without_biomedical,10,0.5734989762546487,0.5758170564354621,0.5608022694580053,0.5796135048678017,0.5620812380462613,0.5791756505694832
35,equal_subfield_composition,rsa_spearman,one_biomedical,10,0.5564429339526258,0.5565032833621019,0.5490507804437207,0.5642173635741374,0.5495595733922787,0.5635024428702384
35,equal_subfield_composition,rsa_spearman,both_biomedical,10,0.8722059251006659,0.8717389829616,0.8661510969668793,0.8812356871390892,0.8661586071923992,0.8801386450778977
35,observed_eligible_composition,cka_debiased,all,10,0.6366095951805661,0.637010728848438,0.6279443039760564,0.6413265832012495,0.6290566105276666,0.641162179805805
35,observed_eligible_composition,cka_debiased,without_biomedical,10,0.6480442453145892,0.6488462850003089,0.6395970833486303,0.6523769660083422,0.6406461541615804,0.65212858008179
35,observed_eligible_composition,cka_debiased,one_biomedical,10,0.6030027071244003,0.6028802706852905,0.5935903216134804,0.6119223033512196,0.5944683290557387,0.6115987366422024
35,observed_eligible_composition,cka_debiased,both_biomedical,10,0.8541496003265724,0.8539358634803136,0.8499992853057466,0.8602073438602278,0.8501553150012421,0.8595010910397577
35,observed_eligible_composition,neighbors_k10,all,10,0.27880219184027777,0.2784385850694444,0.2751063368055556,0.28224609375,0.2753126356336806,0.28215502929687497
35,observed_eligible_composition,neighbors_k10,without_biomedical,10,0.2826351492745536,0.28257620675223216,0.27969970703125,0.28634207589285715,0.27973972865513397,0.2863244192940848
35,observed_eligible_composition,neighbors_k10,one_biomedical,10,0.2578793334960937,0.25827178955078123,0.2525421142578125,0.2626708984375,0.2531511688232422,0.26223144531250003
35,observed_eligible_composition,neighbors_k10,both_biomedical,10,0.5062451171875,0.5052978515625,0.498876953125,0.513720703125,0.499700927734375,0.513336181640625
35,observed_eligible_composition,neighbors_k25,all,10,0.3222876736111111,0.3219351128472222,0.3198736979166667,0.32547135416666667,0.3198813151041667,0.32533404947916666
35,observed_eligible_composition,neighbors_k25,without_biomedical,10,0.3249309430803572,0.32465506417410717,0.3222572544642857,0.3287520926339286,0.3223179931640625,0.3285110212053572
35,observed_eligible_composition,neighbors_k25,one_biomedical,10,0.3032486572265625,0.303709716796875,0.29978759765625,0.3069482421875,0.29997189331054686,0.306598876953125
35,observed_eligible_composition,neighbors_k25,both_biomedical,10,0.5529003906250001,0.55326171875,0.54484375,0.56025390625,0.5459291992187499,0.5592958984375
35,observed_eligible_composition,neighbors_k50,all,10,0.36254073350694443,0.36263009982638883,0.35824739583333326,0.3652261284722222,0.3586438313802083,0.3651805718315972
35,observed_eligible_composition,neighbors_k50,without_biomedical,10,0.3645683244977679,0.3645096261160715,0.35971784319196426,0.3682575334821429,0.36017832728794635,0.36808457728794647
35,observed_eligible_composition,neighbors_k50,one_biomedical,10,0.344902099609375,0.3451507568359375,0.3418450927734375,0.3474932861328125,0.3420054931640625,0.34742132568359374
35,observed_eligible_composition,neighbors_k50,both_biomedical,10,0.5879863281250001,0.5889306640625,0.57951171875,0.593740234375,0.580880615234375,0.593072265625
35,observed_eligible_composition,rsa_spearman,all,10,0.5673602799261107,0.5686837000292757,0.5549988505705638,0.5779015046472539,0.5558225620918229,0.5770337620932594
35,observed_eligible_composition,rsa_spearman,without_biomedical,10,0.56803599211894,0.5682482226340044,0.5539609723012238,0.5790847678396046,0.5556916343802656,0.578912429079306
35,observed_eligible_composition,rsa_spearman,one_biomedical,10,0.547211153320931,0.5490006728180172,0.5342983552124014,0.5575512364440971,0.5349907249323692,0.5567198342854678
35,observed_eligible_composition,rsa_spearman,both_biomedical,10,0.8708263642097647,0.8702502497766221,0.8646383911470924,0.877573494234937,0.8649519953841144,0.877008733706336
36,equal_subfield_composition,cka_debiased,all,10,0.5763628286591944,0.5760846752741631,0.5740179275516676,0.5786422915722024,0.574145994232709,0.5785347745417038
36,equal_subfield_composition,cka_debiased,without_biomedical,10,0.5964612174197079,0.5959168245512145,0.5939748912352866,0.5997066035846831,0.594171307277406,0.599609895140591
36,equal_subfield_composition,cka_debiased,one_biomedical,10,0.5243848411036687,0.5245619752610232,0.5201236341054059,0.5292488992079274,0.5201951154085225,0.5288084025988026
36,equal_subfield_composition,cka_debiased,both_biomedical,10,0.845255744253223,0.8452219709471915,0.8388748318804808,0.8533373294221999,0.8391215517090017,0.8524759084175321
36,equal_subfield_composition,neighbors_k10,all,10,0.27977376302083334,0.2795534939236111,0.2758550347222222,0.28325629340277775,0.27598101128472224,0.28309027777777773
36,equal_subfield_composition,neighbors_k10,without_biomedical,10,0.29229858398437497,0.29268275669642857,0.2876569475446429,0.29585658482142857,0.2879645647321429,0.2957836042131696
36,equal_subfield_composition,neighbors_k10,one_biomedical,10,0.24323638916015627,0.24277191162109374,0.2397735595703125,0.247149658203125,0.23986282348632812,0.2469573974609375
36,equal_subfield_composition,neighbors_k10,both_biomedical,10,0.5136767578125,0.51396484375,0.50537109375,0.51884765625,0.506326904296875,0.51882568359375
36,equal_subfield_composition,neighbors_k25,all,10,0.3164771701388889,0.3165464409722222,0.3126801215277778,0.32032725694444447,0.3132072699652778,0.31994678819444444
36,equal_subfield_composition,neighbors_k25,without_biomedical,10,0.3300196010044643,0.32996826171875,0.32548409598214284,0.3347279575892857,0.3260252511160714,0.334114763532366
36,equal_subfield_composition,neighbors_k25,one_biomedical,10,0.2778603515625,0.27776123046875,0.275062255859375,0.28043457031249996,0.2752806091308594,0.2803821105957031
36,equal_subfield_composition,neighbors_k25,both_biomedical,10,0.5551582031250001,0.55572265625,0.54865234375,0.5593359375,0.54926318359375,0.55912939453125
36,equal_subfield_composition,neighbors_k50,all,10,0.3452719618055556,0.3456213107638889,0.34204014756944445,0.3481870659722222,0.34232164171006946,0.3478894585503472
36,equal_subfield_composition,neighbors_k50,without_biomedical,10,0.35807763671875004,0.3583232770647322,0.35475202287946433,0.36208984375000003,0.35490324183872773,0.3616540004185268
36,equal_subfield_composition,neighbors_k50,one_biomedical,10,0.3076458740234375,0.30802551269531253,0.30439636230468753,0.30935363769531254,0.30486904907226564,0.3093039245605469
36,equal_subfield_composition,neighbors_k50,both_biomedical,10,0.5887304687499999,0.5886962890625,0.5855078125,0.592412109375,0.585518798828125,0.592203369140625
36,equal_subfield_composition,rsa_spearman,all,10,0.4847182177793591,0.4849468505069673,0.4744279605525364,0.49252479823264544,0.4758960232909666,0.4920367726340054
36,equal_subfield_composition,rsa_spearman,without_biomedical,10,0.4899886192782662,0.48936636596349625,0.4823208720145339,0.4979530669757044,0.4825318397202868,0.4977533987732102
36,equal_subfield_composition,rsa_spearman,one_biomedical,10,0.45130899931604135,0.4531158126307582,0.4364299815459499,0.4597660066123521,0.43799364369197863,0.4590364781660854
36,equal_subfield_composition,rsa_spearman,both_biomedical,10,0.8716944712230376,0.8723505604461275,0.8613941037219877,0.8786578086516506,0.8621320667386698,0.8783229032063622
36,observed_eligible_composition,cka_debiased,all,10,0.5731576692917273,0.5729323828534403,0.5699332567428377,0.5776088274798906,0.5699818893386919,0.5773353256968501
36,observed_eligible_composition,cka_debiased,without_biomedical,10,0.5876411393826426,0.587485179802628,0.5836083310622188,0.5946058077423413,0.5836199228303175,0.5936967104302757
36,observed_eligible_composition,cka_debiased,one_biomedical,10,0.5303529327626533,0.5310714174599256,0.5249084629691753,0.5339470983787764,0.5251961484187753,0.5338099580171267
36,observed_eligible_composition,cka_debiased,both_biomedical,10,0.8524962912112792,0.8513708843360659,0.8495225167723678,0.8587127990869357,0.8496763046407784,0.8581861462467647
36,observed_eligible_composition,neighbors_k10,all,10,0.26369563802083335,0.26453287760416666,0.25837348090277773,0.26676106770833335,0.2590543891059027,0.26640144856770837
36,observed_eligible_composition,neighbors_k10,without_biomedical,10,0.27375819614955355,0.27449776785714286,0.2683192661830357,0.27651715959821427,0.26904789515904015,0.2764261300223214
36,observed_eligible_composition,neighbors_k10,one_biomedical,10,0.23096771240234376,0.23145294189453125,0.225421142578125,0.23465881347656248,0.2260851287841797,0.23448371887207028
36,observed_eligible_composition,neighbors_k10,both_biomedical,10,0.5055908203125,0.5058837890625,0.48955078125,0.51904296875,0.492099609375,0.517581787109375
36,observed_eligible_composition,neighbors_k25,all,10,0.29721098090277775,0.29839843749999995,0.29136154513888884,0.30055859375000005,0.29199201388888885,0.30049824218750004
36,observed_eligible_composition,neighbors_k25,without_biomedical,10,0.3065687779017857,0.3070493861607143,0.3003348214285714,0.3104234095982143,0.30104265485491066,0.31025139508928573
36,observed_eligible_composition,neighbors_k25,one_biomedical,10,0.265012451171875,0.2656903076171875,0.259569091796875,0.2690966796875,0.25998300170898436,0.2690582275390625
36,observed_eligible_composition,neighbors_k25,both_biomedical,10,0.550369140625,0.5510546875,0.53505859375,0.55923828125,0.53806005859375,0.55810009765625
36,observed_eligible_composition,neighbors_k50,all,10,0.3251351345486112,0.32631608072916674,0.32008919270833336,0.328583984375,0.32055501302083333,0.32855224609375006
36,observed_eligible_composition,neighbors_k50,without_biomedical,10,0.3328920200892857,0.33355294363839283,0.3277437918526785,0.3368296595982142,0.3282092982700892,0.33665544782366064
36,observed_eligible_composition,neighbors_k50,one_biomedical,10,0.2952218627929687,0.29581756591796876,0.290015869140625,0.2996612548828125,0.2904279937744141,0.29944180297851564
36,observed_eligible_composition,neighbors_k50,both_biomedical,10,0.5865546874999998,0.5867138671875001,0.576806640625,0.59349609375,0.5783271484375,0.592685302734375
36,observed_eligible_composition,rsa_spearman,all,10,0.4909531189113686,0.4928931665839996,0.4828803313943007,0.49923386944398485,0.48320082792429453,0.4984092567105582
36,observed_eligible_composition,rsa_spearman,without_biomedical,10,0.49362108629004126,0.4957051553050398,0.485896497929045,0.5002012074148242,0.48596904475564195,0.500007589293334
36,observed_eligible_composition,rsa_spearman,one_biomedical,10,0.46213937145888134,0.46220383427905626,0.4524298410266051,0.47581657508263553,0.45334366790640074,0.47334040236497005
36,observed_eligible_composition,rsa_spearman,both_biomedical,10,0.8772699915483262,0.8761177630420469,0.8709198156052996,0.8847515755178822,0.8715167140692796,0.8846950476073026
