outcome,group,endpoint_change,slope,increasing_steps,decreasing_steps,minimum,maximum,model_a,model_b
cka_primary,0,0.03859531486854095,0.010100830132153992,4,0,0.7269618115374072,0.7655571264059482,specter,specter2
cka_primary,1,0.022332510136209405,0.005676820542173,4,0,0.7950322102448292,0.8173647203810386,specter,scincl
cka_primary,2,0.018923680790109976,0.005890384045105157,3,1,0.558616822982972,0.5818839027639329,specter,scibert
cka_primary,3,0.008634146443381674,0.001946019979879976,3,1,0.5602826216065778,0.5723530071788734,specter,bert
cka_primary,4,0.03043397611932719,0.007740581119338641,4,0,0.754029292302505,0.7844632684218322,specter,mpnet
cka_primary,5,0.0314135006577243,0.008023465161997168,4,0,0.7126740902347597,0.744087590892484,specter,minilm
cka_primary,6,0.019115176425353764,0.005302677321991545,4,0,0.5107641173748643,0.529879293800218,specter,pubmedbert
cka_primary,7,0.02952671609674551,0.007374859851369209,4,0,0.5384388745305898,0.5679655906273353,specter,biobert
cka_primary,8,0.011628861613568242,0.002956127364731986,4,0,0.5380618821791905,0.5496907437927587,specter,simcse
cka_primary,9,0.03785181586550501,0.00985784037816193,4,0,0.7863587893481324,0.8242106052136374,specter2,scincl
cka_primary,10,0.0010963610958580894,-4.237255129588835e-05,2,2,0.5803402243987451,0.5877839814376228,specter2,scibert
cka_primary,11,0.009788531018830926,0.001698445378081237,3,1,0.5265809622025823,0.5368075329654858,specter2,bert
cka_primary,12,0.04138290690554414,0.010685737588806355,4,0,0.7369936061900423,0.7783765130955864,specter2,mpnet
cka_primary,13,0.04687871657274523,0.012365797282390756,4,0,0.686983726323911,0.7338624428966563,specter2,minilm
cka_primary,14,0.009967607055213157,0.0019553617636441033,3,1,0.5019555370611324,0.5119231441163455,specter2,pubmedbert
cka_primary,15,0.018172133437544757,0.00332609415973415,2,2,0.5290669840987998,0.5472391175363446,specter2,biobert
cka_primary,16,0.015825985806779796,0.004094858892726716,2,2,0.49601227789052965,0.513325812732931,specter2,simcse
cka_primary,17,0.032490970790004736,0.009500218503852608,3,1,0.5454371904483618,0.5798442330094783,scincl,scibert
cka_primary,18,0.015214835121253878,0.0038047502024581405,3,1,0.5399480845471064,0.5570284944786762,scincl,bert
cka_primary,19,0.025951699843438703,0.006807938445236661,4,0,0.7746548173679441,0.8006065172113828,scincl,mpnet
cka_primary,20,0.02864964673287529,0.007443408660553463,4,0,0.7292035737257228,0.757853220458598,scincl,minilm
cka_primary,21,0.02985780705768354,0.008259984565679423,4,0,0.4890121657858911,0.5188699728435746,scincl,pubmedbert
cka_primary,22,0.037040315311181904,0.009443399222334104,4,0,0.5169762236280391,0.554016538939221,scincl,biobert
cka_primary,23,0.016721770620038767,0.004354828244912868,4,0,0.5179261141974145,0.5346478848174533,scincl,simcse
cka_primary,24,-0.004423422028007051,-0.0014344773256078414,2,2,0.7300919003070907,0.7526879310145175,scibert,bert
cka_primary,25,0.03464971574818998,0.00911289249429248,4,0,0.535506389888031,0.570156105636221,scibert,mpnet
cka_primary,26,0.03524064456796816,0.01022765703057411,3,1,0.5208249192017603,0.5618941234426895,scibert,minilm
cka_primary,27,0.015295020435253992,0.0031206849562500196,3,1,0.8373407202666918,0.8526357407019458,scibert,pubmedbert
cka_primary,28,0.005736614837037468,0.00014785190571882102,2,2,0.8304877035162636,0.8417873536420905,scibert,biobert
cka_primary,29,0.004936572504738113,0.0018443621859068893,2,2,0.6197528318638148,0.640615033347025,scibert,simcse
cka_primary,30,0.021628797735474548,0.004927552497879928,3,1,0.5541234819488317,0.5757522796843062,bert,mpnet
cka_primary,31,0.01985042199565934,0.004969714173320527,2,2,0.5624180267099318,0.5861856452997783,bert,minilm
cka_primary,32,0.0003778867879504766,-0.0004254638665071475,2,2,0.7394985032832193,0.7506345578150242,bert,pubmedbert
cka_primary,33,0.0014321349496825286,-0.0003436202762769014,3,1,0.7694031970444297,0.7785600615510896,bert,biobert
cka_primary,34,0.0001789138612608987,-0.00022220605508067593,2,2,0.780692016695222,0.7859289526212752,bert,simcse
cka_primary,35,0.020434941245049076,0.0053269778740337335,4,0,0.8245277093654071,0.8449626506104562,mpnet,minilm
cka_primary,36,0.03724245403595533,0.009359503806330893,4,0,0.48377267895583626,0.5210151329917916,mpnet,pubmedbert
cka_primary,37,0.04259829138454263,0.010085199079759221,4,0,0.5189259184352277,0.5615242098197704,mpnet,biobert
cka_primary,38,0.01814137641301894,0.0045504291013563234,3,1,0.5362602465207364,0.5544016229337554,mpnet,simcse
cka_primary,39,0.033945790557854405,0.009260765761703326,3,1,0.47952943792827696,0.5146462508454898,minilm,pubmedbert
cka_primary,40,0.04107805443677315,0.010506681440370081,3,1,0.5129497614966089,0.5551355429480946,minilm,biobert
cka_primary,41,0.012777341006130594,0.00331839350573111,3,1,0.5611336616175147,0.5739110026236452,minilm,simcse
cka_primary,42,0.005600882758821535,0.0002746632491532397,2,2,0.8549235962676344,0.8643660040207629,pubmedbert,biobert
cka_primary,43,0.0029602362285056083,0.0007937585145580739,2,2,0.6167154160703094,0.6260978316967202,pubmedbert,simcse
cka_primary,44,0.006016415502389072,0.0010634095918992336,2,2,0.632000072105038,0.6476461052637073,biobert,simcse
rsa_spearman_primary,0,0.050382560801211285,0.013580268314500366,4,0,0.6163958601832159,0.6667784209844272,specter,specter2
rsa_spearman_primary,1,0.03689238385657956,0.010214122263203151,4,0,0.7099410677997351,0.7468334516563147,specter,scincl
rsa_spearman_primary,2,0.02324367820271217,0.006197870757945134,4,0,0.4506499642880212,0.47389364249073335,specter,scibert
rsa_spearman_primary,3,0.019259159066638554,0.004671540698652188,3,1,0.4477757468573914,0.46703490592402996,specter,bert
rsa_spearman_primary,4,0.031621172416679055,0.008364155798416295,4,0,0.6826072785402577,0.7142284509569368,specter,mpnet
rsa_spearman_primary,5,0.03404256249808468,0.008794911579095932,4,0,0.6531355702400534,0.6871781327381381,specter,minilm
rsa_spearman_primary,6,0.02313115765877488,0.005128018405246837,3,1,0.4212223567066668,0.4443535143654417,specter,pubmedbert
rsa_spearman_primary,7,0.04179859527856061,0.010431225570346137,4,0,0.4056982617360664,0.447496857014627,specter,biobert
rsa_spearman_primary,8,0.021159015396157665,0.00542194120354218,3,1,0.3860110948711239,0.41107059187898454,specter,simcse
rsa_spearman_primary,9,0.053980607135026615,0.014130479719503809,4,0,0.6584241533939268,0.7124047605289534,specter2,scincl
rsa_spearman_primary,10,0.08534483583269292,0.020323845176080192,4,0,0.3505428626884495,0.4358876985211424,specter2,scibert
rsa_spearman_primary,11,0.09062674052588487,0.022367495450010443,4,0,0.28645462385183756,0.37708136437772244,specter2,bert
rsa_spearman_primary,12,0.05552226403206195,0.014100775324904391,4,0,0.6374335850479629,0.6929558490800248,specter2,mpnet
rsa_spearman_primary,13,0.06352500633825087,0.016483263026231175,4,0,0.5765533554231755,0.6400783617614264,specter2,minilm
rsa_spearman_primary,14,0.09925126106903936,0.023895399866545996,4,0,0.28258098190100256,0.3818322429700419,specter2,pubmedbert
rsa_spearman_primary,15,0.10762007463784551,0.025867638402770742,4,0,0.2768322501711701,0.3844523248090156,specter2,biobert
rsa_spearman_primary,16,0.0729764451885373,0.017643786386441745,4,0,0.25224628983930797,0.32522273502784527,specter2,simcse
rsa_spearman_primary,17,0.030334739223733476,0.008446684909346792,4,0,0.3927189240581895,0.42305366328192295,scincl,scibert
rsa_spearman_primary,18,0.016729219505488502,0.004962779117232063,3,1,0.3798552871300037,0.4053336835724108,scincl,bert
rsa_spearman_primary,19,0.01409112570059734,0.003921763885734087,3,1,0.7219149830488257,0.7365503684184908,scincl,mpnet
rsa_spearman_primary,20,0.017699734298068592,0.004898089431258512,3,1,0.6731335605146032,0.6934598048690724,scincl,minilm
rsa_spearman_primary,21,0.03528659774655507,0.009179132411808445,3,1,0.34916842399711306,0.3851901266504752,scincl,pubmedbert
rsa_spearman_primary,22,0.037551521894966744,0.009814875556482573,3,1,0.33813655205466847,0.3786735058024723,scincl,biobert
rsa_spearman_primary,23,0.002137389831894154,0.0012901531927953847,2,2,0.34471999964064687,0.36041674500346493,scincl,simcse
rsa_spearman_primary,24,-0.012448884203925648,-0.0022623228242740325,1,3,0.7262876260899896,0.7452493836513691,scibert,bert
rsa_spearman_primary,25,0.05030612764241027,0.011831174696088608,4,0,0.43472252490489216,0.48502865254730243,scibert,mpnet
rsa_spearman_primary,26,0.037753219150621964,0.009957168550355189,4,0,0.4439444994794692,0.48169771863009114,scibert,minilm
rsa_spearman_primary,27,0.0023815338085174664,0.0004152558438162091,2,2,0.8458612929576252,0.8512042262961654,scibert,pubmedbert
rsa_spearman_primary,28,-0.00207676530946288,-0.0008969281111690375,1,3,0.8302597874437707,0.8352475245559096,scibert,biobert
rsa_spearman_primary,29,0.0024761844886859175,0.0013996327039807576,1,3,0.5412498569767107,0.5562485958549278,scibert,simcse
rsa_spearman_primary,30,0.028829837807096803,0.006526390264974691,3,1,0.4800387589789399,0.5088685967860367,bert,mpnet
rsa_spearman_primary,31,0.020099632034997428,0.005100866760758205,3,1,0.5179453881081524,0.5396855913397721,bert,minilm
rsa_spearman_primary,32,-0.019880126573420753,-0.004543042951962795,1,3,0.7732490486802958,0.7931291752537165,bert,pubmedbert
rsa_spearman_primary,33,-0.008298296886929402,-0.0017922723391839313,1,3,0.7984382575092108,0.8067365543961402,bert,biobert
rsa_spearman_primary,34,0.004290650570733301,0.0013498263765827855,3,1,0.7827886660178298,0.7920148921346062,bert,simcse
rsa_spearman_primary,35,0.014938351610872425,0.004052270421159831,3,1,0.815811806531933,0.8315664313597224,mpnet,minilm
rsa_spearman_primary,36,0.051748959907245595,0.012037893978845183,4,0,0.4127035377932705,0.4644524977005161,mpnet,pubmedbert
rsa_spearman_primary,37,0.0487611676305042,0.011106829758084469,4,0,0.41535723945407993,0.46411840708458413,mpnet,biobert
rsa_spearman_primary,38,0.009339415149016983,0.0020509351933794663,3,1,0.4538102658280509,0.46704940061687317,mpnet,simcse
rsa_spearman_primary,39,0.03546453938560595,0.008927250410863697,4,0,0.4361576393318722,0.47162217871747814,minilm,pubmedbert
rsa_spearman_primary,40,0.03823226209175501,0.009592255071826362,3,1,0.44098382013451687,0.4795157029348282,minilm,biobert
rsa_spearman_primary,41,0.0028261690425512853,0.0008221805125578019,2,2,0.49718872248317647,0.5081800438135458,minilm,simcse
rsa_spearman_primary,42,-0.015259893235590849,-0.004003688912533332,1,3,0.8655729731783742,0.8808422994106633,pubmedbert,biobert
rsa_spearman_primary,43,0.005407415222308254,0.0018307249582655062,2,2,0.5954556079373309,0.6062084777123673,pubmedbert,simcse
rsa_spearman_primary,44,0.006715569461059334,0.0019134356470345893,2,2,0.6055836309757655,0.616255650056436,biobert,simcse
procrustes_similarity_primary,0,0.018293231437078283,0.004776732186147492,4,0,0.7075398548094045,0.7258330862464828,specter,specter2
procrustes_similarity_primary,1,0.009749871646830388,0.0026159185203842306,4,0,0.7714286453719723,0.7811785170188027,specter,scincl
procrustes_similarity_primary,2,-0.0003875684949429248,-2.7901749467229565e-05,2,2,0.6522252956120987,0.654112880372696,specter,scibert
procrustes_similarity_primary,3,0.002849978813717069,0.0005363097178892051,2,2,0.6161084264522885,0.6228538969733697,specter,bert
procrustes_similarity_primary,4,0.009216598295713196,0.002438733869593168,3,1,0.7113996726112879,0.7206987071699008,specter,mpnet
procrustes_similarity_primary,5,0.009761861504649194,0.002551861567823166,4,0,0.662377822797058,0.6721396843017072,specter,minilm
procrustes_similarity_primary,6,-0.00016499660776325697,-4.198392592780209e-05,2,2,0.6291884295518506,0.6319577060556925,specter,pubmedbert
procrustes_similarity_primary,7,0.00122919850338421,7.94789892249348e-05,1,3,0.6233701480995516,0.6271409786867719,specter,biobert
procrustes_similarity_primary,8,0.0027212027100664837,0.0007847618738447082,3,1,0.5996975076475489,0.6031234406288166,specter,simcse
procrustes_similarity_primary,9,0.02035487998660901,0.005201541883090255,4,0,0.7886552629799654,0.8090101429665744,specter2,scincl
procrustes_similarity_primary,10,-0.002841152263669877,-0.0008174015381099186,1,3,0.687595309300253,0.691415644017596,specter2,scibert
procrustes_similarity_primary,11,0.0032776123670069657,0.0006532586773134508,2,2,0.5856889270885918,0.5927788539146692,specter2,bert
procrustes_similarity_primary,12,0.016742155765122724,0.0044082555925158305,4,0,0.684345756209802,0.7010879119749247,specter2,mpnet
procrustes_similarity_primary,13,0.017317296983973218,0.004581274338851249,4,0,0.6382691714743298,0.655586468458303,specter2,minilm
procrustes_similarity_primary,14,-0.0018633299117489788,-0.0004709126949724807,1,3,0.6132537969103885,0.6153161392332857,specter2,pubmedbert
procrustes_similarity_primary,15,-0.0010470187504700856,-0.0005272804356015292,1,3,0.6056856618038301,0.6093701267470166,specter2,biobert
procrustes_similarity_primary,16,0.001354646319849273,0.0004771911214363378,2,2,0.5709114767286015,0.5741594698519619,specter2,simcse
procrustes_similarity_primary,17,0.0025710044449345215,0.0006356886674818485,3,1,0.6757789604908623,0.6783499649357968,scincl,scibert
procrustes_similarity_primary,18,0.0028570424512116555,0.0005892546555144263,2,2,0.6065487239123161,0.6145396046080825,scincl,bert
procrustes_similarity_primary,19,0.0066519105701058345,0.0018970885512829216,3,1,0.7189258386048666,0.7277216124719483,scincl,mpnet
procrustes_similarity_primary,20,0.007804688494030709,0.002137909353335199,3,1,0.6698678340407245,0.6789432473635256,scincl,minilm
procrustes_similarity_primary,21,0.0027350067786391374,0.0007419357474815147,2,2,0.6187148844458518,0.6232807949719658,scincl,pubmedbert
procrustes_similarity_primary,22,0.002828658686659935,0.0005182591601420317,2,2,0.6121213883400364,0.617167852090903,scincl,biobert
procrustes_similarity_primary,23,0.0028970915129278296,0.0008418812566565847,3,1,0.5897825928033743,0.5937603257101542,scincl,simcse
procrustes_similarity_primary,24,-0.004847614379069998,-0.0012155175736583202,2,2,0.7559088056152845,0.7635939996081231,scibert,bert
procrustes_similarity_primary,25,-0.001026737739556749,-0.00019593991171757975,2,2,0.6102244447114156,0.6136057282570219,scibert,mpnet
procrustes_similarity_primary,26,-0.0022173103283575912,-0.0003341795025601613,2,2,0.583742826388647,0.5888355647001791,scibert,minilm
procrustes_similarity_primary,27,0.0019680851512894337,0.00046455211520091133,3,1,0.8288212129133906,0.8316101992595646,scibert,pubmedbert
procrustes_similarity_primary,28,-0.0007776012843107027,-0.0003155007072270344,1,3,0.8063862846902925,0.8079866074894587,scibert,biobert
procrustes_similarity_primary,29,-0.007250856005421746,-0.0017468254660784276,1,3,0.6669006212086389,0.6746593983961324,scibert,simcse
procrustes_similarity_primary,30,0.0008633885295298294,0.00011914284095642103,2,2,0.6079713366183495,0.614571933013768,bert,mpnet
procrustes_similarity_primary,31,-0.000346962210557078,-5.3807165957286963e-05,2,2,0.5920184538054206,0.5980916519303519,bert,minilm
procrustes_similarity_primary,32,-0.006144726282056312,-0.001544737469743218,1,3,0.762487946232945,0.7687898917246975,bert,pubmedbert
procrustes_similarity_primary,33,-0.004702217927743502,-0.0012027448075311309,0,4,0.7659926256483646,0.7706948435761081,bert,biobert
procrustes_similarity_primary,34,-0.003743348800917312,-0.0009391562599764036,0,4,0.7963849406475647,0.800128289448482,bert,simcse
procrustes_similarity_primary,35,0.0025499035124902925,0.0008282802356384345,3,1,0.7479765655392214,0.7527650921163811,mpnet,minilm
procrustes_similarity_primary,36,0.0006869706733131364,0.0002216203795889271,2,2,0.5934419049322968,0.5973523293342917,mpnet,pubmedbert
procrustes_similarity_primary,37,0.0009185373868579871,5.3813553576076425e-05,1,3,0.597907325183784,0.6023495041874344,mpnet,biobert
procrustes_similarity_primary,38,-0.0017728144694506565,-0.0002880002494306977,1,3,0.5993783294722367,0.6031019553607979,mpnet,simcse
procrustes_similarity_primary,39,-0.0013413409274819488,-0.0001430982477378384,2,2,0.5676339653215364,0.5724336903013467,minilm,pubmedbert
procrustes_similarity_primary,40,-0.000402572651746147,-0.00011843756969789342,2,2,0.5734332097070772,0.5781334421456263,minilm,biobert
procrustes_similarity_primary,41,-0.0030135709599304894,-0.0005564447806608141,1,3,0.588082411886818,0.5922426667883195,minilm,simcse
procrustes_similarity_primary,42,-0.0004913120961937967,-0.00023146562437561524,2,2,0.8267866728137533,0.8281187048651221,pubmedbert,biobert
procrustes_similarity_primary,43,-0.008482405612497801,-0.0021056376507070373,0,4,0.6641837019882707,0.6726661076007685,pubmedbert,simcse
procrustes_similarity_primary,44,-0.008465986895562994,-0.0022362544022036523,0,4,0.6645527253262038,0.6730187122217668,biobert,simcse
cka_raw,0,0.038328316565820475,0.010046247049561318,4,0,0.7258547012742529,0.7641830178400734,specter,specter2
cka_raw,1,0.02242583827246969,0.005713242923861173,4,0,0.7935654639312071,0.8159913022036768,specter,scincl
cka_raw,2,0.02349317396921069,0.007029796779230812,3,1,0.528310235190885,0.5562053507790672,specter,scibert
cka_raw,3,0.008368710605925034,0.0014399585909708802,2,2,0.5428464188120455,0.561320341894268,specter,bert
cka_raw,4,0.030431453887153403,0.007709803376111468,4,0,0.7489431817429435,0.7793746356300969,specter,mpnet
cka_raw,5,0.032028690535044535,0.008160253506431746,4,0,0.7005049163361068,0.7325336068711513,specter,minilm
cka_raw,6,0.019570512941592733,0.0054080368877144295,4,0,0.5082830901029969,0.5278536030445896,specter,pubmedbert
cka_raw,7,0.019823269295279555,0.004813762415286171,3,1,0.52698600076409,0.5486787829595999,specter,biobert
cka_raw,8,0.011189791331317811,0.0028915800477926855,4,0,0.5351575052137256,0.5463472965450434,specter,simcse
cka_raw,9,0.03776643046026695,0.00984035189852812,4,0,0.7858441065666845,0.8236105370269514,specter2,scincl
cka_raw,10,0.004276319463043854,0.0006806333945070131,2,2,0.5532987331023371,0.5606488077687852,specter2,scibert
cka_raw,11,0.00948631594771554,0.0011734568645568766,3,1,0.5122213939039009,0.5286947633057989,specter2,bert
cka_raw,12,0.041876246189301525,0.01078655918500906,4,0,0.7343046323780472,0.7761808785673487,specter2,mpnet
cka_raw,13,0.04908407977072693,0.01291763340112546,4,0,0.6772962678920293,0.7263803476627563,specter2,minilm
cka_raw,14,0.010124652977883342,0.0019929467989253436,3,1,0.500823894112847,0.5109485470907303,specter2,pubmedbert
cka_raw,15,0.007985600716240882,0.000626530936983527,2,2,0.520252703795727,0.5299585958583733,specter2,biobert
cka_raw,16,0.01591680005565005,0.004164982516721228,3,1,0.4955553614779959,0.5130666881414782,specter2,simcse
cka_raw,17,0.036390832210490553,0.01049156773596629,3,1,0.5152916692084523,0.5535751269574993,scincl,scibert
cka_raw,18,0.014651143511200115,0.0032576724525608335,2,2,0.5238752831784271,0.5468723932802729,scincl,bert
cka_raw,19,0.02582249949704396,0.006752928793953639,4,0,0.7697812200859715,0.7956037195830155,scincl,mpnet
cka_raw,20,0.03173313007208378,0.008230775043658411,4,0,0.71605275529561,0.7477858853676937,scincl,minilm
cka_raw,21,0.029794157120137277,0.008253145895827773,4,0,0.4869893008208321,0.5167834579409694,scincl,pubmedbert
cka_raw,22,0.026989872559028294,0.006830881963113366,3,1,0.5071886003583808,0.5352367044373715,scincl,biobert
cka_raw,23,0.01567552724211896,0.004111355261877425,4,0,0.5175381373536573,0.5332136645957762,scincl,simcse
cka_raw,24,0.0007192570223150119,-0.0007656331978638242,2,2,0.710276429359814,0.7342757378785536,scibert,bert
cka_raw,25,0.03738890412474993,0.009612411951520483,4,0,0.5065145680594662,0.5439034721842161,scibert,mpnet
cka_raw,26,0.037395200324223166,0.010662723522000895,3,1,0.49266698427024797,0.5346222767469258,scibert,minilm
cka_raw,27,0.019780127460734098,0.004108975098221368,3,1,0.8197827758744075,0.8395629033351416,scibert,pubmedbert
cka_raw,28,-0.0005682137957403466,-0.0017177343154251901,2,2,0.8129826857303788,0.8290236012931499,scibert,biobert
cka_raw,29,0.010710498331319873,0.003389445580586292,2,2,0.6016610940611211,0.6273515726411671,scibert,simcse
cka_raw,30,0.02286272756207508,0.00468500401567915,3,1,0.5374242118501299,0.5656882669994542,bert,mpnet
cka_raw,31,0.019003605818521896,0.004289945154685526,2,2,0.5436743178779738,0.5719859020652036,bert,minilm
cka_raw,32,0.0024993673306303865,-0.00039876656879940243,2,2,0.7312412958656519,0.7488794519225368,bert,pubmedbert
cka_raw,33,-0.004985219069901681,-0.0024867830121519273,2,2,0.756743776300252,0.771641168281968,bert,biobert
cka_raw,34,0.002812185319476468,1.1722371008771049e-05,2,2,0.7637228036633066,0.7780767766841036,bert,simcse
cka_raw,35,0.02375951171384516,0.006171107870389792,4,0,0.8095147930662794,0.8332743047801245,mpnet,minilm
cka_raw,36,0.038251452477916004,0.009495559458345315,4,0,0.4810049855975386,0.5192564380754546,mpnet,pubmedbert
cka_raw,37,0.03293636428244995,0.007416041339624568,4,0,0.5102495516016524,0.5431859158841024,mpnet,biobert
cka_raw,38,0.019486540507613226,0.004893069438013153,3,1,0.5329316794915918,0.552418219999205,mpnet,simcse
cka_raw,39,0.034986972975280084,0.00946068937165263,3,1,0.47351973809101006,0.5088148484325927,minilm,pubmedbert
cka_raw,40,0.0316916721594287,0.00796264897967155,3,1,0.4976692094301727,0.5322950785893088,minilm,biobert
cka_raw,41,0.013930675619934219,0.0036848481334830875,4,0,0.5506994565046953,0.5646301321246295,minilm,simcse
cka_raw,42,-0.0014091157175412095,-0.0017576376600947352,2,2,0.8405706429089346,0.8553287880747996,pubmedbert,biobert
cka_raw,43,0.0036770108830270765,0.0010876089691223,2,2,0.6174695248811287,0.6280713792429644,pubmedbert,simcse
cka_raw,44,-0.002957659435336435,-0.0012455914337468287,2,2,0.620792722898557,0.6358173362494549,biobert,simcse
cka_cls,0,0.03859531486854095,0.010100830132153992,4,0,0.7269618115374072,0.7655571264059482,specter,specter2
cka_cls,1,0.022332510136209405,0.005676820542173,4,0,0.7950322102448292,0.8173647203810386,specter,scincl
cka_cls,2,0.005618651294603316,0.001458014116921491,2,2,0.3836151614885903,0.3900764685390612,specter,scibert
cka_cls,3,0.02491542171385236,0.005353266493675624,3,1,0.3682299611339611,0.3931453828478135,specter,bert
cka_cls,4,0.03043397611932719,0.007740581119338641,4,0,0.754029292302505,0.7844632684218322,specter,mpnet
cka_cls,5,0.0314135006577243,0.008023465161997168,4,0,0.7126740902347597,0.744087590892484,specter,minilm
cka_cls,6,0.02307210057299558,0.005344127783979169,3,1,0.3777046221150757,0.4007767226880713,specter,pubmedbert
cka_cls,7,0.026392317469134785,0.006449726960692892,4,0,0.4661775905735107,0.4925699080426455,specter,biobert
cka_cls,8,0.011628861613568242,0.002956127364731986,4,0,0.5380618821791905,0.5496907437927587,specter,simcse
cka_cls,9,0.03785181586550501,0.00985784037816193,4,0,0.7863587893481324,0.8242106052136374,specter2,scincl
cka_cls,10,-0.016675440694572885,-0.006028404672670229,1,3,0.3810253290566565,0.41400272953033546,specter2,scibert
cka_cls,11,0.02078960996261936,0.0036890778032761086,3,1,0.350687404375478,0.3714770143380974,specter2,bert
cka_cls,12,0.04138290690554414,0.010685737588806355,4,0,0.7369936061900423,0.7783765130955864,specter2,mpnet
cka_cls,13,0.04687871657274523,0.012365797282390756,4,0,0.686983726323911,0.7338624428966563,specter2,minilm
cka_cls,14,0.006370886629495365,-0.0003599267021410224,2,2,0.3806389759892458,0.40049528782086735,specter2,pubmedbert
cka_cls,15,0.014485991074792648,0.002276824930369159,2,2,0.45768747844632923,0.47788466395439205,specter2,biobert
cka_cls,16,0.015825985806779796,0.004094858892726716,2,2,0.49601227789052965,0.513325812732931,specter2,simcse
cka_cls,17,0.022313463790095966,0.005684408377888828,4,0,0.35972290342039503,0.382036367210491,scincl,scibert
cka_cls,18,0.036379521073852394,0.008472618871713355,4,0,0.34713434170072016,0.38351386277457256,scincl,bert
cka_cls,19,0.025951699843438703,0.006807938445236661,4,0,0.7746548173679441,0.8006065172113828,scincl,mpnet
cka_cls,20,0.02864964673287529,0.007443408660553463,4,0,0.7292035737257228,0.757853220458598,scincl,minilm
cka_cls,21,0.038057096861171424,0.009280197626607544,4,0,0.3532200637400781,0.3912771606012495,scincl,pubmedbert
cka_cls,22,0.038260440281948416,0.009531833188592942,4,0,0.44419099262455497,0.4824514329065034,scincl,biobert
cka_cls,23,0.016721770620038767,0.004354828244912868,4,0,0.5179261141974145,0.5346478848174533,scincl,simcse
cka_cls,24,-0.016081732483915756,-0.0056260188878570535,2,2,0.5275621636717037,0.5516588875824426,scibert,bert
cka_cls,25,0.024617367961642156,0.005398694156215611,3,1,0.353847424626828,0.37846479258847016,scibert,mpnet
cka_cls,26,0.026172109214522676,0.0070162871388998235,4,0,0.34556246365109566,0.37173457286561834,scibert,minilm
cka_cls,27,-0.017257835996908666,-0.007330691880381446,1,3,0.7015487635954055,0.7432813650417646,scibert,pubmedbert
cka_cls,28,-0.036412550969604496,-0.010850500907240069,1,3,0.6873483253268843,0.7322621588888741,scibert,biobert
cka_cls,29,-0.0054754548218313714,-0.0017621002851870072,2,2,0.4742693228542524,0.48286439468975123,scibert,simcse
cka_cls,30,0.04441156459164863,0.010031249898482298,4,0,0.35679744291759785,0.4012090075092465,bert,mpnet
cka_cls,31,0.040500379657496144,0.009650817996198758,4,0,0.36472782479098714,0.4052282044484833,bert,minilm
cka_cls,32,-0.036747165182057784,-0.011373458032625261,1,3,0.54204748480438,0.5865966651479227,bert,pubmedbert
cka_cls,33,-0.019672131606429666,-0.007298813047216468,2,2,0.5726766535729836,0.6063205208322888,bert,biobert
cka_cls,34,0.02045621582636825,0.003921431393645381,2,2,0.6010532630169815,0.6215094788433497,bert,simcse
cka_cls,35,0.020434941245049076,0.0053269778740337335,4,0,0.8245277093654071,0.8449626506104562,mpnet,minilm
cka_cls,36,0.0383315923064767,0.008562224540118225,4,0,0.35362339101254137,0.39195498331901807,mpnet,pubmedbert
cka_cls,37,0.038515572690814126,0.008887053882307061,4,0,0.443659447939213,0.48217502063002715,mpnet,biobert
cka_cls,38,0.01814137641301894,0.0045504291013563234,3,1,0.5362602465207364,0.5544016229337554,mpnet,simcse
cka_cls,39,0.03582482186430708,0.008890599649768705,4,0,0.3469568646438109,0.382781686508118,minilm,pubmedbert
cka_cls,40,0.03228041962472267,0.008119023775284373,4,0,0.43572996955240034,0.468010389177123,minilm,biobert
cka_cls,41,0.012777341006130594,0.00331839350573111,3,1,0.5611336616175147,0.5739110026236452,minilm,simcse
cka_cls,42,-0.03146111548592867,-0.010567070421475377,1,3,0.6922802057775966,0.7394701606511279,pubmedbert,biobert
cka_cls,43,-0.0069465348956312956,-0.00268997287794136,2,2,0.4972544546523304,0.5102611136404812,pubmedbert,simcse
cka_cls,44,-0.0015130529721939512,-0.0013911530155359618,2,2,0.5700608425781419,0.5809462667891137,biobert,simcse
cka_sep,0,0.03859531486854095,0.010100830132153992,4,0,0.7269618115374072,0.7655571264059482,specter,specter2
cka_sep,1,0.022332510136209405,0.005676820542173,4,0,0.7950322102448292,0.8173647203810386,specter,scincl
cka_sep,2,0.011890023031094765,0.003230023955961969,3,1,0.4446115114660974,0.45755261056535546,specter,scibert
cka_sep,3,0.10673926572394954,0.026172989597605795,4,0,0.13499675627828694,0.24173602200223648,specter,bert
cka_sep,4,0.03043397611932719,0.007740581119338641,4,0,0.754029292302505,0.7844632684218322,specter,mpnet
cka_sep,5,0.0314135006577243,0.008023465161997168,4,0,0.7126740902347597,0.744087590892484,specter,minilm
cka_sep,6,0.029382653495555022,0.007630984953859521,4,0,0.6682915013168316,0.6976741548123866,specter,pubmedbert
cka_sep,7,0.0343960275318248,0.009224832953056072,4,0,0.6169070140928193,0.6513030416246441,specter,biobert
cka_sep,8,0.011628861613568242,0.002956127364731986,4,0,0.5380618821791905,0.5496907437927587,specter,simcse
cka_sep,9,0.03785181586550501,0.00985784037816193,4,0,0.7863587893481324,0.8242106052136374,specter2,scincl
cka_sep,10,-0.004327993076576608,-0.0024244682088092827,1,3,0.4512367124975504,0.4737280804244917,specter2,scibert
cka_sep,11,0.10179828273649402,0.024614872145943257,4,0,0.13159148006111426,0.23338976279760829,specter2,bert
cka_sep,12,0.04138290690554414,0.010685737588806355,4,0,0.7369936061900423,0.7783765130955864,specter2,mpnet
cka_sep,13,0.04687871657274523,0.012365797282390756,4,0,0.686983726323911,0.7338624428966563,specter2,minilm
cka_sep,14,0.025642246165612725,0.006035590820297698,4,0,0.6431666788514145,0.6688089250170273,specter2,pubmedbert
cka_sep,15,0.02551775632220643,0.005867142907969925,4,0,0.5954958522862607,0.6210136086084671,specter2,biobert
cka_sep,16,0.015825985806779796,0.004094858892726716,2,2,0.49601227789052965,0.513325812732931,specter2,simcse
cka_sep,17,0.02972661379691699,0.00793072368192308,4,0,0.42572740756719135,0.45545402136410834,scincl,scibert
cka_sep,18,0.1125678084534266,0.02770018732311621,4,0,0.12344469654206416,0.23601250499549076,scincl,bert
cka_sep,19,0.025951699843438703,0.006807938445236661,4,0,0.7746548173679441,0.8006065172113828,scincl,mpnet
cka_sep,20,0.02864964673287529,0.007443408660553463,4,0,0.7292035737257228,0.757853220458598,scincl,minilm
cka_sep,21,0.03342614583869674,0.008851889005312818,4,0,0.6521674972378887,0.6855936430765854,scincl,pubmedbert
cka_sep,22,0.04280370100491826,0.011449754157995073,4,0,0.5956687402723456,0.6384724412772639,scincl,biobert
cka_sep,23,0.016721770620038767,0.004354828244912868,4,0,0.5179261141974145,0.5346478848174533,scincl,simcse
cka_sep,24,0.10852020661314446,0.02647323359547834,4,0,0.20183392285702587,0.3103541294701703,scibert,bert
cka_sep,25,0.03230619950646252,0.007694272807440649,4,0,0.4162064426651382,0.4485126421716007,scibert,mpnet
cka_sep,26,0.0355705640894467,0.009584877990840512,4,0,0.39709083656285504,0.43266140065230174,scibert,minilm
cka_sep,27,-0.0064919923091905085,-0.004117496378077656,2,2,0.6129864402058904,0.6411774193682861,scibert,pubmedbert
cka_sep,28,0.0071375616893352145,-0.0014686882217964659,2,2,0.6419012719785951,0.6749498758347877,scibert,biobert
cka_sep,29,-0.002749842144785797,-0.0012507128674915879,3,1,0.5056856977362469,0.5142148584162318,scibert,simcse
cka_sep,30,0.12147790505960249,0.029572736793854092,4,0,0.12747254194258845,0.24895044700219093,bert,mpnet
cka_sep,31,0.12053754527737615,0.029648417179716623,4,0,0.130309224847048,0.25084677012442413,bert,minilm
cka_sep,32,0.13350279343961685,0.03234696542626232,4,0,0.20688449988249763,0.3403872933221145,bert,pubmedbert
cka_sep,33,0.13918557487922067,0.0340954120168376,4,0,0.2333139936141061,0.37249956849332677,bert,biobert
cka_sep,34,0.138668571051267,0.03423141008348491,4,0,0.20588421291590292,0.34455278396716993,bert,simcse
cka_sep,35,0.020434941245049076,0.0053269778740337335,4,0,0.8245277093654071,0.8449626506104562,mpnet,minilm
cka_sep,36,0.041348829082131444,0.010426762019007673,4,0,0.6450407506570859,0.6863895797392173,mpnet,pubmedbert
cka_sep,37,0.04661679648737416,0.011679769987862798,4,0,0.5976140285011812,0.6442308249885553,mpnet,biobert
cka_sep,38,0.01814137641301894,0.0045504291013563234,3,1,0.5362602465207364,0.5544016229337554,mpnet,simcse
cka_sep,39,0.03968769745299494,0.010474154234569566,3,1,0.6253203532861973,0.6660367318593198,minilm,pubmedbert
cka_sep,40,0.046650894138872245,0.012470877425719196,3,1,0.5810622925944677,0.629600866813684,minilm,biobert
cka_sep,41,0.012777341006130594,0.00331839350573111,3,1,0.5611336616175147,0.5739110026236452,minilm,simcse
cka_sep,42,0.0075252598873093435,0.0009984608727299448,2,2,0.816452724732485,0.8255370272576876,pubmedbert,biobert
cka_sep,43,0.006895377342860609,0.001130577180727177,3,1,0.6586851011313957,0.6695150623487467,pubmedbert,simcse
cka_sep,44,0.005439471580245381,0.0015671283205798137,2,2,0.6577167704185302,0.6735133322995115,biobert,simcse
cka_quality,0,0.0350970898735774,0.009234726959148065,4,0,0.7336254398109504,0.7687225296845278,specter,specter2
cka_quality,1,0.018183825923908548,0.004653929594451434,4,0,0.8013111389690241,0.8194949648929326,specter,scincl
cka_quality,2,0.0009151978721126941,0.0017344220472746308,2,2,0.5850287376180799,0.6005425623466006,specter,scibert
cka_quality,3,-0.0006832282457500671,0.0001770153486382986,2,2,0.5783618908261122,0.5827498888384324,specter,bert
cka_quality,4,0.025158859471304362,0.006416463741509925,4,0,0.7630377797786689,0.7881966392499733,specter,mpnet
cka_quality,5,0.026454962270024307,0.006831371829419242,4,0,0.7215291709844973,0.7479841332545216,specter,minilm
cka_quality,6,0.0028152580029763286,0.0014606558513099444,2,2,0.5450851163549802,0.554216823671623,specter,pubmedbert
cka_quality,7,0.012685351280335655,0.003970082428530253,2,2,0.5820251559300462,0.5963552776546774,specter,biobert
cka_quality,8,0.003770324735665298,0.0011625586447386205,3,1,0.550985229308554,0.5600390687253604,specter,simcse
cka_quality,9,0.03470084555422226,0.009088408370230505,4,0,0.7924320060087567,0.827132851562979,specter2,scincl
cka_quality,10,-0.011608567088995159,-0.0026496754941762956,2,2,0.5952648121709377,0.6104439717245833,specter2,scibert
cka_quality,11,0.003579698421170452,0.0008508775474669328,2,2,0.5385240783137208,0.5487869246579844,specter2,bert
cka_quality,12,0.038427914722268364,0.010024666041775366,4,0,0.7440881320261865,0.7825160467484549,specter2,mpnet
cka_quality,13,0.0418775042849725,0.011179756228502402,4,0,0.6963578131817869,0.7382353174667594,specter2,minilm
cka_quality,14,-0.003080902249471551,-0.0009516804292090564,1,3,0.529668679918213,0.5425580438269113,specter2,pubmedbert
cka_quality,15,0.005668407457270819,0.001153938199274096,2,2,0.5679458270531681,0.5787262552679001,specter2,biobert
cka_quality,16,0.008880127426594053,0.0025616625326244425,3,1,0.5075027903415869,0.5233632804452912,specter2,simcse
cka_quality,17,0.014260831795213202,0.005314656600118761,2,2,0.5723778500533981,0.5970027524641593,scincl,scibert
cka_quality,18,0.003344015730383343,0.0013752300774187765,2,2,0.560762560768056,0.568081273986912,scincl,bert
cka_quality,19,0.02005521131663135,0.005350006987093492,4,0,0.7843000093773562,0.8043552206939876,scincl,mpnet
cka_quality,20,0.022594942712085953,0.006001136706957455,4,0,0.7391094377420189,0.7617043804541048,scincl,minilm
cka_quality,21,0.012559372618644371,0.0042208317890810145,3,1,0.5259549448210585,0.543081321628578,scincl,pubmedbert
cka_quality,22,0.019568445174748872,0.005892465853879991,2,2,0.5623502815583639,0.582138049747666,scincl,biobert
cka_quality,23,0.006917577639368178,0.0020390869872048746,3,1,0.5335026510400643,0.5450196842514281,scincl,simcse
cka_quality,24,-0.007751499510157522,-0.0017215467697855092,2,2,0.7363706141735057,0.756393846790022,scibert,bert
cka_quality,25,0.01962485284046278,0.005948326978909124,3,1,0.5629135494541745,0.5841673511269394,scibert,mpnet
cka_quality,26,0.019748743167303573,0.006748848018466269,3,1,0.5430936568167686,0.5741393583803454,scibert,minilm
cka_quality,27,0.004849999595113452,0.0005284860465615271,2,2,0.8555809019891369,0.8604309015842504,scibert,pubmedbert
cka_quality,28,0.002410361643576886,-0.0003214228592423263,2,2,0.8504436277583497,0.8584785796379267,scibert,biobert
cka_quality,29,-0.0006600954084817756,0.000824765866798871,2,2,0.6280866339503637,0.645466967563412,scibert,simcse
cka_quality,30,0.012377161470828568,0.00327833809753737,2,2,0.5705675045315104,0.5835395414539438,bert,mpnet
cka_quality,31,0.008850647242335752,0.0027857660738278777,3,1,0.5825311750174991,0.5935121993947379,bert,minilm
cka_quality,32,-0.005048656543350294,-0.0013644377938644592,1,3,0.7533561355155594,0.7617399018499815,bert,pubmedbert
cka_quality,33,-0.0005979773543479672,-0.0003354478544587147,2,2,0.7834257307156208,0.7905422794323711,bert,biobert
cka_quality,34,-0.0027480276554938676,-0.0006560124253426558,1,3,0.7896706668044716,0.7929762489585044,bert,simcse
cka_quality,35,0.016447557716276817,0.004351183338041009,4,0,0.8306956940728987,0.8471432517891755,mpnet,minilm
cka_quality,36,0.022396703122023576,0.0061247604677663325,4,0,0.5176110088593047,0.5400077119813282,mpnet,pubmedbert
cka_quality,37,0.027732409901410904,0.007430262860678627,4,0,0.5613780753094048,0.5891104852108157,mpnet,biobert
cka_quality,38,0.008787343371565282,0.00243001722728875,3,1,0.5511363551859308,0.5639785278454701,mpnet,simcse
cka_quality,39,0.019177125941410522,0.005883499549419713,3,1,0.5094734981196093,0.5323272963430742,minilm,pubmedbert
cka_quality,40,0.026312117877590135,0.007688617616656601,3,1,0.5502935251910158,0.5813362478397858,minilm,biobert
cka_quality,41,0.0032777338744643947,0.001183817581288027,2,2,0.5759471886795249,0.5834904006258677,minilm,simcse
cka_quality,42,-0.0038069332258683364,-0.0016875076862300276,2,2,0.8721677248533256,0.8814289352638893,pubmedbert,biobert
cka_quality,43,-0.00046256018632662155,0.0001589973160272873,1,3,0.6319361410570704,0.6389371907000237,pubmedbert,simcse
cka_quality,44,0.005914459848533782,0.0017533272318821069,2,2,0.653842196750086,0.6655543650259662,biobert,simcse
cka_equal2048,0,0.03848835850564447,0.0100782071973746,4,0,0.726961616562324,0.7654499750679685,specter,specter2
cka_equal2048,1,0.022258255118433268,0.005661695777995646,4,0,0.7951119534251272,0.8173702085435605,specter,scincl
cka_equal2048,2,0.01880536833029478,0.005849489693136633,3,1,0.5585865083509434,0.5819405334901788,specter,scibert
cka_equal2048,3,0.00837994078881854,0.0018977773655558749,3,1,0.5599254857503162,0.5721908942026306,specter,bert
cka_equal2048,4,0.03033072578763263,0.007718043663887508,4,0,0.7541833914259966,0.7845141172136292,specter,mpnet
cka_equal2048,5,0.03145089684831459,0.008034284563818318,4,0,0.7127176179929502,0.7441685148412648,specter,minilm
cka_equal2048,6,0.018896278695810564,0.005277005600436202,4,0,0.5109805851956246,0.5298768638914352,specter,pubmedbert
cka_equal2048,7,0.02933361985242955,0.007356834229072673,4,0,0.5386366785235895,0.5679702983760191,specter,biobert
cka_equal2048,8,0.011442726943344805,0.0029295116927968044,4,0,0.5382943254018666,0.5497370523452114,specter,simcse
cka_equal2048,9,0.037766160357837975,0.00985284187455313,4,0,0.7864319111020532,0.8241980714598912,specter2,scincl
cka_equal2048,10,0.0008685111664059608,-6.378154504300681e-05,2,2,0.5805611891601283,0.5876057914335434,specter2,scibert
cka_equal2048,11,0.009743600910006589,0.0016998105530337203,3,1,0.5259978228257025,0.5368909162689816,specter2,bert
cka_equal2048,12,0.041411562355946785,0.010700647398210195,4,0,0.7370192269410313,0.7784307892969781,specter2,mpnet
cka_equal2048,13,0.04692723895433004,0.012394968394700468,4,0,0.6869685207048515,0.7338957596591815,specter2,minilm
cka_equal2048,14,0.010007612884394224,0.001996093891869455,3,1,0.5021829739863539,0.5121905868707481,specter2,pubmedbert
cka_equal2048,15,0.018254180588443858,0.0033573887455065734,2,2,0.5292641407338347,0.5475183213222785,specter2,biobert
cka_equal2048,16,0.015679471942269763,0.004075649425690708,2,2,0.496085328925768,0.5133457629150541,specter2,simcse
cka_equal2048,17,0.03255001860924578,0.009513367973463027,3,1,0.5453482822755867,0.5801432002271336,scincl,scibert
cka_equal2048,18,0.01517079498773366,0.003822761182465473,3,1,0.5394504913797264,0.5572172215512375,scincl,bert
cka_equal2048,19,0.025926095196636356,0.006799464538047362,4,0,0.7747360195454617,0.800662114742098,scincl,mpnet
cka_equal2048,20,0.028575151242108077,0.007442934094169251,4,0,0.7292737128670883,0.7578488641091964,scincl,minilm
cka_equal2048,21,0.029986018484345955,0.00829667476087943,4,0,0.4892461254307244,0.5192321439150703,scincl,pubmedbert
cka_equal2048,22,0.036973833914528575,0.009431755166424693,4,0,0.5172880297459905,0.5542618636605191,scincl,biobert
cka_equal2048,23,0.016544147387515196,0.004315016476167943,4,0,0.5182903404270653,0.5348344878145805,scincl,simcse
cka_equal2048,24,-0.004549599670539584,-0.001471976454676316,2,2,0.7301466687373528,0.7526985787681204,scibert,bert
cka_equal2048,25,0.034478850774930514,0.009067442498867862,4,0,0.5358225266176174,0.5703013773925479,scibert,mpnet
cka_equal2048,26,0.03517744529306954,0.010220475172673793,3,1,0.5207718167895903,0.5621371085398698,scibert,minilm
cka_equal2048,27,0.015142469906425315,0.0031192221669881447,4,0,0.8373903109787897,0.852532780885215,scibert,pubmedbert
cka_equal2048,28,0.005768694333318725,0.00017645499077940664,2,2,0.8307555776567948,0.8418485263638478,scibert,biobert
cka_equal2048,29,0.004744199900180157,0.0018211291633811965,2,2,0.6199089000197421,0.6405186676510103,scibert,simcse
cka_equal2048,30,0.02150035058075228,0.004898768022388866,3,1,0.5536222713259209,0.5758252709755362,bert,mpnet
cka_equal2048,31,0.0199098533272839,0.004964598801643949,2,2,0.5618181654959357,0.5864329834093128,bert,minilm
cka_equal2048,32,0.00028517180350950966,-0.00040931809793069983,2,2,0.7394994137962233,0.7506338247129136,bert,pubmedbert
cka_equal2048,33,0.0013426970839496288,-0.0003560675324566054,3,1,0.7693625952175676,0.7784336113647441,bert,biobert
cka_equal2048,34,-8.554355360634869e-05,-0.00026037943674181994,2,2,0.7806951116618553,0.7858479972111453,bert,simcse
cka_equal2048,35,0.020436915190109817,0.005331872882946853,4,0,0.8245534148453438,0.8449903300354537,mpnet,minilm
cka_equal2048,36,0.03732511792094817,0.009394991545552678,4,0,0.48393853379542306,0.5212636517163712,mpnet,pubmedbert
cka_equal2048,37,0.04266282410384903,0.010125251356997355,4,0,0.519216097931946,0.561878922035795,mpnet,biobert
cka_equal2048,38,0.01786648691543058,0.004472596160340858,3,1,0.536498801970157,0.5543652888855876,mpnet,simcse
cka_equal2048,39,0.033897258011197584,0.0092866135828514,3,1,0.4795020045774218,0.5147875396381252,minilm,pubmedbert
cka_equal2048,40,0.040857698681931676,0.010477260874537087,3,1,0.5130286394612902,0.555352550315553,minilm,biobert
cka_equal2048,41,0.012921842362613956,0.0033249147012737847,3,1,0.5612801382119691,0.574201980574583,minilm,simcse
cka_equal2048,42,0.005220563228152675,0.00021253284597417822,2,2,0.8551102240595868,0.8640889904035188,pubmedbert,biobert
cka_equal2048,43,0.0026418860037267233,0.0007767972929118682,2,2,0.6168570042944831,0.6259876811757917,pubmedbert,simcse
cka_equal2048,44,0.005632216941338419,0.001000273699455878,2,2,0.6321786596015879,0.6474345699085851,biobert,simcse
neighbors_all_k10,0,0.01529268205068135,0.004082131542349798,4,0,0.32618844391914487,0.3414811259698262,specter,specter2
neighbors_all_k10,1,-0.0050963941109472,-0.0011194252698204844,2,2,0.42012397376370064,0.42838546264133015,specter,scincl
neighbors_all_k10,2,-0.019622492925391755,-0.005104506711019474,0,4,0.18735823313926436,0.20698072606465612,specter,scibert
neighbors_all_k10,3,-0.009017895445216695,-0.0024001737296223792,0,4,0.16341162569551074,0.17242952114072743,specter,bert
neighbors_all_k10,4,-0.0032586033940730785,-0.0008678930629901882,2,2,0.38819299516582934,0.3937963387372526,specter,mpnet
neighbors_all_k10,5,-0.00504918948021843,-0.001533261646789874,2,2,0.3538931709926269,0.3611093490894214,specter,minilm
neighbors_all_k10,6,-0.016510867726712314,-0.004324285328062083,0,4,0.16812332844929903,0.18463419617601134,specter,pubmedbert
neighbors_all_k10,7,-0.015318636441021882,-0.00408211785568578,0,4,0.17751379436727974,0.19283243080830162,specter,biobert
neighbors_all_k10,8,-0.0074995657974860075,-0.0020190309779871685,1,3,0.15864081339392597,0.16615876091086357,specter,simcse
neighbors_all_k10,9,0.025853770702754242,0.006692940488602706,4,0,0.36964247151677865,0.3954962422195329,specter2,scincl
neighbors_all_k10,10,-0.012382517248078234,-0.0035077488654222,1,3,0.1852105242672616,0.20033640108654613,specter2,scibert
neighbors_all_k10,11,-0.0009670068875317905,-0.0004267441874357458,1,3,0.1502983987551611,0.1534557440032487,specter2,bert
neighbors_all_k10,12,0.03288079838203384,0.00829431045618354,4,0,0.36753751746561686,0.4004183158476507,specter2,mpnet
neighbors_all_k10,13,0.027501253540853365,0.00713211678965967,4,0,0.3302774407618499,0.35777869430270326,specter2,minilm
neighbors_all_k10,14,-0.008203658715968731,-0.0023077243181962247,1,3,0.1580234797230573,0.1684411404847002,specter2,pubmedbert
neighbors_all_k10,15,-0.006244039812593527,-0.0019518518495280357,1,3,0.16582617165508087,0.175143782285972,specter2,biobert
neighbors_all_k10,16,-0.0005832806252253631,-0.0003482782132057494,1,3,0.1470183613315947,0.15032075909648676,specter2,simcse
neighbors_all_k10,17,-0.015419505901583058,-0.004045657203373088,0,4,0.18503167040881963,0.20045117631040268,scincl,scibert
neighbors_all_k10,18,-0.006237261569753405,-0.0017121137372051842,0,4,0.15731139502402217,0.16354865659377557,scincl,bert
neighbors_all_k10,19,-0.007336351701047461,-0.0016299216837324937,1,3,0.4395738598053054,0.44691021150635285,scincl,mpnet
neighbors_all_k10,20,-0.008470135996934747,-0.002191899975269429,1,3,0.3956046355830727,0.40416290048807163,scincl,minilm
neighbors_all_k10,21,-0.012317048573056766,-0.003222497846636524,0,4,0.16058766943687827,0.17290471800993504,scincl,pubmedbert
neighbors_all_k10,22,-0.011975959509603618,-0.0031963584831102678,0,4,0.16906240796050426,0.18103836747010787,scincl,biobert
neighbors_all_k10,23,-0.007080466381513051,-0.0018885577665516905,0,4,0.15459800516301042,0.16167847154452347,scincl,simcse
neighbors_all_k10,24,-0.019961897355216196,-0.004995777792400036,0,4,0.3298639870907519,0.34982588444596807,scibert,bert
neighbors_all_k10,25,-0.014977521329169352,-0.003917676674015058,0,4,0.18302482101223222,0.19800234234140157,scibert,mpnet
neighbors_all_k10,26,-0.018949080836890536,-0.004838012057413294,0,4,0.17962101497693542,0.19857009581382595,scibert,minilm
neighbors_all_k10,27,-0.015389351283938868,-0.004009178772465094,0,4,0.4634395656071185,0.4788289168910574,scibert,pubmedbert
neighbors_all_k10,28,-0.013543196118706802,-0.0037472121650043433,1,3,0.4424354878858387,0.4561135073080277,scibert,biobert
neighbors_all_k10,29,-0.0212151284720159,-0.005622576162426113,0,4,0.20729748465388728,0.22851261312590318,scibert,simcse
neighbors_all_k10,30,-0.008000809894112504,-0.002067464600858426,0,4,0.17459300472846306,0.18259381462257557,bert,mpnet
neighbors_all_k10,31,-0.012590992389807876,-0.003094889764496228,0,4,0.1754672102660552,0.18805820265586307,bert,minilm
neighbors_all_k10,32,-0.029522549282106403,-0.00748316506558413,0,4,0.3157075705821693,0.3452301198642757,bert,pubmedbert
neighbors_all_k10,33,-0.02243114261652418,-0.005709778507124263,0,4,0.343691325917372,0.3661224685338962,bert,biobert
neighbors_all_k10,34,-0.027384809253442832,-0.006901785422147022,0,4,0.3036436387743219,0.3310284480277647,bert,simcse
neighbors_all_k10,35,-0.006937915392794092,-0.001792373405476466,2,2,0.5241822432587107,0.5329274744967469,mpnet,minilm
neighbors_all_k10,36,-0.012359895552927186,-0.0032016979647830567,0,4,0.16631178623712378,0.17867168179005097,mpnet,pubmedbert
neighbors_all_k10,37,-0.01113570238688516,-0.0030144230444921483,0,4,0.17852194717904626,0.18965764956593142,mpnet,biobert
neighbors_all_k10,38,-0.006377431605186973,-0.0017049820028423256,1,3,0.17373549355343545,0.1808868887825321,mpnet,simcse
neighbors_all_k10,39,-0.0157804838062508,-0.003978807366252657,0,4,0.1625450665889419,0.1783255503951927,minilm,pubmedbert
neighbors_all_k10,40,-0.015319630753971969,-0.003927052588335927,0,4,0.1752488811793561,0.19056851193332808,minilm,biobert
neighbors_all_k10,41,-0.011491352124189669,-0.002960327006063129,0,4,0.17955864953847042,0.1910500016626601,minilm,simcse
neighbors_all_k10,42,-0.022373171762207267,-0.005787931183399131,0,4,0.457138674806055,0.4795118465682623,pubmedbert,biobert
neighbors_all_k10,43,-0.02220748212504539,-0.005885899418472007,0,4,0.19703241245167588,0.21923989457672127,pubmedbert,simcse
neighbors_all_k10,44,-0.02113126708205576,-0.005658452199775616,0,4,0.2064518198422318,0.22758308692428755,biobert,simcse
neighbors_all_k25,0,0.02018076050845896,0.005140786960598076,4,0,0.3633286339687917,0.3835093944772507,specter,specter2
neighbors_all_k25,1,-0.0031087184171311733,-0.0006604241394620903,2,2,0.4661181965478463,0.47243652974333217,specter,scincl
neighbors_all_k25,2,-0.020522471176363327,-0.005274834813230517,0,4,0.22968093644573903,0.25020340762210236,specter,scibert
neighbors_all_k25,3,-0.009229265379934848,-0.0023918816342370806,0,4,0.20358202516445506,0.2128112905443899,specter,bert
neighbors_all_k25,4,-0.0022186358560040698,-0.0005496747845749161,1,3,0.4327562775674338,0.43653737634864886,specter,mpnet
neighbors_all_k25,5,-0.0026661230896269372,-0.0008204505247233595,2,2,0.39772832124713103,0.4026757743081015,specter,minilm
neighbors_all_k25,6,-0.016149383107904924,-0.004187115425605214,0,4,0.20862822041514234,0.22477760352304726,specter,pubmedbert
neighbors_all_k25,7,-0.014880807364251236,-0.0039011331410355233,0,4,0.21891326158279006,0.2337940689470413,specter,biobert
neighbors_all_k25,8,-0.007024679444780718,-0.0018863286869249707,0,4,0.1966773289055512,0.20370200835033192,specter,simcse
neighbors_all_k25,9,0.030551805260187692,0.007773477124272665,4,0,0.40800471605401456,0.43855652131420225,specter2,scincl
neighbors_all_k25,10,-0.012015018359261581,-0.0033900338006857657,1,3,0.22564264283946395,0.24012352396731818,specter2,scibert
neighbors_all_k25,11,0.0013674424375939576,0.00017314595644776776,2,2,0.18484934643259635,0.1877761584613388,specter2,bert
neighbors_all_k25,12,0.036213796136547516,0.008991869505070527,4,0,0.40133995652154064,0.43755375265808816,specter2,mpnet
neighbors_all_k25,13,0.0333986138638655,0.008439922424003377,4,0,0.36124586664953345,0.39464448051339895,specter2,minilm
neighbors_all_k25,14,-0.005387004697715941,-0.0016453491181546652,1,3,0.19606455245890347,0.20442494360601415,specter2,pubmedbert
neighbors_all_k25,15,-0.00403867995138088,-0.00143672891542716,1,3,0.2044646737226165,0.21158952415508825,specter2,biobert
neighbors_all_k25,16,0.0021150455006724578,0.0002954020648035238,2,2,0.17825189684023796,0.18198534616261788,specter2,simcse
neighbors_all_k25,17,-0.016328519363446176,-0.004191950182284798,0,4,0.22664869133181925,0.24297721069526543,scincl,scibert
neighbors_all_k25,18,-0.006917831358115051,-0.0018966653423007462,0,4,0.19497685589083824,0.2018946872489533,scincl,bert
neighbors_all_k25,19,-0.005982198267903749,-0.0012369793536812558,1,3,0.48201854472731104,0.4880007429952148,scincl,mpnet
neighbors_all_k25,20,-0.003640403428360195,-0.0009425950183123089,1,3,0.43841461081572375,0.4427882287971848,scincl,minilm
neighbors_all_k25,21,-0.011876170917057699,-0.0030371155084577437,0,4,0.19953838117637637,0.21141455209343407,scincl,pubmedbert
neighbors_all_k25,22,-0.01156210990283707,-0.0029968444751905634,0,4,0.20843214636017454,0.2199942562630116,scincl,biobert
neighbors_all_k25,23,-0.006016661027763909,-0.001630243045307489,1,3,0.19088761247463165,0.1970154644139108,scincl,simcse
neighbors_all_k25,24,-0.021025531739009173,-0.0053525631713642104,0,4,0.3759758674418779,0.39700139918088706,scibert,bert
neighbors_all_k25,25,-0.01634936443957749,-0.0042094198523118355,0,4,0.22599371876404423,0.24234308320362172,scibert,mpnet
neighbors_all_k25,26,-0.01890924356699336,-0.00476880990245736,0,4,0.22195057966784787,0.24085982323484123,scibert,minilm
neighbors_all_k25,27,-0.013215627580891898,-0.003577042596409985,0,4,0.5115650350915841,0.524780662672476,scibert,pubmedbert
neighbors_all_k25,28,-0.012202893503265644,-0.003540674787451037,1,3,0.49179232195887845,0.5048835842957031,scibert,biobert
neighbors_all_k25,29,-0.021458715864428157,-0.005701102092556087,0,4,0.2512964769952832,0.27275519285971134,scibert,simcse
neighbors_all_k25,30,-0.009075160872453164,-0.0023812405676498062,0,4,0.21512162954766142,0.2241967904201146,bert,mpnet
neighbors_all_k25,31,-0.013256993330220235,-0.003290063943351307,0,4,0.21705276350969,0.23030975683991023,bert,minilm
neighbors_all_k25,32,-0.03249533421538031,-0.008146153508227583,0,4,0.36304561216362663,0.39554094637900694,bert,pubmedbert
neighbors_all_k25,33,-0.02437853970919368,-0.006170479147293384,0,4,0.3932885150084452,0.4176670547176389,bert,biobert
neighbors_all_k25,34,-0.02680228008011276,-0.006886190368293565,0,4,0.35723096238869834,0.3840332424688111,bert,simcse
neighbors_all_k25,35,-0.0036977001446599767,-0.0008619203358994243,1,3,0.5617390888694528,0.5668074595864351,mpnet,minilm
neighbors_all_k25,36,-0.012447832320884145,-0.003201726671996241,0,4,0.20702586032499484,0.219473692645879,mpnet,pubmedbert
neighbors_all_k25,37,-0.01205175618971463,-0.0031959383433150523,0,4,0.21999824729500647,0.2320500034847211,mpnet,biobert
neighbors_all_k25,38,-0.006863668616302471,-0.0018762373657307985,1,3,0.21151423197360916,0.2197125623374096,mpnet,simcse
neighbors_all_k25,39,-0.015122978254512948,-0.0037536920563209287,0,4,0.20301282172492938,0.21813579997944232,minilm,pubmedbert
neighbors_all_k25,40,-0.014539690249563614,-0.0037281799895129697,0,4,0.2168207932634648,0.2313604835130284,minilm,biobert
neighbors_all_k25,41,-0.011808021656686846,-0.003028415410423607,0,4,0.21864438660271293,0.23045240825939978,minilm,simcse
neighbors_all_k25,42,-0.02244985990588111,-0.005804909248077039,0,4,0.5071699487129271,0.5296198086188082,pubmedbert,biobert
neighbors_all_k25,43,-0.024619305245908996,-0.006474568533682256,0,4,0.24039243814074235,0.26501174338665134,pubmedbert,simcse
neighbors_all_k25,44,-0.022640716027539476,-0.006073781372073361,0,4,0.2521628587834174,0.27480357481095685,biobert,simcse
neighbors_all_k50,0,0.022525275326303107,0.005842611017075572,4,0,0.39741541465964547,0.4199406899859486,specter,specter2
neighbors_all_k50,1,-0.0015368144283375296,-0.0002559966627197818,2,2,0.5025812473732214,0.5068435688800823,specter,scincl
neighbors_all_k50,2,-0.020540977912672398,-0.005087676836990096,0,4,0.2685266528719879,0.2890676307846603,specter,scibert
neighbors_all_k50,3,-0.010017277954984444,-0.0025209010887327354,0,4,0.24160706384713718,0.2516243418021216,specter,bert
neighbors_all_k50,4,-0.0002711580455749818,-8.424989114496073e-05,2,2,0.46952358749003065,0.47192220734789997,specter,mpnet
neighbors_all_k50,5,-0.00021769455260639559,-0.0001953670598669799,2,2,0.43406110049033325,0.43689809324516204,specter,minilm
neighbors_all_k50,6,-0.0159565402971025,-0.003997389919175048,0,4,0.24562813688352356,0.26158467718062606,specter,pubmedbert
neighbors_all_k50,7,-0.014021976511082113,-0.00357258496515257,0,4,0.2574841877253003,0.2715061642363824,specter,biobert
neighbors_all_k50,8,-0.0071697697207279976,-0.0018489687324404424,0,4,0.23235859750008872,0.23952836722081672,specter,simcse
neighbors_all_k50,9,0.03179568438661545,0.008139098816969958,4,0,0.44140727466746743,0.4732029590540829,specter2,scincl
neighbors_all_k50,10,-0.010914015128280385,-0.0030337655944459806,1,3,0.26292461153609464,0.27568659774586224,specter2,scibert
neighbors_all_k50,11,0.0028271900801632444,0.0005812006380384926,2,2,0.2175613020794485,0.22081144657805657,specter2,bert
neighbors_all_k50,12,0.035973241169379055,0.009070680532243702,4,0,0.4318124595323001,0.46778570070167913,specter2,mpnet
neighbors_all_k50,13,0.03587435774854714,0.009127130517326087,4,0,0.3893952310297635,0.4252695887783106,specter2,minilm
neighbors_all_k50,14,-0.0036380852291446053,-0.0011585746196813517,1,3,0.23110426755099128,0.2376266672344481,specter2,pubmedbert
neighbors_all_k50,15,-0.0020157865430250888,-0.0008783408508009794,1,3,0.2404636374215906,0.24532505235215554,specter2,biobert
neighbors_all_k50,16,0.004082395595690319,0.0007861198322358653,3,1,0.20837377426912032,0.21247350156290606,specter2,simcse
neighbors_all_k50,17,-0.015971404776880527,-0.003988092458335568,0,4,0.26495681736315563,0.28092822214003615,scincl,scibert
neighbors_all_k50,18,-0.00664217385550947,-0.0017709710658329048,0,4,0.2314545966181451,0.23809677047365457,scincl,bert
neighbors_all_k50,19,-0.003204161018985019,-0.0006480701623120977,1,3,0.5148560246611663,0.5180601856801513,scincl,mpnet
neighbors_all_k50,20,-0.00015105212510907462,-8.437252930061367e-05,3,1,0.47060567438996154,0.4721566944644869,scincl,minilm
neighbors_all_k50,21,-0.011305531787503653,-0.0028134252909601367,0,4,0.2354235076720867,0.24672903945959035,scincl,pubmedbert
neighbors_all_k50,22,-0.010155906328543018,-0.0026547304192311772,0,4,0.24557187408397535,0.25572778041251837,scincl,biobert
neighbors_all_k50,23,-0.005367796001114922,-0.0014279267985680467,0,4,0.22534013106592604,0.23070792706704096,scincl,simcse
neighbors_all_k50,24,-0.022955373959112235,-0.00582424568337715,0,4,0.4148415943655894,0.4377969683247016,scibert,bert
neighbors_all_k50,25,-0.01617170047253741,-0.004100381808540832,0,4,0.2654788930994253,0.2816505935719627,scibert,mpnet
neighbors_all_k50,26,-0.01777583332059135,-0.004356822592239485,0,4,0.2612600877978075,0.27903592111839887,scibert,minilm
neighbors_all_k50,27,-0.012514583941542479,-0.003402562397676223,0,4,0.5488806187820714,0.5613952027236139,scibert,pubmedbert
neighbors_all_k50,28,-0.01122405031184004,-0.0033233567076582206,1,3,0.5302192492729644,0.5425107937296013,scibert,biobert
neighbors_all_k50,29,-0.022093751951999918,-0.0057735909323290095,0,4,0.2899137636313509,0.3120075155833508,scibert,simcse
neighbors_all_k50,30,-0.009460796207766964,-0.0024806764324555087,0,4,0.2543930458987622,0.2638538421065292,bert,mpnet
neighbors_all_k50,31,-0.013704903267853563,-0.0033824698136906916,0,4,0.2569631476431031,0.27066805091095664,bert,minilm
neighbors_all_k50,32,-0.03445006614222995,-0.008674225859987983,0,4,0.404423439849249,0.43887350599147895,bert,pubmedbert
neighbors_all_k50,33,-0.025559058791136735,-0.006530309396415901,0,4,0.4355647525114039,0.46112381130254065,bert,biobert
neighbors_all_k50,34,-0.027903714338822716,-0.00699716990816811,0,4,0.4027824606937924,0.43068617503261514,bert,simcse
neighbors_all_k50,35,-0.0008454229287138126,-0.00019547839381606202,2,2,0.5888179543511545,0.591240816804392,mpnet,minilm
neighbors_all_k50,36,-0.012083082726637273,-0.003062888824714882,0,4,0.24490086881667894,0.2569839515433162,mpnet,pubmedbert
neighbors_all_k50,37,-0.011349527664057057,-0.003031894244814115,0,4,0.25921361321100433,0.2705631408750614,mpnet,biobert
neighbors_all_k50,38,-0.007391621679382204,-0.0019475978251425163,1,3,0.24806830218816275,0.2564783079694305,mpnet,simcse
neighbors_all_k50,39,-0.013887436676180365,-0.0033815290350937112,0,4,0.24079964170087137,0.25468707837705173,minilm,pubmedbert
neighbors_all_k50,40,-0.013150853684808117,-0.0033070756085286533,0,4,0.2562059080701712,0.2693567617549793,minilm,biobert
neighbors_all_k50,41,-0.012253036373660098,-0.003064550420594525,0,4,0.25590365338345344,0.26815668975711354,minilm,simcse
neighbors_all_k50,42,-0.023020556675340975,-0.005957139157604629,0,4,0.5460316014328099,0.5690521581081509,pubmedbert,biobert
neighbors_all_k50,43,-0.025570897772883183,-0.0067017326056092565,0,4,0.28026809127409785,0.30583898904698104,pubmedbert,simcse
neighbors_all_k50,44,-0.023181757114494272,-0.006163437886715151,0,4,0.293598635341588,0.31678039245608225,biobert,simcse
neighbors_2048_mean_k10,0,0.02937575120192315,0.007390512319711551,4,0,0.33178898737980766,0.3611647385817308,specter,specter2
neighbors_2048_mean_k10,1,0.01232534555288467,0.0028260216346153834,3,1,0.43072603665865383,0.4430513822115385,specter,scincl
neighbors_2048_mean_k10,2,-0.005940129206730704,-0.0017720853365384482,2,2,0.20694861778846152,0.2136681189903846,specter,scibert
neighbors_2048_mean_k10,3,0.004484675480769168,0.0008783428485576838,3,1,0.17844238281250002,0.1829270582932692,specter,bert
neighbors_2048_mean_k10,4,0.012208909254807776,0.0027157827524038614,3,1,0.3970233623798076,0.4092322716346154,specter,mpnet
neighbors_2048_mean_k10,5,0.010195688100961497,0.0020684344951922952,3,1,0.36460524338942313,0.3748009314903846,specter,minilm
neighbors_2048_mean_k10,6,-0.0025522085336538436,-0.0009925255408653854,2,2,0.18612530048076925,0.19094613882211542,specter,pubmedbert
neighbors_2048_mean_k10,7,-0.0014667217548076927,-0.0007198392427884614,2,2,0.1958064152644231,0.20007136418269228,specter,biobert
neighbors_2048_mean_k10,8,0.006334510216346151,0.001253380408653848,3,1,0.17082519531250004,0.1771597055288462,specter,simcse
neighbors_2048_mean_k10,9,0.0399808443509615,0.010092773437500003,4,0,0.3754695012019231,0.41545034555288457,specter2,scincl
neighbors_2048_mean_k10,10,0.0015568659855769162,-0.00017221304086538215,1,3,0.20353628305288465,0.21024639423076927,specter2,scibert
neighbors_2048_mean_k10,11,0.012507512019230699,0.0028115609975961353,4,0,0.1561917818509616,0.1686992938701923,specter2,bert
neighbors_2048_mean_k10,12,0.044512469951923095,0.0110242638221154,4,0,0.3728778545673076,0.4173903245192307,specter2,mpnet
neighbors_2048_mean_k10,13,0.03903996394230769,0.009880934495192317,4,0,0.335210712139423,0.3742506760817307,specter2,minilm
neighbors_2048_mean_k10,14,0.00547814002403843,0.0009294245793269151,2,2,0.17082143930288468,0.17654371995192308,specter2,pubmedbert
neighbors_2048_mean_k10,15,0.0061072716346153855,0.0009925255408653854,2,2,0.1781494140625,0.1842566856971154,specter2,biobert
neighbors_2048_mean_k10,16,0.011917818509615402,0.0026590670072115354,4,0,0.15157752403846153,0.16349534254807693,specter2,simcse
neighbors_2048_mean_k10,17,-0.0024226262019230727,-0.0008781550480769174,2,2,0.20344238281250002,0.20782564603365386,scincl,scibert
neighbors_2048_mean_k10,18,0.006302584134615402,0.001256385216346162,3,1,0.16910118689903847,0.17540377103365387,scincl,bert
neighbors_2048_mean_k10,19,0.007688551682692224,0.0019953801081730727,3,1,0.45219163161057696,0.4598801832932692,scincl,mpnet
neighbors_2048_mean_k10,20,0.0057373046875,0.0012165715144230593,3,1,0.40956280048076926,0.41564190204326923,scincl,minilm
neighbors_2048_mean_k10,21,0.0008188100961537825,-7.868840144231726e-05,3,1,0.17649676983173077,0.17996544471153844,scincl,pubmedbert
neighbors_2048_mean_k10,22,0.0009502704326923017,-2.9672475961528555e-05,2,2,0.1847149188701923,0.18802396334134613,scincl,biobert
neighbors_2048_mean_k10,23,0.005754206730769235,0.0012024864783653888,3,1,0.16604942908653847,0.1718036358173077,scincl,simcse
neighbors_2048_mean_k10,24,-0.004308143028846079,-0.0013228665865384515,1,3,0.34960186298076923,0.35716834435096145,scibert,bert
neighbors_2048_mean_k10,25,-0.0011023888221153577,-0.0005870643028846268,2,2,0.2029165414663461,0.20658240685096158,scibert,mpnet
neighbors_2048_mean_k10,26,-0.004533503605769151,-0.0013551682692307498,1,3,0.200439453125,0.2050912710336538,scibert,minilm
neighbors_2048_mean_k10,27,0.002661132812500022,0.00022554837740385025,3,1,0.48552246093749996,0.49058368389423074,scibert,pubmedbert
neighbors_2048_mean_k10,28,0.00472318209134609,0.000557955228365381,3,1,0.4632173978365385,0.47264498197115395,scibert,biobert
neighbors_2048_mean_k10,29,-0.006651893028846195,-0.0021367938701923215,1,3,0.2265399639423077,0.2350304236778846,scibert,simcse
neighbors_2048_mean_k10,30,0.006710111177884587,0.0013243689903846057,3,1,0.18838078425480773,0.1950908954326923,bert,mpnet
neighbors_2048_mean_k10,31,0.002154071514422984,0.00038348858173075094,3,1,0.19402231069711545,0.1962627704326923,bert,minilm
neighbors_2048_mean_k10,32,-0.012884990985576994,-0.0035868013822115572,0,4,0.34004469651442304,0.35292968750000003,bert,pubmedbert
neighbors_2048_mean_k10,33,-0.004818960336538447,-0.0015433443509615286,1,3,0.36788987379807697,0.37399526742788464,bert,biobert
neighbors_2048_mean_k10,34,-0.008473557692307732,-0.002379995492788467,1,3,0.33113919771634615,0.33986065204326926,bert,simcse
neighbors_2048_mean_k10,35,0.006022761418269296,0.0011852088341346434,3,1,0.5353609525240384,0.5422964242788461,mpnet,minilm
neighbors_2048_mean_k10,36,0.002028245192307765,0.00015643780048078538,3,1,0.18397122896634616,0.18720703125,mpnet,pubmedbert
neighbors_2048_mean_k10,37,0.0030517578125000278,0.00034273587740384916,2,2,0.1954871544471154,0.19883188100961544,mpnet,biobert
neighbors_2048_mean_k10,38,0.007115760216346162,0.0014890700120192336,3,1,0.18536658653846153,0.1924823467548077,mpnet,simcse
neighbors_2048_mean_k10,39,-0.0015042818509615474,-0.0005686598557692269,3,1,0.18176269531250006,0.1845834585336539,minilm,pubmedbert
neighbors_2048_mean_k10,40,-0.00132211538461538,-0.0005579552283653921,2,2,0.1941556490384615,0.1970909705528846,minilm,biobert
neighbors_2048_mean_k10,41,0.0025465745192307654,0.0004065880408653799,3,1,0.19640925480769234,0.2006178635817308,minilm,simcse
neighbors_2048_mean_k10,42,-0.002582256610576983,-0.001210186298076943,2,2,0.48408766526442304,0.49319035456730764,pubmedbert,biobert
neighbors_2048_mean_k10,43,-0.007789963942307659,-0.0023946439302884536,1,3,0.2173659104567308,0.22649864783653847,pubmedbert,simcse
neighbors_2048_mean_k10,44,-0.005810546875000072,-0.001941105769230783,2,2,0.22793719951923075,0.2357271634615385,biobert,simcse
neighbors_2048_mean_k25,0,0.037191256009615536,0.009149864783653861,4,0,0.37041090745192307,0.4076021634615386,specter,specter2
neighbors_2048_mean_k25,1,0.015412409855769249,0.0036557241586538504,3,1,0.4758015324519232,0.49121394230769244,specter,scincl
neighbors_2048_mean_k25,2,-0.002858323317307676,-0.0009414062499999876,1,3,0.2544981971153847,0.25833984375,specter,scibert
neighbors_2048_mean_k25,3,0.008025090144230751,0.0017623948317307624,3,1,0.2207662259615385,0.22879131610576925,specter,bert
neighbors_2048_mean_k25,4,0.01594951923076915,0.0037451923076923022,3,1,0.4415940504807693,0.4575435697115384,specter,mpnet
neighbors_2048_mean_k25,5,0.015268179086538436,0.0034402794471153574,3,1,0.40666165865384635,0.4219298377403848,specter,minilm
neighbors_2048_mean_k25,6,0.0014400540865384948,9.495192307693023e-05,2,2,0.23161508413461546,0.2335727163461539,specter,pubmedbert
neighbors_2048_mean_k25,7,0.0032789963942307654,0.000484374999999998,2,2,0.24144606370192312,0.24472506009615388,specter,biobert
neighbors_2048_mean_k25,8,0.009805438701923075,0.0021769831730769186,3,1,0.21060471754807691,0.22041015625,specter,simcse
neighbors_2048_mean_k25,9,0.04693209134615378,0.011618013822115358,4,0,0.41487830528846165,0.4618103966346154,specter2,scincl
neighbors_2048_mean_k25,10,0.005571664663461429,0.000741511418269214,2,2,0.24535606971153856,0.252080078125,specter2,scibert
neighbors_2048_mean_k25,11,0.017865835336538377,0.004120042067307666,4,0,0.1913003305288462,0.20916616586538458,specter2,bert
neighbors_2048_mean_k25,12,0.050300480769230715,0.012323317307692316,4,0,0.4079432091346155,0.45824368990384623,specter2,mpnet
neighbors_2048_mean_k25,13,0.04776066706730758,0.011844125600961541,4,0,0.3671041165865386,0.41486478365384616,specter2,minilm
neighbors_2048_mean_k25,14,0.011592548076923032,0.002385892427884606,4,0,0.20788762019230772,0.21948016826923075,specter2,pubmedbert
neighbors_2048_mean_k25,15,0.013457782451923112,0.002683894230769235,3,1,0.21523662860576923,0.22869441105769234,specter2,biobert
neighbors_2048_mean_k25,16,0.018094951923076974,0.004066481370192327,4,0,0.18405123197115386,0.20214618389423084,specter2,simcse
neighbors_2048_mean_k25,17,0.0014670973557693312,6.888521634618172e-05,2,2,0.24906325120192313,0.2525555889423078,scincl,scibert
neighbors_2048_mean_k25,18,0.009835486778846131,0.002108774038461547,4,0,0.2093832632211539,0.21921875000000002,scincl,bert
neighbors_2048_mean_k25,19,0.009487680288461642,0.002474384014423092,4,0,0.4937319711538461,0.5032196514423077,scincl,mpnet
neighbors_2048_mean_k25,20,0.012029747596153884,0.00278079927884618,3,1,0.4471446814903847,0.4591744290865386,scincl,minilm
neighbors_2048_mean_k25,21,0.004780649038461454,0.0010015775240384383,3,1,0.21861853966346165,0.2233991887019231,scincl,pubmedbert
neighbors_2048_mean_k25,22,0.006106520432692275,0.0012199519230769063,3,1,0.22735727163461542,0.2334637920673077,scincl,biobert
neighbors_2048_mean_k25,23,0.010106670673076912,0.002238281250000007,3,1,0.20355694110576927,0.21366361177884619,scincl,simcse
neighbors_2048_mean_k25,24,-0.0025615985576922795,-0.0009865534855769242,1,3,0.3985682091346153,0.40573392427884625,scibert,bert
neighbors_2048_mean_k25,25,0.0022551081730770584,0.0002541316105769464,2,2,0.2500788762019231,0.25321138822115397,scibert,mpnet
neighbors_2048_mean_k25,26,-0.0003222656250000955,-0.0003310546875000153,2,2,0.24664888822115388,0.24931490384615393,scibert,minilm
neighbors_2048_mean_k25,27,0.006045673076923164,0.0010447716346154046,3,1,0.5327193509615384,0.5387650240384616,scibert,pubmedbert
neighbors_2048_mean_k25,28,0.008429236778846216,0.0013210637019230864,3,1,0.511807391826923,0.5206077223557692,scibert,biobert
neighbors_2048_mean_k25,29,-0.0033315805288461897,-0.0013841646634615511,1,3,0.2733112980769231,0.28108548677884626,scibert,simcse
neighbors_2048_mean_k25,30,0.008831129807692267,0.0018519381009615365,4,0,0.2326389723557693,0.24147010216346157,bert,mpnet
neighbors_2048_mean_k25,31,0.005083383413461512,0.0011222956730769062,3,1,0.2387417367788462,0.2438251201923077,bert,minilm
neighbors_2048_mean_k25,32,-0.012342998798076876,-0.003461313100961527,1,3,0.3922490985576924,0.40488431490384613,bert,pubmedbert
neighbors_2048_mean_k25,33,-0.0030055588942308753,-0.0012554086538461794,1,3,0.42072115384615394,0.4275307992788463,bert,biobert
neighbors_2048_mean_k25,34,-0.0040129206730770695,-0.001432316706730785,2,2,0.3902456430288463,0.39654296875,bert,simcse
neighbors_2048_mean_k25,35,0.010389873798076876,0.002398888221153839,3,1,0.5696604567307693,0.5800503305288461,mpnet,minilm
neighbors_2048_mean_k25,36,0.005588942307692302,0.0011151592548076794,3,1,0.22734600360576923,0.23293494591346153,mpnet,pubmedbert
neighbors_2048_mean_k25,37,0.006415264423076994,0.0012096604567307877,3,1,0.2401449819711538,0.2465602463942308,mpnet,biobert
neighbors_2048_mean_k25,38,0.009879807692307646,0.0021321364182692315,3,1,0.2259405048076924,0.23582031250000005,mpnet,simcse
neighbors_2048_mean_k25,39,0.003290264423076894,0.0006443058894230636,3,1,0.22536959134615392,0.2286598557692308,minilm,pubmedbert
neighbors_2048_mean_k25,40,0.004287860576923153,0.0007766676682692486,3,1,0.23908879206730768,0.24337665264423083,minilm,biobert
neighbors_2048_mean_k25,41,0.005838341346153769,0.001198317307692287,3,1,0.23807241586538466,0.24391075721153843,minilm,simcse
neighbors_2048_mean_k25,42,-0.0016571514423077138,-0.0009244290865384697,2,2,0.5364385516826924,0.5437695312500002,pubmedbert,biobert
neighbors_2048_mean_k25,43,-0.00590219350961535,-0.0020225360576922925,2,2,0.26559344951923086,0.27401442307692314,pubmedbert,simcse
neighbors_2048_mean_k25,44,-0.001938100961538347,-0.0012032001201922938,2,2,0.2772400841346154,0.28539588341346167,biobert,simcse
neighbors_2048_mean_k50,0,0.042227313701923175,0.010500000000000032,4,0,0.4058139272836539,0.44804124098557707,specter,specter2
neighbors_2048_mean_k50,1,0.018679762620192553,0.004500413161057715,4,0,0.5112871844951922,0.5299669471153847,specter,scincl
neighbors_2048_mean_k50,2,0.00048302283653844924,2.2498497596157296e-05,2,2,0.2973024338942308,0.29892052283653847,specter,scibert
neighbors_2048_mean_k50,3,0.010327148437499933,0.0023930288461538217,4,0,0.2618611027644231,0.272188251201923,specter,bert
neighbors_2048_mean_k50,4,0.019825345552884566,0.004697716346153835,4,0,0.47704927884615383,0.4968746243990384,specter,mpnet
neighbors_2048_mean_k50,5,0.019552283653846148,0.0045091271033654064,4,0,0.4418062650240385,0.4613585486778847,specter,minilm
neighbors_2048_mean_k50,6,0.0039051231971154454,0.0008597506009615397,4,0,0.27093825120192305,0.2748433743990385,specter,pubmedbert
neighbors_2048_mean_k50,7,0.007095853365384486,0.0015939753605769048,4,0,0.2807215294471155,0.28781738281249997,specter,biobert
neighbors_2048_mean_k50,8,0.012092472956730771,0.002814152644230772,4,0,0.24897235576923077,0.26106482872596154,specter,simcse
neighbors_2048_mean_k50,9,0.049493689903846116,0.012278207632211524,4,0,0.44978140024038465,0.49927509014423077,specter2,scincl
neighbors_2048_mean_k50,10,0.009004657451923026,0.0015845477764423021,2,2,0.28309682992788465,0.2921014873798077,specter2,scibert
neighbors_2048_mean_k50,11,0.02188288762019222,0.005085411658653849,4,0,0.226049053485577,0.24793194110576922,specter2,bert
neighbors_2048_mean_k50,12,0.05242525540865384,0.01292927433894231,4,0,0.43952185997596155,0.4919471153846154,specter2,mpnet
neighbors_2048_mean_k50,13,0.05202899639423075,0.012950946514423078,4,0,0.3965966796875001,0.4486256760817309,specter2,minilm
neighbors_2048_mean_k50,14,0.015106670673076916,0.0032929687500000025,4,0,0.243177959735577,0.2582846304086539,specter2,pubmedbert
neighbors_2048_mean_k50,15,0.01741398737980776,0.0037307692307692484,4,0,0.25099158653846154,0.2684055739182693,specter2,biobert
neighbors_2048_mean_k50,16,0.022445913461538458,0.0051504281850961505,4,0,0.21605506310096156,0.23850097656250002,specter2,simcse
neighbors_2048_mean_k50,17,0.004633413461538449,0.000915978064903844,3,1,0.29023700420673076,0.29493802584134615,scincl,scibert
neighbors_2048_mean_k50,18,0.01330153245192306,0.0029888822115384404,4,0,0.2474725811298077,0.26077411358173075,scincl,bert
neighbors_2048_mean_k50,19,0.013570087139423093,0.0033508112980769277,4,0,0.5236234224759616,0.5371935096153847,scincl,mpnet
neighbors_2048_mean_k50,20,0.01691594050480777,0.00396059945913464,4,0,0.4766410006009615,0.49355694110576925,scincl,minilm
neighbors_2048_mean_k50,21,0.007853816105769185,0.0018182842548076894,4,0,0.25579552283653845,0.26364933894230763,scincl,pubmedbert
neighbors_2048_mean_k50,22,0.010387620192307656,0.0023111102764422965,4,0,0.2647667518028846,0.27515437199519227,scincl,biobert
neighbors_2048_mean_k50,23,0.012977013221153855,0.003001652644230779,4,0,0.2396382962740385,0.25261530949519234,scincl,simcse
neighbors_2048_mean_k50,24,-0.0026821664663459477,-0.0010322265624999715,2,2,0.4392491736778847,0.44816706730769224,scibert,bert
neighbors_2048_mean_k50,25,0.005485276442307729,0.0010306490384615397,3,1,0.29182804987980765,0.2973133263221154,scibert,mpnet
neighbors_2048_mean_k50,26,0.0037695312500000133,0.0008093073918269301,2,2,0.2866631610576923,0.29247370793269234,scibert,minilm
neighbors_2048_mean_k50,27,0.007325345552884666,0.0012692307692308002,3,1,0.570469501201923,0.5777948467548076,scibert,pubmedbert
neighbors_2048_mean_k50,28,0.00932804987980762,0.0015114182692307354,3,1,0.5508946814903847,0.5602227313701923,scibert,biobert
neighbors_2048_mean_k50,29,-0.0014408052884614664,-0.000811185396634595,1,3,0.3156603064903847,0.32231670673076923,scibert,simcse
neighbors_2048_mean_k50,30,0.0118404447115385,0.0025598707932692477,4,0,0.2741421274038462,0.2859825721153847,bert,mpnet
neighbors_2048_mean_k50,31,0.00853590745192312,0.001980957031250008,4,0,0.28116811899038463,0.28970402644230775,bert,minilm
neighbors_2048_mean_k50,32,-0.012166841947115481,-0.0034741962139423267,1,3,0.4364855018028847,0.44997333233173087,bert,pubmedbert
neighbors_2048_mean_k50,33,-0.0019268329326923572,-0.0009868539663461795,1,3,0.4655709134615385,0.4723824368990384,bert,biobert
neighbors_2048_mean_k50,34,-0.002118389423076905,-0.0008839393028846176,2,2,0.4395015775240385,0.4441041917067308,bert,simcse
neighbors_2048_mean_k50,35,0.013228665865384626,0.003122107872596147,4,0,0.5948839393028846,0.6081126051682693,mpnet,minilm
neighbors_2048_mean_k50,36,0.008609149639422997,0.001868051382211522,4,0,0.2664115084134616,0.2750206580528846,mpnet,pubmedbert
neighbors_2048_mean_k50,37,0.01026104266826905,0.0021453200120191917,3,1,0.28019381009615396,0.290454852764423,mpnet,biobert
neighbors_2048_mean_k50,38,0.012312199519230849,0.0027489858774038534,4,0,0.2651108022836538,0.27742300180288465,mpnet,simcse
neighbors_2048_mean_k50,39,0.007083082932692331,0.0016736403245192432,3,1,0.26388183593750003,0.27096491887019236,minilm,pubmedbert
neighbors_2048_mean_k50,40,0.008761643629807747,0.0020193434495192506,3,1,0.2788243689903846,0.28758601262019234,minilm,biobert
neighbors_2048_mean_k50,41,0.008526893028846128,0.0018818734975961538,4,0,0.27803335336538465,0.2865602463942308,minilm,simcse
neighbors_2048_mean_k50,42,-0.0015797776442306732,-0.0009264573317307789,1,3,0.5772355769230769,0.5838641826923079,pubmedbert,biobert
neighbors_2048_mean_k50,43,-0.0040531099759615885,-0.0015717022235577026,2,2,0.3097314453125,0.31734224759615387,pubmedbert,simcse
neighbors_2048_mean_k50,44,0.00016676682692307043,-0.0006527193509615504,2,2,0.3226250751201923,0.3294858022836538,biobert,simcse
neighbors_2048_cls_k10,0,0.02937575120192315,0.007390512319711551,4,0,0.33178898737980766,0.3611647385817308,specter,specter2
neighbors_2048_cls_k10,1,0.01232534555288467,0.0028260216346153834,3,1,0.43072603665865383,0.4430513822115385,specter,scincl
neighbors_2048_cls_k10,2,-0.005220853365384623,-0.0015747070312499972,1,3,0.08711500901442307,0.09317720853365384,specter,scibert
neighbors_2048_cls_k10,3,0.00210524338942307,0.0002020733173076883,2,2,0.08887282151442309,0.09116023137019232,specter,bert
neighbors_2048_cls_k10,4,0.012208909254807776,0.0027157827524038614,3,1,0.3970233623798076,0.4092322716346154,specter,mpnet
neighbors_2048_cls_k10,5,0.010195688100961497,0.0020684344951922952,3,1,0.36460524338942313,0.3748009314903846,specter,minilm
neighbors_2048_cls_k10,6,-0.008644456129807701,-0.0027586012620192417,1,3,0.09647686298076923,0.10690730168269233,specter,pubmedbert
neighbors_2048_cls_k10,7,0.0007793719951922906,-0.00022742638221153743,2,2,0.12862642728365387,0.13245943509615385,specter,biobert
neighbors_2048_cls_k10,8,0.006334510216346151,0.001253380408653848,3,1,0.17082519531250004,0.1771597055288462,specter,simcse
neighbors_2048_cls_k10,9,0.0399808443509615,0.010092773437500003,4,0,0.3754695012019231,0.41545034555288457,specter2,scincl
neighbors_2048_cls_k10,10,-0.0032996544471153577,-0.0012355393629807643,1,3,0.08544921875,0.09174616887019232,specter2,scibert
neighbors_2048_cls_k10,11,0.0035531850961538353,0.0004557917668269268,2,2,0.08288949819711539,0.08664550781249998,specter2,bert
neighbors_2048_cls_k10,12,0.044512469951923095,0.0110242638221154,4,0,0.3728778545673076,0.4173903245192307,specter2,mpnet
neighbors_2048_cls_k10,13,0.03903996394230769,0.009880934495192317,4,0,0.335210712139423,0.3742506760817307,specter2,minilm
neighbors_2048_cls_k10,14,-0.007594651442307698,-0.002531550480769235,1,3,0.09193209134615385,0.10314378004807695,specter2,pubmedbert
neighbors_2048_cls_k10,15,0.002127779447115369,0.00011268028846153355,2,2,0.12001953125,0.12384314903846157,specter2,biobert
neighbors_2048_cls_k10,16,0.011917818509615402,0.0026590670072115354,4,0,0.15157752403846153,0.16349534254807693,specter2,simcse
neighbors_2048_cls_k10,17,-0.0023193359375000278,-0.0008661358173077005,2,2,0.08436936598557694,0.08839205228365386,scincl,scibert
neighbors_2048_cls_k10,18,0.0018329326923077066,0.00024977463942307544,3,1,0.08632061298076922,0.0884540264423077,scincl,bert
neighbors_2048_cls_k10,19,0.007688551682692224,0.0019953801081730727,3,1,0.45219163161057696,0.4598801832932692,scincl,mpnet
neighbors_2048_cls_k10,20,0.0057373046875,0.0012165715144230593,3,1,0.40956280048076926,0.41564190204326923,scincl,minilm
neighbors_2048_cls_k10,21,-0.006655649038461553,-0.002174353966346157,2,2,0.09248422475961539,0.10091646634615387,scincl,pubmedbert
neighbors_2048_cls_k10,22,0.0022554837740384887,0.00019643930288461842,2,2,0.1223407451923077,0.1249323918269231,scincl,biobert
neighbors_2048_cls_k10,23,0.005754206730769235,0.0012024864783653888,3,1,0.16604942908653847,0.1718036358173077,scincl,simcse
neighbors_2048_cls_k10,24,-0.02480844350961542,-0.006524000901442312,0,4,0.13719764122596154,0.16200608473557696,scibert,bert
neighbors_2048_cls_k10,25,-0.0007699819711538547,-0.000527155949519234,2,2,0.08264723557692308,0.08637883112980771,scibert,mpnet
neighbors_2048_cls_k10,26,-0.0023043118990384304,-0.0008174954927884587,1,3,0.08109224759615387,0.0850642277644231,scibert,minilm
neighbors_2048_cls_k10,27,-0.02299616887019229,-0.006414888822115383,1,3,0.2716364933894231,0.3009652944711538,scibert,pubmedbert
neighbors_2048_cls_k10,28,-0.033349609375000006,-0.008751126802884607,1,3,0.24301570012019227,0.2767728365384615,scibert,biobert
neighbors_2048_cls_k10,29,-0.00911583533653848,-0.0025638521634615413,0,4,0.11014685997596153,0.11926269531250001,scibert,simcse
neighbors_2048_cls_k10,30,0.004058368389423084,0.000685847355769234,2,2,0.0928729717548077,0.09693134014423078,bert,mpnet
neighbors_2048_cls_k10,31,0.0020845853365384637,0.0001988807091346162,2,2,0.09448993389423076,0.09724684495192307,bert,minilm
neighbors_2048_cls_k10,32,-0.029334435096153827,-0.007889310396634602,0,4,0.13636568509615385,0.16570012019230768,bert,pubmedbert
neighbors_2048_cls_k10,33,-0.022708834134615413,-0.005974496694711539,0,4,0.15552133413461539,0.1782301682692308,bert,biobert
neighbors_2048_cls_k10,34,-0.006126051682692368,-0.0019709660456730892,1,3,0.17668832632211537,0.1858417217548077,bert,simcse
neighbors_2048_cls_k10,35,0.006022761418269296,0.0011852088341346434,3,1,0.5353609525240384,0.5422964242788461,mpnet,minilm
neighbors_2048_cls_k10,36,-0.005669696514423075,-0.002018667367788457,2,2,0.09318284254807695,0.10203012319711538,mpnet,pubmedbert
neighbors_2048_cls_k10,37,0.004107196514423095,0.0006330754206730849,2,2,0.12571551983173077,0.12982271634615386,mpnet,biobert
neighbors_2048_cls_k10,38,0.007115760216346162,0.0014890700120192336,3,1,0.18536658653846153,0.1924823467548077,mpnet,simcse
neighbors_2048_cls_k10,39,-0.007095102163461528,-0.002333608774038462,1,3,0.0902099609375,0.09940467247596153,minilm,pubmedbert
neighbors_2048_cls_k10,40,0.0011981670673076594,-0.0001431039663461614,2,2,0.12101299579326923,0.12484036959134617,minilm,biobert
neighbors_2048_cls_k10,41,0.0025465745192307654,0.0004065880408653799,3,1,0.19640925480769234,0.2006178635817308,minilm,simcse
neighbors_2048_cls_k10,42,-0.03913762019230771,-0.010619929387019222,1,3,0.2752291165865385,0.3156944861778846,pubmedbert,biobert
neighbors_2048_cls_k10,43,-0.020338792067307723,-0.005784254807692316,0,4,0.11588604266826923,0.13622483473557695,pubmedbert,simcse
neighbors_2048_cls_k10,44,-0.008481069711538447,-0.002608548677884609,1,3,0.15250525841346152,0.16190467247596152,biobert,simcse
neighbors_2048_cls_k25,0,0.037191256009615536,0.009149864783653861,4,0,0.37041090745192307,0.4076021634615386,specter,specter2
neighbors_2048_cls_k25,1,0.015412409855769249,0.0036557241586538504,3,1,0.4758015324519232,0.49121394230769244,specter,scincl
neighbors_2048_cls_k25,2,-0.00237680288461542,-0.0008499098557692375,2,2,0.12534855769230774,0.12909405048076927,specter,scibert
neighbors_2048_cls_k25,3,0.004988731971153862,0.0009490685096153861,3,1,0.12169020432692308,0.12667893629807694,specter,bert
neighbors_2048_cls_k25,4,0.01594951923076915,0.0037451923076923022,3,1,0.4415940504807693,0.4575435697115384,specter,mpnet
neighbors_2048_cls_k25,5,0.015268179086538436,0.0034402794471153574,3,1,0.40666165865384635,0.4219298377403848,specter,minilm
neighbors_2048_cls_k25,6,-0.005302734374999979,-0.001859750600961535,2,2,0.13463341346153845,0.14262545072115385,specter,pubmedbert
neighbors_2048_cls_k25,7,0.004117337740384613,0.0006310096153846146,2,2,0.1703094951923077,0.17442683293269232,specter,biobert
neighbors_2048_cls_k25,8,0.009805438701923075,0.0021769831730769186,3,1,0.21060471754807691,0.22041015625,specter,simcse
neighbors_2048_cls_k25,9,0.04693209134615378,0.011618013822115358,4,0,0.41487830528846165,0.4618103966346154,specter2,scincl
neighbors_2048_cls_k25,10,-0.0014287860576922967,-0.0009495192307692274,2,2,0.12122671274038462,0.1278643329326923,specter2,scibert
neighbors_2048_cls_k25,11,0.007105618990384588,0.001302283653846148,2,2,0.1122175480769231,0.11932316706730768,specter2,bert
neighbors_2048_cls_k25,12,0.050300480769230715,0.012323317307692316,4,0,0.4079432091346155,0.45824368990384623,specter2,mpnet
neighbors_2048_cls_k25,13,0.04776066706730758,0.011844125600961541,4,0,0.3671041165865386,0.41486478365384616,specter2,minilm
neighbors_2048_cls_k25,14,-0.004286358173076904,-0.0018285757211538467,2,2,0.1278748497596154,0.13758789062500001,specter2,pubmedbert
neighbors_2048_cls_k25,15,0.006545222355769265,0.0009840745192307766,2,2,0.15722806490384617,0.16377328725961543,specter2,biobert
neighbors_2048_cls_k25,16,0.018094951923076974,0.004066481370192327,4,0,0.18405123197115386,0.20214618389423084,specter2,simcse
neighbors_2048_cls_k25,17,0.0005386117788461625,-0.00023167067307692247,2,2,0.12021183894230769,0.12360576923076926,scincl,scibert
neighbors_2048_cls_k25,18,0.00558518629807693,0.0010686598557692328,3,1,0.11764423076923078,0.12322941706730771,scincl,bert
neighbors_2048_cls_k25,19,0.009487680288461642,0.002474384014423092,4,0,0.4937319711538461,0.5032196514423077,scincl,mpnet
neighbors_2048_cls_k25,20,0.012029747596153884,0.00278079927884618,3,1,0.4471446814903847,0.4591744290865386,scincl,minilm
neighbors_2048_cls_k25,21,-0.003859675480769237,-0.0014695012019230792,2,2,0.12858924278846157,0.13556490384615388,scincl,pubmedbert
neighbors_2048_cls_k25,22,0.005357572115384623,0.0009728816105769256,3,1,0.16208458533653847,0.1674421574519231,scincl,biobert
neighbors_2048_cls_k25,23,0.010106670673076912,0.002238281250000007,3,1,0.20355694110576927,0.21366361177884619,scincl,simcse
neighbors_2048_cls_k25,24,-0.023742487980769167,-0.006444636418269201,0,4,0.183661358173077,0.20740384615384616,scibert,bert
neighbors_2048_cls_k25,25,0.0020552884615384764,0.00019801682692308363,2,2,0.11925706129807694,0.12147536057692311,scibert,mpnet
neighbors_2048_cls_k25,26,0.0015963040865384914,0.00010929987980769496,3,1,0.11660757211538463,0.11936523437500002,scibert,minilm
neighbors_2048_cls_k25,27,-0.021119290865384555,-0.006214543269230777,1,3,0.3302298677884616,0.35870342548076933,scibert,pubmedbert
neighbors_2048_cls_k25,28,-0.03339167668269233,-0.009075270432692318,1,3,0.2988131009615385,0.3339528245192308,scibert,biobert
neighbors_2048_cls_k25,29,-0.006745042067307694,-0.002258037860576917,2,2,0.15054987980769236,0.15964017427884616,scibert,simcse
neighbors_2048_cls_k25,30,0.007838040865384616,0.0015739933894230785,3,1,0.12619140625,0.13402944711538461,bert,mpnet
neighbors_2048_cls_k25,31,0.006054687499999989,0.0012349008413461483,3,1,0.1282136418269231,0.1342683293269231,bert,minilm
neighbors_2048_cls_k25,32,-0.029269080528846164,-0.008046724759615393,0,4,0.18287710336538465,0.21214618389423082,bert,pubmedbert
neighbors_2048_cls_k25,33,-0.022403846153846163,-0.006132512019230774,0,4,0.20464468149038467,0.22704852764423084,bert,biobert
neighbors_2048_cls_k25,34,-0.002634465144230713,-0.0012207782451922888,1,3,0.22915715144230775,0.23629957932692314,bert,simcse
neighbors_2048_cls_k25,35,0.010389873798076876,0.002398888221153839,3,1,0.5696604567307693,0.5800503305288461,mpnet,minilm
neighbors_2048_cls_k25,36,-0.0033698918269230993,-0.0014546274038461592,2,2,0.1302922175480769,0.13809870793269233,mpnet,pubmedbert
neighbors_2048_cls_k25,37,0.007496243990384621,0.0014027944711538566,2,2,0.16709134615384616,0.17458759014423078,mpnet,biobert
neighbors_2048_cls_k25,38,0.009879807692307646,0.0021321364182692315,3,1,0.2259405048076924,0.23582031250000005,mpnet,simcse
neighbors_2048_cls_k25,39,-0.0038266225961538503,-0.0015186298076923066,2,2,0.12635066105769235,0.13388371394230772,minilm,pubmedbert
neighbors_2048_cls_k25,40,0.005814302884615347,0.0009918870192307584,3,1,0.16108097956730777,0.16689528245192312,minilm,biobert
neighbors_2048_cls_k25,41,0.005838341346153769,0.001198317307692287,3,1,0.23807241586538466,0.24391075721153843,minilm,simcse
neighbors_2048_cls_k25,42,-0.037315204326923035,-0.0104247295673077,1,3,0.33096153846153853,0.3700908954326924,pubmedbert,biobert
neighbors_2048_cls_k25,43,-0.01922701322115386,-0.0056997445913461505,1,3,0.15913837139423082,0.17845327524038462,pubmedbert,simcse
neighbors_2048_cls_k25,44,-0.004651442307692294,-0.0018938551682692317,2,2,0.19982722355769234,0.20946289062500004,biobert,simcse
neighbors_2048_cls_k50,0,0.042227313701923175,0.010500000000000032,4,0,0.4058139272836539,0.44804124098557707,specter,specter2
neighbors_2048_cls_k50,1,0.018679762620192553,0.004500413161057715,4,0,0.5112871844951922,0.5299669471153847,specter,scincl
neighbors_2048_cls_k50,2,-0.0003763521634615463,-0.0002671274038461624,3,1,0.16408879206730773,0.16624737079326926,specter,scibert
neighbors_2048_cls_k50,3,0.007502629206730782,0.0016133563701923037,3,1,0.1560584435096154,0.16356107271634618,specter,bert
neighbors_2048_cls_k50,4,0.019825345552884566,0.004697716346153835,4,0,0.47704927884615383,0.4968746243990384,specter,mpnet
neighbors_2048_cls_k50,5,0.019552283653846148,0.0045091271033654064,4,0,0.4418062650240385,0.4613585486778847,specter,minilm
neighbors_2048_cls_k50,6,-0.0035621995192307576,-0.0013037109374999967,2,2,0.17292818509615387,0.1788408954326923,specter,pubmedbert
neighbors_2048_cls_k50,7,0.006840820312500051,0.001373535156250011,3,1,0.2103361628605769,0.21717698317307696,specter,biobert
neighbors_2048_cls_k50,8,0.012092472956730771,0.002814152644230772,4,0,0.24897235576923077,0.26106482872596154,specter,simcse
neighbors_2048_cls_k50,9,0.049493689903846116,0.012278207632211524,4,0,0.44978140024038465,0.49927509014423077,specter2,scincl
neighbors_2048_cls_k50,10,-0.0005378605769230382,-0.0007930063100961393,2,2,0.158291015625,0.16514535757211538,specter2,scibert
neighbors_2048_cls_k50,11,0.010518329326923065,0.002126352163461548,3,1,0.14277719350961543,0.1532955228365385,specter2,bert
neighbors_2048_cls_k50,12,0.05242525540865384,0.01292927433894231,4,0,0.43952185997596155,0.4919471153846154,specter2,mpnet
neighbors_2048_cls_k50,13,0.05202899639423075,0.012950946514423078,4,0,0.3965966796875001,0.4486256760817309,specter2,minilm
neighbors_2048_cls_k50,14,-0.002118389423076933,-0.0013180588942307725,2,2,0.1636042668269231,0.17254807692307697,specter2,pubmedbert
neighbors_2048_cls_k50,15,0.009109450120192292,0.0015394381009615488,2,2,0.19469576322115395,0.20380521334134624,specter2,biobert
neighbors_2048_cls_k50,16,0.022445913461538458,0.0051504281850961505,4,0,0.21605506310096156,0.23850097656250002,specter2,simcse
neighbors_2048_cls_k50,17,0.0023076923076922606,0.0002886117788461429,2,2,0.1580006760817308,0.16030836838942306,scincl,scibert
neighbors_2048_cls_k50,18,0.00872859074519225,0.0018438251201922996,3,1,0.15043306790865388,0.15916165865384613,scincl,bert
neighbors_2048_cls_k50,19,0.013570087139423093,0.0033508112980769277,4,0,0.5236234224759616,0.5371935096153847,scincl,mpnet
neighbors_2048_cls_k50,20,0.01691594050480777,0.00396059945913464,4,0,0.4766410006009615,0.49355694110576925,scincl,minilm
neighbors_2048_cls_k50,21,-0.0020898437500000144,-0.0009303260216346254,2,2,0.165947265625,0.1710708383413462,scincl,pubmedbert
neighbors_2048_cls_k50,22,0.008214768629807717,0.0016883263221153966,3,1,0.20125939002403845,0.20947415865384617,scincl,biobert
neighbors_2048_cls_k50,23,0.012977013221153855,0.003001652644230779,4,0,0.2396382962740385,0.25261530949519234,scincl,simcse
neighbors_2048_cls_k50,24,-0.022117262620192257,-0.006129056490384599,0,4,0.2288236177884616,0.25094088040865387,scibert,bert
neighbors_2048_cls_k50,25,0.0042480468749999944,0.0007459435096153821,2,2,0.1562699068509616,0.1605179537259616,scibert,mpnet
neighbors_2048_cls_k50,26,0.004441856971153818,0.0009343073918269218,3,1,0.15292518028846158,0.1573670372596154,scibert,minilm
neighbors_2048_cls_k50,27,-0.019706280048076896,-0.006054274338942289,1,3,0.37959735576923076,0.40777118389423084,scibert,pubmedbert
neighbors_2048_cls_k50,28,-0.032035381610576896,-0.008833082932692304,1,3,0.34849308894230774,0.38238544170673067,scibert,biobert
neighbors_2048_cls_k50,29,-0.004863281250000101,-0.0017229942908654095,2,2,0.19180326021634622,0.19930664062500003,scibert,simcse
neighbors_2048_cls_k50,30,0.010635892427884652,0.002253718449519243,4,0,0.16138146033653847,0.17201735276442312,bert,mpnet
neighbors_2048_cls_k50,31,0.009805438701923047,0.0021891150841346074,4,0,0.16295109675480776,0.1727565354567308,bert,minilm
neighbors_2048_cls_k50,32,-0.02863994891826921,-0.00800845102163461,0,4,0.22784705528846155,0.25648700420673076,bert,pubmedbert
neighbors_2048_cls_k50,33,-0.021004356971153826,-0.005892503004807692,0,4,0.25144381009615385,0.2724481670673077,bert,biobert
neighbors_2048_cls_k50,34,-0.00023362379807673195,-0.0006589543269230336,2,2,0.27742901141826926,0.2835513070913461,bert,simcse
neighbors_2048_cls_k50,35,0.013228665865384626,0.003122107872596147,4,0,0.5948839393028846,0.6081126051682693,mpnet,minilm
neighbors_2048_cls_k50,36,-0.0014783653846154043,-0.0009270207331730784,2,2,0.1690827824519231,0.17539625901442307,mpnet,pubmedbert
neighbors_2048_cls_k50,37,0.009074519230769185,0.0018147160456730648,3,1,0.20853327824519233,0.2176077974759615,mpnet,biobert
neighbors_2048_cls_k50,38,0.012312199519230849,0.0027489858774038534,4,0,0.2651108022836538,0.27742300180288465,mpnet,simcse
neighbors_2048_cls_k50,39,-0.0015185546875000067,-0.0008496469350961599,2,2,0.16426006610576926,0.1697194260817308,minilm,pubmedbert
neighbors_2048_cls_k50,40,0.008289888822115399,0.0017443659855769234,3,1,0.20133826622596157,0.20962815504807697,minilm,biobert
neighbors_2048_cls_k50,41,0.008526893028846128,0.0018818734975961538,4,0,0.27803335336538465,0.2865602463942308,minilm,simcse
neighbors_2048_cls_k50,42,-0.0359093299278847,-0.010239971454326934,1,3,0.37763972355769226,0.4163532902644231,pubmedbert,biobert
neighbors_2048_cls_k50,43,-0.01843562199519233,-0.00547934194711539,1,3,0.20042705829326926,0.21977351262019235,pubmedbert,simcse
neighbors_2048_cls_k50,44,-0.002431640625000009,-0.001324293870192317,2,2,0.24494478665865388,0.2533244441105769,biobert,simcse
neighbors_2048_sep_k10,0,0.02937575120192315,0.007390512319711551,4,0,0.33178898737980766,0.3611647385817308,specter,specter2
neighbors_2048_sep_k10,1,0.01232534555288467,0.0028260216346153834,3,1,0.43072603665865383,0.4430513822115385,specter,scincl
neighbors_2048_sep_k10,2,-0.00920597956730769,-0.0027202899639423043,1,3,0.10392127403846155,0.11349722055288461,specter,scibert
neighbors_2048_sep_k10,3,0.014411808894230771,0.003596942608173079,3,1,0.0912823016826923,0.10653170072115384,specter,bert
neighbors_2048_sep_k10,4,0.012208909254807776,0.0027157827524038614,3,1,0.3970233623798076,0.4092322716346154,specter,mpnet
neighbors_2048_sep_k10,5,0.010195688100961497,0.0020684344951922952,3,1,0.36460524338942313,0.3748009314903846,specter,minilm
neighbors_2048_sep_k10,6,0.005947641225961531,0.0009756234975961453,3,1,0.27176231971153847,0.2777099609375,specter,pubmedbert
neighbors_2048_sep_k10,7,0.0003718449519231337,-0.0003466796874999845,2,2,0.2249192457932693,0.22912973257211544,specter,biobert
neighbors_2048_sep_k10,8,0.006334510216346151,0.001253380408653848,3,1,0.17082519531250004,0.1771597055288462,specter,simcse
neighbors_2048_sep_k10,9,0.0399808443509615,0.010092773437500003,4,0,0.3754695012019231,0.41545034555288457,specter2,scincl
neighbors_2048_sep_k10,10,-0.006828425480769229,-0.002173414963942305,1,3,0.10093149038461538,0.11013746995192308,specter2,scibert
neighbors_2048_sep_k10,11,0.01917818509615385,0.004784029447115384,4,0,0.08601449819711539,0.10519268329326924,specter2,bert
neighbors_2048_sep_k10,12,0.044512469951923095,0.0110242638221154,4,0,0.3728778545673076,0.4173903245192307,specter2,mpnet
neighbors_2048_sep_k10,13,0.03903996394230769,0.009880934495192317,4,0,0.335210712139423,0.3742506760817307,specter2,minilm
neighbors_2048_sep_k10,14,0.019529371995192335,0.004484299879807691,4,0,0.24248798076923073,0.26201735276442306,specter2,pubmedbert
neighbors_2048_sep_k10,15,0.007820012019230715,0.0013082181490384481,2,2,0.1978402944711539,0.2056603064903846,specter2,biobert
neighbors_2048_sep_k10,16,0.011917818509615402,0.0026590670072115354,4,0,0.15157752403846153,0.16349534254807693,specter2,simcse
neighbors_2048_sep_k10,17,-0.005254657451923037,-0.0016826923076923017,1,3,0.10200195312500002,0.10841158353365382,scincl,scibert
neighbors_2048_sep_k10,18,0.015129206730769229,0.0037922551081730816,3,1,0.08625112680288462,0.10260667067307691,scincl,bert
neighbors_2048_sep_k10,19,0.007688551682692224,0.0019953801081730727,3,1,0.45219163161057696,0.4598801832932692,scincl,mpnet
neighbors_2048_sep_k10,20,0.0057373046875,0.0012165715144230593,3,1,0.40956280048076926,0.41564190204326923,scincl,minilm
neighbors_2048_sep_k10,21,0.006886643629807732,0.0013337590144230859,3,1,0.2662916917067308,0.2731783353365385,scincl,pubmedbert
neighbors_2048_sep_k10,22,0.003032977764423045,0.00045522836538461895,1,3,0.21120793269230778,0.21575458233173078,scincl,biobert
neighbors_2048_sep_k10,23,0.005754206730769235,0.0012024864783653888,3,1,0.16604942908653847,0.1718036358173077,scincl,simcse
neighbors_2048_sep_k10,24,0.0030968299278846256,0.0006529822716346223,2,2,0.11573955829326922,0.12050217848557693,scibert,bert
neighbors_2048_sep_k10,25,-0.004148512620192293,-0.0013891601562499994,2,2,0.09962439903846153,0.10521897536057692,scibert,mpnet
neighbors_2048_sep_k10,26,-0.005232121394230821,-0.0016674804687500128,1,3,0.09463641826923075,0.10130145733173078,scibert,minilm
neighbors_2048_sep_k10,27,-0.014723557692307654,-0.004390775240384598,1,3,0.18820049579326928,0.20569598858173077,scibert,pubmedbert
neighbors_2048_sep_k10,28,-0.006766451322115397,-0.0023764272836538426,1,3,0.19602614182692304,0.2103271484375,scibert,biobert
neighbors_2048_sep_k10,29,-0.011044546274038447,-0.0032771183894230727,1,3,0.12111253004807694,0.13215895432692307,scibert,simcse
neighbors_2048_sep_k10,30,0.020141601562499986,0.005169959435096144,4,0,0.09969951923076925,0.11984112079326924,bert,mpnet
neighbors_2048_sep_k10,31,0.01883638822115387,0.004762807992788468,4,0,0.10015587439903845,0.11899226262019232,bert,minilm
neighbors_2048_sep_k10,32,0.018425105168269257,0.0047372671274038495,3,1,0.16190467247596155,0.1819129356971154,bert,pubmedbert
neighbors_2048_sep_k10,33,0.028842397836538497,0.007454740084134615,4,0,0.1780949519230769,0.2069373497596154,bert,biobert
neighbors_2048_sep_k10,34,0.022036508413461553,0.005595515324519229,3,1,0.16599121093749997,0.18895545372596156,bert,simcse
neighbors_2048_sep_k10,35,0.006022761418269296,0.0011852088341346434,3,1,0.5353609525240384,0.5422964242788461,mpnet,minilm
neighbors_2048_sep_k10,36,0.009051983173076983,0.0018447641225961652,3,1,0.2779127854567307,0.2869647686298077,mpnet,pubmedbert
neighbors_2048_sep_k10,37,0.00402456430288467,0.0005440579927884659,2,2,0.2198824368990384,0.22458683894230771,mpnet,biobert
neighbors_2048_sep_k10,38,0.007115760216346162,0.0014890700120192336,3,1,0.18536658653846153,0.1924823467548077,mpnet,simcse
neighbors_2048_sep_k10,39,0.005333533653846145,0.0010802283653846057,3,1,0.266376201923077,0.27170973557692313,minilm,pubmedbert
neighbors_2048_sep_k10,40,0.00021409254807702727,-0.00030066856971152636,2,2,0.2141132061298077,0.21754807692307696,minilm,biobert
neighbors_2048_sep_k10,41,0.0025465745192307654,0.0004065880408653799,3,1,0.19640925480769234,0.2006178635817308,minilm,simcse
neighbors_2048_sep_k10,42,-0.0011042668269230504,-0.0009420072115384426,2,2,0.4054011418269231,0.41261268028846143,pubmedbert,biobert
neighbors_2048_sep_k10,43,-0.002661132812499939,-0.0011234224759615274,2,2,0.24181002103365384,0.2477219801682692,pubmedbert,simcse
neighbors_2048_sep_k10,44,-0.003190730168269207,-0.0013608022836538447,2,2,0.23704740084134615,0.24427396334134616,biobert,simcse
neighbors_2048_sep_k25,0,0.037191256009615536,0.009149864783653861,4,0,0.37041090745192307,0.4076021634615386,specter,specter2
neighbors_2048_sep_k25,1,0.015412409855769249,0.0036557241586538504,3,1,0.4758015324519232,0.49121394230769244,specter,scincl
neighbors_2048_sep_k25,2,-0.005660306490384653,-0.0018095703125000084,2,2,0.14562800480769228,0.15240309495192308,specter,scibert
neighbors_2048_sep_k25,3,0.020963792067307654,0.005209510216346147,4,0,0.1207917668269231,0.14175555889423075,specter,bert
neighbors_2048_sep_k25,4,0.01594951923076915,0.0037451923076923022,3,1,0.4415940504807693,0.4575435697115384,specter,mpnet
neighbors_2048_sep_k25,5,0.015268179086538436,0.0034402794471153574,3,1,0.40666165865384635,0.4219298377403848,specter,minilm
neighbors_2048_sep_k25,6,0.010930739182692273,0.002407076322115376,3,1,0.3183030348557693,0.32923377403846155,specter,pubmedbert
neighbors_2048_sep_k25,7,0.004338191105769218,0.0007589393028846092,2,2,0.2761283052884616,0.2804664963942308,specter,biobert
neighbors_2048_sep_k25,8,0.009805438701923075,0.0021769831730769186,3,1,0.21060471754807691,0.22041015625,specter,simcse
neighbors_2048_sep_k25,9,0.04693209134615378,0.011618013822115358,4,0,0.41487830528846165,0.4618103966346154,specter2,scincl
neighbors_2048_sep_k25,10,-0.0035148737980769396,-0.0015202073317307717,2,2,0.14027118389423077,0.1484435096153846,specter2,scibert
neighbors_2048_sep_k25,11,0.026606820913461518,0.006575045072115382,4,0,0.11072641225961542,0.13733323317307694,specter2,bert
neighbors_2048_sep_k25,12,0.050300480769230715,0.012323317307692316,4,0,0.4079432091346155,0.45824368990384623,specter2,mpnet
neighbors_2048_sep_k25,13,0.04776066706730758,0.011844125600961541,4,0,0.3671041165865386,0.41486478365384616,specter2,minilm
neighbors_2048_sep_k25,14,0.028647836538461535,0.006619516225961542,4,0,0.2815932992788462,0.3102411358173077,specter2,pubmedbert
neighbors_2048_sep_k25,15,0.013345853365384547,0.0026493389423076774,3,1,0.2406392728365385,0.25398512620192304,specter2,biobert
neighbors_2048_sep_k25,16,0.018094951923076974,0.004066481370192327,4,0,0.18405123197115386,0.20214618389423084,specter2,simcse
neighbors_2048_sep_k25,17,-0.0027020733173076517,-0.001107797475961525,2,2,0.14099308894230772,0.14666691706730767,scincl,scibert
neighbors_2048_sep_k25,18,0.02162635216346155,0.005402493990384616,3,1,0.11382361778846153,0.13578650841346157,scincl,bert
neighbors_2048_sep_k25,19,0.009487680288461642,0.002474384014423092,4,0,0.4937319711538461,0.5032196514423077,scincl,mpnet
neighbors_2048_sep_k25,20,0.012029747596153884,0.00278079927884618,3,1,0.4471446814903847,0.4591744290865386,scincl,minilm
neighbors_2048_sep_k25,21,0.011847956730769271,0.0027302433894230817,4,0,0.3116774338942308,0.3235253906250001,scincl,pubmedbert
neighbors_2048_sep_k25,22,0.006440054086538527,0.0012906400240384809,3,1,0.2601885516826923,0.2666286057692308,scincl,biobert
neighbors_2048_sep_k25,23,0.010106670673076912,0.002238281250000007,3,1,0.20355694110576927,0.21366361177884619,scincl,simcse
neighbors_2048_sep_k25,24,0.01019606370192308,0.0023337590144230703,3,1,0.1528200120192308,0.1634705528846154,scibert,bert
neighbors_2048_sep_k25,25,-0.0009112079326923372,-0.0006653395432692332,2,2,0.13941180889423074,0.14424278846153846,scibert,mpnet
neighbors_2048_sep_k25,26,-0.0016894531250000455,-0.0008221905048076961,2,2,0.13384990985576925,0.13869290865384618,scibert,minilm
neighbors_2048_sep_k25,27,-0.010356069711538463,-0.0036823918269230814,2,2,0.23967247596153854,0.25578425480769235,scibert,pubmedbert
neighbors_2048_sep_k25,28,-0.0021281550480769518,-0.0016106520432692451,2,2,0.2540782752403846,0.26592848557692317,scibert,biobert
neighbors_2048_sep_k25,29,-0.007897385817307617,-0.00275841346153845,2,2,0.1625247896634615,0.17431415264423084,scibert,simcse
neighbors_2048_sep_k25,30,0.027452674278846123,0.006903771033653841,4,0,0.12866661658653847,0.1561192908653846,bert,mpnet
neighbors_2048_sep_k25,31,0.02596604567307692,0.006574519230769227,4,0,0.12919170673076924,0.15515775240384616,bert,minilm
neighbors_2048_sep_k25,32,0.02575345552884617,0.006435847355769237,3,1,0.19922175480769233,0.22526141826923077,bert,pubmedbert
neighbors_2048_sep_k25,33,0.03736778846153854,0.009567683293269241,4,0,0.21963942307692313,0.2570072115384617,bert,biobert
neighbors_2048_sep_k25,34,0.02981595552884614,0.007600886418269237,3,1,0.2046762319711538,0.23540564903846156,bert,simcse
neighbors_2048_sep_k25,35,0.010389873798076876,0.002398888221153839,3,1,0.5696604567307693,0.5800503305288461,mpnet,minilm
neighbors_2048_sep_k25,36,0.01355543870192305,0.0031602313701923125,4,0,0.32565655048076925,0.3392119891826923,mpnet,pubmedbert
neighbors_2048_sep_k25,37,0.006940354567307738,0.0013283503605769353,3,1,0.27109450120192313,0.27803485576923087,mpnet,biobert
neighbors_2048_sep_k25,38,0.009879807692307646,0.0021321364182692315,3,1,0.2259405048076924,0.23582031250000005,mpnet,simcse
neighbors_2048_sep_k25,39,0.011756310096153855,0.002725360576923086,4,0,0.3120139723557693,0.32377028245192313,minilm,pubmedbert
neighbors_2048_sep_k25,40,0.005518329326923199,0.0010769981971154086,3,1,0.26442082331730765,0.26993915264423085,minilm,biobert
neighbors_2048_sep_k25,41,0.005838341346153769,0.001198317307692287,3,1,0.23807241586538466,0.24391075721153843,minilm,simcse
neighbors_2048_sep_k25,42,0.001960637019230882,-0.00029244290865383383,2,2,0.45848106971153857,0.4653267728365386,pubmedbert,biobert
neighbors_2048_sep_k25,43,0.0013085937499999756,-0.0003834134615384621,2,2,0.28921349158653853,0.29566481370192316,pubmedbert,simcse
neighbors_2048_sep_k25,44,0.00052358774038469,-0.0005554387019230611,2,2,0.2880528846153847,0.2946544471153847,biobert,simcse
neighbors_2048_sep_k50,0,0.042227313701923175,0.010500000000000032,4,0,0.4058139272836539,0.44804124098557707,specter,specter2
neighbors_2048_sep_k50,1,0.018679762620192553,0.004500413161057715,4,0,0.5112871844951922,0.5299669471153847,specter,scincl
neighbors_2048_sep_k50,2,-0.0025612229567308353,-0.0009770132211538607,2,2,0.1870233623798077,0.1916710486778846,specter,scibert
neighbors_2048_sep_k50,3,0.026171123798076873,0.00664486929086538,4,0,0.15091496394230774,0.17708608774038462,specter,bert
neighbors_2048_sep_k50,4,0.019825345552884566,0.004697716346153835,4,0,0.47704927884615383,0.4968746243990384,specter,mpnet
neighbors_2048_sep_k50,5,0.019552283653846148,0.0045091271033654064,4,0,0.4418062650240385,0.4613585486778847,specter,minilm
neighbors_2048_sep_k50,6,0.015403019831730702,0.0036284555288461306,4,0,0.3576735276442309,0.3730765474759616,specter,pubmedbert
neighbors_2048_sep_k50,7,0.008182466947115496,0.0018596754807692628,4,0,0.32025841346153844,0.32844088040865393,specter,biobert
neighbors_2048_sep_k50,8,0.012092472956730771,0.002814152644230772,4,0,0.24897235576923077,0.26106482872596154,specter,simcse
neighbors_2048_sep_k50,9,0.049493689903846116,0.012278207632211524,4,0,0.44978140024038465,0.49927509014423077,specter2,scincl
neighbors_2048_sep_k50,10,-0.0012657752403845979,-0.001115572415865379,2,2,0.17961125300480776,0.18823542668269233,specter2,scibert
neighbors_2048_sep_k50,11,0.032478590745192326,0.008074444110576923,4,0,0.1368975360576923,0.16937612680288464,specter2,bert
neighbors_2048_sep_k50,12,0.05242525540865384,0.01292927433894231,4,0,0.43952185997596155,0.4919471153846154,specter2,mpnet
neighbors_2048_sep_k50,13,0.05202899639423075,0.012950946514423078,4,0,0.3965966796875001,0.4486256760817309,specter2,minilm
neighbors_2048_sep_k50,14,0.03382812499999993,0.007941969651442305,4,0,0.3171127554086538,0.35094088040865373,specter2,pubmedbert
neighbors_2048_sep_k50,15,0.01726074218750001,0.003602050781249999,4,0,0.2804991736778846,0.2977599158653846,specter2,biobert
neighbors_2048_sep_k50,16,0.022445913461538458,0.0051504281850961505,4,0,0.21605506310096156,0.23850097656250002,specter2,simcse
neighbors_2048_sep_k50,17,0.00010028545673074207,-0.0003905874399038445,2,2,0.18165527343750004,0.18576171874999997,scincl,scibert
neighbors_2048_sep_k50,18,0.02780198317307689,0.006939603365384595,4,0,0.14213829627403848,0.16994027944711537,scincl,bert
neighbors_2048_sep_k50,19,0.013570087139423093,0.0033508112980769277,4,0,0.5236234224759616,0.5371935096153847,scincl,mpnet
neighbors_2048_sep_k50,20,0.01691594050480777,0.00396059945913464,4,0,0.4766410006009615,0.49355694110576925,scincl,minilm
neighbors_2048_sep_k50,21,0.016800631009615596,0.003998647836538494,4,0,0.34944073016826915,0.36624136117788475,scincl,pubmedbert
neighbors_2048_sep_k50,22,0.010200195312500104,0.0022253605769230965,4,0,0.3031877253605768,0.3133879206730769,scincl,biobert
neighbors_2048_sep_k50,23,0.012977013221153855,0.003001652644230779,4,0,0.2396382962740385,0.25261530949519234,scincl,simcse
neighbors_2048_sep_k50,24,0.01680926983173081,0.003927246093750008,4,0,0.18894456129807694,0.20575383112980775,scibert,bert
neighbors_2048_sep_k50,25,0.0019106820913462053,-2.347506009615641e-05,2,2,0.18109224759615386,0.18514836237980775,scibert,mpnet
neighbors_2048_sep_k50,26,0.0024628155048077305,0.0002548452524038569,3,1,0.1742195012019231,0.17752779447115385,scibert,minilm
neighbors_2048_sep_k50,27,-0.007289287860576921,-0.003151554987980765,2,2,0.2848257211538462,0.3017626953125,scibert,pubmedbert
neighbors_2048_sep_k50,28,0.0006246243990385425,-0.0011528320312499951,2,2,0.30440279447115387,0.3171803635817308,scibert,biobert
neighbors_2048_sep_k50,29,-0.005624248798076964,-0.0021828801081730798,2,2,0.20508413461538463,0.21566443810096156,scibert,simcse
neighbors_2048_sep_k50,30,0.033142277644230694,0.008306152343749984,4,0,0.15865985576923083,0.19180213341346153,bert,mpnet
neighbors_2048_sep_k50,31,0.0320586688701924,0.008132023737980786,4,0,0.1592961237980769,0.1913547926682693,bert,minilm
neighbors_2048_sep_k50,32,0.031121920072115394,0.007771521935096154,3,1,0.23399939903846156,0.2653575721153846,bert,pubmedbert
neighbors_2048_sep_k50,33,0.044513596754807594,0.011421950120192282,4,0,0.25814528245192314,0.30265887920673074,bert,biobert
neighbors_2048_sep_k50,34,0.036827674278846256,0.009391150841346185,3,1,0.24089580829326923,0.2785220102163462,bert,simcse
neighbors_2048_sep_k50,35,0.013228665865384626,0.003122107872596147,4,0,0.5948839393028846,0.6081126051682693,mpnet,minilm
neighbors_2048_sep_k50,36,0.018707181490384694,0.004378192608173093,4,0,0.3658484825721154,0.3845556640625001,mpnet,pubmedbert
neighbors_2048_sep_k50,37,0.010294846754807685,0.0020849984975961355,3,1,0.31653470552884616,0.32682955228365385,mpnet,biobert
neighbors_2048_sep_k50,38,0.012312199519230849,0.0027489858774038534,4,0,0.2651108022836538,0.27742300180288465,mpnet,simcse
neighbors_2048_sep_k50,39,0.016563626802884535,0.003971980168269218,4,0,0.3518276742788462,0.36839130108173074,minilm,pubmedbert
neighbors_2048_sep_k50,40,0.00960374098557698,0.002168719951923093,3,1,0.3088694411057692,0.3184731820913462,minilm,biobert
neighbors_2048_sep_k50,41,0.008526893028846128,0.0018818734975961538,4,0,0.27803335336538465,0.2865602463942308,minilm,simcse
neighbors_2048_sep_k50,42,0.0031520432692306866,-3.868689903847588e-05,2,2,0.4994354717548078,0.5063491586538462,pubmedbert,biobert
neighbors_2048_sep_k50,43,0.0032688551682691913,0.00017732121394230526,2,2,0.3326134314903847,0.33822077824519226,pubmedbert,simcse
neighbors_2048_sep_k50,44,0.0024838491586538503,1.6413762019218403e-05,1,3,0.334281475360577,0.34175668569711537,biobert,simcse
