metric,model,field_id,condition,reference_kind,n,reference,value,difference,relative_difference,same_ids
angle_p50,specter,11,title,half,1000,55.61338432088777,56.220517295671925,0.6071329747841574,0.01091702981571875,True
angle_p50,specter,12,title,half,1000,47.82241075998776,46.75454254219545,-1.0678682177923093,-0.022329870050921345,True
angle_p50,specter,13,title,half,1000,57.62239005672362,56.89831209143218,-0.7240779652914355,-0.01256591343362626,True
angle_p50,specter,14,title,half,1000,52.90541471821988,51.93219675660194,-0.9732179616179408,-0.01839543205173625,True
angle_p50,specter,15,title,half,1000,52.94825036209379,52.846021485619076,-0.10222887647471168,-0.0019307319085258843,True
angle_p50,specter,16,title,half,1000,52.9277857252365,52.44773524387537,-0.4800504813611255,-0.009069914314065715,True
angle_p50,specter,17,title,half,1000,56.26985854307482,53.357122978936815,-2.9127355641380035,-0.05176369089160393,True
angle_p50,specter,18,title,half,1000,53.07461528095544,51.46641711509358,-1.6081981658618645,-0.03030070321468591,True
angle_p50,specter,19,title,half,1000,51.47016779235925,51.90873101558078,0.43856322322152863,0.008520726510758206,True
angle_p50,specter,20,title,half,1000,52.2561168083082,51.155287161884935,-1.1008296464232643,-0.021066043817634827,True
angle_p50,specter,21,title,half,1000,54.22563855545119,54.60516320010081,0.37952464464962077,0.0069989889425002986,True
angle_p50,specter,22,title,half,1000,56.81156795515334,56.21588432504462,-0.5956836301087236,-0.010485252415123485,True
angle_p50,specter,23,title,half,1000,54.58938109683157,54.150090947673355,-0.43929014915821796,-0.00804717218498956,True
angle_p50,specter,24,title,half,1000,55.70607930927432,55.6824765729347,-0.023602736339618957,-0.0004237012662222921,True
angle_p50,specter,25,title,half,1000,50.98314244345868,51.57077686180295,0.5876344183442654,0.011526053322349905,True
angle_p50,specter,26,title,half,1000,49.14053957684378,46.47060703673251,-2.669932540111269,-0.054332584930943784,True
angle_p50,specter,27,title,half,1000,59.24650889659931,58.579398849581274,-0.6671100470180349,-0.01125990475122031,True
angle_p50,specter,28,title,half,1000,54.9070912550609,54.03789861654764,-0.8691926385132547,-0.015830243756231384,True
angle_p50,specter,29,title,half,1000,56.938719825287464,56.84967172381236,-0.08904810147510744,-0.0015639287596971867,True
angle_p50,specter,30,title,half,1000,56.46606638519049,56.35351226831235,-0.11255411687813677,-0.0019933054325111735,True
angle_p50,specter,31,title,half,1000,52.65372566222503,51.391793817880426,-1.261931844344602,-0.023966620186383892,True
angle_p50,specter,32,title,half,1000,52.34203636313275,51.397799248650074,-0.9442371144826751,-0.01803974740172224,True
angle_p50,specter,33,title,half,1000,52.25598271777051,51.02891154962088,-1.227071168149628,-0.023481926936039465,True
angle_p50,specter,34,title,half,1000,55.20129488983537,56.490953305789766,1.2896584159543991,0.023362829051893737,True
angle_p50,specter,35,title,half,1000,47.218768302465826,49.57374770171722,2.354979399251391,0.04987379984514359,True
angle_p50,specter,36,title,half,1000,54.20085262482426,53.797213064382674,-0.403639560441583,-0.007447107211311914,True
angle_p50,specter2,11,title,half,1000,35.196219368436196,33.904617258304576,-1.2916021101316204,-0.036697183200588956,True
angle_p50,specter2,12,title,half,1000,33.03621521107174,31.585377395434104,-1.4508378156376374,-0.043916586884063046,True
angle_p50,specter2,13,title,half,1000,35.134094998653374,33.786380049622615,-1.3477149490307596,-0.03835917643765736,True
angle_p50,specter2,14,title,half,1000,33.5679699346949,32.26052516702277,-1.3074447676721306,-0.038949175961957495,True
angle_p50,specter2,15,title,half,1000,34.72140322920661,33.333281811566906,-1.3881214176397023,-0.03997883980887201,True
angle_p50,specter2,16,title,half,1000,34.87835805679694,33.40530486226506,-1.4730531945318788,-0.042234017786419754,True
angle_p50,specter2,17,title,half,1000,36.88810403346991,35.362509864370004,-1.5255941690999038,-0.041357348366716735,True
angle_p50,specter2,18,title,half,1000,34.699738367561174,33.415378808445695,-1.2843595591154795,-0.03701352285457445,True
angle_p50,specter2,19,title,half,1000,35.40875367902862,33.889561849156095,-1.5191918298725255,-0.04290441407917416,True
angle_p50,specter2,20,title,half,1000,33.79959558143837,32.45770524189863,-1.341890339539738,-0.039701372648276896,True
angle_p50,specter2,21,title,half,1000,35.5179063117361,34.00037020954235,-1.5175361021937448,-0.04272594473543923,True
angle_p50,specter2,22,title,half,1000,36.71270800066663,35.5105764539415,-1.202131546725127,-0.032744289707621096,True
angle_p50,specter2,23,title,half,1000,35.673746732431574,34.475384145602355,-1.1983625868292194,-0.03359228274555666,True
angle_p50,specter2,24,title,half,1000,33.82322500545259,32.41261480898008,-1.4106101964725113,-0.041705372454729224,True
angle_p50,specter2,25,title,half,1000,35.03663512453272,33.17707399667986,-1.8595611278528636,-0.05307476363649988,True
angle_p50,specter2,26,title,half,1000,34.8139431688866,33.35772772926406,-1.4562154396225395,-0.04182851200044374,True
angle_p50,specter2,27,title,half,1000,35.73185962973506,34.53564512694024,-1.1962145027948239,-0.033477532800989945,True
angle_p50,specter2,28,title,half,1000,35.551065530302175,34.65514498760644,-0.895920542695734,-0.0252009476883918,True
angle_p50,specter2,29,title,half,1000,34.77716828718071,33.72628539824769,-1.0508828889330175,-0.030217609445803727,True
angle_p50,specter2,30,title,half,1000,33.82876342878107,32.54846362194258,-1.2802998068384923,-0.03784648556645821,True
angle_p50,specter2,31,title,half,1000,36.88045648288863,35.13285745953963,-1.7475990233490037,-0.047385504139837165,True
angle_p50,specter2,32,title,half,1000,35.13197192609968,33.81089752619903,-1.3210743999006525,-0.03760319525130956,True
angle_p50,specter2,33,title,half,1000,34.17647161136534,32.46339860434053,-1.7130730070248106,-0.05012433777555698,True
angle_p50,specter2,34,title,half,1000,33.696678563793085,33.049755276761246,-0.6469232870318393,-0.019198428883936212,True
angle_p50,specter2,35,title,half,1000,32.37217715384665,31.013423629476485,-1.3587535243701652,-0.0419728805360473,True
angle_p50,specter2,36,title,half,1000,34.49664486534032,33.040609263026084,-1.4560356023142376,-0.042208035245107405,True
angle_p50,scincl,11,title,half,1000,40.69526740032569,40.691582248875676,-0.0036851514500142457,-9.055479139042966e-05,True
angle_p50,scincl,12,title,half,1000,39.4647566211312,39.64382454359778,0.17906792246657943,0.00453741357600818,True
angle_p50,scincl,13,title,half,1000,43.6171651749204,42.60149656831627,-1.0156686066041303,-0.023285983913235456,True
angle_p50,scincl,14,title,half,1000,42.28177868650043,41.76182762521019,-0.5199510612902429,-0.012297284490925426,True
angle_p50,scincl,15,title,half,1000,39.79734893314631,39.291265466215926,-0.5060834669303844,-0.01271651204155659,True
angle_p50,scincl,16,title,half,1000,37.930386839158004,37.99837270116481,0.06798586200680745,0.0017923851474306934,True
angle_p50,scincl,17,title,half,1000,49.21604530603165,47.2455807951365,-1.9704645108951553,-0.040037034642717746,True
angle_p50,scincl,18,title,half,1000,45.36864722766097,43.89883178305836,-1.4698154446026095,-0.03239716267551554,True
angle_p50,scincl,19,title,half,1000,39.84389515543291,39.122541804344046,-0.7213533510888652,-0.018104488737228926,True
angle_p50,scincl,20,title,half,1000,40.846351200365405,40.06081456524267,-0.7855366351227318,-0.019231500783739638,True
angle_p50,scincl,21,title,half,1000,42.22484276866385,41.40624704454581,-0.8185957241180404,-0.01938659022611072,True
angle_p50,scincl,22,title,half,1000,46.694127775028875,44.57736171330749,-2.1167660617213855,-0.04533259667939212,True
angle_p50,scincl,23,title,half,1000,42.30744119645609,41.44575559567377,-0.8616856007823159,-0.020367235087110292,True
angle_p50,scincl,24,title,half,1000,40.74099730894845,39.6442430702017,-1.0967542387467475,-0.02692016178273215,True
angle_p50,scincl,25,title,half,1000,39.51845379850268,38.80623995651549,-0.712213841987186,-0.018022310427898654,True
angle_p50,scincl,26,title,half,1000,42.99878442723032,41.70864911369795,-1.2901353135323674,-0.03000399501329505,True
angle_p50,scincl,27,title,half,1000,44.86375364847078,43.16829048169076,-1.6954631667800157,-0.03779138009861569,True
angle_p50,scincl,28,title,half,1000,45.261133429435986,43.86577679378442,-1.3953566356515665,-0.030829025477830473,True
angle_p50,scincl,29,title,half,1000,41.82483789917202,41.401189473201605,-0.42364842597041275,-0.010129111007954427,True
angle_p50,scincl,30,title,half,1000,40.57657915009235,40.173749187410465,-0.402829962681885,-0.009927647207316839,True
angle_p50,scincl,31,title,half,1000,41.348187992504094,40.243804871555625,-1.1043831209484694,-0.026709347484554342,True
angle_p50,scincl,32,title,half,1000,44.726807017850426,44.08803073266504,-0.6387762851853864,-0.014281732316157767,True
angle_p50,scincl,33,title,half,1000,42.27383142996734,41.70012634287292,-0.5737050870944174,-0.013571163712587587,True
angle_p50,scincl,34,title,half,1000,40.34478722675007,40.32359409258687,-0.021193134163198124,-0.0005253004321000929,True
angle_p50,scincl,35,title,half,1000,35.78644299617934,36.54715598323055,0.7607129870512139,0.02125701587979643,True
angle_p50,scincl,36,title,half,1000,43.673833317677555,42.95035398876945,-0.7234793289081054,-0.016565510145299465,True
angle_p50,scibert,11,title,half,1000,35.275096012591696,44.74134561170816,9.466249599116466,0.26835503426375995,True
angle_p50,scibert,12,title,half,1000,34.5343273905953,45.11197566988275,10.577648279287452,0.3062937395493636,True
angle_p50,scibert,13,title,half,1000,35.277464110978656,46.90638407672536,11.628919965746704,0.32964160715077256,True
angle_p50,scibert,14,title,half,1000,34.15327916966049,45.08280268349873,10.929523513838234,0.320013883865866,True
angle_p50,scibert,15,title,half,1000,32.842482226210336,44.59854441258979,11.756062186379452,0.35795291310220717,True
angle_p50,scibert,16,title,half,1000,34.8071966476012,45.734416491987616,10.927219844386414,0.31393564828035303,True
angle_p50,scibert,17,title,half,1000,34.04291515710413,47.173451558116795,13.130536401012662,0.3857054056744773,True
angle_p50,scibert,18,title,half,1000,34.3503929933439,46.80305053657732,12.452657543233414,0.36251863393954104,True
angle_p50,scibert,19,title,half,1000,34.39705852756168,42.903158401732064,8.506099874170381,0.24729149056029345,True
angle_p50,scibert,20,title,half,1000,34.74738499352073,45.4712175060338,10.72383251251307,0.3086227212353597,True
angle_p50,scibert,21,title,half,1000,34.868684162091384,46.50364327507016,11.634959112978777,0.3336793283879665,True
angle_p50,scibert,22,title,half,1000,34.64656715911553,46.59244867235483,11.9458815132393,0.34479264448848385,True
angle_p50,scibert,23,title,half,1000,35.2695368848853,45.829862470899556,10.560325586014258,0.29941775590877884,True
angle_p50,scibert,24,title,half,1000,34.30429884243353,46.11633335487919,11.812034512445656,0.3443310287932332,True
angle_p50,scibert,25,title,half,1000,33.014021139391886,44.93221850213483,11.918197362742944,0.36100411132657545,True
angle_p50,scibert,26,title,half,1000,35.54414484285916,47.5349516029631,11.990806760103936,0.33734970451857405,True
angle_p50,scibert,27,title,half,1000,35.470235586337736,47.15398408561369,11.683748499275957,0.3293958527801899,True
angle_p50,scibert,28,title,half,1000,34.70501758160655,46.624134511446194,11.919116929839646,0.34344074028525223,True
angle_p50,scibert,29,title,half,1000,35.35910152153083,46.038095230635925,10.678993709105093,0.30201541469040016,True
angle_p50,scibert,30,title,half,1000,35.60411529531138,45.93717153545194,10.333056240140557,0.29022083976627533,True
angle_p50,scibert,31,title,half,1000,34.600411789877974,46.59822026068723,11.997808470809254,0.3467533433899506,True
angle_p50,scibert,32,title,half,1000,34.90338831100612,46.17199500284332,11.2686066918372,0.3228513687963028,True
angle_p50,scibert,33,title,half,1000,35.10155735143556,46.31663729497745,11.215079943541888,0.31950377105086536,True
angle_p50,scibert,34,title,half,1000,34.26212846006678,44.698250576724455,10.436122116657671,0.3045964330214098,True
angle_p50,scibert,35,title,half,1000,32.44234631264522,43.565184640228686,11.122838327583466,0.34284938026347556,True
angle_p50,scibert,36,title,half,1000,35.51261632091499,46.956206068313364,11.443589747398377,0.32224012007413627,True
angle_p50,bert,11,title,half,1000,33.4740940608631,48.54283409436701,15.068740033503907,0.45016125025238013,True
angle_p50,bert,12,title,half,1000,37.1720886745113,54.5364263808342,17.3643377063229,0.46713376421673963,True
angle_p50,bert,13,title,half,1000,32.112485836214816,46.86975073816658,14.757264901951764,0.45954912918355506,True
angle_p50,bert,14,title,half,1000,33.3223196481663,49.61951664291583,16.297196994749534,0.4890775062127572,True
angle_p50,bert,15,title,half,1000,31.36286344836983,45.56559046411147,14.202727015741644,0.4528517314473679,True
angle_p50,bert,16,title,half,1000,32.26059354639184,44.349986177633625,12.089392631241786,0.3747417918351944,True
angle_p50,bert,17,title,half,1000,33.01678204450554,49.26770406880838,16.250922024302838,0.4922018748646409,True
angle_p50,bert,18,title,half,1000,33.31063359247873,49.58276525940017,16.27213166692144,0.4884966124029401,True
angle_p50,bert,19,title,half,1000,33.976661825967014,49.55130620199383,15.574644376026818,0.45839242406456,True
angle_p50,bert,20,title,half,1000,34.412473495954636,50.85889640829153,16.446422912336892,0.4779203945996574,True
angle_p50,bert,21,title,half,1000,34.57694193560855,49.24075226942961,14.663810333821061,0.4240921698954456,True
angle_p50,bert,22,title,half,1000,33.501973471917786,48.499489810988734,14.997516339070948,0.4476606833815999,True
angle_p50,bert,23,title,half,1000,34.658971587745555,51.23620459112077,16.577233003375213,0.4782955824700944,True
angle_p50,bert,24,title,half,1000,29.09761865470987,42.976207980227535,13.878589325517666,0.47696649991222617,True
angle_p50,bert,25,title,half,1000,30.22933590567019,43.45048771898464,13.22115181331445,0.437361636212277,True
angle_p50,bert,26,title,half,1000,34.78369714333313,47.46033951556912,12.676642372235989,0.36444206376335925,True
angle_p50,bert,27,title,half,1000,30.96522779724067,46.32511381942641,15.359886022185744,0.49603659055124,True
angle_p50,bert,28,title,half,1000,31.338052909277412,47.145587935464484,15.807535026187072,0.5044198205915774,True
angle_p50,bert,29,title,half,1000,32.88867661440058,48.71167719770931,15.823000583308726,0.48110785267597217,True
angle_p50,bert,30,title,half,1000,32.29328168181265,46.8914753194462,14.59819363763355,0.4520504847252842,True
angle_p50,bert,31,title,half,1000,31.93778620542843,48.04431590503364,16.10652969960521,0.504309522144262,True
angle_p50,bert,32,title,half,1000,32.47310703155337,49.849802956494315,17.376695924940947,0.535110357874176,True
angle_p50,bert,33,title,half,1000,36.62301770095496,53.93350945134161,17.310491750386646,0.4726669957056889,True
angle_p50,bert,34,title,half,1000,30.516835799587295,46.318103484689864,15.80126768510257,0.5177885344625495,True
angle_p50,bert,35,title,half,1000,29.380115873455942,45.65211923418319,16.272003360727247,0.5538440838971815,True
angle_p50,bert,36,title,half,1000,33.746612216865834,50.56625827815346,16.819646061287628,0.4984099130662227,True
angle_p50,mpnet,11,title,half,1000,80.66050908843488,84.34064828697994,3.6801391985450636,0.04562504303698627,True
angle_p50,mpnet,12,title,half,1000,82.04356010312502,83.73719936391079,1.6936392607857726,0.020643171245335348,True
angle_p50,mpnet,13,title,half,1000,83.78017912703451,85.9090645263842,2.1288853993496843,0.025410370585645208,True
angle_p50,mpnet,14,title,half,1000,80.47086107587131,83.0721915237746,2.601330447903294,0.032326365259726125,True
angle_p50,mpnet,15,title,half,1000,80.52777240945076,83.24529079157202,2.7175183821212556,0.03374634987174098,True
angle_p50,mpnet,16,title,half,1000,78.42969475381686,81.66643019809632,3.2367354442794607,0.04126925974197983,True
angle_p50,mpnet,17,title,half,1000,85.87921821300895,86.97008318809728,1.0908649750883228,0.012702316087491804,True
angle_p50,mpnet,18,title,half,1000,83.9217370455116,85.5612920781512,1.639555032639592,0.019536714686332633,True
angle_p50,mpnet,19,title,half,1000,81.2537535621697,84.35218531376995,3.098431751600245,0.03813278298865961,True
angle_p50,mpnet,20,title,half,1000,82.15490140268832,84.09707064127812,1.9421692385897984,0.023640333144216343,True
angle_p50,mpnet,21,title,half,1000,83.19602720998373,85.36319727166362,2.1671700616798972,0.026048960922257013,True
angle_p50,mpnet,22,title,half,1000,86.76516607861866,87.72351317318726,0.9583470945685946,0.01104529776039647,True
angle_p50,mpnet,23,title,half,1000,84.3286473550039,86.79730282249339,2.468655467489498,0.02927422109709688,True
angle_p50,mpnet,24,title,half,1000,80.08772759190877,83.49093819164294,3.403210599734166,0.04249353430372509,True
angle_p50,mpnet,25,title,half,1000,80.72932878044912,82.96371257667266,2.2343837962235398,0.027677472734848982,True
angle_p50,mpnet,26,title,half,1000,86.22015167016032,86.58362348853308,0.36347181837275855,0.0042156249012787516,True
angle_p50,mpnet,27,title,half,1000,85.05923587477905,87.59016679436797,2.5309309195889256,0.02975492189131425,True
angle_p50,mpnet,28,title,half,1000,82.8695582108285,84.64082810611997,1.7712698952914678,0.021374192568822184,True
angle_p50,mpnet,29,title,half,1000,81.42307222801907,85.14680969635505,3.723737468335983,0.045733197807962124,True
angle_p50,mpnet,30,title,half,1000,78.34159358981749,82.72682758243036,4.385233992612868,0.05597580789041853,True
angle_p50,mpnet,31,title,half,1000,83.8119073737481,84.0559166751206,0.24400930137250043,0.002911391817923595,True
angle_p50,mpnet,32,title,half,1000,82.33978329499091,84.3477631325204,2.00797983752949,0.024386508649600055,True
angle_p50,mpnet,33,title,half,1000,82.86483217937851,84.9416524099335,2.0768202305549863,0.025062745871001928,True
angle_p50,mpnet,34,title,half,1000,77.69509742909834,81.41459513752228,3.719497708423944,0.04787300397966834,True
angle_p50,mpnet,35,title,half,1000,69.46167244760322,76.5987542337551,7.137081786151882,0.10274848754232878,True
angle_p50,mpnet,36,title,half,1000,81.35922735947001,84.71464027699635,3.355412917526337,0.04124194669033782,True
angle_p50,minilm,11,title,half,1000,81.56077860032873,84.34386850861341,2.78308990828468,0.03412289529410479,True
angle_p50,minilm,12,title,half,1000,83.54879345688677,84.09385815870658,0.5450647018198111,0.006523908715702495,True
angle_p50,minilm,13,title,half,1000,84.03357908798132,86.12613647519159,2.092557387210263,0.0249014430888324,True
angle_p50,minilm,14,title,half,1000,82.38603860233394,83.28555831628589,0.8995197139519462,0.01091835132762972,True
angle_p50,minilm,15,title,half,1000,82.85683034326885,84.59173224589763,1.7349019026287777,0.02093855021295439,True
angle_p50,minilm,16,title,half,1000,80.96575424060119,83.12361840570826,2.157864165107071,0.026651566274485294,True
angle_p50,minilm,17,title,half,1000,87.13767465270382,87.28467116707684,0.14699651437301497,0.001686945571578364,True
angle_p50,minilm,18,title,half,1000,85.368983867758,85.87013772332672,0.5011538555687167,0.00587044419253058,True
angle_p50,minilm,19,title,half,1000,81.66237670818991,84.18840075295967,2.5260240447697555,0.030932531559743605,True
angle_p50,minilm,20,title,half,1000,83.41912918601646,84.03343629868509,0.6143071126686266,0.007364103637413693,True
angle_p50,minilm,21,title,half,1000,84.29984893454281,86.07752937663327,1.7776804420904568,0.02108758751715903,True
angle_p50,minilm,22,title,half,1000,87.88485439453436,88.24508381106256,0.36022941652819895,0.004098879369032691,True
angle_p50,minilm,23,title,half,1000,84.84636724217444,86.73632092525973,1.8899536830852952,0.022275010050705615,True
angle_p50,minilm,24,title,half,1000,80.74535862418988,84.06958223402913,3.324223609839251,0.04116922218787908,True
angle_p50,minilm,25,title,half,1000,82.9375536756653,84.30216316198762,1.3646094863223226,0.016453457159572728,True
angle_p50,minilm,26,title,half,1000,86.66799208764004,86.39082469393446,-0.2771673937055823,-0.0031980364033968416,True
angle_p50,minilm,27,title,half,1000,85.24850248968802,87.69255153288763,2.4440490431996125,0.028669700602603005,True
angle_p50,minilm,28,title,half,1000,83.12537637398204,84.7003203774301,1.574944003448067,0.018946608991728058,True
angle_p50,minilm,29,title,half,1000,83.03150655536929,86.14545824188723,3.113951686517936,0.037503254074300184,True
angle_p50,minilm,30,title,half,1000,80.29830482412173,83.86623169687256,3.5679268727508315,0.044433402181599,True
angle_p50,minilm,31,title,half,1000,84.66405122061525,85.17814537811954,0.5140941575042888,0.00607216581409123,True
angle_p50,minilm,32,title,half,1000,83.34973910447133,84.8306697027593,1.4809305982879692,0.017767669271666914,True
angle_p50,minilm,33,title,half,1000,84.94028749834574,85.47021278276122,0.5299252844154836,0.006238797866392955,True
angle_p50,minilm,34,title,half,1000,78.80208006901023,82.4306966315831,3.628616562572873,0.046047218035299875,True
angle_p50,minilm,35,title,half,1000,72.57535824807373,78.70053198064674,6.125173732573018,0.0843974302081463,True
angle_p50,minilm,36,title,half,1000,83.23853018976034,85.28562793392666,2.0470977441663223,0.0245931510263278,True
angle_p50,pubmedbert,11,title,half,1000,10.151719933374805,16.0147168335367,5.862996900161894,0.577537297979104,True
angle_p50,pubmedbert,12,title,half,1000,10.12042803694397,16.404755758502702,6.284327721558732,0.6209547361651304,True
angle_p50,pubmedbert,13,title,half,1000,10.23180517110735,16.476548778908665,6.244743607801315,0.6103266728959295,True
angle_p50,pubmedbert,14,title,half,1000,9.77926457881046,15.570826723258143,5.791562144447683,0.592228801846382,True
angle_p50,pubmedbert,15,title,half,1000,9.593033938100527,15.345494682990767,5.752460744890239,0.599649785668251,True
angle_p50,pubmedbert,16,title,half,1000,10.428102570388036,16.20935260648194,5.781250036093903,0.554391366700834,True
angle_p50,pubmedbert,17,title,half,1000,9.855384219688196,16.16923549006983,6.313851270381635,0.6406499360794472,True
angle_p50,pubmedbert,18,title,half,1000,10.02164544752445,16.181396476565496,6.159751029041045,0.614644676993899,True
angle_p50,pubmedbert,19,title,half,1000,9.869465468132082,15.402690820827614,5.533225352695531,0.5606408341527702,True
angle_p50,pubmedbert,20,title,half,1000,10.001754686779273,15.844797606696892,5.843042919917618,0.5842017828772775,True
angle_p50,pubmedbert,21,title,half,1000,10.201885271751662,15.908256587189507,5.7063713154378455,0.559344784168315,True
angle_p50,pubmedbert,22,title,half,1000,10.102400200627132,16.054389014743997,5.951988814116865,0.5891658116798204,True
angle_p50,pubmedbert,23,title,half,1000,10.202596885625251,16.12990522543017,5.92730833980492,0.580960750116089,True
angle_p50,pubmedbert,24,title,half,1000,9.800368151769703,15.85890373701483,6.058535585245126,0.6181946934463992,True
angle_p50,pubmedbert,25,title,half,1000,9.697698034895161,15.620421187598726,5.922723152703565,0.6107349529127294,True
angle_p50,pubmedbert,26,title,half,1000,10.587714977192533,17.187116481499068,6.599401504306535,0.6233074387176646,True
angle_p50,pubmedbert,27,title,half,1000,10.109533087015858,16.383583158616688,6.274050071600829,0.620607303779329,True
angle_p50,pubmedbert,28,title,half,1000,10.005891945957275,16.211877563203522,6.205985617246247,0.6202331237200377,True
angle_p50,pubmedbert,29,title,half,1000,10.103399571651282,15.995141085846116,5.891741514194834,0.5831444626545536,True
angle_p50,pubmedbert,30,title,half,1000,10.326541410553869,15.974082414825855,5.647541004271986,0.5468956913783467,True
angle_p50,pubmedbert,31,title,half,1000,10.017449527575893,16.523090607298656,6.505641079722762,0.649430881764278,True
angle_p50,pubmedbert,32,title,half,1000,10.08332498600992,16.20658125621349,6.123256270203569,0.6072655873632223,True
angle_p50,pubmedbert,33,title,half,1000,10.319987026161167,16.694313432157102,6.3743264059959355,0.6176680639071559,True
angle_p50,pubmedbert,34,title,half,1000,9.773074057371746,15.750632780314751,5.977558722943005,0.611635467801882,True
angle_p50,pubmedbert,35,title,half,1000,9.307525648982583,15.034606497718684,5.727080848736101,0.615317224440003,True
angle_p50,pubmedbert,36,title,half,1000,10.327481512907664,16.230984219220264,5.903502706312601,0.5716304308009835,True
angle_p50,biobert,11,title,half,1000,22.998907369276605,32.5233346229795,9.524427253702893,0.41412520607071207,True
angle_p50,biobert,12,title,half,1000,24.719846238065315,35.169781086157656,10.44993484809234,0.4227346217065385,True
angle_p50,biobert,13,title,half,1000,22.26009588923367,32.7100120309257,10.449916141692025,0.46944614226689996,True
angle_p50,biobert,14,title,half,1000,23.148806812773145,34.49607062506386,11.347263812290713,0.4901878487330704,True
angle_p50,biobert,15,title,half,1000,21.849858982270533,31.574643710956583,9.72478472868605,0.4450731117567834,True
angle_p50,biobert,16,title,half,1000,23.68777502709417,32.19173559224827,8.503960565154102,0.3590020825268409,True
angle_p50,biobert,17,title,half,1000,22.49488812417078,33.05433285355541,10.559444729384627,0.4694153032056422,True
angle_p50,biobert,18,title,half,1000,23.394023856425555,34.429795387517224,11.035771531091669,0.4717346446605641,True
angle_p50,biobert,19,title,half,1000,22.68825223231976,32.08878493219693,9.400532699877171,0.4143348109682054,True
angle_p50,biobert,20,title,half,1000,23.664495341706356,35.152717985916006,11.48822264420965,0.4854623974998859,True
angle_p50,biobert,21,title,half,1000,23.147332006895166,32.8869482864012,9.739616279506034,0.4207662583577572,True
angle_p50,biobert,22,title,half,1000,22.903831010440136,32.84270499255833,9.938873982118196,0.43393936925171206,True
angle_p50,biobert,23,title,half,1000,23.285526828659822,33.69952318693357,10.413996358273746,0.4472304378123926,True
angle_p50,biobert,24,title,half,1000,21.256165237601177,31.620688205536105,10.364522967934928,0.48760079026863057,True
angle_p50,biobert,25,title,half,1000,21.647938436572378,30.995678702871793,9.347740266299414,0.4318074117629229,True
angle_p50,biobert,26,title,half,1000,24.29520416048404,33.910648076302365,9.615443915818325,0.39577539057925554,True
angle_p50,biobert,27,title,half,1000,22.333980895194895,33.12037950202884,10.786398606833945,0.4829590684012188,True
angle_p50,biobert,28,title,half,1000,22.198304336145902,32.905667208224855,10.707362872078953,0.4823504854217157,True
angle_p50,biobert,29,title,half,1000,22.81496172620284,33.32292074158071,10.507959015377871,0.46057315990627096,True
angle_p50,biobert,30,title,half,1000,23.136371218956167,32.89033832409153,9.753967105135363,0.4215858663757828,True
angle_p50,biobert,31,title,half,1000,22.81365756524477,32.93948699906434,10.125829433819572,0.4438494531120543,True
angle_p50,biobert,32,title,half,1000,23.43005165799072,34.446749157773056,11.016697499782335,0.4701951861051547,True
angle_p50,biobert,33,title,half,1000,24.74281888081414,36.43487654789761,11.692057667083468,0.47254347709547434,True
angle_p50,biobert,34,title,half,1000,21.951963446775114,32.11631132738992,10.164347880614809,0.4630268224188401,True
angle_p50,biobert,35,title,half,1000,21.01675727465028,31.173786130023647,10.157028855373365,0.4832823980712019,True
angle_p50,biobert,36,title,half,1000,24.10482557322592,35.4176365447115,11.312810971485579,0.4693172716441938,True
angle_p50,simcse,11,title,half,1000,53.94769738804406,63.89573719677071,9.948039808726648,0.18440156467051255,True
angle_p50,simcse,12,title,half,1000,62.334070510480416,68.91153996156434,6.577469451083928,0.10551965237017592,True
angle_p50,simcse,13,title,half,1000,52.27809979052493,63.630350234724816,11.352250444199889,0.21715116826525152,True
angle_p50,simcse,14,title,half,1000,56.19543893612094,64.32783619629564,8.132397260174699,0.1447163224299937,True
angle_p50,simcse,15,title,half,1000,51.51401282572138,61.63280996004895,10.118797134327572,0.19642805091812165,True
angle_p50,simcse,16,title,half,1000,50.423600120689,59.52054490563566,9.096944784946658,0.1804104578644345,True
angle_p50,simcse,17,title,half,1000,54.18308875309996,63.29502718345245,9.111938430352488,0.16816941669518923,True
angle_p50,simcse,18,title,half,1000,54.9679048304114,63.855269025014735,8.887364194603336,0.16168278965739905,True
angle_p50,simcse,19,title,half,1000,55.02349329810232,64.82153232299785,9.79803902489553,0.1780701012895059,True
angle_p50,simcse,20,title,half,1000,57.400992384942825,65.50984244897715,8.108850064034328,0.1412667225272817,True
angle_p50,simcse,21,title,half,1000,54.632974941337984,62.48253277658782,7.849557835249833,0.14367802309279837,True
angle_p50,simcse,22,title,half,1000,54.90017753354062,63.80018372979576,8.900006196255141,0.16211252123579722,True
angle_p50,simcse,23,title,half,1000,57.1831572883332,66.16839215529754,8.98523486696434,0.15713079327988688,True
angle_p50,simcse,24,title,half,1000,49.57112828476436,61.89402501601918,12.322896731254815,0.2485902007407454,True
angle_p50,simcse,25,title,half,1000,49.733136336902795,59.44464177439344,9.711505437490644,0.19527233053839294,True
angle_p50,simcse,26,title,half,1000,53.47177753695592,64.02388403893175,10.552106501975835,0.19733973673650487,True
angle_p50,simcse,27,title,half,1000,51.17950634074411,63.64685522068353,12.467348879939415,0.24360041296479118,True
angle_p50,simcse,28,title,half,1000,51.35461777728288,63.973229053622724,12.618611276339841,0.2457152213860266,True
angle_p50,simcse,29,title,half,1000,53.28689407179609,64.95110277055139,11.664208698755296,0.2188945124675408,True
angle_p50,simcse,30,title,half,1000,51.88664778498685,62.39142855460216,10.504780769615309,0.20245633930999135,True
angle_p50,simcse,31,title,half,1000,51.261328166619755,62.90741613631786,11.646087969698108,0.2271905232701673,True
angle_p50,simcse,32,title,half,1000,55.17940931883986,65.78969507727838,10.610285758438522,0.1922870485461297,True
angle_p50,simcse,33,title,half,1000,61.33925939915144,68.22805447529417,6.888795076142735,0.11230645990222102,True
angle_p50,simcse,34,title,half,1000,51.00750841681759,63.501315560744814,12.49380714392722,0.24494054957226474,True
angle_p50,simcse,35,title,half,1000,47.68286702421076,61.42394686875135,13.741079844540593,0.28817646047926654,True
angle_p50,simcse,36,title,half,1000,57.25361503812929,66.42822720109443,9.17461216296514,0.1602451156464986,True
pr,specter,11,title,half,1000,27.62482839490067,31.02698983237204,3.402161437471367,0.12315593019572856,True
pr,specter,12,title,half,1000,30.755813615789016,36.1352839280314,5.379470312242383,0.17490905555106956,True
pr,specter,13,title,half,1000,47.779854280392634,50.65092364500732,2.8710693646146836,0.06008953789950928,True
pr,specter,14,title,half,1000,32.91924458915311,35.61801370644606,2.6987691172929473,0.08198150203550514,True
pr,specter,15,title,half,1000,21.19435826773616,24.222588202396608,3.028229934660448,0.14287905754949304,True
pr,specter,16,title,half,1000,26.068674563297108,25.664161237806173,-0.4045133254909352,-0.015517218741165384,True
pr,specter,17,title,half,1000,45.35540901038806,45.32383947612468,-0.03156953426337594,-0.0006960478353562054,True
pr,specter,18,title,half,1000,40.28987458290273,42.2751856659723,1.9853110830695684,0.049275682876214456,True
pr,specter,19,title,half,1000,23.730793214348665,27.696338306757248,3.9655450924085827,0.16710545899539686,True
pr,specter,20,title,half,1000,28.537599560143857,31.19428483834757,2.656685278203714,0.09309420971461418,True
pr,specter,21,title,half,1000,20.220935801897145,24.443949965814564,4.223014163917419,0.20884365616358924,True
pr,specter,22,title,half,1000,42.612618340842445,44.20999962245403,1.5973812816115824,0.03748610960337441,True
pr,specter,23,title,half,1000,29.742575168351774,33.0433336455218,3.3007584771700245,0.11097756191206562,True
pr,specter,24,title,half,1000,32.68465403709944,36.775961410402765,4.091307373303323,0.1251751775820969,True
pr,specter,25,title,half,1000,34.825988765376394,39.58194256908986,4.755953803713467,0.1365633531830052,True
pr,specter,26,title,half,1000,29.605914983431084,34.744469566303,5.138554582871919,0.17356513337783022,True
pr,specter,27,title,half,1000,44.3666174415304,46.08586031772509,1.7192428761946914,0.03875082157120579,True
pr,specter,28,title,half,1000,40.47458219980382,44.94187285385896,4.467290654055141,0.11037274287359522,True
pr,specter,29,title,half,1000,27.747371537448505,30.720921773332755,2.9735502358842503,0.10716511406751003,True
pr,specter,30,title,half,1000,33.187688418747705,36.395110507184306,3.2074220884366014,0.09664493796515007,True
pr,specter,31,title,half,1000,31.29574163406941,38.44113070816675,7.145389074097341,0.22831825357091626,True
pr,specter,32,title,half,1000,36.37323129582812,37.983625237960155,1.6103939421320348,0.044274151202968355,True
pr,specter,33,title,half,1000,28.972528981219273,35.50889056012205,6.536361578902774,0.22560548936338312,True
pr,specter,34,title,half,1000,29.318351235754825,33.46664770094938,4.148296465194555,0.14149146491346867,True
pr,specter,35,title,half,1000,25.089963649623098,27.936436258685113,2.8464726090620154,0.1134506469922596,True
pr,specter,36,title,half,1000,38.92888510098401,42.088400400023765,3.1595152990397537,0.0811612069249805,True
pr,specter2,11,title,half,1000,58.52511813100215,50.49100695956085,-8.034111171441303,-0.1372762914114554,True
pr,specter2,12,title,half,1000,58.0461897871555,47.42480337187465,-10.621386415280845,-0.18298162987488895,True
pr,specter2,13,title,half,1000,68.70704490925976,59.719793970534155,-8.987250938725609,-0.130805377390265,True
pr,specter2,14,title,half,1000,55.6430395441181,49.9163838086357,-5.726655735482403,-0.10291773746367446,True
pr,specter2,15,title,half,1000,42.70404331875833,38.6901896069965,-4.013853711761833,-0.09399235762761352,True
pr,specter2,16,title,half,1000,52.620070433707326,46.52680409280423,-6.093266340903099,-0.11579738093622693,True
pr,specter2,17,title,half,1000,48.31524036633752,39.66809026730663,-8.647150099030888,-0.1789735502393481,True
pr,specter2,18,title,half,1000,52.6497975921242,45.43881005423193,-7.210987537892272,-0.13696135346531613,True
pr,specter2,19,title,half,1000,53.81415502587962,46.369835414261246,-7.444319611618376,-0.13833385673413154,True
pr,specter2,20,title,half,1000,56.85045384137078,51.14277689384434,-5.707676947526437,-0.1003980894058033,True
pr,specter2,21,title,half,1000,32.89977322286129,27.919649525586223,-4.980123697275069,-0.15137258435004944,True
pr,specter2,22,title,half,1000,57.08250335880113,47.08199962358693,-10.000503735214195,-0.1751938535763655,True
pr,specter2,23,title,half,1000,54.82480169907282,46.66100424951442,-8.163797449558402,-0.14890701282183508,True
pr,specter2,24,title,half,1000,56.219905708973364,50.65278590973238,-5.567119799240984,-0.09902399744424342,True
pr,specter2,25,title,half,1000,57.08952253174531,50.6220453415119,-6.46747719023341,-0.11328658751064334,True
pr,specter2,26,title,half,1000,37.90839491989164,30.161609887572073,-7.746785032319568,-0.20435539538643469,True
pr,specter2,27,title,half,1000,66.76969935442182,58.33163684580209,-8.43806250861973,-0.12637562532413768,True
pr,specter2,28,title,half,1000,51.438809455212876,46.451724895047555,-4.9870845601653215,-0.09695178821172977,True
pr,specter2,29,title,half,1000,50.46637451896041,44.19853742138547,-6.26783709757494,-0.12419828365558715,True
pr,specter2,30,title,half,1000,54.93766964790598,49.203508459113884,-5.734161188792093,-0.1043757630336739,True
pr,specter2,31,title,half,1000,40.707179549754834,31.080577592630956,-9.626601957123878,-0.23648413040647165,True
pr,specter2,32,title,half,1000,54.44628098859396,45.76774309195263,-8.67853789664133,-0.1593963396408914,True
pr,specter2,33,title,half,1000,60.44976760951125,52.746030091097964,-7.703737518413284,-0.1274403165315257,True
pr,specter2,34,title,half,1000,48.03099478859486,45.16239671754201,-2.868598071052851,-0.059723894615941006,True
pr,specter2,35,title,half,1000,53.930075597634314,46.54464040310349,-7.385435194530821,-0.13694464754013416,True
pr,specter2,36,title,half,1000,59.99945416506577,50.88992825458628,-9.10952591047949,-0.1518268130476334,True
pr,scincl,11,title,half,1000,31.174106920464748,33.4260140487966,2.2519071283318546,0.07223646002360869,True
pr,scincl,12,title,half,1000,31.10768198419461,38.23736152659927,7.129679542404663,0.2291935331609458,True
pr,scincl,13,title,half,1000,44.820001545958945,46.69923181323556,1.8792302672766183,0.041928384704530496,True
pr,scincl,14,title,half,1000,38.72412939292568,40.19538806271251,1.4712586697868275,0.03799333110522052,True
pr,scincl,15,title,half,1000,22.039094361548212,27.68354372875572,5.644449367207507,0.2561107672852213,True
pr,scincl,16,title,half,1000,34.191876355252106,36.5792910457037,2.3874146904515925,0.0698240326341397,True
pr,scincl,17,title,half,1000,42.20751479395772,40.00696856572729,-2.2005462282304293,-0.052136361000469325,True
pr,scincl,18,title,half,1000,37.47279803045047,39.84240153885667,2.3696035084062004,0.06323529688070413,True
pr,scincl,19,title,half,1000,25.21860008669715,31.908152307745066,6.689552221047915,0.2652626314724212,True
pr,scincl,20,title,half,1000,34.29586607704203,39.269021638781076,4.973155561739048,0.14500743473185315,True
pr,scincl,21,title,half,1000,18.95578959977598,23.567029441865856,4.611239842089876,0.2432628732144385,True
pr,scincl,22,title,half,1000,38.610061919474425,41.20681141526743,2.5967494957930057,0.06725577133776205,True
pr,scincl,23,title,half,1000,32.12286697254248,38.087660903778904,5.9647939312364215,0.18568684844770927,True
pr,scincl,24,title,half,1000,36.58628415321815,40.53059994745979,3.944315794241639,0.1078085923600059,True
pr,scincl,25,title,half,1000,31.253195460716285,35.670288814740296,4.417093354024011,0.14133253540669397,True
pr,scincl,26,title,half,1000,26.06496431819946,30.904598873981055,4.839634555781593,0.1856758557847859,True
pr,scincl,27,title,half,1000,46.41792686226559,47.613807477052106,1.1958806147865175,0.025763335323764357,True
pr,scincl,28,title,half,1000,34.9276975018742,38.5092879046498,3.5815904027756034,0.10254298619550908,True
pr,scincl,29,title,half,1000,29.152823847082985,33.76026026537467,4.607436418291684,0.15804425816378337,True
pr,scincl,30,title,half,1000,29.271145980540833,33.64338920843344,4.372243227892607,0.1493704151794819,True
pr,scincl,31,title,half,1000,34.079486860630105,40.307598898451964,6.228112037821859,0.18275251805556986,True
pr,scincl,32,title,half,1000,36.341845527197194,36.752319967709795,0.4104744405126013,0.011294815509724568,True
pr,scincl,33,title,half,1000,34.7126712194356,40.040097522235136,5.327426302799537,0.15347209291737582,True
pr,scincl,34,title,half,1000,31.43114431450695,34.94640006362798,3.5152557491210352,0.11183989084032743,True
pr,scincl,35,title,half,1000,26.778993198421205,31.66075016184256,4.881756963421356,0.1822980022904359,True
pr,scincl,36,title,half,1000,40.90253683401167,43.63211075070993,2.729573916698257,0.06673360940362348,True
pr,scibert,11,title,half,1000,40.288372599805015,44.18854068648346,3.900168086678441,0.0968062950921308,True
pr,scibert,12,title,half,1000,36.97317309977086,47.98084811212006,11.007675012349196,0.2977205927834583,True
pr,scibert,13,title,half,1000,42.12597611254806,61.53784588396085,19.41186977141279,0.46080522192649154,True
pr,scibert,14,title,half,1000,35.85807946481962,44.801543083249584,8.943463618429966,0.24941278930469224,True
pr,scibert,15,title,half,1000,35.08910487594449,37.31428895047729,2.225184074532798,0.06341524192195293,True
pr,scibert,16,title,half,1000,27.194512219514223,35.21369680445375,8.019184584939524,0.29488245717402944,True
pr,scibert,17,title,half,1000,43.264799760626275,54.20386297524731,10.939063214621036,0.25283979759860764,True
pr,scibert,18,title,half,1000,42.21350589530432,50.49710774117913,8.283601845874806,0.19623107984490443,True
pr,scibert,19,title,half,1000,31.16556110957009,39.6918539638538,8.526292854283714,0.27358059828627707,True
pr,scibert,20,title,half,1000,38.35455358319952,45.85837092578024,7.503817342580724,0.19564345407653574,True
pr,scibert,21,title,half,1000,23.958129599235566,27.00682383261253,3.0486942333769633,0.12725092836438442,True
pr,scibert,22,title,half,1000,44.0627207038923,53.138827333853534,9.076106629961231,0.20598153007740824,True
pr,scibert,23,title,half,1000,37.172715970159054,49.89244238890794,12.719726418748884,0.34217909794269086,True
pr,scibert,24,title,half,1000,35.843103516310094,52.20334509486303,16.360241578552937,0.45644042991724615,True
pr,scibert,25,title,half,1000,39.266030226697445,42.087866344135904,2.8218361174384583,0.07186456336805491,True
pr,scibert,26,title,half,1000,32.405321887270674,31.34735155294522,-1.0579703343254536,-0.03264804275068908,True
pr,scibert,27,title,half,1000,40.159411709076295,64.2990919701593,24.139680261083,0.6010964611721957,True
pr,scibert,28,title,half,1000,40.118755260476824,56.2560705124592,16.13731525198238,0.4022386823122633,True
pr,scibert,29,title,half,1000,35.776315366403686,51.52372036844529,15.747405002041603,0.440162851896969,True
pr,scibert,30,title,half,1000,29.478578538983754,45.35090750171322,15.872328962729469,0.5384360355686489,True
pr,scibert,31,title,half,1000,37.20673238598498,39.05068330159815,1.8439509156131706,0.04955960379653628,True
pr,scibert,32,title,half,1000,36.92645124923858,51.416619021980544,14.490167772741962,0.39240618262879373,True
pr,scibert,33,title,half,1000,37.09747996158945,44.772637183355705,7.675157221766256,0.20689160637631115,True
pr,scibert,34,title,half,1000,34.22214931529555,55.55747938063052,21.335330065334965,0.6234362976085538,True
pr,scibert,35,title,half,1000,33.23559849921768,44.64194474714623,11.406346247928553,0.3431966554836388,True
pr,scibert,36,title,half,1000,34.578089372410666,55.84489643571366,21.26680706330299,0.6150370783722786,True
pr,bert,11,title,half,1000,29.859579883176295,39.077872066226256,9.218292183049961,0.3087214294077794,True
pr,bert,12,title,half,1000,38.72593046698273,58.24829412327116,19.522363656288427,0.5041160643753405,True
pr,bert,13,title,half,1000,20.18991042458642,27.76394386253625,7.574033437949833,0.3751395265590924,True
pr,bert,14,title,half,1000,32.70559754954608,46.67819590621262,13.972598356666545,0.4272234541961601,True
pr,bert,15,title,half,1000,17.47295747144375,21.62201408482799,4.149056613384239,0.23745588691353992,True
pr,bert,16,title,half,1000,12.313855840515085,18.352734690281487,6.038878849766402,0.4904133139107626,True
pr,bert,17,title,half,1000,26.31153590233202,39.84762695381041,13.53609105147839,0.5144546141937184,True
pr,bert,18,title,half,1000,27.019541883498622,40.72440580661762,13.704863923118996,0.5072204400137825,True
pr,bert,19,title,half,1000,25.945689747622524,38.45109416538238,12.505404417759856,0.4819838878596689,True
pr,bert,20,title,half,1000,34.1992781087552,52.156104424966095,17.956826316210893,0.5250644840837693,True
pr,bert,21,title,half,1000,14.577172799731242,21.14993755662264,6.572764756891397,0.4508943433127567,True
pr,bert,22,title,half,1000,29.540790739174103,39.007219512896725,9.466428773722622,0.32045278873219774,True
pr,bert,23,title,half,1000,30.253773613996504,43.61272200560123,13.358948391604724,0.44156304473119956,True
pr,bert,24,title,half,1000,16.862353900448525,25.14377605559745,8.281422155148924,0.4911189863550809,True
pr,bert,25,title,half,1000,24.791504893242344,32.80913237179714,8.017627478554797,0.32340221027648214,True
pr,bert,26,title,half,1000,11.001746635831637,18.289739146080958,7.287992510249321,0.6624395881389439,True
pr,bert,27,title,half,1000,24.045458986344507,32.95462801205315,8.909169025708643,0.37051357725249445,True
pr,bert,28,title,half,1000,18.53917624631295,28.22203940462427,9.682863158311317,0.5222919848036416,True
pr,bert,29,title,half,1000,20.467167439005085,29.387662927540216,8.920495488535131,0.4358441643241259,True
pr,bert,30,title,half,1000,17.0232807028026,26.380402640268557,9.357121937465955,0.5496661954193975,True
pr,bert,31,title,half,1000,23.462187626593106,29.798169925513456,6.335982298920349,0.2700507897967221,True
pr,bert,32,title,half,1000,29.546751591695724,43.19280957545467,13.646057983758944,0.46184630284684974,True
pr,bert,33,title,half,1000,35.576497678184296,48.615173387054824,13.038675708870528,0.3664968886711385,True
pr,bert,34,title,half,1000,24.602260151198706,34.596828934677276,9.99456878347857,0.40624595960105725,True
pr,bert,35,title,half,1000,24.26538948566832,32.789568571493064,8.524179085824745,0.35128960492718714,True
pr,bert,36,title,half,1000,31.11743025475397,49.12894772243618,18.01151746768221,0.5788240648480444,True
pr,mpnet,11,title,half,1000,57.42139839846373,75.32974850252477,17.908350104061036,0.3118758965044669,True
pr,mpnet,12,title,half,1000,74.97642774051528,93.03940519284232,18.062977452327047,0.24091541830775023,True
pr,mpnet,13,title,half,1000,69.60737243049782,89.63413772888741,20.02676529838959,0.28771040479061455,True
pr,mpnet,14,title,half,1000,69.39636377947392,87.81390820953543,18.41754443006151,0.2653963900556568,True
pr,mpnet,15,title,half,1000,35.38010634113592,49.19145546191015,13.811349120774231,0.3903704807330096,True
pr,mpnet,16,title,half,1000,55.06880658229251,71.88494027057179,16.81613368827928,0.30536586376082,True
pr,mpnet,17,title,half,1000,85.01813433241067,104.52371829586521,19.50558396345454,0.22942851094791208,True
pr,mpnet,18,title,half,1000,67.49163138061502,86.35934826988944,18.86771688927442,0.27955639096751206,True
pr,mpnet,19,title,half,1000,46.71958981311547,66.06078477754636,19.34119496443089,0.4139846912568844,True
pr,mpnet,20,title,half,1000,67.2136016139623,85.97876679132494,18.765165177362647,0.27918702058460376,True
pr,mpnet,21,title,half,1000,35.23010647217631,48.96180612171349,13.731699649537177,0.38977173288937017,True
pr,mpnet,22,title,half,1000,82.2169196641668,98.19434871950736,15.977429055340565,0.1943326157268347,True
pr,mpnet,23,title,half,1000,58.05429022412437,76.92112774830052,18.866837524176148,0.3249861026866204,True
pr,mpnet,24,title,half,1000,50.92238148612295,67.08490405967876,16.162522573555812,0.3173952612165305,True
pr,mpnet,25,title,half,1000,56.905367101992404,73.95777444458841,17.052407342596005,0.2996625487369707,True
pr,mpnet,26,title,half,1000,61.30678396143693,82.01384376413398,20.707059802697053,0.3377613122835177,True
pr,mpnet,27,title,half,1000,73.83385190944021,91.60537203753937,17.771520128099155,0.24069609899123973,True
pr,mpnet,28,title,half,1000,53.61521243478766,71.68333385707261,18.068121422284953,0.33699617332042214,True
pr,mpnet,29,title,half,1000,42.88651768498405,59.29800499469475,16.4114873097107,0.38267241537908525,True
pr,mpnet,30,title,half,1000,46.30342593203412,64.35473815384105,18.05131222180693,0.38984830730027004,True
pr,mpnet,31,title,half,1000,54.3226505473011,76.67154032588972,22.34888977858862,0.41141014942060805,True
pr,mpnet,32,title,half,1000,69.74643403084845,86.38682984171336,16.640395810864916,0.23858418056907346,True
pr,mpnet,33,title,half,1000,75.36391896257537,91.01277382522902,15.64885486265365,0.20764385767179444,True
pr,mpnet,34,title,half,1000,41.18892397414095,53.44048919872765,12.251565224586699,0.2974480525948778,True
pr,mpnet,35,title,half,1000,38.87848382260425,53.94447461367242,15.065990791068167,0.3875148748035458,True
pr,mpnet,36,title,half,1000,69.23818382942662,89.38866546944877,20.15048164002215,0.2910313431915596,True
pr,minilm,11,title,half,1000,66.72772022494594,82.78855333560017,16.06083311065423,0.24069207004992116,True
pr,minilm,12,title,half,1000,85.35909128297153,96.29190233451835,10.932811051546821,0.12808021837186345,True
pr,minilm,13,title,half,1000,74.44959701856612,92.27337228735112,17.823775268785,0.23940727663495792,True
pr,minilm,14,title,half,1000,77.260992358866,89.34067196241567,12.079679603549664,0.15634900917970765,True
pr,minilm,15,title,half,1000,46.73425520962478,59.095516360064565,12.361261150439788,0.2645010837338438,True
pr,minilm,16,title,half,1000,64.92514244348602,81.89337314224755,16.96823069876153,0.26135068881106416,True
pr,minilm,17,title,half,1000,81.39999016401131,97.22919134910073,15.829201185089417,0.1944619545186118,True
pr,minilm,18,title,half,1000,75.08626329025545,89.16240851885601,14.076145228600566,0.18746631689723922,True
pr,minilm,19,title,half,1000,58.21728034247747,75.27756518259831,17.060284840120836,0.2930450330169928,True
pr,minilm,20,title,half,1000,74.30482332866957,87.05132883763751,12.746505508967942,0.17154344681753472,True
pr,minilm,21,title,half,1000,42.018397728620734,53.79890879118298,11.780511062562248,0.28036554698367233,True
pr,minilm,22,title,half,1000,89.33556087976622,102.41740594981039,13.081845070044167,0.14643491282996018,True
pr,minilm,23,title,half,1000,68.64950656216487,83.82197734880981,15.172470786644936,0.22101354469176931,True
pr,minilm,24,title,half,1000,55.26074888585179,71.51835541764427,16.257606531792483,0.2941980856136182,True
pr,minilm,25,title,half,1000,67.89412870543595,84.05324872078134,16.159120015345394,0.23800467468185674,True
pr,minilm,26,title,half,1000,66.66027721042325,83.12696868278557,16.466691472362328,0.2470240473255568,True
pr,minilm,27,title,half,1000,78.14514221218509,93.21387499770915,15.068732785524062,0.19283006414664136,True
pr,minilm,28,title,half,1000,62.843895114790186,79.16543749908985,16.32154238429966,0.2597156391163669,True
pr,minilm,29,title,half,1000,52.12318549802156,63.75653668379234,11.633351185770778,0.22318956668932569,True
pr,minilm,30,title,half,1000,61.119994970584926,77.68479859883837,16.564803628253443,0.27102102407281853,True
pr,minilm,31,title,half,1000,66.76344652510598,86.60304944400822,19.839602918902244,0.29716265339060477,True
pr,minilm,32,title,half,1000,74.7935953997789,85.81683338075509,11.023237980976191,0.14738211102242021,True
pr,minilm,33,title,half,1000,81.65538040811518,92.11483697349624,10.45945656538106,0.12809268064277568,True
pr,minilm,34,title,half,1000,53.563270238275344,64.9757092475069,11.412439009231555,0.21306464221589727,True
pr,minilm,35,title,half,1000,51.480864985056655,61.65907724199559,10.178212256938934,0.19770864883279182,True
pr,minilm,36,title,half,1000,80.39067432353423,92.29711031498357,11.906435991449342,0.14810717899356834,True
pr,pubmedbert,11,title,half,1000,30.88185038688418,40.394113477920314,9.512263091036132,0.3080211506715958,True
pr,pubmedbert,12,title,half,1000,25.33166873428872,43.746778473356095,18.415109739067375,0.7269599935254502,True
pr,pubmedbert,13,title,half,1000,35.20997829631776,53.340584230488865,18.130605934171108,0.5149280633344553,True
pr,pubmedbert,14,title,half,1000,30.26453461169877,40.29195809017832,10.027423478479548,0.3313258772068956,True
pr,pubmedbert,15,title,half,1000,29.306065552883346,35.857591692422986,6.551526139539639,0.22355529532674004,True
pr,pubmedbert,16,title,half,1000,24.565987964490752,28.091763647664774,3.5257756831740217,0.14352264961907507,True
pr,pubmedbert,17,title,half,1000,33.15509067616741,46.60500485464414,13.449914178476732,0.4056666383405435,True
pr,pubmedbert,18,title,half,1000,32.767975677584914,50.489944309295446,17.72196863171053,0.5408319636856093,True
pr,pubmedbert,19,title,half,1000,29.157417068703484,35.457900660350354,6.30048359164687,0.2160851071547617,True
pr,pubmedbert,20,title,half,1000,28.737835358710573,43.65394383276111,14.916108474050535,0.519040779789609,True
pr,pubmedbert,21,title,half,1000,19.360015207969973,28.29565868336558,8.935643475395608,0.4615514698416691,True
pr,pubmedbert,22,title,half,1000,35.03027225992267,43.95848001395143,8.928207754028762,0.2548712064748443,True
pr,pubmedbert,23,title,half,1000,30.759015707002117,41.437068904776474,10.678053197774357,0.34715197974763407,True
pr,pubmedbert,24,title,half,1000,32.593349516885674,50.842322445738496,18.248972928852822,0.5598986664257553,True
pr,pubmedbert,25,title,half,1000,32.99966387016152,39.613561378766626,6.613897508605106,0.20042317808532073,True
pr,pubmedbert,26,title,half,1000,19.96685085455684,33.13587855886808,13.16902770431124,0.6595445521298018,True
pr,pubmedbert,27,title,half,1000,35.977364312638194,59.29246819990853,23.315103887270332,0.6480492479845212,True
pr,pubmedbert,28,title,half,1000,31.07780974828558,45.774094468306544,14.696284720020962,0.4728867587212026,True
pr,pubmedbert,29,title,half,1000,28.811121217481055,43.92999230526413,15.118871087783074,0.5247581645177262,True
pr,pubmedbert,30,title,half,1000,25.51127275394872,38.861201843564174,13.349929089615454,0.5232952984499414,True
pr,pubmedbert,31,title,half,1000,29.327631741807433,36.50044681039834,7.172815068590904,0.24457532513154948,True
pr,pubmedbert,32,title,half,1000,25.020886025170824,37.865342161279166,12.844456136108342,0.513349372327859,True
pr,pubmedbert,33,title,half,1000,25.103501437501194,34.518379939012554,9.41487850151136,0.375042442782377,True
pr,pubmedbert,34,title,half,1000,27.95947975432543,51.719496752814955,23.760016998489526,0.8498018277616116,True
pr,pubmedbert,35,title,half,1000,29.19731633077658,41.74679386525773,12.549477534481149,0.4298161307809265,True
pr,pubmedbert,36,title,half,1000,26.898092965803283,44.600355215279635,17.70226224947635,0.6581233201915841,True
pr,biobert,11,title,half,1000,41.083096054539276,23.236679689275775,-17.8464163652635,-0.4343980390760167,True
pr,biobert,12,title,half,1000,27.235274359322442,34.002817767350734,6.767543408028292,0.2484844954650442,True
pr,biobert,13,title,half,1000,50.42346405640648,39.4415050285371,-10.98195902786938,-0.21779461672019104,True
pr,biobert,14,title,half,1000,39.09721066342421,24.733409199070074,-14.363801464354133,-0.367386860101291,True
pr,biobert,15,title,half,1000,34.02209455275038,26.424007104610798,-7.598087448139584,-0.22332803279818486,True
pr,biobert,16,title,half,1000,25.603308983188448,27.81526147319593,2.21195249000748,0.08639322719808928,True
pr,biobert,17,title,half,1000,36.225767160250754,29.536397480388317,-6.689369679862438,-0.18465777826790775,True
pr,biobert,18,title,half,1000,38.72718752659784,29.230582519312744,-9.496605007285094,-0.24521803967207337,True
pr,biobert,19,title,half,1000,30.497130435632606,24.878402155190077,-5.618728280442529,-0.18423793321478046,True
pr,biobert,20,title,half,1000,35.27009399542761,24.924414602976686,-10.345679392450922,-0.2933272418778393,True
pr,biobert,21,title,half,1000,24.0869249093227,22.735599989255405,-1.3513249200672952,-0.056102010744604136,True
pr,biobert,22,title,half,1000,40.920666276862946,29.13583182917312,-11.784834447689825,-0.2879922425494112,True
pr,biobert,23,title,half,1000,38.615925384240605,28.177535673857264,-10.43838971038334,-0.2703130795524924,True
pr,biobert,24,title,half,1000,39.18317244503059,33.25488898492801,-5.928283460102584,-0.15129666870183298,True
pr,biobert,25,title,half,1000,38.86533598812852,29.450210522806163,-9.415125465322358,-0.2422499439654458,True
pr,biobert,26,title,half,1000,18.78207682905759,19.1404925486708,0.35841571961320895,0.019082858774100372,True
pr,biobert,27,title,half,1000,52.295696636170064,36.98115523055887,-15.314541405611195,-0.29284515535106126,True
pr,biobert,28,title,half,1000,41.7253180420446,33.72063748856562,-8.004680553478977,-0.19184228974391626,True
pr,biobert,29,title,half,1000,38.256843770083805,29.628316884127575,-8.62852688595623,-0.2255420477918147,True
pr,biobert,30,title,half,1000,31.988273799660437,28.647135015625096,-3.3411387840353406,-0.1044488616347534,True
pr,biobert,31,title,half,1000,29.612979578572112,27.23502998426801,-2.377949594304102,-0.0803009230460815,True
pr,biobert,32,title,half,1000,37.782401703145815,31.459113669077254,-6.323288034068561,-0.16736066922770754,True
pr,biobert,33,title,half,1000,32.27874165318731,28.566385058829788,-3.712356594357523,-0.11500933444817087,True
pr,biobert,34,title,half,1000,40.94096742017719,33.04766807839541,-7.893299341781777,-0.19279708905685686,True
pr,biobert,35,title,half,1000,37.735204570793236,28.343723731142585,-9.39148083965065,-0.24887849281515717,True
pr,biobert,36,title,half,1000,37.74883068029711,33.225673858213035,-4.523156822084076,-0.11982243530645106,True
pr,simcse,11,title,half,1000,40.67855005697935,55.66532651575601,14.98677645877666,0.3684196324053918,True
pr,simcse,12,title,half,1000,52.887717740629014,83.3880187739718,30.50030103334278,0.5766991342474221,True
pr,simcse,13,title,half,1000,34.33020579792451,47.64253900824158,13.312333210317064,0.3877731840198255,True
pr,simcse,14,title,half,1000,41.255497037152175,56.18775197656357,14.932254939411393,0.3619458256911635,True
pr,simcse,15,title,half,1000,29.69440520395604,36.73908190731239,7.044676703356348,0.23723919219698061,True
pr,simcse,16,title,half,1000,27.390866034276947,37.92332495152724,10.532458917250295,0.38452449455486254,True
pr,simcse,17,title,half,1000,38.32377624534371,54.299863708392714,15.976087463049005,0.41687143147826095,True
pr,simcse,18,title,half,1000,40.094646032390976,56.11464279099459,16.01999675860361,0.3995545127312422,True
pr,simcse,19,title,half,1000,35.40450036636197,52.95332347397501,17.54882310761304,0.495666452739615,True
pr,simcse,20,title,half,1000,43.718916075685016,62.57142847436025,18.852512398675238,0.431220947153362,True
pr,simcse,21,title,half,1000,25.95675440729225,38.94720264738126,12.990448240089009,0.5004650441366233,True
pr,simcse,22,title,half,1000,38.21897857539839,50.7311481078516,12.512169532453214,0.32738105514173305,True
pr,simcse,23,title,half,1000,41.75345451670022,59.522134554474086,17.76868003777387,0.42556191441996477,True
pr,simcse,24,title,half,1000,28.297456807618467,42.438402178961205,14.140945371342738,0.4997249564680173,True
pr,simcse,25,title,half,1000,36.55551412365412,48.908686206657165,12.353172083003045,0.3379291026031454,True
pr,simcse,26,title,half,1000,31.554999801823342,49.03306157998955,17.478061778166207,0.5538919945471295,True
pr,simcse,27,title,half,1000,38.67848407641292,52.126889136050245,13.448405059637324,0.3476973149482476,True
pr,simcse,28,title,half,1000,34.451592667264464,50.334802726108244,15.88321005884378,0.46102977624996233,True
pr,simcse,29,title,half,1000,32.95721253431309,45.9410208800169,12.983808345703807,0.39395954169928166,True
pr,simcse,30,title,half,1000,28.930804472036,43.0212967213034,14.090492249267399,0.4870411489209371,True
pr,simcse,31,title,half,1000,37.0047776940298,52.538083797829756,15.533306103799958,0.41976488096308817,True
pr,simcse,32,title,half,1000,40.644016672604536,58.61085688050058,17.96684020789604,0.44205375547949494,True
pr,simcse,33,title,half,1000,48.35302406345982,67.1248330820634,18.771809018603584,0.3882240952286035,True
pr,simcse,34,title,half,1000,34.02354499541583,48.40095860651184,14.37741361109601,0.4225724748268634,True
pr,simcse,35,title,half,1000,30.272425840938375,41.86646698527912,11.594041144340743,0.38299015761933913,True
pr,simcse,36,title,half,1000,40.31385849861135,61.48460845985197,21.170749961240617,0.5251481934424576,True
gap_25,specter,11,title,half,1000,0.0896766748364008,0.11631683369581831,0.02664015885941752,0.2970689859767634,True
gap_25,specter,12,title,half,1000,0.116160909116567,0.10864872035976186,-0.007512188756805135,-0.0646705403215008,True
gap_25,specter,13,title,half,1000,0.09904133006497616,0.11587201853795218,0.016830688472976016,0.16993601016802,True
gap_25,specter,14,title,half,1000,0.12331670358881393,0.145808228875267,0.022491525286453082,0.1823883110065009,True
gap_25,specter,15,title,half,1000,0.035923583640845545,0.04924497445525799,0.013321390814412443,0.37082577694909763,True
gap_25,specter,16,title,half,1000,0.07243133880499159,0.07817691859722993,0.005745579792238345,0.07932450078973813,True
gap_25,specter,17,title,half,1000,0.09143871659918425,0.09238468537433361,0.0009459687751493667,0.010345385525214228,True
gap_25,specter,18,title,half,1000,0.11720519822636472,0.15374381831448833,0.03653862008812361,0.31174914287977745,True
gap_25,specter,19,title,half,1000,0.07235162889298037,0.09412067089601216,0.021769042003031785,0.30087839536040967,True
gap_25,specter,20,title,half,1000,0.10940532574773774,0.12822715980622737,0.018821834058489625,0.17203764012264108,True
gap_25,specter,21,title,half,1000,0.07133799815237236,0.031027991030471196,-0.040310007121901165,-0.565056606099349,True
gap_25,specter,22,title,half,1000,0.11401248220654311,0.10701015813663206,-0.007002324069911053,-0.06141717059738915,True
gap_25,specter,23,title,half,1000,0.09013751516873278,0.10823286652382556,0.018095351355092784,0.20075272012124162,True
gap_25,specter,24,title,half,1000,0.0889634662645408,0.10407032530153804,0.015106859036997239,0.1698096946006538,True
gap_25,specter,25,title,half,1000,0.11842168619284327,0.14317390999031096,0.024752223797467693,0.20901766047445097,True
gap_25,specter,26,title,half,1000,0.07429971110807909,0.0874175025520775,0.013117791443998411,0.17655238827129205,True
gap_25,specter,27,title,half,1000,0.15425115641828802,0.1578834537466802,0.003632297328392181,0.023547942282794686,True
gap_25,specter,28,title,half,1000,0.10955798447487834,0.14693764317587762,0.03737965870099928,0.34118607493706166,True
gap_25,specter,29,title,half,1000,0.026967808828765788,0.08306972603937705,0.056101917210611266,2.080329090391985,True
gap_25,specter,30,title,half,1000,0.03863845313240638,0.04547937773581937,0.006840924603412991,0.1770496499942813,True
gap_25,specter,31,title,half,1000,0.07105337580765593,0.10268289183825158,0.03162951603059565,0.4451514888781343,True
gap_25,specter,32,title,half,1000,0.11693243946083365,0.1312161674201936,0.014283727959359949,0.12215368143537501,True
gap_25,specter,33,title,half,1000,0.10456076364848661,0.11148844260510948,0.006927678956622871,0.06625505318526946,True
gap_25,specter,34,title,half,1000,0.06873352386434808,0.08193908909307505,0.01320556522872697,0.19212699256900265,True
gap_25,specter,35,title,half,1000,0.08095887864730064,0.09087183293868538,0.009912954291384737,0.12244431317497328,True
gap_25,specter,36,title,half,1000,0.13993157906444023,0.16538267732054043,0.025451098256100202,0.1818824487386057,True
gap_25,specter2,11,title,half,1000,0.17167167772021652,0.1666915487430098,-0.0049801289772067325,-0.029009613253288893,True
gap_25,specter2,12,title,half,1000,0.15329054483109292,0.16648741171965814,0.013196866888565223,0.08609054722263872,True
gap_25,specter2,13,title,half,1000,0.1707092095738358,0.16290568726950394,-0.0078035223043318724,-0.04571236855828017,True
gap_25,specter2,14,title,half,1000,0.1895681957892866,0.21465985323740944,0.025091657448122834,0.13236216836717335,True
gap_25,specter2,15,title,half,1000,0.05252745626004013,0.06435711934463487,0.011829663084594738,0.2252091368375298,True
gap_25,specter2,16,title,half,1000,0.12392326635198679,0.12420931376188551,0.0002860474098987237,0.002308262349107599,True
gap_25,specter2,17,title,half,1000,0.13016528577997807,0.12452141838826793,-0.005643867391710147,-0.04335923635776539,True
gap_25,specter2,18,title,half,1000,0.12542104720452993,0.15914224312976835,0.03372119592523842,0.2688639321456765,True
gap_25,specter2,19,title,half,1000,0.13378629481570697,0.129940762394248,-0.0038455324214589637,-0.028743844253675262,True
gap_25,specter2,20,title,half,1000,0.1575078486733721,0.1675831224283561,0.010075273754984015,0.06396680444716986,True
gap_25,specter2,21,title,half,1000,0.03189239765713252,0.0370170752565104,0.005124677599377882,0.1606864950848806,True
gap_25,specter2,22,title,half,1000,0.15476897959738536,0.14379729175729875,-0.010971687840086619,-0.07089074224452645,True
gap_25,specter2,23,title,half,1000,0.14191810479708994,0.12914865368096953,-0.012769451116120406,-0.08997760457961138,True
gap_25,specter2,24,title,half,1000,0.11751506283775713,0.12377511856366737,0.006260055725910235,0.05327024106307931,True
gap_25,specter2,25,title,half,1000,0.1862652009208722,0.19330736778094107,0.007042166860068866,0.03780720620520237,True
gap_25,specter2,26,title,half,1000,0.058174932576381705,0.06950498354571076,0.011330050969329056,0.19475829996799884,True
gap_25,specter2,27,title,half,1000,0.2534129804362372,0.2119938947665415,-0.04141908566969571,-0.16344500427087402,True
gap_25,specter2,28,title,half,1000,0.11204677785956707,0.11743626352637068,0.005389485666803612,0.048100318186378194,True
gap_25,specter2,29,title,half,1000,0.039308116902899704,0.05088357090315858,0.011575454000258875,0.294479993250579,True
gap_25,specter2,30,title,half,1000,0.0774948527731015,0.09036516086963825,0.012870308096536748,0.16607952187766511,True
gap_25,specter2,31,title,half,1000,0.06115842621360891,0.11409511079897672,0.05293668458536781,0.8655664944757586,True
gap_25,specter2,32,title,half,1000,0.15890737236394195,0.14788304889409484,-0.011024323469847108,-0.06937578355142864,True
gap_25,specter2,33,title,half,1000,0.22586686055703398,0.24012118960606588,0.0142543290490319,0.06310943098902513,True
gap_25,specter2,34,title,half,1000,0.08150731869656848,0.0912971968289282,0.009789878132359722,0.12011041816753916,True
gap_25,specter2,35,title,half,1000,0.1254044079377963,0.12317681951983513,-0.002227588417961182,-0.0177632385862076,True
gap_25,specter2,36,title,half,1000,0.21766228683722413,0.20453388648695878,-0.013128400350265357,-0.06031545722058529,True
gap_25,scincl,11,title,half,1000,0.10540759693939732,0.12415969839458064,0.01875210145518333,0.17790085344573975,True
gap_25,scincl,12,title,half,1000,0.10658623365834022,0.14692652442018195,0.04034029076184173,0.378475619010534,True
gap_25,scincl,13,title,half,1000,0.10743762426972495,0.11983505850608954,0.012397434236364593,0.11539192457607321,True
gap_25,scincl,14,title,half,1000,0.15001741571387242,0.1706489278638723,0.020631512149999892,0.13752744674225217,True
gap_25,scincl,15,title,half,1000,0.03346308107922222,0.051980249901988615,0.018517168822766397,0.5533611438506784,True
gap_25,scincl,16,title,half,1000,0.1325594575586925,0.15246542568923574,0.01990596813054324,0.1501663366548524,True
gap_25,scincl,17,title,half,1000,0.10193035986656622,0.13240441201131095,0.03047405214474473,0.2989693373459815,True
gap_25,scincl,18,title,half,1000,0.08844970627272022,0.14288905432378066,0.05443934805106043,0.6154836499197136,True
gap_25,scincl,19,title,half,1000,0.08238532275969607,0.11433184438380385,0.031946521624107785,0.38776957538043927,True
gap_25,scincl,20,title,half,1000,0.09843517345346181,0.14296698430727647,0.04453181085381466,0.45239734224543643,True
gap_25,scincl,21,title,half,1000,0.024863218723501286,0.0714101982706583,0.04654697954715701,1.872122031535673,True
gap_25,scincl,22,title,half,1000,0.1255717957222092,0.14719204553467732,0.02162024981246813,0.17217440977189333,True
gap_25,scincl,23,title,half,1000,0.09198442619214685,0.11425858969012706,0.022274163497980212,0.2421514643299679,True
gap_25,scincl,24,title,half,1000,0.08641051429440157,0.1104336148570192,0.02402310056261764,0.2780113133081314,True
gap_25,scincl,25,title,half,1000,0.12124806200626961,0.15098254567880043,0.029734483672530815,0.24523677476175476,True
gap_25,scincl,26,title,half,1000,0.044432601547065784,0.07650985434640631,0.032077252799340525,0.7219305573490289,True
gap_25,scincl,27,title,half,1000,0.159886422713713,0.16316121679388532,0.0032747940801723108,0.020482002315081134,True
gap_25,scincl,28,title,half,1000,0.08983673924752834,0.10588561345172544,0.016048874204197094,0.17864488781118182,True
gap_25,scincl,29,title,half,1000,0.07005540854441236,0.044968168836758284,-0.02508723970765408,-0.3581056799026411,True
gap_25,scincl,30,title,half,1000,0.044314567573743635,0.06266254595543763,0.018347978381693997,0.41403943186766345,True
gap_25,scincl,31,title,half,1000,0.07729807539656919,0.1250486660428626,0.04775059064629342,0.617746178042782,True
gap_25,scincl,32,title,half,1000,0.11527031844276074,0.11958808427884647,0.00431776583608573,0.03745774189241772,True
gap_25,scincl,33,title,half,1000,0.12321522795579994,0.14176447852454463,0.018549250568744693,0.15054349106425974,True
gap_25,scincl,34,title,half,1000,0.06601987146297186,0.08224465886299108,0.016224787400019217,0.24575611918782828,True
gap_25,scincl,35,title,half,1000,0.06831314733233056,0.08658936700868637,0.018276219676355815,0.2675359047277599,True
gap_25,scincl,36,title,half,1000,0.14376372706242171,0.16220906241271824,0.01844533535029652,0.12830312434991073,True
gap_25,scibert,11,title,half,1000,0.13472095908309253,0.12118819393231638,-0.013532765150776158,-0.10045033261995623,True
gap_25,scibert,12,title,half,1000,0.12365121839497452,0.1743433438860572,0.05069212549108269,0.409960582265827,True
gap_25,scibert,13,title,half,1000,0.14554833556947228,0.16797616360786471,0.02242782803839244,0.15409195818448448,True
gap_25,scibert,14,title,half,1000,0.06886428187984793,0.05266512217151375,-0.01619915970833418,-0.23523311746135575,True
gap_25,scibert,15,title,half,1000,0.10114957172711433,0.09699164028569354,-0.004157931441420792,-0.04110676269236452,True
gap_25,scibert,16,title,half,1000,0.07549852811610361,0.08861147412331559,0.013112946007211981,0.17368479008023244,True
gap_25,scibert,17,title,half,1000,0.11188453895773985,0.14857039305938796,0.03668585410164811,0.32789029157553934,True
gap_25,scibert,18,title,half,1000,0.14089851112537416,0.13678458690183112,-0.004113924223543036,-0.02919778350164672,True
gap_25,scibert,19,title,half,1000,0.10265403108946612,0.11154072878427583,0.008886697694809709,0.08656939820575268,True
gap_25,scibert,20,title,half,1000,0.0750755641815292,0.14431159544033392,0.06923603125880472,0.9222179282115713,True
gap_25,scibert,21,title,half,1000,0.08865156211633232,0.03689848260138495,-0.05175307951494737,-0.5837807961808366,True
gap_25,scibert,22,title,half,1000,0.13025816171808716,0.15357743523421113,0.02331927351612398,0.17902351152930443,True
gap_25,scibert,23,title,half,1000,0.10248708152194673,0.11566393332852515,0.013176851806578418,0.12857085606205607,True
gap_25,scibert,24,title,half,1000,0.11500465485038325,0.13407991922418797,0.019075264373804718,0.16586515040300692,True
gap_25,scibert,25,title,half,1000,0.16620689972196026,0.1352917178251442,-0.030915181896816052,-0.186004202885275,True
gap_25,scibert,26,title,half,1000,0.054530130545024764,0.07415284228166098,0.01962271173663622,0.35985081166152755,True
gap_25,scibert,27,title,half,1000,0.15971237893887938,0.13587843158314683,-0.02383394735573255,-0.14923043231892255,True
gap_25,scibert,28,title,half,1000,0.11022987264730709,0.15766223095970489,0.047432358312397796,0.43030402896466163,True
gap_25,scibert,29,title,half,1000,0.08151294877730451,0.10625746008783997,0.024744511310535455,0.303565405027097,True
gap_25,scibert,30,title,half,1000,0.04582238659825947,0.0827192635640863,0.03689687696582684,0.8052150860083822,True
gap_25,scibert,31,title,half,1000,0.07598554408475078,0.08590966566982777,0.009924121585076995,0.13060538954630746,True
gap_25,scibert,32,title,half,1000,0.13572562949488284,0.17582243676396617,0.04009680726908332,0.2954254654652021,True
gap_25,scibert,33,title,half,1000,0.09567226038398134,0.03974977087510792,-0.05592248950887342,-0.5845214619622039,True
gap_25,scibert,34,title,half,1000,0.12609250600112273,0.156848283460255,0.030755777459132272,0.2439143961407066,True
gap_25,scibert,35,title,half,1000,0.1284414684585796,0.08910044847062387,-0.03934101998795572,-0.306295314590261,True
gap_25,scibert,36,title,half,1000,0.12573288421735654,0.167002803497243,0.04126991927988646,0.32823488888191305,True
gap_25,bert,11,title,half,1000,0.1163833825408935,0.12347594029646211,0.007092557755568607,0.06094132685202291,True
gap_25,bert,12,title,half,1000,0.11427671733551949,0.1479071827156568,0.03363046538013732,0.2942897395398345,True
gap_25,bert,13,title,half,1000,0.1061708152533334,0.12309036962310177,0.016919554369768372,0.15936163181375926,True
gap_25,bert,14,title,half,1000,0.14157162632250775,0.028127119912181045,-0.1134445064103267,-0.801322336665781,True
gap_25,bert,15,title,half,1000,0.06162018388811483,0.06299514582144503,0.0013749619333301988,0.022313499353178636,True
gap_25,bert,16,title,half,1000,0.055353810545134455,0.07858315834886796,0.023229347803733508,0.4196521897041349,True
gap_25,bert,17,title,half,1000,0.10687417100581756,0.14664747450111693,0.03977330349529937,0.37215075561273225,True
gap_25,bert,18,title,half,1000,0.0885714085512429,0.11320758132245844,0.024636172771215534,0.27815040061107643,True
gap_25,bert,19,title,half,1000,0.08340267737908025,0.0971038497670509,0.013701172387970653,0.16427736876714819,True
gap_25,bert,20,title,half,1000,0.11798574845189948,0.15824509426748712,0.04025934581558764,0.3412221081260556,True
gap_25,bert,21,title,half,1000,0.024931683286315048,0.029932309442440613,0.005000626156125565,0.2005731461730223,True
gap_25,bert,22,title,half,1000,0.11362123267235497,0.12543852915031897,0.011817296477964007,0.10400605767093792,True
gap_25,bert,23,title,half,1000,0.10051838320790153,0.11072403182089849,0.010205648612996956,0.10153017077372482,True
gap_25,bert,24,title,half,1000,0.07326137054224,0.1007674663128647,0.02750609577062471,0.3754515588097774,True
gap_25,bert,25,title,half,1000,0.1292324924648751,0.13780837635362075,0.008575883888745667,0.06636012139962835,True
gap_25,bert,26,title,half,1000,0.03350837966313922,0.13492323833098915,0.10141485866784994,3.0265521546364416,True
gap_25,bert,27,title,half,1000,0.09746075533744594,0.16882201380579873,0.07136125846835278,0.7322050626559702,True
gap_25,bert,28,title,half,1000,0.06338091355208013,0.08192161610561365,0.018540702553533517,0.2925281684098575,True
gap_25,bert,29,title,half,1000,0.05749523795206554,0.06856675596438161,0.011071518012316067,0.19256408716051446,True
gap_25,bert,30,title,half,1000,0.030622396558729035,0.06518564447187937,0.03456324791315034,1.1286918006846185,True
gap_25,bert,31,title,half,1000,0.08806851789030154,0.10511882072942196,0.017050302839120415,0.1936026998928077,True
gap_25,bert,32,title,half,1000,0.11879333350266454,0.1592743786705506,0.04048104516788607,0.3407686607849765,True
gap_25,bert,33,title,half,1000,0.12867621605920387,0.025446456644200033,-0.10322975941500384,-0.8022442886221326,True
gap_25,bert,34,title,half,1000,0.10994197529554832,0.11760826095260063,0.00766628565705231,0.0697302885130419,True
gap_25,bert,35,title,half,1000,0.10506947108519142,0.11238535630234234,0.0073158852171509164,0.06962902869492053,True
gap_25,bert,36,title,half,1000,0.11683153553659482,0.1544674359479088,0.03763590041131397,0.32213819871883287,True
gap_25,mpnet,11,title,half,1000,0.12927872069385318,0.1513113971508533,0.022032676457000105,0.17042771106295218,True
gap_25,mpnet,12,title,half,1000,0.12987875320554843,0.1566054872638526,0.02672673405830417,0.20578218837692386,True
gap_25,mpnet,13,title,half,1000,0.11733044593886024,0.15252748278288827,0.03519703684402803,0.2999821279326669,True
gap_25,mpnet,14,title,half,1000,0.1498557181122763,0.20912189646987883,0.059266178357602534,0.39548826767623624,True
gap_25,mpnet,15,title,half,1000,0.0390358856033464,0.057181473030511104,0.018145587427164704,0.4648437494552231,True
gap_25,mpnet,16,title,half,1000,0.10127779038497058,0.14455246169204383,0.043274671307073256,0.4272868823715484,True
gap_25,mpnet,17,title,half,1000,0.10840950035559357,0.13876488993834454,0.03035538958275097,0.2800067289599378,True
gap_25,mpnet,18,title,half,1000,0.09570855931718446,0.13154980267826252,0.035841243361078065,0.3744831561229318,True
gap_25,mpnet,19,title,half,1000,0.09525906065669322,0.1231883478268963,0.027929287170203085,0.29319297269640543,True
gap_25,mpnet,20,title,half,1000,0.11692137680215971,0.16446581022963336,0.04754443342747365,0.406635935427981,True
gap_25,mpnet,21,title,half,1000,0.020138448542542882,0.029973839530535482,0.0098353909879926,0.48838871411643936,True
gap_25,mpnet,22,title,half,1000,0.11560670609540355,0.1373976510210398,0.02179094492563624,0.1884920491347053,True
gap_25,mpnet,23,title,half,1000,0.09902127816173628,0.11807197038197856,0.019050692220242277,0.19238988401185705,True
gap_25,mpnet,24,title,half,1000,0.09120166417313887,0.11561605276522102,0.024414388592082156,0.2676967444994583,True
gap_25,mpnet,25,title,half,1000,0.13174792512501454,0.17293060715035058,0.04118268202533604,0.31258694955733174,True
gap_25,mpnet,26,title,half,1000,0.0421161845315069,0.062130367044055515,0.020014182512548613,0.4752135725299642,True
gap_25,mpnet,27,title,half,1000,0.17481564080171327,0.20456466333164988,0.02974902252993661,0.17017368922772644,True
gap_25,mpnet,28,title,half,1000,0.07748524900044544,0.11356629980046655,0.03608105080002111,0.4656505756316752,True
gap_25,mpnet,29,title,half,1000,0.025280240426737183,0.088514959229555,0.06323471880281782,2.5013495811510866,True
gap_25,mpnet,30,title,half,1000,0.05244829495188806,0.07577884707007397,0.02333055211818591,0.4448295628978506,True
gap_25,mpnet,31,title,half,1000,0.08659619920126066,0.1351223286362066,0.04852612943494594,0.5603725092156181,True
gap_25,mpnet,32,title,half,1000,0.118082269692532,0.1363563943560497,0.018274124663517716,0.15475756615367164,True
gap_25,mpnet,33,title,half,1000,0.15458199208663,0.18290688753177822,0.028324895445148213,0.18323541482939698,True
gap_25,mpnet,34,title,half,1000,0.051805169395052184,0.06745324865240404,0.015648079257351857,0.30205632835642027,True
gap_25,mpnet,35,title,half,1000,0.07242253328086651,0.09013861409776629,0.01771608081689978,0.24462111464941305,True
gap_25,mpnet,36,title,half,1000,0.13268765653678768,0.16017553145436517,0.02748787491757748,0.20716226086905426,True
gap_25,minilm,11,title,half,1000,0.13890635451153205,0.18586461203126495,0.0469582575197329,0.3380569426421338,True
gap_25,minilm,12,title,half,1000,0.1550219148774618,0.17626321508507534,0.021241300207613528,0.137021273568991,True
gap_25,minilm,13,title,half,1000,0.14214891042385988,0.17015393527715578,0.028005024853295896,0.1970118854220582,True
gap_25,minilm,14,title,half,1000,0.18283549366084126,0.22144739214461218,0.03861189848377092,0.2111838227395593,True
gap_25,minilm,15,title,half,1000,0.04777954505620326,0.07102504634421947,0.02324550128801621,0.48651575189073987,True
gap_25,minilm,16,title,half,1000,0.11987293704211605,0.18926961477552853,0.06939667773341249,0.5789186404019676,True
gap_25,minilm,17,title,half,1000,0.11449109468117255,0.14059957483246105,0.0261084801512885,0.22803939663598918,True
gap_25,minilm,18,title,half,1000,0.11779319488274101,0.16252410091154385,0.044730906028802836,0.3797410034877726,True
gap_25,minilm,19,title,half,1000,0.10803829995317822,0.14352198169861868,0.03548368174544046,0.32843613571130265,True
gap_25,minilm,20,title,half,1000,0.15012098501705837,0.18832757297586727,0.03820658795880891,0.25450531086288475,True
gap_25,minilm,21,title,half,1000,0.08292838170828296,0.0340036924023257,-0.04892468930595725,-0.5899631501077588,True
gap_25,minilm,22,title,half,1000,0.13193797663832715,0.1649510068073331,0.03301303016900595,0.2502162835155672,True
gap_25,minilm,23,title,half,1000,0.11887369700558202,0.13837718348174186,0.019503486476159834,0.16406898218404023,True
gap_25,minilm,24,title,half,1000,0.10323200653775126,0.12897059811609823,0.025738591578346973,0.24932763046637615,True
gap_25,minilm,25,title,half,1000,0.16022016874203254,0.2006848221620342,0.04046465342000166,0.25255655225999063,True
gap_25,minilm,26,title,half,1000,0.05127968502230153,0.08756934060139925,0.03628965557909772,0.707680937652315,True
gap_25,minilm,27,title,half,1000,0.19895992515823804,0.23675260006458654,0.037792674906348495,0.18995119181056683,True
gap_25,minilm,28,title,half,1000,0.09431995649271127,0.13369736131065135,0.03937740481794008,0.41748752101028624,True
gap_25,minilm,29,title,half,1000,0.036258257699267216,0.04509279133734041,0.008834533638073197,0.24365576833140948,True
gap_25,minilm,30,title,half,1000,0.07190297797227299,0.0786064665572138,0.006703488584940812,0.09322963768657525,True
gap_25,minilm,31,title,half,1000,0.1271173687737516,0.17308098789370743,0.045963619119955834,0.3615840979352212,True
gap_25,minilm,32,title,half,1000,0.14202263593428432,0.1570706871222735,0.015048051187989187,0.10595530134331622,True
gap_25,minilm,33,title,half,1000,0.1678942263880476,0.1937742711045654,0.025880044716517808,0.15414493561382056,True
gap_25,minilm,34,title,half,1000,0.07783083739306763,0.09778989206369608,0.019959054670628446,0.2564414740886007,True
gap_25,minilm,35,title,half,1000,0.09503466276498486,0.11165535326196807,0.016620690496983212,0.17489082418364765,True
gap_25,minilm,36,title,half,1000,0.1532205646560548,0.20132676638271885,0.04810620172666405,0.313967004590092,True
gap_25,pubmedbert,11,title,half,1000,0.13716781699874586,0.11751429811225812,-0.01965351888648774,-0.14328083158651883,True
gap_25,pubmedbert,12,title,half,1000,0.1128205900219346,0.14577819561750344,0.03295760559556883,0.29212403151908006,True
gap_25,pubmedbert,13,title,half,1000,0.14085618466126446,0.1415421450055732,0.0006859603443087336,0.004869934152755546,True
gap_25,pubmedbert,14,title,half,1000,0.12333464846780583,0.058417047582097266,-0.06491760088570855,-0.5263533134620647,True
gap_25,pubmedbert,15,title,half,1000,0.10078494437579466,0.09013516780294605,-0.010649776572848615,-0.10566832812983477,True
gap_25,pubmedbert,16,title,half,1000,0.08048570747654392,0.07931335236903102,-0.0011723551075129013,-0.014566003633061965,True
gap_25,pubmedbert,17,title,half,1000,0.12933725129193402,0.14908349456367936,0.019746243271745345,0.15267251371513257,True
gap_25,pubmedbert,18,title,half,1000,0.11623768857116597,0.17230029601382163,0.05606260744265566,0.4823100676879995,True
gap_25,pubmedbert,19,title,half,1000,0.10920483533860978,0.10249962183725583,-0.006705213501353946,-0.061400335255881226,True
gap_25,pubmedbert,20,title,half,1000,0.11630352387423039,0.18554906737338192,0.06924554349915153,0.5953864611534304,True
gap_25,pubmedbert,21,title,half,1000,0.030872837881841763,0.04222387774865822,0.011351039866816456,0.36767076322104836,True
gap_25,pubmedbert,22,title,half,1000,0.14264012034678641,0.1377119784020991,-0.004928141944687325,-0.03454947971654844,True
gap_25,pubmedbert,23,title,half,1000,0.11564354552614994,0.11203468870288938,-0.0036088568232605645,-0.031206729323639687,True
gap_25,pubmedbert,24,title,half,1000,0.12793047690674672,0.12788602045041061,-4.4456456336106065e-05,-0.00034750481207470235,True
gap_25,pubmedbert,25,title,half,1000,0.17087964657363053,0.1831806658305521,0.012301019256921564,0.07198645071881725,True
gap_25,pubmedbert,26,title,half,1000,0.050292991329241414,0.09494354512462075,0.044650553795379334,0.8878086710546993,True
gap_25,pubmedbert,27,title,half,1000,0.16612466318055383,0.2355479152620687,0.06942325208151487,0.41789852724072457,True
gap_25,pubmedbert,28,title,half,1000,0.09588378105248073,0.1276295098129825,0.03174572876050176,0.33108549133170034,True
gap_25,pubmedbert,29,title,half,1000,0.0909494956164602,0.07409963427063478,-0.016849861345825418,-0.18526613294132332,True
gap_25,pubmedbert,30,title,half,1000,0.05123593301851105,0.05383616204742134,0.0026002290289102864,0.0507501059455841,True
gap_25,pubmedbert,31,title,half,1000,0.11546359780995959,0.12097865944221224,0.005515061632252655,0.047764505323399334,True
gap_25,pubmedbert,32,title,half,1000,0.12064353154156525,0.14577769729472692,0.025134165753161672,0.20833413471904386,True
gap_25,pubmedbert,33,title,half,1000,0.1279200678275143,0.03833338562228991,-0.0895866822052244,-0.7003332919274392,True
gap_25,pubmedbert,34,title,half,1000,0.1305474736678876,0.1476072921375262,0.01705981846963861,0.13067903951200724,True
gap_25,pubmedbert,35,title,half,1000,0.14395833183303652,0.1318889516059317,-0.012069380227104826,-0.08383940042527684,True
gap_25,pubmedbert,36,title,half,1000,0.12023062546159118,0.1944161885927354,0.07418556313114423,0.6170271746181968,True
gap_25,biobert,11,title,half,1000,0.14103312186617337,0.05401758482846983,-0.08701553703770354,-0.6169865339879008,True
gap_25,biobert,12,title,half,1000,0.10162686939645933,0.008597671258979304,-0.09302919813748003,-0.9153996250200458,True
gap_25,biobert,13,title,half,1000,0.1648774528356348,0.04479187136498905,-0.12008558147064574,-0.7283323426300031,True
gap_25,biobert,14,title,half,1000,0.10875902230510755,0.004173228792369118,-0.10458579351273843,-0.9616286657978431,True
gap_25,biobert,15,title,half,1000,0.09547479231717575,0.03244011485277105,-0.06303467746440469,-0.6602232477762077,True
gap_25,biobert,16,title,half,1000,0.07461463363226419,0.0,-0.07461463363226419,-1.0,True
gap_25,biobert,17,title,half,1000,0.13209837253689619,0.0027736911609266748,-0.1293246813759695,-0.9790028362374262,True
gap_25,biobert,18,title,half,1000,0.11181365687529626,0.005522133922603666,-0.10629152295269259,-0.9506130639411748,True
gap_25,biobert,19,title,half,1000,0.10630492363755675,0.04567094438101561,-0.06063397925654114,-0.5703779014344694,True
gap_25,biobert,20,title,half,1000,0.10163729466950312,0.06650856092163468,-0.03512873374786844,-0.3456283823974019,True
gap_25,biobert,21,title,half,1000,0.0316534501926952,0.0,-0.0316534501926952,-1.0,True
gap_25,biobert,22,title,half,1000,0.13648451744138554,0.03278796545665928,-0.10369655198472626,-0.7597678764498665,True
gap_25,biobert,23,title,half,1000,0.11557327243800763,0.006892870244948019,-0.10868040219305962,-0.9403593054038919,True
gap_25,biobert,24,title,half,1000,0.1377703522785208,0.0012754357137577616,-0.13649491656476304,-0.9907423063622621,True
gap_25,biobert,25,title,half,1000,0.17556601721758403,0.008113053756102731,-0.1674529634614813,-0.9537891564399505,True
gap_25,biobert,26,title,half,1000,0.07873345893373448,0.0,-0.07873345893373448,-1.0,True
gap_25,biobert,27,title,half,1000,0.1917296578416673,0.044068589546988286,-0.147661068294679,-0.770152463405632,True
gap_25,biobert,28,title,half,1000,0.0961631629303001,0.035548148616048734,-0.06061501431425136,-0.6303350728821769,True
gap_25,biobert,29,title,half,1000,0.08633923448925292,0.0438381411610137,-0.04250109332823922,-0.4922570089908493,True
gap_25,biobert,30,title,half,1000,0.051967177019090045,0.0033703763529924534,-0.04859680066609759,-0.9351441323865956,True
gap_25,biobert,31,title,half,1000,0.11030464334079339,0.056826919552621424,-0.05347772378817196,-0.48481842802346087,True
gap_25,biobert,32,title,half,1000,0.13772200347750616,0.0008827189592987596,-0.1368392845182074,-0.9935905742219112,True
gap_25,biobert,33,title,half,1000,0.13280880745022794,0.07580652419145811,-0.057002283258769826,-0.4292055952699694,True
gap_25,biobert,34,title,half,1000,0.13509311555736658,0.004768817073091491,-0.1303242984842751,-0.964699777235751,True
gap_25,biobert,35,title,half,1000,0.1299534185852347,0.03299003068168072,-0.096963387903554,-0.7461395703103956,True
gap_25,biobert,36,title,half,1000,0.13278672390598298,0.053551459321324005,-0.07923526458465897,-0.5967107422633602,True
gap_25,simcse,11,title,half,1000,0.1696946419134377,0.18935947420705582,0.019664832293618123,0.1158836370546648,True
gap_25,simcse,12,title,half,1000,0.14501998402063335,0.2156655626105109,0.07064557858987755,0.4871437482700739,True
gap_25,simcse,13,title,half,1000,0.13919483427200258,0.13646609884436153,-0.0027287354276410436,-0.019603711889974187,True
gap_25,simcse,14,title,half,1000,0.1743095126350441,0.08329574793276069,-0.09101376470228341,-0.522138828377319,True
gap_25,simcse,15,title,half,1000,0.09973068157576598,0.10870225825928831,0.008971576683522331,0.08995804041213307,True
gap_25,simcse,16,title,half,1000,0.0937519047071036,0.12208655647956569,0.028334651772462097,0.30223014520061453,True
gap_25,simcse,17,title,half,1000,0.14915853581898728,0.19815213370636076,0.04899359788737348,0.328466605135023,True
gap_25,simcse,18,title,half,1000,0.14518185498984634,0.20757221251772845,0.06239035752788211,0.42973936055745765,True
gap_25,simcse,19,title,half,1000,0.09768331137731003,0.15582245504838066,0.058139143671070634,0.5951799017797758,True
gap_25,simcse,20,title,half,1000,0.18553191307298011,0.2570467626819287,0.0715148496089486,0.3854584821793855,True
gap_25,simcse,21,title,half,1000,0.12132056328593872,0.1734224104769184,0.05210184719097967,0.42945602773193164,True
gap_25,simcse,22,title,half,1000,0.13800417448942426,0.18342042749683496,0.0454162530074107,0.32909332761445637,True
gap_25,simcse,23,title,half,1000,0.12785491139781102,0.1872750567752996,0.059420145377488576,0.4647466783079394,True
gap_25,simcse,24,title,half,1000,0.10103803124004335,0.12535667968605516,0.02431864844601181,0.24068806713222904,True
gap_25,simcse,25,title,half,1000,0.19234418112284524,0.26282635914960345,0.07048217802675821,0.3664377971577059,True
gap_25,simcse,26,title,half,1000,0.06553779870358023,0.1307097313302428,0.06517193262666257,0.99441747992525,True
gap_25,simcse,27,title,half,1000,0.15440996807144025,0.19618619971914128,0.04177623164770103,0.27055398151738874,True
gap_25,simcse,28,title,half,1000,0.1266653618726842,0.1442542705912343,0.017588908718550095,0.1388612360830684,True
gap_25,simcse,29,title,half,1000,0.0725561591011447,0.08932069620930784,0.01676453710816314,0.23105601668899053,True
gap_25,simcse,30,title,half,1000,0.06847973597031298,0.11823799290858447,0.04975825693827149,0.7266128619398073,True
gap_25,simcse,31,title,half,1000,0.16318829398625215,0.23609241972542186,0.07290412573916971,0.4467485011229515,True
gap_25,simcse,32,title,half,1000,0.17030314840466457,0.2063793596962622,0.03607621129159763,0.2118352574778912,True
gap_25,simcse,33,title,half,1000,0.15279589365352056,0.08881953431083434,-0.06397635934268622,-0.4187047034638169,True
gap_25,simcse,34,title,half,1000,0.14448686558602897,0.16859379951744605,0.02410693393141708,0.16684515809545028,True
gap_25,simcse,35,title,half,1000,0.12567558014509383,0.15679328458509234,0.031117704439998506,0.24760342784232844,True
gap_25,simcse,36,title,half,1000,0.15841173869733244,0.24772401423344995,0.08931227553611751,0.5637983414017125,True
angle_p50,specter,11,abstract,half,1000,55.61338432088777,55.006859082997046,-0.6065252378907218,-0.010906101926670872,True
angle_p50,specter,12,abstract,half,1000,47.82241075998776,47.66169339258157,-0.16071736740619258,-0.0033607123700393248,True
angle_p50,specter,13,abstract,half,1000,57.62239005672362,56.830031103741135,-0.7923589529824824,-0.013750886629355053,True
angle_p50,specter,14,abstract,half,1000,52.90541471821988,52.19474088530288,-0.7106738329170028,-0.013432912995808287,True
angle_p50,specter,15,abstract,half,1000,52.94825036209379,52.48184240301175,-0.4664079590820407,-0.008808751108723076,True
angle_p50,specter,16,abstract,half,1000,52.9277857252365,52.43769081722814,-0.4900949080083592,-0.009259690374212596,True
angle_p50,specter,17,abstract,half,1000,56.26985854307482,55.542930244235976,-0.7269282988388426,-0.012918608961534458,True
angle_p50,specter,18,abstract,half,1000,53.07461528095544,52.49997475227143,-0.5746405286840144,-0.01082703144699403,True
angle_p50,specter,19,abstract,half,1000,51.47016779235925,51.057341773367106,-0.412826018992142,-0.008020685315376534,True
angle_p50,specter,20,abstract,half,1000,52.2561168083082,51.72855630499519,-0.527560503313012,-0.010095669857143597,True
angle_p50,specter,21,abstract,half,1000,54.22563855545119,53.61703420579099,-0.6086043496601974,-0.011223553394172352,True
angle_p50,specter,22,abstract,half,1000,56.81156795515334,56.23896718895072,-0.5726007662026262,-0.010078946714771775,True
angle_p50,specter,23,abstract,half,1000,54.58938109683157,53.97987716360094,-0.6095039332306342,-0.011165247177825405,True
angle_p50,specter,24,abstract,half,1000,55.70607930927432,55.10086705795259,-0.6052122513217313,-0.010864384261575046,True
angle_p50,specter,25,abstract,half,1000,50.98314244345868,50.761709137353954,-0.22143330610472844,-0.004343265155738534,True
angle_p50,specter,26,abstract,half,1000,49.14053957684378,48.811776474057254,-0.32876310278652454,-0.0066902623702863396,True
angle_p50,specter,27,abstract,half,1000,59.24650889659931,58.461594678495,-0.7849142181043121,-0.013248277961393357,True
angle_p50,specter,28,abstract,half,1000,54.9070912550609,54.275632796127205,-0.6314584589336931,-0.0115004900915324,True
angle_p50,specter,29,abstract,half,1000,56.938719825287464,56.338330144202246,-0.6003896810852183,-0.010544488582241973,True
angle_p50,specter,30,abstract,half,1000,56.46606638519049,55.9580038108514,-0.5080625743390854,-0.008997661903226473,True
angle_p50,specter,31,abstract,half,1000,52.65372566222503,52.028966132893935,-0.6247595293310937,-0.011865438228226085,True
angle_p50,specter,32,abstract,half,1000,52.34203636313275,51.93159292811206,-0.4104434350206887,-0.007841564133522815,True
angle_p50,specter,33,abstract,half,1000,52.25598271777051,51.994500311112375,-0.26148240665813205,-0.005003875021743887,True
angle_p50,specter,34,abstract,half,1000,55.20129488983537,54.50321809104392,-0.6980767987914476,-0.012646022166410987,True
angle_p50,specter,35,abstract,half,1000,47.218768302465826,46.76929480580685,-0.4494734966589746,-0.009518958516236912,True
angle_p50,specter,36,abstract,half,1000,54.20085262482426,53.77226911369672,-0.4285835111275347,-0.007907320464018703,True
angle_p50,specter2,11,abstract,half,1000,35.196219368436196,34.25312122200041,-0.943098146435787,-0.02679543892380535,True
angle_p50,specter2,12,abstract,half,1000,33.03621521107174,32.250829879868895,-0.7853853312028463,-0.02377346576128468,True
angle_p50,specter2,13,abstract,half,1000,35.134094998653374,34.50830005625309,-0.6257949424002831,-0.017811614115128587,True
angle_p50,specter2,14,abstract,half,1000,33.5679699346949,32.81318812971408,-0.7547818049808228,-0.022485178771585523,True
angle_p50,specter2,15,abstract,half,1000,34.72140322920661,34.068327647971024,-0.6530755812355835,-0.018809020387927058,True
angle_p50,specter2,16,abstract,half,1000,34.87835805679694,34.3368860730418,-0.5414719837551374,-0.015524583550446627,True
angle_p50,specter2,17,abstract,half,1000,36.88810403346991,36.61936307822358,-0.26874095524632935,-0.007285301380696904,True
angle_p50,specter2,18,abstract,half,1000,34.699738367561174,34.13888193034661,-0.5608564372145679,-0.016163131585420855,True
angle_p50,specter2,19,abstract,half,1000,35.40875367902862,34.71829769197199,-0.6904559870566302,-0.019499584574917232,True
angle_p50,specter2,20,abstract,half,1000,33.79959558143837,32.9370717480202,-0.862523833418166,-0.02551876194317058,True
angle_p50,specter2,21,abstract,half,1000,35.5179063117361,34.681031300732165,-0.8368750110039329,-0.023562059195122272,True
angle_p50,specter2,22,abstract,half,1000,36.71270800066663,36.331984605157814,-0.3807233955088165,-0.01037034357427143,True
angle_p50,specter2,23,abstract,half,1000,35.673746732431574,34.7726978669855,-0.9010488654460715,-0.025258038416999626,True
angle_p50,specter2,24,abstract,half,1000,33.82322500545259,32.981912429693544,-0.8413125757590478,-0.02487381305666213,True
angle_p50,specter2,25,abstract,half,1000,35.03663512453272,34.5162671940189,-0.5203679305138209,-0.014852109189830796,True
angle_p50,specter2,26,abstract,half,1000,34.8139431688866,34.40173766380799,-0.4122055050786102,-0.011840241798492978,True
angle_p50,specter2,27,abstract,half,1000,35.73185962973506,34.89217903811951,-0.8396805916155543,-0.023499493178261437,True
angle_p50,specter2,28,abstract,half,1000,35.551065530302175,34.95733987948831,-0.593725650813866,-0.016700642919065256,True
angle_p50,specter2,29,abstract,half,1000,34.77716828718071,33.7840674319313,-0.9931008552494092,-0.028556116100328915,True
angle_p50,specter2,30,abstract,half,1000,33.82876342878107,32.946581590550736,-0.8821818382303377,-0.02607786241100935,True
angle_p50,specter2,31,abstract,half,1000,36.88045648288863,36.59045189440745,-0.2900045884811817,-0.007863367651529332,True
angle_p50,specter2,32,abstract,half,1000,35.13197192609968,34.55188294572936,-0.58008898037032,-0.016511711371924715,True
angle_p50,specter2,33,abstract,half,1000,34.17647161136534,33.42397754826553,-0.7524940630998103,-0.022017897916927424,True
angle_p50,specter2,34,abstract,half,1000,33.696678563793085,32.743388206169946,-0.9532903576231391,-0.02829033596941643,True
angle_p50,specter2,35,abstract,half,1000,32.37217715384665,31.380739612260488,-0.991437541586162,-0.030626223774645127,True
angle_p50,specter2,36,abstract,half,1000,34.49664486534032,33.60558414892814,-0.8910607164121842,-0.025830358862158682,True
angle_p50,scincl,11,abstract,half,1000,40.69526740032569,40.90396558348909,0.20869818316339916,0.005128315809069458,True
angle_p50,scincl,12,abstract,half,1000,39.4647566211312,39.99359873779768,0.5288421166664818,0.013400364323628339,True
angle_p50,scincl,13,abstract,half,1000,43.6171651749204,43.765132254031954,0.14796707911155238,0.0033924047681263003,True
angle_p50,scincl,14,abstract,half,1000,42.28177868650043,42.78261115760118,0.5008324711007504,0.01184511358460552,True
angle_p50,scincl,15,abstract,half,1000,39.79734893314631,40.08586574005493,0.2885168069086177,0.007249648899811982,True
angle_p50,scincl,16,abstract,half,1000,37.930386839158004,38.220828736018504,0.29044189686050004,0.007657235295071074,True
angle_p50,scincl,17,abstract,half,1000,49.21604530603165,49.47615199039802,0.2601066843663702,0.005284997661819304,True
angle_p50,scincl,18,abstract,half,1000,45.36864722766097,45.75116269355815,0.38251546589717833,0.00843127334120646,True
angle_p50,scincl,19,abstract,half,1000,39.84389515543291,40.16489393075827,0.32099877532535714,0.00805641050085906,True
angle_p50,scincl,20,abstract,half,1000,40.846351200365405,41.473309419596234,0.6269582192308292,0.015349185442669859,True
angle_p50,scincl,21,abstract,half,1000,42.22484276866385,42.4007728619764,0.1759300933125516,0.004166506771296112,True
angle_p50,scincl,22,abstract,half,1000,46.694127775028875,46.9767140685259,0.282586293497026,0.006051859344252443,True
angle_p50,scincl,23,abstract,half,1000,42.30744119645609,42.470286897694066,0.16284570123797693,0.0038491030568782733,True
angle_p50,scincl,24,abstract,half,1000,40.74099730894845,40.858822602338435,0.11782529338998415,0.002892057170237821,True
angle_p50,scincl,25,abstract,half,1000,39.51845379850268,39.84274446617468,0.32429066767200254,0.008206056576137846,True
angle_p50,scincl,26,abstract,half,1000,42.99878442723032,43.34930532818409,0.350520900953768,0.00815187930595986,True
angle_p50,scincl,27,abstract,half,1000,44.86375364847078,45.05840635609301,0.1946527076222324,0.0043387521505095315,True
angle_p50,scincl,28,abstract,half,1000,45.261133429435986,45.495663162649095,0.23452973321310822,0.0051817026097843956,True
angle_p50,scincl,29,abstract,half,1000,41.82483789917202,42.00352668486591,0.17868878569389324,0.0042723126895234335,True
angle_p50,scincl,30,abstract,half,1000,40.57657915009235,40.685719990686586,0.10914084059423601,0.002689749675312085,True
angle_p50,scincl,31,abstract,half,1000,41.348187992504094,41.64209938875355,0.29391139624945595,0.007108204990814553,True
angle_p50,scincl,32,abstract,half,1000,44.726807017850426,45.07280154502471,0.3459945271742839,0.0077357305437921785,True
angle_p50,scincl,33,abstract,half,1000,42.27383142996734,42.81518403256775,0.5413526026004121,0.012805856112125542,True
angle_p50,scincl,34,abstract,half,1000,40.34478722675007,40.4464001694854,0.10161294273532917,0.0025186139206592735,True
angle_p50,scincl,35,abstract,half,1000,35.78644299617934,35.8499422300093,0.06349923382995826,0.0017743935555913622,True
angle_p50,scincl,36,abstract,half,1000,43.673833317677555,44.01730779785625,0.343474480178692,0.007864537048541287,True
angle_p50,scibert,11,abstract,half,1000,35.275096012591696,35.19042979871032,-0.08466621388137696,-0.0024001696225335505,True
angle_p50,scibert,12,abstract,half,1000,34.5343273905953,34.32881093544724,-0.20551645514806438,-0.005951077396805836,True
angle_p50,scibert,13,abstract,half,1000,35.277464110978656,35.01299978604027,-0.26446432493838756,-0.007496693189352121,True
angle_p50,scibert,14,abstract,half,1000,34.15327916966049,33.835624677124855,-0.31765449253563816,-0.009300849003624264,True
angle_p50,scibert,15,abstract,half,1000,32.842482226210336,32.57048112745724,-0.2720010987530941,-0.008281989676651795,True
angle_p50,scibert,16,abstract,half,1000,34.8071966476012,34.65856256324942,-0.1486340843517837,-0.004270211297295816,True
angle_p50,scibert,17,abstract,half,1000,34.04291515710413,33.65832682813576,-0.3845883289683698,-0.011297162043659862,True
angle_p50,scibert,18,abstract,half,1000,34.3503929933439,34.063369278817774,-0.2870237145261285,-0.008355762176629108,True
angle_p50,scibert,19,abstract,half,1000,34.39705852756168,34.234691022934165,-0.16236750462751814,-0.0047203892303005,True
angle_p50,scibert,20,abstract,half,1000,34.74738499352073,34.496116388184305,-0.2512686053364277,-0.007231295402036188,True
angle_p50,scibert,21,abstract,half,1000,34.868684162091384,34.57696632016201,-0.2917178419293762,-0.008366184412732347,True
angle_p50,scibert,22,abstract,half,1000,34.64656715911553,34.31505742053166,-0.33150973858386834,-0.00956832857527843,True
angle_p50,scibert,23,abstract,half,1000,35.2695368848853,35.02507257649827,-0.24446430838703037,-0.006931316086880493,True
angle_p50,scibert,24,abstract,half,1000,34.30429884243353,34.067129031730865,-0.2371698107026674,-0.006913705241201271,True
angle_p50,scibert,25,abstract,half,1000,33.014021139391886,32.6724482182387,-0.3415729211531868,-0.010346298613882773,True
angle_p50,scibert,26,abstract,half,1000,35.54414484285916,35.19447321817897,-0.349671624680191,-0.009837671611628046,True
angle_p50,scibert,27,abstract,half,1000,35.470235586337736,35.28720794757676,-0.18302763876097572,-0.005160034483432455,True
angle_p50,scibert,28,abstract,half,1000,34.70501758160655,34.487371324180465,-0.21764625742608246,-0.00627131961291481,True
angle_p50,scibert,29,abstract,half,1000,35.35910152153083,35.267505877502295,-0.09159564402853704,-0.00259044037000665,True
angle_p50,scibert,30,abstract,half,1000,35.60411529531138,35.52992608041919,-0.07418921489219343,-0.002083725835534614,True
angle_p50,scibert,31,abstract,half,1000,34.600411789877974,34.21186830603546,-0.38854348384251125,-0.011229446811271073,True
angle_p50,scibert,32,abstract,half,1000,34.90338831100612,34.65739861159798,-0.24598969940813475,-0.007047731217847597,True
angle_p50,scibert,33,abstract,half,1000,35.10155735143556,34.839133491894536,-0.2624238595410233,-0.007476131526406218,True
angle_p50,scibert,34,abstract,half,1000,34.26212846006678,34.160603627059224,-0.10152483300755932,-0.0029631793928356965,True
angle_p50,scibert,35,abstract,half,1000,32.44234631264522,32.32921132851172,-0.11313498413350231,-0.0034872626980560007,True
angle_p50,scibert,36,abstract,half,1000,35.51261632091499,35.3375756060517,-0.17504071486328598,-0.00492897265809719,True
angle_p50,bert,11,abstract,half,1000,33.4740940608631,33.99227066165243,0.5181766007893245,0.01547992904146018,True
angle_p50,bert,12,abstract,half,1000,37.1720886745113,37.65246275663237,0.4803740821210667,0.01292297794528981,True
angle_p50,bert,13,abstract,half,1000,32.112485836214816,32.433614538688474,0.32112870247365777,0.010000119707690311,True
angle_p50,bert,14,abstract,half,1000,33.3223196481663,33.653011508829096,0.330691860662796,0.0099240348257386,True
angle_p50,bert,15,abstract,half,1000,31.36286344836983,31.688504072733533,0.3256406243637038,0.010383000420219278,True
angle_p50,bert,16,abstract,half,1000,32.26059354639184,32.930964611430156,0.6703710650383172,0.020779873875361305,True
angle_p50,bert,17,abstract,half,1000,33.01678204450554,33.2605922749335,0.24381023042796102,0.007384433470812292,True
angle_p50,bert,18,abstract,half,1000,33.31063359247873,33.65111368017913,0.3404800877003993,0.01022136329995467,True
angle_p50,bert,19,abstract,half,1000,33.976661825967014,34.42179584687538,0.4451340209083696,0.0131011699497851,True
angle_p50,bert,20,abstract,half,1000,34.412473495954636,34.84402844054861,0.4315549445939766,0.012540654615969645,True
angle_p50,bert,21,abstract,half,1000,34.57694193560855,35.012552622452276,0.4356106868437237,0.012598299978492792,True
angle_p50,bert,22,abstract,half,1000,33.501973471917786,33.816136367092916,0.3141628951751301,0.009377444449308919,True
angle_p50,bert,23,abstract,half,1000,34.658971587745555,34.9801904836191,0.32121889587354246,0.009267986935513011,True
angle_p50,bert,24,abstract,half,1000,29.09761865470987,29.43941104878817,0.34179239407830053,0.01174640434099498,True
angle_p50,bert,25,abstract,half,1000,30.22933590567019,30.555112592172787,0.3257766865025964,0.010776839012248683,True
angle_p50,bert,26,abstract,half,1000,34.78369714333313,35.2239376285724,0.44024048523927206,0.012656517891849557,True
angle_p50,bert,27,abstract,half,1000,30.96522779724067,31.32767115957778,0.3624433623371104,0.011704850508782885,True
angle_p50,bert,28,abstract,half,1000,31.338052909277412,31.560208680114084,0.2221557708366717,0.0070890100121984295,True
angle_p50,bert,29,abstract,half,1000,32.88867661440058,33.31594233812561,0.4272657237250286,0.012991271395150838,True
angle_p50,bert,30,abstract,half,1000,32.29328168181265,32.85241716914232,0.5591354873296694,0.01731429753218827,True
angle_p50,bert,31,abstract,half,1000,31.93778620542843,32.151493001234655,0.21370679580622465,0.006691346558325359,True
angle_p50,bert,32,abstract,half,1000,32.47310703155337,32.80174903992036,0.328642008366991,0.0101204362134999,True
angle_p50,bert,33,abstract,half,1000,36.62301770095496,36.99817347593965,0.375155774984691,0.010243715524701522,True
angle_p50,bert,34,abstract,half,1000,30.516835799587295,30.83638695827366,0.31955115868636597,0.01047130707734409,True
angle_p50,bert,35,abstract,half,1000,29.380115873455942,29.698526297363305,0.3184104239073626,0.010837616341569194,True
angle_p50,bert,36,abstract,half,1000,33.746612216865834,34.07317421340361,0.3265619965377766,0.009676882361974335,True
angle_p50,mpnet,11,abstract,half,1000,80.66050908843488,80.5691114749186,-0.0913976135162784,-0.0011331147614760469,True
angle_p50,mpnet,12,abstract,half,1000,82.04356010312502,80.95568209523927,-1.0878780078857488,-0.013259761113710031,True
angle_p50,mpnet,13,abstract,half,1000,83.78017912703451,83.6658503263909,-0.11432880064361939,-0.0013646282669110136,True
angle_p50,mpnet,14,abstract,half,1000,80.47086107587131,80.4417393728272,-0.02912170304411177,-0.00036189128157401723,True
angle_p50,mpnet,15,abstract,half,1000,80.52777240945076,80.42254339660941,-0.10522901284134889,-0.0013067418816244218,True
angle_p50,mpnet,16,abstract,half,1000,78.42969475381686,78.3560575204804,-0.07363723333645567,-0.0009388948097732081,True
angle_p50,mpnet,17,abstract,half,1000,85.87921821300895,85.75467242686874,-0.12454578614021727,-0.001450243594804303,True
angle_p50,mpnet,18,abstract,half,1000,83.9217370455116,83.8426401751805,-0.07909687033109947,-0.0009425075447163878,True
angle_p50,mpnet,19,abstract,half,1000,81.2537535621697,81.19025750712646,-0.06349605504324529,-0.0007814538068652119,True
angle_p50,mpnet,20,abstract,half,1000,82.15490140268832,81.93674339121077,-0.21815801147755565,-0.0026554473044552514,True
angle_p50,mpnet,21,abstract,half,1000,83.19602720998373,83.05165689223115,-0.1443703177525748,-0.001735303025806622,True
angle_p50,mpnet,22,abstract,half,1000,86.76516607861866,86.77198345297244,0.0068173743537727205,7.857271139889756e-05,True
angle_p50,mpnet,23,abstract,half,1000,84.3286473550039,84.12928184780978,-0.19936550719411628,-0.0023641492357257205,True
angle_p50,mpnet,24,abstract,half,1000,80.08772759190877,79.95265905725556,-0.13506853465321456,-0.001686507267898315,True
angle_p50,mpnet,25,abstract,half,1000,80.72932878044912,80.72477778428757,-0.0045509961615550765,-5.637351666742989e-05,True
angle_p50,mpnet,26,abstract,half,1000,86.22015167016032,86.1258063437812,-0.09434532637911275,-0.0010942375367192082,True
angle_p50,mpnet,27,abstract,half,1000,85.05923587477905,84.98409088591256,-0.07514498886648369,-0.0008834430275991342,True
angle_p50,mpnet,28,abstract,half,1000,82.8695582108285,82.91344269069505,0.04388447986654853,0.0005295609245906922,True
angle_p50,mpnet,29,abstract,half,1000,81.42307222801907,81.32648589812975,-0.0965863298893197,-0.0011862280216943558,True
angle_p50,mpnet,30,abstract,half,1000,78.34159358981749,78.3553511615825,0.013757571765012244,0.00017561005762844727,True
angle_p50,mpnet,31,abstract,half,1000,83.8119073737481,83.99221186141271,0.18030448766461404,0.0021512991806828838,True
angle_p50,mpnet,32,abstract,half,1000,82.33978329499091,82.33970940027253,-7.389471838337158e-05,-8.974363961905996e-07,True
angle_p50,mpnet,33,abstract,half,1000,82.86483217937851,82.52602663929166,-0.3388055400868524,-0.0040886529445137345,True
angle_p50,mpnet,34,abstract,half,1000,77.69509742909834,77.51746877639654,-0.17762865270179873,-0.002286227298497129,True
angle_p50,mpnet,35,abstract,half,1000,69.46167244760322,69.39988382861294,-0.061788618990277655,-0.000889535434622402,True
angle_p50,mpnet,36,abstract,half,1000,81.35922735947001,81.33744029106843,-0.02178706840157929,-0.00026778853620766755,True
angle_p50,minilm,11,abstract,half,1000,81.56077860032873,81.66113107537886,0.1003524750501299,0.0012304011409930977,True
angle_p50,minilm,12,abstract,half,1000,83.54879345688677,83.35639336242438,-0.1924000944623856,-0.002302847072970225,True
angle_p50,minilm,13,abstract,half,1000,84.03357908798132,83.96637695671113,-0.06720213127019292,-0.0007997056890773836,True
angle_p50,minilm,14,abstract,half,1000,82.38603860233394,82.4840987064563,0.09806010412235366,0.0011902514768998213,True
angle_p50,minilm,15,abstract,half,1000,82.85683034326885,82.90168649285948,0.044856149590629,0.0005413693645387322,True
angle_p50,minilm,16,abstract,half,1000,80.96575424060119,81.16608792878704,0.20033368818585018,0.002474301512594205,True
angle_p50,minilm,17,abstract,half,1000,87.13767465270382,87.15196490537869,0.014290252674868498,0.00016399625915912688,True
angle_p50,minilm,18,abstract,half,1000,85.368983867758,85.36695803598472,-0.0020258317732810838,-2.3730302054657536e-05,True
angle_p50,minilm,19,abstract,half,1000,81.66237670818991,81.77754596899565,0.11516926080574308,0.0014103099303279618,True
angle_p50,minilm,20,abstract,half,1000,83.41912918601646,83.56156886323058,0.14243967721411366,0.0017075181508606637,True
angle_p50,minilm,21,abstract,half,1000,84.29984893454281,84.40149770553897,0.10164877099616376,0.0012058001560013715,True
angle_p50,minilm,22,abstract,half,1000,87.88485439453436,87.99698204076545,0.1121276462310874,0.001275847209437497,True
angle_p50,minilm,23,abstract,half,1000,84.84636724217444,84.84911056469392,0.0027433225194783972,3.233282235464736e-05,True
angle_p50,minilm,24,abstract,half,1000,80.74535862418988,80.65612757283641,-0.08923105135346532,-0.0011050920185861094,True
angle_p50,minilm,25,abstract,half,1000,82.9375536756653,82.98582002338664,0.048266347721337866,0.0005819601083254484,True
angle_p50,minilm,26,abstract,half,1000,86.66799208764004,86.72497385916235,0.05698177152230244,0.00065747192417567,True
angle_p50,minilm,27,abstract,half,1000,85.24850248968802,85.11790689167441,-0.1305955980136133,-0.0015319400833980709,True
angle_p50,minilm,28,abstract,half,1000,83.12537637398204,83.22355021155106,0.09817383756902132,0.0011810332999556727,True
angle_p50,minilm,29,abstract,half,1000,83.03150655536929,82.96451518899143,-0.06699136637786296,-0.0008068186301448112,True
angle_p50,minilm,30,abstract,half,1000,80.29830482412173,80.36908667994925,0.07078185582751928,0.000881486302638064,True
angle_p50,minilm,31,abstract,half,1000,84.66405122061525,84.7916757533804,0.12762453276515373,0.001507422937187275,True
angle_p50,minilm,32,abstract,half,1000,83.34973910447133,83.40387616356116,0.05413705908983957,0.000649516839182708,True
angle_p50,minilm,33,abstract,half,1000,84.94028749834574,84.98874223022474,0.04845473187900495,0.0005704564148072684,True
angle_p50,minilm,34,abstract,half,1000,78.80208006901023,78.70547462533371,-0.09660544367652335,-0.0012259250465460046,True
angle_p50,minilm,35,abstract,half,1000,72.57535824807373,72.45060716274017,-0.12475108533355694,-0.0017189179405375935,True
angle_p50,minilm,36,abstract,half,1000,83.23853018976034,83.2026330017853,-0.03589718797503849,-0.0004312568697837773,True
angle_p50,pubmedbert,11,abstract,half,1000,10.151719933374805,10.221433690373804,0.06971375699899873,0.00686718678770951,True
angle_p50,pubmedbert,12,abstract,half,1000,10.12042803694397,10.203130287845212,0.08270225090124228,0.008171813543789161,True
angle_p50,pubmedbert,13,abstract,half,1000,10.23180517110735,10.23745462821315,0.005649457105800337,0.0005521466653561111,True
angle_p50,pubmedbert,14,abstract,half,1000,9.77926457881046,9.789166685622126,0.00990210681166559,0.0010125615000867551,True
angle_p50,pubmedbert,15,abstract,half,1000,9.593033938100527,9.618080353214136,0.025046415113608944,0.002610896122667973,True
angle_p50,pubmedbert,16,abstract,half,1000,10.428102570388036,10.496416566288902,0.06831399590086562,0.006550951665440285,True
angle_p50,pubmedbert,17,abstract,half,1000,9.855384219688196,9.843568533395228,-0.011815686292967698,-0.0011989067122683444,True
angle_p50,pubmedbert,18,abstract,half,1000,10.02164544752445,10.042995311494339,0.02134986396988836,0.002130375104735142,True
angle_p50,pubmedbert,19,abstract,half,1000,9.869465468132082,9.921942391240885,0.052476923108802254,0.005317098811303117,True
angle_p50,pubmedbert,20,abstract,half,1000,10.001754686779273,10.039887584204829,0.03813289742555526,0.003812620747033605,True
angle_p50,pubmedbert,21,abstract,half,1000,10.201885271751662,10.24826138643649,0.046376114684827385,0.00454583770053166,True
angle_p50,pubmedbert,22,abstract,half,1000,10.102400200627132,10.124606550002833,0.02220634937570054,0.0021981260823860475,True
angle_p50,pubmedbert,23,abstract,half,1000,10.202596885625251,10.215330152720629,0.012733267095377698,0.0012480417719255364,True
angle_p50,pubmedbert,24,abstract,half,1000,9.800368151769703,9.810007163655243,0.009639011885539617,0.0009835356933809727,True
angle_p50,pubmedbert,25,abstract,half,1000,9.697698034895161,9.710199164130096,0.012501129234934183,0.0012890821295890482,True
angle_p50,pubmedbert,26,abstract,half,1000,10.587714977192533,10.67304569375634,0.08533071656380642,0.008059408167637786,True
angle_p50,pubmedbert,27,abstract,half,1000,10.109533087015858,10.141940584364148,0.03240749734828974,0.003205637398814411,True
angle_p50,pubmedbert,28,abstract,half,1000,10.005891945957275,10.004475650770459,-0.0014162951868161855,-0.00014154612047239003,True
angle_p50,pubmedbert,29,abstract,half,1000,10.103399571651282,10.144123316905818,0.04072374525453526,0.004030697288148472,True
angle_p50,pubmedbert,30,abstract,half,1000,10.326541410553869,10.405872245835493,0.07933083528162399,0.007682227003955726,True
angle_p50,pubmedbert,31,abstract,half,1000,10.017449527575893,10.018980195500117,0.0015306679242232946,0.00015280016335592146,True
angle_p50,pubmedbert,32,abstract,half,1000,10.08332498600992,10.105703127223778,0.02237814121385817,0.00221932162703341,True
angle_p50,pubmedbert,33,abstract,half,1000,10.319987026161167,10.369237270068574,0.049250243907406954,0.004772316455685224,True
angle_p50,pubmedbert,34,abstract,half,1000,9.773074057371746,9.811658900487966,0.03858484311622057,0.003948076407659712,True
angle_p50,pubmedbert,35,abstract,half,1000,9.307525648982583,9.332214281127941,0.02468863214535766,0.0026525451636070863,True
angle_p50,pubmedbert,36,abstract,half,1000,10.327481512907664,10.362595557700072,0.035114044792408095,0.0034000588380159557,True
angle_p50,biobert,11,abstract,half,1000,22.998907369276605,23.182178618169615,0.1832712488930106,0.007968693727504462,True
angle_p50,biobert,12,abstract,half,1000,24.719846238065315,24.820507630037273,0.10066139197195767,0.0040720881110074365,True
angle_p50,biobert,13,abstract,half,1000,22.26009588923367,22.320088362476167,0.05999247324249524,0.0026950680509651905,True
angle_p50,biobert,14,abstract,half,1000,23.148806812773145,23.112867053569207,-0.03593975920393788,-0.0015525534207709959,True
angle_p50,biobert,15,abstract,half,1000,21.849858982270533,21.862456721767398,0.012597739496865046,0.0005765593044370279,True
angle_p50,biobert,16,abstract,half,1000,23.68777502709417,23.850690018919636,0.16291499182546687,0.006877597901834346,True
angle_p50,biobert,17,abstract,half,1000,22.49488812417078,22.532673646873565,0.03778552270278368,0.0016797381918153705,True
angle_p50,biobert,18,abstract,half,1000,23.394023856425555,23.466591561256195,0.07256770483063946,0.0031019761831484814,True
angle_p50,biobert,19,abstract,half,1000,22.68825223231976,22.80142744687175,0.11317521455199042,0.004988273816471884,True
angle_p50,biobert,20,abstract,half,1000,23.664495341706356,23.715254259476506,0.050758917770149736,0.0021449397942871875,True
angle_p50,biobert,21,abstract,half,1000,23.147332006895166,23.20161273911254,0.05428073221737506,0.002345010310527616,True
angle_p50,biobert,22,abstract,half,1000,22.903831010440136,22.922903641360982,0.019072630920845768,0.0008327266697065652,True
angle_p50,biobert,23,abstract,half,1000,23.285526828659822,23.37728760051253,0.0917607718527087,0.003940678367636053,True
angle_p50,biobert,24,abstract,half,1000,21.256165237601177,21.319793052786782,0.06362781518560467,0.0029933816600677342,True
angle_p50,biobert,25,abstract,half,1000,21.647938436572378,21.663725377647637,0.01578694107525891,0.0007292584058992054,True
angle_p50,biobert,26,abstract,half,1000,24.29520416048404,24.259368360214808,-0.03583580026923272,-0.001475015399439177,True
angle_p50,biobert,27,abstract,half,1000,22.333980895194895,22.433192508005803,0.09921161281090818,0.00444218221894572,True
angle_p50,biobert,28,abstract,half,1000,22.198304336145902,22.241798514352475,0.04349417820657209,0.0019593468738848545,True
angle_p50,biobert,29,abstract,half,1000,22.81496172620284,22.930863568359857,0.11590184215701882,0.005080080499276328,True
angle_p50,biobert,30,abstract,half,1000,23.136371218956167,23.28819111212384,0.15181989316767286,0.006561957868452737,True
angle_p50,biobert,31,abstract,half,1000,22.81365756524477,22.875869851034167,0.062212285789396304,0.002726975523827138,True
angle_p50,biobert,32,abstract,half,1000,23.43005165799072,23.500252132868113,0.07020047487739234,0.0029961724328273413,True
angle_p50,biobert,33,abstract,half,1000,24.74281888081414,24.822820892655898,0.08000201184175637,0.003233342661041375,True
angle_p50,biobert,34,abstract,half,1000,21.951963446775114,22.073812706701762,0.1218492599266483,0.00555072261404247,True
angle_p50,biobert,35,abstract,half,1000,21.01675727465028,21.080935338837563,0.06417806418728134,0.0030536615781679506,True
angle_p50,biobert,36,abstract,half,1000,24.10482557322592,24.1735569535868,0.06873138036088022,0.0028513535662013914,True
angle_p50,simcse,11,abstract,half,1000,53.94769738804406,54.616985911944994,0.6692885239009314,0.012406248205308197,True
angle_p50,simcse,12,abstract,half,1000,62.334070510480416,62.85781469272518,0.5237441822447622,0.008402213716441051,True
angle_p50,simcse,13,abstract,half,1000,52.27809979052493,52.7733367159874,0.49523692546247133,0.00947312407005715,True
angle_p50,simcse,14,abstract,half,1000,56.19543893612094,56.683859872137624,0.4884209360166878,0.008691469365901577,True
angle_p50,simcse,15,abstract,half,1000,51.51401282572138,52.15337646374947,0.6393636380280867,0.012411450845251314,True
angle_p50,simcse,16,abstract,half,1000,50.423600120689,51.49217828838587,1.0685781676968702,0.02119202447146229,True
angle_p50,simcse,17,abstract,half,1000,54.18308875309996,54.825922395605545,0.6428336425055861,0.011864101093144267,True
angle_p50,simcse,18,abstract,half,1000,54.9679048304114,55.40373198348473,0.4358271530733333,0.00792875687035844,True
angle_p50,simcse,19,abstract,half,1000,55.02349329810232,55.66859631665249,0.6451030185501665,0.011724137816099276,True
angle_p50,simcse,20,abstract,half,1000,57.400992384942825,57.94828096347351,0.5472885785306829,0.009534479384266626,True
angle_p50,simcse,21,abstract,half,1000,54.632974941337984,55.42341915003536,0.7904442086973731,0.01446826224539503,True
angle_p50,simcse,22,abstract,half,1000,54.90017753354062,55.57466530770169,0.6744877741610722,0.012285712077142224,True
angle_p50,simcse,23,abstract,half,1000,57.1831572883332,57.6780424443532,0.49488515602000405,0.008654386702095812,True
angle_p50,simcse,24,abstract,half,1000,49.57112828476436,49.925994910590305,0.35486662582594164,0.007158736105165667,True
angle_p50,simcse,25,abstract,half,1000,49.733136336902795,50.47814359508047,0.7450072581776723,0.014980098040285161,True
angle_p50,simcse,26,abstract,half,1000,53.47177753695592,54.07340100663236,0.60162346967644,0.011251233779551097,True
angle_p50,simcse,27,abstract,half,1000,51.17950634074411,51.70318820295998,0.5236818622158665,0.010232257003990722,True
angle_p50,simcse,28,abstract,half,1000,51.35461777728288,51.77525236732313,0.42063459004024395,0.008190784164035098,True
angle_p50,simcse,29,abstract,half,1000,53.28689407179609,53.80733138016436,0.5204373083682654,0.009766703753967237,True
angle_p50,simcse,30,abstract,half,1000,51.88664778498685,52.462674952074806,0.5760271670879575,0.011101645445952825,True
angle_p50,simcse,31,abstract,half,1000,51.261328166619755,51.82423874141473,0.5629105747949765,0.010981193717129075,True
angle_p50,simcse,32,abstract,half,1000,55.17940931883986,55.47573098363654,0.2963216647966789,0.005370149272248661,True
angle_p50,simcse,33,abstract,half,1000,61.33925939915144,61.932785985120795,0.5935265859693573,0.009676128987914843,True
angle_p50,simcse,34,abstract,half,1000,51.00750841681759,51.42945812455362,0.4219497077360259,0.008272305800314404,True
angle_p50,simcse,35,abstract,half,1000,47.68286702421076,48.07491433794237,0.3920473137316094,0.008221974436489927,True
angle_p50,simcse,36,abstract,half,1000,57.25361503812929,57.6732545102716,0.41963947214230757,0.0073294842930501335,True
pr,specter,11,abstract,half,1000,27.62482839490067,28.325958517805635,0.7011301229049636,0.02538043360422781,True
pr,specter,12,abstract,half,1000,30.755813615789016,31.732152048541664,0.9763384327526481,0.03174484164032742,True
pr,specter,13,abstract,half,1000,47.779854280392634,47.585957507340694,-0.19389677305193942,-0.004058128179170874,True
pr,specter,14,abstract,half,1000,32.91924458915311,33.353103725151556,0.4338591359984463,0.013179498539933169,True
pr,specter,15,abstract,half,1000,21.19435826773616,22.607448756613692,1.4130904888775326,0.06667295470930386,True
pr,specter,16,abstract,half,1000,26.068674563297108,27.809121105287833,1.7404465419907247,0.06676390614968791,True
pr,specter,17,abstract,half,1000,45.35540901038806,45.69897848560569,0.3435694752176346,0.0075750496514967935,True
pr,specter,18,abstract,half,1000,40.28987458290273,40.63713618782994,0.3472616049272048,0.008619078826186457,True
pr,specter,19,abstract,half,1000,23.730793214348665,24.93303287577607,1.2022396614274058,0.05066158769191413,True
pr,specter,20,abstract,half,1000,28.537599560143857,29.325126058485267,0.7875264983414105,0.027596101651145344,True
pr,specter,21,abstract,half,1000,20.220935801897145,21.337623850282093,1.1166880483849475,0.05522435060993463,True
pr,specter,22,abstract,half,1000,42.612618340842445,43.9358979627058,1.3232796218633567,0.031053703653667476,True
pr,specter,23,abstract,half,1000,29.742575168351774,30.53741908797636,0.7948439196245864,0.026724112324690606,True
pr,specter,24,abstract,half,1000,32.68465403709944,32.292348914241664,-0.39230512285777763,-0.012002731386187628,True
pr,specter,25,abstract,half,1000,34.825988765376394,36.18027035085901,1.3542815854826173,0.03888709649010824,True
pr,specter,26,abstract,half,1000,29.605914983431084,30.919656431309015,1.3137414478779306,0.04437428968546199,True
pr,specter,27,abstract,half,1000,44.3666174415304,44.00608390920569,-0.36053353232470897,-0.00812623438782203,True
pr,specter,28,abstract,half,1000,40.47458219980382,40.37775859244955,-0.09682360735426698,-0.002392207703992959,True
pr,specter,29,abstract,half,1000,27.747371537448505,28.108353071783707,0.3609815343352025,0.013009575838490264,True
pr,specter,30,abstract,half,1000,33.187688418747705,34.47867223665368,1.2909838179059747,0.03889947987991531,True
pr,specter,31,abstract,half,1000,31.29574163406941,32.235347971573404,0.9396063375039923,0.030023456497388475,True
pr,specter,32,abstract,half,1000,36.37323129582812,37.00725938557081,0.6340280897426922,0.01743117306752488,True
pr,specter,33,abstract,half,1000,28.972528981219273,29.640123575168722,0.667594593949449,0.023042330698234893,True
pr,specter,34,abstract,half,1000,29.318351235754825,29.277741240014365,-0.04060999574046065,-0.0013851391373923933,True
pr,specter,35,abstract,half,1000,25.089963649623098,25.290597387165896,0.20063373754279823,0.00799657346437854,True
pr,specter,36,abstract,half,1000,38.92888510098401,39.07134132607136,0.14245622508735067,0.0036593964794473344,True
pr,specter2,11,abstract,half,1000,58.52511813100215,55.30109609607162,-3.2240220349305346,-0.055087834726175344,True
pr,specter2,12,abstract,half,1000,58.0461897871555,55.258403564755994,-2.787786222399504,-0.04802703213805753,True
pr,specter2,13,abstract,half,1000,68.70704490925976,65.27303464699649,-3.4340102622632713,-0.04998046804077385,True
pr,specter2,14,abstract,half,1000,55.6430395441181,51.76633478152331,-3.876704762594791,-0.06967097402220523,True
pr,specter2,15,abstract,half,1000,42.70404331875833,40.969498440591536,-1.734544878166794,-0.04061781375640539,True
pr,specter2,16,abstract,half,1000,52.620070433707326,51.13314996558648,-1.486920468120843,-0.028257667765650737,True
pr,specter2,17,abstract,half,1000,48.31524036633752,46.07151826024698,-2.2437221060905372,-0.046439220607785624,True
pr,specter2,18,abstract,half,1000,52.6497975921242,49.90094673161758,-2.7488508605066215,-0.052210093603813165,True
pr,specter2,19,abstract,half,1000,53.81415502587962,51.87048858185581,-1.9436664440238118,-0.03611812622699526,True
pr,specter2,20,abstract,half,1000,56.85045384137078,53.45389897828107,-3.3965548630897118,-0.059745430925970844,True
pr,specter2,21,abstract,half,1000,32.89977322286129,30.740290406363883,-2.159482816497409,-0.06563822801662457,True
pr,specter2,22,abstract,half,1000,57.08250335880113,53.83932892739644,-3.2431744314046895,-0.05681556064595139,True
pr,specter2,23,abstract,half,1000,54.82480169907282,52.31836201766163,-2.5064396814111944,-0.04571725941059961,True
pr,specter2,24,abstract,half,1000,56.219905708973364,52.77997598200303,-3.439929726970334,-0.06118704191318628,True
pr,specter2,25,abstract,half,1000,57.08952253174531,54.60109347359928,-2.488429058146032,-0.04358819180458746,True
pr,specter2,26,abstract,half,1000,37.90839491989164,36.92213638478016,-0.9862585351114816,-0.026016889852383672,True
pr,specter2,27,abstract,half,1000,66.76969935442182,62.91861799034838,-3.851081364073437,-0.0576770810908017,True
pr,specter2,28,abstract,half,1000,51.438809455212876,49.43281946143625,-2.0059899937766232,-0.03899759763147733,True
pr,specter2,29,abstract,half,1000,50.46637451896041,47.9943528734291,-2.4720216455313064,-0.048983539417965495,True
pr,specter2,30,abstract,half,1000,54.93766964790598,53.27227364635012,-1.6653960015558553,-0.03031428184393937,True
pr,specter2,31,abstract,half,1000,40.707179549754834,38.987557807414035,-1.7196217423407987,-0.042243696599981104,True
pr,specter2,32,abstract,half,1000,54.44628098859396,52.30082074435067,-2.1454602442432886,-0.039405083419614,True
pr,specter2,33,abstract,half,1000,60.44976760951125,56.39284905473202,-4.05691855477923,-0.06711222747762738,True
pr,specter2,34,abstract,half,1000,48.03099478859486,45.635681287039084,-2.3953135015557763,-0.049870162217097204,True
pr,specter2,35,abstract,half,1000,53.930075597634314,51.557170303393995,-2.3729052942403186,-0.043999665640083174,True
pr,specter2,36,abstract,half,1000,59.99945416506577,56.81996848255004,-3.1794856825157325,-0.052991910122525146,True
pr,scincl,11,abstract,half,1000,31.174106920464748,31.61157662827527,0.4374697078105214,0.01403311116262764,True
pr,scincl,12,abstract,half,1000,31.10768198419461,31.213454407106354,0.10577242291174471,0.0034002026562276882,True
pr,scincl,13,abstract,half,1000,44.820001545958945,44.94238415962107,0.12238261366212555,0.002730535685873036,True
pr,scincl,14,abstract,half,1000,38.72412939292568,39.043083647683204,0.3189542547575215,0.00823657651592781,True
pr,scincl,15,abstract,half,1000,22.039094361548212,22.46528178495695,0.42618742340873794,0.019337792035243998,True
pr,scincl,16,abstract,half,1000,34.191876355252106,34.89027305647231,0.6983967012202044,0.02042580798912271,True
pr,scincl,17,abstract,half,1000,42.20751479395772,42.46250078244556,0.2549859884878387,0.006041246203018369,True
pr,scincl,18,abstract,half,1000,37.47279803045047,38.14083285522322,0.6680348247727537,0.01782719358799701,True
pr,scincl,19,abstract,half,1000,25.21860008669715,25.68828490432551,0.4696848176283588,0.018624539665709604,True
pr,scincl,20,abstract,half,1000,34.29586607704203,34.92713321796817,0.6312671409261412,0.018406508221954988,True
pr,scincl,21,abstract,half,1000,18.95578959977598,19.26004432795517,0.30425472817919186,0.016050754656128256,True
pr,scincl,22,abstract,half,1000,38.610061919474425,38.68205127407946,0.07198935460503719,0.0018645231586310064,True
pr,scincl,23,abstract,half,1000,32.12286697254248,32.41199642626528,0.28912945372280063,0.009000736265848826,True
pr,scincl,24,abstract,half,1000,36.58628415321815,36.42534698532134,-0.16093716789681167,-0.004398838844164379,True
pr,scincl,25,abstract,half,1000,31.253195460716285,31.469715822539392,0.21652036182310752,0.0069279431632923065,True
pr,scincl,26,abstract,half,1000,26.06496431819946,26.109732719842896,0.04476840164343443,0.0017175700337397194,True
pr,scincl,27,abstract,half,1000,46.41792686226559,46.33051549547325,-0.08741136679233819,-0.0018831381042007996,True
pr,scincl,28,abstract,half,1000,34.9276975018742,35.02093090497384,0.09323340309963868,0.0026693257720362424,True
pr,scincl,29,abstract,half,1000,29.152823847082985,29.534217762236633,0.38139391515364807,0.013082571937257122,True
pr,scincl,30,abstract,half,1000,29.271145980540833,29.727702981082434,0.45655700054160064,0.01559751028692608,True
pr,scincl,31,abstract,half,1000,34.079486860630105,34.10816433750656,0.028677476876453056,0.0008414879306643067,True
pr,scincl,32,abstract,half,1000,36.341845527197194,36.37551216740831,0.03366664021111632,0.0009263877418091266,True
pr,scincl,33,abstract,half,1000,34.7126712194356,34.86128472389806,0.14861350446246036,0.004281246566217922,True
pr,scincl,34,abstract,half,1000,31.43114431450695,31.4309058597095,-0.00023845479744721843,-7.586577028859886e-06,True
pr,scincl,35,abstract,half,1000,26.778993198421205,26.970430545202664,0.19143734678145918,0.0071487880579746985,True
pr,scincl,36,abstract,half,1000,40.90253683401167,41.176777040785744,0.2742402067740741,0.006704723667555878,True
pr,scibert,11,abstract,half,1000,40.288372599805015,38.50990236252706,-1.7784702372779577,-0.04414351145289411,True
pr,scibert,12,abstract,half,1000,36.97317309977086,35.755764023952615,-1.2174090758182459,-0.03292682163181149,True
pr,scibert,13,abstract,half,1000,42.12597611254806,40.437892334546326,-1.688083778001733,-0.04007227686526897,True
pr,scibert,14,abstract,half,1000,35.85807946481962,34.8811499546931,-0.9769295101265172,-0.027244334462613463,True
pr,scibert,15,abstract,half,1000,35.08910487594449,35.22346206065547,0.13435718471097857,0.003829028559890332,True
pr,scibert,16,abstract,half,1000,27.194512219514223,27.136003346195587,-0.058508873318636745,-0.0021514955975806024,True
pr,scibert,17,abstract,half,1000,43.264799760626275,41.54552810182685,-1.7192716587994283,-0.039738347763349065,True
pr,scibert,18,abstract,half,1000,42.21350589530432,40.73856895530932,-1.474936939995004,-0.03493992997532742,True
pr,scibert,19,abstract,half,1000,31.16556110957009,30.79931710349157,-0.36624400607851726,-0.011751561436384785,True
pr,scibert,20,abstract,half,1000,38.35455358319952,37.232241800190764,-1.1223117830087546,-0.029261500347650033,True
pr,scibert,21,abstract,half,1000,23.958129599235566,24.141671195911933,0.18354159667636694,0.007660931790026848,True
pr,scibert,22,abstract,half,1000,44.0627207038923,41.94568102021593,-2.1170396836763743,-0.04804605003633751,True
pr,scibert,23,abstract,half,1000,37.172715970159054,35.94713940735896,-1.225576562800093,-0.032969787942961785,True
pr,scibert,24,abstract,half,1000,35.843103516310094,34.23171514145124,-1.6113883748588549,-0.044956720171444045,True
pr,scibert,25,abstract,half,1000,39.266030226697445,38.44132422299135,-0.8247060037060976,-0.02100304000543885,True
pr,scibert,26,abstract,half,1000,32.405321887270674,31.183838349332323,-1.2214835379383508,-0.037693917751768086,True
pr,scibert,27,abstract,half,1000,40.159411709076295,37.40379906137841,-2.7556126476978875,-0.06861685792760507,True
pr,scibert,28,abstract,half,1000,40.118755260476824,38.36528223929396,-1.753473021182863,-0.043707064434033056,True
pr,scibert,29,abstract,half,1000,35.776315366403686,34.65494216651959,-1.121373199884097,-0.031344010371094286,True
pr,scibert,30,abstract,half,1000,29.478578538983754,28.48090276985236,-0.9976757691313942,-0.033844093527509285,True
pr,scibert,31,abstract,half,1000,37.20673238598498,36.44732810265477,-0.7594042833302055,-0.02041039980216746,True
pr,scibert,32,abstract,half,1000,36.92645124923858,35.696812941531775,-1.2296383077068072,-0.03329966097763489,True
pr,scibert,33,abstract,half,1000,37.09747996158945,36.20951401852145,-0.8879659430679965,-0.023936017863946342,True
pr,scibert,34,abstract,half,1000,34.22214931529555,32.53924293880943,-1.6829063764861232,-0.04917594044082877,True
pr,scibert,35,abstract,half,1000,33.23559849921768,31.620196914399433,-1.6154015848182475,-0.048604558297822495,True
pr,scibert,36,abstract,half,1000,34.578089372410666,33.08482343400786,-1.493265938402807,-0.04318532242542763,True
pr,bert,11,abstract,half,1000,29.859579883176295,29.732244557559085,-0.12733532561721006,-0.004264471439832758,True
pr,bert,12,abstract,half,1000,38.72593046698273,37.98224610273115,-0.7436843642515782,-0.01920378297651582,True
pr,bert,13,abstract,half,1000,20.18991042458642,20.038546323482272,-0.15136410110414644,-0.0074970169713988255,True
pr,bert,14,abstract,half,1000,32.70559754954608,31.857212140275827,-0.8483854092702501,-0.025940067536910815,True
pr,bert,15,abstract,half,1000,17.47295747144375,17.68807738503572,0.2151199135919697,0.012311591437427957,True
pr,bert,16,abstract,half,1000,12.313855840515085,12.319457226839472,0.005601386324386226,0.0004548848384237639,True
pr,bert,17,abstract,half,1000,26.31153590233202,25.81572240836126,-0.49581349397076124,-0.018843958627546967,True
pr,bert,18,abstract,half,1000,27.019541883498622,26.20991049765422,-0.8096313858444013,-0.029964659998134885,True
pr,bert,19,abstract,half,1000,25.945689747622524,25.799980904439945,-0.14570884318257882,-0.005615917117637257,True
pr,bert,20,abstract,half,1000,34.1992781087552,33.4255767388633,-0.7737013698919029,-0.02262332460444044,True
pr,bert,21,abstract,half,1000,14.577172799731242,14.716347439980321,0.13917464024907922,0.009547437089559997,True
pr,bert,22,abstract,half,1000,29.540790739174103,29.04939850263298,-0.49139223654112385,-0.016634363002662876,True
pr,bert,23,abstract,half,1000,30.253773613996504,29.918518927094475,-0.3352546869020294,-0.011081417187141517,True
pr,bert,24,abstract,half,1000,16.862353900448525,16.68268057872626,-0.1796733217222659,-0.010655293014428238,True
pr,bert,25,abstract,half,1000,24.791504893242344,24.141035923899082,-0.6504689693432617,-0.02623757501387365,True
pr,bert,26,abstract,half,1000,11.001746635831637,10.84014684313144,-0.16159979270019775,-0.014688557921692423,True
pr,bert,27,abstract,half,1000,24.045458986344507,23.87534515170951,-0.1701138346349964,-0.0070746761262325914,True
pr,bert,28,abstract,half,1000,18.53917624631295,18.584537482433337,0.04536123612038523,0.0024467773280599033,True
pr,bert,29,abstract,half,1000,20.467167439005085,20.52127092085159,0.05410348184650715,0.002643427919752101,True
pr,bert,30,abstract,half,1000,17.0232807028026,16.861182362031503,-0.16209834077109875,-0.009522156369330851,True
pr,bert,31,abstract,half,1000,23.462187626593106,23.30533644931734,-0.15685117727576525,-0.006685275037950128,True
pr,bert,32,abstract,half,1000,29.546751591695724,28.65995288965871,-0.8867987020370123,-0.030013407710316686,True
pr,bert,33,abstract,half,1000,35.576497678184296,34.79999199731226,-0.7765056808720345,-0.021826366605732304,True
pr,bert,34,abstract,half,1000,24.602260151198706,24.739751100690096,0.13749094949139007,0.0055885495335147506,True
pr,bert,35,abstract,half,1000,24.26538948566832,23.930551127225318,-0.334838358443001,-0.013799010258655195,True
pr,bert,36,abstract,half,1000,31.11743025475397,30.266329315052943,-0.851100939701027,-0.02735126045862993,True
pr,mpnet,11,abstract,half,1000,57.42139839846373,57.12803827866262,-0.29336011980110754,-0.005108898911959556,True
pr,mpnet,12,abstract,half,1000,74.97642774051528,71.7552009131875,-3.221226827327783,-0.04296319422520469,True
pr,mpnet,13,abstract,half,1000,69.60737243049782,68.48558664831747,-1.1217857821803534,-0.016115904724035433,True
pr,mpnet,14,abstract,half,1000,69.39636377947392,69.5864469567404,0.19008317726648727,0.002739094196210755,True
pr,mpnet,15,abstract,half,1000,35.38010634113592,35.37823092003981,-0.0018754210961091644,-5.3007785732080754e-05,True
pr,mpnet,16,abstract,half,1000,55.06880658229251,55.17047080306813,0.10166422077561776,0.0018461308149777139,True
pr,mpnet,17,abstract,half,1000,85.01813433241067,85.34054236299177,0.32240803058110146,0.0037922266009805024,True
pr,mpnet,18,abstract,half,1000,67.49163138061502,68.20705456139459,0.7154231807795668,0.010600176142505439,True
pr,mpnet,19,abstract,half,1000,46.71958981311547,46.789810911580815,0.07022109846534619,0.001503033283173929,True
pr,mpnet,20,abstract,half,1000,67.2136016139623,66.65920209760694,-0.5543995163553603,-0.008248323301279467,True
pr,mpnet,21,abstract,half,1000,35.23010647217631,35.183961604660226,-0.04614486751608382,-0.0013098134560713764,True
pr,mpnet,22,abstract,half,1000,82.2169196641668,82.65904851536378,0.4421288511969834,0.005377589588651054,True
pr,mpnet,23,abstract,half,1000,58.05429022412437,57.637959045873814,-0.41633117825055876,-0.007171411047198592,True
pr,mpnet,24,abstract,half,1000,50.92238148612295,50.46044672111667,-0.4619347650062835,-0.009071350387101731,True
pr,mpnet,25,abstract,half,1000,56.905367101992404,56.910550900285266,0.005183798292861752,9.109506812548538e-05,True
pr,mpnet,26,abstract,half,1000,61.30678396143693,61.42980412880361,0.12302016736668264,0.0020066322096436266,True
pr,mpnet,27,abstract,half,1000,73.83385190944021,73.35438539679065,-0.47946651264956586,-0.0064938574955786975,True
pr,mpnet,28,abstract,half,1000,53.61521243478766,53.104415787549854,-0.5107966472378038,-0.009527084274059109,True
pr,mpnet,29,abstract,half,1000,42.88651768498405,42.96069137551846,0.07417369053440837,0.0017295340013203954,True
pr,mpnet,30,abstract,half,1000,46.30342593203412,46.526486099542495,0.22306016750837188,0.004817357744452599,True
pr,mpnet,31,abstract,half,1000,54.3226505473011,54.259133004276144,-0.06351754302495749,-0.001169264429938852,True
pr,mpnet,32,abstract,half,1000,69.74643403084845,69.54361127477272,-0.20282275607573297,-0.002908001805311303,True
pr,mpnet,33,abstract,half,1000,75.36391896257537,74.37779008292559,-0.9861288796497831,-0.013084893848732581,True
pr,mpnet,34,abstract,half,1000,41.18892397414095,41.08787287334646,-0.10105110079448565,-0.0024533561706522634,True
pr,mpnet,35,abstract,half,1000,38.87848382260425,38.87897948737415,0.0004956647699003724,1.2749076639974038e-05,True
pr,mpnet,36,abstract,half,1000,69.23818382942662,68.34448939952505,-0.8936944299015721,-0.012907537148912721,True
pr,minilm,11,abstract,half,1000,66.72772022494594,66.89121218274308,0.16349195779713455,0.0024501355245763906,True
pr,minilm,12,abstract,half,1000,85.35909128297153,83.90696618886287,-1.4521250941086663,-0.01701195587116511,True
pr,minilm,13,abstract,half,1000,74.44959701856612,73.90330664366316,-0.5462903749029664,-0.007337721045914236,True
pr,minilm,14,abstract,half,1000,77.260992358866,77.75453443684376,0.4935420779777502,0.006387985229147969,True
pr,minilm,15,abstract,half,1000,46.73425520962478,47.007012419045566,0.2727572094207886,0.005836344415832588,True
pr,minilm,16,abstract,half,1000,64.92514244348602,65.33511106530698,0.4099686218209513,0.006314481669066922,True
pr,minilm,17,abstract,half,1000,81.39999016401131,81.18564724807186,-0.21434291593945431,-0.002633205673705596,True
pr,minilm,18,abstract,half,1000,75.08626329025545,75.52027360086687,0.43401031061142703,0.005780155937893797,True
pr,minilm,19,abstract,half,1000,58.21728034247747,58.26964312992124,0.05236278744376932,0.0008994371969238746,True
pr,minilm,20,abstract,half,1000,74.30482332866957,74.23418371856829,-0.07063961010128139,-0.0009506732798330468,True
pr,minilm,21,abstract,half,1000,42.018397728620734,41.84930026489372,-0.16909746372701306,-0.0040243672502493525,True
pr,minilm,22,abstract,half,1000,89.33556087976622,88.3251903641905,-1.0103705155757154,-0.011309835698412861,True
pr,minilm,23,abstract,half,1000,68.64950656216487,68.80323258451014,0.15372602234526767,0.0022392880887798167,True
pr,minilm,24,abstract,half,1000,55.26074888585179,55.31933846337882,0.0585895775270302,0.0010602385727354969,True
pr,minilm,25,abstract,half,1000,67.89412870543595,67.81610222065305,-0.07802648478289598,-0.0011492375890324782,True
pr,minilm,26,abstract,half,1000,66.66027721042325,66.57463805075929,-0.08563915966395541,-0.001284710523984508,True
pr,minilm,27,abstract,half,1000,78.14514221218509,77.5412289372232,-0.6039132749618972,-0.007728097458983568,True
pr,minilm,28,abstract,half,1000,62.843895114790186,61.81699736840557,-1.0268977463846127,-0.01634045350799611,True
pr,minilm,29,abstract,half,1000,52.12318549802156,52.76651359920691,0.6433281011853467,0.012342455570175492,True
pr,minilm,30,abstract,half,1000,61.119994970584926,62.06950606792055,0.9495110973356233,0.015535195933713546,True
pr,minilm,31,abstract,half,1000,66.76344652510598,66.67588120577953,-0.08756531932644407,-0.0013115757781245712,True
pr,minilm,32,abstract,half,1000,74.7935953997789,73.82893392517435,-0.9646614746045401,-0.012897648113429132,True
pr,minilm,33,abstract,half,1000,81.65538040811518,81.68798070493405,0.032600296818870333,0.00039924248293172376,True
pr,minilm,34,abstract,half,1000,53.563270238275344,53.502359439910165,-0.06091079836517821,-0.001137174748558434,True
pr,minilm,35,abstract,half,1000,51.480864985056655,51.23175278969997,-0.2491121953566875,-0.0048389279284448165,True
pr,minilm,36,abstract,half,1000,80.39067432353423,80.04253716388787,-0.34813715964635605,-0.004330566481446213,True
pr,pubmedbert,11,abstract,half,1000,30.88185038688418,30.839282834745962,-0.04256755213821961,-0.001378400309726857,True
pr,pubmedbert,12,abstract,half,1000,25.33166873428872,24.379806005763,-0.9518627285257182,-0.03757599779588485,True
pr,pubmedbert,13,abstract,half,1000,35.20997829631776,34.93158824462498,-0.2783900516927744,-0.007906566977971933,True
pr,pubmedbert,14,abstract,half,1000,30.26453461169877,29.755351556275933,-0.509183055422838,-0.016824413854558764,True
pr,pubmedbert,15,abstract,half,1000,29.306065552883346,29.324099585853666,0.018034032970319913,0.0006153686149980509,True
pr,pubmedbert,16,abstract,half,1000,24.565987964490752,24.76887223989629,0.20288427540553755,0.008258746837245033,True
pr,pubmedbert,17,abstract,half,1000,33.15509067616741,32.15789883919659,-0.9971918369708206,-0.03007658301135709,True
pr,pubmedbert,18,abstract,half,1000,32.767975677584914,31.695225818120047,-1.0727498594648672,-0.032737751944764984,True
pr,pubmedbert,19,abstract,half,1000,29.157417068703484,29.049760200504718,-0.10765686819876663,-0.0036922635480740717,True
pr,pubmedbert,20,abstract,half,1000,28.737835358710573,27.93794873244308,-0.7998866262674937,-0.027833920553972564,True
pr,pubmedbert,21,abstract,half,1000,19.360015207969973,19.219571097403975,-0.1404441105659977,-0.007254338855487098,True
pr,pubmedbert,22,abstract,half,1000,35.03027225992267,33.93532839508562,-1.0949438648370489,-0.031257075500659155,True
pr,pubmedbert,23,abstract,half,1000,30.759015707002117,30.38513751225015,-0.37387819475196693,-0.012155076687543537,True
pr,pubmedbert,24,abstract,half,1000,32.593349516885674,32.01410924909647,-0.5792402677892028,-0.017771731852509208,True
pr,pubmedbert,25,abstract,half,1000,32.99966387016152,32.7494247539579,-0.25023911620361616,-0.007583080760706892,True
pr,pubmedbert,26,abstract,half,1000,19.96685085455684,18.542181633705784,-1.4246692208510545,-0.07135172347550822,True
pr,pubmedbert,27,abstract,half,1000,35.977364312638194,34.98576280750881,-0.9916015051293812,-0.027561816271823157,True
pr,pubmedbert,28,abstract,half,1000,31.07780974828558,31.2293562059726,0.1515464576870187,0.004876355795806324,True
pr,pubmedbert,29,abstract,half,1000,28.811121217481055,28.920670774912114,0.10954955743105899,0.0038023357926310116,True
pr,pubmedbert,30,abstract,half,1000,25.51127275394872,25.12682790459233,-0.38444484935639167,-0.015069606799483808,True
pr,pubmedbert,31,abstract,half,1000,29.327631741807433,28.81947388224448,-0.508157859562953,-0.017326931272072625,True
pr,pubmedbert,32,abstract,half,1000,25.020886025170824,24.60160466710991,-0.41928135806091404,-0.016757254624761096,True
pr,pubmedbert,33,abstract,half,1000,25.103501437501194,24.633506457088572,-0.469994980412622,-0.018722287868198094,True
pr,pubmedbert,34,abstract,half,1000,27.95947975432543,27.36213708884465,-0.5973426654807774,-0.02136458441750392,True
pr,pubmedbert,35,abstract,half,1000,29.19731633077658,29.00078198719917,-0.19653434357741162,-0.006731246849911574,True
pr,pubmedbert,36,abstract,half,1000,26.898092965803283,26.876542672798806,-0.021550293004477084,-0.0008011829326292726,True
pr,biobert,11,abstract,half,1000,41.083096054539276,40.38224599501062,-0.7008500595286549,-0.017059329184885466,True
pr,biobert,12,abstract,half,1000,27.235274359322442,25.914897309717816,-1.3203770496046268,-0.04848040200309827,True
pr,biobert,13,abstract,half,1000,50.42346405640648,48.57606751664831,-1.8473965397581722,-0.03663763635301954,True
pr,biobert,14,abstract,half,1000,39.09721066342421,37.05776495464885,-2.0394457087753537,-0.0521634580618119,True
pr,biobert,15,abstract,half,1000,34.02209455275038,33.88863403452931,-0.13346051822107086,-0.003922760193795351,True
pr,biobert,16,abstract,half,1000,25.603308983188448,26.029813763239208,0.42650478005075954,0.01665818978050101,True
pr,biobert,17,abstract,half,1000,36.225767160250754,34.123899788945636,-2.1018673713051186,-0.05802133497979921,True
pr,biobert,18,abstract,half,1000,38.72718752659784,35.82714209246187,-2.9000454341359685,-0.07488396703592837,True
pr,biobert,19,abstract,half,1000,30.497130435632606,29.380968450577505,-1.1161619850551006,-0.03659891829530905,True
pr,biobert,20,abstract,half,1000,35.27009399542761,34.1769609628187,-1.093133032608911,-0.030993198735184094,True
pr,biobert,21,abstract,half,1000,24.0869249093227,23.79245412083806,-0.2944707884846416,-0.012225337588471845,True
pr,biobert,22,abstract,half,1000,40.920666276862946,38.063790964473235,-2.856875312389711,-0.06981497547133107,True
pr,biobert,23,abstract,half,1000,38.615925384240605,36.80384368935124,-1.8120816948893648,-0.04692576124639205,True
pr,biobert,24,abstract,half,1000,39.18317244503059,37.59602975113148,-1.5871426938991107,-0.040505722096026965,True
pr,biobert,25,abstract,half,1000,38.86533598812852,37.74339182060528,-1.1219441675232389,-0.028867476351315695,True
pr,biobert,26,abstract,half,1000,18.78207682905759,17.031359200115443,-1.750717628942148,-0.09321214287834388,True
pr,biobert,27,abstract,half,1000,52.295696636170064,49.39322717070481,-2.902469465465252,-0.05550111485574462,True
pr,biobert,28,abstract,half,1000,41.7253180420446,40.50622550149315,-1.2190925405514506,-0.02921709402725294,True
pr,biobert,29,abstract,half,1000,38.256843770083805,37.28491287900778,-0.9719308910760276,-0.025405412347059873,True
pr,biobert,30,abstract,half,1000,31.988273799660437,31.162006078128314,-0.8262677215321226,-0.0258303316617508,True
pr,biobert,31,abstract,half,1000,29.612979578572112,28.043146414366163,-1.5698331642059493,-0.05301165862221704,True
pr,biobert,32,abstract,half,1000,37.782401703145815,36.23908098128756,-1.543320721858258,-0.04084760767682376,True
pr,biobert,33,abstract,half,1000,32.27874165318731,31.388560602062537,-0.8901810511247739,-0.0275779353696359,True
pr,biobert,34,abstract,half,1000,40.94096742017719,39.14697551134932,-1.79399190882787,-0.04381899163290719,True
pr,biobert,35,abstract,half,1000,37.735204570793236,36.16598012231119,-1.5692244484820463,-0.04158515811244904,True
pr,biobert,36,abstract,half,1000,37.74883068029711,36.99243117808378,-0.7563995022133341,-0.02003769358101295,True
pr,simcse,11,abstract,half,1000,40.67855005697935,40.832637858675234,0.1540878016958871,0.0037879374136996747,True
pr,simcse,12,abstract,half,1000,52.887717740629014,51.76342781065795,-1.124289929971063,-0.021258053438508825,True
pr,simcse,13,abstract,half,1000,34.33020579792451,34.30217693062125,-0.028028867303262928,-0.0008164491488413232,True
pr,simcse,14,abstract,half,1000,41.255497037152175,40.17277618337021,-1.0827208537819644,-0.026244280921083857,True
pr,simcse,15,abstract,half,1000,29.69440520395604,29.931222162474352,0.23681695851831108,0.007975137299155638,True
pr,simcse,16,abstract,half,1000,27.390866034276947,27.668485913438023,0.277619879161076,0.01013549110910412,True
pr,simcse,17,abstract,half,1000,38.32377624534371,37.94206037584616,-0.38171586949754754,-0.009960288543953848,True
pr,simcse,18,abstract,half,1000,40.094646032390976,39.55763754519194,-0.5370084871990386,-0.013393521089205012,True
pr,simcse,19,abstract,half,1000,35.40450036636197,35.49833204382616,0.09383167746418763,0.0026502754308979793,True
pr,simcse,20,abstract,half,1000,43.718916075685016,41.96617931078995,-1.7527367648950687,-0.040091038896316135,True
pr,simcse,21,abstract,half,1000,25.95675440729225,26.15962142949244,0.20286702220018782,0.007815577364448718,True
pr,simcse,22,abstract,half,1000,38.21897857539839,38.37044725986919,0.15146868447079953,0.003963179815807535,True
pr,simcse,23,abstract,half,1000,41.75345451670022,41.78334149503889,0.029886978338673487,0.000715796541498609,True
pr,simcse,24,abstract,half,1000,28.297456807618467,28.40129443142281,0.10383762380434192,0.003669503747643708,True
pr,simcse,25,abstract,half,1000,36.55551412365412,36.60236794108524,0.046853817431120603,0.0012817168231482408,True
pr,simcse,26,abstract,half,1000,31.554999801823342,30.6040047903436,-0.9509950114797441,-0.030137696639275298,True
pr,simcse,27,abstract,half,1000,38.67848407641292,38.34883814285308,-0.3296459335598385,-0.00852272113117444,True
pr,simcse,28,abstract,half,1000,34.451592667264464,34.07584256260701,-0.37575010465745606,-0.010906610567658598,True
pr,simcse,29,abstract,half,1000,32.95721253431309,33.09395430705454,0.13674177274144483,0.004149069724846342,True
pr,simcse,30,abstract,half,1000,28.930804472036,29.251271248462192,0.3204667764261906,0.011077008824139268,True
pr,simcse,31,abstract,half,1000,37.0047776940298,36.56597053793997,-0.4388071560898297,-0.01185812166520933,True
pr,simcse,32,abstract,half,1000,40.644016672604536,39.091969151163696,-1.5520475214408407,-0.03818637153760873,True
pr,simcse,33,abstract,half,1000,48.35302406345982,47.44912203181867,-0.9039020316411523,-0.018693805592279955,True
pr,simcse,34,abstract,half,1000,34.02354499541583,33.8106642326333,-0.21288076278253243,-0.006256866026488861,True
pr,simcse,35,abstract,half,1000,30.272425840938375,29.77508043035318,-0.49734541058519355,-0.016428990963539412,True
pr,simcse,36,abstract,half,1000,40.31385849861135,39.41212912384147,-0.9017293747698858,-0.02236772684016209,True
gap_25,specter,11,abstract,half,1000,0.0896766748364008,0.09103183205279784,0.0013551572163970488,0.01511159082190874,True
gap_25,specter,12,abstract,half,1000,0.116160909116567,0.1176947849394958,0.0015338758229287985,0.013204750501647334,True
gap_25,specter,13,abstract,half,1000,0.09904133006497616,0.10169244484296261,0.002651114777986449,0.026767762269016206,True
gap_25,specter,14,abstract,half,1000,0.12331670358881393,0.12078836616423166,-0.0025283374245822637,-0.02050279768272698,True
gap_25,specter,15,abstract,half,1000,0.035923583640845545,0.04067677667396279,0.004753193033117248,0.13231399964542542,True
gap_25,specter,16,abstract,half,1000,0.07243133880499159,0.07731695333676644,0.004885614531774857,0.06745166681135771,True
gap_25,specter,17,abstract,half,1000,0.09143871659918425,0.0899040475283182,-0.0015346690708660515,-0.016783580609438943,True
gap_25,specter,18,abstract,half,1000,0.11720519822636472,0.12305157573302773,0.005846377506663017,0.049881554701793965,True
gap_25,specter,19,abstract,half,1000,0.07235162889298037,0.07312511324957602,0.0007734843565956467,0.010690628095460765,True
gap_25,specter,20,abstract,half,1000,0.10940532574773774,0.10970564328655466,0.00030031753881691603,0.0027449992654779505,True
gap_25,specter,21,abstract,half,1000,0.07133799815237236,0.07900197100533979,0.007663972852967424,0.107431846301571,True
gap_25,specter,22,abstract,half,1000,0.11401248220654311,0.11921928218630945,0.005206799979766336,0.04566868363004135,True
gap_25,specter,23,abstract,half,1000,0.09013751516873278,0.09538160821424459,0.005244093045511808,0.05817880641257013,True
gap_25,specter,24,abstract,half,1000,0.0889634662645408,0.08965898377402493,0.0006955175094841282,0.00781801270440548,True
gap_25,specter,25,abstract,half,1000,0.11842168619284327,0.12454904835253607,0.006127362159692798,0.05174189252562003,True
gap_25,specter,26,abstract,half,1000,0.07429971110807909,0.04910147380776959,-0.025198237300309505,-0.33914313965037124,True
gap_25,specter,27,abstract,half,1000,0.15425115641828802,0.14629334729149443,-0.007957809126793586,-0.051589947923723366,True
gap_25,specter,28,abstract,half,1000,0.10955798447487834,0.11835966241239439,0.008801677937516045,0.08033807832175181,True
gap_25,specter,29,abstract,half,1000,0.026967808828765788,0.07137764809069123,0.044409839261925446,1.6467722514613328,True
gap_25,specter,30,abstract,half,1000,0.03863845313240638,0.04315603840582109,0.004517585273414712,0.11691941336092922,True
gap_25,specter,31,abstract,half,1000,0.07105337580765593,0.06943301175153768,-0.001620364056118248,-0.022804884886886055,True
gap_25,specter,32,abstract,half,1000,0.11693243946083365,0.11875723159354239,0.0018247921327087385,0.015605525217148574,True
gap_25,specter,33,abstract,half,1000,0.10456076364848661,0.10788930883693987,0.003328545188453255,0.03183359677482072,True
gap_25,specter,34,abstract,half,1000,0.06873352386434808,0.09679501170555894,0.02806148784121086,0.4082649377411928,True
gap_25,specter,35,abstract,half,1000,0.08095887864730064,0.08133698821537819,0.0003781095680775448,0.0046703903808350475,True
gap_25,specter,36,abstract,half,1000,0.13993157906444023,0.14292169322273596,0.002990114158295726,0.021368401459392814,True
gap_25,specter2,11,abstract,half,1000,0.17167167772021652,0.17620288806262988,0.004531210342413355,0.026394629577734637,True
gap_25,specter2,12,abstract,half,1000,0.15329054483109292,0.15086166101582899,-0.0024288838152639325,-0.015844968246021045,True
gap_25,specter2,13,abstract,half,1000,0.1707092095738358,0.15930350722343628,-0.011405702350399533,-0.0668136322514357,True
gap_25,specter2,14,abstract,half,1000,0.1895681957892866,0.16862443245213674,-0.020943763337149868,-0.11048141936440532,True
gap_25,specter2,15,abstract,half,1000,0.05252745626004013,0.05065810303516587,-0.0018693532248742553,-0.035588116348522894,True
gap_25,specter2,16,abstract,half,1000,0.12392326635198679,0.12434543192312986,0.0004221655711430655,0.0034066691717434478,True
gap_25,specter2,17,abstract,half,1000,0.13016528577997807,0.12747137819358506,-0.002693907586393013,-0.02069605248627194,True
gap_25,specter2,18,abstract,half,1000,0.12542104720452993,0.12807628205330027,0.002655234848770338,0.021170568321282817,True
gap_25,specter2,19,abstract,half,1000,0.13378629481570697,0.1356397311514012,0.0018534363356942363,0.013853708545014855,True
gap_25,specter2,20,abstract,half,1000,0.1575078486733721,0.15000415188348462,-0.007503696789887465,-0.04764014525681235,True
gap_25,specter2,21,abstract,half,1000,0.03189239765713252,0.034641587312489446,0.0027491896553569276,0.08620203739188263,True
gap_25,specter2,22,abstract,half,1000,0.15476897959738536,0.15493476630905467,0.00016578671166930792,0.0010711882452193197,True
gap_25,specter2,23,abstract,half,1000,0.14191810479708994,0.13979942709982474,-0.0021186776972652033,-0.014928875355927436,True
gap_25,specter2,24,abstract,half,1000,0.11751506283775713,0.11569107590045039,-0.0018239869373067458,-0.015521303339853262,True
gap_25,specter2,25,abstract,half,1000,0.1862652009208722,0.18252419812932338,-0.0037410027915488198,-0.020084281836079756,True
gap_25,specter2,26,abstract,half,1000,0.058174932576381705,0.0553328673510118,-0.002842065225369908,-0.04885377772700249,True
gap_25,specter2,27,abstract,half,1000,0.2534129804362372,0.23527051489571163,-0.018142465540525593,-0.07159248713027362,True
gap_25,specter2,28,abstract,half,1000,0.11204677785956707,0.11421539340965978,0.0021686155500927062,0.019354555227020658,True
gap_25,specter2,29,abstract,half,1000,0.039308116902899704,0.04131402817029267,0.002005911267392968,0.05103045949385061,True
gap_25,specter2,30,abstract,half,1000,0.0774948527731015,0.07503148933772451,-0.0024633634353769945,-0.031787445839654906,True
gap_25,specter2,31,abstract,half,1000,0.06115842621360891,0.059551091133181425,-0.0016073350804274855,-0.026281498395879635,True
gap_25,specter2,32,abstract,half,1000,0.15890737236394195,0.1603520662502985,0.0014446938863565406,0.009091421403959729,True
gap_25,specter2,33,abstract,half,1000,0.22586686055703398,0.20849715939160263,-0.01736970116543135,-0.07690238896752763,True
gap_25,specter2,34,abstract,half,1000,0.08150731869656848,0.07769891429000618,-0.003808404406562299,-0.046724692548653746,True
gap_25,specter2,35,abstract,half,1000,0.1254044079377963,0.12398100780621121,-0.0014234001315850953,-0.011350479261391967,True
gap_25,specter2,36,abstract,half,1000,0.21766228683722413,0.22217140943743335,0.00450912260020922,0.02071614088839059,True
gap_25,scincl,11,abstract,half,1000,0.10540759693939732,0.10795636224013332,0.002548765300736,0.02418009113898478,True
gap_25,scincl,12,abstract,half,1000,0.10658623365834022,0.10847839404990534,0.0018921603915651175,0.01775239002843834,True
gap_25,scincl,13,abstract,half,1000,0.10743762426972495,0.10508176349338647,-0.002355860776338481,-0.021927707284591768,True
gap_25,scincl,14,abstract,half,1000,0.15001741571387242,0.14660397753739768,-0.0034134381764747423,-0.022753612707108475,True
gap_25,scincl,15,abstract,half,1000,0.03346308107922222,0.03355581484654747,9.273376732524957e-05,0.0027712262091379716,True
gap_25,scincl,16,abstract,half,1000,0.1325594575586925,0.13687841925994823,0.00431896170125573,0.03258131694861116,True
gap_25,scincl,17,abstract,half,1000,0.10193035986656622,0.10094077545035525,-0.0009895844162109702,-0.009708436402131843,True
gap_25,scincl,18,abstract,half,1000,0.08844970627272022,0.08990616415459064,0.0014564578818704182,0.016466508971546702,True
gap_25,scincl,19,abstract,half,1000,0.08238532275969607,0.08317152411035465,0.0007862013506585858,0.009542978340350757,True
gap_25,scincl,20,abstract,half,1000,0.09843517345346181,0.10041120989683516,0.0019760364433733524,0.02007449546789881,True
gap_25,scincl,21,abstract,half,1000,0.024863218723501286,0.026237296731081217,0.0013740780075799305,0.05526549168314722,True
gap_25,scincl,22,abstract,half,1000,0.1255717957222092,0.12310166831825553,-0.0024701274039536647,-0.01967103671447128,True
gap_25,scincl,23,abstract,half,1000,0.09198442619214685,0.09279823047791806,0.0008138042857712136,0.00884719641639393,True
gap_25,scincl,24,abstract,half,1000,0.08641051429440157,0.08464657463775396,-0.0017639396566476034,-0.02041348406558306,True
gap_25,scincl,25,abstract,half,1000,0.12124806200626961,0.11852651842394299,-0.0027215435823266243,-0.022446079032470607,True
gap_25,scincl,26,abstract,half,1000,0.044432601547065784,0.04607265601024573,0.0016400544631799477,0.03691106093445147,True
gap_25,scincl,27,abstract,half,1000,0.159886422713713,0.161544213777322,0.0016577910636089987,0.010368554349216888,True
gap_25,scincl,28,abstract,half,1000,0.08983673924752834,0.08967241241816584,-0.00016432682936250165,-0.0018291717925082941,True
gap_25,scincl,29,abstract,half,1000,0.07005540854441236,0.07344269783986145,0.0033872892954490835,0.04835157435848334,True
gap_25,scincl,30,abstract,half,1000,0.044314567573743635,0.04782685633466556,0.003512288760921925,0.07925810750781093,True
gap_25,scincl,31,abstract,half,1000,0.07729807539656919,0.0801830926553784,0.0028850172588092138,0.03732327414373454,True
gap_25,scincl,32,abstract,half,1000,0.11527031844276074,0.11238194607062402,-0.0028883723721367244,-0.025057381736747698,True
gap_25,scincl,33,abstract,half,1000,0.12321522795579994,0.12182828251721509,-0.0013869454385848495,-0.01125628269812866,True
gap_25,scincl,34,abstract,half,1000,0.06601987146297186,0.06475265371066197,-0.001267217752309896,-0.019194489844177175,True
gap_25,scincl,35,abstract,half,1000,0.06831314733233056,0.07090081508609349,0.002587667753762929,0.03787949838080822,True
gap_25,scincl,36,abstract,half,1000,0.14376372706242171,0.13700176008135453,-0.00676196698106718,-0.047035278781630066,True
gap_25,scibert,11,abstract,half,1000,0.13472095908309253,0.14117858119372426,0.006457622110631722,0.047933314567994,True
gap_25,scibert,12,abstract,half,1000,0.12365121839497452,0.12228083477460334,-0.001370383620371174,-0.011082653597426013,True
gap_25,scibert,13,abstract,half,1000,0.14554833556947228,0.14461822861857,-0.0009301069509022875,-0.006390364735282969,True
gap_25,scibert,14,abstract,half,1000,0.06886428187984793,0.06706611287023949,-0.0017981690096084413,-0.026111780454573328,True
gap_25,scibert,15,abstract,half,1000,0.10114957172711433,0.10743519585439053,0.006285624127276193,0.06214187583743627,True
gap_25,scibert,16,abstract,half,1000,0.07549852811610361,0.08072482688771843,0.005226298771614818,0.06922384981569017,True
gap_25,scibert,17,abstract,half,1000,0.11188453895773985,0.18067370614499184,0.06878916718725199,0.6148228149130998,True
gap_25,scibert,18,abstract,half,1000,0.14089851112537416,0.14188974669872714,0.0009912355733529832,0.007035103248684885,True
gap_25,scibert,19,abstract,half,1000,0.10265403108946612,0.11050469424112024,0.007850663151654114,0.07647691053468735,True
gap_25,scibert,20,abstract,half,1000,0.0750755641815292,0.07611989466542457,0.0010443304838953643,0.013910391420705437,True
gap_25,scibert,21,abstract,half,1000,0.08865156211633232,0.08470988462814873,-0.003941677488183595,-0.044462583558439274,True
gap_25,scibert,22,abstract,half,1000,0.13025816171808716,0.12366873799160107,-0.0065894237264860905,-0.05058741532639876,True
gap_25,scibert,23,abstract,half,1000,0.10248708152194673,0.1039807230572464,0.0014936415352996696,0.014573949351653837,True
gap_25,scibert,24,abstract,half,1000,0.11500465485038325,0.11800338213664817,0.002998727286264921,0.026074834015772257,True
gap_25,scibert,25,abstract,half,1000,0.16620689972196026,0.17170361660502578,0.005496716883065522,0.03307153248307214,True
gap_25,scibert,26,abstract,half,1000,0.054530130545024764,0.05443925909623975,-9.087144878501541e-05,-0.0016664447320547697,True
gap_25,scibert,27,abstract,half,1000,0.15971237893887938,0.1491317967238496,-0.010580582215029777,-0.06624772785507678,True
gap_25,scibert,28,abstract,half,1000,0.11022987264730709,0.11049717330876085,0.00026730066145376485,0.0024249384947492725,True
gap_25,scibert,29,abstract,half,1000,0.08151294877730451,0.08438876707792616,0.002875818300621641,0.03528050872602402,True
gap_25,scibert,30,abstract,half,1000,0.04582238659825947,0.04803898575108656,0.002216599152827091,0.04837371680922632,True
gap_25,scibert,31,abstract,half,1000,0.07598554408475078,0.0774317597049249,0.001446215620174121,0.019032773109594094,True
gap_25,scibert,32,abstract,half,1000,0.13572562949488284,0.1331832374055098,-0.002542392089373041,-0.01873184967964282,True
gap_25,scibert,33,abstract,half,1000,0.09567226038398134,0.10009467979283516,0.004422419408853823,0.04622467778125455,True
gap_25,scibert,34,abstract,half,1000,0.12609250600112273,0.1227532840278502,-0.0033392219732725353,-0.026482319046326218,True
gap_25,scibert,35,abstract,half,1000,0.1284414684585796,0.122314733324556,-0.006126735134023592,-0.04770060018427281,True
gap_25,scibert,36,abstract,half,1000,0.12573288421735654,0.12501577388002824,-0.0007171103373282972,-0.005703442991800113,True
gap_25,bert,11,abstract,half,1000,0.1163833825408935,0.11710853444698481,0.0007251519060913064,0.006230716879503915,True
gap_25,bert,12,abstract,half,1000,0.11427671733551949,0.11393929960074042,-0.00033741773477906356,-0.0029526376207359554,True
gap_25,bert,13,abstract,half,1000,0.1061708152533334,0.10533721743386273,-0.0008335978194706634,-0.007851477993096519,True
gap_25,bert,14,abstract,half,1000,0.14157162632250775,0.14652232961922307,0.00495070329671532,0.03496960107979089,True
gap_25,bert,15,abstract,half,1000,0.06162018388811483,0.06456588176404066,0.002945697875925829,0.047804107194395914,True
gap_25,bert,16,abstract,half,1000,0.055353810545134455,0.056894640893726096,0.0015408303485916416,0.02783603031873077,True
gap_25,bert,17,abstract,half,1000,0.10687417100581756,0.10854512135569774,0.0016709503498801848,0.015634744430337886,True
gap_25,bert,18,abstract,half,1000,0.0885714085512429,0.08595090904572293,-0.0026204995055199715,-0.02958629142725989,True
gap_25,bert,19,abstract,half,1000,0.08340267737908025,0.08576047860216976,0.002357801223089512,0.02827009032783059,True
gap_25,bert,20,abstract,half,1000,0.11798574845189948,0.12044787376996531,0.002462125318065833,0.020867989145905992,True
gap_25,bert,21,abstract,half,1000,0.024931683286315048,0.024914825778612922,-1.6857507702125463e-05,-0.000676147996448299,True
gap_25,bert,22,abstract,half,1000,0.11362123267235497,0.11726094505818074,0.0036397123858257774,0.03203373436654636,True
gap_25,bert,23,abstract,half,1000,0.10051838320790153,0.10198156399672698,0.0014631807888254439,0.014556350213066564,True
gap_25,bert,24,abstract,half,1000,0.07326137054224,0.07346758793345029,0.00020621739121029492,0.0028148175455084755,True
gap_25,bert,25,abstract,half,1000,0.1292324924648751,0.12704219371203532,-0.00219029875283977,-0.01694851434854965,True
gap_25,bert,26,abstract,half,1000,0.03350837966313922,0.03336892760666112,-0.00013945205647810516,-0.004161706948531113,True
gap_25,bert,27,abstract,half,1000,0.09746075533744594,0.09997513689718601,0.00251438155974007,0.025798913121844083,True
gap_25,bert,28,abstract,half,1000,0.06338091355208013,0.0631950478363531,-0.0001858657157270266,-0.002932518723863149,True
gap_25,bert,29,abstract,half,1000,0.05749523795206554,0.060031537990556945,0.002536300038491403,0.04411321926532326,True
gap_25,bert,30,abstract,half,1000,0.030622396558729035,0.03431526274308824,0.003692866184359208,0.12059363731629756,True
gap_25,bert,31,abstract,half,1000,0.08806851789030154,0.09031455578154318,0.0022460378912416423,0.025503300669137127,True
gap_25,bert,32,abstract,half,1000,0.11879333350266454,0.11677340022619888,-0.0020199332764656575,-0.01700375952847851,True
gap_25,bert,33,abstract,half,1000,0.12867621605920387,0.13335730649046124,0.004681090431257362,0.03637883188221508,True
gap_25,bert,34,abstract,half,1000,0.10994197529554832,0.11367480132452189,0.003732826028973568,0.033952692035402375,True
gap_25,bert,35,abstract,half,1000,0.10506947108519142,0.1060689743690639,0.0009995032838724799,0.009512784955984715,True
gap_25,bert,36,abstract,half,1000,0.11683153553659482,0.11557355467504421,-0.0012579808615506144,-0.010767476912571952,True
gap_25,mpnet,11,abstract,half,1000,0.12927872069385318,0.1292397436720723,-3.897702178087825e-05,-0.00030149603563281154,True
gap_25,mpnet,12,abstract,half,1000,0.12987875320554843,0.13077738834222377,0.0008986351366753464,0.006919031130928325,True
gap_25,mpnet,13,abstract,half,1000,0.11733044593886024,0.11973916413967639,0.0024087182008161456,0.020529353498505456,True
gap_25,mpnet,14,abstract,half,1000,0.1498557181122763,0.14775442532268687,-0.0021012927895894262,-0.014022106170250214,True
gap_25,mpnet,15,abstract,half,1000,0.0390358856033464,0.04059346467030402,0.0015575790669576234,0.039901209947805,True
gap_25,mpnet,16,abstract,half,1000,0.10127779038497058,0.10273701221205973,0.0014592218270891577,0.014408112790992559,True
gap_25,mpnet,17,abstract,half,1000,0.10840950035559357,0.1068791178722051,-0.0015303824833884788,-0.014116682379022846,True
gap_25,mpnet,18,abstract,half,1000,0.09570855931718446,0.09892761114043984,0.003219051823255381,0.03363389697035593,True
gap_25,mpnet,19,abstract,half,1000,0.09525906065669322,0.09362073113559825,-0.0016383295210949667,-0.01719867390881995,True
gap_25,mpnet,20,abstract,half,1000,0.11692137680215971,0.11717745519107035,0.0002560783889106466,0.0021901759619539175,True
gap_25,mpnet,21,abstract,half,1000,0.020138448542542882,0.021630830966076545,0.0014923824235336634,0.07410612691344992,True
gap_25,mpnet,22,abstract,half,1000,0.11560670609540355,0.1165437674343983,0.0009370613389947519,0.00810559673088038,True
gap_25,mpnet,23,abstract,half,1000,0.09902127816173628,0.09733438382519913,-0.0016868943365371536,-0.017035675239233602,True
gap_25,mpnet,24,abstract,half,1000,0.09120166417313887,0.09178191208408161,0.0005802479109427439,0.006362251349286685,True
gap_25,mpnet,25,abstract,half,1000,0.13174792512501454,0.13249067916089385,0.0007427540358793117,0.005637690575957977,True
gap_25,mpnet,26,abstract,half,1000,0.0421161845315069,0.04549059100640025,0.0033744064748933503,0.08012137168714735,True
gap_25,mpnet,27,abstract,half,1000,0.17481564080171327,0.17495134768292853,0.00013570688121525287,0.0007762856949921319,True
gap_25,mpnet,28,abstract,half,1000,0.07748524900044544,0.07690525813156071,-0.0005799908688847305,-0.007485177841803106,True
gap_25,mpnet,29,abstract,half,1000,0.025280240426737183,0.02842147730634106,0.003141236879603878,0.12425660621018486,True
gap_25,mpnet,30,abstract,half,1000,0.05244829495188806,0.05443561700763827,0.0019873220557502097,0.037891070769282824,True
gap_25,mpnet,31,abstract,half,1000,0.08659619920126066,0.08784059504610935,0.0012443958448486864,0.01437009772168581,True
gap_25,mpnet,32,abstract,half,1000,0.118082269692532,0.12081145438330304,0.002729184690771047,0.023112569718361807,True
gap_25,mpnet,33,abstract,half,1000,0.15458199208663,0.15466852431098257,8.653222435256458e-05,0.0005597820495421656,True
gap_25,mpnet,34,abstract,half,1000,0.051805169395052184,0.08221397284092605,0.030408803445873864,0.5869839593416744,True
gap_25,mpnet,35,abstract,half,1000,0.07242253328086651,0.07408005629372252,0.0016575230128560159,0.02288684112205615,True
gap_25,mpnet,36,abstract,half,1000,0.13268765653678768,0.13902987100745343,0.006342214470665741,0.04779807433638231,True
gap_25,minilm,11,abstract,half,1000,0.13890635451153205,0.1408072372444143,0.0019008827328822475,0.01368463479994672,True
gap_25,minilm,12,abstract,half,1000,0.1550219148774618,0.15207489421406958,-0.0029470206633922247,-0.019010348735027036,True
gap_25,minilm,13,abstract,half,1000,0.14214891042385988,0.14607566050179088,0.003926750077931002,0.02762420103131435,True
gap_25,minilm,14,abstract,half,1000,0.18283549366084126,0.1778123802313092,-0.005023113429532072,-0.027473404255138324,True
gap_25,minilm,15,abstract,half,1000,0.04777954505620326,0.050098498827103884,0.0023189537709006267,0.048534446449266785,True
gap_25,minilm,16,abstract,half,1000,0.11987293704211605,0.11996777769221677,9.484065010072207e-05,0.0007911764943858917,True
gap_25,minilm,17,abstract,half,1000,0.11449109468117255,0.1120427279214383,-0.002448366759734255,-0.02138477902191703,True
gap_25,minilm,18,abstract,half,1000,0.11779319488274101,0.12147326965025301,0.003680074767512004,0.031241828283674528,True
gap_25,minilm,19,abstract,half,1000,0.10803829995317822,0.1034035161807092,-0.004634783772469023,-0.04289945116201987,True
gap_25,minilm,20,abstract,half,1000,0.15012098501705837,0.14955546462485253,-0.0005655203922058372,-0.0037670975323108665,True
gap_25,minilm,21,abstract,half,1000,0.08292838170828296,0.08377217112590653,0.0008437894176235722,0.010174917202553993,True
gap_25,minilm,22,abstract,half,1000,0.13193797663832715,0.1318152399567837,-0.00012273668154344497,-0.0009302604501802761,True
gap_25,minilm,23,abstract,half,1000,0.11887369700558202,0.12277377097209582,0.0039000739665138034,0.03280855281493151,True
gap_25,minilm,24,abstract,half,1000,0.10323200653775126,0.1046669292239963,0.0014349226862450382,0.013899978643932456,True
gap_25,minilm,25,abstract,half,1000,0.16022016874203254,0.16262701811212027,0.002406849370087727,0.015022137281374042,True
gap_25,minilm,26,abstract,half,1000,0.05127968502230153,0.05357008067667563,0.002290395654374104,0.04466477618530635,True
gap_25,minilm,27,abstract,half,1000,0.19895992515823804,0.20051714296719259,0.0015572178089545419,0.007826791288326258,True
gap_25,minilm,28,abstract,half,1000,0.09431995649271127,0.09409282574918365,-0.00022713074352762042,-0.0024080878742259843,True
gap_25,minilm,29,abstract,half,1000,0.036258257699267216,0.09207160240524748,0.05581334470598026,1.539327817925136,True
gap_25,minilm,30,abstract,half,1000,0.07190297797227299,0.05703416192962306,-0.014868816042649932,-0.20678998926002204,True
gap_25,minilm,31,abstract,half,1000,0.1271173687737516,0.12654653466370674,-0.0005708341100448544,-0.004490606716859023,True
gap_25,minilm,32,abstract,half,1000,0.14202263593428432,0.14200040447720735,-2.223145707697105e-05,-0.00015653460401381247,True
gap_25,minilm,33,abstract,half,1000,0.1678942263880476,0.1635485907871132,-0.0043456356009344,-0.025883174748907067,True
gap_25,minilm,34,abstract,half,1000,0.07783083739306763,0.0733794352901267,-0.004451402102940941,-0.057193295768618126,True
gap_25,minilm,35,abstract,half,1000,0.09503466276498486,0.09681108249621381,0.0017764197312289537,0.018692334770755544,True
gap_25,minilm,36,abstract,half,1000,0.1532205646560548,0.1486829229730227,-0.004537641683032084,-0.029615095683911977,True
gap_25,pubmedbert,11,abstract,half,1000,0.13716781699874586,0.13966962294279178,0.0025018059440459206,0.01823901552700802,True
gap_25,pubmedbert,12,abstract,half,1000,0.1128205900219346,0.10692535927535929,-0.005895230746575317,-0.052253145861310996,True
gap_25,pubmedbert,13,abstract,half,1000,0.14085618466126446,0.14257362024307055,0.0017174355818060927,0.012192830481219108,True
gap_25,pubmedbert,14,abstract,half,1000,0.12333464846780583,0.12069676925829605,-0.0026378792095097803,-0.021387981741386716,True
gap_25,pubmedbert,15,abstract,half,1000,0.10078494437579466,0.10860687367727881,0.007821929301484148,0.07761009692398786,True
gap_25,pubmedbert,16,abstract,half,1000,0.08048570747654392,0.08124274304951508,0.0007570355729711598,0.009405838585587184,True
gap_25,pubmedbert,17,abstract,half,1000,0.12933725129193402,0.1330628367831165,0.003725585491182487,0.028805200775245093,True
gap_25,pubmedbert,18,abstract,half,1000,0.11623768857116597,0.11312441507614711,-0.003113273495018859,-0.026783683788694508,True
gap_25,pubmedbert,19,abstract,half,1000,0.10920483533860978,0.1142496447147859,0.005044809376176115,0.046195842524131385,True
gap_25,pubmedbert,20,abstract,half,1000,0.11630352387423039,0.1148150711513724,-0.001488452722857983,-0.012798001928708391,True
gap_25,pubmedbert,21,abstract,half,1000,0.030872837881841763,0.032867600951704656,0.0019947630698628933,0.06461223543806893,True
gap_25,pubmedbert,22,abstract,half,1000,0.14264012034678641,0.14489591257782175,0.002255792231035336,0.015814570441689605,True
gap_25,pubmedbert,23,abstract,half,1000,0.11564354552614994,0.11728571586181338,0.0016421703356634398,0.014200276618915177,True
gap_25,pubmedbert,24,abstract,half,1000,0.12793047690674672,0.12930367617873148,0.0013731992719847597,0.010733949448071984,True
gap_25,pubmedbert,25,abstract,half,1000,0.17087964657363053,0.17383697445598267,0.0029573278823521454,0.017306495780220723,True
gap_25,pubmedbert,26,abstract,half,1000,0.050292991329241414,0.05022456067085999,-6.843065838142703e-05,-0.0013606400528743256,True
gap_25,pubmedbert,27,abstract,half,1000,0.16612466318055383,0.16089702409776518,-0.005227639082788643,-0.0314681696426192,True
gap_25,pubmedbert,28,abstract,half,1000,0.09588378105248073,0.09918657882196155,0.0033027977694808225,0.03444584405440874,True
gap_25,pubmedbert,29,abstract,half,1000,0.0909494956164602,0.09594491333016342,0.0049954177137032235,0.05492518325521251,True
gap_25,pubmedbert,30,abstract,half,1000,0.05123593301851105,0.050697267662749096,-0.0005386653557619553,-0.010513429228805897,True
gap_25,pubmedbert,31,abstract,half,1000,0.11546359780995959,0.11465841745062749,-0.0008051803593320944,-0.006973456349916733,True
gap_25,pubmedbert,32,abstract,half,1000,0.12064353154156525,0.11998935091108397,-0.0006541806304812825,-0.005422426068950891,True
gap_25,pubmedbert,33,abstract,half,1000,0.1279200678275143,0.12198196738612399,-0.005938100441390315,-0.04642039784873449,True
gap_25,pubmedbert,34,abstract,half,1000,0.1305474736678876,0.12753379909548473,-0.003013674572402869,-0.023084893853018162,True
gap_25,pubmedbert,35,abstract,half,1000,0.14395833183303652,0.1468114345255337,0.002853102692497167,0.01981894799813468,True
gap_25,pubmedbert,36,abstract,half,1000,0.12023062546159118,0.11737490878760665,-0.002855716673984529,-0.02375199050176126,True
gap_25,biobert,11,abstract,half,1000,0.14103312186617337,0.14727036589260523,0.00623724402643186,0.04422538439126657,True
gap_25,biobert,12,abstract,half,1000,0.10162686939645933,0.09484792683460658,-0.006778942561852755,-0.06670423483584088,True
gap_25,biobert,13,abstract,half,1000,0.1648774528356348,0.16520753659793083,0.00033008376229604064,0.002001994551826919,True
gap_25,biobert,14,abstract,half,1000,0.10875902230510755,0.09986921592891597,-0.008889806376191578,-0.08173856465215847,True
gap_25,biobert,15,abstract,half,1000,0.09547479231717575,0.10307650493326963,0.007601712616093881,0.07962010109265612,True
gap_25,biobert,16,abstract,half,1000,0.07461463363226419,0.07652965818826575,0.0019150245560015655,0.02566553587114965,True
gap_25,biobert,17,abstract,half,1000,0.13209837253689619,0.12552851995180964,-0.00656985258508655,-0.04973454599716234,True
gap_25,biobert,18,abstract,half,1000,0.11181365687529626,0.104735671378206,-0.007077985497090267,-0.06330161891569484,True
gap_25,biobert,19,abstract,half,1000,0.10630492363755675,0.10627551135482996,-2.941228272679286e-05,-0.00027667846154589323,True
gap_25,biobert,20,abstract,half,1000,0.10163729466950312,0.09145436094829741,-0.010182933721205711,-0.10018894889241046,True
gap_25,biobert,21,abstract,half,1000,0.0316534501926952,0.03287117037541468,0.001217720182719477,0.0384703776462414,True
gap_25,biobert,22,abstract,half,1000,0.13648451744138554,0.1327622239451391,-0.0037222934962464482,-0.027272642831777747,True
gap_25,biobert,23,abstract,half,1000,0.11557327243800763,0.10805863996575679,-0.007514632472250843,-0.06502050442745418,True
gap_25,biobert,24,abstract,half,1000,0.1377703522785208,0.13875714674278283,0.0009867944642620308,0.0071626039125391545,True
gap_25,biobert,25,abstract,half,1000,0.17556601721758403,0.17360304333869725,-0.0019629738788867757,-0.01118083049326115,True
gap_25,biobert,26,abstract,half,1000,0.07873345893373448,0.0481161242042876,-0.030617334729446888,-0.3888732331093922,True
gap_25,biobert,27,abstract,half,1000,0.1917296578416673,0.1786567952317927,-0.013072862609874586,-0.0681838311142782,True
gap_25,biobert,28,abstract,half,1000,0.0961631629303001,0.09796840978462737,0.001805246854327272,0.01877274830940961,True
gap_25,biobert,29,abstract,half,1000,0.08633923448925292,0.0902158028147773,0.003876568325524382,0.04489926681023467,True
gap_25,biobert,30,abstract,half,1000,0.051967177019090045,0.05199337914787233,2.6202128782286394e-05,0.0005042053520178918,True
gap_25,biobert,31,abstract,half,1000,0.11030464334079339,0.10327843497920351,-0.007026208361589875,-0.0636982102365532,True
gap_25,biobert,32,abstract,half,1000,0.13772200347750616,0.13382749707048155,-0.0038945064070246005,-0.028278026086519154,True
gap_25,biobert,33,abstract,half,1000,0.13280880745022794,0.12899516486387724,-0.003813642586350696,-0.02871528371926625,True
gap_25,biobert,34,abstract,half,1000,0.13509311555736658,0.13616670925800511,0.001073593700638531,0.007947064483701503,True
gap_25,biobert,35,abstract,half,1000,0.1299534185852347,0.12946383545894027,-0.000489583126294435,-0.0037673739684910557,True
gap_25,biobert,36,abstract,half,1000,0.13278672390598298,0.1272017484796878,-0.005584975426295186,-0.04205974258578378,True
gap_25,simcse,11,abstract,half,1000,0.1696946419134377,0.1617143002097367,-0.007980341703700988,-0.04702765870340096,True
gap_25,simcse,12,abstract,half,1000,0.14501998402063335,0.14127244997839342,-0.0037475340422399306,-0.025841500863127483,True
gap_25,simcse,13,abstract,half,1000,0.13919483427200258,0.14281199375349418,0.0036171594814916053,0.025986305457451554,True
gap_25,simcse,14,abstract,half,1000,0.1743095126350441,0.16949728514574544,-0.004812227489298659,-0.027607371603259157,True
gap_25,simcse,15,abstract,half,1000,0.09973068157576598,0.09862736706643344,-0.0011033145093325425,-0.01106293962800553,True
gap_25,simcse,16,abstract,half,1000,0.0937519047071036,0.09661444942607998,0.002862544718976387,0.030533189996720052,True
gap_25,simcse,17,abstract,half,1000,0.14915853581898728,0.15054176109294073,0.001383225273953459,0.00927352408200148,True
gap_25,simcse,18,abstract,half,1000,0.14518185498984634,0.14120650466844414,-0.003975350321402199,-0.02738186753213909,True
gap_25,simcse,19,abstract,half,1000,0.09768331137731003,0.09513918380757352,-0.0025441275697365012,-0.02604464912035582,True
gap_25,simcse,20,abstract,half,1000,0.18553191307298011,0.17644248593571982,-0.009089427137260297,-0.04899117885818876,True
gap_25,simcse,21,abstract,half,1000,0.12132056328593872,0.12003746888413004,-0.001283094401808682,-0.010576066967184904,True
gap_25,simcse,22,abstract,half,1000,0.13800417448942426,0.13653757867467228,-0.0014665958147519753,-0.010627184432485162,True
gap_25,simcse,23,abstract,half,1000,0.12785491139781102,0.1266317679923295,-0.0012231434054815193,-0.009566651700033641,True
gap_25,simcse,24,abstract,half,1000,0.10103803124004335,0.10166293778298063,0.0006249065429372869,0.006184864602643051,True
gap_25,simcse,25,abstract,half,1000,0.19234418112284524,0.19158365213774126,-0.0007605289851039809,-0.003954000483218418,True
gap_25,simcse,26,abstract,half,1000,0.06553779870358023,0.06772958650116358,0.002191787797583347,0.033443109792206265,True
gap_25,simcse,27,abstract,half,1000,0.15440996807144025,0.15093212634502493,-0.003477841726415326,-0.022523427534200686,True
gap_25,simcse,28,abstract,half,1000,0.1266653618726842,0.1290245835298762,0.00235922165719199,0.018625625998395096,True
gap_25,simcse,29,abstract,half,1000,0.0725561591011447,0.0773504207232155,0.004794261622070806,0.06607656305769316,True
gap_25,simcse,30,abstract,half,1000,0.06847973597031298,0.07338109758646125,0.004901361616148264,0.07157389768957462,True
gap_25,simcse,31,abstract,half,1000,0.16318829398625215,0.16008273632182612,-0.003105557664426023,-0.019030517376985703,True
gap_25,simcse,32,abstract,half,1000,0.17030314840466457,0.159492533782006,-0.01081061462265856,-0.06347865394109449,True
gap_25,simcse,33,abstract,half,1000,0.15279589365352056,0.15055195851046566,-0.0022439351430549037,-0.014685834084934528,True
gap_25,simcse,34,abstract,half,1000,0.14448686558602897,0.14741079367515966,0.002923928089130695,0.020236635885701033,True
gap_25,simcse,35,abstract,half,1000,0.12567558014509383,0.12685101117562608,0.001175431030532248,0.009352899180375376,True
gap_25,simcse,36,abstract,half,1000,0.15841173869733244,0.15459982431518585,-0.0038119143821465917,-0.024063332764939736,True
angle_p50,specter,11,global_centered,half,1000,55.61338432088777,80.91537978127297,25.301995460385207,0.4549623398999305,True
angle_p50,specter,12,global_centered,half,1000,47.82241075998776,74.69878328079717,26.87637252080941,0.5620037152810464,True
angle_p50,specter,13,global_centered,half,1000,57.62239005672362,85.82201159136937,28.199621534645757,0.48938653025127876,True
angle_p50,specter,14,global_centered,half,1000,52.90541471821988,79.23494844353017,26.32953372531029,0.4976718142281714,True
angle_p50,specter,15,global_centered,half,1000,52.94825036209379,81.09549096556134,28.14724060346755,0.531599069109533,True
angle_p50,specter,16,global_centered,half,1000,52.9277857252365,81.04500484977788,28.117219124541386,0.5312373971302339,True
angle_p50,specter,17,global_centered,half,1000,56.26985854307482,83.97304361465098,27.703185071576158,0.4923272563475391,True
angle_p50,specter,18,global_centered,half,1000,53.07461528095544,83.38289046695726,30.308275186001822,0.5710503039082268,True
angle_p50,specter,19,global_centered,half,1000,51.47016779235925,76.58854497718045,25.1183771848212,0.48801817173306405,True
angle_p50,specter,20,global_centered,half,1000,52.2561168083082,78.03503263948988,25.778915831181685,0.49331862766892576,True
angle_p50,specter,21,global_centered,half,1000,54.22563855545119,81.96002492966227,27.734386374211077,0.5114626053845335,True
angle_p50,specter,22,global_centered,half,1000,56.81156795515334,84.61409169040854,27.8025237352552,0.4893813836858423,True
angle_p50,specter,23,global_centered,half,1000,54.58938109683157,83.2248906005279,28.635509503696326,0.5245619006543081,True
angle_p50,specter,24,global_centered,half,1000,55.70607930927432,79.53523709854568,23.829157789271356,0.4277658396487458,True
angle_p50,specter,25,global_centered,half,1000,50.98314244345868,77.5648169561263,26.58167451266761,0.5213816418269474,True
angle_p50,specter,26,global_centered,half,1000,49.14053957684378,78.1978537689995,29.057314192155715,0.5913104423022704,True
angle_p50,specter,27,global_centered,half,1000,59.24650889659931,84.83694357595199,25.590434679352683,0.4319315206236827,True
angle_p50,specter,28,global_centered,half,1000,54.9070912550609,82.34542877183773,27.438337516776834,0.4997230210086532,True
angle_p50,specter,29,global_centered,half,1000,56.938719825287464,84.46881625448766,27.5300964292002,0.48350395853075734,True
angle_p50,specter,30,global_centered,half,1000,56.46606638519049,83.13286437377603,26.666797988585543,0.4722623638536209,True
angle_p50,specter,31,global_centered,half,1000,52.65372566222503,79.74386962384672,27.090143961621692,0.5144962416412021,True
angle_p50,specter,32,global_centered,half,1000,52.34203636313275,80.21898008284681,27.876943719714063,0.532591883248724,True
angle_p50,specter,33,global_centered,half,1000,52.25598271777051,79.61067484364234,27.354692125871836,0.5234748387301771,True
angle_p50,specter,34,global_centered,half,1000,55.20129488983537,80.10241993685466,24.901125047019292,0.45109675591332055,True
angle_p50,specter,35,global_centered,half,1000,47.218768302465826,67.54488135344701,20.326113050981185,0.4304668203283,True
angle_p50,specter,36,global_centered,half,1000,54.20085262482426,82.05758563851566,27.856733013691404,0.5139537786705016,True
angle_p50,specter2,11,global_centered,half,1000,35.196219368436196,84.62938760945127,49.433168241015075,1.4045022200693096,True
angle_p50,specter2,12,global_centered,half,1000,33.03621521107174,78.3248116983936,45.28859648732186,1.3708772690203284,True
angle_p50,specter2,13,global_centered,half,1000,35.134094998653374,84.41539678996372,49.28130179131035,1.4026631906471252,True
angle_p50,specter2,14,global_centered,half,1000,33.5679699346949,80.03050523786462,46.462535303169716,1.3841330111281873,True
angle_p50,specter2,15,global_centered,half,1000,34.72140322920661,81.90987561544569,47.18847238623908,1.3590600608717778,True
angle_p50,specter2,16,global_centered,half,1000,34.87835805679694,82.4093790250638,47.53102096826686,1.3627654401295481,True
angle_p50,specter2,17,global_centered,half,1000,36.88810403346991,83.56523078303698,46.67712674956707,1.265370719709943,True
angle_p50,specter2,18,global_centered,half,1000,34.699738367561174,84.63675111610843,49.937012748547254,1.4391178463532897,True
angle_p50,specter2,19,global_centered,half,1000,35.40875367902862,81.7479104680053,46.33915678897668,1.308692116334548,True
angle_p50,specter2,20,global_centered,half,1000,33.79959558143837,81.7409984644874,47.94140288304904,1.418401671923462,True
angle_p50,specter2,21,global_centered,half,1000,35.5179063117361,82.55096816211122,47.03306185037512,1.3242070474980137,True
angle_p50,specter2,22,global_centered,half,1000,36.71270800066663,84.24099795491966,47.52828995425303,1.2946004951034942,True
angle_p50,specter2,23,global_centered,half,1000,35.673746732431574,86.32959310286634,50.655846370434766,1.4199755004814991,True
angle_p50,specter2,24,global_centered,half,1000,33.82322500545259,80.75317872028391,46.92995371483132,1.3875067710801028,True
angle_p50,specter2,25,global_centered,half,1000,35.03663512453272,81.23147575733766,46.19484063280494,1.3184725207946473,True
angle_p50,specter2,26,global_centered,half,1000,34.8139431688866,82.06226118297445,47.24831801408785,1.3571665175898233,True
angle_p50,specter2,27,global_centered,half,1000,35.73185962973506,85.3106297532985,49.57877012356344,1.3875228056226148,True
angle_p50,specter2,28,global_centered,half,1000,35.551065530302175,82.55624950533223,47.00518397503006,1.3221877677608536,True
angle_p50,specter2,29,global_centered,half,1000,34.77716828718071,84.78903082098026,50.01186253379955,1.4380659782537424,True
angle_p50,specter2,30,global_centered,half,1000,33.82876342878107,81.81650291416224,47.98773948538117,1.4185484369361792,True
angle_p50,specter2,31,global_centered,half,1000,36.88045648288863,81.75617966324204,44.875723180353404,1.216788713045738,True
angle_p50,specter2,32,global_centered,half,1000,35.13197192609968,81.86489177322315,46.73291984712347,1.3302105542332339,True
angle_p50,specter2,33,global_centered,half,1000,34.17647161136534,81.94012285591953,47.76365124455418,1.3975594610144144,True
angle_p50,specter2,34,global_centered,half,1000,33.696678563793085,80.21123635940623,46.51455779561314,1.3803899902939634,True
angle_p50,specter2,35,global_centered,half,1000,32.37217715384665,74.69614379523749,42.32396664139084,1.3074179855203734,True
angle_p50,specter2,36,global_centered,half,1000,34.49664486534032,84.35866356702174,49.862018701681414,1.4454164715531244,True
angle_p50,scincl,11,global_centered,half,1000,40.69526740032569,79.77913471678784,39.08386731646215,0.96040325603437,True
angle_p50,scincl,12,global_centered,half,1000,39.4647566211312,74.33292901437851,34.868172393247306,0.8835268573423134,True
angle_p50,scincl,13,global_centered,half,1000,43.6171651749204,83.51990095132513,39.902735776404725,0.914840192304578,True
angle_p50,scincl,14,global_centered,half,1000,42.28177868650043,77.98539746292325,35.703618776422815,0.8444209275382762,True
angle_p50,scincl,15,global_centered,half,1000,39.79734893314631,80.1444494758401,40.347100542693795,1.0138137746429037,True
angle_p50,scincl,16,global_centered,half,1000,37.930386839158004,78.68291774194907,40.752530902791065,1.0744032502383967,True
angle_p50,scincl,17,global_centered,half,1000,49.21604530603165,83.7726453505133,34.55660004448165,0.7021409345184949,True
angle_p50,scincl,18,global_centered,half,1000,45.36864722766097,83.98872078309265,38.620073555431674,0.8512502777884297,True
angle_p50,scincl,19,global_centered,half,1000,39.84389515543291,75.94536042580927,36.10146527037636,0.9060726901710499,True
angle_p50,scincl,20,global_centered,half,1000,40.846351200365405,78.46492034941893,37.61856914905353,0.9209774690650213,True
angle_p50,scincl,21,global_centered,half,1000,42.22484276866385,81.12790356590978,38.90306079724593,0.921331099096878,True
angle_p50,scincl,22,global_centered,half,1000,46.694127775028875,84.19041562653821,37.49628785150934,0.8030193439347556,True
angle_p50,scincl,23,global_centered,half,1000,42.30744119645609,83.66802382218549,41.3605826257294,0.9776195736742878,True
angle_p50,scincl,24,global_centered,half,1000,40.74099730894845,77.10966445759122,36.36866714864277,0.892679844650113,True
angle_p50,scincl,25,global_centered,half,1000,39.51845379850268,78.55301339627023,39.034559597767554,0.9877552344734334,True
angle_p50,scincl,26,global_centered,half,1000,42.99878442723032,79.26088201792606,36.262097590695745,0.8433284352971533,True
angle_p50,scincl,27,global_centered,half,1000,44.86375364847078,84.19646799120927,39.3327143427385,0.876714745068577,True
angle_p50,scincl,28,global_centered,half,1000,45.261133429435986,82.13935337891645,36.87821994948047,0.8147878136320904,True
angle_p50,scincl,29,global_centered,half,1000,41.82483789917202,83.08817789844542,41.263339999273406,0.9865750131237274,True
angle_p50,scincl,30,global_centered,half,1000,40.57657915009235,81.18190525844874,40.60532610835639,1.0007084618483413,True
angle_p50,scincl,31,global_centered,half,1000,41.348187992504094,76.7177694026274,35.3695814101233,0.8554082567423599,True
angle_p50,scincl,32,global_centered,half,1000,44.726807017850426,80.30786542881823,35.581058410967806,0.7955197516506698,True
angle_p50,scincl,33,global_centered,half,1000,42.27383142996734,80.72557655308185,38.45174512311451,0.9095874166697037,True
angle_p50,scincl,34,global_centered,half,1000,40.34478722675007,78.93731750619149,38.59253027944142,0.9565679467471118,True
angle_p50,scincl,35,global_centered,half,1000,35.78644299617934,65.77564314182226,29.98920014564292,0.8380044965308413,True
angle_p50,scincl,36,global_centered,half,1000,43.673833317677555,83.10128765682472,39.42745433914717,0.9027706373369426,True
angle_p50,scibert,11,global_centered,half,1000,35.275096012591696,84.89512839289068,49.62003238029899,1.4066590311359255,True
angle_p50,scibert,12,global_centered,half,1000,34.5343273905953,78.13401717656978,43.59968978597448,1.262502937811609,True
angle_p50,scibert,13,global_centered,half,1000,35.277464110978656,85.55055255571206,50.2730884447334,1.4250765952615052,True
angle_p50,scibert,14,global_centered,half,1000,34.15327916966049,82.34748802757481,48.19420885791432,1.4111151265594097,True
angle_p50,scibert,15,global_centered,half,1000,32.842482226210336,82.42131402757795,49.57883180136761,1.5095945385577656,True
angle_p50,scibert,16,global_centered,half,1000,34.8071966476012,81.86940567308356,47.06220902548236,1.3520827173171883,True
angle_p50,scibert,17,global_centered,half,1000,34.04291515710413,83.28868024009827,49.24576508299414,1.4465789682149899,True
angle_p50,scibert,18,global_centered,half,1000,34.3503929933439,85.18729096994262,50.83689797659872,1.479950985901367,True
angle_p50,scibert,19,global_centered,half,1000,34.39705852756168,83.19664431428424,48.79958578672256,1.4187139213552349,True
angle_p50,scibert,20,global_centered,half,1000,34.74738499352073,82.78810371267556,48.04071871915483,1.382570766925709,True
angle_p50,scibert,21,global_centered,half,1000,34.868684162091384,85.65790033543838,50.789216173347,1.456585397293659,True
angle_p50,scibert,22,global_centered,half,1000,34.64656715911553,85.07975468524448,50.433187526128954,1.4556474612481185,True
angle_p50,scibert,23,global_centered,half,1000,35.2695368848853,87.6006045275329,52.3310676426476,1.4837469460812225,True
angle_p50,scibert,24,global_centered,half,1000,34.30429884243353,81.5148112438548,47.21051240142126,1.3762272949599854,True
angle_p50,scibert,25,global_centered,half,1000,33.014021139391886,80.89172934799299,47.877708208601106,1.4502234673701735,True
angle_p50,scibert,26,global_centered,half,1000,35.54414484285916,79.87779759236341,44.333652749504246,1.2472842698988411,True
angle_p50,scibert,27,global_centered,half,1000,35.470235586337736,85.03151042002236,49.56127483368462,1.3972637625438948,True
angle_p50,scibert,28,global_centered,half,1000,34.70501758160655,84.77939588212169,50.07437830051514,1.4428570215464829,True
angle_p50,scibert,29,global_centered,half,1000,35.35910152153083,86.33192879782742,50.972827276296584,1.4415758625896717,True
angle_p50,scibert,30,global_centered,half,1000,35.60411529531138,85.63641920676066,50.03230391144928,1.4052393521497757,True
angle_p50,scibert,31,global_centered,half,1000,34.600411789877974,80.33255402706602,45.73214223718805,1.3217224845447233,True
angle_p50,scibert,32,global_centered,half,1000,34.90338831100612,83.56200401229557,48.658615701289456,1.3940943288289833,True
angle_p50,scibert,33,global_centered,half,1000,35.10155735143556,82.51867443653062,47.41711708509506,1.3508550805981783,True
angle_p50,scibert,34,global_centered,half,1000,34.26212846006678,82.95772179927002,48.695593339203235,1.4212658561466476,True
angle_p50,scibert,35,global_centered,half,1000,32.44234631264522,78.57078122849676,46.128434915851535,1.421858778995643,True
angle_p50,scibert,36,global_centered,half,1000,35.51261632091499,85.21944020930782,49.70682388839283,1.3996947856280089,True
angle_p50,bert,11,global_centered,half,1000,33.4740940608631,82.36361606235886,48.889522001495756,1.4605181521150084,True
angle_p50,bert,12,global_centered,half,1000,37.1720886745113,76.42458798486703,39.25249931035573,1.0559670093887126,True
angle_p50,bert,13,global_centered,half,1000,32.112485836214816,77.84471040462164,45.73222456840682,1.424125955295319,True
angle_p50,bert,14,global_centered,half,1000,33.3223196481663,76.38882856942136,43.066508921255064,1.2924222976063127,True
angle_p50,bert,15,global_centered,half,1000,31.36286344836983,76.6716636813416,45.30880023297177,1.4446640150558963,True
angle_p50,bert,16,global_centered,half,1000,32.26059354639184,70.37318103449455,38.11258748810271,1.1813975906331513,True
angle_p50,bert,17,global_centered,half,1000,33.01678204450554,77.2051456102475,44.18836356574196,1.3383607011179193,True
angle_p50,bert,18,global_centered,half,1000,33.31063359247873,79.43928739277077,46.128653800292035,1.384802653850076,True
angle_p50,bert,19,global_centered,half,1000,33.976661825967014,81.35677070282719,47.38010887686018,1.394489815378197,True
angle_p50,bert,20,global_centered,half,1000,34.412473495954636,78.58885074523779,44.176377249283156,1.2837315299197054,True
angle_p50,bert,21,global_centered,half,1000,34.57694193560855,82.51450089223805,47.937558956629495,1.3864025062106984,True
angle_p50,bert,22,global_centered,half,1000,33.501973471917786,80.38393557085993,46.88196209894215,1.3993791183149198,True
angle_p50,bert,23,global_centered,half,1000,34.658971587745555,86.50630026924013,51.847328681494574,1.4959280759451714,True
angle_p50,bert,24,global_centered,half,1000,29.09761865470987,69.84721164460437,40.7495929898945,1.4004442588053023,True
angle_p50,bert,25,global_centered,half,1000,30.22933590567019,71.95259183737006,41.723255931699875,1.380224033432165,True
angle_p50,bert,26,global_centered,half,1000,34.78369714333313,67.09930108302937,32.315603939696246,0.929044540795459,True
angle_p50,bert,27,global_centered,half,1000,30.96522779724067,77.10800833672737,46.142780539486694,1.4901482670054347,True
angle_p50,bert,28,global_centered,half,1000,31.338052909277412,78.2213922100615,46.88333930078409,1.4960514437993242,True
angle_p50,bert,29,global_centered,half,1000,32.88867661440058,82.82130568007155,49.932629065670966,1.5182316288095201,True
angle_p50,bert,30,global_centered,half,1000,32.29328168181265,79.64871195843199,47.35543027661934,1.4664174035706499,True
angle_p50,bert,31,global_centered,half,1000,31.93778620542843,72.11257523198617,40.17478902655774,1.2579077575429845,True
angle_p50,bert,32,global_centered,half,1000,32.47310703155337,77.31082133416028,44.83771430260691,1.3807645279843146,True
angle_p50,bert,33,global_centered,half,1000,36.62301770095496,78.82791593204723,42.20489823109227,1.1524145436543796,True
angle_p50,bert,34,global_centered,half,1000,30.516835799587295,77.88448848249938,47.36765268291208,1.5521809991700606,True
angle_p50,bert,35,global_centered,half,1000,29.380115873455942,77.11550990998433,47.73539403652838,1.6247517280779646,True
angle_p50,bert,36,global_centered,half,1000,33.746612216865834,80.70394955215941,46.95733733529358,1.391468187488915,True
angle_p50,mpnet,11,global_centered,half,1000,80.66050908843488,84.25897540202224,3.598466313587366,0.0446124919648358,True
angle_p50,mpnet,12,global_centered,half,1000,82.04356010312502,83.60757341482935,1.5640133117043291,0.019063206298439946,True
angle_p50,mpnet,13,global_centered,half,1000,83.78017912703451,85.95816299678778,2.1779838697532625,0.02599640980059044,True
angle_p50,mpnet,14,global_centered,half,1000,80.47086107587131,83.1379890185144,2.6671279426430914,0.033144021413271704,True
angle_p50,mpnet,15,global_centered,half,1000,80.52777240945076,83.22010706128371,2.692334651832951,0.03343361639439784,True
angle_p50,mpnet,16,global_centered,half,1000,78.42969475381686,81.37518166014029,2.945486906323424,0.03755576144429759,True
angle_p50,mpnet,17,global_centered,half,1000,85.87921821300895,86.17293430003835,0.2937160870293951,0.0034201066700547014,True
angle_p50,mpnet,18,global_centered,half,1000,83.9217370455116,86.17698838714054,2.2552513416289344,0.02687326813082871,True
angle_p50,mpnet,19,global_centered,half,1000,81.2537535621697,82.3167936349796,1.0630400728098977,0.013082965724119237,True
angle_p50,mpnet,20,global_centered,half,1000,82.15490140268832,84.11596222647375,1.9610608237854308,0.023870283942928082,True
angle_p50,mpnet,21,global_centered,half,1000,83.19602720998373,85.15049476846531,1.954467558481582,0.02349231837174842,True
angle_p50,mpnet,22,global_centered,half,1000,86.76516607861866,87.31789764407111,0.5527315654524472,0.006370431711634279,True
angle_p50,mpnet,23,global_centered,half,1000,84.3286473550039,86.99665098867722,2.6680036336733224,0.03163816469676847,True
angle_p50,mpnet,24,global_centered,half,1000,80.08772759190877,82.34556712711365,2.25783953520488,0.028192078900150845,True
angle_p50,mpnet,25,global_centered,half,1000,80.72932878044912,82.14989691129796,1.4205681308488352,0.017596679574931207,True
angle_p50,mpnet,26,global_centered,half,1000,86.22015167016032,86.05568269050131,-0.16446897965900575,-0.001907546860833537,True
angle_p50,mpnet,27,global_centered,half,1000,85.05923587477905,87.29538586320736,2.236149988428309,0.026289326084709762,True
angle_p50,mpnet,28,global_centered,half,1000,82.8695582108285,84.50673172109765,1.6371735102691503,0.019756030388191716,True
angle_p50,mpnet,29,global_centered,half,1000,81.42307222801907,85.45353424488755,4.0304620168684835,0.049500244913155377,True
angle_p50,mpnet,30,global_centered,half,1000,78.34159358981749,82.52853128367123,4.186937693853736,0.0534446326912341,True
angle_p50,mpnet,31,global_centered,half,1000,83.8119073737481,82.65561760500778,-1.1562897687403222,-0.01379624691732645,True
angle_p50,mpnet,32,global_centered,half,1000,82.33978329499091,84.45321648696468,2.113433191973769,0.025667218292306806,True
angle_p50,mpnet,33,global_centered,half,1000,82.86483217937851,85.33643980169566,2.4716076223171513,0.029826979157658005,True
angle_p50,mpnet,34,global_centered,half,1000,77.69509742909834,80.93928168125721,3.244184252158874,0.041755327678421356,True
angle_p50,mpnet,35,global_centered,half,1000,69.46167244760322,73.30781793334198,3.8461454857387594,0.05537075843718,True
angle_p50,mpnet,36,global_centered,half,1000,81.35922735947001,84.46950339731092,3.1102760378409045,0.03822892791371717,True
angle_p50,minilm,11,global_centered,half,1000,81.56077860032873,84.68413022884467,3.123351628515934,0.03829477454869889,True
angle_p50,minilm,12,global_centered,half,1000,83.54879345688677,83.82062460385188,0.2718311469651127,0.00325356161014323,True
angle_p50,minilm,13,global_centered,half,1000,84.03357908798132,85.87672794009958,1.8431488521182615,0.021933480307777024,True
angle_p50,minilm,14,global_centered,half,1000,82.38603860233394,83.96703760162076,1.5809989992868196,0.01919013252862034,True
angle_p50,minilm,15,global_centered,half,1000,82.85683034326885,84.67006408377449,1.8132337405056376,0.0218839380289297,True
angle_p50,minilm,16,global_centered,half,1000,80.96575424060119,83.00144196368751,2.035687723086326,0.025142577157213804,True
angle_p50,minilm,17,global_centered,half,1000,87.13767465270382,86.77310842325365,-0.36456622945017614,-0.004183795710675002,True
angle_p50,minilm,18,global_centered,half,1000,85.368983867758,86.74303732415814,1.3740534564001337,0.016095464583819226,True
angle_p50,minilm,19,global_centered,half,1000,81.66237670818991,82.79457799028721,1.1322012820972986,0.01386441746782702,True
angle_p50,minilm,20,global_centered,half,1000,83.41912918601646,84.58000307639361,1.1608738903771467,0.013916159299487675,True
angle_p50,minilm,21,global_centered,half,1000,84.29984893454281,85.80146778720966,1.5016188526668515,0.017812829698340613,True
angle_p50,minilm,22,global_centered,half,1000,87.88485439453436,87.94543682800779,0.060582433473427955,0.0006893387249805313,True
angle_p50,minilm,23,global_centered,half,1000,84.84636724217444,87.05088271054751,2.2045154683730743,0.025982437905453182,True
angle_p50,minilm,24,global_centered,half,1000,80.74535862418988,82.6200277319884,1.8746691077985247,0.023217050982753416,True
angle_p50,minilm,25,global_centered,half,1000,82.9375536756653,83.98697720431247,1.0494235286471678,0.012653176783475337,True
angle_p50,minilm,26,global_centered,half,1000,86.66799208764004,86.24419228185089,-0.42379980578915877,-0.004889922975954095,True
angle_p50,minilm,27,global_centered,half,1000,85.24850248968802,87.1696883196453,1.921185829957281,0.022536300038697745,True
angle_p50,minilm,28,global_centered,half,1000,83.12537637398204,84.56699774837011,1.4416213743880775,0.01734273500191092,True
angle_p50,minilm,29,global_centered,half,1000,83.03150655536929,86.42747836315768,3.395971807788385,0.040899797542801326,True
angle_p50,minilm,30,global_centered,half,1000,80.29830482412173,83.65863724124924,3.360332417127509,0.04184811154466688,True
angle_p50,minilm,31,global_centered,half,1000,84.66405122061525,83.66207822882838,-1.0019729917868716,-0.011834692261252158,True
angle_p50,minilm,32,global_centered,half,1000,83.34973910447133,85.01895977582952,1.6692206713581896,0.020026705413750283,True
angle_p50,minilm,33,global_centered,half,1000,84.94028749834574,85.79759791199673,0.8573104136509926,0.010093095266103134,True
angle_p50,minilm,34,global_centered,half,1000,78.80208006901023,81.42943182064799,2.627351751637761,0.03334114720495805,True
angle_p50,minilm,35,global_centered,half,1000,72.57535824807373,75.68736790066492,3.1120096525911976,0.0428797008752457,True
angle_p50,minilm,36,global_centered,half,1000,83.23853018976034,85.22744806586617,1.9889178761058304,0.023894197453651084,True
angle_p50,pubmedbert,11,global_centered,half,1000,10.151719933374805,83.1557381586762,73.0040182253014,7.191295534591465,True
angle_p50,pubmedbert,12,global_centered,half,1000,10.12042803694397,72.64048394525628,62.52005590831231,6.177609848129632,True
angle_p50,pubmedbert,13,global_centered,half,1000,10.23180517110735,82.86516971634914,72.63336454524179,7.098782993869395,True
angle_p50,pubmedbert,14,global_centered,half,1000,9.77926457881046,80.15298164388956,70.3737170650791,7.196217721480166,True
angle_p50,pubmedbert,15,global_centered,half,1000,9.593033938100527,81.44914064539843,71.8561067072979,7.490446418823553,True
angle_p50,pubmedbert,16,global_centered,half,1000,10.428102570388036,80.57316233401887,70.14505976363084,6.726541026055586,True
angle_p50,pubmedbert,17,global_centered,half,1000,9.855384219688196,78.85274544891284,68.99736122922465,7.000981361171893,True
angle_p50,pubmedbert,18,global_centered,half,1000,10.02164544752445,83.30469210710068,73.28304665957623,7.312476483358192,True
angle_p50,pubmedbert,19,global_centered,half,1000,9.869465468132082,80.82226381162646,70.95279834349438,7.189122711113054,True
angle_p50,pubmedbert,20,global_centered,half,1000,10.001754686779273,80.4251777418914,70.42342305511212,7.041106811807799,True
angle_p50,pubmedbert,21,global_centered,half,1000,10.201885271751662,84.80224876267347,74.60036349092181,7.312409569776797,True
angle_p50,pubmedbert,22,global_centered,half,1000,10.102400200627132,82.5673227741466,72.46492257351947,7.173040181977846,True
angle_p50,pubmedbert,23,global_centered,half,1000,10.202596885625251,86.66310107422895,76.4605041886037,7.494219858507908,True
angle_p50,pubmedbert,24,global_centered,half,1000,9.800368151769703,77.945636719126,68.1452685673563,6.953337620796516,True
angle_p50,pubmedbert,25,global_centered,half,1000,9.697698034895161,79.0273061446084,69.32960810971323,7.149078870082877,True
angle_p50,pubmedbert,26,global_centered,half,1000,10.587714977192533,72.87358450895495,62.285869531762415,5.882843433728162,True
angle_p50,pubmedbert,27,global_centered,half,1000,10.109533087015858,81.24547795008411,71.13594486306825,7.0365212963624835,True
angle_p50,pubmedbert,28,global_centered,half,1000,10.005891945957275,82.99640468415083,72.99051273819356,7.294753244630454,True
angle_p50,pubmedbert,29,global_centered,half,1000,10.103399571651282,83.3436596321218,73.24026006047052,7.249070923214042,True
angle_p50,pubmedbert,30,global_centered,half,1000,10.326541410553869,83.55184749662124,73.22530608606736,7.0909807238297695,True
angle_p50,pubmedbert,31,global_centered,half,1000,10.017449527575893,76.70623453951268,66.68878501193679,6.657261893694282,True
angle_p50,pubmedbert,32,global_centered,half,1000,10.08332498600992,82.64331237104481,72.5599873850349,7.196037763903082,True
angle_p50,pubmedbert,33,global_centered,half,1000,10.319987026161167,79.67730160176838,69.3573145756072,6.72067846595024,True
angle_p50,pubmedbert,34,global_centered,half,1000,9.773074057371746,79.6542282522578,69.88115419488605,7.1503760009037585,True
angle_p50,pubmedbert,35,global_centered,half,1000,9.307525648982583,76.1200951772077,66.81256952822511,7.178338480918232,True
angle_p50,pubmedbert,36,global_centered,half,1000,10.327481512907664,84.7455007062908,74.41801919338313,7.205824488804242,True
angle_p50,biobert,11,global_centered,half,1000,22.998907369276605,84.61176478468404,61.61285741540743,2.6789471528423037,True
angle_p50,biobert,12,global_centered,half,1000,24.719846238065315,75.97690082810779,51.25705459004247,2.0735183421615844,True
angle_p50,biobert,13,global_centered,half,1000,22.26009588923367,83.40412833479031,61.14403244555665,2.7468000474845033,True
angle_p50,biobert,14,global_centered,half,1000,23.148806812773145,81.260591123533,58.11178431075986,2.5103576517254744,True
angle_p50,biobert,15,global_centered,half,1000,21.849858982270533,81.82067436646142,59.970815384190885,2.7446774568592205,True
angle_p50,biobert,16,global_centered,half,1000,23.68777502709417,81.27339752081564,57.585622493721466,2.431027077378724,True
angle_p50,biobert,17,global_centered,half,1000,22.49488812417078,79.48733841543226,56.99245029126148,2.5335734046182266,True
angle_p50,biobert,18,global_centered,half,1000,23.394023856425555,84.12176895270085,60.72774509627529,2.595865741993565,True
angle_p50,biobert,19,global_centered,half,1000,22.68825223231976,82.4498365949665,59.761584362646744,2.6340320863286006,True
angle_p50,biobert,20,global_centered,half,1000,23.664495341706356,81.72989571437307,58.065400372666716,2.4536927381811573,True
angle_p50,biobert,21,global_centered,half,1000,23.147332006895166,84.99468862367817,61.847356616783,2.6719000098309302,True
angle_p50,biobert,22,global_centered,half,1000,22.903831010440136,83.42767794895059,60.52384693851045,2.6425206731101962,True
angle_p50,biobert,23,global_centered,half,1000,23.285526828659822,86.92915020725367,63.643623378593844,2.7331837431421686,True
angle_p50,biobert,24,global_centered,half,1000,21.256165237601177,78.4385173868424,57.182352149241225,2.6901537276389007,True
angle_p50,biobert,25,global_centered,half,1000,21.647938436572378,79.57848206560392,57.93054362903155,2.6760305051109508,True
angle_p50,biobert,26,global_centered,half,1000,24.29520416048404,72.49037635624732,48.195172195763284,1.9837319282194943,True
angle_p50,biobert,27,global_centered,half,1000,22.333980895194895,82.27514523089008,59.94116433569518,2.6838549122512854,True
angle_p50,biobert,28,global_centered,half,1000,22.198304336145902,83.24633651722887,61.04803218108297,2.7501214172326374,True
angle_p50,biobert,29,global_centered,half,1000,22.81496172620284,84.80817480311934,61.993213076916504,2.717217491788193,True
angle_p50,biobert,30,global_centered,half,1000,23.136371218956167,84.48698367311852,61.350612454162345,2.6516955435040894,True
angle_p50,biobert,31,global_centered,half,1000,22.81365756524477,77.9199798476629,55.106322282418134,2.4154970383341463,True
angle_p50,biobert,32,global_centered,half,1000,23.43005165799072,83.07680480818071,59.646753150189994,2.545737159305311,True
angle_p50,biobert,33,global_centered,half,1000,24.74281888081414,81.76274933566309,57.01993045484895,2.3045042171432955,True
angle_p50,biobert,34,global_centered,half,1000,21.951963446775114,80.8733757232891,58.92141227651399,2.684106705050565,True
angle_p50,biobert,35,global_centered,half,1000,21.01675727465028,76.68493312456273,55.66817584991245,2.648751904132117,True
angle_p50,biobert,36,global_centered,half,1000,24.10482557322592,85.48836037155887,61.383534798332946,2.546524745091448,True
angle_p50,simcse,11,global_centered,half,1000,53.94769738804406,84.24016358622757,30.292466198183504,0.5615154615458517,True
angle_p50,simcse,12,global_centered,half,1000,62.334070510480416,80.87634106414943,18.542270553669013,0.2974660631307793,True
angle_p50,simcse,13,global_centered,half,1000,52.27809979052493,83.93093189945675,31.652832108931825,0.605470210963343,True
angle_p50,simcse,14,global_centered,half,1000,56.19543893612094,80.81192907811192,24.61649014199098,0.4380513900776412,True
angle_p50,simcse,15,global_centered,half,1000,51.51401282572138,81.94855203724357,30.434539211522193,0.5908011731581891,True
angle_p50,simcse,16,global_centered,half,1000,50.423600120689,79.33609597054779,28.912495849858786,0.5733921374248697,True
angle_p50,simcse,17,global_centered,half,1000,54.18308875309996,81.15848172846857,26.975392975368614,0.4978563163552628,True
angle_p50,simcse,18,global_centered,half,1000,54.9679048304114,83.15767663876204,28.189771808350642,0.5128405729729477,True
angle_p50,simcse,19,global_centered,half,1000,55.02349329810232,83.94533242752723,28.92183912942491,0.5256270984601841,True
angle_p50,simcse,20,global_centered,half,1000,57.400992384942825,81.56941213157023,24.168419746627407,0.42104532940038786,True
angle_p50,simcse,21,global_centered,half,1000,54.632974941337984,84.21645898387546,29.58348404253747,0.5414950233682617,True
angle_p50,simcse,22,global_centered,half,1000,54.90017753354062,84.29698286000739,29.39680532646677,0.5354592033606291,True
angle_p50,simcse,23,global_centered,half,1000,57.1831572883332,87.584380834595,30.401223546261797,0.5316464670352228,True
angle_p50,simcse,24,global_centered,half,1000,49.57112828476436,79.6047837689383,30.03365548417394,0.6058699191118625,True
angle_p50,simcse,25,global_centered,half,1000,49.733136336902795,78.49385820401231,28.760721867109517,0.5783009877414185,True
angle_p50,simcse,26,global_centered,half,1000,53.47177753695592,77.72715915969741,24.25538162274149,0.45361090915629054,True
angle_p50,simcse,27,global_centered,half,1000,51.17950634074411,81.43015961544388,30.250653274699772,0.5910696573213556,True
angle_p50,simcse,28,global_centered,half,1000,51.35461777728288,82.14518585144573,30.79056807416285,0.5995676612314949,True
angle_p50,simcse,29,global_centered,half,1000,53.28689407179609,84.62744473950652,31.340550667710424,0.5881474462648121,True
angle_p50,simcse,30,global_centered,half,1000,51.88664778498685,83.5187204459103,31.632072660923455,0.6096380092235607,True
angle_p50,simcse,31,global_centered,half,1000,51.261328166619755,79.27053293571362,28.009204769093863,0.5464002937663414,True
angle_p50,simcse,32,global_centered,half,1000,55.17940931883986,82.05937011878301,26.87996079994315,0.48713752343060235,True
angle_p50,simcse,33,global_centered,half,1000,61.33925939915144,82.7322594191846,21.393000020033163,0.3487652154523586,True
angle_p50,simcse,34,global_centered,half,1000,51.00750841681759,80.24329157984273,29.23578316302514,0.5731662665056947,True
angle_p50,simcse,35,global_centered,half,1000,47.68286702421076,77.08138399982619,29.39851697561543,0.6165425615177138,True
angle_p50,simcse,36,global_centered,half,1000,57.25361503812929,84.01299786031824,26.759382822188947,0.467383287577002,True
pr,specter,11,global_centered,half,1000,27.62482839490067,28.751277243248293,1.1264488483476214,0.04077668220214375,True
pr,specter,12,global_centered,half,1000,30.755813615789016,31.27574909543718,0.519935479648165,0.016905274760191918,True
pr,specter,13,global_centered,half,1000,47.779854280392634,48.418359240164484,0.6385049597718506,0.01336347649837587,True
pr,specter,14,global_centered,half,1000,32.91924458915311,33.712893110631825,0.7936485214787155,0.0241089530268329,True
pr,specter,15,global_centered,half,1000,21.19435826773616,22.3216095144679,1.127251246731742,0.05318638255010244,True
pr,specter,16,global_centered,half,1000,26.068674563297108,27.951447490960227,1.8827729276631189,0.07222357711710947,True
pr,specter,17,global_centered,half,1000,45.35540901038806,45.99017428793919,0.6347652775511321,0.013995360011101377,True
pr,specter,18,global_centered,half,1000,40.28987458290273,40.36230449118288,0.07242990828014939,0.0017977198745335755,True
pr,specter,19,global_centered,half,1000,23.730793214348665,24.897223351252528,1.1664301369038625,0.04915259790804584,True
pr,specter,20,global_centered,half,1000,28.537599560143857,30.00664841604274,1.4690488558988832,0.051477660298751414,True
pr,specter,21,global_centered,half,1000,20.220935801897145,20.499641089430156,0.27870528753301116,0.013783006398094731,True
pr,specter,22,global_centered,half,1000,42.612618340842445,43.021758150147605,0.4091398093051595,0.009601376898096304,True
pr,specter,23,global_centered,half,1000,29.742575168351774,30.248745156838726,0.5061699884869526,0.017018364604338417,True
pr,specter,24,global_centered,half,1000,32.68465403709944,34.292690787615996,1.608036750516554,0.04919852444181652,True
pr,specter,25,global_centered,half,1000,34.825988765376394,35.28617235116994,0.4601835857935441,0.01321379814637319,True
pr,specter,26,global_centered,half,1000,29.605914983431084,30.6225877131886,1.0166727297575164,0.034340189463034534,True
pr,specter,27,global_centered,half,1000,44.3666174415304,46.451658773736035,2.085041332205634,0.04699572454342401,True
pr,specter,28,global_centered,half,1000,40.47458219980382,40.71994556494241,0.24536336513858714,0.006062159305989734,True
pr,specter,29,global_centered,half,1000,27.747371537448505,28.45249298779429,0.7051214503457857,0.02541218902100825,True
pr,specter,30,global_centered,half,1000,33.187688418747705,33.32466545813316,0.13697703938545658,0.004127344985801371,True
pr,specter,31,global_centered,half,1000,31.29574163406941,32.293834361516396,0.9980927274469842,0.03189228551019327,True
pr,specter,32,global_centered,half,1000,36.37323129582812,36.811901689268296,0.43867039344017655,0.012060253593430135,True
pr,specter,33,global_centered,half,1000,28.972528981219273,29.508223803050072,0.5356948218307984,0.018489750141523695,True
pr,specter,34,global_centered,half,1000,29.318351235754825,30.441672917828164,1.123321682073339,0.0383146266664343,True
pr,specter,35,global_centered,half,1000,25.089963649623098,26.395783964206426,1.305820314583329,0.05204552437057616,True
pr,specter,36,global_centered,half,1000,38.92888510098401,39.190686678076275,0.2618015770922639,0.006725123938513367,True
pr,specter2,11,global_centered,half,1000,58.52511813100215,59.043293298351124,0.5181751673489714,0.008853893574193089,True
pr,specter2,12,global_centered,half,1000,58.0461897871555,61.099603026143896,3.053413238988398,0.052603163966225726,True
pr,specter2,13,global_centered,half,1000,68.70704490925976,68.91263966825679,0.20559475899702306,0.00299233883903097,True
pr,specter2,14,global_centered,half,1000,55.6430395441181,56.7846277355893,1.1415881914711932,0.020516280218050523,True
pr,specter2,15,global_centered,half,1000,42.70404331875833,44.431257030634384,1.727213711876054,0.04044613993535717,True
pr,specter2,16,global_centered,half,1000,52.620070433707326,54.474655651005314,1.8545852172979878,0.03524482582429192,True
pr,specter2,17,global_centered,half,1000,48.31524036633752,49.924822176977045,1.6095818106395257,0.033314163366161435,True
pr,specter2,18,global_centered,half,1000,52.6497975921242,53.72877362279337,1.0789760306691676,0.020493450687654114,True
pr,specter2,19,global_centered,half,1000,53.81415502587962,54.57517163187598,0.7610166059963603,0.014141569362751898,True
pr,specter2,20,global_centered,half,1000,56.85045384137078,58.22501179065732,1.3745579492865403,0.024178486826542403,True
pr,specter2,21,global_centered,half,1000,32.89977322286129,34.810317901218525,1.9105446783572333,0.05807166710284921,True
pr,specter2,22,global_centered,half,1000,57.08250335880113,58.71276175170685,1.6302583929057235,0.028559686365863736,True
pr,specter2,23,global_centered,half,1000,54.82480169907282,55.20482122209757,0.3800195230247496,0.006931525719155978,True
pr,specter2,24,global_centered,half,1000,56.219905708973364,56.60078275917371,0.3808770502003469,0.00677477212736688,True
pr,specter2,25,global_centered,half,1000,57.08952253174531,57.801174259193914,0.7116517274486043,0.012465540013106291,True
pr,specter2,26,global_centered,half,1000,37.90839491989164,41.60455440654598,3.696159486654338,0.09750240004793384,True
pr,specter2,27,global_centered,half,1000,66.76969935442182,67.09894997928646,0.32925062486464185,0.004931138346406786,True
pr,specter2,28,global_centered,half,1000,51.438809455212876,52.758550061737076,1.3197406065241992,0.025656515391812882,True
pr,specter2,29,global_centered,half,1000,50.46637451896041,50.92237185292863,0.4559973339682202,0.00903566658621178,True
pr,specter2,30,global_centered,half,1000,54.93766964790598,55.41660015755579,0.478930509649814,0.008717707043623556,True
pr,specter2,31,global_centered,half,1000,40.707179549754834,43.52998169113594,2.8228021413811035,0.06934408555451256,True
pr,specter2,32,global_centered,half,1000,54.44628098859396,55.310198697640566,0.8639177090466035,0.015867341044424815,True
pr,specter2,33,global_centered,half,1000,60.44976760951125,61.80369296684041,1.3539253573291603,0.02239752791235101,True
pr,specter2,34,global_centered,half,1000,48.03099478859486,48.85539509904857,0.8244003104537114,0.01716392329749265,True
pr,specter2,35,global_centered,half,1000,53.930075597634314,55.27347878777321,1.3434031901388934,0.02491009284247736,True
pr,specter2,36,global_centered,half,1000,59.99945416506577,61.15031345593286,1.1508592908670892,0.01918116267692929,True
pr,scincl,11,global_centered,half,1000,31.174106920464748,31.728296605495878,0.5541896850311296,0.017777243352794264,True
pr,scincl,12,global_centered,half,1000,31.10768198419461,32.20620368287445,1.0985216986798427,0.03531351835337608,True
pr,scincl,13,global_centered,half,1000,44.820001545958945,45.43975564192033,0.6197540959613832,0.013827623261589587,True
pr,scincl,14,global_centered,half,1000,38.72412939292568,39.89502543252851,1.1708960396028303,0.030236858980662723,True
pr,scincl,15,global_centered,half,1000,22.039094361548212,24.03309865526416,1.9940042937159461,0.09047578185403579,True
pr,scincl,16,global_centered,half,1000,34.191876355252106,33.717607840310926,-0.47426851494117983,-0.013870795215025657,True
pr,scincl,17,global_centered,half,1000,42.20751479395772,43.2775000077087,1.0699852137509822,0.02535058552900531,True
pr,scincl,18,global_centered,half,1000,37.47279803045047,38.575419000933,1.1026209704825334,0.02942457004642518,True
pr,scincl,19,global_centered,half,1000,25.21860008669715,25.700726154399238,0.48212606770208666,0.0191178759346126,True
pr,scincl,20,global_centered,half,1000,34.29586607704203,35.644113474594654,1.3482473975526261,0.03931224231293449,True
pr,scincl,21,global_centered,half,1000,18.95578959977598,20.15884220523104,1.2030526054550599,0.06346623542758027,True
pr,scincl,22,global_centered,half,1000,38.610061919474425,39.15261518913258,0.542553269658157,0.01405212120067852,True
pr,scincl,23,global_centered,half,1000,32.12286697254248,32.24641397842591,0.12354700588343093,0.0038460765656139796,True
pr,scincl,24,global_centered,half,1000,36.58628415321815,37.3763194993097,0.7900353460915497,0.02159375745246481,True
pr,scincl,25,global_centered,half,1000,31.253195460716285,31.768444234104795,0.5152487733885103,0.01648627494862573,True
pr,scincl,26,global_centered,half,1000,26.06496431819946,26.867383723152937,0.8024194049534756,0.030785363645911404,True
pr,scincl,27,global_centered,half,1000,46.41792686226559,47.34557453099445,0.9276476687288593,0.019984685474675294,True
pr,scincl,28,global_centered,half,1000,34.9276975018742,35.87035768276248,0.9426601808882822,0.0269889013107062,True
pr,scincl,29,global_centered,half,1000,29.152823847082985,29.5470989805905,0.39427513350751653,0.01352442341694345,True
pr,scincl,30,global_centered,half,1000,29.271145980540833,29.682586150607676,0.4114401700668431,0.01405616884082244,True
pr,scincl,31,global_centered,half,1000,34.079486860630105,34.55444690073122,0.4749600401011165,0.013936830740541696,True
pr,scincl,32,global_centered,half,1000,36.341845527197194,37.12631034341173,0.7844648162145376,0.021585717644071394,True
pr,scincl,33,global_centered,half,1000,34.7126712194356,35.13092859533147,0.41825737589586964,0.01204912676560851,True
pr,scincl,34,global_centered,half,1000,31.43114431450695,32.12909952254833,0.6979552080413818,0.02220584783861155,True
pr,scincl,35,global_centered,half,1000,26.778993198421205,27.52361722688414,0.7446240284629368,0.027806274229414916,True
pr,scincl,36,global_centered,half,1000,40.90253683401167,41.70651119836947,0.8039743643577992,0.019655855763187548,True
pr,scibert,11,global_centered,half,1000,40.288372599805015,42.29572685774937,2.007354257944357,0.04982465481750613,True
pr,scibert,12,global_centered,half,1000,36.97317309977086,39.02006437026269,2.0468912704918267,0.055361525638288056,True
pr,scibert,13,global_centered,half,1000,42.12597611254806,45.60578261505123,3.4798065025031732,0.0826047684499029,True
pr,scibert,14,global_centered,half,1000,35.85807946481962,37.72953677913761,1.8714573143179933,0.05219067340608917,True
pr,scibert,15,global_centered,half,1000,35.08910487594449,36.197176891051164,1.1080720151066714,0.03157880541621669,True
pr,scibert,16,global_centered,half,1000,27.194512219514223,33.365929918905046,6.1714176993908225,0.22693614246782995,True
pr,scibert,17,global_centered,half,1000,43.264799760626275,44.860940217878586,1.5961404572523108,0.036892357437995134,True
pr,scibert,18,global_centered,half,1000,42.21350589530432,43.649359932938175,1.4358540376338524,0.034014091158289024,True
pr,scibert,19,global_centered,half,1000,31.16556110957009,34.91803197862463,3.7524708690545445,0.12040440587165503,True
pr,scibert,20,global_centered,half,1000,38.35455358319952,39.843514734239925,1.4889611510404066,0.03882097461545264,True
pr,scibert,21,global_centered,half,1000,23.958129599235566,25.386191161716294,1.4280615624807282,0.05960655470059289,True
pr,scibert,22,global_centered,half,1000,44.0627207038923,45.76641679682612,1.7036960929338179,0.03866524957418984,True
pr,scibert,23,global_centered,half,1000,37.172715970159054,38.875319835770696,1.7026038656116427,0.04580251459103588,True
pr,scibert,24,global_centered,half,1000,35.843103516310094,37.94359725819791,2.100493741887817,0.05860245168033526,True
pr,scibert,25,global_centered,half,1000,39.266030226697445,41.848755047380735,2.582724820683289,0.06577504284930906,True
pr,scibert,26,global_centered,half,1000,32.405321887270674,37.472306599092846,5.0669847118221725,0.15636273354879293,True
pr,scibert,27,global_centered,half,1000,40.159411709076295,43.68616241343128,3.5267507043549884,0.08781878404752426,True
pr,scibert,28,global_centered,half,1000,40.118755260476824,42.39830514806589,2.279549887589063,0.05682005517840111,True
pr,scibert,29,global_centered,half,1000,35.776315366403686,37.498844759761155,1.722529393357469,0.04814719950101506,True
pr,scibert,30,global_centered,half,1000,29.478578538983754,32.31911134706067,2.840532808076915,0.0963592190960114,True
pr,scibert,31,global_centered,half,1000,37.20673238598498,40.34933987133283,3.1426074853478525,0.08446340981374675,True
pr,scibert,32,global_centered,half,1000,36.92645124923858,38.73669697758424,1.810245728345656,0.04902300836132968,True
pr,scibert,33,global_centered,half,1000,37.09747996158945,38.60497189545235,1.5074919338629016,0.04063596598539177,True
pr,scibert,34,global_centered,half,1000,34.22214931529555,37.008390379038815,2.7862410637432617,0.08141630842858705,True
pr,scibert,35,global_centered,half,1000,33.23559849921768,34.53198689556678,1.2963883963491014,0.03900601929523299,True
pr,scibert,36,global_centered,half,1000,34.578089372410666,35.7596100686983,1.1815206962876346,0.03416963509933987,True
pr,bert,11,global_centered,half,1000,29.859579883176295,29.255272888377792,-0.6043069947985025,-0.02023829528623025,True
pr,bert,12,global_centered,half,1000,38.72593046698273,38.57574835071381,-0.15018211626892253,-0.0038780763808106823,True
pr,bert,13,global_centered,half,1000,20.18991042458642,22.57163544869817,2.381725024111752,0.11796610158365974,True
pr,bert,14,global_centered,half,1000,32.70559754954608,33.024836526442066,0.31923897689598846,0.009760988968703897,True
pr,bert,15,global_centered,half,1000,17.47295747144375,19.82407681334451,2.3511193419007625,0.13455760684722226,True
pr,bert,16,global_centered,half,1000,12.313855840515085,19.22790498007837,6.914049139563286,0.5614853080230695,True
pr,bert,17,global_centered,half,1000,26.31153590233202,27.559075347438263,1.2475394451062414,0.047414162735960635,True
pr,bert,18,global_centered,half,1000,27.019541883498622,28.007310135241852,0.9877682517432298,0.036557549939308175,True
pr,bert,19,global_centered,half,1000,25.945689747622524,26.850904974784957,0.905215227162433,0.03488884805019995,True
pr,bert,20,global_centered,half,1000,34.1992781087552,34.125662710217334,-0.0736153985378678,-0.0021525424689891877,True
pr,bert,21,global_centered,half,1000,14.577172799731242,14.828530837916619,0.2513580381853764,0.017243263946902697,True
pr,bert,22,global_centered,half,1000,29.540790739174103,29.52639260348429,-0.014398135689813074,-0.0004873984524293616,True
pr,bert,23,global_centered,half,1000,30.253773613996504,29.769600896619774,-0.4841727173767296,-0.016003713241006523,True
pr,bert,24,global_centered,half,1000,16.862353900448525,18.86360837297364,2.0012544725251153,0.11868179759125347,True
pr,bert,25,global_centered,half,1000,24.791504893242344,27.092018831539963,2.3005139382976196,0.09279444504091773,True
pr,bert,26,global_centered,half,1000,11.001746635831637,16.022819660194063,5.021073024362426,0.45638871631612304,True
pr,bert,27,global_centered,half,1000,24.045458986344507,25.37850255993159,1.3330435735870836,0.05543847486313833,True
pr,bert,28,global_centered,half,1000,18.53917624631295,19.92644867852703,1.387272432214079,0.07482923802992476,True
pr,bert,29,global_centered,half,1000,20.467167439005085,20.402903302858956,-0.06426413614612869,-0.0031398646802321068,True
pr,bert,30,global_centered,half,1000,17.0232807028026,20.55938023620294,3.536099533400339,0.20772139020289895,True
pr,bert,31,global_centered,half,1000,23.462187626593106,25.65553506482636,2.1933474382332534,0.09348435334082889,True
pr,bert,32,global_centered,half,1000,29.546751591695724,29.240430237826665,-0.306321353869059,-0.010367344542712854,True
pr,bert,33,global_centered,half,1000,35.576497678184296,35.25864782871202,-0.31784984947227457,-0.008934264759489854,True
pr,bert,34,global_centered,half,1000,24.602260151198706,25.035602460196813,0.4333423089981068,0.017613922718274843,True
pr,bert,35,global_centered,half,1000,24.26538948566832,24.5555775488734,0.2901880632050826,0.011958928719296847,True
pr,bert,36,global_centered,half,1000,31.11743025475397,29.97306872050965,-1.144361534244318,-0.03677557963095259,True
pr,mpnet,11,global_centered,half,1000,57.42139839846373,57.39472324890373,-0.026675149559999056,-0.00046455067803978685,True
pr,mpnet,12,global_centered,half,1000,74.97642774051528,74.84779623274386,-0.1286315077714164,-0.0017156259860311716,True
pr,mpnet,13,global_centered,half,1000,69.60737243049782,69.70115667767291,0.09378424717509404,0.0013473320986040172,True
pr,mpnet,14,global_centered,half,1000,69.39636377947392,69.1824878914713,-0.2138758880026188,-0.003081946608647514,True
pr,mpnet,15,global_centered,half,1000,35.38010634113592,35.480382764401796,0.10027642326587483,0.0028342600866997658,True
pr,mpnet,16,global_centered,half,1000,55.06880658229251,55.34407873690335,0.275272154610839,0.004998694754706257,True
pr,mpnet,17,global_centered,half,1000,85.01813433241067,85.17765951535773,0.15952518294706408,0.0018763665446167028,True
pr,mpnet,18,global_centered,half,1000,67.49163138061502,67.35099336590498,-0.140638014710035,-0.0020837844905083913,True
pr,mpnet,19,global_centered,half,1000,46.71958981311547,46.952275031730075,0.23268521861460556,0.004980463645879109,True
pr,mpnet,20,global_centered,half,1000,67.2136016139623,67.30926433303789,0.09566271907559099,0.001423264291430545,True
pr,mpnet,21,global_centered,half,1000,35.23010647217631,35.5296117698946,0.2995052977182908,0.008501402002711267,True
pr,mpnet,22,global_centered,half,1000,82.2169196641668,82.32959833413084,0.11267866996404052,0.0013705046409461883,True
pr,mpnet,23,global_centered,half,1000,58.05429022412437,58.101385073248096,0.04709484912372375,0.0008112208235069173,True
pr,mpnet,24,global_centered,half,1000,50.92238148612295,51.12331910294666,0.20093761682370825,0.003945958750544032,True
pr,mpnet,25,global_centered,half,1000,56.905367101992404,57.05451908864351,0.14915198665110552,0.0026210530613707847,True
pr,mpnet,26,global_centered,half,1000,61.30678396143693,61.17074099942332,-0.13604296201360455,-0.0022190523335749927,True
pr,mpnet,27,global_centered,half,1000,73.83385190944021,73.9866079050339,0.15275599559369368,0.002068915431651246,True
pr,mpnet,28,global_centered,half,1000,53.61521243478766,53.70105650965267,0.08584407486501533,0.001601114142174252,True
pr,mpnet,29,global_centered,half,1000,42.88651768498405,42.72704645423899,-0.1594712307450621,-0.003718446713636955,True
pr,mpnet,30,global_centered,half,1000,46.30342593203412,46.246835246519254,-0.056590685514869676,-0.0012221705926886615,True
pr,mpnet,31,global_centered,half,1000,54.3226505473011,54.71324805014528,0.39059750284418016,0.007190324825996292,True
pr,mpnet,32,global_centered,half,1000,69.74643403084845,69.67888112025615,-0.06755291059229762,-0.0009685500274095642,True
pr,mpnet,33,global_centered,half,1000,75.36391896257537,75.09511712236223,-0.26880184021314335,-0.003566717919043282,True
pr,mpnet,34,global_centered,half,1000,41.18892397414095,41.29589570696363,0.10697173282267869,0.0025970994748451604,True
pr,mpnet,35,global_centered,half,1000,38.87848382260425,38.99598519192409,0.11750136931983945,0.003022272418234665,True
pr,mpnet,36,global_centered,half,1000,69.23818382942662,69.21386345079043,-0.0243203786361903,-0.00035125673856647294,True
pr,minilm,11,global_centered,half,1000,66.72772022494594,66.6006495597986,-0.12707066514734322,-0.0019043159981934803,True
pr,minilm,12,global_centered,half,1000,85.35909128297153,85.30995568330252,-0.049135599669014596,-0.000575634052922688,True
pr,minilm,13,global_centered,half,1000,74.44959701856612,74.51425765073513,0.06466063216900864,0.0008685155428428131,True
pr,minilm,14,global_centered,half,1000,77.260992358866,76.95115246054799,-0.3098398983180175,-0.004010301820598634,True
pr,minilm,15,global_centered,half,1000,46.73425520962478,46.91507806316031,0.18082285353553118,0.003869171611368512,True
pr,minilm,16,global_centered,half,1000,64.92514244348602,65.10839026554325,0.18324782205722556,0.0028224477476770007,True
pr,minilm,17,global_centered,half,1000,81.39999016401131,81.59743216337773,0.19744199936641849,0.0024255776808891046,True
pr,minilm,18,global_centered,half,1000,75.08626329025545,75.08466689260504,-0.0015963976504025368,-2.1260848262370705e-05,True
pr,minilm,19,global_centered,half,1000,58.21728034247747,58.26172761067517,0.044447268197700396,0.0007634720814203,True
pr,minilm,20,global_centered,half,1000,74.30482332866957,74.24682638667291,-0.057996941996663054,-0.0007805272847514553,True
pr,minilm,21,global_centered,half,1000,42.018397728620734,42.14362962426735,0.12523189564661408,0.0029804062605012817,True
pr,minilm,22,global_centered,half,1000,89.33556087976622,89.41255894170546,0.07699806193923564,0.0008618971122022146,True
pr,minilm,23,global_centered,half,1000,68.64950656216487,68.33311566276755,-0.31639089939731946,-0.00460878621335486,True
pr,minilm,24,global_centered,half,1000,55.26074888585179,55.45331813789344,0.19256925204165043,0.0034847383707996265,True
pr,minilm,25,global_centered,half,1000,67.89412870543595,67.86076244174433,-0.03336626369161877,-0.0004914454950350854,True
pr,minilm,26,global_centered,half,1000,66.66027721042325,66.80964994481359,0.14937273439034016,0.002240805778812208,True
pr,minilm,27,global_centered,half,1000,78.14514221218509,78.28137616161528,0.13623394943019207,0.0017433450829263352,True
pr,minilm,28,global_centered,half,1000,62.843895114790186,62.86974064399135,0.02584552920116323,0.00041126555179232577,True
pr,minilm,29,global_centered,half,1000,52.12318549802156,52.04337084935792,-0.07981464866364263,-0.0015312695857138691,True
pr,minilm,30,global_centered,half,1000,61.119994970584926,60.97304512998124,-0.1469498406036891,-0.002404284239133385,True
pr,minilm,31,global_centered,half,1000,66.76344652510598,66.74067686157926,-0.0227696635267165,-0.00034104985155543327,True
pr,minilm,32,global_centered,half,1000,74.7935953997789,74.65185406492553,-0.14174133485336426,-0.0018950998958633199,True
pr,minilm,33,global_centered,half,1000,81.65538040811518,81.42326313100976,-0.23211727710541652,-0.0028426452236863004,True
pr,minilm,34,global_centered,half,1000,53.563270238275344,53.62729117672848,0.06402093845313317,0.0011952395394892257,True
pr,minilm,35,global_centered,half,1000,51.480864985056655,51.42267216093763,-0.05819282411902549,-0.001130377745904563,True
pr,minilm,36,global_centered,half,1000,80.39067432353423,80.35431074828534,-0.03636357524888467,-0.0004523357411151768,True
pr,pubmedbert,11,global_centered,half,1000,30.88185038688418,34.04400528700721,3.162154900123028,0.10239525353914755,True
pr,pubmedbert,12,global_centered,half,1000,25.33166873428872,32.487453571654214,7.155784837365495,0.2824837523506491,True
pr,pubmedbert,13,global_centered,half,1000,35.20997829631776,39.49352960396049,4.283551307642732,0.12165731178796846,True
pr,pubmedbert,14,global_centered,half,1000,30.26453461169877,34.17677128933849,3.9122366776397186,0.12926802701031595,True
pr,pubmedbert,15,global_centered,half,1000,29.306065552883346,31.11773196813206,1.8116664152487125,0.06181882081644588,True
pr,pubmedbert,16,global_centered,half,1000,24.565987964490752,30.615116375468286,6.049128410977534,0.24623998105516176,True
pr,pubmedbert,17,global_centered,half,1000,33.15509067616741,35.295546391649026,2.1404557154816146,0.0645588858853648,True
pr,pubmedbert,18,global_centered,half,1000,32.767975677584914,35.39229552240012,2.6243198448152043,0.0800879453353105,True
pr,pubmedbert,19,global_centered,half,1000,29.157417068703484,31.8355389750819,2.678121906378415,0.09185045095277024,True
pr,pubmedbert,20,global_centered,half,1000,28.737835358710573,34.1701275835664,5.432292224855825,0.18902927645903128,True
pr,pubmedbert,21,global_centered,half,1000,19.360015207969973,21.144356765527835,1.7843415575578625,0.0921663303664813,True
pr,pubmedbert,22,global_centered,half,1000,35.03027225992267,36.9923975066482,1.9621252467255346,0.05601227510213665,True
pr,pubmedbert,23,global_centered,half,1000,30.759015707002117,32.854215766709935,2.0952000597078175,0.06811661594330072,True
pr,pubmedbert,24,global_centered,half,1000,32.593349516885674,35.25031876644599,2.656969249560319,0.08151875425334301,True
pr,pubmedbert,25,global_centered,half,1000,32.99966387016152,36.16199521339158,3.1623313432300577,0.09582919861463969,True
pr,pubmedbert,26,global_centered,half,1000,19.96685085455684,25.593716533373648,5.626865678816809,0.2818103725922631,True
pr,pubmedbert,27,global_centered,half,1000,35.977364312638194,40.19866962527456,4.2213053126363675,0.11733225580267145,True
pr,pubmedbert,28,global_centered,half,1000,31.07780974828558,33.76198528938509,2.6841755410995063,0.08636952098104596,True
pr,pubmedbert,29,global_centered,half,1000,28.811121217481055,31.001456642104266,2.1903354246232105,0.07602395644686787,True
pr,pubmedbert,30,global_centered,half,1000,25.51127275394872,28.575283382163107,3.064010628214387,0.12010418522690637,True
pr,pubmedbert,31,global_centered,half,1000,29.327631741807433,32.70334961054932,3.3757178687418836,0.11510366395966759,True
pr,pubmedbert,32,global_centered,half,1000,25.020886025170824,28.64848064666047,3.6275946214896457,0.1449826603998081,True
pr,pubmedbert,33,global_centered,half,1000,25.103501437501194,30.050331142216095,4.946829704714901,0.1970573593899142,True
pr,pubmedbert,34,global_centered,half,1000,27.95947975432543,31.45415835475863,3.4946786004332004,0.12499083070000834,True
pr,pubmedbert,35,global_centered,half,1000,29.19731633077658,30.955711905278335,1.7583955745017548,0.060224561551509743,True
pr,pubmedbert,36,global_centered,half,1000,26.898092965803283,29.035557600241905,2.137464634438622,0.07946528540726192,True
pr,biobert,11,global_centered,half,1000,41.083096054539276,44.977789141372035,3.89469308683276,0.09480037925239168,True
pr,biobert,12,global_centered,half,1000,27.235274359322442,34.83099381584978,7.595719456527338,0.2788927093707568,True
pr,biobert,13,global_centered,half,1000,50.42346405640648,52.506931604600084,2.083467548193603,0.041319405304302795,True
pr,biobert,14,global_centered,half,1000,39.09721066342421,42.31134422833939,3.21413356491518,0.0822087691263876,True
pr,biobert,15,global_centered,half,1000,34.02209455275038,35.16239474196171,1.140300189211331,0.033516460529592756,True
pr,biobert,16,global_centered,half,1000,25.603308983188448,33.203499127147566,7.600190143959118,0.29684405827971405,True
pr,biobert,17,global_centered,half,1000,36.225767160250754,37.89887426784623,1.6731071075954773,0.046185553509307545,True
pr,biobert,18,global_centered,half,1000,38.72718752659784,40.55310635706632,1.8259188304684812,0.04714824254186906,True
pr,biobert,19,global_centered,half,1000,30.497130435632606,36.48567534929809,5.988544913665486,0.19636420961981776,True
pr,biobert,20,global_centered,half,1000,35.27009399542761,42.62568350308217,7.355589507654564,0.2085503233591648,True
pr,biobert,21,global_centered,half,1000,24.0869249093227,24.774400100631386,0.6874751913086854,0.028541426267435336,True
pr,biobert,22,global_centered,half,1000,40.920666276862946,42.047728629709,1.1270623528460533,0.027542619790707278,True
pr,biobert,23,global_centered,half,1000,38.615925384240605,40.69036656426559,2.0744411800249836,0.05371983603613383,True
pr,biobert,24,global_centered,half,1000,39.18317244503059,43.702113856901576,4.518941411870983,0.11532862527174209,True
pr,biobert,25,global_centered,half,1000,38.86533598812852,41.510629808292954,2.645293820164433,0.06806306321325621,True
pr,biobert,26,global_centered,half,1000,18.78207682905759,25.681160727414003,6.8990838983564124,0.3673227386485236,True
pr,biobert,27,global_centered,half,1000,52.295696636170064,55.08813337714261,2.7924367409725477,0.05339706554441752,True
pr,biobert,28,global_centered,half,1000,41.7253180420446,42.22900846823785,0.503690426193252,0.012071577877146612,True
pr,biobert,29,global_centered,half,1000,38.256843770083805,40.596302017968995,2.33945824788519,0.06115136580385145,True
pr,biobert,30,global_centered,half,1000,31.988273799660437,35.169422660300576,3.181148860640139,0.09944734375363223,True
pr,biobert,31,global_centered,half,1000,29.612979578572112,33.77359477397266,4.160615195400549,0.140499715145556,True
pr,biobert,32,global_centered,half,1000,37.782401703145815,39.82922332843855,2.0468216252927363,0.05417394165078487,True
pr,biobert,33,global_centered,half,1000,32.27874165318731,37.60799582993791,5.329254176750602,0.16510105115031254,True
pr,biobert,34,global_centered,half,1000,40.94096742017719,43.66014248712604,2.71917506694885,0.06641697151515628,True
pr,biobert,35,global_centered,half,1000,37.735204570793236,39.305249201280674,1.5700446304874376,0.04160689330680455,True
pr,biobert,36,global_centered,half,1000,37.74883068029711,39.356952147329004,1.6081214670318928,0.042600563727428174,True
pr,simcse,11,global_centered,half,1000,40.67855005697935,39.85826412821483,-0.8202859287645197,-0.02016507293439729,True
pr,simcse,12,global_centered,half,1000,52.887717740629014,53.089401295249516,0.20168355462050158,0.003813428963026811,True
pr,simcse,13,global_centered,half,1000,34.33020579792451,34.48511853641855,0.15491273849403342,0.004512432561747093,True
pr,simcse,14,global_centered,half,1000,41.255497037152175,41.252235051003886,-0.0032619861482885426,-7.906791537018686e-05,True
pr,simcse,15,global_centered,half,1000,29.69440520395604,29.809470203703928,0.11506499974788653,0.0038749723713124577,True
pr,simcse,16,global_centered,half,1000,27.390866034276947,29.63961512928977,2.2487490950128226,0.08209850291694817,True
pr,simcse,17,global_centered,half,1000,38.32377624534371,38.665902360971174,0.3421261156274653,0.008927254804881948,True
pr,simcse,18,global_centered,half,1000,40.094646032390976,40.018218178099666,-0.07642785429131038,-0.0019061860336556445,True
pr,simcse,19,global_centered,half,1000,35.40450036636197,35.00853253416574,-0.3959678321962343,-0.011184110158279362,True
pr,simcse,20,global_centered,half,1000,43.718916075685016,43.5812632603296,-0.13765281535541618,-0.0031485871039692594,True
pr,simcse,21,global_centered,half,1000,25.95675440729225,25.67795108919326,-0.2788033180989906,-0.010741070078494253,True
pr,simcse,22,global_centered,half,1000,38.21897857539839,37.66549159676763,-0.5534869786307581,-0.014481992959043613,True
pr,simcse,23,global_centered,half,1000,41.75345451670022,40.80561780847901,-0.9478367082212031,-0.022700797315874665,True
pr,simcse,24,global_centered,half,1000,28.297456807618467,28.954915586537833,0.6574587789193664,0.023233846892642317,True
pr,simcse,25,global_centered,half,1000,36.55551412365412,36.84179267511538,0.28627855146125825,0.007831337031477143,True
pr,simcse,26,global_centered,half,1000,31.554999801823342,33.50249489620716,1.947495094383818,0.06171748079907406,True
pr,simcse,27,global_centered,half,1000,38.67848407641292,39.01189159871704,0.3334075223041211,0.008619973876055837,True
pr,simcse,28,global_centered,half,1000,34.451592667264464,34.2670211443625,-0.18457152290196177,-0.005357416264744697,True
pr,simcse,29,global_centered,half,1000,32.95721253431309,32.54379099721602,-0.4134215370970722,-0.012544190036297585,True
pr,simcse,30,global_centered,half,1000,28.930804472036,29.12231920966385,0.19151473762784832,0.006619751545898526,True
pr,simcse,31,global_centered,half,1000,37.0047776940298,37.102630270576334,0.09785257654653634,0.002644322777875341,True
pr,simcse,32,global_centered,half,1000,40.644016672604536,39.95573643046231,-0.6882802421422269,-0.01693435586562367,True
pr,simcse,33,global_centered,half,1000,48.35302406345982,47.787963500030095,-0.565060563429725,-0.01168614733771613,True
pr,simcse,34,global_centered,half,1000,34.02354499541583,34.567120863112734,0.5435758676969016,0.01597646182283887,True
pr,simcse,35,global_centered,half,1000,30.272425840938375,30.97340568657549,0.7009798456371144,0.023155720962710454,True
pr,simcse,36,global_centered,half,1000,40.31385849861135,39.289660033599766,-1.0241984650115867,-0.025405617401938,True
gap_25,specter,11,global_centered,half,1000,0.0896766748364008,0.08796141850984457,-0.0017152563265562248,-0.019127117833989786,True
gap_25,specter,12,global_centered,half,1000,0.116160909116567,0.11180536663544242,-0.004355542481124575,-0.03749576784694243,True
gap_25,specter,13,global_centered,half,1000,0.09904133006497616,0.09524181374682697,-0.0037995163181491903,-0.0383629371259101,True
gap_25,specter,14,global_centered,half,1000,0.12331670358881393,0.1219488685152862,-0.0013678350735277234,-0.011092050255321614,True
gap_25,specter,15,global_centered,half,1000,0.035923583640845545,0.039023655296266405,0.0031000716554208593,0.08629628063877348,True
gap_25,specter,16,global_centered,half,1000,0.07243133880499159,0.08013768244125628,0.007706343636264698,0.10639515661877587,True
gap_25,specter,17,global_centered,half,1000,0.09143871659918425,0.08659072086241766,-0.004847995736766586,-0.05301907022620915,True
gap_25,specter,18,global_centered,half,1000,0.11720519822636472,0.10749625109599616,-0.009708947130368559,-0.08283717170647283,True
gap_25,specter,19,global_centered,half,1000,0.07235162889298037,0.06988592041942951,-0.002465708473550862,-0.03407951571066962,True
gap_25,specter,20,global_centered,half,1000,0.10940532574773774,0.10288034935321036,-0.006524976394527385,-0.05964039090356903,True
gap_25,specter,21,global_centered,half,1000,0.07133799815237236,0.019217934683414983,-0.05212006346895738,-0.7306073175425111,True
gap_25,specter,22,global_centered,half,1000,0.11401248220654311,0.10699576250543272,-0.0070167197011103966,-0.061543434239060106,True
gap_25,specter,23,global_centered,half,1000,0.09013751516873278,0.08575376100020297,-0.004383754168529805,-0.048634069402996555,True
gap_25,specter,24,global_centered,half,1000,0.0889634662645408,0.08650953771033104,-0.0024539285542097555,-0.027583553758042435,True
gap_25,specter,25,global_centered,half,1000,0.11842168619284327,0.11539505500537392,-0.0030266311874693475,-0.025558082178805015,True
gap_25,specter,26,global_centered,half,1000,0.07429971110807909,0.044819316353725665,-0.029480394754353427,-0.3967767076707763,True
gap_25,specter,27,global_centered,half,1000,0.15425115641828802,0.14928148363802068,-0.004969672780267331,-0.03221805849410233,True
gap_25,specter,28,global_centered,half,1000,0.10955798447487834,0.09369158104852152,-0.015866403426356826,-0.14482197260570265,True
gap_25,specter,29,global_centered,half,1000,0.026967808828765788,0.07079832706518277,0.04383051823641698,1.6252903049974243,True
gap_25,specter,30,global_centered,half,1000,0.03863845313240638,0.03866597111905367,2.7517986647289383e-05,0.000712191726542226,True
gap_25,specter,31,global_centered,half,1000,0.07105337580765593,0.06709604187702024,-0.003957333930635687,-0.05569522750542259,True
gap_25,specter,32,global_centered,half,1000,0.11693243946083365,0.11094728941600884,-0.005985150044824805,-0.05118468469846233,True
gap_25,specter,33,global_centered,half,1000,0.10456076364848661,0.09905520424733426,-0.0055055594011523545,-0.05265416212587159,True
gap_25,specter,34,global_centered,half,1000,0.06873352386434808,0.06687421908002036,-0.00185930478432772,-0.02705091605658439,True
gap_25,specter,35,global_centered,half,1000,0.08095887864730064,0.0843304538323134,0.0033715751850127568,0.041645527227484304,True
gap_25,specter,36,global_centered,half,1000,0.13993157906444023,0.11964140168409725,-0.020290177380342986,-0.1450007033151474,True
gap_25,specter2,11,global_centered,half,1000,0.17167167772021652,0.14840572416859144,-0.023265953551625085,-0.13552587043241335,True
gap_25,specter2,12,global_centered,half,1000,0.15329054483109292,0.15704385344458227,0.0037533086134893534,0.02448493230697974,True
gap_25,specter2,13,global_centered,half,1000,0.1707092095738358,0.13798427055529905,-0.032724939018536764,-0.19169990359765826,True
gap_25,specter2,14,global_centered,half,1000,0.1895681957892866,0.17461052887763168,-0.014957666911654927,-0.07890388389981319,True
gap_25,specter2,15,global_centered,half,1000,0.05252745626004013,0.0615407718238575,0.009013315563817369,0.17159246241044765,True
gap_25,specter2,16,global_centered,half,1000,0.12392326635198679,0.13739316239278077,0.013469896040793974,0.10869545677189148,True
gap_25,specter2,17,global_centered,half,1000,0.13016528577997807,0.12899538553160692,-0.0011699002483711585,-0.008987805322754583,True
gap_25,specter2,18,global_centered,half,1000,0.12542104720452993,0.12168136578470307,-0.0037396814198268624,-0.029817016387436075,True
gap_25,specter2,19,global_centered,half,1000,0.13378629481570697,0.1174284305356858,-0.016357864280021173,-0.12226860981952169,True
gap_25,specter2,20,global_centered,half,1000,0.1575078486733721,0.16011831966229145,0.0026104709889193667,0.016573593067941424,True
gap_25,specter2,21,global_centered,half,1000,0.03189239765713252,0.025835297839121387,-0.006057099818011131,-0.18992299930314274,True
gap_25,specter2,22,global_centered,half,1000,0.15476897959738536,0.14859325534740056,-0.006175724249984804,-0.03990285563715854,True
gap_25,specter2,23,global_centered,half,1000,0.14191810479708994,0.1192514590661402,-0.022666645730949744,-0.15971637842372405,True
gap_25,specter2,24,global_centered,half,1000,0.11751506283775713,0.10295240674555559,-0.014562656092201545,-0.12392161260473428,True
gap_25,specter2,25,global_centered,half,1000,0.1862652009208722,0.17584377414552502,-0.010421426775347187,-0.05594940291490271,True
gap_25,specter2,26,global_centered,half,1000,0.058174932576381705,0.06790237454313222,0.009727441966750516,0.16721019751898666,True
gap_25,specter2,27,global_centered,half,1000,0.2534129804362372,0.2032926747061573,-0.05012030573007992,-0.19778113040539766,True
gap_25,specter2,28,global_centered,half,1000,0.11204677785956707,0.10212102482927071,-0.009925753030296358,-0.08858579621751124,True
gap_25,specter2,29,global_centered,half,1000,0.039308116902899704,0.0904248213157504,0.0511167044128507,1.3004109186690622,True
gap_25,specter2,30,global_centered,half,1000,0.0774948527731015,0.06344407631936741,-0.014050776453734093,-0.18131238335110592,True
gap_25,specter2,31,global_centered,half,1000,0.06115842621360891,0.07593419474565825,0.014775768532049344,0.2415982465023185,True
gap_25,specter2,32,global_centered,half,1000,0.15890737236394195,0.1398692432698199,-0.019038129094122058,-0.1198064558673808,True
gap_25,specter2,33,global_centered,half,1000,0.22586686055703398,0.1956802345220805,-0.03018662603495348,-0.1336478753921982,True
gap_25,specter2,34,global_centered,half,1000,0.08150731869656848,0.07030825416247591,-0.01119906453409257,-0.1373994963051589,True
gap_25,specter2,35,global_centered,half,1000,0.1254044079377963,0.11324910310418768,-0.012155304833608632,-0.09692884830362554,True
gap_25,specter2,36,global_centered,half,1000,0.21766228683722413,0.17255776363838632,-0.045104523198837815,-0.20722249983787333,True
gap_25,scincl,11,global_centered,half,1000,0.10540759693939732,0.1049016917464687,-0.0005059051929286185,-0.004799513579836962,True
gap_25,scincl,12,global_centered,half,1000,0.10658623365834022,0.10788176333216973,0.0012955296738295097,0.012154756100889173,True
gap_25,scincl,13,global_centered,half,1000,0.10743762426972495,0.09771964729701225,-0.009717976972712691,-0.09045226975901345,True
gap_25,scincl,14,global_centered,half,1000,0.15001741571387242,0.14339558141907718,-0.006621834294795237,-0.04414043705048908,True
gap_25,scincl,15,global_centered,half,1000,0.03346308107922222,0.042828980365275125,0.009365899286052908,0.27988753527744786,True
gap_25,scincl,16,global_centered,half,1000,0.1325594575586925,0.1090094560565628,-0.0235500015021297,-0.17765613963607702,True
gap_25,scincl,17,global_centered,half,1000,0.10193035986656622,0.09360986907450397,-0.008320490792062249,-0.08162917116111763,True
gap_25,scincl,18,global_centered,half,1000,0.08844970627272022,0.09030516228451849,0.0018554560117982621,0.02097752598609278,True
gap_25,scincl,19,global_centered,half,1000,0.08238532275969607,0.08018282255536255,-0.0022025002043335185,-0.026734133345059967,True
gap_25,scincl,20,global_centered,half,1000,0.09843517345346181,0.09793392384620477,-0.0005012496072570455,-0.005092179854734815,True
gap_25,scincl,21,global_centered,half,1000,0.024863218723501286,0.021025519456829886,-0.0038376992666714,-0.15435247179175232,True
gap_25,scincl,22,global_centered,half,1000,0.1255717957222092,0.10202222833720914,-0.023549567385000053,-0.1875386686123098,True
gap_25,scincl,23,global_centered,half,1000,0.09198442619214685,0.09014683886275475,-0.0018375873293920986,-0.019977157063017937,True
gap_25,scincl,24,global_centered,half,1000,0.08641051429440157,0.07769187575770245,-0.008718638536699116,-0.10089788965952244,True
gap_25,scincl,25,global_centered,half,1000,0.12124806200626961,0.11437045203185658,-0.006877609974413029,-0.05672346312683658,True
gap_25,scincl,26,global_centered,half,1000,0.044432601547065784,0.04275322131729513,-0.001679380229770655,-0.03779612652191321,True
gap_25,scincl,27,global_centered,half,1000,0.159886422713713,0.15654379781725336,-0.003342624896459645,-0.020906246069716822,True
gap_25,scincl,28,global_centered,half,1000,0.08983673924752834,0.08769552566822791,-0.00214121357930043,-0.02383449797082145,True
gap_25,scincl,29,global_centered,half,1000,0.07005540854441236,0.06769658398761864,-0.0023588245567937177,-0.03367084149253539,True
gap_25,scincl,30,global_centered,half,1000,0.044314567573743635,0.03595948853698305,-0.008355079036760582,-0.1885402361843414,True
gap_25,scincl,31,global_centered,half,1000,0.07729807539656919,0.07606893675498887,-0.0012291386415803213,-0.015901283897100438,True
gap_25,scincl,32,global_centered,half,1000,0.11527031844276074,0.11141139113683746,-0.003858927305923285,-0.033477198276670804,True
gap_25,scincl,33,global_centered,half,1000,0.12321522795579994,0.12027302371204576,-0.0029422042437541734,-0.023878576476031095,True
gap_25,scincl,34,global_centered,half,1000,0.06601987146297186,0.06612334914822865,0.00010347768525678647,0.001567371807362929,True
gap_25,scincl,35,global_centered,half,1000,0.06831314733233056,0.07374947098206436,0.005436323649733801,0.07957946401279264,True
gap_25,scincl,36,global_centered,half,1000,0.14376372706242171,0.12930610170700488,-0.014457625355416837,-0.1005651818496566,True
gap_25,scibert,11,global_centered,half,1000,0.13472095908309253,0.1375349416828537,0.002813982599761178,0.020887489362554072,True
gap_25,scibert,12,global_centered,half,1000,0.12365121839497452,0.11652817954338991,-0.007123038851584607,-0.05760589296283152,True
gap_25,scibert,13,global_centered,half,1000,0.14554833556947228,0.14199142786453203,-0.003556907704940243,-0.024437982688180454,True
gap_25,scibert,14,global_centered,half,1000,0.06886428187984793,0.07932015243538065,0.010455870555532723,0.15183300065156816,True
gap_25,scibert,15,global_centered,half,1000,0.10114957172711433,0.09315659289000484,-0.00799297883710949,-0.07902138091768983,True
gap_25,scibert,16,global_centered,half,1000,0.07549852811610361,0.11192410255607993,0.03642557443997632,0.4824673453760598,True
gap_25,scibert,17,global_centered,half,1000,0.11188453895773985,0.12173975732879642,0.009855218371056573,0.08808382697790808,True
gap_25,scibert,18,global_centered,half,1000,0.14089851112537416,0.0994975643298685,-0.041400946795505655,-0.2938352326424962,True
gap_25,scibert,19,global_centered,half,1000,0.10265403108946612,0.0974967638822511,-0.005157267207215016,-0.05023930529060569,True
gap_25,scibert,20,global_centered,half,1000,0.0750755641815292,0.06813012165312185,-0.006945442528407356,-0.09251269176763827,True
gap_25,scibert,21,global_centered,half,1000,0.08865156211633232,0.09029622613533284,0.0016446640190005135,0.018552002691642543,True
gap_25,scibert,22,global_centered,half,1000,0.13025816171808716,0.13982580007512507,0.009567638357037916,0.07345135407134638,True
gap_25,scibert,23,global_centered,half,1000,0.10248708152194673,0.10284773541150775,0.0003606538895610245,0.0035190180479848436,True
gap_25,scibert,24,global_centered,half,1000,0.11500465485038325,0.10885558021937351,-0.006149074631009735,-0.05346804995858168,True
gap_25,scibert,25,global_centered,half,1000,0.16620689972196026,0.15197914632402404,-0.014227753397936221,-0.0856026640394422,True
gap_25,scibert,26,global_centered,half,1000,0.054530130545024764,0.07712156052383479,0.022591429978810022,0.41429260764664033,True
gap_25,scibert,27,global_centered,half,1000,0.15971237893887938,0.15170449736397712,-0.00800788157490226,-0.05013939200020814,True
gap_25,scibert,28,global_centered,half,1000,0.11022987264730709,0.09740782309556968,-0.012822049551737408,-0.11632100485830191,True
gap_25,scibert,29,global_centered,half,1000,0.08151294877730451,0.07226229933528416,-0.00925064944202035,-0.11348687025534267,True
gap_25,scibert,30,global_centered,half,1000,0.04582238659825947,0.05068384793672883,0.004861461338469361,0.10609358654954956,True
gap_25,scibert,31,global_centered,half,1000,0.07598554408475078,0.07842896228617764,0.002443418201426864,0.03215635593398644,True
gap_25,scibert,32,global_centered,half,1000,0.13572562949488284,0.12101261990710264,-0.014713009587780199,-0.10840258868230124,True
gap_25,scibert,33,global_centered,half,1000,0.09567226038398134,0.09622376982436798,0.0005515094403866355,0.005764569982700818,True
gap_25,scibert,34,global_centered,half,1000,0.12609250600112273,0.12702815346103274,0.0009356474599100106,0.007420325676624109,True
gap_25,scibert,35,global_centered,half,1000,0.1284414684585796,0.11320173780062491,-0.015239730657954684,-0.1186511711587077,True
gap_25,scibert,36,global_centered,half,1000,0.12573288421735654,0.11584934404842377,-0.009883540168932767,-0.0786074401335368,True
gap_25,bert,11,global_centered,half,1000,0.1163833825408935,0.10108780501860042,-0.015295577522293088,-0.1314240674945042,True
gap_25,bert,12,global_centered,half,1000,0.11427671733551949,0.10329432726390649,-0.010982390071613002,-0.09610347871096447,True
gap_25,bert,13,global_centered,half,1000,0.1061708152533334,0.11435758459536322,0.008186769342029818,0.0771094139429506,True
gap_25,bert,14,global_centered,half,1000,0.14157162632250775,0.11663362451939997,-0.024938001803107776,-0.17615112894371696,True
gap_25,bert,15,global_centered,half,1000,0.06162018388811483,0.06421305884248829,0.002592874954373464,0.04207833847236494,True
gap_25,bert,16,global_centered,half,1000,0.055353810545134455,0.12005170598541152,0.06469789544027707,1.168806533879427,True
gap_25,bert,17,global_centered,half,1000,0.10687417100581756,0.09407092473499844,-0.012803246270819121,-0.11979738556402177,True
gap_25,bert,18,global_centered,half,1000,0.0885714085512429,0.08116328380555958,-0.007408124745683323,-0.08364013700196897,True
gap_25,bert,19,global_centered,half,1000,0.08340267737908025,0.07701147845395771,-0.006391198925122535,-0.07663062057436575,True
gap_25,bert,20,global_centered,half,1000,0.11798574845189948,0.10752172431276788,-0.010464024139131597,-0.08868888214408013,True
gap_25,bert,21,global_centered,half,1000,0.024931683286315048,0.09162932542688124,0.06669764214056619,2.675216164693396,True
gap_25,bert,22,global_centered,half,1000,0.11362123267235497,0.10373621394316974,-0.009885018729185222,-0.0869997490494603,True
gap_25,bert,23,global_centered,half,1000,0.10051838320790153,0.08516987113161972,-0.015348512076281809,-0.15269358286967846,True
gap_25,bert,24,global_centered,half,1000,0.07326137054224,0.08979118228749126,0.01652981174525127,0.22562793492541539,True
gap_25,bert,25,global_centered,half,1000,0.1292324924648751,0.1335785738094154,0.004346081344540315,0.03362994291641913,True
gap_25,bert,26,global_centered,half,1000,0.03350837966313922,0.05272816522486481,0.019219785561725586,0.5735814669328295,True
gap_25,bert,27,global_centered,half,1000,0.09746075533744594,0.09347299079210951,-0.0039877645453364335,-0.04091661850484625,True
gap_25,bert,28,global_centered,half,1000,0.06338091355208013,0.06126173944944926,-0.0021191741026308705,-0.03343552473237143,True
gap_25,bert,29,global_centered,half,1000,0.05749523795206554,0.050504718211814334,-0.006990519740251208,-0.12158432575023495,True
gap_25,bert,30,global_centered,half,1000,0.030622396558729035,0.056854218119854166,0.02623182156112513,0.8566220971900923,True
gap_25,bert,31,global_centered,half,1000,0.08806851789030154,0.08398223389386607,-0.004086283996435472,-0.04639891864111261,True
gap_25,bert,32,global_centered,half,1000,0.11879333350266454,0.09780156721171886,-0.02099176629094568,-0.17670828549040452,True
gap_25,bert,33,global_centered,half,1000,0.12867621605920387,0.11257375519515911,-0.016102460864044765,-0.12513937196160657,True
gap_25,bert,34,global_centered,half,1000,0.10994197529554832,0.09916619518311935,-0.010775780112428968,-0.09801333915878162,True
gap_25,bert,35,global_centered,half,1000,0.10506947108519142,0.08885904248013896,-0.016210428605052465,-0.15428295619675178,True
gap_25,bert,36,global_centered,half,1000,0.11683153553659482,0.09822547187185579,-0.018606063664739034,-0.1592554919293268,True
gap_25,mpnet,11,global_centered,half,1000,0.12927872069385318,0.12515640385492688,-0.004122316838926304,-0.0318870485165801,True
gap_25,mpnet,12,global_centered,half,1000,0.12987875320554843,0.12538495154930618,-0.004493801656242247,-0.03459997532568145,True
gap_25,mpnet,13,global_centered,half,1000,0.11733044593886024,0.11352155647566087,-0.0038088894631993775,-0.03246292496991065,True
gap_25,mpnet,14,global_centered,half,1000,0.1498557181122763,0.1469428514034666,-0.0029128667088096916,-0.019437808216482513,True
gap_25,mpnet,15,global_centered,half,1000,0.0390358856033464,0.03947233817071355,0.00043645256736715016,0.01118080352530121,True
gap_25,mpnet,16,global_centered,half,1000,0.10127779038497058,0.10838102204407403,0.007103231659103454,0.0701361239429011,True
gap_25,mpnet,17,global_centered,half,1000,0.10840950035559357,0.10508815391569133,-0.0033213464399022424,-0.030637042224232258,True
gap_25,mpnet,18,global_centered,half,1000,0.09570855931718446,0.09146453865994854,-0.00424402065723592,-0.04434316729364775,True
gap_25,mpnet,19,global_centered,half,1000,0.09525906065669322,0.09617024053068982,0.0009111798739965954,0.00956528300526101,True
gap_25,mpnet,20,global_centered,half,1000,0.11692137680215971,0.11942673515881536,0.0025053583566556487,0.021427718567622708,True
gap_25,mpnet,21,global_centered,half,1000,0.020138448542542882,0.0202877022561782,0.00014925371363531947,0.0074113809373159,True
gap_25,mpnet,22,global_centered,half,1000,0.11560670609540355,0.11609666886092951,0.0004899627655259586,0.004238186365431263,True
gap_25,mpnet,23,global_centered,half,1000,0.09902127816173628,0.09990478351946733,0.0008835053577310459,0.00892237884758439,True
gap_25,mpnet,24,global_centered,half,1000,0.09120166417313887,0.09004127190580823,-0.00116039226733064,-0.01272336725268226,True
gap_25,mpnet,25,global_centered,half,1000,0.13174792512501454,0.13270378826560925,0.0009558631405947038,0.007255242461600006,True
gap_25,mpnet,26,global_centered,half,1000,0.0421161845315069,0.04390844409914047,0.0017922595676335695,0.04255512667090698,True
gap_25,mpnet,27,global_centered,half,1000,0.17481564080171327,0.17119174702141526,-0.00362389378029801,-0.020729802915109036,True
gap_25,mpnet,28,global_centered,half,1000,0.07748524900044544,0.07765839789910897,0.00017314889866353045,0.0022346046621407266,True
gap_25,mpnet,29,global_centered,half,1000,0.025280240426737183,0.022526646205589244,-0.0027535942211479383,-0.1089227861233333,True
gap_25,mpnet,30,global_centered,half,1000,0.05244829495188806,0.050811473758042264,-0.0016368211938457972,-0.031208282277761137,True
gap_25,mpnet,31,global_centered,half,1000,0.08659619920126066,0.0886803852309422,0.0020841860296815368,0.024067869593648348,True
gap_25,mpnet,32,global_centered,half,1000,0.118082269692532,0.11737136881216202,-0.0007109008803699718,-0.006020386313889866,True
gap_25,mpnet,33,global_centered,half,1000,0.15458199208663,0.1522887893072862,-0.002293202779343806,-0.014834863675832703,True
gap_25,mpnet,34,global_centered,half,1000,0.051805169395052184,0.05227407035254922,0.0004689009574970343,0.009051238765794252,True
gap_25,mpnet,35,global_centered,half,1000,0.07242253328086651,0.07250803720834037,8.550392747386226e-05,0.0011806260234264929,True
gap_25,mpnet,36,global_centered,half,1000,0.13268765653678768,0.13011975526798647,-0.002567901268801215,-0.019352977781239684,True
gap_25,minilm,11,global_centered,half,1000,0.13890635451153205,0.13903648501772725,0.00013013050619520294,0.0009368218369333094,True
gap_25,minilm,12,global_centered,half,1000,0.1550219148774618,0.15075712298055524,-0.004264791896906567,-0.02751089676758091,True
gap_25,minilm,13,global_centered,half,1000,0.14214891042385988,0.14375590641464853,0.0016069959907886455,0.01130501799835751,True
gap_25,minilm,14,global_centered,half,1000,0.18283549366084126,0.17927387137115613,-0.0035616222896851235,-0.019479928204158822,True
gap_25,minilm,15,global_centered,half,1000,0.04777954505620326,0.04950751089702734,0.001727965840824082,0.03616538915955498,True
gap_25,minilm,16,global_centered,half,1000,0.11987293704211605,0.13131652435179764,0.011443587309681591,0.0954643107281255,True
gap_25,minilm,17,global_centered,half,1000,0.11449109468117255,0.11553554417954509,0.0010444494983725405,0.009122539192074777,True
gap_25,minilm,18,global_centered,half,1000,0.11779319488274101,0.11508639385452678,-0.0027068010282142313,-0.02297926489648877,True
gap_25,minilm,19,global_centered,half,1000,0.10803829995317822,0.10674117722287106,-0.0012971227303071597,-0.012006137923952047,True
gap_25,minilm,20,global_centered,half,1000,0.15012098501705837,0.14768645086717125,-0.0024345341498871187,-0.016217147453505457,True
gap_25,minilm,21,global_centered,half,1000,0.08292838170828296,0.08405691497561345,0.001128533267330492,0.013608528757987005,True
gap_25,minilm,22,global_centered,half,1000,0.13193797663832715,0.13070119655221046,-0.00123678008611669,-0.009373950682198148,True
gap_25,minilm,23,global_centered,half,1000,0.11887369700558202,0.11529097954441399,-0.0035827174611680335,-0.030138857892169347,True
gap_25,minilm,24,global_centered,half,1000,0.10323200653775126,0.10164702637012221,-0.0015849801676290493,-0.01535357318710484,True
gap_25,minilm,25,global_centered,half,1000,0.16022016874203254,0.16199033906953247,0.0017701703274999314,0.011048361397933922,True
gap_25,minilm,26,global_centered,half,1000,0.05127968502230153,0.0556504118298946,0.004370726807593074,0.08523310557957299,True
gap_25,minilm,27,global_centered,half,1000,0.19895992515823804,0.19711108593856386,-0.0018488392196741865,-0.009292520683267027,True
gap_25,minilm,28,global_centered,half,1000,0.09431995649271127,0.09426537065006985,-5.458584264142474e-05,-0.0005787305748560534,True
gap_25,minilm,29,global_centered,half,1000,0.036258257699267216,0.08101438387002703,0.044756126170759816,1.2343705685467712,True
gap_25,minilm,30,global_centered,half,1000,0.07190297797227299,0.06973695488165026,-0.0021660230906227346,-0.030124247308059893,True
gap_25,minilm,31,global_centered,half,1000,0.1271173687737516,0.12068659706890059,-0.006430771704851013,-0.050589244938642086,True
gap_25,minilm,32,global_centered,half,1000,0.14202263593428432,0.13920951186664662,-0.002813124067637701,-0.019807575384950392,True
gap_25,minilm,33,global_centered,half,1000,0.1678942263880476,0.16391580890914995,-0.003978417478897656,-0.023695975522722797,True
gap_25,minilm,34,global_centered,half,1000,0.07783083739306763,0.07786717256561253,3.633517254489349e-05,0.0004668480227366775,True
gap_25,minilm,35,global_centered,half,1000,0.09503466276498486,0.09509187039122892,5.720762624406017e-05,0.0006019658993848515,True
gap_25,minilm,36,global_centered,half,1000,0.1532205646560548,0.1497657837718018,-0.003454780884252995,-0.022547762384299976,True
gap_25,pubmedbert,11,global_centered,half,1000,0.13716781699874586,0.1276466200767017,-0.009521196922044173,-0.06941276117364488,True
gap_25,pubmedbert,12,global_centered,half,1000,0.1128205900219346,0.1334410297200969,0.020620439698162282,0.18277195407463523,True
gap_25,pubmedbert,13,global_centered,half,1000,0.14085618466126446,0.14028666228723538,-0.0005695223740290745,-0.004043289795181379,True
gap_25,pubmedbert,14,global_centered,half,1000,0.12333464846780583,0.11293048827726639,-0.010404160190539441,-0.08435715607731473,True
gap_25,pubmedbert,15,global_centered,half,1000,0.10078494437579466,0.09509492362828498,-0.005690020747509683,-0.056457051028310584,True
gap_25,pubmedbert,16,global_centered,half,1000,0.08048570747654392,0.10959426376942313,0.029108556292879215,0.3616611843955322,True
gap_25,pubmedbert,17,global_centered,half,1000,0.12933725129193402,0.10499042038061909,-0.024346830911314926,-0.18824299007530626,True
gap_25,pubmedbert,18,global_centered,half,1000,0.11623768857116597,0.10449158543765674,-0.011746103133509225,-0.10105244932083908,True
gap_25,pubmedbert,19,global_centered,half,1000,0.10920483533860978,0.10530436844411888,-0.0039004668944909032,-0.03571697976922711,True
gap_25,pubmedbert,20,global_centered,half,1000,0.11630352387423039,0.10022695428948034,-0.016076569584750053,-0.1382294280449758,True
gap_25,pubmedbert,21,global_centered,half,1000,0.030872837881841763,0.028174614294341066,-0.002698223587500697,-0.08739797740095964,True
gap_25,pubmedbert,22,global_centered,half,1000,0.14264012034678641,0.12775868677425475,-0.01488143357253166,-0.10432852647874907,True
gap_25,pubmedbert,23,global_centered,half,1000,0.11564354552614994,0.10294470533535906,-0.012698840190790886,-0.1098101941877885,True
gap_25,pubmedbert,24,global_centered,half,1000,0.12793047690674672,0.11767503380682379,-0.010255443099922934,-0.08016419033127273,True
gap_25,pubmedbert,25,global_centered,half,1000,0.17087964657363053,0.16299624243403366,-0.007883404139596872,-0.04613424885684079,True
gap_25,pubmedbert,26,global_centered,half,1000,0.050292991329241414,0.07417875072672643,0.023885759397485017,0.4749321678067959,True
gap_25,pubmedbert,27,global_centered,half,1000,0.16612466318055383,0.15763522863372909,-0.008489434546824742,-0.05110279463801192,True
gap_25,pubmedbert,28,global_centered,half,1000,0.09588378105248073,0.09210149882761892,-0.0037822822248618077,-0.03944652769576979,True
gap_25,pubmedbert,29,global_centered,half,1000,0.0909494956164602,0.08476770303901977,-0.00618179257744042,-0.06796950918243057,True
gap_25,pubmedbert,30,global_centered,half,1000,0.05123593301851105,0.05064567114808314,-0.000590261870427912,-0.011520466899951953,True
gap_25,pubmedbert,31,global_centered,half,1000,0.11546359780995959,0.1003615907370139,-0.015102007072945692,-0.13079453056539897,True
gap_25,pubmedbert,32,global_centered,half,1000,0.12064353154156525,0.09946744333966163,-0.021176088201903615,-0.1755260968517639,True
gap_25,pubmedbert,33,global_centered,half,1000,0.1279200678275143,0.11623433496847163,-0.011685732859042675,-0.0913518344502409,True
gap_25,pubmedbert,34,global_centered,half,1000,0.1305474736678876,0.12902459701708308,-0.0015228766508045277,-0.01166530923975382,True
gap_25,pubmedbert,35,global_centered,half,1000,0.14395833183303652,0.12892717207878937,-0.015031159754247153,-0.10441326710898786,True
gap_25,pubmedbert,36,global_centered,half,1000,0.12023062546159118,0.10351112406586206,-0.016719501395729114,-0.13906191813890478,True
gap_25,biobert,11,global_centered,half,1000,0.14103312186617337,0.13533712082709473,-0.005696001039078635,-0.04038768314640006,True
gap_25,biobert,12,global_centered,half,1000,0.10162686939645933,0.09869740553425459,-0.0029294638622047453,-0.02882568241649297,True
gap_25,biobert,13,global_centered,half,1000,0.1648774528356348,0.14298952376290922,-0.021887929072725576,-0.13275271237083885,True
gap_25,biobert,14,global_centered,half,1000,0.10875902230510755,0.10792329704227127,-0.000835725262836276,-0.00768419249385831,True
gap_25,biobert,15,global_centered,half,1000,0.09547479231717575,0.08908612422444602,-0.006388668092729727,-0.06691471055004763,True
gap_25,biobert,16,global_centered,half,1000,0.07461463363226419,0.10710945484473353,0.03249482121246934,0.43550198708498683,True
gap_25,biobert,17,global_centered,half,1000,0.13209837253689619,0.10911527387925561,-0.022983098657640574,-0.17398472226613695,True
gap_25,biobert,18,global_centered,half,1000,0.11181365687529626,0.10552626891047492,-0.006287387964821339,-0.05623094835216371,True
gap_25,biobert,19,global_centered,half,1000,0.10630492363755675,0.09745929314435231,-0.008845630493204443,-0.08320997927963654,True
gap_25,biobert,20,global_centered,half,1000,0.10163729466950312,0.09768609169760786,-0.00395120297189526,-0.03887552285549806,True
gap_25,biobert,21,global_centered,half,1000,0.0316534501926952,0.02913820918837869,-0.0025152410043165103,-0.07946182766821934,True
gap_25,biobert,22,global_centered,half,1000,0.13648451744138554,0.12658762842733148,-0.009896889014054056,-0.07251290622252711,True
gap_25,biobert,23,global_centered,half,1000,0.11557327243800763,0.108206907848254,-0.007366364589753635,-0.06373761367451874,True
gap_25,biobert,24,global_centered,half,1000,0.1377703522785208,0.12025258901044837,-0.01751776326807243,-0.12715190879862148,True
gap_25,biobert,25,global_centered,half,1000,0.17556601721758403,0.16500728981538368,-0.010558727402200346,-0.06014106584826499,True
gap_25,biobert,26,global_centered,half,1000,0.07873345893373448,0.07485601703002785,-0.0038774419037066327,-0.04924770175498141,True
gap_25,biobert,27,global_centered,half,1000,0.1917296578416673,0.16967836150189608,-0.02205129633977121,-0.11501244297833901,True
gap_25,biobert,28,global_centered,half,1000,0.0961631629303001,0.08216966649687939,-0.01399349643342071,-0.14551826299186227,True
gap_25,biobert,29,global_centered,half,1000,0.08633923448925292,0.07422322198214816,-0.012116012507104756,-0.14033032118917962,True
gap_25,biobert,30,global_centered,half,1000,0.051967177019090045,0.05516510751523959,0.0031979304961495467,0.06153750654908179,True
gap_25,biobert,31,global_centered,half,1000,0.11030464334079339,0.10608188163286343,-0.004222761707929956,-0.0382827193854701,True
gap_25,biobert,32,global_centered,half,1000,0.13772200347750616,0.1162630630901797,-0.02145894038732646,-0.15581344916196563,True
gap_25,biobert,33,global_centered,half,1000,0.13280880745022794,0.11792521674194824,-0.014883590708279701,-0.11206779877048098,True
gap_25,biobert,34,global_centered,half,1000,0.13509311555736658,0.14024890279346028,0.005155787236093695,0.03816469266270136,True
gap_25,biobert,35,global_centered,half,1000,0.1299534185852347,0.1244557553263242,-0.005497663258910504,-0.04230487599912318,True
gap_25,biobert,36,global_centered,half,1000,0.13278672390598298,0.12440212740112887,-0.008384596504854111,-0.06314333435013171,True
gap_25,simcse,11,global_centered,half,1000,0.1696946419134377,0.12990528704692506,-0.03978935486651264,-0.23447620041420894,True
gap_25,simcse,12,global_centered,half,1000,0.14501998402063335,0.12671200900139282,-0.01830797501924053,-0.12624449756273373,True
gap_25,simcse,13,global_centered,half,1000,0.13919483427200258,0.12924001277459302,-0.00995482149740956,-0.07151717626213559,True
gap_25,simcse,14,global_centered,half,1000,0.1743095126350441,0.1549578837825016,-0.01935162885254249,-0.11101877665769996,True
gap_25,simcse,15,global_centered,half,1000,0.09973068157576598,0.09482812246649516,-0.004902559109270815,-0.049157982596823156,True
gap_25,simcse,16,global_centered,half,1000,0.0937519047071036,0.11114285171339126,0.01739094700628767,0.18549966596006615,True
gap_25,simcse,17,global_centered,half,1000,0.14915853581898728,0.12200038037653685,-0.027158155442450427,-0.18207577121438398,True
gap_25,simcse,18,global_centered,half,1000,0.14518185498984634,0.12264840031167976,-0.022533454678166587,-0.15520847753145542,True
gap_25,simcse,19,global_centered,half,1000,0.09768331137731003,0.09284492414622571,-0.004838387231084318,-0.049531359685337034,True
gap_25,simcse,20,global_centered,half,1000,0.18553191307298011,0.16156931718476344,-0.02396259588821667,-0.1291561947016136,True
gap_25,simcse,21,global_centered,half,1000,0.12132056328593872,0.09658237867407153,-0.024738184611867192,-0.20390759770511543,True
gap_25,simcse,22,global_centered,half,1000,0.13800417448942426,0.12193676860316867,-0.01606740588625559,-0.11642695553015239,True
gap_25,simcse,23,global_centered,half,1000,0.12785491139781102,0.11019472441099354,-0.017660186986817483,-0.13812677818741845,True
gap_25,simcse,24,global_centered,half,1000,0.10103803124004335,0.0991008111829892,-0.0019372200570541426,-0.019173177003535918,True
gap_25,simcse,25,global_centered,half,1000,0.19234418112284524,0.17400705444837833,-0.018337126674466908,-0.09533496967478035,True
gap_25,simcse,26,global_centered,half,1000,0.06553779870358023,0.07940077998657538,0.013862981282995152,0.21152650161009814,True
gap_25,simcse,27,global_centered,half,1000,0.15440996807144025,0.14939531846826903,-0.005014649603171217,-0.03247620387338665,True
gap_25,simcse,28,global_centered,half,1000,0.1266653618726842,0.12331673781691682,-0.003348624055767385,-0.02643677802881268,True
gap_25,simcse,29,global_centered,half,1000,0.0725561591011447,0.06228451260139099,-0.010271646499753706,-0.14156822283598047,True
gap_25,simcse,30,global_centered,half,1000,0.06847973597031298,0.06894704520304232,0.0004673092327293349,0.00682405132128314,True
gap_25,simcse,31,global_centered,half,1000,0.16318829398625215,0.14923352614947183,-0.013954767836780319,-0.0855132895620316,True
gap_25,simcse,32,global_centered,half,1000,0.17030314840466457,0.12273961468759,-0.04756353371707457,-0.27928745981875114,True
gap_25,simcse,33,global_centered,half,1000,0.15279589365352056,0.1303294964221478,-0.022466397231372753,-0.14703534692049694,True
gap_25,simcse,34,global_centered,half,1000,0.14448686558602897,0.11108680488074824,-0.03340006070528073,-0.23116330034437624,True
gap_25,simcse,35,global_centered,half,1000,0.12567558014509383,0.10759164536364894,-0.01808393478144489,-0.14389378398386377,True
gap_25,simcse,36,global_centered,half,1000,0.15841173869733244,0.12262221984682792,-0.03578951885050452,-0.22592718913896495,True
angle_p50,specter,11,quality,half,1000,55.61338432088777,55.56543182667892,-0.04795249420885028,-0.0008622473671475494,False
angle_p50,specter,12,quality,half,1000,47.82241075998776,48.03842438501997,0.2160136250322111,0.004516995726466935,False
angle_p50,specter,13,quality,half,1000,57.62239005672362,57.416594715678926,-0.20579534104469133,-0.0035714475023008573,False
angle_p50,specter,14,quality,half,1000,52.90541471821988,52.793548601194324,-0.11186611702555638,-0.00211445496876582,False
angle_p50,specter,15,quality,half,1000,52.94825036209379,52.751193775253896,-0.19705658683989213,-0.003721682690028357,False
angle_p50,specter,16,quality,half,1000,52.9277857252365,52.97464019358034,0.04685446834384521,0.0008852527590532572,False
angle_p50,specter,17,quality,half,1000,56.26985854307482,55.99613952399221,-0.27371901908260554,-0.004864398563807877,False
angle_p50,specter,18,quality,half,1000,53.07461528095544,52.9261322391807,-0.14848304177473892,-0.0027976282256353636,False
angle_p50,specter,19,quality,half,1000,51.47016779235925,51.19209153388531,-0.2780762584739378,-0.005402668582619586,False
angle_p50,specter,20,quality,half,1000,52.2561168083082,52.227109714141804,-0.029007094166395575,-0.0005550947130802444,False
angle_p50,specter,21,quality,half,1000,54.22563855545119,54.061944507287464,-0.1636940481637268,-0.0030187574093080176,False
angle_p50,specter,22,quality,half,1000,56.81156795515334,56.72627180005796,-0.08529615509538502,-0.0015013870971263671,False
angle_p50,specter,23,quality,half,1000,54.58938109683157,54.322062410561024,-0.2673186862705492,-0.004896899010383994,False
angle_p50,specter,24,quality,half,1000,55.70607930927432,55.557167107337825,-0.148912201936497,-0.0026731768557925616,False
angle_p50,specter,25,quality,half,1000,50.98314244345868,50.728498763978344,-0.2546436794803384,-0.004994664261088718,False
angle_p50,specter,26,quality,half,1000,49.14053957684378,50.63889921081387,1.4983596339700895,0.03049131423612111,False
angle_p50,specter,27,quality,half,1000,59.24650889659931,59.163631188050616,-0.08287770854869336,-0.0013988623142898882,False
angle_p50,specter,28,quality,half,1000,54.9070912550609,54.89406439996152,-0.013026855099376178,-0.00023725268998247046,False
angle_p50,specter,29,quality,half,1000,56.938719825287464,56.88190093151584,-0.05681889377162719,-0.0009978955260317064,False
angle_p50,specter,30,quality,half,1000,56.46606638519049,56.35406295764567,-0.11200342754482051,-0.001983552861302128,False
angle_p50,specter,31,quality,half,1000,52.65372566222503,52.84286021024296,0.1891345480179325,0.0035920449244415367,False
angle_p50,specter,32,quality,half,1000,52.34203636313275,52.07588327798494,-0.2661530851478062,-0.005084882126123619,False
angle_p50,specter,33,quality,half,1000,52.25598271777051,52.195371955273785,-0.06061076249672226,-0.0011598817847149694,False
angle_p50,specter,34,quality,half,1000,55.20129488983537,55.116948919444184,-0.0843459703911833,-0.0015279708666166554,False
angle_p50,specter,35,quality,half,1000,47.218768302465826,47.1433035246706,-0.07546477779522576,-0.0015981945423020466,False
angle_p50,specter,36,quality,half,1000,54.20085262482426,54.21081706969725,0.009964444872991862,0.00018384295431596399,False
angle_p50,specter2,11,quality,half,1000,35.196219368436196,35.37564906492563,0.17942969648943574,0.005097982104587843,False
angle_p50,specter2,12,quality,half,1000,33.03621521107174,33.28724924370305,0.25103403263130986,0.007598752793787905,False
angle_p50,specter2,13,quality,half,1000,35.134094998653374,35.104477893605846,-0.029617105047528014,-0.0008429733297147168,False
angle_p50,specter2,14,quality,half,1000,33.5679699346949,33.662428135355206,0.09445820066030564,0.002813938431310269,False
angle_p50,specter2,15,quality,half,1000,34.72140322920661,34.68756438408943,-0.03383884511718094,-0.0009745817268328807,False
angle_p50,specter2,16,quality,half,1000,34.87835805679694,34.88580716773542,0.007449110938480885,0.0002135740141881259,False
angle_p50,specter2,17,quality,half,1000,36.88810403346991,36.9212389284272,0.033134894957292715,0.0008982542157013066,False
angle_p50,specter2,18,quality,half,1000,34.699738367561174,34.694941671831046,-0.00479669573012842,-0.00013823434860859297,False
angle_p50,specter2,19,quality,half,1000,35.40875367902862,35.49315981749811,0.08440613846948963,0.0023837647389289636,False
angle_p50,specter2,20,quality,half,1000,33.79959558143837,33.93593892574288,0.1363433443045139,0.004033875020072406,False
angle_p50,specter2,21,quality,half,1000,35.5179063117361,35.42290133246305,-0.09500497927304963,-0.0026748473977943163,False
angle_p50,specter2,22,quality,half,1000,36.71270800066663,36.84264209597594,0.12993409530930933,0.003539213051430311,False
angle_p50,specter2,23,quality,half,1000,35.673746732431574,35.708817438023104,0.03507070559152936,0.000983095660082321,False
angle_p50,specter2,24,quality,half,1000,33.82322500545259,33.832599848102504,0.009374842649911841,0.00027717175545503235,False
angle_p50,specter2,25,quality,half,1000,35.03663512453272,35.05152649422222,0.014891369689500777,0.00042502282643785646,False
angle_p50,specter2,26,quality,half,1000,34.8139431688866,35.44847279480865,0.634529625922049,0.018226307282799593,False
angle_p50,specter2,27,quality,half,1000,35.73185962973506,35.74737608175863,0.015516452023568661,0.0004342469769095449,False
angle_p50,specter2,28,quality,half,1000,35.551065530302175,35.59643135587681,0.045365825574634755,0.001276074989537709,False
angle_p50,specter2,29,quality,half,1000,34.77716828718071,34.752212870109126,-0.02495541707158111,-0.0007175804788217902,False
angle_p50,specter2,30,quality,half,1000,33.82876342878107,33.88150183951272,0.05273841073164931,0.0015589813338190233,False
angle_p50,specter2,31,quality,half,1000,36.88045648288863,36.98287618754624,0.1024197046576063,0.0027770725859948566,False
angle_p50,specter2,32,quality,half,1000,35.13197192609968,35.10621573250235,-0.02575619359733139,-0.000733126897958068,False
angle_p50,specter2,33,quality,half,1000,34.17647161136534,34.364516266581276,0.18804465521593272,0.00550216702748796,False
angle_p50,specter2,34,quality,half,1000,33.696678563793085,33.74224147376136,0.04556290996827528,0.001352148398899837,False
angle_p50,specter2,35,quality,half,1000,32.37217715384665,32.43267249883445,0.060495344987799626,0.0018687450244788747,False
angle_p50,specter2,36,quality,half,1000,34.49664486534032,34.63219106858302,0.13554620324269706,0.003929257577709648,False
angle_p50,scincl,11,quality,half,1000,40.69526740032569,40.80299029108211,0.1077228907564205,0.002647061873232915,False
angle_p50,scincl,12,quality,half,1000,39.4647566211312,39.70992585392147,0.2451692327902677,0.006212358919223465,False
angle_p50,scincl,13,quality,half,1000,43.6171651749204,43.50068184236447,-0.11648333255593002,-0.0026705846674993728,False
angle_p50,scincl,14,quality,half,1000,42.28177868650043,42.40132596558727,0.11954727908683793,0.0028273947501883724,False
angle_p50,scincl,15,quality,half,1000,39.79734893314631,39.71462593051298,-0.08272300263332966,-0.0020786058582015635,False
angle_p50,scincl,16,quality,half,1000,37.930386839158004,38.338995544854946,0.40860870569694185,0.01077259526589137,False
angle_p50,scincl,17,quality,half,1000,49.21604530603165,49.44816159298719,0.232116286955538,0.004716272620284894,False
angle_p50,scincl,18,quality,half,1000,45.36864722766097,45.50901027229409,0.14036304463311922,0.003093833587957209,False
angle_p50,scincl,19,quality,half,1000,39.84389515543291,39.62797427917048,-0.21592087626243028,-0.005419170877247638,False
angle_p50,scincl,20,quality,half,1000,40.846351200365405,40.94431027611343,0.09795907574802243,0.002398233204907324,False
angle_p50,scincl,21,quality,half,1000,42.22484276866385,42.09633690713781,-0.12850586152603682,-0.003043370989682035,False
angle_p50,scincl,22,quality,half,1000,46.694127775028875,46.89866786204884,0.2045400870199643,0.004380424193925053,False
angle_p50,scincl,23,quality,half,1000,42.30744119645609,42.09328061840691,-0.21416057804918154,-0.005062007344162445,False
angle_p50,scincl,24,quality,half,1000,40.74099730894845,40.70437245128123,-0.03662485766722057,-0.000898968117777917,False
angle_p50,scincl,25,quality,half,1000,39.51845379850268,39.54947468750173,0.031020888999051976,0.000784972234926543,False
angle_p50,scincl,26,quality,half,1000,42.99878442723032,44.34600407379258,1.3472196465622588,0.0313315751714388,False
angle_p50,scincl,27,quality,half,1000,44.86375364847078,44.88914004765524,0.025386399184462505,0.0005658554427562444,False
angle_p50,scincl,28,quality,half,1000,45.261133429435986,45.299435833724864,0.03830240428887777,0.0008462537587264099,False
angle_p50,scincl,29,quality,half,1000,41.82483789917202,41.763470147013265,-0.0613677521587519,-0.001467256186543804,False
angle_p50,scincl,30,quality,half,1000,40.57657915009235,40.67880367942928,0.10222452933692949,0.0025192988536269162,False
angle_p50,scincl,31,quality,half,1000,41.348187992504094,41.494524172622356,0.14633618011826144,0.00353911954121884,False
angle_p50,scincl,32,quality,half,1000,44.726807017850426,44.63751294248389,-0.08929407536653855,-0.0019964330413950937,False
angle_p50,scincl,33,quality,half,1000,42.27383142996734,42.44608881781064,0.17225738784330247,0.004074799515834554,False
angle_p50,scincl,34,quality,half,1000,40.34478722675007,40.30266885667155,-0.04211837007851926,-0.0010439606445759922,False
angle_p50,scincl,35,quality,half,1000,35.78644299617934,35.76006885550568,-0.02637414067365995,-0.0007369869276048399,False
angle_p50,scincl,36,quality,half,1000,43.673833317677555,43.76624660929762,0.09241329162006195,0.002115987642940801,False
angle_p50,scibert,11,quality,half,1000,35.275096012591696,34.61367370312884,-0.6614223094628571,-0.018750404229282827,False
angle_p50,scibert,12,quality,half,1000,34.5343273905953,33.431248194412476,-1.1030791961828257,-0.03194152831490287,False
angle_p50,scibert,13,quality,half,1000,35.277464110978656,34.79234498847987,-0.4851191224987872,-0.013751530466381053,False
angle_p50,scibert,14,quality,half,1000,34.15327916966049,33.564718739893415,-0.5885604297670781,-0.017232911277518446,False
angle_p50,scibert,15,quality,half,1000,32.842482226210336,32.29081637135764,-0.5516658548526934,-0.016797325215949416,False
angle_p50,scibert,16,quality,half,1000,34.8071966476012,34.21852125885166,-0.5886753887495431,-0.016912461946001406,False
angle_p50,scibert,17,quality,half,1000,34.04291515710413,33.212982582965296,-0.8299325741388373,-0.024379010149653577,False
angle_p50,scibert,18,quality,half,1000,34.3503929933439,33.69061081973306,-0.6597821736108429,-0.01920741267032052,False
angle_p50,scibert,19,quality,half,1000,34.39705852756168,33.759349120529556,-0.6377094070321263,-0.018539649444766982,False
angle_p50,scibert,20,quality,half,1000,34.74738499352073,33.85378872114692,-0.8935962723738129,-0.02571693589432528,False
angle_p50,scibert,21,quality,half,1000,34.868684162091384,34.421936609158614,-0.44674755293277,-0.012812285971446725,False
angle_p50,scibert,22,quality,half,1000,34.64656715911553,34.142591836382785,-0.5039753227327424,-0.014546183476654952,False
angle_p50,scibert,23,quality,half,1000,35.2695368848853,34.71024068532797,-0.5592961995573305,-0.01585776987610563,False
angle_p50,scibert,24,quality,half,1000,34.30429884243353,33.932038684722386,-0.3722601577111462,-0.01085170577078433,False
angle_p50,scibert,25,quality,half,1000,33.014021139391886,32.52255866464426,-0.49146247474762816,-0.014886477253787838,False
angle_p50,scibert,26,quality,half,1000,35.54414484285916,34.699708526911934,-0.8444363159472275,-0.023757395759005723,False
angle_p50,scibert,27,quality,half,1000,35.470235586337736,35.15016049932997,-0.32007508700776555,-0.00902376546749102,False
angle_p50,scibert,28,quality,half,1000,34.70501758160655,34.47084238576584,-0.2341751958407059,-0.006747589027726566,False
angle_p50,scibert,29,quality,half,1000,35.35910152153083,34.85989626518199,-0.4992052563488443,-0.014118154445889092,False
angle_p50,scibert,30,quality,half,1000,35.60411529531138,34.98485331870119,-0.6192619766101899,-0.017392988745088662,False
angle_p50,scibert,31,quality,half,1000,34.600411789877974,34.02848579878672,-0.5719259910912555,-0.016529456197355637,False
angle_p50,scibert,32,quality,half,1000,34.90338831100612,34.411360034308515,-0.49202827669760296,-0.014096862812096992,False
angle_p50,scibert,33,quality,half,1000,35.10155735143556,34.26213689438605,-0.8394204570495063,-0.02391405169420998,False
angle_p50,scibert,34,quality,half,1000,34.26212846006678,33.945180007668874,-0.31694845239790936,-0.009250693597956687,False
angle_p50,scibert,35,quality,half,1000,32.44234631264522,32.05798534127306,-0.3843609713721605,-0.011847508428277463,False
angle_p50,scibert,36,quality,half,1000,35.51261632091499,34.76059490263146,-0.7520214182835261,-0.02117617613660942,False
angle_p50,bert,11,quality,half,1000,33.4740940608631,32.419256947594235,-1.0548371132688672,-0.03151204365235237,False
angle_p50,bert,12,quality,half,1000,37.1720886745113,35.72152469488638,-1.4505639796249241,-0.03902293444757566,False
angle_p50,bert,13,quality,half,1000,32.112485836214816,31.400436810825454,-0.7120490253893621,-0.022173587838109677,False
angle_p50,bert,14,quality,half,1000,33.3223196481663,32.391021519834254,-0.9312981283320454,-0.027948178223039584,False
angle_p50,bert,15,quality,half,1000,31.36286344836983,30.47947600576931,-0.8833874426005188,-0.02816667056102096,False
angle_p50,bert,16,quality,half,1000,32.26059354639184,31.391198177422602,-0.8693953689692364,-0.02694914362685287,False
angle_p50,bert,17,quality,half,1000,33.01678204450554,31.57362244803088,-1.4431595964746613,-0.04370988046410245,False
angle_p50,bert,18,quality,half,1000,33.31063359247873,32.169752258648906,-1.1408813338298245,-0.034249763837798215,False
angle_p50,bert,19,quality,half,1000,33.976661825967014,33.08548786250433,-0.8911739634626841,-0.026229002955834677,False
angle_p50,bert,20,quality,half,1000,34.412473495954636,33.19386110789673,-1.218612388057906,-0.03541193829618671,False
angle_p50,bert,21,quality,half,1000,34.57694193560855,33.91910997784113,-0.6578319577674208,-0.01902516304051638,False
angle_p50,bert,22,quality,half,1000,33.501973471917786,32.60195671187099,-0.9000167600467961,-0.026864589359227246,False
angle_p50,bert,23,quality,half,1000,34.658971587745555,33.86077901455996,-0.7981925731855952,-0.02302989779038377,False
angle_p50,bert,24,quality,half,1000,29.09761865470987,28.65326797157669,-0.44435068313318027,-0.015271032602568516,False
angle_p50,bert,25,quality,half,1000,30.22933590567019,29.48889830389686,-0.7404376017733298,-0.024494008207254205,False
angle_p50,bert,26,quality,half,1000,34.78369714333313,33.79994564210933,-0.9837515012238001,-0.02828197063613039,False
angle_p50,bert,27,quality,half,1000,30.96522779724067,30.394716246817733,-0.5705115504229354,-0.018424264602819235,False
angle_p50,bert,28,quality,half,1000,31.338052909277412,30.949113356074946,-0.38893955320246576,-0.012411095045644107,False
angle_p50,bert,29,quality,half,1000,32.88867661440058,32.09534731474134,-0.7933292996592414,-0.024121654664325275,False
angle_p50,bert,30,quality,half,1000,32.29328168181265,31.242732657613093,-1.050549024199558,-0.03253150406176341,False
angle_p50,bert,31,quality,half,1000,31.93778620542843,31.024128626992788,-0.9136575784356431,-0.028607417325636358,False
angle_p50,bert,32,quality,half,1000,32.47310703155337,31.463369128507097,-1.0097379030462719,-0.03109458857956317,False
angle_p50,bert,33,quality,half,1000,36.62301770095496,35.29453407983158,-1.3284836211233824,-0.03627455366925543,False
angle_p50,bert,34,quality,half,1000,30.516835799587295,29.90449997372639,-0.6123358258609031,-0.020065508425653494,False
angle_p50,bert,35,quality,half,1000,29.380115873455942,28.850237771030773,-0.5298781024251689,-0.018035262512490564,False
angle_p50,bert,36,quality,half,1000,33.746612216865834,32.52438471778715,-1.2222274990786843,-0.036217783617042344,False
angle_p50,mpnet,11,quality,half,1000,80.66050908843488,80.5648585750515,-0.09565051338337582,-0.0011858406854152897,False
angle_p50,mpnet,12,quality,half,1000,82.04356010312502,82.21275081378688,0.16919071066186575,0.002062205862948911,False
angle_p50,mpnet,13,quality,half,1000,83.78017912703451,83.51275826478526,-0.2674208622492529,-0.003191934715772892,False
angle_p50,mpnet,14,quality,half,1000,80.47086107587131,80.39662150055439,-0.07423957531692338,-0.0009225646939073659,False
angle_p50,mpnet,15,quality,half,1000,80.52777240945076,80.15352637559157,-0.37424603385919397,-0.004647415700962223,False
angle_p50,mpnet,16,quality,half,1000,78.42969475381686,78.60297115932099,0.17327640550412582,0.002209321431736073,False
angle_p50,mpnet,17,quality,half,1000,85.87921821300895,85.74096738605654,-0.1382508269524152,-0.0016098286620344782,False
angle_p50,mpnet,18,quality,half,1000,83.9217370455116,83.61789030969662,-0.3038467358149859,-0.003620596361705511,False
angle_p50,mpnet,19,quality,half,1000,81.2537535621697,80.9631937230575,-0.2905598391122055,-0.00357595589586996,False
angle_p50,mpnet,20,quality,half,1000,82.15490140268832,82.0915031732447,-0.06339822944362083,-0.0007716913825125262,False
angle_p50,mpnet,21,quality,half,1000,83.19602720998373,83.05934296978506,-0.13668424019866166,-0.0016429178745960506,False
angle_p50,mpnet,22,quality,half,1000,86.76516607861866,86.82113413113218,0.05596805251352066,0.0006450520991662429,False
angle_p50,mpnet,23,quality,half,1000,84.3286473550039,84.10898144118754,-0.2196659138163568,-0.002604878895917951,False
angle_p50,mpnet,24,quality,half,1000,80.08772759190877,80.05439655479435,-0.0333310371144222,-0.0004161815813311904,False
angle_p50,mpnet,25,quality,half,1000,80.72932878044912,80.53755764093475,-0.19177113951437263,-0.0023754828934093083,False
angle_p50,mpnet,26,quality,half,1000,86.22015167016032,86.75661299448653,0.5364613243262113,0.006221994672179099,False
angle_p50,mpnet,27,quality,half,1000,85.05923587477905,84.90397664214707,-0.15525923263197683,-0.001825307164298343,False
angle_p50,mpnet,28,quality,half,1000,82.8695582108285,82.8586075468055,-0.01095066402299949,-0.00013214338605667354,False
angle_p50,mpnet,29,quality,half,1000,81.42307222801907,81.10424758425272,-0.318824643766348,-0.003915654802038224,False
angle_p50,mpnet,30,quality,half,1000,78.34159358981749,78.27549907441164,-0.06609451540585098,-0.0008436708059821963,False
angle_p50,mpnet,31,quality,half,1000,83.8119073737481,83.97695265063874,0.16504527689063764,0.001969234230103368,False
angle_p50,mpnet,32,quality,half,1000,82.33978329499091,82.04827911202086,-0.2915041829700442,-0.003540259292712733,False
angle_p50,mpnet,33,quality,half,1000,82.86483217937851,82.87192298444225,0.007090805063739936,8.557074065377197e-05,False
angle_p50,mpnet,34,quality,half,1000,77.69509742909834,77.5519197499929,-0.14317767910543466,-0.0018428148473086515,False
angle_p50,mpnet,35,quality,half,1000,69.46167244760322,69.29882275084118,-0.16284969676203787,-0.0023444540136127547,False
angle_p50,mpnet,36,quality,half,1000,81.35922735947001,81.29491935697679,-0.06430800249322033,-0.000790420516275159,False
angle_p50,minilm,11,quality,half,1000,81.56077860032873,81.31552995521895,-0.24524864510978261,-0.003006943402435765,False
angle_p50,minilm,12,quality,half,1000,83.54879345688677,83.57541942406594,0.02662596717917154,0.0003186876324301582,False
angle_p50,minilm,13,quality,half,1000,84.03357908798132,83.6970723617421,-0.3365067262392216,-0.0040044316794707316,False
angle_p50,minilm,14,quality,half,1000,82.38603860233394,82.12657866501168,-0.25945993732226214,-0.0031493192502511196,False
angle_p50,minilm,15,quality,half,1000,82.85683034326885,82.46305386519818,-0.39377647807067717,-0.004752492660403427,False
angle_p50,minilm,16,quality,half,1000,80.96575424060119,80.91913854764118,-0.04661569296000323,-0.0005757458001500005,False
angle_p50,minilm,17,quality,half,1000,87.13767465270382,86.80336808312092,-0.33430656958290683,-0.0038365330600721227,False
angle_p50,minilm,18,quality,half,1000,85.368983867758,85.05818370300295,-0.3108001647550509,-0.003640668433356313,False
angle_p50,minilm,19,quality,half,1000,81.66237670818991,81.26495164855667,-0.3974250596332354,-0.004866684949096977,False
angle_p50,minilm,20,quality,half,1000,83.41912918601646,83.29575901732562,-0.12337016869084039,-0.0014789194024758642,False
angle_p50,minilm,21,quality,half,1000,84.29984893454281,84.0340617817244,-0.2657871528184046,-0.0031528781626261647,False
angle_p50,minilm,22,quality,half,1000,87.88485439453436,87.80012874180476,-0.08472565272960253,-0.0009640529453374357,False
angle_p50,minilm,23,quality,half,1000,84.84636724217444,84.54709110265323,-0.29927613952121135,-0.0035272711048075452,False
angle_p50,minilm,24,quality,half,1000,80.74535862418988,80.57914029063646,-0.16621833355341664,-0.002058549697290224,False
angle_p50,minilm,25,quality,half,1000,82.9375536756653,82.67160476055723,-0.2659489151080692,-0.0032066163435213696,False
angle_p50,minilm,26,quality,half,1000,86.66799208764004,86.88627078512735,0.21827869748730677,0.002518561838453346,False
angle_p50,minilm,27,quality,half,1000,85.24850248968802,85.0812099499422,-0.16729253974581582,-0.001962410304697753,False
angle_p50,minilm,28,quality,half,1000,83.12537637398204,83.06717799400276,-0.058198379979273795,-0.0007001277169253178,False
angle_p50,minilm,29,quality,half,1000,83.03150655536929,82.66921497627273,-0.3622915790965635,-0.004363302487531893,False
angle_p50,minilm,30,quality,half,1000,80.29830482412173,80.06922577997449,-0.229079044147241,-0.0028528503142002237,False
angle_p50,minilm,31,quality,half,1000,84.66405122061525,84.5912475500287,-0.07280367058655202,-0.0008599124367063681,False
angle_p50,minilm,32,quality,half,1000,83.34973910447133,82.93156403935785,-0.41817506511347347,-0.00501711306605686,False
angle_p50,minilm,33,quality,half,1000,84.94028749834574,84.95105639453995,0.0107688961942074,0.00012678196073232187,False
angle_p50,minilm,34,quality,half,1000,78.80208006901023,78.61442206372428,-0.18765800528595378,-0.002381383906638174,False
angle_p50,minilm,35,quality,half,1000,72.57535824807373,72.39357293353028,-0.18178531454344693,-0.002504780120024717,False
angle_p50,minilm,36,quality,half,1000,83.23853018976034,82.98756763092176,-0.2509625588385802,-0.0030149806617975647,False
angle_p50,pubmedbert,11,quality,half,1000,10.151719933374805,9.880927021129846,-0.2707929122449588,-0.02667458460459491,False
angle_p50,pubmedbert,12,quality,half,1000,10.12042803694397,9.658563007564052,-0.46186502937991847,-0.04563690663022453,False
angle_p50,pubmedbert,13,quality,half,1000,10.23180517110735,10.038318724956184,-0.19348644615116584,-0.018910294216462835,False
angle_p50,pubmedbert,14,quality,half,1000,9.77926457881046,9.557298103958741,-0.22196647485171894,-0.022697665357441298,False
angle_p50,pubmedbert,15,quality,half,1000,9.593033938100527,9.337267290836486,-0.25576664726404097,-0.02666170566208631,False
angle_p50,pubmedbert,16,quality,half,1000,10.428102570388036,10.107958172232305,-0.3201443981557315,-0.030700158153873884,False
angle_p50,pubmedbert,17,quality,half,1000,9.855384219688196,9.480401745003416,-0.37498247468477963,-0.03804848865614732,False
angle_p50,pubmedbert,18,quality,half,1000,10.02164544752445,9.746337903341457,-0.2753075441829935,-0.027471291578270718,False
angle_p50,pubmedbert,19,quality,half,1000,9.869465468132082,9.62915070607784,-0.24031476205424163,-0.02434931889981314,False
angle_p50,pubmedbert,20,quality,half,1000,10.001754686779273,9.661556115418396,-0.3401985713608777,-0.034013888763995186,False
angle_p50,pubmedbert,21,quality,half,1000,10.201885271751662,10.011650848908634,-0.19023442284302838,-0.01864698707892499,False
angle_p50,pubmedbert,22,quality,half,1000,10.102400200627132,9.853239945413353,-0.24916025521377883,-0.02466347108267514,False
angle_p50,pubmedbert,23,quality,half,1000,10.202596885625251,9.968175579278975,-0.23442130634627567,-0.02297663124145961,False
angle_p50,pubmedbert,24,quality,half,1000,9.800368151769703,9.66762057904196,-0.13274757272774274,-0.013545161842085679,False
angle_p50,pubmedbert,25,quality,half,1000,9.697698034895161,9.50006981849852,-0.19762821639664097,-0.020378879161375894,False
angle_p50,pubmedbert,26,quality,half,1000,10.587714977192533,10.17028999998617,-0.4174249772063625,-0.03942540747513096,False
angle_p50,pubmedbert,27,quality,half,1000,10.109533087015858,9.963453109887558,-0.14607997712830034,-0.014449725409763744,False
angle_p50,pubmedbert,28,quality,half,1000,10.005891945957275,9.921085379897226,-0.084806566060049,-0.00847566279129306,False
angle_p50,pubmedbert,29,quality,half,1000,10.103399571651282,9.92128256267015,-0.18211700898113214,-0.018025319862843676,False
angle_p50,pubmedbert,30,quality,half,1000,10.326541410553869,10.056388391707081,-0.2701530188467878,-0.026161035733676296,False
angle_p50,pubmedbert,31,quality,half,1000,10.017449527575893,9.76118133864547,-0.2562681889304237,-0.025582179198904098,False
angle_p50,pubmedbert,32,quality,half,1000,10.08332498600992,9.88130139797309,-0.2020235880368304,-0.020035413746668628,False
angle_p50,pubmedbert,33,quality,half,1000,10.319987026161167,9.940260058557522,-0.379726967603645,-0.03679529505618923,False
angle_p50,pubmedbert,34,quality,half,1000,9.773074057371746,9.634494396786364,-0.13857966058538196,-0.014179741171699452,False
angle_p50,pubmedbert,35,quality,half,1000,9.307525648982583,9.154363113237016,-0.15316253574556704,-0.016455773695591095,False
angle_p50,pubmedbert,36,quality,half,1000,10.327481512907664,10.012101985693803,-0.3153795272138602,-0.030537893175571155,False
angle_p50,biobert,11,quality,half,1000,22.998907369276605,22.45595783368755,-0.5429495355890559,-0.023607623043621725,False
angle_p50,biobert,12,quality,half,1000,24.719846238065315,23.7015256601784,-1.0183205778869144,-0.04119445436998045,False
angle_p50,biobert,13,quality,half,1000,22.26009588923367,21.854944744144664,-0.4051511450890075,-0.018200781663522084,False
angle_p50,biobert,14,quality,half,1000,23.148806812773145,22.60429132823441,-0.544515484538735,-0.02352239961838033,False
angle_p50,biobert,15,quality,half,1000,21.849858982270533,21.300226177125246,-0.5496328051452863,-0.025154981805203903,False
angle_p50,biobert,16,quality,half,1000,23.68777502709417,22.95738844732432,-0.7303865797698492,-0.03083390394135499,False
angle_p50,biobert,17,quality,half,1000,22.49488812417078,21.610618189790763,-0.8842699343800184,-0.03930981694591623,False
angle_p50,biobert,18,quality,half,1000,23.394023856425555,22.752809033754538,-0.6412148226710173,-0.027409342941868337,False
angle_p50,biobert,19,quality,half,1000,22.68825223231976,22.105291005667667,-0.5829612266520918,-0.025694408748755657,False
angle_p50,biobert,20,quality,half,1000,23.664495341706356,22.89462950900515,-0.7698658327012069,-0.032532526960099326,False
angle_p50,biobert,21,quality,half,1000,23.147332006895166,22.689736275002794,-0.457595731892372,-0.01976883261345466,False
angle_p50,biobert,22,quality,half,1000,22.903831010440136,22.358836809618968,-0.5449942008211686,-0.02379489267855437,False
angle_p50,biobert,23,quality,half,1000,23.285526828659822,22.768125735911564,-0.5174010927482584,-0.022219857706265903,False
angle_p50,biobert,24,quality,half,1000,21.256165237601177,20.98659113459784,-0.26957410300333606,-0.012682160680914914,False
angle_p50,biobert,25,quality,half,1000,21.647938436572378,21.234122075905695,-0.4138163606666829,-0.019115739906557332,False
angle_p50,biobert,26,quality,half,1000,24.29520416048404,23.32371533415878,-0.9714888263252597,-0.039986855838214305,False
angle_p50,biobert,27,quality,half,1000,22.333980895194895,22.05548745027915,-0.2784934449157461,-0.012469494185681128,False
angle_p50,biobert,28,quality,half,1000,22.198304336145902,22.014937121819198,-0.18336721432670444,-0.008260415370021045,False
angle_p50,biobert,29,quality,half,1000,22.81496172620284,22.422833446989543,-0.3921282792132956,-0.017187330135335657,False
angle_p50,biobert,30,quality,half,1000,23.136371218956167,22.567222227856714,-0.5691489910994534,-0.02459975186744654,False
angle_p50,biobert,31,quality,half,1000,22.81365756524477,22.24637636251942,-0.5672812027253507,-0.024865859457344066,False
angle_p50,biobert,32,quality,half,1000,23.43005165799072,22.95266333104205,-0.4773883269486703,-0.02037504372235812,False
angle_p50,biobert,33,quality,half,1000,24.74281888081414,23.926036887898263,-0.8167819929158782,-0.033010870622717126,False
angle_p50,biobert,34,quality,half,1000,21.951963446775114,21.682670534733766,-0.2692929120413474,-0.012267372469632474,False
angle_p50,biobert,35,quality,half,1000,21.01675727465028,20.73681864844889,-0.27993862620139254,-0.013319782045494015,False
angle_p50,biobert,36,quality,half,1000,24.10482557322592,23.42032837504063,-0.6844971981852908,-0.02839668746433851,False
angle_p50,simcse,11,quality,half,1000,53.94769738804406,52.63378788405695,-1.3139095039871123,-0.024355247167199803,False
angle_p50,simcse,12,quality,half,1000,62.334070510480416,61.54333962924398,-0.7907308812364349,-0.012685372136951764,False
angle_p50,simcse,13,quality,half,1000,52.27809979052493,51.42819538672926,-0.8499044037956693,-0.01625736985852935,False
angle_p50,simcse,14,quality,half,1000,56.19543893612094,55.36340761073786,-0.8320313253830776,-0.014806029477390022,False
angle_p50,simcse,15,quality,half,1000,51.51401282572138,50.67952306847375,-0.8344897572476313,-0.01619927688551111,False
angle_p50,simcse,16,quality,half,1000,50.423600120689,49.56336862523594,-0.8602314954530641,-0.017060096728398966,False
angle_p50,simcse,17,quality,half,1000,54.18308875309996,52.69876270963712,-1.4843260434628363,-0.02739463691755509,False
angle_p50,simcse,18,quality,half,1000,54.9679048304114,53.9935363435265,-0.9743684868848987,-0.01772613473064053,False
angle_p50,simcse,19,quality,half,1000,55.02349329810232,54.099275345814746,-0.9242179522875773,-0.01679678800617794,False
angle_p50,simcse,20,quality,half,1000,57.400992384942825,56.330678860182,-1.0703135247608273,-0.018646254712515863,False
angle_p50,simcse,21,quality,half,1000,54.632974941337984,54.113534643104735,-0.5194402982332491,-0.009507816456837593,False
angle_p50,simcse,22,quality,half,1000,54.90017753354062,54.21616955118398,-0.6840079823566398,-0.01245912150172471,False
angle_p50,simcse,23,quality,half,1000,57.1831572883332,56.38926556065455,-0.7938917276786484,-0.01388331399183903,False
angle_p50,simcse,24,quality,half,1000,49.57112828476436,49.051534342448505,-0.5195939423158578,-0.010481785674334842,False
angle_p50,simcse,25,quality,half,1000,49.733136336902795,49.02470798995453,-0.7084283469482671,-0.014244594230881065,False
angle_p50,simcse,26,quality,half,1000,53.47177753695592,52.92312346943639,-0.5486540675195286,-0.010260628929725362,False
angle_p50,simcse,27,quality,half,1000,51.17950634074411,50.350732621202475,-0.8287737195416369,-0.016193468417295936,False
angle_p50,simcse,28,quality,half,1000,51.35461777728288,50.82933270242815,-0.525285074854736,-0.010228585034608124,False
angle_p50,simcse,29,quality,half,1000,53.28689407179609,52.329028756344336,-0.9578653154517554,-0.017975626692769437,False
angle_p50,simcse,30,quality,half,1000,51.88664778498685,50.74249884509833,-1.1441489398885167,-0.02205093195902262,False
angle_p50,simcse,31,quality,half,1000,51.261328166619755,50.44110132392945,-0.8202268426903032,-0.016000889403884326,False
angle_p50,simcse,32,quality,half,1000,55.17940931883986,53.98223935668507,-1.1971699621547884,-0.021695954649265152,False
angle_p50,simcse,33,quality,half,1000,61.33925939915144,60.41060991642786,-0.9286494827235785,-0.015139561380756178,False
angle_p50,simcse,34,quality,half,1000,51.00750841681759,50.09561249735011,-0.9118959194674829,-0.017877680125360198,False
angle_p50,simcse,35,quality,half,1000,47.68286702421076,46.820217883544544,-0.862649140666214,-0.018091385742979922,False
angle_p50,simcse,36,quality,half,1000,57.25361503812929,55.87870382496314,-1.3749112131661505,-0.02401440000339714,False
pr,specter,11,quality,half,1000,27.62482839490067,27.35708244748814,-0.2677459474125321,-0.009692221199895523,False
pr,specter,12,quality,half,1000,30.755813615789016,30.090573390295795,-0.6652402254932213,-0.021629739138219674,False
pr,specter,13,quality,half,1000,47.779854280392634,47.83775370639683,0.05789942600419806,0.001211795784566848,False
pr,specter,14,quality,half,1000,32.91924458915311,31.804179602185425,-1.1150649869676847,-0.03387273921027637,False
pr,specter,15,quality,half,1000,21.19435826773616,20.782053376846566,-0.4123048908895939,-0.01945352087009113,False
pr,specter,16,quality,half,1000,26.068674563297108,27.60438381751891,1.5357092542218034,0.05891013946616127,False
pr,specter,17,quality,half,1000,45.35540901038806,45.16162153256297,-0.1937874778250901,-0.004272643154440645,False
pr,specter,18,quality,half,1000,40.28987458290273,39.8092059494443,-0.4806686334584356,-0.011930258866142273,False
pr,specter,19,quality,half,1000,23.730793214348665,22.912012820792363,-0.8187803935563025,-0.03450286664085179,False
pr,specter,20,quality,half,1000,28.537599560143857,28.041390952508294,-0.4962086076355625,-0.01738788879526422,False
pr,specter,21,quality,half,1000,20.220935801897145,19.841575868718568,-0.3793599331785771,-0.018760750585192266,False
pr,specter,22,quality,half,1000,42.612618340842445,42.34237850175179,-0.27023983909065663,-0.00634177972658495,False
pr,specter,23,quality,half,1000,29.742575168351774,29.27494060766283,-0.4676345606889427,-0.015722732750677867,False
pr,specter,24,quality,half,1000,32.68465403709944,32.74966013562687,0.06500609852742656,0.0019888874593452922,False
pr,specter,25,quality,half,1000,34.825988765376394,34.78900267913296,-0.036986086243430805,-0.0010620254457843837,False
pr,specter,26,quality,half,1000,29.605914983431084,28.471947460916017,-1.1339675225150678,-0.038302059677928935,False
pr,specter,27,quality,half,1000,44.3666174415304,44.04994647382107,-0.316670967709328,-0.0071375954708889034,False
pr,specter,28,quality,half,1000,40.47458219980382,39.94027747556083,-0.5343047242429861,-0.013200994184581748,False
pr,specter,29,quality,half,1000,27.747371537448505,28.37651120179829,0.6291396643497862,0.022673847268765063,False
pr,specter,30,quality,half,1000,33.187688418747705,33.89810017420512,0.7104117554574145,0.02140588240114076,False
pr,specter,31,quality,half,1000,31.29574163406941,31.093658509635677,-0.20208312443373444,-0.00645720835750194,False
pr,specter,32,quality,half,1000,36.37323129582812,35.78950890409264,-0.5837223917354777,-0.01604813130260518,False
pr,specter,33,quality,half,1000,28.972528981219273,28.80594361728445,-0.16658536393482493,-0.005749769515902798,False
pr,specter,34,quality,half,1000,29.318351235754825,29.617297382614503,0.29894614685967724,0.010196553839463565,False
pr,specter,35,quality,half,1000,25.089963649623098,25.00563941459098,-0.08432423503211695,-0.0033608751375526075,False
pr,specter,36,quality,half,1000,38.92888510098401,37.580804253017,-1.3480808479670117,-0.03462932073369181,False
pr,specter2,11,quality,half,1000,58.52511813100215,57.82463499463555,-0.7004831363666,-0.011968931609819978,False
pr,specter2,12,quality,half,1000,58.0461897871555,57.18596257580304,-0.8602272113524592,-0.014819701594656792,False
pr,specter2,13,quality,half,1000,68.70704490925976,68.99986419627241,0.29281928701264803,0.004261852440304623,False
pr,specter2,14,quality,half,1000,55.6430395441181,54.816663966892925,-0.8263755772251784,-0.01485137375663966,False
pr,specter2,15,quality,half,1000,42.70404331875833,41.8484803192321,-0.8555629995262279,-0.020034707091785155,False
pr,specter2,16,quality,half,1000,52.620070433707326,53.82750476424142,1.2074343305340918,0.022946269751867043,False
pr,specter2,17,quality,half,1000,48.31524036633752,47.71102093108543,-0.6042194352520909,-0.012505773140540272,False
pr,specter2,18,quality,half,1000,52.6497975921242,52.010291931340795,-0.6395056607834064,-0.01214640302585074,False
pr,specter2,19,quality,half,1000,53.81415502587962,53.19063434466467,-0.6235206812149485,-0.011586555264411248,False
pr,specter2,20,quality,half,1000,56.85045384137078,56.00734283749299,-0.8431110038777874,-0.014830330224457153,False
pr,specter2,21,quality,half,1000,32.89977322286129,32.878067937996875,-0.02170528486441725,-0.0006597396497959673,False
pr,specter2,22,quality,half,1000,57.08250335880113,56.89984499274455,-0.1826583660565788,-0.0031999011134541647,False
pr,specter2,23,quality,half,1000,54.82480169907282,54.68181018740515,-0.14299151166767388,-0.0026081537413037664,False
pr,specter2,24,quality,half,1000,56.219905708973364,56.34084101478577,0.1209353058124023,0.0021511118577543183,False
pr,specter2,25,quality,half,1000,57.08952253174531,56.87798059068577,-0.2115419410595365,-0.003705442464366488,False
pr,specter2,26,quality,half,1000,37.90839491989164,36.39845355334905,-1.5099413665425914,-0.039831318886843214,False
pr,specter2,27,quality,half,1000,66.76969935442182,66.45036364737331,-0.3193357070485092,-0.004782644075622324,False
pr,specter2,28,quality,half,1000,51.438809455212876,51.09133407800994,-0.3474753772029331,-0.00675512090740505,False
pr,specter2,29,quality,half,1000,50.46637451896041,51.41666185786888,0.950287338908474,0.018830109116545465,False
pr,specter2,30,quality,half,1000,54.93766964790598,55.26028353540762,0.322613887501646,0.005872362070857202,False
pr,specter2,31,quality,half,1000,40.707179549754834,41.16738558061371,0.46020603085887757,0.011305279214846739,False
pr,specter2,32,quality,half,1000,54.44628098859396,54.179845535672776,-0.2664354529211863,-0.004893547329284112,False
pr,specter2,33,quality,half,1000,60.44976760951125,60.39438028306114,-0.05538732645010924,-0.0009162537531640489,False
pr,specter2,34,quality,half,1000,48.03099478859486,48.705686865462916,0.6746920768680553,0.014047014429696207,False
pr,specter2,35,quality,half,1000,53.930075597634314,53.84745411828521,-0.08262147934910757,-0.0015320111910381196,False
pr,specter2,36,quality,half,1000,59.99945416506577,59.76976691910637,-0.22968724595940415,-0.003828155591674329,False
pr,scincl,11,quality,half,1000,31.174106920464748,30.879340816675267,-0.2947661037894811,-0.009455478693953447,False
pr,scincl,12,quality,half,1000,31.10768198419461,30.107578336376044,-1.000103647818566,-0.03214973228563624,False
pr,scincl,13,quality,half,1000,44.820001545958945,44.96805664925867,0.1480551032997255,0.0033033265995742567,False
pr,scincl,14,quality,half,1000,38.72412939292568,37.653330660292205,-1.0707987326334774,-0.02765197693067042,False
pr,scincl,15,quality,half,1000,22.039094361548212,21.559507979468282,-0.47958638207992976,-0.021760711861040352,False
pr,scincl,16,quality,half,1000,34.191876355252106,34.94634280661761,0.7544664513655022,0.022065663888305765,False
pr,scincl,17,quality,half,1000,42.20751479395772,41.92216736977371,-0.2853474241840104,-0.0067605834074092345,False
pr,scincl,18,quality,half,1000,37.47279803045047,36.99200788486951,-0.48079014558096134,-0.012830377523190831,False
pr,scincl,19,quality,half,1000,25.21860008669715,24.29591848608336,-0.9226816006137923,-0.036587344160333005,False
pr,scincl,20,quality,half,1000,34.29586607704203,33.4811177350014,-0.8147483420406303,-0.02375645916654749,False
pr,scincl,21,quality,half,1000,18.95578959977598,18.476190072485604,-0.47959952729037525,-0.025300952237623655,False
pr,scincl,22,quality,half,1000,38.610061919474425,37.77130805857797,-0.8387538608964533,-0.021723711882300725,False
pr,scincl,23,quality,half,1000,32.12286697254248,31.580006935670884,-0.5428600368715983,-0.016899488994416855,False
pr,scincl,24,quality,half,1000,36.58628415321815,36.56300434376142,-0.02327980945673147,-0.0006362988205973293,False
pr,scincl,25,quality,half,1000,31.253195460716285,31.026763923080242,-0.22643153763604218,-0.007245068361750573,False
pr,scincl,26,quality,half,1000,26.06496431819946,24.87042602505812,-1.194538293141342,-0.04582927022490777,False
pr,scincl,27,quality,half,1000,46.41792686226559,46.150708944913795,-0.26721791735179323,-0.005756782678914126,False
pr,scincl,28,quality,half,1000,34.9276975018742,34.43637039379873,-0.49132710807546687,-0.0140669767324085,False
pr,scincl,29,quality,half,1000,29.152823847082985,29.72816735590678,0.5753435088237957,0.01973542981090541,False
pr,scincl,30,quality,half,1000,29.271145980540833,29.52247631522317,0.25133033468233634,0.008586282711630705,False
pr,scincl,31,quality,half,1000,34.079486860630105,33.733944939357634,-0.34554192127247063,-0.010139293548802037,False
pr,scincl,32,quality,half,1000,36.341845527197194,36.25511818455805,-0.0867273426391435,-0.002386431987176855,False
pr,scincl,33,quality,half,1000,34.7126712194356,34.570520898474456,-0.142150320961143,-0.004095055666057562,False
pr,scincl,34,quality,half,1000,31.43114431450695,31.8868221528706,0.45567783836365194,0.014497653467657403,False
pr,scincl,35,quality,half,1000,26.778993198421205,26.61536324743227,-0.16362995098893407,-0.006110384724941083,False
pr,scincl,36,quality,half,1000,40.90253683401167,39.8221343933263,-1.0804024406853685,-0.02641406925613919,False
pr,scibert,11,quality,half,1000,40.288372599805015,39.7695995673674,-0.5187730324376147,-0.012876495101718888,False
pr,scibert,12,quality,half,1000,36.97317309977086,35.65878582756274,-1.3143872722081227,-0.035549755728600654,False
pr,scibert,13,quality,half,1000,42.12597611254806,42.406007419729164,0.2800313071811047,0.006647473436174973,False
pr,scibert,14,quality,half,1000,35.85807946481962,38.05655791339015,2.1984784485705333,0.06131054650396048,False
pr,scibert,15,quality,half,1000,35.08910487594449,34.09103540277588,-0.9980694731686128,-0.02844385676685769,False
pr,scibert,16,quality,half,1000,27.194512219514223,28.56091728620186,1.366405066687637,0.05024561777972002,False
pr,scibert,17,quality,half,1000,43.264799760626275,44.58240552255316,1.3176057619268846,0.030454451868883715,False
pr,scibert,18,quality,half,1000,42.21350589530432,42.99130445136672,0.7777985560624003,0.018425348465286314,False
pr,scibert,19,quality,half,1000,31.16556110957009,30.75125212629895,-0.4143089832711375,-0.013293807925181703,False
pr,scibert,20,quality,half,1000,38.35455358319952,37.40142153971377,-0.9531320434857449,-0.02485055761158034,False
pr,scibert,21,quality,half,1000,23.958129599235566,23.82777001790084,-0.13035958133472647,-0.005441141838505034,False
pr,scibert,22,quality,half,1000,44.0627207038923,43.60716222718503,-0.45555847670727445,-0.010338863997270882,False
pr,scibert,23,quality,half,1000,37.172715970159054,37.46882131643471,0.29610534627565954,0.007965663485911616,False
pr,scibert,24,quality,half,1000,35.843103516310094,35.64626892220041,-0.1968345941096814,-0.005491561131700371,False
pr,scibert,25,quality,half,1000,39.266030226697445,38.98300856793321,-0.283021658764234,-0.007207799136562682,False
pr,scibert,26,quality,half,1000,32.405321887270674,32.16177379838135,-0.24354808888932666,-0.007515681829563811,False
pr,scibert,27,quality,half,1000,40.159411709076295,40.54603271087582,0.38662100179952574,0.009627158002221104,False
pr,scibert,28,quality,half,1000,40.118755260476824,39.82432981214745,-0.29442544832937756,-0.007338848037975698,False
pr,scibert,29,quality,half,1000,35.776315366403686,35.719127887491325,-0.0571874789123612,-0.0015984731330399666,False
pr,scibert,30,quality,half,1000,29.478578538983754,30.139684086870286,0.6611055478865318,0.02242664268944505,False
pr,scibert,31,quality,half,1000,37.20673238598498,36.603264378465354,-0.6034680075196235,-0.016219322924120518,False
pr,scibert,32,quality,half,1000,36.92645124923858,37.214075335957574,0.2876240867189921,0.0077891071843770214,False
pr,scibert,33,quality,half,1000,37.09747996158945,35.8838687746122,-1.2136111869772463,-0.03271411395689986,False
pr,scibert,34,quality,half,1000,34.22214931529555,35.63597771368348,1.4138283983879276,0.041313255499005684,False
pr,scibert,35,quality,half,1000,33.23559849921768,33.923079754635005,0.6874812554173246,0.020685087269708923,False
pr,scibert,36,quality,half,1000,34.578089372410666,34.33789346931245,-0.24019590309821837,-0.006946477016450395,False
pr,bert,11,quality,half,1000,29.859579883176295,27.020778393463626,-2.8388014897126688,-0.09507171570461805,False
pr,bert,12,quality,half,1000,38.72593046698273,36.42320341369889,-2.3027270532838386,-0.059462149146993805,False
pr,bert,13,quality,half,1000,20.18991042458642,18.856877041474768,-1.3330333831116512,-0.06602472993086386,False
pr,bert,14,quality,half,1000,32.70559754954608,31.65494847351263,-1.050649076033448,-0.03212444213690968,False
pr,bert,15,quality,half,1000,17.47295747144375,16.753651625355094,-0.7193058460886554,-0.041166805749068246,False
pr,bert,16,quality,half,1000,12.313855840515085,12.804635154118841,0.49077931360375615,0.03985585993210937,False
pr,bert,17,quality,half,1000,26.31153590233202,26.217830273844108,-0.09370562848791408,-0.0035613895302709733,False
pr,bert,18,quality,half,1000,27.019541883498622,27.00237966425283,-0.01716221924579031,-0.0006351780248454776,False
pr,bert,19,quality,half,1000,25.945689747622524,23.34270553474958,-2.6029842128729435,-0.1003243405048217,False
pr,bert,20,quality,half,1000,34.1992781087552,32.573813004918954,-1.6254651038362482,-0.047529222653975266,False
pr,bert,21,quality,half,1000,14.577172799731242,13.726347266431214,-0.8508255333000285,-0.058366978630843634,False
pr,bert,22,quality,half,1000,29.540790739174103,27.756947231361682,-1.7838435078124206,-0.06038577381230564,False
pr,bert,23,quality,half,1000,30.253773613996504,28.84546273669769,-1.4083108772988133,-0.046549924490982414,False
pr,bert,24,quality,half,1000,16.862353900448525,15.490218707011268,-1.3721351934372574,-0.08137269574212647,False
pr,bert,25,quality,half,1000,24.791504893242344,24.551622982795564,-0.23988191044677976,-0.009675972131573451,False
pr,bert,26,quality,half,1000,11.001746635831637,9.363587513778487,-1.6381591220531497,-0.14889991346626927,False
pr,bert,27,quality,half,1000,24.045458986344507,23.082394155614814,-0.9630648307296923,-0.040051838115322314,False
pr,bert,28,quality,half,1000,18.53917624631295,17.45745591912449,-1.0817203271884601,-0.05834780967701255,False
pr,bert,29,quality,half,1000,20.467167439005085,18.609804846018417,-1.857362592986668,-0.09074839488765891,False
pr,bert,30,quality,half,1000,17.0232807028026,17.958892541165618,0.9356118383630161,0.05496072435726112,False
pr,bert,31,quality,half,1000,23.462187626593106,22.932212409750186,-0.5299752168429208,-0.022588482594957295,False
pr,bert,32,quality,half,1000,29.546751591695724,27.76266771868089,-1.7840838730148327,-0.06038172648110188,False
pr,bert,33,quality,half,1000,35.576497678184296,32.21349184027815,-3.363005837906144,-0.09452886195619974,False
pr,bert,34,quality,half,1000,24.602260151198706,24.30896246339273,-0.29329768780597476,-0.011921574928622333,False
pr,bert,35,quality,half,1000,24.26538948566832,22.9532286720468,-1.3121608136215173,-0.0540754070482367,False
pr,bert,36,quality,half,1000,31.11743025475397,28.36765214431108,-2.7497781104428896,-0.08836777612839003,False
pr,mpnet,11,quality,half,1000,57.42139839846373,55.76889240585664,-1.6525059926070895,-0.028778574515720974,False
pr,mpnet,12,quality,half,1000,74.97642774051528,74.46349929625909,-0.5129284442561897,-0.006841196089407934,False
pr,mpnet,13,quality,half,1000,69.60737243049782,69.22809841270502,-0.37927401779279535,-0.005448762172016997,False
pr,mpnet,14,quality,half,1000,69.39636377947392,66.84965003816208,-2.5467137413118337,-0.03669808621968608,False
pr,mpnet,15,quality,half,1000,35.38010634113592,33.68322479703058,-1.696881544105338,-0.04796145968991617,False
pr,mpnet,16,quality,half,1000,55.06880658229251,53.90497255661815,-1.1638340256743618,-0.02113417918245926,False
pr,mpnet,17,quality,half,1000,85.01813433241067,81.8713885824906,-3.146745749920072,-0.03701264176906864,False
pr,mpnet,18,quality,half,1000,67.49163138061502,65.70038731427678,-1.791244066338237,-0.02654023957780222,False
pr,mpnet,19,quality,half,1000,46.71958981311547,45.185686325659866,-1.5339034874556035,-0.03283212660024243,False
pr,mpnet,20,quality,half,1000,67.2136016139623,65.82776598769976,-1.3858356262625335,-0.020618380699519805,False
pr,mpnet,21,quality,half,1000,35.23010647217631,34.37821713773072,-0.8518893344455876,-0.0241807198374034,False
pr,mpnet,22,quality,half,1000,82.2169196641668,80.91443291867631,-1.3024867454904836,-0.015842076677291962,False
pr,mpnet,23,quality,half,1000,58.05429022412437,56.46486622600409,-1.5894239981202816,-0.02737823495876277,False
pr,mpnet,24,quality,half,1000,50.92238148612295,50.752542605189774,-0.16983888093317745,-0.003335250158704005,False
pr,mpnet,25,quality,half,1000,56.905367101992404,56.381192713578294,-0.5241743884141101,-0.009211334802121985,False
pr,mpnet,26,quality,half,1000,61.30678396143693,57.94437267623361,-3.362411285203315,-0.054845664181607245,False
pr,mpnet,27,quality,half,1000,73.83385190944021,72.82233787976485,-1.011514029675368,-0.013699868062091967,False
pr,mpnet,28,quality,half,1000,53.61521243478766,52.77234389033176,-0.8428685444558965,-0.015720697656119147,False
pr,mpnet,29,quality,half,1000,42.88651768498405,43.08494752389528,0.19842983891123112,0.004626858267410874,False
pr,mpnet,30,quality,half,1000,46.30342593203412,45.79678728369105,-0.5066386483430705,-0.010941709779460669,False
pr,mpnet,31,quality,half,1000,54.3226505473011,53.00041396350056,-1.3222365838005388,-0.024340428356845543,False
pr,mpnet,32,quality,half,1000,69.74643403084845,68.23170248359388,-1.51473154725457,-0.021717691639756277,False
pr,mpnet,33,quality,half,1000,75.36391896257537,74.52085410026322,-0.8430648623121471,-0.01118658469354282,False
pr,mpnet,34,quality,half,1000,41.18892397414095,41.5523321420421,0.3634081679011487,0.008822958524706838,False
pr,mpnet,35,quality,half,1000,38.87848382260425,38.51238868250644,-0.3660951400978121,-0.00941639447073709,False
pr,mpnet,36,quality,half,1000,69.23818382942662,67.07421674697089,-2.163967082455727,-0.03125395501110803,False
pr,minilm,11,quality,half,1000,66.72772022494594,65.13961310468933,-1.588107120256609,-0.02379981085676145,False
pr,minilm,12,quality,half,1000,85.35909128297153,84.51207066541598,-0.8470206175555575,-0.009923027586453833,False
pr,minilm,13,quality,half,1000,74.44959701856612,74.26905412607495,-0.18054289249117517,-0.002425035187848655,False
pr,minilm,14,quality,half,1000,77.260992358866,74.17651884988983,-3.084473508976174,-0.03992277881507457,False
pr,minilm,15,quality,half,1000,46.73425520962478,44.69734288200722,-2.036912327617557,-0.043584996026598946,False
pr,minilm,16,quality,half,1000,64.92514244348602,63.07947528949536,-1.8456671539906608,-0.028427618092593615,False
pr,minilm,17,quality,half,1000,81.39999016401131,78.3259120673472,-3.0740780966641097,-0.03776509174595977,False
pr,minilm,18,quality,half,1000,75.08626329025545,73.08800945784277,-1.9982538324126722,-0.026612775025015818,False
pr,minilm,19,quality,half,1000,58.21728034247747,56.54016295335143,-1.677117389126046,-0.028807896543088074,False
pr,minilm,20,quality,half,1000,74.30482332866957,72.13122416747716,-2.1735991611924135,-0.029252463888892095,False
pr,minilm,21,quality,half,1000,42.018397728620734,40.916188481662395,-1.1022092469583384,-0.02623158679388603,False
pr,minilm,22,quality,half,1000,89.33556087976622,86.63973138420393,-2.6958294955622932,-0.0301764433895537,False
pr,minilm,23,quality,half,1000,68.64950656216487,66.98683983427476,-1.6626667278901124,-0.024219645721480915,False
pr,minilm,24,quality,half,1000,55.26074888585179,54.96878271779078,-0.29196616806100906,-0.005283427639826288,False
pr,minilm,25,quality,half,1000,67.89412870543595,66.92295248737676,-0.9711762180591847,-0.014304273971505101,False
pr,minilm,26,quality,half,1000,66.66027721042325,62.90118079496262,-3.7590964154606255,-0.05639185093086951,False
pr,minilm,27,quality,half,1000,78.14514221218509,76.91574532516013,-1.2293968870249614,-0.01573222406693967,False
pr,minilm,28,quality,half,1000,62.843895114790186,62.07543579970838,-0.768459315081806,-0.012228066285168097,False
pr,minilm,29,quality,half,1000,52.12318549802156,52.1963272526958,0.07314175467423922,0.001403247978330401,False
pr,minilm,30,quality,half,1000,61.119994970584926,60.49043029297812,-0.6295646776068082,-0.01030047004928252,False
pr,minilm,31,quality,half,1000,66.76344652510598,65.33092629415921,-1.4325202309467642,-0.021456654883867835,False
pr,minilm,32,quality,half,1000,74.7935953997789,73.19471295455732,-1.5988824452215766,-0.021377264145083515,False
pr,minilm,33,quality,half,1000,81.65538040811518,80.15199039811012,-1.503390010005063,-0.018411401704224395,False
pr,minilm,34,quality,half,1000,53.563270238275344,53.8702771823305,0.3070069440551535,0.005731669158537895,False
pr,minilm,35,quality,half,1000,51.480864985056655,50.80330456173555,-0.6775604233211041,-0.013161403242112958,False
pr,minilm,36,quality,half,1000,80.39067432353423,78.88160030951428,-1.5090740140199443,-0.018771754643413477,False
pr,pubmedbert,11,quality,half,1000,30.88185038688418,32.605654561460106,1.7238041745759247,0.05581932924939112,False
pr,pubmedbert,12,quality,half,1000,25.33166873428872,26.02798970944162,0.6963209751529007,0.027488160470469397,False
pr,pubmedbert,13,quality,half,1000,35.20997829631776,34.58384856796996,-0.6261297283477987,-0.017782735424556596,False
pr,pubmedbert,14,quality,half,1000,30.26453461169877,31.545153836018873,1.2806192243201018,0.04231418856264447,False
pr,pubmedbert,15,quality,half,1000,29.306065552883346,29.497928934715134,0.1918633818317872,0.006546882981803412,False
pr,pubmedbert,16,quality,half,1000,24.565987964490752,26.008913067296405,1.4429251028056527,0.05873670152779317,False
pr,pubmedbert,17,quality,half,1000,33.15509067616741,34.08610266996796,0.9310119938005457,0.028080514177865813,False
pr,pubmedbert,18,quality,half,1000,32.767975677584914,33.319303634374414,0.5513279567894998,0.01682520648251818,False
pr,pubmedbert,19,quality,half,1000,29.157417068703484,27.685111413085714,-1.4723056556177703,-0.05049506450275014,False
pr,pubmedbert,20,quality,half,1000,28.737835358710573,31.482625483178257,2.7447901244676842,0.09551137342833045,False
pr,pubmedbert,21,quality,half,1000,19.360015207969973,19.133199125913,-0.226816082056974,-0.011715697514720971,False
pr,pubmedbert,22,quality,half,1000,35.03027225992267,34.427330859671116,-0.6029414002515523,-0.01721201010879278,False
pr,pubmedbert,23,quality,half,1000,30.759015707002117,31.34634014799367,0.5873244409915515,0.019094383467473906,False
pr,pubmedbert,24,quality,half,1000,32.593349516885674,31.83832045124458,-0.755029065641093,-0.023165126531408935,False
pr,pubmedbert,25,quality,half,1000,32.99966387016152,33.21700100272102,0.21733713255949993,0.006586040797706954,False
pr,pubmedbert,26,quality,half,1000,19.96685085455684,19.02232541033092,-0.944525444225917,-0.04730467769334578,False
pr,pubmedbert,27,quality,half,1000,35.977364312638194,35.843086547510225,-0.13427776512796896,-0.0037322846654667145,False
pr,pubmedbert,28,quality,half,1000,31.07780974828558,30.184006731119897,-0.8938030171656841,-0.028760167605279555,False
pr,pubmedbert,29,quality,half,1000,28.811121217481055,29.425245901223402,0.6141246837423466,0.021315542672102897,False
pr,pubmedbert,30,quality,half,1000,25.51127275394872,26.115324072152102,0.604051318203382,0.023677819763417523,False
pr,pubmedbert,31,quality,half,1000,29.327631741807433,29.590028986005485,0.262397244198052,0.00894709966723964,False
pr,pubmedbert,32,quality,half,1000,25.020886025170824,25.494617680521973,0.47373165535114836,0.018933448434822725,False
pr,pubmedbert,33,quality,half,1000,25.103501437501194,24.338319095991956,-0.765182341509238,-0.03048110015307109,False
pr,pubmedbert,34,quality,half,1000,27.95947975432543,29.646919760923957,1.6874400065985284,0.06035305454270749,False
pr,pubmedbert,35,quality,half,1000,29.19731633077658,29.661892150187878,0.4645758194112979,0.015911593180281212,False
pr,pubmedbert,36,quality,half,1000,26.898092965803283,27.081677758339595,0.18358479253631188,0.006825197339072001,False
pr,biobert,11,quality,half,1000,41.083096054539276,43.105508552904325,2.0224124983650498,0.04922736338274567,False
pr,biobert,12,quality,half,1000,27.235274359322442,29.877071310391248,2.6417969510688053,0.09699909449102123,False
pr,biobert,13,quality,half,1000,50.42346405640648,49.96607722263847,-0.4573868337680125,-0.009070912566743812,False
pr,biobert,14,quality,half,1000,39.09721066342421,40.74713198613026,1.6499213227060565,0.04220048680479328,False
pr,biobert,15,quality,half,1000,34.02209455275038,32.74977421935446,-1.2723203333959248,-0.03739688429303566,False
pr,biobert,16,quality,half,1000,25.603308983188448,27.320767767159435,1.7174587839709865,0.06707956323531064,False
pr,biobert,17,quality,half,1000,36.225767160250754,36.91406913780957,0.6883019775588153,0.019000342339583757,False
pr,biobert,18,quality,half,1000,38.72718752659784,39.42109633038239,0.6939088037845522,0.017917872381204434,False
pr,biobert,19,quality,half,1000,30.497130435632606,32.13951423552833,1.6423837998957254,0.053853715954100954,False
pr,biobert,20,quality,half,1000,35.27009399542761,40.81681340509809,5.54671940967048,0.15726409491252144,False
pr,biobert,21,quality,half,1000,24.0869249093227,23.283991836699585,-0.8029330726231159,-0.03333481030251169,False
pr,biobert,22,quality,half,1000,40.920666276862946,40.02708278198821,-0.8935834948747328,-0.02183697325035922,False
pr,biobert,23,quality,half,1000,38.615925384240605,39.09532593430971,0.47940055006910853,0.01241458142719415,False
pr,biobert,24,quality,half,1000,39.18317244503059,41.636950472337595,2.4537780273070027,0.06262326080792377,False
pr,biobert,25,quality,half,1000,38.86533598812852,38.81793141003074,-0.0474045780977832,-0.001219713580046317,False
pr,biobert,26,quality,half,1000,18.78207682905759,18.8475745788595,0.06549774980191003,0.003487247464592362,False
pr,biobert,27,quality,half,1000,52.295696636170064,51.518271829706016,-0.7774248064640474,-0.014865942256639628,False
pr,biobert,28,quality,half,1000,41.7253180420446,40.11265565713385,-1.6126623849107489,-0.03864949293581768,False
pr,biobert,29,quality,half,1000,38.256843770083805,39.02941063970524,0.7725668696214356,0.020194213465815746,False
pr,biobert,30,quality,half,1000,31.988273799660437,33.014878944474106,1.0266051448136686,0.03209317111774147,False
pr,biobert,31,quality,half,1000,29.612979578572112,30.29480961374572,0.6818300351736077,0.023024702170361084,False
pr,biobert,32,quality,half,1000,37.782401703145815,37.39791787363693,-0.3844838295088877,-0.010176267579010866,False
pr,biobert,33,quality,half,1000,32.27874165318731,33.2611865286786,0.9824448754912893,0.030436281749982017,False
pr,biobert,34,quality,half,1000,40.94096742017719,41.798137235621176,0.8571698154439886,0.02093672596074377,False
pr,biobert,35,quality,half,1000,37.735204570793236,37.306575971128524,-0.42862859966471234,-0.011358851887514813,False
pr,biobert,36,quality,half,1000,37.74883068029711,37.95820791946348,0.20937723916637196,0.005546588739122343,False
pr,simcse,11,quality,half,1000,40.67855005697935,39.644592507792815,-1.0339575491865318,-0.025417758197827715,False
pr,simcse,12,quality,half,1000,52.887717740629014,52.04308639891262,-0.8446313417163935,-0.015970273965282812,False
pr,simcse,13,quality,half,1000,34.33020579792451,33.333743322472436,-0.996462475452077,-0.02902582295362528,False
pr,simcse,14,quality,half,1000,41.255497037152175,40.235541250185946,-1.0199557869662286,-0.024722906284409055,False
pr,simcse,15,quality,half,1000,29.69440520395604,28.335678070872927,-1.3587271330831143,-0.04575700788585244,False
pr,simcse,16,quality,half,1000,27.390866034276947,27.57579015845974,0.18492412418279258,0.006751306218334916,False
pr,simcse,17,quality,half,1000,38.32377624534371,37.59314701826054,-0.7306292270831705,-0.01906464598910555,False
pr,simcse,18,quality,half,1000,40.094646032390976,39.245166628811035,-0.8494794035799416,-0.021186853798227292,False
pr,simcse,19,quality,half,1000,35.40450036636197,33.88401367257598,-1.5204866937859904,-0.04294614181960364,False
pr,simcse,20,quality,half,1000,43.718916075685016,42.769512225601424,-0.9494038500835913,-0.02171608848764706,False
pr,simcse,21,quality,half,1000,25.95675440729225,24.812818470274376,-1.1439359370178757,-0.044070838713814696,False
pr,simcse,22,quality,half,1000,38.21897857539839,36.74446118133746,-1.4745173940609249,-0.03858076403460122,False
pr,simcse,23,quality,half,1000,41.75345451670022,41.022063218621454,-0.731391298078762,-0.0175169050452155,False
pr,simcse,24,quality,half,1000,28.297456807618467,27.667301317858076,-0.6301554897603907,-0.022268979648755405,False
pr,simcse,25,quality,half,1000,36.55551412365412,35.831901857207924,-0.7236122664461959,-0.019794886867094158,False
pr,simcse,26,quality,half,1000,31.554999801823342,28.50208551046887,-3.0529142913544725,-0.09674898781580933,False
pr,simcse,27,quality,half,1000,38.67848407641292,38.432357524899494,-0.24612655151342722,-0.006363397051114554,False
pr,simcse,28,quality,half,1000,34.451592667264464,33.63265532549248,-0.818937341771985,-0.023770667141032657,False
pr,simcse,29,quality,half,1000,32.95721253431309,31.85418808712117,-1.103024447191924,-0.03346837800810734,False
pr,simcse,30,quality,half,1000,28.930804472036,29.163902243636258,0.23309777160025646,0.008057078807662075,False
pr,simcse,31,quality,half,1000,37.0047776940298,35.991181271373684,-1.0135964226561143,-0.027390961000682997,False
pr,simcse,32,quality,half,1000,40.644016672604536,39.18470466933283,-1.4593120032717053,-0.0359047191380406,False
pr,simcse,33,quality,half,1000,48.35302406345982,46.04193129392152,-2.3110927695382983,-0.047796240551680025,False
pr,simcse,34,quality,half,1000,34.02354499541583,34.39880422596494,0.3752592305491049,0.011029398335760296,False
pr,simcse,35,quality,half,1000,30.272425840938375,30.307043279733875,0.03461743879550028,0.001143530385618651,False
pr,simcse,36,quality,half,1000,40.31385849861135,39.05740175658273,-1.2564567420286252,-0.031166868883858015,False
gap_25,specter,11,quality,half,1000,0.0896766748364008,0.08587547117768506,-0.0038012036587157377,-0.0423878747249534,False
gap_25,specter,12,quality,half,1000,0.116160909116567,0.1071238923166479,-0.009037016799919098,-0.07779740076629814,False
gap_25,specter,13,quality,half,1000,0.09904133006497616,0.10190967509603059,0.002868345031054431,0.028961091588457572,False
gap_25,specter,14,quality,half,1000,0.12331670358881393,0.11789704754322103,-0.005419656045592899,-0.043949083034721316,False
gap_25,specter,15,quality,half,1000,0.035923583640845545,0.03534786624089987,-0.0005757173999456772,-0.016026168371773456,False
gap_25,specter,16,quality,half,1000,0.07243133880499159,0.07320573604832094,0.0007743972433293528,0.010691466651117395,False
gap_25,specter,17,quality,half,1000,0.09143871659918425,0.10771591170077945,0.0162771951015952,0.17801206870548325,False
gap_25,specter,18,quality,half,1000,0.11720519822636472,0.1157918848653157,-0.0014133133610490095,-0.012058452888065606,False
gap_25,specter,19,quality,half,1000,0.07235162889298037,0.07074953174579053,-0.0016020971471898404,-0.022143207716298942,False
gap_25,specter,20,quality,half,1000,0.10940532574773774,0.09684929623427885,-0.012556029513458897,-0.11476616359984218,False
gap_25,specter,21,quality,half,1000,0.07133799815237236,0.02013047199894193,-0.05120752615343044,-0.7178155748645368,False
gap_25,specter,22,quality,half,1000,0.11401248220654311,0.11437465547736739,0.0003621732708242731,0.0031766106992405095,False
gap_25,specter,23,quality,half,1000,0.09013751516873278,0.09161979637446376,0.0014822812057309759,0.016444664610026378,False
gap_25,specter,24,quality,half,1000,0.0889634662645408,0.09101923812159582,0.002055771857055022,0.02310804584594311,False
gap_25,specter,25,quality,half,1000,0.11842168619284327,0.12193612425079407,0.0035144380579508055,0.02967731815799122,False
gap_25,specter,26,quality,half,1000,0.07429971110807909,0.039633584523226975,-0.03466612658485212,-0.46657148551258154,False
gap_25,specter,27,quality,half,1000,0.15425115641828802,0.15219632264356844,-0.002054833774719572,-0.013321350856828656,False
gap_25,specter,28,quality,half,1000,0.10955798447487834,0.10532701043846761,-0.004230974036410734,-0.03861858226664344,False
gap_25,specter,29,quality,half,1000,0.026967808828765788,0.030706534721915663,0.0037387258931498753,0.13863662105027547,False
gap_25,specter,30,quality,half,1000,0.03863845313240638,0.05234548762559545,0.013707034493189066,0.354751119208053,False
gap_25,specter,31,quality,half,1000,0.07105337580765593,0.06851303565624174,-0.002540340151414189,-0.03575256098022678,False
gap_25,specter,32,quality,half,1000,0.11693243946083365,0.11541000479492877,-0.001522434665904876,-0.01301978025024282,False
gap_25,specter,33,quality,half,1000,0.10456076364848661,0.10409664402927589,-0.0004641196192107233,-0.0044387550646723005,False
gap_25,specter,34,quality,half,1000,0.06873352386434808,0.07012274518833476,0.0013892213239866807,0.020211699413643282,False
gap_25,specter,35,quality,half,1000,0.08095887864730064,0.07958514388831746,-0.0013737347589831833,-0.016968302698063455,False
gap_25,specter,36,quality,half,1000,0.13993157906444023,0.10634126272057864,-0.03359031634386159,-0.24004814759070808,False
gap_25,specter2,11,quality,half,1000,0.17167167772021652,0.16778111212188934,-0.003890565598327178,-0.022662827380692713,False
gap_25,specter2,12,quality,half,1000,0.15329054483109292,0.14848227021374716,-0.004808274617345759,-0.031367065872483384,False
gap_25,specter2,13,quality,half,1000,0.1707092095738358,0.1818116438071632,0.01110243423332738,0.0650371134694131,False
gap_25,specter2,14,quality,half,1000,0.1895681957892866,0.17956885204140366,-0.009999343747882944,-0.052748002935036925,False
gap_25,specter2,15,quality,half,1000,0.05252745626004013,0.05252779583907868,3.3957903854825444e-07,6.464791229698033e-06,False
gap_25,specter2,16,quality,half,1000,0.12392326635198679,0.12394301270367084,1.974635168404404e-05,0.00015934337647264133,False
gap_25,specter2,17,quality,half,1000,0.13016528577997807,0.13235177685952815,0.0021864910795500736,0.01679780493276801,False
gap_25,specter2,18,quality,half,1000,0.12542104720452993,0.1296068245570474,0.004185777352517461,0.03337380324764407,False
gap_25,specter2,19,quality,half,1000,0.13378629481570697,0.12675332411655668,-0.007032970699150293,-0.052568693294319395,False
gap_25,specter2,20,quality,half,1000,0.1575078486733721,0.15115143784403226,-0.006356410829339826,-0.040356152933821554,False
gap_25,specter2,21,quality,half,1000,0.03189239765713252,0.09231599646472534,0.06042359880759282,1.8946082215953899,False
gap_25,specter2,22,quality,half,1000,0.15476897959738536,0.14812016602518407,-0.00664881357220129,-0.04295960075137443,False
gap_25,specter2,23,quality,half,1000,0.14191810479708994,0.14040180114966594,-0.001516303647424,-0.010684356654790193,False
gap_25,specter2,24,quality,half,1000,0.11751506283775713,0.12032421744465628,0.00280915460689915,0.023904634342726827,False
gap_25,specter2,25,quality,half,1000,0.1862652009208722,0.18735708191398495,0.0010918809931127482,0.005861969856498278,False
gap_25,specter2,26,quality,half,1000,0.058174932576381705,0.08851061296035156,0.03033568038396986,0.5214562190362687,False
gap_25,specter2,27,quality,half,1000,0.2534129804362372,0.24494549026298026,-0.008467490173256959,-0.03341379813567804,False
gap_25,specter2,28,quality,half,1000,0.11204677785956707,0.10870772065756766,-0.0033390572019994097,-0.029800564244554986,False
gap_25,specter2,29,quality,half,1000,0.039308116902899704,0.044103698725217806,0.004795581822318103,0.12199978529025743,False
gap_25,specter2,30,quality,half,1000,0.0774948527731015,0.08528701583688103,0.007792163063779528,0.10055071769210705,False
gap_25,specter2,31,quality,half,1000,0.06115842621360891,0.06060066264283157,-0.0005577635707773379,-0.009119979131399312,False
gap_25,specter2,32,quality,half,1000,0.15890737236394195,0.1561034825458762,-0.002803889818065758,-0.01764480638219901,False
gap_25,specter2,33,quality,half,1000,0.22586686055703398,0.21873876614089874,-0.007128094416135239,-0.03155883248457032,False
gap_25,specter2,34,quality,half,1000,0.08150731869656848,0.08299071736842586,0.001483398671857386,0.01819957637644432,False
gap_25,specter2,35,quality,half,1000,0.1254044079377963,0.1230820410542508,-0.002322366883545507,-0.018519021155121267,False
gap_25,specter2,36,quality,half,1000,0.21766228683722413,0.17884650288614024,-0.0388157839510839,-0.17833031396987833,False
gap_25,scincl,11,quality,half,1000,0.10540759693939732,0.10289135872835195,-0.0025162382110453657,-0.02387150721680946,False
gap_25,scincl,12,quality,half,1000,0.10658623365834022,0.10583407364801597,-0.0007521600103242432,-0.0070568213596445785,False
gap_25,scincl,13,quality,half,1000,0.10743762426972495,0.11341291106013987,0.005975286790414924,0.05561633395218989,False
gap_25,scincl,14,quality,half,1000,0.15001741571387242,0.14272537504004257,-0.007292040673829853,-0.048607960876608694,False
gap_25,scincl,15,quality,half,1000,0.03346308107922222,0.0311624265422682,-0.0023006545369540186,-0.06875202350636306,False
gap_25,scincl,16,quality,half,1000,0.1325594575586925,0.12538119259878897,-0.007178264959903535,-0.05415128495622624,False
gap_25,scincl,17,quality,half,1000,0.10193035986656622,0.10363750691975199,0.0017071470531857674,0.01674817056881325,False
gap_25,scincl,18,quality,half,1000,0.08844970627272022,0.09475800943529267,0.006308303162572443,0.0713207926674377,False
gap_25,scincl,19,quality,half,1000,0.08238532275969607,0.07949202427046201,-0.0028932984892340585,-0.03511910122235385,False
gap_25,scincl,20,quality,half,1000,0.09843517345346181,0.08840674661574639,-0.010028426837715418,-0.10187849003442513,False
gap_25,scincl,21,quality,half,1000,0.024863218723501286,0.023990260697794485,-0.0008729580257068013,-0.035110418945140894,False
gap_25,scincl,22,quality,half,1000,0.1255717957222092,0.12334963784742127,-0.002222157874787925,-0.017696313587039866,False
gap_25,scincl,23,quality,half,1000,0.09198442619214685,0.09723512566340572,0.005250699471258877,0.05708248329223316,False
gap_25,scincl,24,quality,half,1000,0.08641051429440157,0.08921089145970926,0.002800377165307691,0.032407828933488064,False
gap_25,scincl,25,quality,half,1000,0.12124806200626961,0.12489144678426138,0.0036433847779917677,0.030049014538503487,False
gap_25,scincl,26,quality,half,1000,0.044432601547065784,0.0373033877075487,-0.007129213839517083,-0.16045006574655268,False
gap_25,scincl,27,quality,half,1000,0.159886422713713,0.1559817123516952,-0.0039047103620178103,-0.02442177575646587,False
gap_25,scincl,28,quality,half,1000,0.08983673924752834,0.08837580123978535,-0.0014609380077429956,-0.01626214419601377,False
gap_25,scincl,29,quality,half,1000,0.07005540854441236,0.07032204898435282,0.0002666404399404576,0.0038061363923303383,False
gap_25,scincl,30,quality,half,1000,0.044314567573743635,0.048827859220115385,0.00451329164637175,0.10184668142955938,False
gap_25,scincl,31,quality,half,1000,0.07729807539656919,0.07410983349168117,-0.00318824190488802,-0.04124607098599932,False
gap_25,scincl,32,quality,half,1000,0.11527031844276074,0.11554174422031244,0.0002714257775516954,0.002354689231525599,False
gap_25,scincl,33,quality,half,1000,0.12321522795579994,0.12355772821700212,0.00034250026120218047,0.0027796910080387384,False
gap_25,scincl,34,quality,half,1000,0.06601987146297186,0.06791753480346706,0.0018976633404951954,0.028743820586799015,False
gap_25,scincl,35,quality,half,1000,0.06831314733233056,0.0678464871402685,-0.00046666019206205445,-0.006831191509766645,False
gap_25,scincl,36,quality,half,1000,0.14376372706242171,0.11221874074303534,-0.031544986319386376,-0.21942242987126823,False
gap_25,scibert,11,quality,half,1000,0.13472095908309253,0.13592873516795417,0.0012077760848616392,0.008965019942566717,False
gap_25,scibert,12,quality,half,1000,0.12365121839497452,0.11763148503176411,-0.0060197333632104055,-0.0486831706257984,False
gap_25,scibert,13,quality,half,1000,0.14554833556947228,0.1441297008931901,-0.001418634676282171,-0.009746828575755418,False
gap_25,scibert,14,quality,half,1000,0.06886428187984793,0.09262032199484588,0.023756040114997948,0.34496896600833915,False
gap_25,scibert,15,quality,half,1000,0.10114957172711433,0.09874952714731083,-0.002400044579803501,-0.023727679107514606,False
gap_25,scibert,16,quality,half,1000,0.07549852811610361,0.07998230086525879,0.004483772749155179,0.05938887632696516,False
gap_25,scibert,17,quality,half,1000,0.11188453895773985,0.1476835833409991,0.035799044383259246,0.319964176612293,False
gap_25,scibert,18,quality,half,1000,0.14089851112537416,0.11543869736177292,-0.025459813763601236,-0.1806961163766068,False
gap_25,scibert,19,quality,half,1000,0.10265403108946612,0.10002129105145374,-0.0026327400380123794,-0.025646728239223905,False
gap_25,scibert,20,quality,half,1000,0.0750755641815292,0.07515997753596795,8.441335443874765e-05,0.0011243785559125483,False
gap_25,scibert,21,quality,half,1000,0.08865156211633232,0.02767484800170291,-0.06097671411462941,-0.6878244743686884,False
gap_25,scibert,22,quality,half,1000,0.13025816171808716,0.14361993265254014,0.013361770934452982,0.10257914558453052,False
gap_25,scibert,23,quality,half,1000,0.10248708152194673,0.10546378661582272,0.0029767050938759865,0.029044685922084243,False
gap_25,scibert,24,quality,half,1000,0.11500465485038325,0.11026062045850979,-0.0047440343918734584,-0.04125080326570494,False
gap_25,scibert,25,quality,half,1000,0.16620689972196026,0.17132595026961958,0.005119050547659321,0.03079926619305661,False
gap_25,scibert,26,quality,half,1000,0.054530130545024764,0.04555272425303243,-0.008977406291992333,-0.16463203374471688,False
gap_25,scibert,27,quality,half,1000,0.15971237893887938,0.1669365671782074,0.007224188239328022,0.04523248784674768,False
gap_25,scibert,28,quality,half,1000,0.11022987264730709,0.10290148272396578,-0.007328389923341311,-0.06648279406789592,False
gap_25,scibert,29,quality,half,1000,0.08151294877730451,0.08109744193984976,-0.00041550683745475436,-0.00509743352053095,False
gap_25,scibert,30,quality,half,1000,0.04582238659825947,0.06688069811898671,0.021058311520727242,0.4595638307832514,False
gap_25,scibert,31,quality,half,1000,0.07598554408475078,0.07084615743369259,-0.005139386651058189,-0.06763637364135938,False
gap_25,scibert,32,quality,half,1000,0.13572562949488284,0.1390255832728245,0.00329995377794165,0.024313416634888885,False
gap_25,scibert,33,quality,half,1000,0.09567226038398134,0.10760030869355301,0.01192804830957167,0.12467614187956215,False
gap_25,scibert,34,quality,half,1000,0.12609250600112273,0.1315891744893512,0.005496668488228468,0.04359234868549226,False
gap_25,scibert,35,quality,half,1000,0.1284414684585796,0.13362682246230878,0.005185354003729187,0.040371338524530995,False
gap_25,scibert,36,quality,half,1000,0.12573288421735654,0.12458671052054243,-0.0011461736968141067,-0.009115942133584538,False
gap_25,bert,11,quality,half,1000,0.1163833825408935,0.10840459642056327,-0.007978786120330233,-0.06855605968942118,False
gap_25,bert,12,quality,half,1000,0.11427671733551949,0.10025007164439852,-0.01402664569112097,-0.12274281251830471,False
gap_25,bert,13,quality,half,1000,0.1061708152533334,0.10460267680326944,-0.001568138450063955,-0.014769957698094636,False
gap_25,bert,14,quality,half,1000,0.14157162632250775,0.13812931024911718,-0.0034423160733905722,-0.024315013981324136,False
gap_25,bert,15,quality,half,1000,0.06162018388811483,0.05985445037312612,-0.00176573351498871,-0.028655115963217386,False
gap_25,bert,16,quality,half,1000,0.055353810545134455,0.05798081245365203,0.0026270019085175775,0.0474583751804326,False
gap_25,bert,17,quality,half,1000,0.10687417100581756,0.11910929544983782,0.012235124444020265,0.11448158454819043,False
gap_25,bert,18,quality,half,1000,0.0885714085512429,0.09401733232370563,0.005445923772462724,0.061486250038713004,False
gap_25,bert,19,quality,half,1000,0.08340267737908025,0.07509525690696264,-0.008307420472117605,-0.09960616053557701,False
gap_25,bert,20,quality,half,1000,0.11798574845189948,0.12316743076131391,0.0051816823094144315,0.043917866160987265,False
gap_25,bert,21,quality,half,1000,0.024931683286315048,0.02288361600313924,-0.0020480672831758064,-0.0821471723210918,False
gap_25,bert,22,quality,half,1000,0.11362123267235497,0.1130059926991858,-0.0006152399731691599,-0.005414832762317435,False
gap_25,bert,23,quality,half,1000,0.10051838320790153,0.0978698516851029,-0.0026485315227986334,-0.0263487278473301,False
gap_25,bert,24,quality,half,1000,0.07326137054224,0.07076557779910786,-0.002495792743132136,-0.03406696768924282,False
gap_25,bert,25,quality,half,1000,0.1292324924648751,0.13362389398020172,0.004391401515326632,0.03398063003791557,False
gap_25,bert,26,quality,half,1000,0.03350837966313922,0.09539678118567843,0.06188840152253921,1.8469529754856913,False
gap_25,bert,27,quality,half,1000,0.09746075533744594,0.09351497971110018,-0.0039457756263457655,-0.04048578951275311,False
gap_25,bert,28,quality,half,1000,0.06338091355208013,0.058310089751919036,-0.005070823800161092,-0.08000553346386202,False
gap_25,bert,29,quality,half,1000,0.05749523795206554,0.05634583737925955,-0.001149400572805992,-0.019991230817485453,False
gap_25,bert,30,quality,half,1000,0.030622396558729035,0.045226745135389136,0.014604348576660101,0.4769172311073437,False
gap_25,bert,31,quality,half,1000,0.08806851789030154,0.08172934609001596,-0.0063391718002855785,-0.07197999866628474,False
gap_25,bert,32,quality,half,1000,0.11879333350266454,0.11305886913400945,-0.005734464368655087,-0.04827261092497639,False
gap_25,bert,33,quality,half,1000,0.12867621605920387,0.11584179433057372,-0.012834421728630155,-0.09974198901469905,False
gap_25,bert,34,quality,half,1000,0.10994197529554832,0.10728611299304232,-0.0026558623025060013,-0.02415694547388708,False
gap_25,bert,35,quality,half,1000,0.10506947108519142,0.09681051321366414,-0.008258957871527278,-0.07860473443166788,False
gap_25,bert,36,quality,half,1000,0.11683153553659482,0.1097226941470878,-0.0071088413895070285,-0.06084693962855898,False
gap_25,mpnet,11,quality,half,1000,0.12927872069385318,0.12473900209646564,-0.00453971859738754,-0.03511574505860182,False
gap_25,mpnet,12,quality,half,1000,0.12987875320554843,0.1286499187219862,-0.00122883448356223,-0.009461397289651024,False
gap_25,mpnet,13,quality,half,1000,0.11733044593886024,0.12349015916993471,0.006159713231074462,0.05249884786327522,False
gap_25,mpnet,14,quality,half,1000,0.1498557181122763,0.1361713519419111,-0.013684366170365198,-0.09131694367586607,False
gap_25,mpnet,15,quality,half,1000,0.0390358856033464,0.037861551944566724,-0.0011743336587796763,-0.030083438370333913,False
gap_25,mpnet,16,quality,half,1000,0.10127779038497058,0.09799170799312196,-0.0032860823918486187,-0.0324462291224737,False
gap_25,mpnet,17,quality,half,1000,0.10840950035559357,0.11649064420358378,0.008081143847990205,0.07454276443930907,False
gap_25,mpnet,18,quality,half,1000,0.09570855931718446,0.09877948878696496,0.003070929469780506,0.03208625740152711,False
gap_25,mpnet,19,quality,half,1000,0.09525906065669322,0.09152930494742302,-0.0037297557092701994,-0.039153815747900035,False
gap_25,mpnet,20,quality,half,1000,0.11692137680215971,0.10828261227050182,-0.008638764531657891,-0.07388524466552741,False
gap_25,mpnet,21,quality,half,1000,0.020138448542542882,0.06164326840940407,0.041504819866861185,2.060974050666386,False
gap_25,mpnet,22,quality,half,1000,0.11560670609540355,0.1201841773237546,0.004577471228351046,0.03959520500976408,False
gap_25,mpnet,23,quality,half,1000,0.09902127816173628,0.10381757554154235,0.0047962973798060665,0.048437037663481175,False
gap_25,mpnet,24,quality,half,1000,0.09120166417313887,0.09559892447190181,0.004397260298762945,0.04821469365312356,False
gap_25,mpnet,25,quality,half,1000,0.13174792512501454,0.1275840272424128,-0.004163897882601741,-0.03160503574269312,False
gap_25,mpnet,26,quality,half,1000,0.0421161845315069,0.03718551836054212,-0.004930666170964784,-0.11707295487026319,False
gap_25,mpnet,27,quality,half,1000,0.17481564080171327,0.17021451303314153,-0.0046011277685717444,-0.026319886181069053,False
gap_25,mpnet,28,quality,half,1000,0.07748524900044544,0.07612351853717429,-0.001361730463271149,-0.017574060622342725,False
gap_25,mpnet,29,quality,half,1000,0.025280240426737183,0.030272576844667127,0.004992336417929944,0.19747978396004062,False
gap_25,mpnet,30,quality,half,1000,0.05244829495188806,0.05004422769032662,-0.002404067261561442,-0.04583690020365284,False
gap_25,mpnet,31,quality,half,1000,0.08659619920126066,0.0835735931139277,-0.0030226060873329574,-0.03490460453475601,False
gap_25,mpnet,32,quality,half,1000,0.118082269692532,0.11439676206054632,-0.0036855076319856767,-0.031211354944160285,False
gap_25,mpnet,33,quality,half,1000,0.15458199208663,0.15240379734662715,-0.002178194740002859,-0.01409086990405821,False
gap_25,mpnet,34,quality,half,1000,0.051805169395052184,0.05221269551692885,0.0004075261218766668,0.00786651460916927,False
gap_25,mpnet,35,quality,half,1000,0.07242253328086651,0.07390859765947014,0.0014860643786036298,0.020519364778920773,False
gap_25,mpnet,36,quality,half,1000,0.13268765653678768,0.11704489667613399,-0.015642759860653693,-0.11789159797480284,False
gap_25,minilm,11,quality,half,1000,0.13890635451153205,0.14876969550737018,0.009863340995838132,0.07100712584764633,False
gap_25,minilm,12,quality,half,1000,0.1550219148774618,0.14675604434008738,-0.008265870537374431,-0.05332065820441096,False
gap_25,minilm,13,quality,half,1000,0.14214891042385988,0.15385268751972186,0.011703777095861984,0.08233462402886972,False
gap_25,minilm,14,quality,half,1000,0.18283549366084126,0.16812267320854724,-0.014712820452294023,-0.08047026404832651,False
gap_25,minilm,15,quality,half,1000,0.04777954505620326,0.04453258549283142,-0.003246959563371836,-0.06795710506561804,False
gap_25,minilm,16,quality,half,1000,0.11987293704211605,0.11399265135696225,-0.005880285685153794,-0.049054322270320444,False
gap_25,minilm,17,quality,half,1000,0.11449109468117255,0.122765456951845,0.00827436227067245,0.07227079358193196,False
gap_25,minilm,18,quality,half,1000,0.11779319488274101,0.12079747849385705,0.003004283611116043,0.025504729828465064,False
gap_25,minilm,19,quality,half,1000,0.10803829995317822,0.10406523629414516,-0.003973063659033063,-0.03677458513096665,False
gap_25,minilm,20,quality,half,1000,0.15012098501705837,0.13275248077045398,-0.017368504246604383,-0.11569671118685229,False
gap_25,minilm,21,quality,half,1000,0.08292838170828296,0.02320090986826428,-0.05972747184001868,-0.720229559647286,False
gap_25,minilm,22,quality,half,1000,0.13193797663832715,0.13540555264161785,0.003467576003290701,0.026281864339909786,False
gap_25,minilm,23,quality,half,1000,0.11887369700558202,0.1204263670203835,0.0015526700148014855,0.01306151027446026,False
gap_25,minilm,24,quality,half,1000,0.10323200653775126,0.10680446857562224,0.0035724620378709826,0.03460614743126742,False
gap_25,minilm,25,quality,half,1000,0.16022016874203254,0.15576581216239804,-0.0044543565796345,-0.027801472277852703,False
gap_25,minilm,26,quality,half,1000,0.05127968502230153,0.04507702793510797,-0.006202657087193558,-0.12095739442424468,False
gap_25,minilm,27,quality,half,1000,0.19895992515823804,0.19283344623118778,-0.006126478927050261,-0.030792527300046536,False
gap_25,minilm,28,quality,half,1000,0.09431995649271127,0.09141663647003961,-0.002903320022671657,-0.030781609010771923,False
gap_25,minilm,29,quality,half,1000,0.036258257699267216,0.036762032684378665,0.0005037749851114492,0.013894075917542796,False
gap_25,minilm,30,quality,half,1000,0.07190297797227299,0.062298051583949146,-0.009604926388323845,-0.1335817605778118,False
gap_25,minilm,31,quality,half,1000,0.1271173687737516,0.12096696954625477,-0.006150399227496828,-0.04838362598932917,False
gap_25,minilm,32,quality,half,1000,0.14202263593428432,0.13786590835690868,-0.004156727577375646,-0.029268063854968985,False
gap_25,minilm,33,quality,half,1000,0.1678942263880476,0.1661053125661882,-0.0017889138218593892,-0.01065500500133185,False
gap_25,minilm,34,quality,half,1000,0.07783083739306763,0.07853889206080682,0.000708054667739183,0.009097353843995121,False
gap_25,minilm,35,quality,half,1000,0.09503466276498486,0.09372270010955082,-0.0013119626554340402,-0.013805096132959896,False
gap_25,minilm,36,quality,half,1000,0.1532205646560548,0.13547383372970495,-0.017746730926349846,-0.11582473257546862,False
gap_25,pubmedbert,11,quality,half,1000,0.13716781699874586,0.13719271360712482,2.48966083789548e-05,0.00018150473575869792,False
gap_25,pubmedbert,12,quality,half,1000,0.1128205900219346,0.11226544240066745,-0.0005551476212671547,-0.00492062327593946,False
gap_25,pubmedbert,13,quality,half,1000,0.14085618466126446,0.13925726778061542,-0.0015989168806490317,-0.011351414100091942,False
gap_25,pubmedbert,14,quality,half,1000,0.12333464846780583,0.1506234747906424,0.027288826322836565,0.2212583946348199,False
gap_25,pubmedbert,15,quality,half,1000,0.10078494437579466,0.10150249232977597,0.0007175479539813095,0.007119594681779095,False
gap_25,pubmedbert,16,quality,half,1000,0.08048570747654392,0.08631231603678859,0.005826608560244667,0.07239308372784976,False
gap_25,pubmedbert,17,quality,half,1000,0.12933725129193402,0.1460134903968346,0.01667623910490057,0.1289360871545023,False
gap_25,pubmedbert,18,quality,half,1000,0.11623768857116597,0.12124346466544765,0.005005776094281683,0.043065000309404126,False
gap_25,pubmedbert,19,quality,half,1000,0.10920483533860978,0.10286738705543075,-0.006337448283179031,-0.058032671021650294,False
gap_25,pubmedbert,20,quality,half,1000,0.11630352387423039,0.12171828545141158,0.005414761577181196,0.04655715834574945,False
gap_25,pubmedbert,21,quality,half,1000,0.030872837881841763,0.10213653601942715,0.07126369813758539,2.3082976178066223,False
gap_25,pubmedbert,22,quality,half,1000,0.14264012034678641,0.1414154806587023,-0.001224639688084117,-0.008585520575184424,False
gap_25,pubmedbert,23,quality,half,1000,0.11564354552614994,0.11634169591451887,0.0006981503883689288,0.006037089101622704,False
gap_25,pubmedbert,24,quality,half,1000,0.12793047690674672,0.12195670178784714,-0.005973775118899585,-0.04669548072781822,False
gap_25,pubmedbert,25,quality,half,1000,0.17087964657363053,0.17417026081411258,0.003290614240482048,0.01925691155420404,False
gap_25,pubmedbert,26,quality,half,1000,0.050292991329241414,0.04616706622976201,-0.004125925099479406,-0.08203777485552954,False
gap_25,pubmedbert,27,quality,half,1000,0.16612466318055383,0.16674279154642585,0.0006181283658720227,0.0037208705440696984,False
gap_25,pubmedbert,28,quality,half,1000,0.09588378105248073,0.08853819189810502,-0.007345589154375706,-0.07660929798289029,False
gap_25,pubmedbert,29,quality,half,1000,0.0909494956164602,0.08902658689615381,-0.001922908720306385,-0.021142599057562817,False
gap_25,pubmedbert,30,quality,half,1000,0.05123593301851105,0.07223616570073234,0.021000232682221287,0.4098731387332032,False
gap_25,pubmedbert,31,quality,half,1000,0.11546359780995959,0.11138910497749893,-0.004074492832460655,-0.03528811599277223,False
gap_25,pubmedbert,32,quality,half,1000,0.12064353154156525,0.12136609796081062,0.0007225664192453685,0.005989267804187438,False
gap_25,pubmedbert,33,quality,half,1000,0.1279200678275143,0.11942709215010207,-0.008492975677412237,-0.06639283281856957,False
gap_25,pubmedbert,34,quality,half,1000,0.1305474736678876,0.13250753152439435,0.0019600578565067417,0.015014138546205216,False
gap_25,pubmedbert,35,quality,half,1000,0.14395833183303652,0.13796592736179134,-0.0059924044712451885,-0.04162596492292787,False
gap_25,pubmedbert,36,quality,half,1000,0.12023062546159118,0.11792993599010564,-0.0023006894714855397,-0.019135635888549187,False
gap_25,biobert,11,quality,half,1000,0.14103312186617337,0.14479513533464192,0.0037620134684685502,0.026674680519646533,False
gap_25,biobert,12,quality,half,1000,0.10162686939645933,0.10110916068287758,-0.0005177087135817549,-0.005094210976450602,False
gap_25,biobert,13,quality,half,1000,0.1648774528356348,0.16200286855104365,-0.002874584284591142,-0.017434671843558836,False
gap_25,biobert,14,quality,half,1000,0.10875902230510755,0.14077776173289006,0.03201873942778251,0.29440076555633804,False
gap_25,biobert,15,quality,half,1000,0.09547479231717575,0.09371000342162181,-0.0017647888955539398,-0.01848434390609779,False
gap_25,biobert,16,quality,half,1000,0.07461463363226419,0.08144423563882598,0.006829602006561797,0.0915316697823817,False
gap_25,biobert,17,quality,half,1000,0.13209837253689619,0.14542444536913177,0.01332607283223558,0.10087991680982668,False
gap_25,biobert,18,quality,half,1000,0.11181365687529626,0.12026513907450602,0.008451482199209756,0.07558541984397792,False
gap_25,biobert,19,quality,half,1000,0.10630492363755675,0.10446371859973756,-0.0018412050378191908,-0.017320035373871494,False
gap_25,biobert,20,quality,half,1000,0.10163729466950312,0.10212893694048879,0.0004916422709856649,0.004837223113664645,False
gap_25,biobert,21,quality,half,1000,0.0316534501926952,0.028534041720779744,-0.0031194084719154552,-0.09854876649861487,False
gap_25,biobert,22,quality,half,1000,0.13648451744138554,0.13271496835674756,-0.0037695490846379742,-0.027618876890243903,False
gap_25,biobert,23,quality,half,1000,0.11557327243800763,0.11977649143719718,0.004203218999189545,0.03636843459151951,False
gap_25,biobert,24,quality,half,1000,0.1377703522785208,0.13651894681152144,-0.0012514054669993668,-0.009083271155970385,False
gap_25,biobert,25,quality,half,1000,0.17556601721758403,0.17449175312372872,-0.0010742640938553039,-0.006118861217452677,False
gap_25,biobert,26,quality,half,1000,0.07873345893373448,0.04500197679448752,-0.03373148213924697,-0.42842627005167977,False
gap_25,biobert,27,quality,half,1000,0.1917296578416673,0.19259309620557474,0.0008634383639074539,0.004503415765861805,False
gap_25,biobert,28,quality,half,1000,0.0961631629303001,0.08796261985766773,-0.008200543072632363,-0.08527738504791267,False
gap_25,biobert,29,quality,half,1000,0.08633923448925292,0.08376300256060773,-0.002576231928645187,-0.029838484715380045,False
gap_25,biobert,30,quality,half,1000,0.051967177019090045,0.07250191417903895,0.020534737159948906,0.39514821350417995,False
gap_25,biobert,31,quality,half,1000,0.11030464334079339,0.11051040164029988,0.00020575829950648938,0.0018653638983336875,False
gap_25,biobert,32,quality,half,1000,0.13772200347750616,0.13309278536858982,-0.004629218108916339,-0.03361277059603928,False
gap_25,biobert,33,quality,half,1000,0.13280880745022794,0.1273845047095508,-0.0054243027406771505,-0.04084294441624278,False
gap_25,biobert,34,quality,half,1000,0.13509311555736658,0.13374728213736609,-0.0013458334200004973,-0.00996226502326091,False
gap_25,biobert,35,quality,half,1000,0.1299534185852347,0.12413742337144906,-0.005815995213785646,-0.04475446107615101,False
gap_25,biobert,36,quality,half,1000,0.13278672390598298,0.12476264868029038,-0.008024075225692595,-0.06042829425759373,False
gap_25,simcse,11,quality,half,1000,0.1696946419134377,0.16070953081181386,-0.008985111101623838,-0.052948702447583464,False
gap_25,simcse,12,quality,half,1000,0.14501998402063335,0.12316057993414206,-0.021859404086491285,-0.15073373669232473,False
gap_25,simcse,13,quality,half,1000,0.13919483427200258,0.13935371438618546,0.0001588801141828855,0.001141422488943919,False
gap_25,simcse,14,quality,half,1000,0.1743095126350441,0.1724515302553126,-0.0018579823797315043,-0.01065909916013365,False
gap_25,simcse,15,quality,half,1000,0.09973068157576598,0.09442800396740694,-0.0053026776083590355,-0.053169972616005444,False
gap_25,simcse,16,quality,half,1000,0.0937519047071036,0.0980225921820944,0.004270687474990806,0.04555307423708497,False
gap_25,simcse,17,quality,half,1000,0.14915853581898728,0.17406882891260897,0.024910293093621694,0.16700548149555322,False
gap_25,simcse,18,quality,half,1000,0.14518185498984634,0.1507838552765262,0.00560200028667987,0.03858609112737718,False
gap_25,simcse,19,quality,half,1000,0.09768331137731003,0.09485862508060419,-0.0028246862967058334,-0.028916774594129436,False
gap_25,simcse,20,quality,half,1000,0.18553191307298011,0.1897927442443234,0.004260831171343293,0.022965489336959886,False
gap_25,simcse,21,quality,half,1000,0.12132056328593872,0.11415303465521594,-0.007167528630722786,-0.059079256117775675,False
gap_25,simcse,22,quality,half,1000,0.13800417448942426,0.13419810512445868,-0.003806069364965581,-0.027579378515519132,False
gap_25,simcse,23,quality,half,1000,0.12785491139781102,0.1272043429714231,-0.0006505684263879152,-0.00508833348109499,False
gap_25,simcse,24,quality,half,1000,0.10103803124004335,0.09716800384063624,-0.0038700273994071027,-0.038302680207740775,False
gap_25,simcse,25,quality,half,1000,0.19234418112284524,0.19236500668747125,2.0825564626014703e-05,0.0001082723922524797,False
gap_25,simcse,26,quality,half,1000,0.06553779870358023,0.10529741955881808,0.03975962085523785,0.6066670172287285,False
gap_25,simcse,27,quality,half,1000,0.15440996807144025,0.14998392186458917,-0.004426046206851081,-0.02866425181050034,False
gap_25,simcse,28,quality,half,1000,0.1266653618726842,0.11976822472185913,-0.006897137150825072,-0.05445164367633218,False
gap_25,simcse,29,quality,half,1000,0.0725561591011447,0.06962349727355993,-0.0029326618275847677,-0.04041919892006108,False
gap_25,simcse,30,quality,half,1000,0.06847973597031298,0.08912950764311091,0.020649771672797926,0.30154572561071086,False
gap_25,simcse,31,quality,half,1000,0.16318829398625215,0.16437739135779736,0.0011890973715452113,0.007286658512683435,False
gap_25,simcse,32,quality,half,1000,0.17030314840466457,0.16610530809738522,-0.004197840307279349,-0.024649223144745873,False
gap_25,simcse,33,quality,half,1000,0.15279589365352056,0.14146059786193868,-0.011335295791581879,-0.07418586665218736,False
gap_25,simcse,34,quality,half,1000,0.14448686558602897,0.1427867107542228,-0.001700154831806161,-0.01176684693733543,False
gap_25,simcse,35,quality,half,1000,0.12567558014509383,0.11980627108342261,-0.005869309061671227,-0.04670206459277964,False
gap_25,simcse,36,quality,half,1000,0.15841173869733244,0.15392652259482387,-0.004485216102508571,-0.028313659955959435,False
angle_p50,specter,11,trim_extreme,trim_random,950,55.64964808393178,54.85283839228035,-0.7968096916514327,-0.01431832399819798,False
angle_p50,specter,12,trim_extreme,trim_random,950,47.789673108174334,46.76025108125792,-1.0294220269164143,-0.021540679397121332,False
angle_p50,specter,13,trim_extreme,trim_random,950,57.64435348651357,57.0674454971164,-0.5769079893971707,-0.010008057242452092,False
angle_p50,specter,14,trim_extreme,trim_random,950,52.826824162518434,52.181908059931324,-0.6449161025871106,-0.012208117993295724,False
angle_p50,specter,15,trim_extreme,trim_random,950,52.956730536833646,52.27350701245903,-0.6832235243746183,-0.012901542777445587,False
angle_p50,specter,16,trim_extreme,trim_random,950,52.941477873795115,52.10057991392645,-0.8408979598686628,-0.015883537703145403,False
angle_p50,specter,17,trim_extreme,trim_random,950,56.26794933468061,55.74747447689012,-0.5204748577904894,-0.009249934713183089,False
angle_p50,specter,18,trim_extreme,trim_random,950,53.10295958486597,52.49121685452134,-0.6117427303446306,-0.011519936649989912,False
angle_p50,specter,19,trim_extreme,trim_random,950,51.50758176125451,50.63790889318011,-0.8696728680743959,-0.016884366113428938,False
angle_p50,specter,20,trim_extreme,trim_random,950,52.17685535136986,51.42617647962279,-0.7506788717470698,-0.0143872003533337,False
angle_p50,specter,21,trim_extreme,trim_random,950,54.24421872561732,53.52337618647745,-0.7208425391398734,-0.013288836231306047,False
angle_p50,specter,22,trim_extreme,trim_random,950,56.896391590819135,56.28587618819096,-0.6105154026281738,-0.010730300912908636,False
angle_p50,specter,23,trim_extreme,trim_random,950,54.58936186193602,53.77139484543648,-0.8179670164995372,-0.01498400033633454,False
angle_p50,specter,24,trim_extreme,trim_random,950,55.68923896951868,55.083375098867556,-0.6058638706511204,-0.010879370626392255,False
angle_p50,specter,25,trim_extreme,trim_random,950,50.96921825387607,50.24795581068974,-0.7212624431863333,-0.01415094184089204,False
angle_p50,specter,26,trim_extreme,trim_random,950,49.18734594281137,48.198300813757804,-0.9890451290535651,-0.0201077149030057,False
angle_p50,specter,27,trim_extreme,trim_random,950,59.24721696096117,58.824691480831156,-0.42252548013001245,-0.00713156670984935,False
angle_p50,specter,28,trim_extreme,trim_random,950,54.9290002841808,54.2835377541572,-0.6454625300236003,-0.011750851584486044,False
angle_p50,specter,29,trim_extreme,trim_random,950,56.92786778746386,56.383051425209544,-0.5448163622543163,-0.009570292783287604,False
angle_p50,specter,30,trim_extreme,trim_random,950,56.46956783202024,55.879310184002534,-0.5902576480177046,-0.010452668059609404,False
angle_p50,specter,31,trim_extreme,trim_random,950,52.62393578938276,52.02090998730517,-0.603025802077596,-0.011459154337887068,False
angle_p50,specter,32,trim_extreme,trim_random,950,52.45238216804552,51.63822664197152,-0.8141555260739963,-0.015521802679344991,False
angle_p50,specter,33,trim_extreme,trim_random,950,52.249536456950636,51.53162129927483,-0.7179151576758045,-0.013740124915123565,False
angle_p50,specter,34,trim_extreme,trim_random,950,55.18625906887086,54.62983040319145,-0.5564286656794124,-0.010082739346129722,False
angle_p50,specter,35,trim_extreme,trim_random,950,47.22483317196046,46.270795696909865,-0.9540374750505975,-0.020202029546121363,False
angle_p50,specter,36,trim_extreme,trim_random,950,54.33165580046247,53.36438410418081,-0.9672716962816637,-0.01780309622504511,False
angle_p50,specter2,11,trim_extreme,trim_random,950,35.21216507685626,34.898811235410115,-0.3133538414461441,-0.008899022277164683,False
angle_p50,specter2,12,trim_extreme,trim_random,950,33.03759837208073,32.637072397972766,-0.4005259741079641,-0.012123338070676434,False
angle_p50,specter2,13,trim_extreme,trim_random,950,35.12096418722693,34.830373003120684,-0.2905911841062476,-0.008274009294196203,False
angle_p50,specter2,14,trim_extreme,trim_random,950,33.55742601059397,33.243442431507134,-0.3139835790868375,-0.009356604972852026,False
angle_p50,specter2,15,trim_extreme,trim_random,950,34.767952396734486,34.41641864326897,-0.3515337534655174,-0.010110855809228918,False
angle_p50,specter2,16,trim_extreme,trim_random,950,34.84012785447709,34.55778730281435,-0.28234055166274175,-0.008103889653965777,False
angle_p50,specter2,17,trim_extreme,trim_random,950,36.8973432537185,36.62799629342006,-0.2693469602984422,-0.007299901200103275,False
angle_p50,specter2,18,trim_extreme,trim_random,950,34.72077464103652,34.40104904148568,-0.3197255995508428,-0.009208481171758154,False
angle_p50,specter2,19,trim_extreme,trim_random,950,35.393567649211604,35.12092532503764,-0.2726423241739653,-0.00770316027127145,False
angle_p50,specter2,20,trim_extreme,trim_random,950,33.789763657385876,33.477096236085885,-0.3126674212999916,-0.009253317793823861,False
angle_p50,specter2,21,trim_extreme,trim_random,950,35.531273342419524,35.20646701113241,-0.3248063312871139,-0.009141421084375807,False
angle_p50,specter2,22,trim_extreme,trim_random,950,36.720090435781245,36.4372872051538,-0.2828032306274437,-0.007701594066660334,False
angle_p50,specter2,23,trim_extreme,trim_random,950,35.70280300054255,35.372436651046684,-0.3303663494958684,-0.009253232848156153,False
angle_p50,specter2,24,trim_extreme,trim_random,950,33.8095313870732,33.53055537080729,-0.27897601626590784,-0.008251401448662848,False
angle_p50,specter2,25,trim_extreme,trim_random,950,35.05602168634654,34.744517727164784,-0.31150395918175633,-0.008885890189390186,False
angle_p50,specter2,26,trim_extreme,trim_random,950,34.80386643455703,34.424654661398066,-0.37921177315896415,-0.010895679474922988,False
angle_p50,specter2,27,trim_extreme,trim_random,950,35.72345639626572,35.452990137803184,-0.2704662584625339,-0.007571111133882515,False
angle_p50,specter2,28,trim_extreme,trim_random,950,35.511158875244135,35.260634408009,-0.2505244672351381,-0.007054809675889964,False
angle_p50,specter2,29,trim_extreme,trim_random,950,34.783933479374916,34.46908508681343,-0.3148483925614869,-0.009051546535074183,False
angle_p50,specter2,30,trim_extreme,trim_random,950,33.81488144504566,33.48394216573209,-0.3309392793135686,-0.009786794014090968,False
angle_p50,specter2,31,trim_extreme,trim_random,950,36.88518496229653,36.54606902426882,-0.33911593802771023,-0.009193825064842412,False
angle_p50,specter2,32,trim_extreme,trim_random,950,35.168224647367374,34.82046072884401,-0.34776391852336275,-0.009888583288192676,False
angle_p50,specter2,33,trim_extreme,trim_random,950,34.17286621063093,33.87748615989564,-0.2953800507352895,-0.008643701377422036,False
angle_p50,specter2,34,trim_extreme,trim_random,950,33.67377309318081,33.392848261360335,-0.280924831820478,-0.008342540975230583,False
angle_p50,specter2,35,trim_extreme,trim_random,950,32.33347692515498,32.07089748835242,-0.2625794368025609,-0.008120977444225241,False
angle_p50,specter2,36,trim_extreme,trim_random,950,34.55166110294299,34.18468059770113,-0.3669805052418553,-0.010621211644455416,False
angle_p50,scincl,11,trim_extreme,trim_random,950,40.72076120462634,40.099542096730936,-0.6212191078954064,-0.015255586819060465,False
angle_p50,scincl,12,trim_extreme,trim_random,950,39.410819161401214,38.61264768818892,-0.7981714732122924,-0.020252597895605736,False
angle_p50,scincl,13,trim_extreme,trim_random,950,43.59482042588234,43.180937957982024,-0.413882467900315,-0.009493844999407133,False
angle_p50,scincl,14,trim_extreme,trim_random,950,42.28163009345141,41.76010483152831,-0.5215252619231023,-0.01233455902174113,False
angle_p50,scincl,15,trim_extreme,trim_random,950,39.838242397397146,39.24240759109352,-0.5958348063036283,-0.014956352751710691,False
angle_p50,scincl,16,trim_extreme,trim_random,950,37.983256315532294,37.23962348030335,-0.7436328352289436,-0.019577911621149073,False
angle_p50,scincl,17,trim_extreme,trim_random,950,49.22886632273718,48.927767822038966,-0.30109850069821675,-0.00611629970766053,False
angle_p50,scincl,18,trim_extreme,trim_random,950,45.37104121424135,44.970969429603414,-0.40007178463793736,-0.008817778343432866,False
angle_p50,scincl,19,trim_extreme,trim_random,950,39.80350649729821,39.20336805162231,-0.6001384456758956,-0.015077527044423384,False
angle_p50,scincl,20,trim_extreme,trim_random,950,40.81933559776481,40.241067865744455,-0.5782677320203575,-0.01416651504861883,False
angle_p50,scincl,21,trim_extreme,trim_random,950,42.21095153337045,41.710939699879084,-0.5000118334913637,-0.011845547549338527,False
angle_p50,scincl,22,trim_extreme,trim_random,950,46.71949445286319,46.216623317548276,-0.502871135314912,-0.01076362536033593,False
angle_p50,scincl,23,trim_extreme,trim_random,950,42.32179150473593,41.6944453632085,-0.6273461415274255,-0.01482324162617794,False
angle_p50,scincl,24,trim_extreme,trim_random,950,40.75280257916198,40.32632258354567,-0.42647999561631167,-0.010465047030517174,False
angle_p50,scincl,25,trim_extreme,trim_random,950,39.48937941443295,38.98029066358103,-0.5090887508519231,-0.012891789093698862,False
angle_p50,scincl,26,trim_extreme,trim_random,950,43.05944271327353,42.27810740837134,-0.7813353049021927,-0.018145504346282162,False
angle_p50,scincl,27,trim_extreme,trim_random,950,44.88125118416354,44.50828831940964,-0.3729628647539016,-0.008309992589634009,False
angle_p50,scincl,28,trim_extreme,trim_random,950,45.22281167246393,44.85550851869421,-0.36730315376972555,-0.00812207689406839,False
angle_p50,scincl,29,trim_extreme,trim_random,950,41.833590121456375,41.31880958224159,-0.5147805392147831,-0.01230543536235378,False
angle_p50,scincl,30,trim_extreme,trim_random,950,40.58365145504641,40.117817846044666,-0.4658336090017414,-0.011478356241989087,False
angle_p50,scincl,31,trim_extreme,trim_random,950,41.35544015879926,40.73831937076336,-0.6171207880359049,-0.014922360532646855,False
angle_p50,scincl,32,trim_extreme,trim_random,950,44.76975085165482,44.251819151746545,-0.5179316999082744,-0.011568786737823225,False
angle_p50,scincl,33,trim_extreme,trim_random,950,42.26665117406802,41.73293712267002,-0.5337140513980003,-0.012627308683623637,False
angle_p50,scincl,34,trim_extreme,trim_random,950,40.309238889720476,39.856404764991666,-0.4528341247288097,-0.011234003350142388,False
angle_p50,scincl,35,trim_extreme,trim_random,950,35.749448091296294,35.13510356574162,-0.6143445255546709,-0.017184727551199364,False
angle_p50,scincl,36,trim_extreme,trim_random,950,43.73244649413449,43.21905956380528,-0.5133869303292116,-0.011739268471935781,False
angle_p50,scibert,11,trim_extreme,trim_random,950,35.267157055185606,34.77268431590633,-0.49447273927927426,-0.014020771181117024,False
angle_p50,scibert,12,trim_extreme,trim_random,950,34.55924181164171,33.8795867459857,-0.6796550656560143,-0.01966637663408067,False
angle_p50,scibert,13,trim_extreme,trim_random,950,35.27032574668977,34.82612278185168,-0.44420296483809096,-0.012594240496340774,False
angle_p50,scibert,14,trim_extreme,trim_random,950,34.09117209467618,33.63944335623047,-0.45172873844570915,-0.01325060743559043,False
angle_p50,scibert,15,trim_extreme,trim_random,950,32.863679869086496,32.378008724295015,-0.4856711447914819,-0.01477835551971563,False
angle_p50,scibert,16,trim_extreme,trim_random,950,34.82040528022066,34.303597333862776,-0.5168079463578863,-0.014842100262728797,False
angle_p50,scibert,17,trim_extreme,trim_random,950,33.99548756102493,33.555913114046824,-0.43957444697810644,-0.012930376309180185,False
angle_p50,scibert,18,trim_extreme,trim_random,950,34.4176022447399,33.86809221364053,-0.5495100310993735,-0.015965959138927406,False
angle_p50,scibert,19,trim_extreme,trim_random,950,34.39798201292417,33.85874420523315,-0.5392378076910163,-0.015676437283106064,False
angle_p50,scibert,20,trim_extreme,trim_random,950,34.81342235905563,34.169346348826636,-0.6440760102289929,-0.018500795572069247,False
angle_p50,scibert,21,trim_extreme,trim_random,950,34.86322517952394,34.43396428185011,-0.4292608976738279,-0.012312713338005911,False
angle_p50,scibert,22,trim_extreme,trim_random,950,34.60951037689919,34.22364264961077,-0.3858677272884208,-0.011149181918100059,False
angle_p50,scibert,23,trim_extreme,trim_random,950,35.24969775230017,34.78072325546639,-0.46897449683378056,-0.01330435512183018,False
angle_p50,scibert,24,trim_extreme,trim_random,950,34.362085481719696,33.837874698421544,-0.5242107832981517,-0.015255499657523026,False
angle_p50,scibert,25,trim_extreme,trim_random,950,32.98713929989529,32.550091932589226,-0.4370473673060644,-0.01324902300053196,False
angle_p50,scibert,26,trim_extreme,trim_random,950,35.57820395656254,34.95568189335694,-0.6225220632056008,-0.01749728749561497,False
angle_p50,scibert,27,trim_extreme,trim_random,950,35.41163346546915,35.06336087059038,-0.3482725948787717,-0.009834976836591902,False
angle_p50,scibert,28,trim_extreme,trim_random,950,34.70581123476558,34.26280251446709,-0.4430087202984865,-0.012764684199478238,False
angle_p50,scibert,29,trim_extreme,trim_random,950,35.324467597173005,34.89824828774427,-0.4262193094287312,-0.012065838168862912,False
angle_p50,scibert,30,trim_extreme,trim_random,950,35.611062810016364,35.09457389809929,-0.5164889119170724,-0.014503608462137753,False
angle_p50,scibert,31,trim_extreme,trim_random,950,34.597383716265725,34.112994888568544,-0.48438882769718106,-0.014000735768625445,False
angle_p50,scibert,32,trim_extreme,trim_random,950,34.989074208492994,34.444014003021685,-0.5450602054713087,-0.01557801164510391,False
angle_p50,scibert,33,trim_extreme,trim_random,950,35.10535990413081,34.563686581412455,-0.5416733227183528,-0.015429932186925528,False
angle_p50,scibert,34,trim_extreme,trim_random,950,34.25835057977361,33.82119093800726,-0.4371596417663497,-0.012760673948629973,False
angle_p50,scibert,35,trim_extreme,trim_random,950,32.45525029048795,31.948763377709685,-0.5064869127782679,-0.015605700410411255,False
angle_p50,scibert,36,trim_extreme,trim_random,950,35.5132804513334,34.997630639846115,-0.5156498114872861,-0.014519914942634516,False
angle_p50,bert,11,trim_extreme,trim_random,950,33.49206838124449,32.76896494569377,-0.7231034355507262,-0.021590288999758015,False
angle_p50,bert,12,trim_extreme,trim_random,950,37.18037634519419,36.47350313800875,-0.7068732071854384,-0.019011997098216746,False
angle_p50,bert,13,trim_extreme,trim_random,950,32.07997279448045,31.385248986045532,-0.6947238084349152,-0.02165599743134591,False
angle_p50,bert,14,trim_extreme,trim_random,950,33.256486617071,32.68531814513333,-0.5711684719376677,-0.01717464861860902,False
angle_p50,bert,15,trim_extreme,trim_random,950,31.399561373057114,30.697970244033275,-0.7015911290238392,-0.022343978652703426,False
angle_p50,bert,16,trim_extreme,trim_random,950,32.296550415273686,31.45602902701023,-0.8405213882634541,-0.026025113439544143,False
angle_p50,bert,17,trim_extreme,trim_random,950,32.92544329156254,32.3116167416678,-0.6138265498947391,-0.018642924393125423,False
angle_p50,bert,18,trim_extreme,trim_random,950,33.44124235877626,32.66125084311439,-0.7799915156618695,-0.023324238594179203,False
angle_p50,bert,19,trim_extreme,trim_random,950,33.988540863245134,33.267673473692895,-0.7208673895522395,-0.02120913023164752,False
angle_p50,bert,20,trim_extreme,trim_random,950,34.42988032633189,33.71120522496382,-0.7186751013680706,-0.020873586970281438,False
angle_p50,bert,21,trim_extreme,trim_random,950,34.604415592897666,33.937554956459294,-0.666860636438372,-0.01927096947059094,False
angle_p50,bert,22,trim_extreme,trim_random,950,33.418044419488034,32.90668436072166,-0.5113600587663711,-0.015301914509041914,False
angle_p50,bert,23,trim_extreme,trim_random,950,34.688123698499304,33.99117708556319,-0.6969466129361166,-0.020091793346731758,False
angle_p50,bert,24,trim_extreme,trim_random,950,29.09856198450856,28.412352104860958,-0.6862098796476026,-0.023582260869555196,False
angle_p50,bert,25,trim_extreme,trim_random,950,30.20716885875589,29.606158175672057,-0.6010106830838318,-0.019896293025475707,False
angle_p50,bert,26,trim_extreme,trim_random,950,34.879749717106556,33.745566724902595,-1.1341829922039608,-0.032516947552743126,False
angle_p50,bert,27,trim_extreme,trim_random,950,30.939679863802432,30.276508102214116,-0.6631717615883161,-0.021434344650869748,False
angle_p50,bert,28,trim_extreme,trim_random,950,31.308702892882085,30.647706725439562,-0.6609961674425229,-0.021112218213064263,False
angle_p50,bert,29,trim_extreme,trim_random,950,32.86088141260925,32.14163924232443,-0.7192421702848222,-0.02188748869069706,False
angle_p50,bert,30,trim_extreme,trim_random,950,32.29773020211695,31.54305182871422,-0.7546783734027329,-0.023366297528650097,False
angle_p50,bert,31,trim_extreme,trim_random,950,31.902643422952604,31.269414384769277,-0.6332290381833268,-0.019848795279696015,False
angle_p50,bert,32,trim_extreme,trim_random,950,32.601994249859246,31.764645338264124,-0.8373489115951216,-0.02568397826150579,False
angle_p50,bert,33,trim_extreme,trim_random,950,36.678697879169384,35.968430390269994,-0.7102674888993903,-0.01936457753323807,False
angle_p50,bert,34,trim_extreme,trim_random,950,30.53816742401535,29.863564786879596,-0.6746026371357523,-0.0220904754292899,False
angle_p50,bert,35,trim_extreme,trim_random,950,29.461941094690093,28.77249090044934,-0.6894501942407523,-0.023401383908306417,False
angle_p50,bert,36,trim_extreme,trim_random,950,33.755681863016605,33.02606433470116,-0.729617528315444,-0.02161465827519922,False
angle_p50,mpnet,11,trim_extreme,trim_random,950,80.73085811356674,79.86649840114433,-0.8643597124224129,-0.010706683077820005,False
angle_p50,mpnet,12,trim_extreme,trim_random,950,82.06686907148271,81.17854596498336,-0.8883231064993566,-0.010824381587234679,False
angle_p50,mpnet,13,trim_extreme,trim_random,950,83.73516259496063,83.11650877697605,-0.6186538179845797,-0.00738822017910325,False
angle_p50,mpnet,14,trim_extreme,trim_random,950,80.42274988676948,79.6665508949654,-0.7561989918040837,-0.00940279949229251,False
angle_p50,mpnet,15,trim_extreme,trim_random,950,80.5671661924236,79.74946384778426,-0.8177023446393434,-0.010149324883617897,False
angle_p50,mpnet,16,trim_extreme,trim_random,950,78.45609290463749,77.41136316498933,-1.0447297396481616,-0.013316107149485753,False
angle_p50,mpnet,17,trim_extreme,trim_random,950,85.90503673649367,85.39746204419872,-0.507574692294952,-0.005908555674702681,False
angle_p50,mpnet,18,trim_extreme,trim_random,950,83.9755176253959,83.34402241928764,-0.631495206108255,-0.007519991825775636,False
angle_p50,mpnet,19,trim_extreme,trim_random,950,81.22794031302377,80.39248488587319,-0.8354554271505776,-0.010285320838261168,False
angle_p50,mpnet,20,trim_extreme,trim_random,950,82.13778069895551,81.4184449840761,-0.7193357148794064,-0.008757671667753663,False
angle_p50,mpnet,21,trim_extreme,trim_random,950,83.16911357653659,82.46121157891375,-0.7079019976228409,-0.008511597240619768,False
angle_p50,mpnet,22,trim_extreme,trim_random,950,86.76534588684545,86.33400836753712,-0.43133751930832887,-0.004971311010168222,False
angle_p50,mpnet,23,trim_extreme,trim_random,950,84.37438271448194,83.66368133190313,-0.7107013825788044,-0.008423189121084028,False
angle_p50,mpnet,24,trim_extreme,trim_random,950,80.06379991818403,79.47053869464752,-0.5932612235365156,-0.007409855941671019,False
angle_p50,mpnet,25,trim_extreme,trim_random,950,80.71083069311663,79.95175014242531,-0.7590805506913227,-0.009404940380028332,False
angle_p50,mpnet,26,trim_extreme,trim_random,950,86.24662580482726,85.7356120463036,-0.51101375852366,-0.005925028993946548,False
angle_p50,mpnet,27,trim_extreme,trim_random,950,85.04230503985991,84.59949152811339,-0.4428135117465217,-0.005206979179820819,False
angle_p50,mpnet,28,trim_extreme,trim_random,950,82.83017979435297,82.21686044862287,-0.6133193457301047,-0.007404539592366288,False
angle_p50,mpnet,29,trim_extreme,trim_random,950,81.3989930805319,80.59645903775102,-0.8025340427808771,-0.009859262533959015,False
angle_p50,mpnet,30,trim_extreme,trim_random,950,78.38966307499682,77.52367431456587,-0.8659887604309517,-0.011047231566774876,False
angle_p50,mpnet,31,trim_extreme,trim_random,950,83.84094631371455,83.03578806508732,-0.8051582486272366,-0.009603401249963351,False
angle_p50,mpnet,32,trim_extreme,trim_random,950,82.42241022273441,81.70620953005756,-0.7162006926768498,-0.008689392736046216,False
angle_p50,mpnet,33,trim_extreme,trim_random,950,82.86917595444162,82.27961931425583,-0.5895566401857906,-0.007114305571349073,False
angle_p50,mpnet,34,trim_extreme,trim_random,950,77.65017738641379,76.90618538947307,-0.7439919969407214,-0.009581330294177735,False
angle_p50,mpnet,35,trim_extreme,trim_random,950,69.48227962520508,68.38056208751847,-1.1017175376866106,-0.01585609372100907,False
angle_p50,mpnet,36,trim_extreme,trim_random,950,81.41022857413135,80.57910930548952,-0.8311192686418281,-0.010209027577966066,False
angle_p50,minilm,11,trim_extreme,trim_random,950,81.62562415364508,80.77437846391942,-0.8512456897256584,-0.010428657649506562,False
angle_p50,minilm,12,trim_extreme,trim_random,950,83.56255464491065,82.73596517203356,-0.8265894728770888,-0.009891864560503023,False
angle_p50,minilm,13,trim_extreme,trim_random,950,84.03409331988314,83.38978356817172,-0.6443097517114182,-0.007667242261528267,False
angle_p50,minilm,14,trim_extreme,trim_random,950,82.30622357079919,81.65305628573618,-0.6531672850630059,-0.007935818905616007,False
angle_p50,minilm,15,trim_extreme,trim_random,950,82.87410085538087,82.13236119848514,-0.7417396568957315,-0.008950198545020735,False
angle_p50,minilm,16,trim_extreme,trim_random,950,81.0131464703025,80.07647079273944,-0.9366756775630591,-0.011562020713593963,False
angle_p50,minilm,17,trim_extreme,trim_random,950,87.1503288692114,86.70439551545167,-0.44593335375974164,-0.005116829271280945,False
angle_p50,minilm,18,trim_extreme,trim_random,950,85.41271252886403,84.84793153127666,-0.564780997587377,-0.006612376318062925,False
angle_p50,minilm,19,trim_extreme,trim_random,950,81.66240875524232,80.83071881494993,-0.8316899402923923,-0.010184489448322842,False
angle_p50,minilm,20,trim_extreme,trim_random,950,83.36982958152531,82.70515959850826,-0.664669983017049,-0.007972548179039812,False
angle_p50,minilm,21,trim_extreme,trim_random,950,84.26238190392965,83.62521073247461,-0.6371711714550372,-0.007561751247211327,False
angle_p50,minilm,22,trim_extreme,trim_random,950,87.8857626596989,87.56149817157471,-0.32426448812418585,-0.003689613406209665,False
angle_p50,minilm,23,trim_extreme,trim_random,950,84.87376405380766,84.15562029707039,-0.7181437567372768,-0.008461316223491552,False
angle_p50,minilm,24,trim_extreme,trim_random,950,80.71494033751297,80.13046438451877,-0.5844759529941967,-0.007241236263697719,False
angle_p50,minilm,25,trim_extreme,trim_random,950,82.9579897352178,82.24539461842745,-0.7125951167903395,-0.008589831058645152,False
angle_p50,minilm,26,trim_extreme,trim_random,950,86.71373353413519,86.15568733454421,-0.5580461995909758,-0.006435499624419918,False
angle_p50,minilm,27,trim_extreme,trim_random,950,85.2427035392237,84.7733928697849,-0.46931066943879785,-0.005505581709088434,False
angle_p50,minilm,28,trim_extreme,trim_random,950,83.10078099333529,82.46056042584785,-0.6402205674874466,-0.0077041462166136864,False
angle_p50,minilm,29,trim_extreme,trim_random,950,83.02515567659428,82.27948606627552,-0.7456696103187568,-0.008981249167702186,False
angle_p50,minilm,30,trim_extreme,trim_random,950,80.30960125015119,79.51788360123032,-0.7917176489208657,-0.009858318763839899,False
angle_p50,minilm,31,trim_extreme,trim_random,950,84.658197971404,83.97400327378824,-0.6841946976157516,-0.008081848114069947,False
angle_p50,minilm,32,trim_extreme,trim_random,950,83.42184005464352,82.71549416877814,-0.7063458858653888,-0.008467157825848884,False
angle_p50,minilm,33,trim_extreme,trim_random,950,84.95414264984458,84.42905454094405,-0.5250881089005333,-0.006180841716745803,False
angle_p50,minilm,34,trim_extreme,trim_random,950,78.75293048463692,78.10965581689497,-0.6432746677419487,-0.008168263247898292,False
angle_p50,minilm,35,trim_extreme,trim_random,950,72.60172299791242,71.64906730825561,-0.9526556896568081,-0.01312166778306626,False
angle_p50,minilm,36,trim_extreme,trim_random,950,83.26498084978967,82.54611051938667,-0.7188703304029929,-0.008633525439702408,False
angle_p50,pubmedbert,11,trim_extreme,trim_random,950,10.152002948627338,9.980961604728705,-0.1710413438986329,-0.016848039225772642,False
angle_p50,pubmedbert,12,trim_extreme,trim_random,950,10.126693576098015,9.910736969860233,-0.215956606237782,-0.021325480485308978,False
angle_p50,pubmedbert,13,trim_extreme,trim_random,950,10.214748939631392,10.0809841447494,-0.13376479488199067,-0.013095260164741522,False
angle_p50,pubmedbert,14,trim_extreme,trim_random,950,9.767682324889822,9.621297896099152,-0.14638442879066993,-0.01498660827836875,False
angle_p50,pubmedbert,15,trim_extreme,trim_random,950,9.596165281038102,9.436036306485578,-0.16012897455252428,-0.01668676704317891,False
angle_p50,pubmedbert,16,trim_extreme,trim_random,950,10.436549320011888,10.259488845787098,-0.1770604742247901,-0.016965423033576812,False
angle_p50,pubmedbert,17,trim_extreme,trim_random,950,9.84305732231123,9.679936451893044,-0.16312087041818657,-0.016572175196871094,False
angle_p50,pubmedbert,18,trim_extreme,trim_random,950,10.046333082291707,9.85595220970334,-0.1903808725883671,-0.018950284748566054,False
angle_p50,pubmedbert,19,trim_extreme,trim_random,950,9.86987211945849,9.69178567716552,-0.17808644229297066,-0.01804343968569487,False
angle_p50,pubmedbert,20,trim_extreme,trim_random,950,10.011654040879064,9.811461682237384,-0.2001923586416794,-0.019995932522664527,False
angle_p50,pubmedbert,21,trim_extreme,trim_random,950,10.210433433722581,10.045750948563407,-0.16468248515917416,-0.01612884371933398,False
angle_p50,pubmedbert,22,trim_extreme,trim_random,950,10.087144851013184,9.951160388053724,-0.13598446295945976,-0.013480966613243495,False
angle_p50,pubmedbert,23,trim_extreme,trim_random,950,10.20130462679877,10.031504461781246,-0.1698001650175236,-0.016644946036750978,False
angle_p50,pubmedbert,24,trim_extreme,trim_random,950,9.812726046380012,9.651510929797645,-0.1612151165823672,-0.016429187548942188,False
angle_p50,pubmedbert,25,trim_extreme,trim_random,950,9.679719953222925,9.541936070555982,-0.13778388266694286,-0.01423428398060905,False
angle_p50,pubmedbert,26,trim_extreme,trim_random,950,10.613764499830662,10.35823366270292,-0.2555308371277416,-0.024075419907029074,False
angle_p50,pubmedbert,27,trim_extreme,trim_random,950,10.08863523239093,9.960368054121059,-0.128267178269871,-0.012714026755378353,False
angle_p50,pubmedbert,28,trim_extreme,trim_random,950,9.998521929216158,9.862731385601503,-0.1357905436146556,-0.013581061738522485,False
angle_p50,pubmedbert,29,trim_extreme,trim_random,950,10.096126403821772,9.943820761889667,-0.15230564193210583,-0.015085552204898335,False
angle_p50,pubmedbert,30,trim_extreme,trim_random,950,10.3323256370933,10.150729241569282,-0.18159639552401785,-0.017575558678878875,False
angle_p50,pubmedbert,31,trim_extreme,trim_random,950,10.011079690878143,9.852760302043396,-0.15831938883474628,-0.01581441699829871,False
angle_p50,pubmedbert,32,trim_extreme,trim_random,950,10.113546912755705,9.92472175472665,-0.1888251580290543,-0.01867051783691226,False
angle_p50,pubmedbert,33,trim_extreme,trim_random,950,10.328782734407586,10.140660359323524,-0.1881223750840615,-0.018213411969387444,False
angle_p50,pubmedbert,34,trim_extreme,trim_random,950,9.771363831944797,9.62159705341638,-0.14976677852841647,-0.015327111046545522,False
angle_p50,pubmedbert,35,trim_extreme,trim_random,950,9.317828427847955,9.146321704809246,-0.17150672303870884,-0.01840629760107313,False
angle_p50,pubmedbert,36,trim_extreme,trim_random,950,10.337000946078037,10.145331500069819,-0.191669446008218,-0.018542074921734368,False
angle_p50,biobert,11,trim_extreme,trim_random,950,23.005043924257752,22.618312123559342,-0.38673180069840996,-0.01681073950441882,False
angle_p50,biobert,12,trim_extreme,trim_random,950,24.744095015285648,24.232327694047786,-0.511767321237862,-0.02068240204063709,False
angle_p50,biobert,13,trim_extreme,trim_random,950,22.23654170628601,21.914146723418018,-0.3223949828679906,-0.014498431776234942,False
angle_p50,biobert,14,trim_extreme,trim_random,950,23.123005333724446,22.777387971704098,-0.34561736202034865,-0.014946904912756845,False
angle_p50,biobert,15,trim_extreme,trim_random,950,21.874887593130662,21.491110237034608,-0.38377735609605423,-0.017544197859858775,False
angle_p50,biobert,16,trim_extreme,trim_random,950,23.680459441568164,23.277656845010256,-0.4028025965579083,-0.017009914759121496,False
angle_p50,biobert,17,trim_extreme,trim_random,950,22.450288491973534,22.07151836150325,-0.37877013047028285,-0.016871503927697918,False
angle_p50,biobert,18,trim_extreme,trim_random,950,23.450689718761573,23.02027584276072,-0.430413876000852,-0.01835399645650943,False
angle_p50,biobert,19,trim_extreme,trim_random,950,22.68869582287552,22.274592462466487,-0.41410336040903317,-0.018251527705330686,False
angle_p50,biobert,20,trim_extreme,trim_random,950,23.66108835312717,23.23545770893517,-0.42563064419200103,-0.01798863339841878,False
angle_p50,biobert,21,trim_extreme,trim_random,950,23.16487589512998,22.770534842214595,-0.39434105291538657,-0.017023231840335048,False
angle_p50,biobert,22,trim_extreme,trim_random,950,22.84718740992432,22.568283285352678,-0.2789041245716426,-0.012207372381008821,False
angle_p50,biobert,23,trim_extreme,trim_random,950,23.304397767699925,22.903883721956362,-0.400514045743563,-0.017186200207184865,False
angle_p50,biobert,24,trim_extreme,trim_random,950,21.27950818895711,20.934245724676657,-0.34526246428045226,-0.016225114848266296,False
angle_p50,biobert,25,trim_extreme,trim_random,950,21.618687597783612,21.299700308485857,-0.31898728929775544,-0.014755164385208037,False
angle_p50,biobert,26,trim_extreme,trim_random,950,24.34962728210122,23.72312615237254,-0.6265011297286804,-0.025729392999341932,False
angle_p50,biobert,27,trim_extreme,trim_random,950,22.320027014783257,22.03354982885516,-0.2864771859280957,-0.012834983834847189,False
angle_p50,biobert,28,trim_extreme,trim_random,950,22.200921775780078,21.86903460801385,-0.3318871677662294,-0.01494925170757095,False
angle_p50,biobert,29,trim_extreme,trim_random,950,22.80084969550271,22.44495695167757,-0.35589274382513736,-0.015608749172857993,False
angle_p50,biobert,30,trim_extreme,trim_random,950,23.13091646519128,22.75753120617339,-0.37338525901789055,-0.016142259628138034,False
angle_p50,biobert,31,trim_extreme,trim_random,950,22.79707793344802,22.4304870886646,-0.3665908447834205,-0.016080606727476947,False
angle_p50,biobert,32,trim_extreme,trim_random,950,23.50899022715796,23.063292920038183,-0.44569730711977584,-0.01895859000378924,False
angle_p50,biobert,33,trim_extreme,trim_random,950,24.766173349040702,24.32502093650111,-0.4411524125395907,-0.017812699859693033,False
angle_p50,biobert,34,trim_extreme,trim_random,950,21.94905360338273,21.634835365778443,-0.3142182376042868,-0.014315798907879122,False
angle_p50,biobert,35,trim_extreme,trim_random,950,21.036460439589774,20.69211931556298,-0.3443411240267942,-0.016368776725325808,False
angle_p50,biobert,36,trim_extreme,trim_random,950,24.108718954142553,23.709970444524345,-0.3987485096182084,-0.01653959757781706,False
angle_p50,simcse,11,trim_extreme,trim_random,950,54.01019344487611,52.88808396857755,-1.1221094762985615,-0.02077588330513589,False
angle_p50,simcse,12,trim_extreme,trim_random,950,62.3588694610845,61.61905612705305,-0.739813334031453,-0.011863802862769005,False
angle_p50,simcse,13,trim_extreme,trim_random,950,52.270523549049685,51.33223611226612,-0.9382874367835612,-0.017950603381714548,False
angle_p50,simcse,14,trim_extreme,trim_random,950,56.09719872019107,55.23362457538532,-0.8635741448057459,-0.015394247208549464,False
angle_p50,simcse,15,trim_extreme,trim_random,950,51.539343225297785,50.6332634147562,-0.9060798105415842,-0.0175803522870047,False
angle_p50,simcse,16,trim_extreme,trim_random,950,50.537446381073195,49.4933457619409,-1.0441006191322941,-0.02065994018097679,False
angle_p50,simcse,17,trim_extreme,trim_random,950,54.03914725742608,53.22595861289455,-0.8131886445315288,-0.015048139835696243,False
angle_p50,simcse,18,trim_extreme,trim_random,950,55.135080191774016,54.09023471841377,-1.0448454733602475,-0.018950647568227084,False
angle_p50,simcse,19,trim_extreme,trim_random,950,55.023588606779924,54.049757609982635,-0.9738309967972896,-0.01769842755543748,False
angle_p50,simcse,20,trim_extreme,trim_random,950,57.42575963640976,56.43651448759332,-0.9892451488164369,-0.017226505231795385,False
angle_p50,simcse,21,trim_extreme,trim_random,950,54.64641767606336,53.65259137544603,-0.9938263006173287,-0.018186485828011596,False
angle_p50,simcse,22,trim_extreme,trim_random,950,54.82903903498454,54.0430395826469,-0.7859994523376415,-0.014335459205041366,False
angle_p50,simcse,23,trim_extreme,trim_random,950,57.22259711573902,56.23548355861261,-0.9871135571264134,-0.01725041516605524,False
angle_p50,simcse,24,trim_extreme,trim_random,950,49.5899202452524,48.55252518254099,-1.0373950627114112,-0.02091947431213561,False
angle_p50,simcse,25,trim_extreme,trim_random,950,49.798119810974164,48.89497426668469,-0.9031455442894725,-0.018136137422811765,False
angle_p50,simcse,26,trim_extreme,trim_random,950,53.58863992380955,52.53135516667598,-1.0572847571335728,-0.019729643421381532,False
angle_p50,simcse,27,trim_extreme,trim_random,950,51.143434634271365,50.12873469018892,-1.0146999440824445,-0.019840277668846492,False
angle_p50,simcse,28,trim_extreme,trim_random,950,51.29910993657177,50.36431769395865,-0.9347922426131205,-0.018222387167514884,False
angle_p50,simcse,29,trim_extreme,trim_random,950,53.18083909299549,52.187533982005384,-0.9933051109901072,-0.0186778758652745,False
angle_p50,simcse,30,trim_extreme,trim_random,950,51.95312457137869,50.74954222230083,-1.2035823490778554,-0.023166698038040945,False
angle_p50,simcse,31,trim_extreme,trim_random,950,51.223519496167874,50.38006815432933,-0.843451341838545,-0.016466095069895482,False
angle_p50,simcse,32,trim_extreme,trim_random,950,55.299985674846326,54.13521823209791,-1.1647674427484134,-0.021062707856689695,False
angle_p50,simcse,33,trim_extreme,trim_random,950,61.40037864735337,60.56141221132263,-0.8389664360307378,-0.013663864205940056,False
angle_p50,simcse,34,trim_extreme,trim_random,950,51.05210638417656,49.91702975324311,-1.1350766309334475,-0.022233688506244687,False
angle_p50,simcse,35,trim_extreme,trim_random,950,47.756204017856945,46.663851238584805,-1.0923527792721401,-0.022873526104874014,False
angle_p50,simcse,36,trim_extreme,trim_random,950,57.1950220509563,56.208110470399006,-0.9869115805572903,-0.0172552006305379,False
pr,specter,11,trim_extreme,trim_random,950,27.64283479452984,26.259325428344805,-1.3835093661850344,-0.050049474898964164,False
pr,specter,12,trim_extreme,trim_random,950,30.628800165516584,30.086848153176994,-0.5419520123395891,-0.01769419661922459,False
pr,specter,13,trim_extreme,trim_random,950,47.54581820410291,47.70991018522315,0.1640919811202437,0.0034512389799631967,False
pr,specter,14,trim_extreme,trim_random,950,32.943514617460316,31.608200351380454,-1.3353142660798625,-0.04053344889230901,False
pr,specter,15,trim_extreme,trim_random,950,21.21044349565645,19.83243727468862,-1.3780062209678299,-0.064968288911546,False
pr,specter,16,trim_extreme,trim_random,950,26.000165960506518,25.088275064344863,-0.9118908961616548,-0.03507250290428107,False
pr,specter,17,trim_extreme,trim_random,950,45.28902335374775,45.3803011704508,0.09127781670304813,0.0020154512052531315,False
pr,specter,18,trim_extreme,trim_random,950,40.339199841571876,39.43781141994365,-0.9013884216282264,-0.02234522313700664,False
pr,specter,19,trim_extreme,trim_random,950,23.815008345441093,22.56713691210801,-1.247871433333085,-0.05239853017191846,False
pr,specter,20,trim_extreme,trim_random,950,28.568512141748272,27.204989163229598,-1.3635229785186738,-0.04772817610358171,False
pr,specter,21,trim_extreme,trim_random,950,20.341038863972393,18.89995581166986,-1.4410830523025346,-0.07084608912748058,False
pr,specter,22,trim_extreme,trim_random,950,42.422720407919826,41.17004479491554,-1.2526756130042855,-0.029528413099373648,False
pr,specter,23,trim_extreme,trim_random,950,29.891183281858094,28.012022336807835,-1.879160945050259,-0.06286672987585544,False
pr,specter,24,trim_extreme,trim_random,950,32.586903476077694,32.48300620948493,-0.10389726659276732,-0.0031883135710957973,False
pr,specter,25,trim_extreme,trim_random,950,34.809095885530006,33.24973289694221,-1.559362988587793,-0.04479757227006904,False
pr,specter,26,trim_extreme,trim_random,950,29.542445993483966,28.83612102506451,-0.7063249684194552,-0.023908818131553693,False
pr,specter,27,trim_extreme,trim_random,950,44.01964480257745,43.80621410825403,-0.21343069432342077,-0.00484853286028614,False
pr,specter,28,trim_extreme,trim_random,950,40.29455423550906,40.69696214247052,0.40240790696145723,0.00998665736837561,False
pr,specter,29,trim_extreme,trim_random,950,27.89873135575499,27.81996040495973,-0.07877095079525986,-0.00282345995560873,False
pr,specter,30,trim_extreme,trim_random,950,33.286837848258656,32.05163415571061,-1.2352036925480476,-0.037107871230630134,False
pr,specter,31,trim_extreme,trim_random,950,31.158910194198533,29.89537323298913,-1.2635369612094038,-0.04055138492759806,False
pr,specter,32,trim_extreme,trim_random,950,36.26080455080609,35.06700206949511,-1.193802481310982,-0.0329226694250071,False
pr,specter,33,trim_extreme,trim_random,950,29.20467364983939,28.128791634042226,-1.0758820157971627,-0.03683937813162584,False
pr,specter,34,trim_extreme,trim_random,950,29.52954532549469,28.527475338062185,-1.002069987432506,-0.03393448752383454,False
pr,specter,35,trim_extreme,trim_random,950,25.138765436141128,24.57170545418908,-0.567059981952049,-0.02255719292948279,False
pr,specter,36,trim_extreme,trim_random,950,38.81276541730192,38.71169743590006,-0.10106798140186157,-0.0026039881548045422,False
pr,specter2,11,trim_extreme,trim_random,950,58.53215556430445,58.49765100189952,-0.03450456240493338,-0.0005894975517692333,False
pr,specter2,12,trim_extreme,trim_random,950,57.90025754674145,59.75780887939949,1.8575513326580406,0.032081918308540944,False
pr,specter2,13,trim_extreme,trim_random,950,68.33224711239059,67.6894969230383,-0.6427501893522845,-0.009406249852944401,False
pr,specter2,14,trim_extreme,trim_random,950,55.74471853606869,54.84313689672133,-0.9015816393473557,-0.016173400153846006,False
pr,specter2,15,trim_extreme,trim_random,950,42.71231385295362,41.784705457695544,-0.9276083952580763,-0.02171758707457453,False
pr,specter2,16,trim_extreme,trim_random,950,52.60749398959832,52.43547312688874,-0.17202086270958006,-0.0032698927408249564,False
pr,specter2,17,trim_extreme,trim_random,950,48.030010516970705,48.238143262406055,0.20813274543534988,0.004333389545309577,False
pr,specter2,18,trim_extreme,trim_random,950,52.600024319789426,52.47939125112756,-0.12063306866186707,-0.002293403286820952,False
pr,specter2,19,trim_extreme,trim_random,950,53.8710065308089,53.37254175275307,-0.49846477805582623,-0.009252932331434231,False
pr,specter2,20,trim_extreme,trim_random,950,56.581314448636206,56.112395318072814,-0.4689191305633926,-0.008287526282003778,False
pr,specter2,21,trim_extreme,trim_random,950,33.05130950959969,32.44451989936057,-0.6067896102391188,-0.018359018727015276,False
pr,specter2,22,trim_extreme,trim_random,950,57.023047232326206,56.770514736114784,-0.2525324962114226,-0.004428604020099835,False
pr,specter2,23,trim_extreme,trim_random,950,54.771197974751786,53.931022676788146,-0.8401752979636399,-0.015339728343187612,False
pr,specter2,24,trim_extreme,trim_random,950,56.09620054462939,55.87334699492332,-0.2228535497060733,-0.0039727030982922625,False
pr,specter2,25,trim_extreme,trim_random,950,56.98659314205237,56.675979932402626,-0.3106132096497447,-0.005450636588775694,False
pr,specter2,26,trim_extreme,trim_random,950,38.031679100292926,37.7389797792401,-0.2926993210528295,-0.007696197695635665,False
pr,specter2,27,trim_extreme,trim_random,950,66.40374685693868,65.89228754673428,-0.5114593102044012,-0.00770226582705186,False
pr,specter2,28,trim_extreme,trim_random,950,51.42586684909214,51.17298149392469,-0.25288535516745014,-0.004917473844622505,False
pr,specter2,29,trim_extreme,trim_random,950,50.44453662124231,52.791054900967495,2.3465182797251884,0.046516797197361195,False
pr,specter2,30,trim_extreme,trim_random,950,54.99022634576258,54.93404842860767,-0.05617791715491194,-0.0010215982164117948,False
pr,specter2,31,trim_extreme,trim_random,950,40.38215422644548,40.183688102443305,-0.19846612400217367,-0.0049146987773178805,False
pr,specter2,32,trim_extreme,trim_random,950,54.27111152848768,54.184493565413945,-0.08661796307373493,-0.0015960233839741411,False
pr,specter2,33,trim_extreme,trim_random,950,60.70184032576732,60.29501653789005,-0.406823787877272,-0.006702000889824413,False
pr,specter2,34,trim_extreme,trim_random,950,48.37469245016346,47.606985271258445,-0.7677071789050132,-0.01587001673852335,False
pr,specter2,35,trim_extreme,trim_random,950,54.04696412267721,54.259524292154374,0.2125601694771646,0.003932878986406896,False
pr,specter2,36,trim_extreme,trim_random,950,59.502787994527985,59.973590089289516,0.470802094761531,0.007912269502478222,False
pr,scincl,11,trim_extreme,trim_random,950,31.196205206141602,29.80430451180605,-1.391900694335554,-0.04461762849481226,False
pr,scincl,12,trim_extreme,trim_random,950,30.91753938175869,31.0177630478247,0.10022366606601096,0.0032416443245526453,False
pr,scincl,13,trim_extreme,trim_random,950,44.702031539466866,43.53000312935349,-1.172028410113377,-0.02621868335175344,False
pr,scincl,14,trim_extreme,trim_random,950,38.59943139041983,38.00800544519796,-0.5914259452218715,-0.01532214138700137,False
pr,scincl,15,trim_extreme,trim_random,950,22.08947739521192,21.49234152372977,-0.5971358714821484,-0.027032593881627216,False
pr,scincl,16,trim_extreme,trim_random,950,33.90864723297857,33.620427610725145,-0.288219622253429,-0.00849988559771016,False
pr,scincl,17,trim_extreme,trim_random,950,42.12325649380581,42.098757029056934,-0.024499464748878097,-0.0005816137399652547,False
pr,scincl,18,trim_extreme,trim_random,950,37.519404560946796,37.28717168862859,-0.23223287231820677,-0.006189673717794907,False
pr,scincl,19,trim_extreme,trim_random,950,25.284764715213228,24.14838475206336,-1.1363799631498672,-0.04494326824667406,False
pr,scincl,20,trim_extreme,trim_random,950,34.24323623067187,33.37490535876937,-0.8683308719025007,-0.025357733890955424,False
pr,scincl,21,trim_extreme,trim_random,950,18.976993878265283,18.330361375605108,-0.6466325026601751,-0.03407454873033267,False
pr,scincl,22,trim_extreme,trim_random,950,38.50959698222116,38.70643249397902,0.19683551175786107,0.0051113365805602875,False
pr,scincl,23,trim_extreme,trim_random,950,32.250855066183234,30.459094379315278,-1.7917606868679563,-0.05555699789016491,False
pr,scincl,24,trim_extreme,trim_random,950,36.64888543373681,35.80113313775386,-0.84775229598295,-0.02313173472944307,False
pr,scincl,25,trim_extreme,trim_random,950,31.209872271495712,29.832741093751697,-1.3771311777440154,-0.04412485785793372,False
pr,scincl,26,trim_extreme,trim_random,950,26.0002121595272,26.43535265595646,0.4351404964292591,0.016736036373834418,False
pr,scincl,27,trim_extreme,trim_random,950,46.166461932449316,45.624022033310084,-0.5424398991392323,-0.011749652809282404,False
pr,scincl,28,trim_extreme,trim_random,950,34.80652005707807,34.33573315532925,-0.47078690174881643,-0.01352582507463511,False
pr,scincl,29,trim_extreme,trim_random,950,29.134303141121354,30.126056389492224,0.9917532483708698,0.03404074034539266,False
pr,scincl,30,trim_extreme,trim_random,950,29.48122468229654,27.864529336456513,-1.616695345840025,-0.054838133872058915,False
pr,scincl,31,trim_extreme,trim_random,950,33.91573677539594,32.49167876582448,-1.4240580095714606,-0.041988119526996055,False
pr,scincl,32,trim_extreme,trim_random,950,36.36212802179196,35.60772111173304,-0.7544069100589184,-0.02074705060184595,False
pr,scincl,33,trim_extreme,trim_random,950,34.904289119672505,34.08855554394207,-0.8157335757304338,-0.023370582707861996,False
pr,scincl,34,trim_extreme,trim_random,950,31.651574803495564,30.30557777916859,-1.345997024326973,-0.042525436180771724,False
pr,scincl,35,trim_extreme,trim_random,950,26.80575176166007,26.33680890175759,-0.4689428599024801,-0.017494113355671793,False
pr,scincl,36,trim_extreme,trim_random,950,40.72759260288502,40.72662908619761,-0.0009635166874062406,-2.3657589998039513e-05,False
pr,scibert,11,trim_extreme,trim_random,950,40.253876640435955,39.30349789836848,-0.9503787420674783,-0.02360962027475388,False
pr,scibert,12,trim_extreme,trim_random,950,36.891150612457984,36.47008406125246,-0.42106655120552716,-0.01141375490368508,False
pr,scibert,13,trim_extreme,trim_random,950,41.910343957568685,42.72346550663283,0.8131215490641424,0.019401452536093988,False
pr,scibert,14,trim_extreme,trim_random,950,36.29610741592896,34.6937223034641,-1.6023851124648587,-0.04414757467247394,False
pr,scibert,15,trim_extreme,trim_random,950,34.82808481810193,34.47051516380539,-0.3575696542965403,-0.010266704476115584,False
pr,scibert,16,trim_extreme,trim_random,950,27.263707398156285,27.577848895842674,0.3141414976863892,0.011522332348227634,False
pr,scibert,17,trim_extreme,trim_random,950,43.13353305906728,41.03432641621554,-2.0992066428517404,-0.04866762571888271,False
pr,scibert,18,trim_extreme,trim_random,950,42.16210407426571,41.346333665370786,-0.8157704088949274,-0.01934842738061655,False
pr,scibert,19,trim_extreme,trim_random,950,31.185144532461845,31.10600236789997,-0.07914216456187617,-0.002537816186148952,False
pr,scibert,20,trim_extreme,trim_random,950,37.97637539250975,36.81014760814981,-1.1662277843599398,-0.030709296827468164,False
pr,scibert,21,trim_extreme,trim_random,950,24.062739397193987,23.677662922978083,-0.38507647421590363,-0.016003018935608317,False
pr,scibert,22,trim_extreme,trim_random,950,43.772809779992734,42.83583748834071,-0.936972291652026,-0.02140534949347228,False
pr,scibert,23,trim_extreme,trim_random,950,37.42452406333175,35.94629345220117,-1.4782306111305843,-0.03949898223499234,False
pr,scibert,24,trim_extreme,trim_random,950,35.9306474190967,35.5108016400707,-0.41984577902599796,-0.011684893236932186,False
pr,scibert,25,trim_extreme,trim_random,950,38.97313047404311,39.98259359557318,1.009463121530068,0.025901514947648117,False
pr,scibert,26,trim_extreme,trim_random,950,32.47439796105756,33.43582292562225,0.9614249645646851,0.02960562858525046,False
pr,scibert,27,trim_extreme,trim_random,950,40.61226292509745,40.62019853767308,0.007935612575636242,0.0001953994188965081,False
pr,scibert,28,trim_extreme,trim_random,950,40.2600831955134,40.534739606947426,0.2746564114340231,0.006822052753846045,False
pr,scibert,29,trim_extreme,trim_random,950,35.65002617855665,35.492552989393644,-0.15747318916300657,-0.004417197013384693,False
pr,scibert,30,trim_extreme,trim_random,950,29.481071948144383,30.487134427355922,1.0060624792115398,0.03412570889488515,False
pr,scibert,31,trim_extreme,trim_random,950,36.96625920349252,36.18370509187726,-0.7825541116152621,-0.02116941579907895,False
pr,scibert,32,trim_extreme,trim_random,950,36.87874727201741,36.50283568566299,-0.37591158635441957,-0.010193176671151492,False
pr,scibert,33,trim_extreme,trim_random,950,37.12678123364188,35.647489919952584,-1.479291313689295,-0.03984431896694716,False
pr,scibert,34,trim_extreme,trim_random,950,34.27829660106983,34.64998086104478,0.37168425997494836,0.01084313681921254,False
pr,scibert,35,trim_extreme,trim_random,950,33.156891391127694,32.332305792849255,-0.8245855982784391,-0.024869207084325353,False
pr,scibert,36,trim_extreme,trim_random,950,34.40483225581046,33.29964205274419,-1.1051902030662717,-0.032123109766931696,False
pr,bert,11,trim_extreme,trim_random,950,29.911460084478083,27.970106494948737,-1.9413535895293457,-0.06490333751834368,False
pr,bert,12,trim_extreme,trim_random,950,38.93938176124117,37.407145702921774,-1.5322360583193984,-0.03934926516590281,False
pr,bert,13,trim_extreme,trim_random,950,20.146390946554178,19.277944230657365,-0.8684467158968125,-0.04310681343376546,False
pr,bert,14,trim_extreme,trim_random,950,32.85226579258753,30.388691141812053,-2.4635746507754774,-0.07498948980655498,False
pr,bert,15,trim_extreme,trim_random,950,17.373852178085624,16.607538857788875,-0.7663133202967494,-0.044107277559511694,False
pr,bert,16,trim_extreme,trim_random,950,12.310252860226433,11.874385257613161,-0.4358676026132713,-0.03540687649248287,False
pr,bert,17,trim_extreme,trim_random,950,26.44533959839709,25.302248795117883,-1.1430908032792075,-0.04322465964280878,False
pr,bert,18,trim_extreme,trim_random,950,26.85177247623535,26.226598524522558,-0.6251739517127923,-0.023282409094821977,False
pr,bert,19,trim_extreme,trim_random,950,25.999763948006496,24.383328836230287,-1.6164351117762088,-0.06217114566919548,False
pr,bert,20,trim_extreme,trim_random,950,33.97338407452023,31.913709974215575,-2.059674100304658,-0.06062610942103343,False
pr,bert,21,trim_extreme,trim_random,950,14.576447477852271,14.265674178473859,-0.3107732993784129,-0.02132023593887384,False
pr,bert,22,trim_extreme,trim_random,950,29.447618297984974,27.768099465321882,-1.679518832663092,-0.057034114462765136,False
pr,bert,23,trim_extreme,trim_random,950,30.456385831056167,28.750878319778078,-1.705507511278089,-0.05599835518037714,False
pr,bert,24,trim_extreme,trim_random,950,16.999602091059632,15.464509464257523,-1.5350926268021095,-0.09030167992046353,False
pr,bert,25,trim_extreme,trim_random,950,24.520325879696305,25.016743905739727,0.4964180260434219,0.02024516429671408,False
pr,bert,26,trim_extreme,trim_random,950,10.977929850487977,10.537651301474067,-0.44027854901390917,-0.040105789981372354,False
pr,bert,27,trim_extreme,trim_random,950,24.16851406843299,23.453865471495362,-0.7146485969376286,-0.02956940567029093,False
pr,bert,28,trim_extreme,trim_random,950,18.471099102913943,17.617034588267998,-0.8540645146459447,-0.046237882753344665,False
pr,bert,29,trim_extreme,trim_random,950,20.23362682802867,19.173947902653435,-1.0596789253752341,-0.05237216908178379,False
pr,bert,30,trim_extreme,trim_random,950,17.128429653603284,18.40062446498679,1.2721948113835069,0.07427387315193118,False
pr,bert,31,trim_extreme,trim_random,950,23.411889915585967,22.482626535001355,-0.9292633805846116,-0.03969194216849509,False
pr,bert,32,trim_extreme,trim_random,950,29.597717375385685,28.046065992311686,-1.5516513830739989,-0.05242469760064663,False
pr,bert,33,trim_extreme,trim_random,950,35.76986343230627,33.64375868630315,-2.126104746003122,-0.05943843621395792,False
pr,bert,34,trim_extreme,trim_random,950,24.489392904399413,24.977105325470728,0.48771242107131485,0.019915251593831854,False
pr,bert,35,trim_extreme,trim_random,950,24.088746513554533,23.626397362663667,-0.4623491508908657,-0.01919357450296161,False
pr,bert,36,trim_extreme,trim_random,950,30.921806666585958,29.016010808233162,-1.9057958583527963,-0.06163274607147051,False
pr,mpnet,11,trim_extreme,trim_random,950,57.21694873420889,54.97591180121079,-2.2410369329980995,-0.03916736181456365,False
pr,mpnet,12,trim_extreme,trim_random,950,74.82228080899124,71.15066638313216,-3.671614425859076,-0.049071137449446287,False
pr,mpnet,13,trim_extreme,trim_random,950,69.48116803609646,67.65115094770466,-1.8300170883917986,-0.02633831785097623,False
pr,mpnet,14,trim_extreme,trim_random,950,69.32800209771122,66.8457261098474,-2.482275987863815,-0.03580481065017976,False
pr,mpnet,15,trim_extreme,trim_random,950,35.422234836088094,33.54528782303699,-1.876947013051101,-0.052987820269851285,False
pr,mpnet,16,trim_extreme,trim_random,950,54.65681710152607,53.47697657204863,-1.1798405294774454,-0.021586338027804828,False
pr,mpnet,17,trim_extreme,trim_random,950,84.94995268536806,80.93825215464759,-4.011700530720475,-0.04722428210853445,False
pr,mpnet,18,trim_extreme,trim_random,950,67.37175578162098,65.19605574404419,-2.1757000375767888,-0.0322939488860749,False
pr,mpnet,19,trim_extreme,trim_random,950,46.64617199563122,44.269364800898686,-2.3768071947325353,-0.05095396027256303,False
pr,mpnet,20,trim_extreme,trim_random,950,66.89990217240255,64.10499208815284,-2.7949100842497074,-0.04177749134889856,False
pr,mpnet,21,trim_extreme,trim_random,950,35.276062382993466,32.900647327530045,-2.375415055463421,-0.06733787432603602,False
pr,mpnet,22,trim_extreme,trim_random,950,81.6993903667956,79.35665044041836,-2.3427399263772344,-0.028675121269073442,False
pr,mpnet,23,trim_extreme,trim_random,950,58.10193654734776,54.950352961128054,-3.151583586219708,-0.054242315721291935,False
pr,mpnet,24,trim_extreme,trim_random,950,50.6319405783374,49.86928709432989,-0.7626534840075081,-0.015062695114905496,False
pr,mpnet,25,trim_extreme,trim_random,950,56.828373910395676,54.2960721705647,-2.5323017398309773,-0.04456051731875686,False
pr,mpnet,26,trim_extreme,trim_random,950,60.94628237268734,59.608968247788624,-1.3373141248987181,-0.02194250531510723,False
pr,mpnet,27,trim_extreme,trim_random,950,73.48851136970278,70.97437891628833,-2.5141324534144474,-0.03421123120546639,False
pr,mpnet,28,trim_extreme,trim_random,950,53.20536357752642,51.39703941467695,-1.8083241628494733,-0.03398762908958482,False
pr,mpnet,29,trim_extreme,trim_random,950,42.74539154266074,42.46993830186815,-0.2754532407925936,-0.006444045331008042,False
pr,mpnet,30,trim_extreme,trim_random,950,46.23088299410501,45.00592694980771,-1.2249560442973007,-0.026496488169034046,False
pr,mpnet,31,trim_extreme,trim_random,950,53.80458872454655,51.44255390443966,-2.362034820106885,-0.04390024858659101,False
pr,mpnet,32,trim_extreme,trim_random,950,69.38560566045982,67.03711347808415,-2.348492182375665,-0.03384696523178121,False
pr,mpnet,33,trim_extreme,trim_random,950,75.54441970942011,71.86998947854204,-3.674430230878073,-0.04863933358693713,False
pr,mpnet,34,trim_extreme,trim_random,950,41.43553436726946,39.90230211190953,-1.533232255359934,-0.03700283533862319,False
pr,mpnet,35,trim_extreme,trim_random,950,38.89173619689491,38.08560506535921,-0.8061311315357003,-0.020727568639634587,False
pr,mpnet,36,trim_extreme,trim_random,950,68.69989307188408,67.97538865685885,-0.7245044150252227,-0.01054593220788769,False
pr,minilm,11,trim_extreme,trim_random,950,66.51323131325843,64.31203499241401,-2.201196320844417,-0.033094111914025164,False
pr,minilm,12,trim_extreme,trim_random,950,84.83423396419211,82.51441861877491,-2.3198153454171972,-0.02734527368274904,False
pr,minilm,13,trim_extreme,trim_random,950,73.99794483250652,72.58266181266755,-1.4152830198389665,-0.01912597739089164,False
pr,minilm,14,trim_extreme,trim_random,950,77.25375201364547,74.60095180899674,-2.6528002046487273,-0.03433878789706109,False
pr,minilm,15,trim_extreme,trim_random,950,46.661224303831375,44.394822874031696,-2.2664014297996786,-0.04857140942213947,False
pr,minilm,16,trim_extreme,trim_random,950,64.24715403121647,63.37514393426745,-0.872010096949019,-0.013572742794573062,False
pr,minilm,17,trim_extreme,trim_random,950,81.09267949030138,77.99362005040982,-3.099059439891562,-0.0382162663679427,False
pr,minilm,18,trim_extreme,trim_random,950,75.05545260273324,72.6879452180986,-2.367507384634635,-0.03154344291501107,False
pr,minilm,19,trim_extreme,trim_random,950,57.97523838568271,55.911656567497204,-2.0635818181855043,-0.035594192894170436,False
pr,minilm,20,trim_extreme,trim_random,950,74.04513338269075,71.60986218397314,-2.435271198717615,-0.032889010897330616,False
pr,minilm,21,trim_extreme,trim_random,950,41.979221492600985,39.67925568287514,-2.2999658097258475,-0.054788195872837384,False
pr,minilm,22,trim_extreme,trim_random,950,88.93949794685463,86.90266293899775,-2.0368350078568795,-0.02290135490841179,False
pr,minilm,23,trim_extreme,trim_random,950,68.92165130682135,65.72821241406096,-3.1934388927603834,-0.0463343351792896,False
pr,minilm,24,trim_extreme,trim_random,950,54.86616809354785,54.9314739330865,0.06530583953865232,0.0011902752061580943,False
pr,minilm,25,trim_extreme,trim_random,950,67.82295025047371,65.2486136364741,-2.5743366139996056,-0.03795671825676184,False
pr,minilm,26,trim_extreme,trim_random,950,66.38412197850336,64.77946036306979,-1.6046616154335709,-0.024172370856289937,False
pr,minilm,27,trim_extreme,trim_random,950,77.82555707502888,75.56254002743553,-2.263017047593351,-0.02907807065758175,False
pr,minilm,28,trim_extreme,trim_random,950,62.335866549713195,60.6752882024212,-1.6605783472919953,-0.02663921172841441,False
pr,minilm,29,trim_extreme,trim_random,950,52.19493403582351,51.75750041172241,-0.43743362410109654,-0.008380767830856306,False
pr,minilm,30,trim_extreme,trim_random,950,60.96763637122728,59.76995335368606,-1.197683017541216,-0.019644570280675074,False
pr,minilm,31,trim_extreme,trim_random,950,66.17208861237125,64.55864774071532,-1.6134408716559392,-0.02438249880712239,False
pr,minilm,32,trim_extreme,trim_random,950,74.4750180617251,72.27019529335385,-2.204822768371244,-0.029604863828886635,False
pr,minilm,33,trim_extreme,trim_random,950,81.91521771452975,78.39022596302645,-3.5249917515032934,-0.04303219657900081,False
pr,minilm,34,trim_extreme,trim_random,950,53.7896056777518,51.87900427551845,-1.910601402233354,-0.035519899767988215,False
pr,minilm,35,trim_extreme,trim_random,950,51.49514986434855,50.62643917748813,-0.8687106868604175,-0.016869757426647453,False
pr,minilm,36,trim_extreme,trim_random,950,80.04315978867741,78.92636930976555,-1.1167904789118666,-0.013952353728417443,False
pr,pubmedbert,11,trim_extreme,trim_random,950,30.748129561229693,32.598940518565975,1.8508109573362823,0.060192635576440695,False
pr,pubmedbert,12,trim_extreme,trim_random,950,25.414365506425177,28.195966205632242,2.7816006992070648,0.10944993682820173,False
pr,pubmedbert,13,trim_extreme,trim_random,950,35.025847931809736,36.5256314449673,1.499783513157567,0.042819334911675194,False
pr,pubmedbert,14,trim_extreme,trim_random,950,30.253691836694767,31.887347232183362,1.6336553954885957,0.053998546832130144,False
pr,pubmedbert,15,trim_extreme,trim_random,950,29.210321329564916,30.04593721106063,0.8356158814957126,0.02860687056701266,False
pr,pubmedbert,16,trim_extreme,trim_random,950,24.628942039624405,24.986172186012613,0.3572301463882077,0.014504486056018,False
pr,pubmedbert,17,trim_extreme,trim_random,950,33.14039036967459,33.464924184388884,0.3245338147142931,0.009792697403204419,False
pr,pubmedbert,18,trim_extreme,trim_random,950,32.70682508070898,33.099400555850906,0.3925754751419248,0.012002860998375298,False
pr,pubmedbert,19,trim_extreme,trim_random,950,29.19740589703786,28.679561675689836,-0.5178442213480245,-0.01773596679013737,False
pr,pubmedbert,20,trim_extreme,trim_random,950,28.457686848819524,31.602683099899476,3.1449962510799523,0.11051482391339942,False
pr,pubmedbert,21,trim_extreme,trim_random,950,19.409112120233353,19.501140649318014,0.09202852908466141,0.004741511539248864,False
pr,pubmedbert,22,trim_extreme,trim_random,950,34.73935855402292,34.55512569553544,-0.1842328584874835,-0.005303289011539586,False
pr,pubmedbert,23,trim_extreme,trim_random,950,30.86717526816389,31.578647845160475,0.7114725769965844,0.02304948771034421,False
pr,pubmedbert,24,trim_extreme,trim_random,950,32.6032336284448,32.46331445463881,-0.1399191738059855,-0.004291573510791659,False
pr,pubmedbert,25,trim_extreme,trim_random,950,32.796850142984425,35.0911802900583,2.2943301470738717,0.06995580786176968,False
pr,pubmedbert,26,trim_extreme,trim_random,950,19.87737454165589,19.6436046954813,-0.23376984617458874,-0.01176059975550043,False
pr,pubmedbert,27,trim_extreme,trim_random,950,36.298694944615804,36.80978213201382,0.5110871873980187,0.014080043047768814,False
pr,pubmedbert,28,trim_extreme,trim_random,950,31.40181881746709,32.20294277338061,0.8011239559135248,0.025512024019064272,False
pr,pubmedbert,29,trim_extreme,trim_random,950,28.785938174599316,29.94499499307172,1.1590568184724042,0.04026468796820924,False
pr,pubmedbert,30,trim_extreme,trim_random,950,25.520928027983338,26.535934382338333,1.0150063543549948,0.03977152998676438,False
pr,pubmedbert,31,trim_extreme,trim_random,950,29.468859709203134,29.678622502662506,0.20976279345937243,0.00711811707440663,False
pr,pubmedbert,32,trim_extreme,trim_random,950,24.965396748915403,27.463870830500984,2.498474081585581,0.10007748351502263,False
pr,pubmedbert,33,trim_extreme,trim_random,950,25.029713804602817,27.282445517762188,2.2527317131593705,0.0900022961007691,False
pr,pubmedbert,34,trim_extreme,trim_random,950,28.09974526110036,30.389182167066327,2.2894369059659674,0.08147536159821811,False
pr,pubmedbert,35,trim_extreme,trim_random,950,29.054660785433466,29.548135701922277,0.49347491648881103,0.01698436337402412,False
pr,pubmedbert,36,trim_extreme,trim_random,950,26.897901582693613,27.84552941804042,0.9476278353468075,0.03523054883792574,False
pr,biobert,11,trim_extreme,trim_random,950,40.77302990491285,43.13931487928988,2.366284974377024,0.05803554408135618,False
pr,biobert,12,trim_extreme,trim_random,950,27.425859437928782,31.61636005290652,4.190500614977736,0.15279377568684155,False
pr,biobert,13,trim_extreme,trim_random,950,50.1544485480435,51.2264080849131,1.0719595368696062,0.021373169637041556,False
pr,biobert,14,trim_extreme,trim_random,950,39.35336845869574,39.38924732223053,0.03587886353479064,0.0009117101010666507,False
pr,biobert,15,trim_extreme,trim_random,950,33.752140116980904,33.32243473146896,-0.42970538551194437,-0.0127312041258017,False
pr,biobert,16,trim_extreme,trim_random,950,25.635686596893983,26.144882586143712,0.5091959892497293,0.01986277946272847,False
pr,biobert,17,trim_extreme,trim_random,950,36.26277057830556,35.6366903866446,-0.6260801916609608,-0.017265095349209676,False
pr,biobert,18,trim_extreme,trim_random,950,38.41808509393002,37.97231755174856,-0.4457675421814571,-0.011603065095295118,False
pr,biobert,19,trim_extreme,trim_random,950,30.655081380094252,33.093118531127175,2.4380371510329226,0.07953125685114154,False
pr,biobert,20,trim_extreme,trim_random,950,34.69074286863274,40.714629269638706,6.023886401005967,0.17364535616366827,False
pr,biobert,21,trim_extreme,trim_random,950,24.1783442249335,23.19412360782675,-0.9842206171067502,-0.04070670050647181,False
pr,biobert,22,trim_extreme,trim_random,950,41.10071856828575,39.19520540824386,-1.9055131600418918,-0.04636204004258527,False
pr,biobert,23,trim_extreme,trim_random,950,38.770703090434935,38.31341322273787,-0.4572898676970638,-0.01179472723593401,False
pr,biobert,24,trim_extreme,trim_random,950,38.86916252182649,41.82720006146529,2.958037539638802,0.07610242536040629,False
pr,biobert,25,trim_extreme,trim_random,950,38.60045826694618,39.655372574681614,1.0549143077354373,0.027329061754657127,False
pr,biobert,26,trim_extreme,trim_random,950,18.868273076205533,20.216906775313884,1.3486336991083512,0.07147626566890697,False
pr,biobert,27,trim_extreme,trim_random,950,52.3429338573281,52.22223090570962,-0.1207029516184761,-0.002306002792038328,False
pr,biobert,28,trim_extreme,trim_random,950,41.59491717639037,40.396390957003,-1.198526219387368,-0.028814247046215102,False
pr,biobert,29,trim_extreme,trim_random,950,38.19070795813068,38.61688997707965,0.4261820189489711,0.011159311825698646,False
pr,biobert,30,trim_extreme,trim_random,950,31.92671969398326,33.62333506760733,1.69661537362407,0.0531409236490965,False
pr,biobert,31,trim_extreme,trim_random,950,29.502405442957908,29.06494759239248,-0.43745785056542985,-0.014827870609101438,False
pr,biobert,32,trim_extreme,trim_random,950,37.62826758568693,38.598194495769604,0.9699269100826768,0.025776549714226504,False
pr,biobert,33,trim_extreme,trim_random,950,32.18897913010923,34.15458210211973,1.965602972010501,0.06106447067070533,False
pr,biobert,34,trim_extreme,trim_random,950,41.173108431504794,41.50404015015981,0.330931718655016,0.008037569453993278,False
pr,biobert,35,trim_extreme,trim_random,950,37.71029133524021,36.55357312312881,-1.1567182121114001,-0.030673807365429948,False
pr,biobert,36,trim_extreme,trim_random,950,37.65551370074085,38.36644345894223,0.7109297582013809,0.018879831619118076,False
pr,simcse,11,trim_extreme,trim_random,950,40.48435639986909,40.50648326045565,0.022126860586560326,0.0005465533493483393,False
pr,simcse,12,trim_extreme,trim_random,950,53.109990288483814,51.224830869070644,-1.8851594194131707,-0.03549538249156754,False
pr,simcse,13,trim_extreme,trim_random,950,34.173988979913936,33.30526180563768,-0.868727174276259,-0.025420713244417005,False
pr,simcse,14,trim_extreme,trim_random,950,41.24102377532076,40.208254719153445,-1.032769056167318,-0.02504227493948252,False
pr,simcse,15,trim_extreme,trim_random,950,29.484009032290313,28.349903291156778,-1.134105741133535,-0.03846511306829015,False
pr,simcse,16,trim_extreme,trim_random,950,27.199297697858075,26.125036990398065,-1.0742607074600095,-0.039495898732142876,False
pr,simcse,17,trim_extreme,trim_random,950,38.32049295283262,37.8234277299781,-0.49706522285452337,-0.012971263795232066,False
pr,simcse,18,trim_extreme,trim_random,950,40.06982871433266,38.99074404763105,-1.0790846667016112,-0.02693010430353128,False
pr,simcse,19,trim_extreme,trim_random,950,35.25335130416157,33.97694098944532,-1.2764103147162515,-0.03620677942654418,False
pr,simcse,20,trim_extreme,trim_random,950,43.32826743829045,42.09576911855452,-1.2324983197359316,-0.028445594356877907,False
pr,simcse,21,trim_extreme,trim_random,950,25.931500651731696,25.346746575691526,-0.5847540760401699,-0.022549951269446502,False
pr,simcse,22,trim_extreme,trim_random,950,37.88640547346692,36.812824115981144,-1.0735813574857787,-0.028336849169754107,False
pr,simcse,23,trim_extreme,trim_random,950,42.04470605593029,40.637440892614556,-1.407265163315735,-0.03347068621299694,False
pr,simcse,24,trim_extreme,trim_random,950,28.371561216618737,26.79499725949286,-1.5765639571258774,-0.05556845973644904,False
pr,simcse,25,trim_extreme,trim_random,950,36.42727782413577,35.99934523108892,-0.4279325930468545,-0.011747586386027381,False
pr,simcse,26,trim_extreme,trim_random,950,31.565726607242606,30.728771766058827,-0.836954841183779,-0.026514670534837102,False
pr,simcse,27,trim_extreme,trim_random,950,38.67484746831122,38.21367339009516,-0.46117407821606093,-0.011924392942827516,False
pr,simcse,28,trim_extreme,trim_random,950,34.52765290720532,33.80613654492317,-0.7215163622821521,-0.020896768286603813,False
pr,simcse,29,trim_extreme,trim_random,950,32.836376736470015,32.49600397768632,-0.340372758783694,-0.010365722184130503,False
pr,simcse,30,trim_extreme,trim_random,950,28.858815676962433,28.911024553452535,0.052208876490102085,0.0018091136197172382,False
pr,simcse,31,trim_extreme,trim_random,950,36.79548772138002,35.39553956165171,-1.3999481597283108,-0.038046734706409964,False
pr,simcse,32,trim_extreme,trim_random,950,40.543197971907766,39.85060667224344,-0.6925912996643291,-0.01708279894803126,False
pr,simcse,33,trim_extreme,trim_random,950,48.6542369540041,46.78356623529719,-1.8706707187069114,-0.038448259305255854,False
pr,simcse,34,trim_extreme,trim_random,950,34.044170585274564,35.903093154297274,1.8589225690227096,0.05460325621287911,False
pr,simcse,35,trim_extreme,trim_random,950,29.952416716288983,30.230795884895528,0.2783791686065449,0.00929404699605272,False
pr,simcse,36,trim_extreme,trim_random,950,40.08384720391428,38.86997374452622,-1.2138734593880613,-0.030283357114222403,False
gap_25,specter,11,trim_extreme,trim_random,950,0.09206384846306863,0.08677040308112695,-0.0052934453819416805,-0.05749754621723362,False
gap_25,specter,12,trim_extreme,trim_random,950,0.11700645061439634,0.11836757525201495,0.001361124637618616,0.011632902549144968,False
gap_25,specter,13,trim_extreme,trim_random,950,0.10057894662459275,0.1060093632083313,0.005430416583738551,0.05399158338779767,False
gap_25,specter,14,trim_extreme,trim_random,950,0.12465469580369799,0.12022056745983409,-0.004434128343863905,-0.035571290076762296,False
gap_25,specter,15,trim_extreme,trim_random,950,0.03660514081802906,0.075455853225008,0.03885071240697894,1.0613457983979089,False
gap_25,specter,16,trim_extreme,trim_random,950,0.07461213458990196,0.07360049605564234,-0.001011638534259618,-0.013558632785672018,False
gap_25,specter,17,trim_extreme,trim_random,950,0.09145987570980067,0.10782296518635345,0.01636308947655278,0.1789100340401987,False
gap_25,specter,18,trim_extreme,trim_random,950,0.11897093572871449,0.11932350109082925,0.000352565362114754,0.002963457923191402,False
gap_25,specter,19,trim_extreme,trim_random,950,0.07494617058553732,0.0726059431075882,-0.002340227477949125,-0.031225444337788868,False
gap_25,specter,20,trim_extreme,trim_random,950,0.11494742270723064,0.1169806490303134,0.002033226323082754,0.017688315885614512,False
gap_25,specter,21,trim_extreme,trim_random,950,0.022976463501792468,0.020999340366050317,-0.001977123135742151,-0.0860499326011555,False
gap_25,specter,22,trim_extreme,trim_random,950,0.11384124090089429,0.11658558427460054,0.0027443433737062567,0.024106759132179297,False
gap_25,specter,23,trim_extreme,trim_random,950,0.09378746276870563,0.08911836139319845,-0.004669101375507176,-0.04978385423456759,False
gap_25,specter,24,trim_extreme,trim_random,950,0.09051681951304792,0.09247701700054776,0.001960197487499843,0.02165561602854685,False
gap_25,specter,25,trim_extreme,trim_random,950,0.11988654524849462,0.11775804941809949,-0.0021284958303951357,-0.01775425112120213,False
gap_25,specter,26,trim_extreme,trim_random,950,0.04422131501433662,0.04827716167189316,0.004055846657556539,0.09171700697371,False
gap_25,specter,27,trim_extreme,trim_random,950,0.15593719241346984,0.16030436776290313,0.004367175349433289,0.028005989346362326,False
gap_25,specter,28,trim_extreme,trim_random,950,0.11137956566678119,0.1122249111101103,0.0008453454433291208,0.00758977141155475,False
gap_25,specter,29,trim_extreme,trim_random,950,0.07019158002319044,0.030712233870756816,-0.03947934615243362,-0.5624513102481826,False
gap_25,specter,30,trim_extreme,trim_random,950,0.06557182112224548,0.06604493154069058,0.0004731104184450968,0.007215148372394257,False
gap_25,specter,31,trim_extreme,trim_random,950,0.07269858444013846,0.06901292500642299,-0.003685659433715474,-0.05069781567411843,False
gap_25,specter,32,trim_extreme,trim_random,950,0.1212590055642507,0.11676896957825235,-0.004490035985998356,-0.037028474422208996,False
gap_25,specter,33,trim_extreme,trim_random,950,0.10826633453222027,0.14933486175554292,0.041068527223322646,0.3793286934554949,False
gap_25,specter,34,trim_extreme,trim_random,950,0.0705094432239775,0.06536447291918564,-0.005144970304791857,-0.07296852832107252,False
gap_25,specter,35,trim_extreme,trim_random,950,0.08408375560828134,0.08394712563942712,-0.0001366299688542183,-0.0016249270488194242,False
gap_25,specter,36,trim_extreme,trim_random,950,0.14364926816047854,0.1497982422018371,0.006148974041358557,0.04280546723349261,False
gap_25,specter2,11,trim_extreme,trim_random,950,0.1792534651276023,0.17480036554809628,-0.004453099579506015,-0.024842474182220454,False
gap_25,specter2,12,trim_extreme,trim_random,950,0.15399685623011405,0.16443372356578861,0.01043686733567456,0.06777324934529172,False
gap_25,specter2,13,trim_extreme,trim_random,950,0.17760404233797383,0.1762581213809803,-0.0013459209569935404,-0.0075782112798553495,False
gap_25,specter2,14,trim_extreme,trim_random,950,0.19187778524303892,0.19319058281507953,0.0013127975720406138,0.006841842427865111,False
gap_25,specter2,15,trim_extreme,trim_random,950,0.05484691733090661,0.05153118934856295,-0.0033157279823436622,-0.060454226849960574,False
gap_25,specter2,16,trim_extreme,trim_random,950,0.12749208896500344,0.21348699791014442,0.08599490894514097,0.6745117257334027,False
gap_25,specter2,17,trim_extreme,trim_random,950,0.13337814931321834,0.13441569000102488,0.0010375406878065374,0.007778940502240967,False
gap_25,specter2,18,trim_extreme,trim_random,950,0.1277679696254369,0.1282445357774179,0.00047656615198099495,0.0037299344536669927,False
gap_25,specter2,19,trim_extreme,trim_random,950,0.13603886774879848,0.13630436882650865,0.00026550107771017295,0.0019516560384818251,False
gap_25,specter2,20,trim_extreme,trim_random,950,0.1588220205223713,0.15935443200208266,0.0005324114797113644,0.003352252275599089,False
gap_25,specter2,21,trim_extreme,trim_random,950,0.09547754648853898,0.09627253897932542,0.0007949924907864336,0.008326486383705551,False
gap_25,specter2,22,trim_extreme,trim_random,950,0.1586241474705828,0.1611864796430074,0.002562332172424603,0.01615348112682398,False
gap_25,specter2,23,trim_extreme,trim_random,950,0.14170347545053416,0.14197222741228405,0.0002687519617498857,0.0018965798890634945,False
gap_25,specter2,24,trim_extreme,trim_random,950,0.12039969101032112,0.11998346633233689,-0.000416224677984231,-0.0034570244698431214,False
gap_25,specter2,25,trim_extreme,trim_random,950,0.1924522871604714,0.19027645291995243,-0.0021758342405189812,-0.011305837268146974,False
gap_25,specter2,26,trim_extreme,trim_random,950,0.05989393326738988,0.06278728762577859,0.0028933543583887153,0.04830797044955543,False
gap_25,specter2,27,trim_extreme,trim_random,950,0.2536383354318263,0.2582080945655166,0.004569759133690288,0.01801683143011543,False
gap_25,specter2,28,trim_extreme,trim_random,950,0.11382721090347943,0.11646801889192553,0.0026408079884460978,0.023200146673938882,False
gap_25,specter2,29,trim_extreme,trim_random,950,0.04135095207513559,0.05414042465198189,0.012789472576846303,0.30929088533699417,False
gap_25,specter2,30,trim_extreme,trim_random,950,0.0800719887511261,0.08469418676144805,0.004622198010321946,0.05772553026862269,False
gap_25,specter2,31,trim_extreme,trim_random,950,0.06370884410674314,0.06077391757771375,-0.002934926529029394,-0.04606780377480985,False
gap_25,specter2,32,trim_extreme,trim_random,950,0.16868650667804527,0.16290340785989496,-0.005783098818150312,-0.034283114470963126,False
gap_25,specter2,33,trim_extreme,trim_random,950,0.24273383284704392,0.23164821326804974,-0.011085619578994177,-0.04566985759245049,False
gap_25,specter2,34,trim_extreme,trim_random,950,0.08503479085792066,0.0820722140835231,-0.0029625767743975684,-0.03483958441607216,False
gap_25,specter2,35,trim_extreme,trim_random,950,0.12855347571879186,0.1315328712346676,0.002979395515875727,0.02317631241953422,False
gap_25,specter2,36,trim_extreme,trim_random,950,0.22065678765072183,0.22977849381964036,0.009121706168918525,0.04133888771804879,False
gap_25,scincl,11,trim_extreme,trim_random,950,0.10703192943781144,0.0999403604594057,-0.007091568978405738,-0.0662565742358792,False
gap_25,scincl,12,trim_extreme,trim_random,950,0.10986199198836406,0.10741544419733867,-0.0024465477910253913,-0.02226928300448544,False
gap_25,scincl,13,trim_extreme,trim_random,950,0.11072270709731011,0.10524146863652795,-0.005481238460782162,-0.0495041947986776,False
gap_25,scincl,14,trim_extreme,trim_random,950,0.15034082580799532,0.1495885084664438,-0.0007523173415515116,-0.005004078815639327,False
gap_25,scincl,15,trim_extreme,trim_random,950,0.03529775229654137,0.032889299859264504,-0.002408452437276866,-0.06823245902580763,False
gap_25,scincl,16,trim_extreme,trim_random,950,0.13641923545854265,0.13769182092793084,0.0012725854693881877,0.009328489967787,False
gap_25,scincl,17,trim_extreme,trim_random,950,0.10417267322366693,0.10269892706659682,-0.001473746157070105,-0.014147147341662778,False
gap_25,scincl,18,trim_extreme,trim_random,950,0.09038316252502122,0.09565926560278504,0.0052761030777638135,0.05837484472069898,False
gap_25,scincl,19,trim_extreme,trim_random,950,0.08575583472342432,0.08322985984786034,-0.0025259748755639827,-0.029455428703022223,False
gap_25,scincl,20,trim_extreme,trim_random,950,0.10229261335317738,0.0985446933781991,-0.003747919974978281,-0.036639204455928234,False
gap_25,scincl,21,trim_extreme,trim_random,950,0.025770941094304826,0.02432999257297895,-0.0014409485213258758,-0.055913694267234734,False
gap_25,scincl,22,trim_extreme,trim_random,950,0.1286834118339197,0.1309043439901062,0.002220932156186489,0.017258884610961745,False
gap_25,scincl,23,trim_extreme,trim_random,950,0.09344748509345133,0.08858489725396004,-0.004862587839491284,-0.05203551315081937,False
gap_25,scincl,24,trim_extreme,trim_random,950,0.08683136428494752,0.09073961591745779,0.003908251632510268,0.045009676684163016,False
gap_25,scincl,25,trim_extreme,trim_random,950,0.12214995711026307,0.11811132923665107,-0.004038627873611991,-0.03306286771731224,False
gap_25,scincl,26,trim_extreme,trim_random,950,0.044979547539455156,0.05475920871410512,0.009779661174649963,0.21742462318171255,False
gap_25,scincl,27,trim_extreme,trim_random,950,0.16195457925624593,0.17301458936707592,0.011060010110829993,0.06829081438525274,False
gap_25,scincl,28,trim_extreme,trim_random,950,0.0918978654184737,0.09331601581052436,0.0014181503920506627,0.015431809929347718,False
gap_25,scincl,29,trim_extreme,trim_random,950,0.02994275164072762,0.03658420129964399,0.006641449658916367,0.22180492089052964,False
gap_25,scincl,30,trim_extreme,trim_random,950,0.05758702304637483,0.05675549844471365,-0.0008315246016611794,-0.014439444126006524,False
gap_25,scincl,31,trim_extreme,trim_random,950,0.08017208874092314,0.071052699800697,-0.009119388940226139,-0.11374767806905381,False
gap_25,scincl,32,trim_extreme,trim_random,950,0.1199177999354533,0.11261633528476735,-0.007301464650685957,-0.06088724655235526,False
gap_25,scincl,33,trim_extreme,trim_random,950,0.13011910377944624,0.12241756184067772,-0.0077015419387685274,-0.05918840289449543,False
gap_25,scincl,34,trim_extreme,trim_random,950,0.06830577432206858,0.06209925762342115,-0.006206516698647427,-0.09086371921329928,False
gap_25,scincl,35,trim_extreme,trim_random,950,0.0706068992710482,0.06984267192400725,-0.0007642273470409439,-0.010823692230233785,False
gap_25,scincl,36,trim_extreme,trim_random,950,0.1457169469179999,0.15046182935265046,0.004744882434650544,0.03256232397814825,False
gap_25,scibert,11,trim_extreme,trim_random,950,0.1379405214499865,0.14667674950797002,0.00873622805798352,0.06333329732373848,False
gap_25,scibert,12,trim_extreme,trim_random,950,0.12521101048108013,0.12274159852374279,-0.002469411957337339,-0.019722003263526706,False
gap_25,scibert,13,trim_extreme,trim_random,950,0.15120858113367025,0.15292143539072572,0.001712854257055474,0.011327758280737319,False
gap_25,scibert,14,trim_extreme,trim_random,950,0.07109459179169329,0.07034656116418334,-0.0007480306275099574,-0.010521624903645025,False
gap_25,scibert,15,trim_extreme,trim_random,950,0.10310512276924631,0.10031677367969469,-0.0027883490895516255,-0.027043749278996256,False
gap_25,scibert,16,trim_extreme,trim_random,950,0.07734988894908029,0.07607933521569113,-0.0012705537333891626,-0.01642605762789876,False
gap_25,scibert,17,trim_extreme,trim_random,950,0.11462762713128365,0.11395056444391817,-0.0006770626873654761,-0.005906627436246522,False
gap_25,scibert,18,trim_extreme,trim_random,950,0.14070211004128122,0.14942950257819035,0.008727392536909129,0.06202744603011682,False
gap_25,scibert,19,trim_extreme,trim_random,950,0.10601938564125715,0.10713187213936885,0.0011124864981117005,0.010493236603691274,False
gap_25,scibert,20,trim_extreme,trim_random,950,0.07386418749134971,0.07585466471638735,0.0019904772250376457,0.026947798285478358,False
gap_25,scibert,21,trim_extreme,trim_random,950,0.031251914805831,0.02976603847036893,-0.0014858763354620684,-0.047545129464669884,False
gap_25,scibert,22,trim_extreme,trim_random,950,0.1339839583576814,0.13572751763221025,0.0017435592745288497,0.013013194235344744,False
gap_25,scibert,23,trim_extreme,trim_random,950,0.10580828431861256,0.10280389854927263,-0.0030043857693399234,-0.028394617573545014,False
gap_25,scibert,24,trim_extreme,trim_random,950,0.11829469142765797,0.11517966856564422,-0.003115022862013747,-0.026332735851622813,False
gap_25,scibert,25,trim_extreme,trim_random,950,0.16671376288464526,0.17500193453407056,0.008288171649425302,0.049714981570898625,False
gap_25,scibert,26,trim_extreme,trim_random,950,0.05468922410661394,0.05054440452045592,-0.004144819586158019,-0.07578859736751609,False
gap_25,scibert,27,trim_extreme,trim_random,950,0.16425987902931952,0.16428627549503874,2.639646571922505e-05,0.00016069941044162962,False
gap_25,scibert,28,trim_extreme,trim_random,950,0.11128075011500552,0.11118730469208865,-9.344542291686575e-05,-0.000839726752563157,False
gap_25,scibert,29,trim_extreme,trim_random,950,0.08525297838001283,0.08441632745788086,-0.0008366509221319762,-0.009813744200262747,False
gap_25,scibert,30,trim_extreme,trim_random,950,0.04658755866817543,0.06719292493630272,0.020605366268127284,0.44229332588322723,False
gap_25,scibert,31,trim_extreme,trim_random,950,0.07769009992336806,0.07174808173501733,-0.005942018188350731,-0.07648359564747396,False
gap_25,scibert,32,trim_extreme,trim_random,950,0.1388624473589537,0.14138263840554416,0.0025201910465904587,0.018148830691971523,False
gap_25,scibert,33,trim_extreme,trim_random,950,0.09958233834212114,0.09893373837303684,-0.0006485999690842986,-0.006513202841813116,False
gap_25,scibert,34,trim_extreme,trim_random,950,0.1307333586119447,0.13352349848955516,0.0027901398776104536,0.02134221829252023,False
gap_25,scibert,35,trim_extreme,trim_random,950,0.13088588519989594,0.13033265021408205,-0.0005532349858138885,-0.004226849862144863,False
gap_25,scibert,36,trim_extreme,trim_random,950,0.12451823123460341,0.12720642055348397,0.0026881893188805545,0.021588720721673012,False
gap_25,bert,11,trim_extreme,trim_random,950,0.11793746099038141,0.12042000106320208,0.0024825400728206715,0.021049631321324945,False
gap_25,bert,12,trim_extreme,trim_random,950,0.11701354707060234,0.11242117469887014,-0.004592372371732198,-0.039246501680367855,False
gap_25,bert,13,trim_extreme,trim_random,950,0.10686336394389605,0.10964084322925433,0.002777479285358278,0.025990940045799722,False
gap_25,bert,14,trim_extreme,trim_random,950,0.14540738652399918,0.13993152889797775,-0.00547585762602143,-0.037658730804006654,False
gap_25,bert,15,trim_extreme,trim_random,950,0.06182862148627415,0.06254309941920026,0.0007144779329261094,0.01155577976269004,False
gap_25,bert,16,trim_extreme,trim_random,950,0.05643005297904827,0.057259007493018245,0.0008289545139699775,0.01468994746961796,False
gap_25,bert,17,trim_extreme,trim_random,950,0.11010442464063575,0.11459195643395292,0.004487531793317179,0.040757052297978096,False
gap_25,bert,18,trim_extreme,trim_random,950,0.08897906040623707,0.09658805315610962,0.007608992749872548,0.08551442007966167,False
gap_25,bert,19,trim_extreme,trim_random,950,0.08643322076760276,0.0859875557066283,-0.00044566506097445946,-0.0051561778794838725,False
gap_25,bert,20,trim_extreme,trim_random,950,0.11989027050932398,0.11863919874161459,-0.0012510717677093885,-0.010435140085967956,False
gap_25,bert,21,trim_extreme,trim_random,950,0.025459200799462105,0.024377739201481594,-0.0010814615979805112,-0.042478222568689585,False
gap_25,bert,22,trim_extreme,trim_random,950,0.1156131500296641,0.11359684109678991,-0.002016308932874189,-0.01744013490123609,False
gap_25,bert,23,trim_extreme,trim_random,950,0.10450153465282036,0.10547163338588084,0.000970098733060476,0.00928310513604782,False
gap_25,bert,24,trim_extreme,trim_random,950,0.0745553318179354,0.07255929825494255,-0.001996033562992855,-0.02677251263353212,False
gap_25,bert,25,trim_extreme,trim_random,950,0.13025749607929413,0.14762226310212065,0.01736476702282652,0.13331107648695883,False
gap_25,bert,26,trim_extreme,trim_random,950,0.033027081962649744,0.03202204906328744,-0.0010050328993623028,-0.030430569085664074,False
gap_25,bert,27,trim_extreme,trim_random,950,0.101512968877072,0.09986316804724285,-0.0016498008298291428,-0.016252118798997826,False
gap_25,bert,28,trim_extreme,trim_random,950,0.0630513735885331,0.06293265622554735,-0.00011871736298575686,-0.0018828671958916292,False
gap_25,bert,29,trim_extreme,trim_random,950,0.05907395241614206,0.05964178244910575,0.0005678300329636926,0.009612189632473823,False
gap_25,bert,30,trim_extreme,trim_random,950,0.031715309142096096,0.04625305917007455,0.014537750027978455,0.4583827312811002,False
gap_25,bert,31,trim_extreme,trim_random,950,0.08966285759590942,0.08572147604811411,-0.003941381547795303,-0.043957795384553036,False
gap_25,bert,32,trim_extreme,trim_random,950,0.1228292235526033,0.12055467548440994,-0.002274548068193355,-0.01851797155763383,False
gap_25,bert,33,trim_extreme,trim_random,950,0.13457971228070062,0.12279627439400838,-0.011783437886692241,-0.08755731222039508,False
gap_25,bert,34,trim_extreme,trim_random,950,0.11298890385545528,0.12308140415097578,0.010092500295520501,0.08932293305926448,False
gap_25,bert,35,trim_extreme,trim_random,950,0.1080231971864491,0.1074583197706559,-0.0005648774157931968,-0.005229223264131063,False
gap_25,bert,36,trim_extreme,trim_random,950,0.11676390697420605,0.11445932793435133,-0.002304579039854718,-0.0197370839977444,False
gap_25,mpnet,11,trim_extreme,trim_random,950,0.13049988053914527,0.12283967937834532,-0.007660201160799948,-0.05869891320323595,False
gap_25,mpnet,12,trim_extreme,trim_random,950,0.13394067819381258,0.12092544460619735,-0.013015233587615235,-0.09717162674644779,False
gap_25,mpnet,13,trim_extreme,trim_random,950,0.12095095673312757,0.12179176004968306,0.0008408033165554912,0.0069516053387711765,False
gap_25,mpnet,14,trim_extreme,trim_random,950,0.1501629765210373,0.14983743608700562,-0.00032554043403168476,-0.002167914099558873,False
gap_25,mpnet,15,trim_extreme,trim_random,950,0.04028557876818919,0.03793588869950964,-0.0023496900686795497,-0.05832583620555904,False
gap_25,mpnet,16,trim_extreme,trim_random,950,0.10176832928963879,0.10573424230286686,0.003965913013228073,0.03897001199598006,False
gap_25,mpnet,17,trim_extreme,trim_random,950,0.10681910831669997,0.10419535305127955,-0.0026237552654204133,-0.024562602204480474,False
gap_25,mpnet,18,trim_extreme,trim_random,950,0.09691258350696531,0.09931286617629531,0.002400282669329998,0.02476750265518909,False
gap_25,mpnet,19,trim_extreme,trim_random,950,0.09699755887762647,0.0965637685846329,-0.0004337902929935633,-0.004472177423978674,False
gap_25,mpnet,20,trim_extreme,trim_random,950,0.12292250308041412,0.12329090168367654,0.00036839860326241813,0.0029969988735212877,False
gap_25,mpnet,21,trim_extreme,trim_random,950,0.0634790749617087,0.01987184987134924,-0.043607225090359455,-0.6869543249750226,False
gap_25,mpnet,22,trim_extreme,trim_random,950,0.11803844806415248,0.11652767259783327,-0.0015107754663192113,-0.012799011602542614,False
gap_25,mpnet,23,trim_extreme,trim_random,950,0.10422249385045297,0.09998058954407345,-0.004241904306379524,-0.04070046829301703,False
gap_25,mpnet,24,trim_extreme,trim_random,950,0.09256703852910049,0.0921112062930971,-0.00045583223600338674,-0.004924347189308491,False
gap_25,mpnet,25,trim_extreme,trim_random,950,0.13444109939903123,0.12870181381698909,-0.005739285582042147,-0.042689963171213874,False
gap_25,mpnet,26,trim_extreme,trim_random,950,0.04388285477054429,0.04422510631675873,0.0003422515462144435,0.0077992087799213725,False
gap_25,mpnet,27,trim_extreme,trim_random,950,0.17267207801546403,0.17535593584374,0.0026838578282759873,0.01554309103777409,False
gap_25,mpnet,28,trim_extreme,trim_random,950,0.07904798637662226,0.0792399304412295,0.00019194406460723568,0.002428196762568027,False
gap_25,mpnet,29,trim_extreme,trim_random,950,0.06555134798847118,0.024531375305480177,-0.041019972682991,-0.625768560704585,False
gap_25,mpnet,30,trim_extreme,trim_random,950,0.05337885421170725,0.055052529475487715,0.0016736752637804622,0.03135464948615149,False
gap_25,mpnet,31,trim_extreme,trim_random,950,0.0888332974332348,0.08365657806072496,-0.005176719372509839,-0.05827453806271854,False
gap_25,mpnet,32,trim_extreme,trim_random,950,0.12232307042044585,0.11818794389760567,-0.004135126522840177,-0.03380496016513501,False
gap_25,mpnet,33,trim_extreme,trim_random,950,0.1624743467753475,0.14994530127800262,-0.012529045497344876,-0.07711399212251474,False
gap_25,mpnet,34,trim_extreme,trim_random,950,0.053635466481314446,0.049254933286818514,-0.004380533194495932,-0.08167232396537513,False
gap_25,mpnet,35,trim_extreme,trim_random,950,0.07613867330707781,0.07917217918488065,0.003033505877802836,0.03984185363420094,False
gap_25,mpnet,36,trim_extreme,trim_random,950,0.131045014603733,0.1583187177977316,0.027273703193998605,0.20812469117174395,False
gap_25,minilm,11,trim_extreme,trim_random,950,0.14101436636075268,0.13717815784102924,-0.0038362085197234386,-0.027204380792729906,False
gap_25,minilm,12,trim_extreme,trim_random,950,0.15818416011655628,0.13978531491399537,-0.01839884520256091,-0.11631281658671715,False
gap_25,minilm,13,trim_extreme,trim_random,950,0.14603544228955875,0.13943025188893615,-0.006605190400622601,-0.04523005030193865,False
gap_25,minilm,14,trim_extreme,trim_random,950,0.1875697546691318,0.17931674639322712,-0.008253008275904694,-0.043999675163316106,False
gap_25,minilm,15,trim_extreme,trim_random,950,0.04890683637204132,0.04458171120157357,-0.004325125170467743,-0.0884360038659196,False
gap_25,minilm,16,trim_extreme,trim_random,950,0.1206696224315153,0.12416427227019197,0.0034946498386766722,0.028960477113119516,False
gap_25,minilm,17,trim_extreme,trim_random,950,0.11674765078381096,0.11712983814927594,0.0003821873654649838,0.0032736193225224243,False
gap_25,minilm,18,trim_extreme,trim_random,950,0.11962870693514391,0.12012910799783334,0.0005004010626894345,0.004182951362675218,False
gap_25,minilm,19,trim_extreme,trim_random,950,0.11033820026443579,0.1069747657216533,-0.003363434542782484,-0.03048295635348138,False
gap_25,minilm,20,trim_extreme,trim_random,950,0.1557307436984595,0.15610805233101377,0.0003773086325542796,0.0024228268843617677,False
gap_25,minilm,21,trim_extreme,trim_random,950,0.025419876830079804,0.022411274972995686,-0.0030086018570841186,-0.11835627203055465,False
gap_25,minilm,22,trim_extreme,trim_random,950,0.1346952218708946,0.1301179805902927,-0.0045772412806019125,-0.03398220974006932,False
gap_25,minilm,23,trim_extreme,trim_random,950,0.12323891245551248,0.11796214860556983,-0.005276763849942648,-0.04281735163678506,False
gap_25,minilm,24,trim_extreme,trim_random,950,0.10450904652494111,0.10797915885930724,0.0034701123343661294,0.03320394214426199,False
gap_25,minilm,25,trim_extreme,trim_random,950,0.16248395585327816,0.15473761179103265,-0.007746344062245503,-0.04767451667191311,False
gap_25,minilm,26,trim_extreme,trim_random,950,0.05266724434716513,0.05493579894308263,0.002268554595917495,0.043073348986400924,False
gap_25,minilm,27,trim_extreme,trim_random,950,0.19943148787362097,0.20431898725720346,0.004887499383582489,0.024507160006145466,False
gap_25,minilm,28,trim_extreme,trim_random,950,0.09554934196893773,0.09535869669307548,-0.00019064527586225288,-0.0019952547232008153,False
gap_25,minilm,29,trim_extreme,trim_random,950,0.08466290301310275,0.03397067927680443,-0.05069222373629832,-0.5987536681615205,False
gap_25,minilm,30,trim_extreme,trim_random,950,0.05705167821400667,0.05825469757562907,0.0012030193616224052,0.02108648508304623,False
gap_25,minilm,31,trim_extreme,trim_random,950,0.1293649128295361,0.12274545137384994,-0.0066194614556861625,-0.05116890902565376,False
gap_25,minilm,32,trim_extreme,trim_random,950,0.14590778003468177,0.13670932594624174,-0.009198454088440028,-0.06304293085847504,False
gap_25,minilm,33,trim_extreme,trim_random,950,0.17612755368701674,0.15916491299148292,-0.016962640695533826,-0.09630884174816214,False
gap_25,minilm,34,trim_extreme,trim_random,950,0.0820080041350879,0.07387285434028565,-0.008135149794802246,-0.09919946084045161,False
gap_25,minilm,35,trim_extreme,trim_random,950,0.0974450545937115,0.09658826083727447,-0.0008567937564370326,-0.008792583266635316,False
gap_25,minilm,36,trim_extreme,trim_random,950,0.15044319892000557,0.17798348389172,0.02754028497171443,0.18306101684502396,False
gap_25,pubmedbert,11,trim_extreme,trim_random,950,0.1398951642970221,0.14318241122286826,0.003287246925846171,0.02349793105690749,False
gap_25,pubmedbert,12,trim_extreme,trim_random,950,0.11431422388126404,0.11770412359056262,0.00338989970929858,0.02965422494421694,False
gap_25,pubmedbert,13,trim_extreme,trim_random,950,0.14640206220735708,0.14478143732954651,-0.0016206248778105614,-0.011069686132666517,False
gap_25,pubmedbert,14,trim_extreme,trim_random,950,0.1320421556094685,0.12884804268997124,-0.003194112919497255,-0.024190099781044555,False
gap_25,pubmedbert,15,trim_extreme,trim_random,950,0.10333835578342442,0.10245762244233365,-0.0008807333410907614,-0.008522811635755018,False
gap_25,pubmedbert,16,trim_extreme,trim_random,950,0.08159363030546131,0.08252591020805634,0.0009322799025950346,0.011425890711135991,False
gap_25,pubmedbert,17,trim_extreme,trim_random,950,0.13148631903268018,0.13814728329920722,0.006660964266527042,0.0506589911066831,False
gap_25,pubmedbert,18,trim_extreme,trim_random,950,0.11562043726439132,0.12059028567464851,0.004969848410257188,0.04298416895702052,False
gap_25,pubmedbert,19,trim_extreme,trim_random,950,0.11421211783613934,0.11117939633588439,-0.0030327215002549507,-0.02655341270009554,False
gap_25,pubmedbert,20,trim_extreme,trim_random,950,0.11413209454426333,0.11594279703208545,0.0018107024878221134,0.015864972031332317,False
gap_25,pubmedbert,21,trim_extreme,trim_random,950,0.0316545892582968,0.03169113556647761,3.6546308180812614e-05,0.001154534272506274,False
gap_25,pubmedbert,22,trim_extreme,trim_random,950,0.14431605006381612,0.14605427164768084,0.0017382215838647186,0.012044547942492066,False
gap_25,pubmedbert,23,trim_extreme,trim_random,950,0.11915341457749606,0.12008272295708686,0.000929308379590793,0.007799259323671174,False
gap_25,pubmedbert,24,trim_extreme,trim_random,950,0.13246321702967911,0.1252600015606991,-0.0072032154689800065,-0.05437898633675858,False
gap_25,pubmedbert,25,trim_extreme,trim_random,950,0.17204808560317258,0.18734340427414065,0.015295318670968061,0.08890141739935764,False
gap_25,pubmedbert,26,trim_extreme,trim_random,950,0.04922974118605128,0.04854791066339796,-0.0006818305226533178,-0.013849971708697652,False
gap_25,pubmedbert,27,trim_extreme,trim_random,950,0.1713686609735628,0.16982025105096224,-0.001548409922600552,-0.009035548937617169,False
gap_25,pubmedbert,28,trim_extreme,trim_random,950,0.09818819414150437,0.09754161348038955,-0.0006465806611148234,-0.006585116130998403,False
gap_25,pubmedbert,29,trim_extreme,trim_random,950,0.09392796700578739,0.09530926562472654,0.001381298618939153,0.01470593544150747,False
gap_25,pubmedbert,30,trim_extreme,trim_random,950,0.050494953001720876,0.08471437366745387,0.03421942066573299,0.6776800181310554,False
gap_25,pubmedbert,31,trim_extreme,trim_random,950,0.1168666754908544,0.1159814446266572,-0.0008852308641972007,-0.0075747073361941905,False
gap_25,pubmedbert,32,trim_extreme,trim_random,950,0.12264041855730477,0.1342257559330914,0.011585337375786639,0.09446589886166519,False
gap_25,pubmedbert,33,trim_extreme,trim_random,950,0.13243322424075402,0.13418684485759344,0.0017536206168394242,0.013241545895246565,False
gap_25,pubmedbert,34,trim_extreme,trim_random,950,0.13344208602404845,0.14305623408765933,0.009614148063610883,0.0720473454070424,False
gap_25,pubmedbert,35,trim_extreme,trim_random,950,0.14706493318837235,0.1411523127949015,-0.0059126203934708466,-0.04020414836688156,False
gap_25,pubmedbert,36,trim_extreme,trim_random,950,0.11980601575482663,0.12023858252465194,0.00043256676982530995,0.0036105596793279816,False
gap_25,biobert,11,trim_extreme,trim_random,950,0.14303097715946206,0.1458199933104336,0.002789016150971546,0.019499385422376957,False
gap_25,biobert,12,trim_extreme,trim_random,950,0.10278718422538295,0.10835994837917877,0.005572764153795817,0.05421652704851158,False
gap_25,biobert,13,trim_extreme,trim_random,950,0.17374493478544453,0.16373133631559766,-0.010013598469846868,-0.05763390157078557,False
gap_25,biobert,14,trim_extreme,trim_random,950,0.11426751103906019,0.11180512478525181,-0.002462386253808374,-0.021549312060946648,False
gap_25,biobert,15,trim_extreme,trim_random,950,0.09771365878285321,0.09357981950325729,-0.004133839279595916,-0.04230564417593298,False
gap_25,biobert,16,trim_extreme,trim_random,950,0.07582258259569868,0.07548183355106136,-0.0003407490446373229,-0.004494031104878947,False
gap_25,biobert,17,trim_extreme,trim_random,950,0.13544454591665447,0.13422414210056252,-0.0012204038160919528,-0.009010357765479355,False
gap_25,biobert,18,trim_extreme,trim_random,950,0.11144504472396718,0.1155484427624393,0.004103398038472109,0.03681992365506798,False
gap_25,biobert,19,trim_extreme,trim_random,950,0.11090819246007347,0.1113547557547916,0.00044656329471813583,0.004026422979338491,False
gap_25,biobert,20,trim_extreme,trim_random,950,0.10187818136575351,0.10081925075536054,-0.0010589306103929719,-0.010394086311683346,False
gap_25,biobert,21,trim_extreme,trim_random,950,0.033069024519525925,0.03132799982752912,-0.0017410246919968078,-0.052648202276689565,False
gap_25,biobert,22,trim_extreme,trim_random,950,0.13836661127449773,0.13218692283495972,-0.006179688439538006,-0.04466170257851058,False
gap_25,biobert,23,trim_extreme,trim_random,950,0.11993056232519447,0.11818579043374294,-0.0017447718914515298,-0.014548184029359762,False
gap_25,biobert,24,trim_extreme,trim_random,950,0.14221791458785843,0.13599433290274976,-0.00622358168510867,-0.043760884155447995,False
gap_25,biobert,25,trim_extreme,trim_random,950,0.17468593353781517,0.1843522026035222,0.009666269065707028,0.055335131283564515,False
gap_25,biobert,26,trim_extreme,trim_random,950,0.051711825264909674,0.04966783670384968,-0.0020439885610599937,-0.03952652126644217,False
gap_25,biobert,27,trim_extreme,trim_random,950,0.19518631620083507,0.19199365299839702,-0.003192663202438051,-0.016357003219185668,False
gap_25,biobert,28,trim_extreme,trim_random,950,0.09698654874912664,0.09303783387467858,-0.003948714874448062,-0.040714046693857836,False
gap_25,biobert,29,trim_extreme,trim_random,950,0.08846812229953778,0.08287216390547864,-0.0055959583940591445,-0.06325395236842708,False
gap_25,biobert,30,trim_extreme,trim_random,950,0.05049682721775768,0.07874017096095805,0.028243343743200366,0.559309273460023,False
gap_25,biobert,31,trim_extreme,trim_random,950,0.11223447725174164,0.11130274558169582,-0.0009317316700458156,-0.00830165286871648,False
gap_25,biobert,32,trim_extreme,trim_random,950,0.1410798144168931,0.1419379280639867,0.0008581136470935946,0.006082469349994005,False
gap_25,biobert,33,trim_extreme,trim_random,950,0.1370429053765796,0.1291324230271508,-0.007910482349428788,-0.05772266960986859,False
gap_25,biobert,34,trim_extreme,trim_random,950,0.14163093677276906,0.13579490829629437,-0.005836028476474686,-0.04120588770684994,False
gap_25,biobert,35,trim_extreme,trim_random,950,0.13453819922825083,0.12859079716908473,-0.005947402059166107,-0.04420604774913064,False
gap_25,biobert,36,trim_extreme,trim_random,950,0.13171253999949886,0.12928781307008674,-0.0024247269294121188,-0.018409233694994753,False
gap_25,simcse,11,trim_extreme,trim_random,950,0.17073586231945279,0.17969314219137658,0.008957279871923796,0.05246279106356935,False
gap_25,simcse,12,trim_extreme,trim_random,950,0.1335139627966308,0.12989762542921116,-0.0036163373674196475,-0.027085836504816146,False
gap_25,simcse,13,trim_extreme,trim_random,950,0.1408377675820913,0.136579144153949,-0.0042586234281422886,-0.0302377941744925,False
gap_25,simcse,14,trim_extreme,trim_random,950,0.1797843515728138,0.17419945620259958,-0.005584895370214227,-0.031064413122475282,False
gap_25,simcse,15,trim_extreme,trim_random,950,0.10216781446493961,0.09961118700535188,-0.0025566274595877347,-0.02502380493286444,False
gap_25,simcse,16,trim_extreme,trim_random,950,0.09417022601744791,0.09293894555887447,-0.0012312804585734444,-0.01307505047662636,False
gap_25,simcse,17,trim_extreme,trim_random,950,0.1571754207180465,0.1694327411733428,0.012257320455296317,0.07798496991005008,False
gap_25,simcse,18,trim_extreme,trim_random,950,0.14716727127932505,0.14591130903748217,-0.0012559622418428784,-0.008534249707321464,False
gap_25,simcse,19,trim_extreme,trim_random,950,0.09867231687595095,0.09824183339946807,-0.0004304834764828763,-0.004362758371469805,False
gap_25,simcse,20,trim_extreme,trim_random,950,0.18616337609362035,0.18710177643277126,0.0009384003391509077,0.005040735502556595,False
gap_25,simcse,21,trim_extreme,trim_random,950,0.1253269303108203,0.1401232441474225,0.01479631383660221,0.11806172703589109,False
gap_25,simcse,22,trim_extreme,trim_random,950,0.13739942953267215,0.13310168281522253,-0.004297746717449619,-0.03127921805838109,False
gap_25,simcse,23,trim_extreme,trim_random,950,0.1331591335814126,0.13091854709141434,-0.002240586489998253,-0.016826382312170676,False
gap_25,simcse,24,trim_extreme,trim_random,950,0.10327406779959594,0.09385872942415176,-0.009415338375444185,-0.091168466354155,False
gap_25,simcse,25,trim_extreme,trim_random,950,0.19182772318841879,0.20887451227285408,0.0170467890844353,0.08886509624936456,False
gap_25,simcse,26,trim_extreme,trim_random,950,0.13172507750486928,0.0664566912556958,-0.06526838624917349,-0.49548945034221603,False
gap_25,simcse,27,trim_extreme,trim_random,950,0.15198497495820718,0.15354702615313184,0.0015620511949246685,0.010277668535025921,False
gap_25,simcse,28,trim_extreme,trim_random,950,0.12877527032728003,0.12674394870428438,-0.0020313216229956577,-0.015774159260804426,False
gap_25,simcse,29,trim_extreme,trim_random,950,0.07625912178957699,0.07021011413476874,-0.006049007654808244,-0.07932175866776132,False
gap_25,simcse,30,trim_extreme,trim_random,950,0.07066852928307613,0.0684688855232548,-0.002199643759821332,-0.03112621391921493,False
gap_25,simcse,31,trim_extreme,trim_random,950,0.16376978496890404,0.15853987642332912,-0.005229908545574924,-0.031934514334057154,False
gap_25,simcse,32,trim_extreme,trim_random,950,0.1741194822899628,0.1694829395075379,-0.004636542782424896,-0.026628512337887718,False
gap_25,simcse,33,trim_extreme,trim_random,950,0.15921357449809942,0.14955657762186028,-0.009656996876239138,-0.060654356305243406,False
gap_25,simcse,34,trim_extreme,trim_random,950,0.14866723207606683,0.16833162500553206,0.01966439292946523,0.13227119826515488,False
gap_25,simcse,35,trim_extreme,trim_random,950,0.1281950281446337,0.12278788799465595,-0.005407140149977757,-0.042179016052613594,False
gap_25,simcse,36,trim_extreme,trim_random,950,0.15967350062835153,0.15345326624574065,-0.006220234382610879,-0.038955959242659814,False
angle_p50,bert,11,pool_cls,half,1000,33.4740940608631,40.970136045829605,7.496041984966503,0.2239356193281015,True
angle_p50,bert,12,pool_cls,half,1000,37.1720886745113,43.83059019906204,6.658501524550736,0.179126375783033,True
angle_p50,bert,13,pool_cls,half,1000,32.112485836214816,39.31521598057011,7.202730144355293,0.22429687259627915,True
angle_p50,bert,14,pool_cls,half,1000,33.3223196481663,41.39768095801321,8.075361309846912,0.2423409112904087,True
angle_p50,bert,15,pool_cls,half,1000,31.36286344836983,37.239128455692054,5.876265007322225,0.18736379147892057,True
angle_p50,bert,16,pool_cls,half,1000,32.26059354639184,37.77273040797937,5.512136861587528,0.17086284707257127,True
angle_p50,bert,17,pool_cls,half,1000,33.01678204450554,39.39818530454364,6.381403260038098,0.1932775656766361,True
angle_p50,bert,18,pool_cls,half,1000,33.31063359247873,40.74193723892867,7.4313036464499405,0.22309103265234403,True
angle_p50,bert,19,pool_cls,half,1000,33.976661825967014,41.13907704228658,7.162415216319566,0.2108039704726265,True
angle_p50,bert,20,pool_cls,half,1000,34.412473495954636,42.38918945122026,7.976715955265625,0.23179722771754055,True
angle_p50,bert,21,pool_cls,half,1000,34.57694193560855,40.03604135101957,5.459099415411018,0.1578826556026068,True
angle_p50,bert,22,pool_cls,half,1000,33.501973471917786,38.77351833689299,5.271544864975205,0.1573502787647405,True
angle_p50,bert,23,pool_cls,half,1000,34.658971587745555,42.13722087817101,7.4782492904254525,0.21576662398919974,True
angle_p50,bert,24,pool_cls,half,1000,29.09761865470987,37.48152838888568,8.383909734175809,0.2881304423452794,True
angle_p50,bert,25,pool_cls,half,1000,30.22933590567019,36.42638738222107,6.197051476550882,0.205001244350475,True
angle_p50,bert,26,pool_cls,half,1000,34.78369714333313,38.7438611733841,3.9601640300509686,0.11385115313453675,True
angle_p50,bert,27,pool_cls,half,1000,30.96522779724067,38.25486170931103,7.289633912070361,0.2354135406270108,True
angle_p50,bert,28,pool_cls,half,1000,31.338052909277412,38.073656335559235,6.735603426281823,0.21493369245948893,True
angle_p50,bert,29,pool_cls,half,1000,32.88867661440058,40.15458823089116,7.265911616490577,0.22092441424989223,True
angle_p50,bert,30,pool_cls,half,1000,32.29328168181265,39.23227842890179,6.938996747089142,0.21487431396596451,True
angle_p50,bert,31,pool_cls,half,1000,31.93778620542843,37.570044128261124,5.632257922832693,0.1763509182072045,True
angle_p50,bert,32,pool_cls,half,1000,32.47310703155337,39.81501567893347,7.341908647380102,0.22609196712363058,True
angle_p50,bert,33,pool_cls,half,1000,36.62301770095496,43.77848343860923,7.155465737654268,0.1953816530380479,True
angle_p50,bert,34,pool_cls,half,1000,30.516835799587295,38.54014949033513,8.023313690747838,0.26291433828327454,True
angle_p50,bert,35,pool_cls,half,1000,29.380115873455942,35.95019904774582,6.570083174289877,0.22362346025414254,True
angle_p50,bert,36,pool_cls,half,1000,33.746612216865834,41.64871226289389,7.902100046028053,0.2341598023305804,True
angle_p50,scibert,11,pool_cls,half,1000,35.275096012591696,48.959987221908015,13.68489120931632,0.3879476672276498,True
angle_p50,scibert,12,pool_cls,half,1000,34.5343273905953,47.40586903023522,12.871541639639922,0.37271731092539584,True
angle_p50,scibert,13,pool_cls,half,1000,35.277464110978656,49.653501944192946,14.37603783321429,0.4075133571956591,True
angle_p50,scibert,14,pool_cls,half,1000,34.15327916966049,48.09354304239776,13.940263872737269,0.40816765510237957,True
angle_p50,scibert,15,pool_cls,half,1000,32.842482226210336,46.73173830384839,13.889256077638052,0.42290518670216604,True
angle_p50,scibert,16,pool_cls,half,1000,34.8071966476012,48.130155563342214,13.322958915741012,0.3827644912236615,True
angle_p50,scibert,17,pool_cls,half,1000,34.04291515710413,48.14084217259783,14.097927015493696,0.4141222028264438,True
angle_p50,scibert,18,pool_cls,half,1000,34.3503929933439,49.341077449565475,14.990684456221572,0.43640503499119576,True
angle_p50,scibert,19,pool_cls,half,1000,34.39705852756168,48.40093060786385,14.003872080302166,0.4071241169962583,True
angle_p50,scibert,20,pool_cls,half,1000,34.74738499352073,49.382681395314926,14.635296401794193,0.4211913041664345,True
angle_p50,scibert,21,pool_cls,half,1000,34.868684162091384,49.23735470262188,14.368670540530495,0.4120795173610784,True
angle_p50,scibert,22,pool_cls,half,1000,34.64656715911553,48.11680877573934,13.47024161662381,0.388790079974194,True
angle_p50,scibert,23,pool_cls,half,1000,35.2695368848853,50.163219490127915,14.893682605242617,0.4222817740378462,True
angle_p50,scibert,24,pool_cls,half,1000,34.30429884243353,48.271755172089975,13.967456329656443,0.4071634401802453,True
angle_p50,scibert,25,pool_cls,half,1000,33.014021139391886,45.99359234984643,12.979571210454544,0.39315329555439993,True
angle_p50,scibert,26,pool_cls,half,1000,35.54414484285916,46.30624156843771,10.762096725578552,0.302781140836496,True
angle_p50,scibert,27,pool_cls,half,1000,35.470235586337736,49.448005760629165,13.977770174291429,0.3940704070112047,True
angle_p50,scibert,28,pool_cls,half,1000,34.70501758160655,48.81554495477047,14.110527373163926,0.40658464845851056,True
angle_p50,scibert,29,pool_cls,half,1000,35.35910152153083,49.744609382972946,14.385507861442115,0.4068403110492642,True
angle_p50,scibert,30,pool_cls,half,1000,35.60411529531138,49.743006065197065,14.138890769885684,0.3971139474359471,True
angle_p50,scibert,31,pool_cls,half,1000,34.600411789877974,47.017684724701915,12.417272934823941,0.35887644951256037,True
angle_p50,scibert,32,pool_cls,half,1000,34.90338831100612,49.28724233300756,14.383854022001444,0.41210480466349936,True
angle_p50,scibert,33,pool_cls,half,1000,35.10155735143556,48.93771014507301,13.836152793637453,0.39417489814227835,True
angle_p50,scibert,34,pool_cls,half,1000,34.26212846006678,48.097160451519464,13.83503199145268,0.40379954816810915,True
angle_p50,scibert,35,pool_cls,half,1000,32.44234631264522,44.28412105184224,11.841774739197021,0.3650098123322662,True
angle_p50,scibert,36,pool_cls,half,1000,35.51261632091499,50.66766081261882,15.155044491703833,0.42675099899013474,True
angle_p50,pubmedbert,11,pool_cls,half,1000,10.151719933374805,25.243203313111344,15.09148337973654,1.4865937475404303,True
angle_p50,pubmedbert,12,pool_cls,half,1000,10.12042803694397,24.461632815234843,14.341204778290873,1.4170551607045898,True
angle_p50,pubmedbert,13,pool_cls,half,1000,10.23180517110735,25.337572896249817,15.105767725142467,1.4763541205610766,True
angle_p50,pubmedbert,14,pool_cls,half,1000,9.77926457881046,23.98893410102726,14.209669522216801,1.4530407074787675,True
angle_p50,pubmedbert,15,pool_cls,half,1000,9.593033938100527,22.328721880142297,12.73568794204177,1.3275975071306279,True
angle_p50,pubmedbert,16,pool_cls,half,1000,10.428102570388036,24.59706563047095,14.168963060082914,1.358728777785284,True
angle_p50,pubmedbert,17,pool_cls,half,1000,9.855384219688196,23.275163654616588,13.419779434928392,1.3616698381093626,True
angle_p50,pubmedbert,18,pool_cls,half,1000,10.02164544752445,24.477409021652647,14.455763574128197,1.4424541009579483,True
angle_p50,pubmedbert,19,pool_cls,half,1000,9.869465468132082,23.840316827260548,13.970851359128465,1.4155631228701813,True
angle_p50,pubmedbert,20,pool_cls,half,1000,10.001754686779273,24.570942226661764,14.56918753988249,1.4566631552302154,True
angle_p50,pubmedbert,21,pool_cls,half,1000,10.201885271751662,24.007759956000697,13.805874684249035,1.353267000803918,True
angle_p50,pubmedbert,22,pool_cls,half,1000,10.102400200627132,22.929300511645675,12.826900311018543,1.2696883964488241,True
angle_p50,pubmedbert,23,pool_cls,half,1000,10.202596885625251,25.078818477801683,14.876221592176432,1.458081874540784,True
angle_p50,pubmedbert,24,pool_cls,half,1000,9.800368151769703,24.70998669796201,14.909618546192306,1.521332496422596,True
angle_p50,pubmedbert,25,pool_cls,half,1000,9.697698034895161,22.400660710332136,12.702962675436975,1.3098946399163998,True
angle_p50,pubmedbert,26,pool_cls,half,1000,10.587714977192533,23.413691390820425,12.825976413627892,1.211401746387856,True
angle_p50,pubmedbert,27,pool_cls,half,1000,10.109533087015858,26.178913169256266,16.069380082240407,1.5895274236630232,True
angle_p50,pubmedbert,28,pool_cls,half,1000,10.005891945957275,24.698145063680617,14.692253117723341,1.4683601619003608,True
angle_p50,pubmedbert,29,pool_cls,half,1000,10.103399571651282,25.833197636341755,15.729798064690472,1.5568817162122413,True
angle_p50,pubmedbert,30,pool_cls,half,1000,10.326541410553869,26.11549323447154,15.788951823917671,1.528968044207051,True
angle_p50,pubmedbert,31,pool_cls,half,1000,10.017449527575893,22.379586131512788,12.362136603936895,1.2340602834989665,True
angle_p50,pubmedbert,32,pool_cls,half,1000,10.08332498600992,25.359861732782853,15.276536746772933,1.5150296918891655,True
angle_p50,pubmedbert,33,pool_cls,half,1000,10.319987026161167,25.214051533103362,14.894064506942195,1.4432251192938268,True
angle_p50,pubmedbert,34,pool_cls,half,1000,9.773074057371746,24.891112323792793,15.118038266421047,1.5469071632602274,True
angle_p50,pubmedbert,35,pool_cls,half,1000,9.307525648982583,23.961664345885904,14.65413869690332,1.5744397866370834,True
angle_p50,pubmedbert,36,pool_cls,half,1000,10.327481512907664,26.466640824627895,16.13915931172023,1.5627391142311822,True
angle_p50,biobert,11,pool_cls,half,1000,22.998907369276605,30.468003458709806,7.469096089433201,0.32475873612199907,True
angle_p50,biobert,12,pool_cls,half,1000,24.719846238065315,30.613574968163576,5.89372873009826,0.23842093002272371,True
angle_p50,biobert,13,pool_cls,half,1000,22.26009588923367,31.58189388257409,9.321797993340418,0.418767198475951,True
angle_p50,biobert,14,pool_cls,half,1000,23.148806812773145,29.60091099959017,6.452104186817024,0.2787229700002013,True
angle_p50,biobert,15,pool_cls,half,1000,21.849858982270533,27.998988765852296,6.149129783581763,0.28142652035289134,True
angle_p50,biobert,16,pool_cls,half,1000,23.68777502709417,29.85669971680936,6.16892468971519,0.2604265146329341,True
angle_p50,biobert,17,pool_cls,half,1000,22.49488812417078,28.62718829704981,6.132300172879027,0.2726086095218168,True
angle_p50,biobert,18,pool_cls,half,1000,23.394023856425555,29.856522875019024,6.462499018593469,0.27624572233726424,True
angle_p50,biobert,19,pool_cls,half,1000,22.68825223231976,29.657443486650575,6.969191254330816,0.3071717989983864,True
angle_p50,biobert,20,pool_cls,half,1000,23.664495341706356,30.177333034726697,6.512837693020341,0.2752155750197682,True
angle_p50,biobert,21,pool_cls,half,1000,23.147332006895166,29.499025210686213,6.351693203791047,0.27440282110694203,True
angle_p50,biobert,22,pool_cls,half,1000,22.903831010440136,28.74669589774371,5.842864887303573,0.25510426114479495,True
angle_p50,biobert,23,pool_cls,half,1000,23.285526828659822,30.930531704715282,7.645004876055459,0.3283157358778754,True
angle_p50,biobert,24,pool_cls,half,1000,21.256165237601177,31.021364029625115,9.765198792023938,0.45940547990988284,True
angle_p50,biobert,25,pool_cls,half,1000,21.647938436572378,27.969217670982076,6.3212792344096975,0.2920037514394639,True
angle_p50,biobert,26,pool_cls,half,1000,24.29520416048404,27.89541342555275,3.6002092650687096,0.14818600581774166,True
angle_p50,biobert,27,pool_cls,half,1000,22.333980895194895,32.09608898019613,9.762108085001234,0.4370966434873923,True
angle_p50,biobert,28,pool_cls,half,1000,22.198304336145902,31.671383427297535,9.473079091151632,0.4267478699139396,True
angle_p50,biobert,29,pool_cls,half,1000,22.81496172620284,31.655459476447298,8.84049775024446,0.38748685429926466,True
angle_p50,biobert,30,pool_cls,half,1000,23.136371218956167,31.0368861067087,7.900514887752532,0.34147597360814547,True
angle_p50,biobert,31,pool_cls,half,1000,22.81365756524477,28.76498192216584,5.95132435692107,0.2608667347574969,True
angle_p50,biobert,32,pool_cls,half,1000,23.43005165799072,31.231713228924967,7.801661570934247,0.33297671233573756,True
angle_p50,biobert,33,pool_cls,half,1000,24.74281888081414,31.086380907152467,6.343562026338326,0.2563799240860626,True
angle_p50,biobert,34,pool_cls,half,1000,21.951963446775114,30.756594822347726,8.804631375572612,0.4010862808204097,True
angle_p50,biobert,35,pool_cls,half,1000,21.01675727465028,29.226218586822355,8.209461312172074,0.39061503184766067,True
angle_p50,biobert,36,pool_cls,half,1000,24.10482557322592,32.22717686414606,8.12235129092014,0.3369595546852628,True
pr,bert,11,pool_cls,half,1000,29.859579883176295,31.217707603734606,1.3581277205583113,0.04548381879021405,True
pr,bert,12,pool_cls,half,1000,38.72593046698273,33.64524184479989,-5.080688622182841,-0.13119603740740524,True
pr,bert,13,pool_cls,half,1000,20.18991042458642,27.036684598905058,6.846774174318639,0.3391186008423756,True
pr,bert,14,pool_cls,half,1000,32.70559754954608,29.462564615785446,-3.243032933760631,-0.09915834526024861,True
pr,bert,15,pool_cls,half,1000,17.47295747144375,26.90673484080528,9.433777369361533,0.5399073044605792,True
pr,bert,16,pool_cls,half,1000,12.313855840515085,22.729447773743452,10.415591933228367,0.8458432572321462,True
pr,bert,17,pool_cls,half,1000,26.31153590233202,27.810618254266195,1.4990823519341738,0.05697433846122637,True
pr,bert,18,pool_cls,half,1000,27.019541883498622,28.181455088465018,1.161913204966396,0.04300269819437612,True
pr,bert,19,pool_cls,half,1000,25.945689747622524,27.986780183437574,2.0410904358150503,0.07866780400401886,True
pr,bert,20,pool_cls,half,1000,34.1992781087552,31.440223672977172,-2.7590544357780296,-0.08067580920872411,True
pr,bert,21,pool_cls,half,1000,14.577172799731242,24.45136823978543,9.874195440054189,0.6773738348108378,True
pr,bert,22,pool_cls,half,1000,29.540790739174103,29.688963321449265,0.14817258227516206,0.005015863779119159,True
pr,bert,23,pool_cls,half,1000,30.253773613996504,31.98086438550591,1.7270907715094062,0.05708678836382879,True
pr,bert,24,pool_cls,half,1000,16.862353900448525,24.685421938492585,7.82306803804406,0.4639368906755048,True
pr,bert,25,pool_cls,half,1000,24.791504893242344,28.55410537408635,3.7626004808440072,0.15176974923654654,True
pr,bert,26,pool_cls,half,1000,11.001746635831637,19.091411346527515,8.089664710695878,0.7353073087820995,True
pr,bert,27,pool_cls,half,1000,24.045458986344507,27.164406320314583,3.118947333970077,0.1297104511808794,True
pr,bert,28,pool_cls,half,1000,18.53917624631295,25.433807365490757,6.894631119177806,0.3718952248781281,True
pr,bert,29,pool_cls,half,1000,20.467167439005085,26.39425715615921,5.927089717154125,0.28959013184494875,True
pr,bert,30,pool_cls,half,1000,17.0232807028026,23.987584598220757,6.964303895418155,0.40910468534256134,True
pr,bert,31,pool_cls,half,1000,23.462187626593106,27.758035336420175,4.295847709827068,0.18309663950338373,True
pr,bert,32,pool_cls,half,1000,29.546751591695724,25.45708247156421,-4.089669120131514,-0.13841349386377005,True
pr,bert,33,pool_cls,half,1000,35.576497678184296,31.193967623916816,-4.38253005426748,-0.12318610150753743,True
pr,bert,34,pool_cls,half,1000,24.602260151198706,25.06180389931252,0.4595437481138127,0.018678924021190882,True
pr,bert,35,pool_cls,half,1000,24.26538948566832,24.039296629422207,-0.22609285624611175,-0.009317503697175239,True
pr,bert,36,pool_cls,half,1000,31.11743025475397,25.499839991885636,-5.617590262868333,-0.1805287331530246,True
pr,scibert,11,pool_cls,half,1000,40.288372599805015,27.658675826594784,-12.629696773210231,-0.31348242577739055,True
pr,scibert,12,pool_cls,half,1000,36.97317309977086,26.49018099537863,-10.482992104392231,-0.2835296845121794,True
pr,scibert,13,pool_cls,half,1000,42.12597611254806,26.808053782458444,-15.317922330089615,-0.3636217779064559,True
pr,scibert,14,pool_cls,half,1000,35.85807946481962,23.109890241749316,-12.748189223070302,-0.3555179031709592,True
pr,scibert,15,pool_cls,half,1000,35.08910487594449,26.565349429826668,-8.523755446117825,-0.24291743765630588,True
pr,scibert,16,pool_cls,half,1000,27.194512219514223,25.726560213660292,-1.467952005853931,-0.053979714510215,True
pr,scibert,17,pool_cls,half,1000,43.264799760626275,23.16001002803601,-20.104789732590266,-0.4646916163676991,True
pr,scibert,18,pool_cls,half,1000,42.21350589530432,27.09054092713448,-15.122964968169843,-0.3582494428602308,True
pr,scibert,19,pool_cls,half,1000,31.16556110957009,24.25948789445588,-6.906073215114208,-0.22159309729204724,True
pr,scibert,20,pool_cls,half,1000,38.35455358319952,22.878821903935087,-15.475731679264431,-0.4034913780366168,True
pr,scibert,21,pool_cls,half,1000,23.958129599235566,20.31509189785472,-3.6430377013808446,-0.1520585188543718,True
pr,scibert,22,pool_cls,half,1000,44.0627207038923,26.781767302518986,-17.280953401373317,-0.3921898858108141,True
pr,scibert,23,pool_cls,half,1000,37.172715970159054,24.18991969514498,-12.982796275014074,-0.3492560588103437,True
pr,scibert,24,pool_cls,half,1000,35.843103516310094,22.695834819956804,-13.14726869635329,-0.36680051129977453,True
pr,scibert,25,pool_cls,half,1000,39.266030226697445,26.480849707134336,-12.78518051956311,-0.3256041022163303,True
pr,scibert,26,pool_cls,half,1000,32.405321887270674,21.358393860533695,-11.046928026736978,-0.3408985741652635,True
pr,scibert,27,pool_cls,half,1000,40.159411709076295,21.676088690269392,-18.483323018806903,-0.4602488490793691,True
pr,scibert,28,pool_cls,half,1000,40.118755260476824,24.16499028318644,-15.953764977290383,-0.3976635085936305,True
pr,scibert,29,pool_cls,half,1000,35.776315366403686,22.98067622119409,-12.795639145209595,-0.3576567070745788,True
pr,scibert,30,pool_cls,half,1000,29.478578538983754,21.588999277493226,-7.889579261490528,-0.2676377102463406,True
pr,scibert,31,pool_cls,half,1000,37.20673238598498,26.809834499987343,-10.396897885997635,-0.2794359305229915,True
pr,scibert,32,pool_cls,half,1000,36.92645124923858,20.809935720305177,-16.116515528933405,-0.4364490760336935,True
pr,scibert,33,pool_cls,half,1000,37.09747996158945,24.01287901365055,-13.084600947938899,-0.3527086196012945,True
pr,scibert,34,pool_cls,half,1000,34.22214931529555,21.809026567591815,-12.413122747703738,-0.3627218919927892,True
pr,scibert,35,pool_cls,half,1000,33.23559849921768,17.159288339390493,-16.076310159827187,-0.4837075571305148,True
pr,scibert,36,pool_cls,half,1000,34.578089372410666,18.152443075060155,-16.42564629735051,-0.475030477261022,True
pr,pubmedbert,11,pool_cls,half,1000,30.88185038688418,25.76425532592614,-5.117595060958042,-0.16571529868985874,True
pr,pubmedbert,12,pool_cls,half,1000,25.33166873428872,27.122647044550764,1.7909783102620445,0.07070115786875865,True
pr,pubmedbert,13,pool_cls,half,1000,35.20997829631776,25.77005256801463,-9.439925728303127,-0.2681037076722751,True
pr,pubmedbert,14,pool_cls,half,1000,30.26453461169877,25.33073758442945,-4.933797027269321,-0.1630223986778954,True
pr,pubmedbert,15,pool_cls,half,1000,29.306065552883346,29.62673427985434,0.32066872697099313,0.010942059977049475,True
pr,pubmedbert,16,pool_cls,half,1000,24.565987964490752,25.26309782288849,0.697109858397738,0.02837703329519599,True
pr,pubmedbert,17,pool_cls,half,1000,33.15509067616741,23.350254891975,-9.804835784192413,-0.2957264053341992,True
pr,pubmedbert,18,pool_cls,half,1000,32.767975677584914,27.053415293902802,-5.714560383682112,-0.1743946724054481,True
pr,pubmedbert,19,pool_cls,half,1000,29.157417068703484,28.854670077726094,-0.3027469909773899,-0.010383189644817598,True
pr,pubmedbert,20,pool_cls,half,1000,28.737835358710573,26.556435118140346,-2.181400240570227,-0.07590690855249242,True
pr,pubmedbert,21,pool_cls,half,1000,19.360015207969973,19.522221361377884,0.16220615340791156,0.00837841043333147,True
pr,pubmedbert,22,pool_cls,half,1000,35.03027225992267,27.0631096431532,-7.967162616769468,-0.22743650285254893,True
pr,pubmedbert,23,pool_cls,half,1000,30.759015707002117,26.155139165521458,-4.603876541480659,-0.1496756783550981,True
pr,pubmedbert,24,pool_cls,half,1000,32.593349516885674,24.998843880084273,-7.594505636801401,-0.23300782979874182,True
pr,pubmedbert,25,pool_cls,half,1000,32.99966387016152,28.165657076448586,-4.834006793712934,-0.14648654643067047,True
pr,pubmedbert,26,pool_cls,half,1000,19.96685085455684,16.61551326700015,-3.3513375875566886,-0.16784507541868304,True
pr,pubmedbert,27,pool_cls,half,1000,35.977364312638194,25.568529835689862,-10.408834476948332,-0.2893162041137043,True
pr,pubmedbert,28,pool_cls,half,1000,31.07780974828558,23.000257230657343,-8.077552517628238,-0.25991382864662266,True
pr,pubmedbert,29,pool_cls,half,1000,28.811121217481055,23.848011451672107,-4.963109765808948,-0.1722636799985971,True
pr,pubmedbert,30,pool_cls,half,1000,25.51127275394872,19.476160864845554,-6.035111889103167,-0.23656647582073426,True
pr,pubmedbert,31,pool_cls,half,1000,29.327631741807433,28.32733481125318,-1.0002969305542528,-0.034107661312737333,True
pr,pubmedbert,32,pool_cls,half,1000,25.020886025170824,21.51777786056357,-3.503108164607255,-0.14000735869557754,True
pr,pubmedbert,33,pool_cls,half,1000,25.103501437501194,24.893036894314136,-0.21046454318705798,-0.008383872015266077,True
pr,pubmedbert,34,pool_cls,half,1000,27.95947975432543,20.113590225643435,-7.845889528681994,-0.28061643484150334,True
pr,pubmedbert,35,pool_cls,half,1000,29.19731633077658,20.115169532914734,-9.082146797861846,-0.3110610131071687,True
pr,pubmedbert,36,pool_cls,half,1000,26.898092965803283,19.485208627442198,-7.412884338361085,-0.27559144612167885,True
pr,biobert,11,pool_cls,half,1000,41.083096054539276,41.111452733783736,0.02835667924446028,0.0006902274163275274,True
pr,biobert,12,pool_cls,half,1000,27.235274359322442,31.488848033921986,4.253573674599544,0.15617884433551063,True
pr,biobert,13,pool_cls,half,1000,50.42346405640648,41.75385251927983,-8.669611537126649,-0.1719360559486421,True
pr,biobert,14,pool_cls,half,1000,39.09721066342421,36.73566996728173,-2.3615406961424767,-0.06040176923290641,True
pr,biobert,15,pool_cls,half,1000,34.02209455275038,36.87959208877497,2.8574975360245887,0.08398946548085429,True
pr,biobert,16,pool_cls,half,1000,25.603308983188448,31.62731472268628,6.024005739497831,0.23528231227663937,True
pr,biobert,17,pool_cls,half,1000,36.225767160250754,31.63300682597365,-4.592760334277106,-0.1267815893024504,True
pr,biobert,18,pool_cls,half,1000,38.72718752659784,35.32353143960015,-3.4036560869976853,-0.08788802658752469,True
pr,biobert,19,pool_cls,half,1000,30.497130435632606,33.7511685280234,3.2540380923907932,0.10669981227442962,True
pr,biobert,20,pool_cls,half,1000,35.27009399542761,37.080860879378456,1.8107668839508477,0.05134000732137528,True
pr,biobert,21,pool_cls,half,1000,24.0869249093227,28.733760283542793,4.6468353742200925,0.1929194113284906,True
pr,biobert,22,pool_cls,half,1000,40.920666276862946,36.36133570003233,-4.559330576830618,-0.11141877666367618,True
pr,biobert,23,pool_cls,half,1000,38.615925384240605,38.85177100731393,0.2358456230733239,0.006107470447142876,True
pr,biobert,24,pool_cls,half,1000,39.18317244503059,39.082642128882384,-0.10053031614820895,-0.0025656502492043295,True
pr,biobert,25,pool_cls,half,1000,38.86533598812852,38.06826681661538,-0.7970691715131437,-0.020508485292822627,True
pr,biobert,26,pool_cls,half,1000,18.78207682905759,21.56765162423137,2.7855747951737797,0.14831026518133716,True
pr,biobert,27,pool_cls,half,1000,52.295696636170064,43.16412486333991,-9.131571772830156,-0.1746142103500415,True
pr,biobert,28,pool_cls,half,1000,41.7253180420446,38.195972033551094,-3.529346008493505,-0.08458523922902522,True
pr,biobert,29,pool_cls,half,1000,38.256843770083805,38.5676768019408,0.31083303185699407,0.008124900049911074,True
pr,biobert,30,pool_cls,half,1000,31.988273799660437,33.87951666366299,1.8912428640025531,0.05912300475628132,True
pr,biobert,31,pool_cls,half,1000,29.612979578572112,31.31526895158328,1.702289373011169,0.057484569173273665,True
pr,biobert,32,pool_cls,half,1000,37.782401703145815,38.670425671069225,0.8880239679234094,0.023503639998869404,True
pr,biobert,33,pool_cls,half,1000,32.27874165318731,36.74664225597924,4.467900602791929,0.13841619511678682,True
pr,biobert,34,pool_cls,half,1000,40.94096742017719,37.07463745573039,-3.8663299644467983,-0.09443670260076295,True
pr,biobert,35,pool_cls,half,1000,37.735204570793236,32.13087042894191,-5.604334141851325,-0.14851739126886931,True
pr,biobert,36,pool_cls,half,1000,37.74883068029711,37.87209412152346,0.12326344122634936,0.003265357866851392,True
gap_25,bert,11,pool_cls,half,1000,0.1163833825408935,0.1583549781516158,0.041971595610722306,0.36063220276292274,True
gap_25,bert,12,pool_cls,half,1000,0.11427671733551949,0.12753592389952553,0.013259206564006046,0.11602719148010406,True
gap_25,bert,13,pool_cls,half,1000,0.1061708152533334,0.15190324494473634,0.04573242969140294,0.4307438874071102,True
gap_25,bert,14,pool_cls,half,1000,0.14157162632250775,0.12422473614328744,-0.01734689017922031,-0.12253083919303974,True
gap_25,bert,15,pool_cls,half,1000,0.06162018388811483,0.13149105360814115,0.06987086972002632,1.1338958326851547,True
gap_25,bert,16,pool_cls,half,1000,0.055353810545134455,0.11840620239084541,0.06305239184571096,1.1390795181896145,True
gap_25,bert,17,pool_cls,half,1000,0.10687417100581756,0.1335283578049373,0.02665418679911974,0.2493978343716823,True
gap_25,bert,18,pool_cls,half,1000,0.0885714085512429,0.1336585317743432,0.045087123223100295,0.5090482804844995,True
gap_25,bert,19,pool_cls,half,1000,0.08340267737908025,0.1255128168627142,0.04211013948363396,0.5049015308253926,True
gap_25,bert,20,pool_cls,half,1000,0.11798574845189948,0.14089261057645702,0.022906862124557545,0.1941493987631585,True
gap_25,bert,21,pool_cls,half,1000,0.024931683286315048,0.07068456141737957,0.04575287813106452,1.8351299270746866,True
gap_25,bert,22,pool_cls,half,1000,0.11362123267235497,0.17540840793630136,0.06178717526394639,0.543799550583293,True
gap_25,bert,23,pool_cls,half,1000,0.10051838320790153,0.13668287923450054,0.036164496026599005,0.35977992156718447,True
gap_25,bert,24,pool_cls,half,1000,0.07326137054224,0.11400690027091509,0.040745529728675095,0.5561666322524313,True
gap_25,bert,25,pool_cls,half,1000,0.1292324924648751,0.13168681744197414,0.0024543249770990483,0.01899154717430003,True
gap_25,bert,26,pool_cls,half,1000,0.03350837966313922,0.07016140722560711,0.03665302756246789,1.0938466118308885,True
gap_25,bert,27,pool_cls,half,1000,0.09746075533744594,0.1528432598364781,0.05538250449903215,0.5682544148901474,True
gap_25,bert,28,pool_cls,half,1000,0.06338091355208013,0.13304211737162513,0.069661203819545,1.0990880363739843,True
gap_25,bert,29,pool_cls,half,1000,0.05749523795206554,0.11391101997391766,0.056415782021852115,0.9812252985001404,True
gap_25,bert,30,pool_cls,half,1000,0.030622396558729035,0.08005322369844627,0.049430827139717234,1.6142050490697726,True
gap_25,bert,31,pool_cls,half,1000,0.08806851789030154,0.13871609276780628,0.050647574877504736,0.575092849190349,True
gap_25,bert,32,pool_cls,half,1000,0.11879333350266454,0.107458207703017,-0.01133512579964753,-0.09541887129039343,True
gap_25,bert,33,pool_cls,half,1000,0.12867621605920387,0.1269895199196284,-0.0016866961395754776,-0.013108064498877007,True
gap_25,bert,34,pool_cls,half,1000,0.10994197529554832,0.12944650923615295,0.019504533940604626,0.1774075269083726,True
gap_25,bert,35,pool_cls,half,1000,0.10506947108519142,0.12536102693278914,0.020291555847597717,0.19312513557001837,True
gap_25,bert,36,pool_cls,half,1000,0.11683153553659482,0.16918948258129707,0.052357947044702244,0.44814909608290054,True
gap_25,scibert,11,pool_cls,half,1000,0.13472095908309253,0.13105584201919476,-0.0036651170638977715,-0.02720524771232677,True
gap_25,scibert,12,pool_cls,half,1000,0.12365121839497452,0.0907556545180632,-0.032895563876911324,-0.2660350969760301,True
gap_25,scibert,13,pool_cls,half,1000,0.14554833556947228,0.08983044518429031,-0.05571789038518196,-0.38281365545803187,True
gap_25,scibert,14,pool_cls,half,1000,0.06886428187984793,0.06142792844402845,-0.0074363534358194774,-0.10798563831383845,True
gap_25,scibert,15,pool_cls,half,1000,0.10114957172711433,0.14166408048191934,0.040514508754805,0.4005405862133236,True
gap_25,scibert,16,pool_cls,half,1000,0.07549852811610361,0.10949136763709544,0.03399283952099183,0.4502450626417081,True
gap_25,scibert,17,pool_cls,half,1000,0.11188453895773985,0.09697797652185795,-0.014906562435881898,-0.13323165626586073,True
gap_25,scibert,18,pool_cls,half,1000,0.14089851112537416,0.09625435729310469,-0.04464415383226947,-0.31685326889326926,True
gap_25,scibert,19,pool_cls,half,1000,0.10265403108946612,0.08941128518282791,-0.01324274590663821,-0.12900366177628964,True
gap_25,scibert,20,pool_cls,half,1000,0.0750755641815292,0.06303910488694557,-0.012036459294583635,-0.1603245933054867,True
gap_25,scibert,21,pool_cls,half,1000,0.08865156211633232,0.046474228717475585,-0.04217733339885674,-0.47576525886266796,True
gap_25,scibert,22,pool_cls,half,1000,0.13025816171808716,0.11442099514627603,-0.015837166571811126,-0.12158291168032073,True
gap_25,scibert,23,pool_cls,half,1000,0.10248708152194673,0.08382759940565895,-0.018659482116287776,-0.1820666745427033,True
gap_25,scibert,24,pool_cls,half,1000,0.11500465485038325,0.07518128510934165,-0.0398233697410416,-0.3462761554551884,True
gap_25,scibert,25,pool_cls,half,1000,0.16620689972196026,0.15075411874166122,-0.015452780980299036,-0.09297316180103997,True
gap_25,scibert,26,pool_cls,half,1000,0.054530130545024764,0.0762452824523126,0.021715151907287837,0.39822299507165015,True
gap_25,scibert,27,pool_cls,half,1000,0.15971237893887938,0.0799306251032087,-0.07978175383567068,-0.4995339394838174,True
gap_25,scibert,28,pool_cls,half,1000,0.11022987264730709,0.08268700558314834,-0.027542867064158746,-0.24986753955785884,True
gap_25,scibert,29,pool_cls,half,1000,0.08151294877730451,0.0901738616427959,0.00866091286549138,0.10625198812465021,True
gap_25,scibert,30,pool_cls,half,1000,0.04582238659825947,0.05867101926718093,0.012848632668921459,0.2804007740052873,True
gap_25,scibert,31,pool_cls,half,1000,0.07598554408475078,0.08896408836235614,0.012978544277605364,0.17080280774366363,True
gap_25,scibert,32,pool_cls,half,1000,0.13572562949488284,0.05948809213065551,-0.07623753736422734,-0.5617033249206751,True
gap_25,scibert,33,pool_cls,half,1000,0.09567226038398134,0.0851200891143006,-0.010552171269680735,-0.11029499279445804,True
gap_25,scibert,34,pool_cls,half,1000,0.12609250600112273,0.05991047967343777,-0.06618202632768497,-0.5248688318328425,True
gap_25,scibert,35,pool_cls,half,1000,0.1284414684585796,0.052455057978916975,-0.07598641047966262,-0.5916034080859724,True
gap_25,scibert,36,pool_cls,half,1000,0.12573288421735654,0.06102631927440348,-0.06470656494295306,-0.5146351755607048,True
gap_25,pubmedbert,11,pool_cls,half,1000,0.13716781699874586,0.1253921723159195,-0.011775644682826353,-0.08584845148431587,True
gap_25,pubmedbert,12,pool_cls,half,1000,0.1128205900219346,0.10471870906151061,-0.008101880960423996,-0.0718120775547161,True
gap_25,pubmedbert,13,pool_cls,half,1000,0.14085618466126446,0.09805164604473046,-0.042804538616533994,-0.30388824402330467,True
gap_25,pubmedbert,14,pool_cls,half,1000,0.12333464846780583,0.08150428158290493,-0.041830366884900896,-0.3391615203396791,True
gap_25,pubmedbert,15,pool_cls,half,1000,0.10078494437579466,0.1803558716639408,0.07957092728814613,0.7895120425075766,True
gap_25,pubmedbert,16,pool_cls,half,1000,0.08048570747654392,0.09250879492667098,0.012023087450127062,0.14938164584850014,True
gap_25,pubmedbert,17,pool_cls,half,1000,0.12933725129193402,0.11129918460376298,-0.01803806668817104,-0.13946536290195588,True
gap_25,pubmedbert,18,pool_cls,half,1000,0.11623768857116597,0.11056798256457098,-0.005669706006594985,-0.04877683027156665,True
gap_25,pubmedbert,19,pool_cls,half,1000,0.10920483533860978,0.10072059613446102,-0.008484239204148758,-0.0776910580730405,True
gap_25,pubmedbert,20,pool_cls,half,1000,0.11630352387423039,0.08462823085436617,-0.031675293019864215,-0.27235024326621093,True
gap_25,pubmedbert,21,pool_cls,half,1000,0.030872837881841763,0.04782517810130126,0.0169523402194595,0.5491021034198552,True
gap_25,pubmedbert,22,pool_cls,half,1000,0.14264012034678641,0.12491104379995352,-0.017729076546832895,-0.1242923555008927,True
gap_25,pubmedbert,23,pool_cls,half,1000,0.11564354552614994,0.102250273132622,-0.013393272393527944,-0.11581513116527013,True
gap_25,pubmedbert,24,pool_cls,half,1000,0.12793047690674672,0.10654144686803652,-0.021389030038710205,-0.16719260770286554,True
gap_25,pubmedbert,25,pool_cls,half,1000,0.17087964657363053,0.1638814781660693,-0.006998168407561234,-0.04095378559052546,True
gap_25,pubmedbert,26,pool_cls,half,1000,0.050292991329241414,0.0618014399983496,0.011508448669108183,0.22882808051262057,True
gap_25,pubmedbert,27,pool_cls,half,1000,0.16612466318055383,0.10870971888197702,-0.05741494429857681,-0.3456136084753108,True
gap_25,pubmedbert,28,pool_cls,half,1000,0.09588378105248073,0.0972440456609015,0.001360264608420772,0.014186597498447095,True
gap_25,pubmedbert,29,pool_cls,half,1000,0.0909494956164602,0.10514365828619417,0.014194162669733973,0.15606642536635562,True
gap_25,pubmedbert,30,pool_cls,half,1000,0.05123593301851105,0.060807543342994055,0.009571610324483004,0.18681440466839694,True
gap_25,pubmedbert,31,pool_cls,half,1000,0.11546359780995959,0.13515114794982452,0.019687550139864937,0.17050871888011393,True
gap_25,pubmedbert,32,pool_cls,half,1000,0.12064353154156525,0.09786934641088885,-0.022774185130676403,-0.1887725337585134,True
gap_25,pubmedbert,33,pool_cls,half,1000,0.1279200678275143,0.11107843851038121,-0.016841629317133094,-0.1316574451777349,True
gap_25,pubmedbert,34,pool_cls,half,1000,0.1305474736678876,0.08022397679872846,-0.05032349686915914,-0.3854804344753693,True
gap_25,pubmedbert,35,pool_cls,half,1000,0.14395833183303652,0.08392102522861737,-0.06003730660441915,-0.4170464178068601,True
gap_25,pubmedbert,36,pool_cls,half,1000,0.12023062546159118,0.08241261286253239,-0.03781801259905879,-0.31454558648320524,True
gap_25,biobert,11,pool_cls,half,1000,0.14103312186617337,0.1577937224756268,0.016760600609453447,0.1188415911643622,True
gap_25,biobert,12,pool_cls,half,1000,0.10162686939645933,0.10508313232398336,0.0034562629275240314,0.034009341703134736,True
gap_25,biobert,13,pool_cls,half,1000,0.1648774528356348,0.1339027493987471,-0.030974703436887685,-0.1878650046090059,True
gap_25,biobert,14,pool_cls,half,1000,0.10875902230510755,0.12182116695226929,0.013062144647161739,0.12010171083110512,True
gap_25,biobert,15,pool_cls,half,1000,0.09547479231717575,0.14636335943987755,0.0508885671227018,0.5330052664963696,True
gap_25,biobert,16,pool_cls,half,1000,0.07461463363226419,0.09749896539208969,0.022884331759825502,0.3067003166243527,True
gap_25,biobert,17,pool_cls,half,1000,0.13209837253689619,0.09147658643379519,-0.04062178610310099,-0.3075116318465997,True
gap_25,biobert,18,pool_cls,half,1000,0.11181365687529626,0.12811426437299261,0.01630060749769635,0.1457836900538556,True
gap_25,biobert,19,pool_cls,half,1000,0.10630492363755675,0.11750878860279328,0.011203864965236524,0.10539365987821735,True
gap_25,biobert,20,pool_cls,half,1000,0.10163729466950312,0.1303685950477824,0.02873130037827927,0.2826846235105495,True
gap_25,biobert,21,pool_cls,half,1000,0.0316534501926952,0.045468489150850715,0.013815038958155515,0.436446544501606,True
gap_25,biobert,22,pool_cls,half,1000,0.13648451744138554,0.15237786920463134,0.0158933517632458,0.11644801960831445,True
gap_25,biobert,23,pool_cls,half,1000,0.11557327243800763,0.12664532599484757,0.011072053556839934,0.09580115993322655,True
gap_25,biobert,24,pool_cls,half,1000,0.1377703522785208,0.12790384424972864,-0.00986650802879216,-0.07161561152754928,True
gap_25,biobert,25,pool_cls,half,1000,0.17556601721758403,0.18540562405361394,0.009839606836029913,0.05604505354721013,True
gap_25,biobert,26,pool_cls,half,1000,0.07873345893373448,0.08152201012972762,0.0027885511959931386,0.03541761322006829,True
gap_25,biobert,27,pool_cls,half,1000,0.1917296578416673,0.14082290010824142,-0.05090675773342587,-0.2655132143169279,True
gap_25,biobert,28,pool_cls,half,1000,0.0961631629303001,0.1094126529663513,0.013249490036051206,0.13778134612371842,True
gap_25,biobert,29,pool_cls,half,1000,0.08633923448925292,0.10137454053640858,0.015035306047155667,0.1741422209276964,True
gap_25,biobert,30,pool_cls,half,1000,0.051967177019090045,0.06165926793923987,0.009692090920149825,0.18650408731244827,True
gap_25,biobert,31,pool_cls,half,1000,0.11030464334079339,0.12465997775953803,0.014355334418744647,0.13014261216903542,True
gap_25,biobert,32,pool_cls,half,1000,0.13772200347750616,0.14503927662009938,0.007317273142593228,0.05313074859376659,True
gap_25,biobert,33,pool_cls,half,1000,0.13280880745022794,0.15020103397910708,0.017392226528879146,0.13095687599933564,True
gap_25,biobert,34,pool_cls,half,1000,0.13509311555736658,0.13294766283206066,-0.0021454527253059186,-0.01588128837249936,True
gap_25,biobert,35,pool_cls,half,1000,0.1299534185852347,0.10304884805493983,-0.02690457053029488,-0.20703241840958983,True
gap_25,biobert,36,pool_cls,half,1000,0.13278672390598298,0.15254272641727915,0.019756002511296167,0.14877995277060993,True
angle_p50,bert,11,pool_sep,half,1000,33.4740940608631,42.957983702840465,9.483889641977363,0.2833202782047996,True
angle_p50,bert,12,pool_sep,half,1000,37.1720886745113,49.27911985099975,12.107031176488448,0.3257022031368975,True
angle_p50,bert,13,pool_sep,half,1000,32.112485836214816,38.42808823793987,6.315602401725052,0.1966712397768546,True
angle_p50,bert,14,pool_sep,half,1000,33.3223196481663,41.84997047926416,8.527650831097858,0.2559140816466878,True
angle_p50,bert,15,pool_sep,half,1000,31.36286344836983,37.707969325522136,6.345105877152307,0.2023127093480398,True
angle_p50,bert,16,pool_sep,half,1000,32.26059354639184,44.583538019912005,12.322944473520167,0.38198133136637274,True
angle_p50,bert,17,pool_sep,half,1000,33.01678204450554,38.07918349012707,5.062401445621532,0.1533281298824816,True
angle_p50,bert,18,pool_sep,half,1000,33.31063359247873,40.256796883090615,6.946163290611885,0.2085269039187616,True
angle_p50,bert,19,pool_sep,half,1000,33.976661825967014,42.29182374367046,8.315161917703449,0.24473157369887646,True
angle_p50,bert,20,pool_sep,half,1000,34.412473495954636,44.07383708910042,9.661363593145786,0.2807517917676429,True
angle_p50,bert,21,pool_sep,half,1000,34.57694193560855,41.62110572490573,7.04416378929718,0.2037243143831309,True
angle_p50,bert,22,pool_sep,half,1000,33.501973471917786,38.76194129990601,5.259967827988227,0.15700471592807114,True
angle_p50,bert,23,pool_sep,half,1000,34.658971587745555,42.99236125072727,8.333389662981716,0.24043961148368784,True
angle_p50,bert,24,pool_sep,half,1000,29.09761865470987,35.63597840595043,6.538359751240563,0.22470429036921324,True
angle_p50,bert,25,pool_sep,half,1000,30.22933590567019,36.250174029446256,6.020838123776066,0.199172027548469,True
angle_p50,bert,26,pool_sep,half,1000,34.78369714333313,46.76015173050655,11.976454587173421,0.34431229486106846,True
angle_p50,bert,27,pool_sep,half,1000,30.96522779724067,38.58109210796601,7.615864310725339,0.24594891923914713,True
angle_p50,bert,28,pool_sep,half,1000,31.338052909277412,36.10076749968479,4.762714590407381,0.15197863773461856,True
angle_p50,bert,29,pool_sep,half,1000,32.88867661440058,41.574111278481325,8.685434664080745,0.26408586657079886,True
angle_p50,bert,30,pool_sep,half,1000,32.29328168181265,43.385336906905955,11.092055225093304,0.34347872521547634,True
angle_p50,bert,31,pool_sep,half,1000,31.93778620542843,39.025491316817,7.087705111388573,0.22192224175462366,True
angle_p50,bert,32,pool_sep,half,1000,32.47310703155337,40.7524339451542,8.279326913600833,0.25495949326795253,True
angle_p50,bert,33,pool_sep,half,1000,36.62301770095496,48.30271269022714,11.679694989272178,0.3189167830090535,True
angle_p50,bert,34,pool_sep,half,1000,30.516835799587295,39.148393123655595,8.6315573240683,0.28284575048193666,True
angle_p50,bert,35,pool_sep,half,1000,29.380115873455942,36.819324193257515,7.439208319801573,0.2532055473110872,True
angle_p50,bert,36,pool_sep,half,1000,33.746612216865834,43.755588144507335,10.008975927641501,0.29659202124707584,True
angle_p50,scibert,11,pool_sep,half,1000,35.275096012591696,42.79966725839657,7.5245712458048715,0.2133111485541789,True
angle_p50,scibert,12,pool_sep,half,1000,34.5343273905953,41.43426437918323,6.899936988587932,0.19979937383888313,True
angle_p50,scibert,13,pool_sep,half,1000,35.277464110978656,43.10993813295947,7.832474021980815,0.22202485976148384,True
angle_p50,scibert,14,pool_sep,half,1000,34.15327916966049,41.87489510320544,7.721615933544946,0.22608710265233675,True
angle_p50,scibert,15,pool_sep,half,1000,32.842482226210336,40.22986758943074,7.387385363220403,0.2249338315032964,True
angle_p50,scibert,16,pool_sep,half,1000,34.8071966476012,42.02486494184266,7.217668294241456,0.20736137895031756,True
angle_p50,scibert,17,pool_sep,half,1000,34.04291515710413,42.325386547548156,8.282471390444023,0.24329501020172248,True
angle_p50,scibert,18,pool_sep,half,1000,34.3503929933439,43.35826963856364,9.007876645219739,0.2622350389692834,True
angle_p50,scibert,19,pool_sep,half,1000,34.39705852756168,41.72618542408565,7.329126896523967,0.2130742339683285,True
angle_p50,scibert,20,pool_sep,half,1000,34.74738499352073,42.929219126181806,8.181834132661074,0.2354661835469553,True
angle_p50,scibert,21,pool_sep,half,1000,34.868684162091384,43.14377413330565,8.275089971214264,0.23732154424716706,True
angle_p50,scibert,22,pool_sep,half,1000,34.64656715911553,42.41767037731989,7.77110321820436,0.22429648462762,True
angle_p50,scibert,23,pool_sep,half,1000,35.2695368848853,43.68174037555135,8.412203490666052,0.2385118783419889,True
angle_p50,scibert,24,pool_sep,half,1000,34.30429884243353,41.738697613650054,7.434398771216522,0.2167191583003691,True
angle_p50,scibert,25,pool_sep,half,1000,33.014021139391886,40.03809799702187,7.024076857629986,0.21276041558139525,True
angle_p50,scibert,26,pool_sep,half,1000,35.54414484285916,41.770918944030306,6.226774101171145,0.17518424282535827,True
angle_p50,scibert,27,pool_sep,half,1000,35.470235586337736,42.84090564689864,7.370670060560904,0.20779873431119542,True
angle_p50,scibert,28,pool_sep,half,1000,34.70501758160655,42.73546620536783,8.03044862376128,0.23139157341955563,True
angle_p50,scibert,29,pool_sep,half,1000,35.35910152153083,43.59838002968083,8.23927850815,0.23301719086761713,True
angle_p50,scibert,30,pool_sep,half,1000,35.60411529531138,42.85115506353752,7.247039768226138,0.20354500338281073,True
angle_p50,scibert,31,pool_sep,half,1000,34.600411789877974,41.52583227014809,6.92542048027012,0.2001542791550269,True
angle_p50,scibert,32,pool_sep,half,1000,34.90338831100612,42.990356030808826,8.086967719802708,0.23169577829361157,True
angle_p50,scibert,33,pool_sep,half,1000,35.10155735143556,42.817880785823995,7.7163234343884355,0.21982852091526528,True
angle_p50,scibert,34,pool_sep,half,1000,34.26212846006678,41.28271497359433,7.020586513527547,0.20490806698451866,True
angle_p50,scibert,35,pool_sep,half,1000,32.44234631264522,37.91100043270717,5.468654120061949,0.16856530866666702,True
angle_p50,scibert,36,pool_sep,half,1000,35.51261632091499,43.578164944926556,8.06554862401157,0.2271178375348651,True
angle_p50,pubmedbert,11,pool_sep,half,1000,10.151719933374805,8.779296950927991,-1.372422982446814,-0.13519117858392002,True
angle_p50,pubmedbert,12,pool_sep,half,1000,10.12042803694397,8.670393849019595,-1.4500341879243752,-0.14327795056010664,True
angle_p50,pubmedbert,13,pool_sep,half,1000,10.23180517110735,9.115800085531237,-1.1160050855761128,-0.10907215949806164,True
angle_p50,pubmedbert,14,pool_sep,half,1000,9.77926457881046,8.255638521058852,-1.523626057751608,-0.15580170118855097,True
angle_p50,pubmedbert,15,pool_sep,half,1000,9.593033938100527,8.472908092427625,-1.1201258456729022,-0.1167645035867238,True
angle_p50,pubmedbert,16,pool_sep,half,1000,10.428102570388036,9.069646410375398,-1.3584561600126381,-0.13026877620768254,True
angle_p50,pubmedbert,17,pool_sep,half,1000,9.855384219688196,8.365240207121058,-1.4901440125671375,-0.15120100640929476,True
angle_p50,pubmedbert,18,pool_sep,half,1000,10.02164544752445,8.542933317408957,-1.4787121301154933,-0.14755183047118925,True
angle_p50,pubmedbert,19,pool_sep,half,1000,9.869465468132082,8.495693532230176,-1.3737719359019067,-0.13919415801572382,True
angle_p50,pubmedbert,20,pool_sep,half,1000,10.001754686779273,8.467014066476036,-1.5347406203032374,-0.15344713686408645,True
angle_p50,pubmedbert,21,pool_sep,half,1000,10.201885271751662,8.787690819333285,-1.4141944524183767,-0.13862089356505378,True
angle_p50,pubmedbert,22,pool_sep,half,1000,10.102400200627132,8.694811746432803,-1.4075884541943289,-0.13933208210331532,True
angle_p50,pubmedbert,23,pool_sep,half,1000,10.202596885625251,8.842243149437827,-1.3603537361874238,-0.13333406694760896,True
angle_p50,pubmedbert,24,pool_sep,half,1000,9.800368151769703,8.77176882944295,-1.0285993223267536,-0.10495517172393305,True
angle_p50,pubmedbert,25,pool_sep,half,1000,9.697698034895161,8.677415329999388,-1.0202827048957737,-0.10520875172896674,True
angle_p50,pubmedbert,26,pool_sep,half,1000,10.587714977192533,9.121235408787346,-1.4664795684051875,-0.13850765453775402,True
angle_p50,pubmedbert,27,pool_sep,half,1000,10.109533087015858,9.155436165716534,-0.9540969212993247,-0.0943759630723911,True
angle_p50,pubmedbert,28,pool_sep,half,1000,10.005891945957275,8.850097659856846,-1.155794286100429,-0.11551136993513203,True
angle_p50,pubmedbert,29,pool_sep,half,1000,10.103399571651282,8.913818198747764,-1.1895813729035183,-0.11774070345998354,True
angle_p50,pubmedbert,30,pool_sep,half,1000,10.326541410553869,8.870042121032922,-1.4564992895209468,-0.1410442501138265,True
angle_p50,pubmedbert,31,pool_sep,half,1000,10.017449527575893,8.952795268790302,-1.0646542587855912,-0.10627997234773442,True
angle_p50,pubmedbert,32,pool_sep,half,1000,10.08332498600992,8.81012448481479,-1.2732005011951308,-0.1262679228291887,True
angle_p50,pubmedbert,33,pool_sep,half,1000,10.319987026161167,8.853175518271447,-1.4668115078897195,-0.14213307673462694,True
angle_p50,pubmedbert,34,pool_sep,half,1000,9.773074057371746,8.574645397849936,-1.1984286595218094,-0.12262555798580539,True
angle_p50,pubmedbert,35,pool_sep,half,1000,9.307525648982583,8.100960583510195,-1.2065650654723878,-0.12963327859368068,True
angle_p50,pubmedbert,36,pool_sep,half,1000,10.327481512907664,8.945793538349813,-1.3816879745578508,-0.1337875040329016,True
angle_p50,biobert,11,pool_sep,half,1000,22.998907369276605,46.174635244412826,23.17572787513622,1.0076882133146823,True
angle_p50,biobert,12,pool_sep,half,1000,24.719846238065315,48.4389767242902,23.719130486224884,0.9595177193982922,True
angle_p50,biobert,13,pool_sep,half,1000,22.26009588923367,45.941353208278485,23.681257319044814,1.0638434549825324,True
angle_p50,biobert,14,pool_sep,half,1000,23.148806812773145,46.66904782310912,23.520241010335972,1.0160455007710323,True
angle_p50,biobert,15,pool_sep,half,1000,21.849858982270533,43.715634965664634,21.8657759833941,1.000728471572127,True
angle_p50,biobert,16,pool_sep,half,1000,23.68777502709417,45.173294838842644,21.485519811748475,0.9070298830165878,True
angle_p50,biobert,17,pool_sep,half,1000,22.49488812417078,45.78216306391144,23.28727493974066,1.0352251947729607,True
angle_p50,biobert,18,pool_sep,half,1000,23.394023856425555,48.11318891224838,24.719165055822828,1.056644432250303,True
angle_p50,biobert,19,pool_sep,half,1000,22.68825223231976,45.59979391983217,22.911541687512415,1.0098416331459228,True
angle_p50,biobert,20,pool_sep,half,1000,23.664495341706356,47.62818345540168,23.963688113695326,1.0126431080683842,True
angle_p50,biobert,21,pool_sep,half,1000,23.147332006895166,47.45052279740225,24.303190790507085,1.0499348600204814,True
angle_p50,biobert,22,pool_sep,half,1000,22.903831010440136,46.95620943313869,24.052378422698553,1.0501465196689095,True
angle_p50,biobert,23,pool_sep,half,1000,23.285526828659822,47.68429160469893,24.398764776039105,1.047808149481467,True
angle_p50,biobert,24,pool_sep,half,1000,21.256165237601177,44.176735772070764,22.920570534469586,1.0783022374103564,True
angle_p50,biobert,25,pool_sep,half,1000,21.647938436572378,42.608134947995204,20.960196511422826,0.9682306041674772,True
angle_p50,biobert,26,pool_sep,half,1000,24.29520416048404,44.108042343712235,19.812838183228195,0.8155040827133127,True
angle_p50,biobert,27,pool_sep,half,1000,22.333980895194895,47.14980627871327,24.815825383518376,1.111124143070143,True
angle_p50,biobert,28,pool_sep,half,1000,22.198304336145902,47.63766401195108,25.43935967580518,1.1460046357857077,True
angle_p50,biobert,29,pool_sep,half,1000,22.81496172620284,47.2042696687255,24.389307942522663,1.0690049904625392,True
angle_p50,biobert,30,pool_sep,half,1000,23.136371218956167,46.50790747588225,23.37153625692608,1.0101643008639678,True
angle_p50,biobert,31,pool_sep,half,1000,22.81365756524477,45.42653687506552,22.61287930982075,0.9911992079810169,True
angle_p50,biobert,32,pool_sep,half,1000,23.43005165799072,48.15513799253691,24.725086334546187,1.055272378202965,True
angle_p50,biobert,33,pool_sep,half,1000,24.74281888081414,49.58891208750423,24.846093206690085,1.0041739110799548,True
angle_p50,biobert,34,pool_sep,half,1000,21.951963446775114,45.33854414401018,23.386580697235065,1.065352571032579,True
angle_p50,biobert,35,pool_sep,half,1000,21.01675727465028,43.49086023014679,22.474102955496505,1.0693420807882683,True
angle_p50,biobert,36,pool_sep,half,1000,24.10482557322592,49.759988915210705,25.655163341984785,1.0643164898268702,True
pr,bert,11,pool_sep,half,1000,29.859579883176295,7.354701543601807,-22.50487833957449,-0.753690387728943,True
pr,bert,12,pool_sep,half,1000,38.72593046698273,6.22798606744372,-32.49794439953901,-0.8391778843699151,True
pr,bert,13,pool_sep,half,1000,20.18991042458642,6.887685854271377,-13.302224570315042,-0.6588550563412187,True
pr,bert,14,pool_sep,half,1000,32.70559754954608,8.45034355142493,-24.255253998121148,-0.7416239364340184,True
pr,bert,15,pool_sep,half,1000,17.47295747144375,4.010557458433078,-13.462400013010672,-0.7704705992109477,True
pr,bert,16,pool_sep,half,1000,12.313855840515085,2.624620519344698,-9.689235321170386,-0.7868563223950402,True
pr,bert,17,pool_sep,half,1000,26.31153590233202,7.3928712354414365,-18.918664666890585,-0.7190254775364064,True
pr,bert,18,pool_sep,half,1000,27.019541883498622,7.90548973604262,-19.114052147456,-0.7074158484948013,True
pr,bert,19,pool_sep,half,1000,25.945689747622524,7.6050773075338,-18.340612440088723,-0.7068847511278564,True
pr,bert,20,pool_sep,half,1000,34.1992781087552,6.617243025342823,-27.58203508341238,-0.8065092776432385,True
pr,bert,21,pool_sep,half,1000,14.577172799731242,6.351143830010052,-8.22602896972119,-0.564308942669106,True
pr,bert,22,pool_sep,half,1000,29.540790739174103,6.6723682171865955,-22.868422521987508,-0.7741303448475957,True
pr,bert,23,pool_sep,half,1000,30.253773613996504,10.080548506402131,-20.173225107594373,-0.6668002929149143,True
pr,bert,24,pool_sep,half,1000,16.862353900448525,7.4022858662273565,-9.46006803422117,-0.5610170495810516,True
pr,bert,25,pool_sep,half,1000,24.791504893242344,4.019158811901364,-20.77234608134098,-0.8378816118985619,True
pr,bert,26,pool_sep,half,1000,11.001746635831637,2.886652953375946,-8.11509368245569,-0.7376186664784304,True
pr,bert,27,pool_sep,half,1000,24.045458986344507,6.220934320300248,-17.82452466604426,-0.7412844427784416,True
pr,bert,28,pool_sep,half,1000,18.53917624631295,7.0558851523902595,-11.483291093922691,-0.6194067601146235,True
pr,bert,29,pool_sep,half,1000,20.467167439005085,6.567390279405982,-13.899777159599102,-0.6791255898512732,True
pr,bert,30,pool_sep,half,1000,17.0232807028026,3.7812658347413657,-13.242014868061236,-0.7778767852827074,True
pr,bert,31,pool_sep,half,1000,23.462187626593106,3.7224857950229677,-19.739701831570137,-0.8413410610183795,True
pr,bert,32,pool_sep,half,1000,29.546751591695724,7.262782757911802,-22.283968833783923,-0.7541935283351743,True
pr,bert,33,pool_sep,half,1000,35.576497678184296,7.147962327307954,-28.42853535087634,-0.7990818997427304,True
pr,bert,34,pool_sep,half,1000,24.602260151198706,7.588594260878643,-17.013665890320063,-0.6915488977743819,True
pr,bert,35,pool_sep,half,1000,24.26538948566832,5.6404013438395095,-18.62498814182881,-0.7675536447840304,True
pr,bert,36,pool_sep,half,1000,31.11743025475397,6.992918088520509,-24.124512166233462,-0.7752732783115288,True
pr,scibert,11,pool_sep,half,1000,40.288372599805015,33.05913188121299,-7.229240718592024,-0.17943739724614768,True
pr,scibert,12,pool_sep,half,1000,36.97317309977086,27.70074908990372,-9.27242400986714,-0.2507878884196879,True
pr,scibert,13,pool_sep,half,1000,42.12597611254806,33.5572297448537,-8.56874636769436,-0.2034076633571937,True
pr,scibert,14,pool_sep,half,1000,35.85807946481962,27.03200593393429,-8.826073530885328,-0.24613904767388878,True
pr,scibert,15,pool_sep,half,1000,35.08910487594449,30.567092109725913,-4.52201276621858,-0.12887227480455532,True
pr,scibert,16,pool_sep,half,1000,27.194512219514223,28.26432970660202,1.0698174870877963,0.03933946225812858,True
pr,scibert,17,pool_sep,half,1000,43.264799760626275,25.570988420329453,-17.693811340296822,-0.4089655201963819,True
pr,scibert,18,pool_sep,half,1000,42.21350589530432,30.75613718104102,-11.457368714263303,-0.27141476338589965,True
pr,scibert,19,pool_sep,half,1000,31.16556110957009,29.611025002419744,-1.5545361071503443,-0.049879933227738,True
pr,scibert,20,pool_sep,half,1000,38.35455358319952,26.465713998615243,-11.888839584584275,-0.30997204957150004,True
pr,scibert,21,pool_sep,half,1000,23.958129599235566,21.57828187405544,-2.3798477251801273,-0.09933361931793129,True
pr,scibert,22,pool_sep,half,1000,44.0627207038923,29.886045934911103,-14.1766747689812,-0.3217385250504719,True
pr,scibert,23,pool_sep,half,1000,37.172715970159054,30.603500458926842,-6.569215511232212,-0.1767214296772328,True
pr,scibert,24,pool_sep,half,1000,35.843103516310094,28.325688247559004,-7.5174152687510905,-0.20973114856893896,True
pr,scibert,25,pool_sep,half,1000,39.266030226697445,29.03801402367364,-10.228016203023806,-0.26048001654289094,True
pr,scibert,26,pool_sep,half,1000,32.405321887270674,24.855261387470065,-7.550060499800608,-0.23298828896269635,True
pr,scibert,27,pool_sep,half,1000,40.159411709076295,33.017220214910246,-7.142191494166049,-0.1778460189084858,True
pr,scibert,28,pool_sep,half,1000,40.118755260476824,31.907108850391523,-8.2116464100853,-0.20468347925477742,True
pr,scibert,29,pool_sep,half,1000,35.776315366403686,30.79207096270048,-4.984244403703208,-0.1393168735420904,True
pr,scibert,30,pool_sep,half,1000,29.478578538983754,27.304727567445948,-2.1738509715378065,-0.07374341231084162,True
pr,scibert,31,pool_sep,half,1000,37.20673238598498,29.693219185718448,-7.51351320026653,-0.20193961464610416,True
pr,scibert,32,pool_sep,half,1000,36.92645124923858,27.678928471130575,-9.247522778108006,-0.2504308555320135,True
pr,scibert,33,pool_sep,half,1000,37.09747996158945,27.8406072993337,-9.256872662255748,-0.24952834186689418,True
pr,scibert,34,pool_sep,half,1000,34.22214931529555,32.74007651842228,-1.4820727968732754,-0.04330741424855115,True
pr,scibert,35,pool_sep,half,1000,33.23559849921768,28.985770656914077,-4.249827842303603,-0.12786975514834306,True
pr,scibert,36,pool_sep,half,1000,34.578089372410666,26.54070846302009,-8.037380909390578,-0.23244144067148725,True
pr,pubmedbert,11,pool_sep,half,1000,30.88185038688418,46.773144317928036,15.891293931043855,0.5145836059678937,True
pr,pubmedbert,12,pool_sep,half,1000,25.33166873428872,42.30955072078509,16.97788198649637,0.6702235910544362,True
pr,pubmedbert,13,pool_sep,half,1000,35.20997829631776,63.07109005786899,27.861111761551236,0.7912845480073737,True
pr,pubmedbert,14,pool_sep,half,1000,30.26453461169877,50.56047640456103,20.29594179286226,0.6706180039859874,True
pr,pubmedbert,15,pool_sep,half,1000,29.306065552883346,33.79719746306755,4.491131910184201,0.15324922760716103,True
pr,pubmedbert,16,pool_sep,half,1000,24.565987964490752,31.68263340304991,7.116645438559157,0.28969506330647116,True
pr,pubmedbert,17,pool_sep,half,1000,33.15509067616741,46.16468995177308,13.009599275605666,0.39238617691241134,True
pr,pubmedbert,18,pool_sep,half,1000,32.767975677584914,50.013477862885,17.245502185300083,0.5262913508904046,True
pr,pubmedbert,19,pool_sep,half,1000,29.157417068703484,36.72922319424571,7.571806125542228,0.2596871357878106,True
pr,pubmedbert,20,pool_sep,half,1000,28.737835358710573,47.01737315335058,18.27953779464001,0.6360791467579828,True
pr,pubmedbert,21,pool_sep,half,1000,19.360015207969973,24.28138697390004,4.921371765930068,0.2542028873977371,True
pr,pubmedbert,22,pool_sep,half,1000,35.03027225992267,43.97488237730349,8.944610117380819,0.25533944044203566,True
pr,pubmedbert,23,pool_sep,half,1000,30.759015707002117,45.36467429398773,14.605658586985616,0.474841546495284,True
pr,pubmedbert,24,pool_sep,half,1000,32.593349516885674,47.288063191274134,14.69471367438846,0.45085006273367373,True
pr,pubmedbert,25,pool_sep,half,1000,32.99966387016152,40.06974593903704,7.0700820688755215,0.2142470934459526,True
pr,pubmedbert,26,pool_sep,half,1000,19.96685085455684,23.69575344545043,3.7289025908935898,0.1867546674263147,True
pr,pubmedbert,27,pool_sep,half,1000,35.977364312638194,67.86620042969344,31.88883611705524,0.8863583179675358,True
pr,pubmedbert,28,pool_sep,half,1000,31.07780974828558,54.2324832199148,23.154673471629216,0.7450548690261724,True
pr,pubmedbert,29,pool_sep,half,1000,28.811121217481055,43.907624577619075,15.09650336013802,0.5239818071008727,True
pr,pubmedbert,30,pool_sep,half,1000,25.51127275394872,36.27876076719361,10.76748801324489,0.4220678488719565,True
pr,pubmedbert,31,pool_sep,half,1000,29.327631741807433,30.644795111276316,1.317163369468883,0.04491202634651288,True
pr,pubmedbert,32,pool_sep,half,1000,25.020886025170824,47.50121012876286,22.480324103592032,0.8984623518518486,True
pr,pubmedbert,33,pool_sep,half,1000,25.103501437501194,44.6472865519392,19.54378511443801,0.778528252845329,True
pr,pubmedbert,34,pool_sep,half,1000,27.95947975432543,45.517580530562604,17.558100776237175,0.6279838155257834,True
pr,pubmedbert,35,pool_sep,half,1000,29.19731633077658,38.269890369954176,9.072574039177596,0.31073314877279634,True
pr,pubmedbert,36,pool_sep,half,1000,26.898092965803283,53.03069618815783,26.13260322235455,0.9715411146648227,True
pr,biobert,11,pool_sep,half,1000,41.083096054539276,37.2692182610014,-3.813877793537877,-0.09283326136070218,True
pr,biobert,12,pool_sep,half,1000,27.235274359322442,26.81555922020002,-0.41971513912242386,-0.015410718231988668,True
pr,biobert,13,pool_sep,half,1000,50.42346405640648,48.99417453671979,-1.4292895196866908,-0.02834572250109212,True
pr,biobert,14,pool_sep,half,1000,39.09721066342421,31.222720118255314,-7.874490545168893,-0.20140798823112846,True
pr,biobert,15,pool_sep,half,1000,34.02209455275038,25.79351103541587,-8.22858351733451,-0.24185999202889472,True
pr,biobert,16,pool_sep,half,1000,25.603308983188448,24.171609066226768,-1.43169991696168,-0.055918550133568966,True
pr,biobert,17,pool_sep,half,1000,36.225767160250754,27.1389318714765,-9.086835288774253,-0.25083900221014266,True
pr,biobert,18,pool_sep,half,1000,38.72718752659784,29.255612920717642,-9.471574605880196,-0.24457171333123837,True
pr,biobert,19,pool_sep,half,1000,30.497130435632606,30.522674503548814,0.02554406791620778,0.0008375892272920961,True
pr,biobert,20,pool_sep,half,1000,35.27009399542761,32.307201900735336,-2.962892094692272,-0.0840057895812917,True
pr,biobert,21,pool_sep,half,1000,24.0869249093227,18.398088279185668,-5.688836630137033,-0.2361794480430004,True
pr,biobert,22,pool_sep,half,1000,40.920666276862946,29.473801442032645,-11.4468648348303,-0.2797331000766842,True
pr,biobert,23,pool_sep,half,1000,38.615925384240605,33.22575600203783,-5.390169382202771,-0.13958410496625137,True
pr,biobert,24,pool_sep,half,1000,39.18317244503059,37.72513244182475,-1.458040003205845,-0.037210871714160064,True
pr,biobert,25,pool_sep,half,1000,38.86533598812852,30.907948519938376,-7.957387468190145,-0.20474253639852083,True
pr,biobert,26,pool_sep,half,1000,18.78207682905759,16.892587289553234,-1.889489539504357,-0.10060067141143539,True
pr,biobert,27,pool_sep,half,1000,52.295696636170064,56.43462368115048,4.138927044980413,0.07914469662342626,True
pr,biobert,28,pool_sep,half,1000,41.7253180420446,36.66264431361579,-5.0626737284288055,-0.12133337661626431,True
pr,biobert,29,pool_sep,half,1000,38.256843770083805,35.0083495920987,-3.2484941779851013,-0.08491275959689513,True
pr,biobert,30,pool_sep,half,1000,31.988273799660437,30.606295332230957,-1.3819784674294802,-0.04320265845180274,True
pr,biobert,31,pool_sep,half,1000,29.612979578572112,23.213533374077645,-6.399446204494467,-0.21610274601091112,True
pr,biobert,32,pool_sep,half,1000,37.782401703145815,32.14329629399556,-5.639105409150254,-0.14925216913039,True
pr,biobert,33,pool_sep,half,1000,32.27874165318731,29.44055481969107,-2.8381868334962412,-0.08792743112450263,True
pr,biobert,34,pool_sep,half,1000,40.94096742017719,43.01053694304229,2.069569522865102,0.05055008841449954,True
pr,biobert,35,pool_sep,half,1000,37.735204570793236,29.955994672392375,-7.779209898400861,-0.20615258316161114,True
pr,biobert,36,pool_sep,half,1000,37.74883068029711,35.45204183050742,-2.296788849789692,-0.06084397339990969,True
gap_25,bert,11,pool_sep,half,1000,0.1163833825408935,0.05429651699819998,-0.06208686554269353,-0.5334684745124858,True
gap_25,bert,12,pool_sep,half,1000,0.11427671733551949,0.05804616348940341,-0.056230553846116076,-0.49205608243909976,True
gap_25,bert,13,pool_sep,half,1000,0.1061708152533334,0.05253723623481723,-0.05363357901851617,-0.5051631080588529,True
gap_25,bert,14,pool_sep,half,1000,0.14157162632250775,0.07075316004087769,-0.07081846628163006,-0.5002306473495035,True
gap_25,bert,15,pool_sep,half,1000,0.06162018388811483,0.04910957890430444,-0.012510604983810389,-0.20302771258401597,True
gap_25,bert,16,pool_sep,half,1000,0.055353810545134455,0.03610517280895644,-0.019248637736178013,-0.34773825950939796,True
gap_25,bert,17,pool_sep,half,1000,0.10687417100581756,0.08245732499532063,-0.02441684601049693,-0.22846348917333664,True
gap_25,bert,18,pool_sep,half,1000,0.0885714085512429,0.07189981228329387,-0.016671596267949035,-0.1882277423453608,True
gap_25,bert,19,pool_sep,half,1000,0.08340267737908025,0.0718422081578221,-0.011560469221258154,-0.1386102890763774,True
gap_25,bert,20,pool_sep,half,1000,0.11798574845189948,0.05704395263877488,-0.060941795813124595,-0.5165182796460319,True
gap_25,bert,21,pool_sep,half,1000,0.024931683286315048,0.007375891144167619,-0.01755579214214743,-0.7041559103946973,True
gap_25,bert,22,pool_sep,half,1000,0.11362123267235497,0.07451386492574258,-0.03910736774661239,-0.34419066601208903,True
gap_25,bert,23,pool_sep,half,1000,0.10051838320790153,0.008942249431349025,-0.0915761337765525,-0.9110386663019258,True
gap_25,bert,24,pool_sep,half,1000,0.07326137054224,0.0686858442631912,-0.004575526279048794,-0.06245482776507304,True
gap_25,bert,25,pool_sep,half,1000,0.1292324924648751,0.04134862560220127,-0.08788386686267383,-0.6800446635861359,True
gap_25,bert,26,pool_sep,half,1000,0.03350837966313922,0.004659781349185004,-0.02884859831395422,-0.8609368344267933,True
gap_25,bert,27,pool_sep,half,1000,0.09746075533744594,0.05306112600630818,-0.04439962933113776,-0.4555641825000173,True
gap_25,bert,28,pool_sep,half,1000,0.06338091355208013,0.007027120483852244,-0.05635379306822788,-0.8891287599053292,True
gap_25,bert,29,pool_sep,half,1000,0.05749523795206554,0.00841015305680078,-0.049085084895264766,-0.8537243542880469,True
gap_25,bert,30,pool_sep,half,1000,0.030622396558729035,0.04844795487506562,0.017825558316336584,0.5821085323008574,True
gap_25,bert,31,pool_sep,half,1000,0.08806851789030154,0.04750098188889577,-0.04056753600140577,-0.46063607033715315,True
gap_25,bert,32,pool_sep,half,1000,0.11879333350266454,0.06557821701079705,-0.053215116491867484,-0.4479638286324701,True
gap_25,bert,33,pool_sep,half,1000,0.12867621605920387,0.07839613458557576,-0.05028008147362811,-0.3907488346602784,True
gap_25,bert,34,pool_sep,half,1000,0.10994197529554832,0.0472308631702151,-0.06271111212533323,-0.5704019047934322,True
gap_25,bert,35,pool_sep,half,1000,0.10506947108519142,0.052722382685437164,-0.05234708839975426,-0.49821406598031404,True
gap_25,bert,36,pool_sep,half,1000,0.11683153553659482,0.06352527280533042,-0.0533062627312644,-0.4562660456907838,True
gap_25,scibert,11,pool_sep,half,1000,0.13472095908309253,0.06509630523572378,-0.06962465384736875,-0.5168063998447784,True
gap_25,scibert,12,pool_sep,half,1000,0.12365121839497452,0.04892372448543113,-0.07472749390954339,-0.6043409428514009,True
gap_25,scibert,13,pool_sep,half,1000,0.14554833556947228,0.0865829656178085,-0.05896536995166378,-0.4051256905203067,True
gap_25,scibert,14,pool_sep,half,1000,0.06886428187984793,0.0648993563720137,-0.003964925507834227,-0.05757593631415623,True
gap_25,scibert,15,pool_sep,half,1000,0.10114957172711433,0.12043748261057653,0.019287910883462198,0.19068702471126575,True
gap_25,scibert,16,pool_sep,half,1000,0.07549852811610361,0.10172024057230121,0.0262217124561976,0.3473142206941196,True
gap_25,scibert,17,pool_sep,half,1000,0.11188453895773985,0.10101116321532165,-0.010873375742418201,-0.09718389907764831,True
gap_25,scibert,18,pool_sep,half,1000,0.14089851112537416,0.09336288096361263,-0.04753563016176153,-0.33737496430649594,True
gap_25,scibert,19,pool_sep,half,1000,0.10265403108946612,0.06649520983206156,-0.036158821257404564,-0.3522396624238852,True
gap_25,scibert,20,pool_sep,half,1000,0.0750755641815292,0.06896686799803556,-0.006108696183493648,-0.08136730306445791,True
gap_25,scibert,21,pool_sep,half,1000,0.08865156211633232,0.0386944929435924,-0.04995706917273992,-0.5635215892437874,True
gap_25,scibert,22,pool_sep,half,1000,0.13025816171808716,0.11635604633316755,-0.013902115384919603,-0.10672740350049949,True
gap_25,scibert,23,pool_sep,half,1000,0.10248708152194673,0.0915765056815909,-0.010910575840355832,-0.10645805967281277,True
gap_25,scibert,24,pool_sep,half,1000,0.11500465485038325,0.05160303756770334,-0.0634016172826799,-0.5512960963637779,True
gap_25,scibert,25,pool_sep,half,1000,0.16620689972196026,0.09495184412091207,-0.0712550556010482,-0.42871298195350155,True
gap_25,scibert,26,pool_sep,half,1000,0.054530130545024764,0.07523607184285099,0.02070594129782622,0.3797156010974449,True
gap_25,scibert,27,pool_sep,half,1000,0.15971237893887938,0.060868071400512314,-0.09884430753836707,-0.6188894573800944,True
gap_25,scibert,28,pool_sep,half,1000,0.11022987264730709,0.08288706396373516,-0.02734280868357193,-0.24805261973819323,True
gap_25,scibert,29,pool_sep,half,1000,0.08151294877730451,0.09456708765903422,0.01305413888172971,0.1601480387784026,True
gap_25,scibert,30,pool_sep,half,1000,0.04582238659825947,0.05629551931572732,0.010473132717467852,0.228559302449464,True
gap_25,scibert,31,pool_sep,half,1000,0.07598554408475078,0.080964288635571,0.004978744550820216,0.06552225967174959,True
gap_25,scibert,32,pool_sep,half,1000,0.13572562949488284,0.08119600660924159,-0.054529622885641255,-0.4017636395467751,True
gap_25,scibert,33,pool_sep,half,1000,0.09567226038398134,0.08243226353964864,-0.013239996844332705,-0.1383890878212125,True
gap_25,scibert,34,pool_sep,half,1000,0.12609250600112273,0.06423749426210101,-0.06185501173902172,-0.4905526402851487,True
gap_25,scibert,35,pool_sep,half,1000,0.1284414684585796,0.03652503874569044,-0.09191642971288916,-0.7156289227768429,True
gap_25,scibert,36,pool_sep,half,1000,0.12573288421735654,0.06684983997187201,-0.05888304424548453,-0.46831856766836294,True
gap_25,pubmedbert,11,pool_sep,half,1000,0.13716781699874586,0.13565522893546209,-0.0015125880632837763,-0.011027281007888358,True
gap_25,pubmedbert,12,pool_sep,half,1000,0.1128205900219346,0.12691731336235296,0.014096723340418352,0.12494814410807162,True
gap_25,pubmedbert,13,pool_sep,half,1000,0.14085618466126446,0.15291569780241804,0.012059513141153583,0.08561578726666985,True
gap_25,pubmedbert,14,pool_sep,half,1000,0.12333464846780583,0.08231082829000684,-0.041023820177798986,-0.3326220221765782,True
gap_25,pubmedbert,15,pool_sep,half,1000,0.10078494437579466,0.07166558880304663,-0.02911935557274803,-0.288925650086895,True
gap_25,pubmedbert,16,pool_sep,half,1000,0.08048570747654392,0.07726091462153228,-0.003224792855011635,-0.04006665228048647,True
gap_25,pubmedbert,17,pool_sep,half,1000,0.12933725129193402,0.12079933335748105,-0.008537917934452965,-0.06601282963081978,True
gap_25,pubmedbert,18,pool_sep,half,1000,0.11623768857116597,0.12920007974275025,0.012962391171584278,0.11151625028785837,True
gap_25,pubmedbert,19,pool_sep,half,1000,0.10920483533860978,0.1079094965033072,-0.001295338835302584,-0.011861552020898586,True
gap_25,pubmedbert,20,pool_sep,half,1000,0.11630352387423039,0.17386514747286788,0.05756162359863749,0.4949258774040598,True
gap_25,pubmedbert,21,pool_sep,half,1000,0.030872837881841763,0.025852292334822488,-0.005020545547019275,-0.16262015063967183,True
gap_25,pubmedbert,22,pool_sep,half,1000,0.14264012034678641,0.12984556627881544,-0.012794554067970976,-0.08969814409063087,True
gap_25,pubmedbert,23,pool_sep,half,1000,0.11564354552614994,0.11000869501577176,-0.005634850510378181,-0.04872602690224504,True
gap_25,pubmedbert,24,pool_sep,half,1000,0.12793047690674672,0.1151377152440656,-0.012792761662681118,-0.09999776419192306,True
gap_25,pubmedbert,25,pool_sep,half,1000,0.17087964657363053,0.13957134592182968,-0.03130830065180085,-0.18321843051279005,True
gap_25,pubmedbert,26,pool_sep,half,1000,0.050292991329241414,0.06319655362899843,0.012903562299757011,0.2565678031613643,True
gap_25,pubmedbert,27,pool_sep,half,1000,0.16612466318055383,0.23232306585950724,0.06619840267895341,0.3984863018623862,True
gap_25,pubmedbert,28,pool_sep,half,1000,0.09588378105248073,0.11645244891546043,0.0205686678629797,0.21451665377819956,True
gap_25,pubmedbert,29,pool_sep,half,1000,0.0909494956164602,0.05985836546391218,-0.03109113015254801,-0.3418504956163944,True
gap_25,pubmedbert,30,pool_sep,half,1000,0.05123593301851105,0.04207352468293631,-0.009162408335574738,-0.1788277834672094,True
gap_25,pubmedbert,31,pool_sep,half,1000,0.11546359780995959,0.05440054562886372,-0.06106305218109587,-0.5288511127255792,True
gap_25,pubmedbert,32,pool_sep,half,1000,0.12064353154156525,0.1585633643112628,0.037919832769697556,0.31431302022713964,True
gap_25,pubmedbert,33,pool_sep,half,1000,0.1279200678275143,0.15088161003439787,0.022961542206883567,0.17949914033695324,True
gap_25,pubmedbert,34,pool_sep,half,1000,0.1305474736678876,0.11658402301616212,-0.013963450651725481,-0.10696071137499344,True
gap_25,pubmedbert,35,pool_sep,half,1000,0.14395833183303652,0.10905876950757432,-0.03489956232546221,-0.24242822128516234,True
gap_25,pubmedbert,36,pool_sep,half,1000,0.12023062546159118,0.1685393316251271,0.04830870616353593,0.4018003397892046,True
gap_25,biobert,11,pool_sep,half,1000,0.14103312186617337,0.10978550559398065,-0.03124761627219272,-0.22156225331127286,True
gap_25,biobert,12,pool_sep,half,1000,0.10162686939645933,0.09702711719851626,-0.004599752197943077,-0.04526118166642386,True
gap_25,biobert,13,pool_sep,half,1000,0.1648774528356348,0.12186341333408772,-0.04301403950154707,-0.26088491034870287,True
gap_25,biobert,14,pool_sep,half,1000,0.10875902230510755,0.07531400313200823,-0.03344501917309932,-0.3075148936083133,True
gap_25,biobert,15,pool_sep,half,1000,0.09547479231717575,0.07019840697283501,-0.025276385344340735,-0.26474407255446375,True
gap_25,biobert,16,pool_sep,half,1000,0.07461463363226419,0.0700062738125782,-0.004608359819685978,-0.06176214497544987,True
gap_25,biobert,17,pool_sep,half,1000,0.13209837253689619,0.08901667910551883,-0.043081693431377355,-0.32613341560543657,True
gap_25,biobert,18,pool_sep,half,1000,0.11181365687529626,0.0786744171193089,-0.03313923975598736,-0.2963791783766356,True
gap_25,biobert,19,pool_sep,half,1000,0.10630492363755675,0.09038966193743733,-0.01591526170011942,-0.14971330730062887,True
gap_25,biobert,20,pool_sep,half,1000,0.10163729466950312,0.07874298285765403,-0.02289431181184909,-0.2252550295272535,True
gap_25,biobert,21,pool_sep,half,1000,0.0316534501926952,0.025009791535885322,-0.0066436586568098775,-0.2098873461302194,True
gap_25,biobert,22,pool_sep,half,1000,0.13648451744138554,0.09033786272207261,-0.046146654719312924,-0.33810908068111833,True
gap_25,biobert,23,pool_sep,half,1000,0.11557327243800763,0.08326929752866685,-0.03230397490934078,-0.2795107746617482,True
gap_25,biobert,24,pool_sep,half,1000,0.1377703522785208,0.09690888958612959,-0.040861462692391215,-0.29659111714967834,True
gap_25,biobert,25,pool_sep,half,1000,0.17556601721758403,0.12510215403387084,-0.05046386318371318,-0.28743525645496565,True
gap_25,biobert,26,pool_sep,half,1000,0.07873345893373448,0.05083951897583473,-0.027893939957899752,-0.3542831768813372,True
gap_25,biobert,27,pool_sep,half,1000,0.1917296578416673,0.14082412934710944,-0.050905528494557845,-0.26550680300382246,True
gap_25,biobert,28,pool_sep,half,1000,0.0961631629303001,0.06880517509879244,-0.027357987831507655,-0.28449550740481533,True
gap_25,biobert,29,pool_sep,half,1000,0.08633923448925292,0.048442198012050686,-0.03789703647720223,-0.43893181010215543,True
gap_25,biobert,30,pool_sep,half,1000,0.051967177019090045,0.038521564752780596,-0.01344561226630945,-0.258732781681988,True
gap_25,biobert,31,pool_sep,half,1000,0.11030464334079339,0.08494837388227713,-0.025356269458516253,-0.2298749054486891,True
gap_25,biobert,32,pool_sep,half,1000,0.13772200347750616,0.1127599684913753,-0.02496203498613085,-0.18124943259490012,True
gap_25,biobert,33,pool_sep,half,1000,0.13280880745022794,0.09586371620449276,-0.03694509124573518,-0.27818253890714967,True
gap_25,biobert,34,pool_sep,half,1000,0.13509311555736658,0.09993566053445159,-0.035157455022914993,-0.26024608935742227,True
gap_25,biobert,35,pool_sep,half,1000,0.1299534185852347,0.08628560760868394,-0.04366781097655077,-0.33602664286903416,True
gap_25,biobert,36,pool_sep,half,1000,0.13278672390598298,0.10238448483726385,-0.030402239068719125,-0.22895541191486005,True
angle_p50,specter,11,common,common_native,2000,55.771922462771926,55.833299399607576,0.06137693683565004,0.0011004988554342823,True
angle_p50,specter,12,common,common_native,2000,48.38019880816251,48.358755699231914,-0.021443108930597532,-0.00044322076921642865,True
angle_p50,specter,13,common,common_native,2000,57.34707664345419,57.490254033996706,0.14317739054251888,0.0024966815908106397,True
angle_p50,specter,14,common,common_native,2000,52.99687819879736,53.02630070741298,0.02942250861561746,0.000555174372823438,True
angle_p50,specter,15,common,common_native,2000,52.67659398939092,52.83229995140199,0.15570596201106923,0.0029558851516183534,True
angle_p50,specter,16,common,common_native,2000,52.485205814815174,52.637879208607984,0.15267339379280997,0.0029088843498392904,True
angle_p50,specter,17,common,common_native,2000,56.2661483574518,56.28409273517227,0.017944377720475302,0.0003189196034261474,True
angle_p50,specter,18,common,common_native,2000,53.011568346269655,53.01117502413732,-0.00039332213233223,-7.419552837280044e-06,True
angle_p50,specter,19,common,common_native,2000,51.58541193361208,51.657147924335106,0.0717359907230275,0.0013906255283053324,True
angle_p50,specter,20,common,common_native,2000,52.026731631833364,51.99238270628875,-0.034348925544612996,-0.0006602168628943063,True
angle_p50,specter,21,common,common_native,2000,54.23231496330549,54.375172588461126,0.14285762515563505,0.0026341789992238938,True
angle_p50,specter,22,common,common_native,2000,56.607465518108675,56.6376095993733,0.030144081264623424,0.0005325107031153048,True
angle_p50,specter,23,common,common_native,2000,54.29706804493599,54.35302520153552,0.05595715659953271,0.0010305741841018531,True
angle_p50,specter,24,common,common_native,2000,56.04867045798898,56.16196336534724,0.11329290735825737,0.0020213308617762047,True
angle_p50,specter,25,common,common_native,2000,51.14380789794562,51.26978066290551,0.12597276495989007,0.002463108832476086,True
angle_p50,specter,26,common,common_native,2000,49.510267368246495,49.46321195798999,-0.047055410256504615,-0.0009504172115758698,True
angle_p50,specter,27,common,common_native,2000,58.963294032910746,59.03078310732577,0.06748907441502183,0.0011445947096739943,True
angle_p50,specter,28,common,common_native,2000,55.05732902907185,55.17780547756457,0.12047644849271677,0.002188200020184447,True
angle_p50,specter,29,common,common_native,2000,56.73795686006791,56.83183896491999,0.09388210485207793,0.0016546613598303892,True
angle_p50,specter,30,common,common_native,2000,56.11556358406277,56.2536307631086,0.13806717904583365,0.0024604079550765794,True
angle_p50,specter,31,common,common_native,2000,53.01777407671871,53.03588373695312,0.01810966023440841,0.0003415771512437141,True
angle_p50,specter,32,common,common_native,2000,52.395740156052064,52.39565015553456,-9.000051750263083e-05,-1.7177067684239051e-06,True
angle_p50,specter,33,common,common_native,2000,52.30640121537011,52.25245126466124,-0.05394995070886921,-0.0010314215747080713,True
angle_p50,specter,34,common,common_native,2000,55.00509700364376,55.2152821703032,0.21018516665943565,0.0038211943639607096,True
angle_p50,specter,35,common,common_native,2000,47.11954419294874,47.2931381667618,0.17359397381306252,0.0036841182737722706,True
angle_p50,specter,36,common,common_native,2000,54.23388100529996,54.20317547257971,-0.03070553272025478,-0.0005661688256692178,True
angle_p50,specter2,11,common,common_native,2000,35.377330677023046,35.56613256123385,0.1888018842108039,0.0053368041228002375,True
angle_p50,specter2,12,common,common_native,2000,33.1685643695648,33.19124478332167,0.022680413756873463,0.0006837924458884577,True
angle_p50,specter2,13,common,common_native,2000,35.215790235443855,35.422176512385036,0.20638627694118128,0.005860617511671182,True
angle_p50,specter2,14,common,common_native,2000,33.52240661361111,33.541808868431225,0.019402254820114706,0.0005787846631583069,True
angle_p50,specter2,15,common,common_native,2000,34.67385491539478,34.912365172634004,0.23851025723922703,0.006878677257582091,True
angle_p50,specter2,16,common,common_native,2000,34.73990036607674,34.992818880255754,0.2529185141790151,0.007280346561557448,True
angle_p50,specter2,17,common,common_native,2000,36.939777912367425,36.96352054525016,0.023742632882736814,0.0006427389178966284,True
angle_p50,specter2,18,common,common_native,2000,34.67765946061097,34.71922296613483,0.04156350552386101,0.0011985672092740692,True
angle_p50,specter2,19,common,common_native,2000,35.432886673829756,35.59007648659107,0.15718981276131672,0.004436268887948521,True
angle_p50,specter2,20,common,common_native,2000,33.908279832088816,33.9516932202741,0.04341338818528584,0.0012803182113709569,True
angle_p50,specter2,21,common,common_native,2000,35.492073604737676,35.65814253479519,0.1660689300575129,0.004679042760560068,True
angle_p50,specter2,22,common,common_native,2000,36.69455260333949,36.76944135037933,0.07488874703984294,0.0020408682413810787,True
angle_p50,specter2,23,common,common_native,2000,35.73007716767207,35.86160289668268,0.13152572901061177,0.003681092777756827,True
angle_p50,specter2,24,common,common_native,2000,33.999515854549315,34.26827915855353,0.2687633040042172,0.007904915621563336,True
angle_p50,specter2,25,common,common_native,2000,35.19612336228913,35.37900446791395,0.18288110562482274,0.005196058206250368,True
angle_p50,specter2,26,common,common_native,2000,34.953901673286154,34.99776827578359,0.04386660249743812,0.001254984433710975,True
angle_p50,specter2,27,common,common_native,2000,35.6310742193282,35.85959333185438,0.22851911252617896,0.0064134780534407234,True
angle_p50,specter2,28,common,common_native,2000,35.72930139711329,35.91588217465288,0.18658077753958935,0.005222066210190831,True
angle_p50,specter2,29,common,common_native,2000,34.821969205081864,35.031979083916234,0.21000987883437006,0.006030959294620292,True
angle_p50,specter2,30,common,common_native,2000,33.768091856989464,34.000282794846406,0.23219093785694156,0.0068760455533077944,True
angle_p50,specter2,31,common,common_native,2000,36.91287311821588,36.997694320100734,0.08482120188485709,0.002297875909393768,True
angle_p50,specter2,32,common,common_native,2000,34.945391138703556,35.032881593156326,0.08749045445276948,0.0025036335723216435,True
angle_p50,specter2,33,common,common_native,2000,34.261168821940515,34.29046979500669,0.02930097306617796,0.0008552239772804804,True
angle_p50,specter2,34,common,common_native,2000,33.7360287536188,34.043396301269595,0.30736754765079866,0.009110958195333764,True
angle_p50,specter2,35,common,common_native,2000,32.42345994319903,32.67108213468958,0.24762219149054943,0.007637130396458178,True
angle_p50,specter2,36,common,common_native,2000,34.44079720050608,34.51890839011038,0.07811118960430008,0.0022679843660283303,True
angle_p50,scincl,11,common,common_native,2000,40.69801298465161,40.66202677230178,-0.035986212349833124,-0.0008842252903945103,True
angle_p50,scincl,12,common,common_native,2000,39.90584020385502,39.86914132171477,-0.03669888214025008,-0.0009196368740208822,True
angle_p50,scincl,13,common,common_native,2000,43.57363474439332,43.58524529354796,0.011610549154646321,0.0002664581282409604,True
angle_p50,scincl,14,common,common_native,2000,42.234760503989804,42.20834372036782,-0.02641678362198263,-0.0006254749241323888,True
angle_p50,scincl,15,common,common_native,2000,39.67446858494638,39.70661767147785,0.03214908653146864,0.0008103217932871548,True
angle_p50,scincl,16,common,common_native,2000,37.476082252825535,37.426834257569595,-0.04924799525593926,-0.00131411802663087,True
angle_p50,scincl,17,common,common_native,2000,49.10025437968461,49.09697399453394,-0.0032803851506670867,-6.68099420687392e-05,True
angle_p50,scincl,18,common,common_native,2000,45.535332087622564,45.522335302599416,-0.01299678502314805,-0.0002854219883175255,True
angle_p50,scincl,19,common,common_native,2000,39.92357127303829,39.97457942684223,0.051008153803941525,0.00127764506474372,True
angle_p50,scincl,20,common,common_native,2000,40.99116928363158,40.97198414439822,-0.019185139233357518,-0.0004680310312840587,True
angle_p50,scincl,21,common,common_native,2000,42.04117711183786,42.07089707881711,0.0297199669792505,0.0007069251867089615,True
angle_p50,scincl,22,common,common_native,2000,46.5732349113804,46.564091214592914,-0.00914369678748983,-0.000196329432664243,True
angle_p50,scincl,23,common,common_native,2000,41.894073570546865,41.91180056146127,0.01772699091440444,0.0004231383917477815,True
angle_p50,scincl,24,common,common_native,2000,40.91943476591735,40.97602976157424,0.05659499565688719,0.0013830835147318882,True
angle_p50,scincl,25,common,common_native,2000,39.6116631222092,39.59656124611046,-0.015101876098739808,-0.00038124822106428016,True
angle_p50,scincl,26,common,common_native,2000,43.446718850136826,43.45395797102649,0.0072391208896647186,0.00016662065815913554,True
angle_p50,scincl,27,common,common_native,2000,44.799951870510206,44.81531705256084,0.01536518205063686,0.00034297318209288233,True
angle_p50,scincl,28,common,common_native,2000,45.228692682681405,45.21259379338086,-0.016098889300543817,-0.000355944166095879,True
angle_p50,scincl,29,common,common_native,2000,41.9260883319193,41.95363651256675,0.027548180647450238,0.0006570653677337499,True
angle_p50,scincl,30,common,common_native,2000,40.5138781750614,40.524258770522565,0.010380595461164432,0.00025622319878412136,True
angle_p50,scincl,31,common,common_native,2000,41.54432156789965,41.53263850211235,-0.011683065787302382,-0.00028121931822156946,True
angle_p50,scincl,32,common,common_native,2000,44.56450329038284,44.54715396718116,-0.017349323201678146,-0.00038930812464417583,True
angle_p50,scincl,33,common,common_native,2000,42.11546752529977,42.12071793685581,0.005250411556041001,0.00012466706092926436,True
angle_p50,scincl,34,common,common_native,2000,40.2679345905452,40.30672808085108,0.038793490305877754,0.000963384159141511,True
angle_p50,scincl,35,common,common_native,2000,35.779962920759274,35.929797614391035,0.14983469363176027,0.004187670455768619,True
angle_p50,scincl,36,common,common_native,2000,43.48597804537568,43.49395744266674,0.007979397291059342,0.000183493568495417,True
angle_p50,scibert,11,common,common_native,2000,35.20251981311522,34.89631901407428,-0.306200799040937,-0.00869826366596795,True
angle_p50,scibert,12,common,common_native,2000,35.03102599648697,34.63546428053574,-0.39556171595122436,-0.011291753658339686,True
angle_p50,scibert,13,common,common_native,2000,35.284128189736975,35.097099729997595,-0.18702845973938054,-0.005300639957253673,True
angle_p50,scibert,14,common,common_native,2000,33.95665434690169,33.69485306771917,-0.26180127918252083,-0.007709866717373125,True
angle_p50,scibert,15,common,common_native,2000,32.82406142138735,32.79896347207606,-0.025097949311287948,-0.0007646204712173353,True
angle_p50,scibert,16,common,common_native,2000,34.9211569703512,34.813645262545165,-0.10751170780603303,-0.0030786983345744458,True
angle_p50,scibert,17,common,common_native,2000,34.12413538971534,33.99618405049408,-0.12795133922126212,-0.0037495847956289996,True
angle_p50,scibert,18,common,common_native,2000,34.112383355958954,33.97268046073945,-0.13970289521950718,-0.0040953718701423735,True
angle_p50,scibert,19,common,common_native,2000,34.64613849368131,34.41233917189945,-0.23379932178186635,-0.0067482072157769085,True
angle_p50,scibert,20,common,common_native,2000,34.615492212339205,34.33426473912431,-0.2812274732148978,-0.008124323972913208,True
angle_p50,scibert,21,common,common_native,2000,34.8050766723066,34.694308735588166,-0.11076793671843177,-0.0031825224165234105,True
angle_p50,scibert,22,common,common_native,2000,34.485135799030374,34.388074953675925,-0.09706084535444859,-0.0028145704839352167,True
angle_p50,scibert,23,common,common_native,2000,35.0563065192237,34.81706831846894,-0.23923820075476243,-0.006824398361064427,True
angle_p50,scibert,24,common,common_native,2000,34.35978369757236,34.1952122240481,-0.16457147352426205,-0.004789653944646037,True
angle_p50,scibert,25,common,common_native,2000,33.098748888172324,33.00813204205775,-0.0906168461145711,-0.002737772549069146,True
angle_p50,scibert,26,common,common_native,2000,35.56818363221455,35.39799760257977,-0.17018602963477747,-0.004784782697777062,True
angle_p50,scibert,27,common,common_native,2000,35.63641372069435,35.31654534633051,-0.31986837436384263,-0.008975885645252023,True
angle_p50,scibert,28,common,common_native,2000,34.796142704872025,34.6206656929174,-0.1754770119546265,-0.005043001847732303,True
angle_p50,scibert,29,common,common_native,2000,35.23915402711549,34.96031343105748,-0.2788405960580107,-0.00791280618835092,True
angle_p50,scibert,30,common,common_native,2000,35.545365884800376,35.28844543469738,-0.2569204501029958,-0.007227959080113396,True
angle_p50,scibert,31,common,common_native,2000,34.51071683428762,34.396895523840904,-0.11382131044671695,-0.0032981439068119106,True
angle_p50,scibert,32,common,common_native,2000,34.951682104654154,34.738512739738425,-0.21316936491572847,-0.006098972984403028,True
angle_p50,scibert,33,common,common_native,2000,34.871897374681524,34.59755343004457,-0.27434394463695355,-0.007867192934449815,True
angle_p50,scibert,34,common,common_native,2000,34.22280187831756,34.055009708802125,-0.16779216951543674,-0.004902934894461237,True
angle_p50,scibert,35,common,common_native,2000,32.27734050301336,32.1267890449175,-0.1505514580958618,-0.004664308017626376,True
angle_p50,scibert,36,common,common_native,2000,35.515923429621196,35.02563886677935,-0.4902845628418433,-0.013804640721601886,True
angle_p50,bert,11,common,common_native,2000,33.553170298127036,34.237343501984036,0.6841732038570001,0.02039071711489484,True
angle_p50,bert,12,common,common_native,2000,37.61293606625315,37.775546181298225,0.1626101150450765,0.004323249712775615,True
angle_p50,bert,13,common,common_native,2000,32.16986891412998,33.08256809730105,0.9126991831710711,0.028371243464103333,True
angle_p50,bert,14,common,common_native,2000,33.06950857676819,33.24493015544353,0.17542157867533348,0.005304632158899684,True
angle_p50,bert,15,common,common_native,2000,31.174234146582922,31.744755312953554,0.5705211663706322,0.018301048349351937,True
angle_p50,bert,16,common,common_native,2000,32.076395026166686,32.55202542145674,0.4756303952900538,0.014828050187748744,True
angle_p50,bert,17,common,common_native,2000,33.26277088122081,33.40410085984041,0.14132997861960206,0.004248893729397416,True
angle_p50,bert,18,common,common_native,2000,33.11855832957463,33.34058181984357,0.22202349026893842,0.006703899609986135,True
angle_p50,bert,19,common,common_native,2000,33.99103470586148,34.64559434477236,0.6545596389108823,0.0192568318256581,True
angle_p50,bert,20,common,common_native,2000,34.60285016659787,34.8308362897318,0.22798612313393107,0.00658865157165597,True
angle_p50,bert,21,common,common_native,2000,34.528856036738894,34.925334994926516,0.3964789581876218,0.011482539640634662,True
angle_p50,bert,22,common,common_native,2000,33.253899542484675,33.495564201931906,0.24166465944723114,0.007267257758401659,True
angle_p50,bert,23,common,common_native,2000,34.28123651844345,34.85488001913455,0.573643500691098,0.016733454185133473,True
angle_p50,bert,24,common,common_native,2000,29.420238791845183,30.30207354970872,0.8818347578635368,0.029973745764020353,True
angle_p50,bert,25,common,common_native,2000,30.209541606475792,30.543313467513123,0.3337718610373308,0.011048557617497335,True
angle_p50,bert,26,common,common_native,2000,34.63143223544407,34.72580029274689,0.09436805730281606,0.002724925052514392,True
angle_p50,bert,27,common,common_native,2000,31.0990743871267,31.892748119132683,0.7936737320059848,0.02552081525405534,True
angle_p50,bert,28,common,common_native,2000,31.327784653664704,32.061908708543974,0.7341240548792705,0.023433640871678842,True
angle_p50,bert,29,common,common_native,2000,32.66994374229185,33.422018249867186,0.7520745075753368,0.023020379634194545,True
angle_p50,bert,30,common,common_native,2000,32.11748777089155,32.88751943239097,0.7700316614994165,0.02397546367861639,True
angle_p50,bert,31,common,common_native,2000,31.82514661765242,32.10038297771229,0.27523636005987484,0.008648392523263658,True
angle_p50,bert,32,common,common_native,2000,32.689095828717065,33.026088827178235,0.33699299846117015,0.010309033942906581,True
angle_p50,bert,33,common,common_native,2000,36.359194864997484,36.615729689476886,0.25653482447940235,0.00705556944899143,True
angle_p50,bert,34,common,common_native,2000,30.418488616813644,31.30869412234756,0.8902055055339169,0.0292652773366873,True
angle_p50,bert,35,common,common_native,2000,29.22173013051096,30.162719699250367,0.9409895687394076,0.032201706214407294,True
angle_p50,bert,36,common,common_native,2000,33.970441754623906,34.29767933265442,0.32723757803051257,0.00963300920235959,True
angle_p50,mpnet,11,common,common_native,2000,80.8029257077818,81.12722612119661,0.32430041341481797,0.004013473653016328,True
angle_p50,mpnet,12,common,common_native,2000,82.09198167796696,82.36920545462574,0.2772237766587864,0.003376989700970902,True
angle_p50,mpnet,13,common,common_native,2000,83.76456882377421,84.01153700756909,0.24696818379487695,0.0029483609509702627,True
angle_p50,mpnet,14,common,common_native,2000,80.3636662041456,80.45499529667167,0.0913290925260668,0.0011364475619375805,True
angle_p50,mpnet,15,common,common_native,2000,80.13988559917162,80.33457057896734,0.1946849797957242,0.0024293144211543095,True
angle_p50,mpnet,16,common,common_native,2000,77.6249384460283,77.84092280850274,0.21598436247444397,0.002782409452403178,True
angle_p50,mpnet,17,common,common_native,2000,85.87728952372366,85.90578498250296,0.028495458779303817,0.00033181600091642305,True
angle_p50,mpnet,18,common,common_native,2000,83.92207199524702,83.9865472388281,0.0644752435810716,0.0007682751634721696,True
angle_p50,mpnet,19,common,common_native,2000,81.31399776404312,81.60629614349646,0.29229837945334225,0.003594687107889264,True
angle_p50,mpnet,20,common,common_native,2000,82.43481813542301,82.53283042937997,0.09801229395695543,0.0011889671885481922,True
angle_p50,mpnet,21,common,common_native,2000,83.19275878503181,83.30589789531273,0.11313911028091184,0.001359963438323529,True
angle_p50,mpnet,22,common,common_native,2000,86.6619899317405,86.70922102521658,0.04723109347608556,0.0005450035651533877,True
angle_p50,mpnet,23,common,common_native,2000,83.77872835979495,83.96971622814533,0.1909878683503763,0.002279670175108919,True
angle_p50,mpnet,24,common,common_native,2000,80.50581705381757,80.8821055588953,0.3762885050777385,0.004674053613122047,True
angle_p50,mpnet,25,common,common_native,2000,80.96781469591494,81.10425481334893,0.13644011743399176,0.0016851154739251665,True
angle_p50,mpnet,26,common,common_native,2000,86.42549084430472,86.45907528492336,0.03358444061863963,0.00038859415538804295,True
angle_p50,mpnet,27,common,common_native,2000,84.72848549057016,85.02159597800666,0.29311048743649337,0.0034594090256589685,True
angle_p50,mpnet,28,common,common_native,2000,83.17183022088759,83.37559424182938,0.20376402094179014,0.0024499162805559772,True
angle_p50,mpnet,29,common,common_native,2000,81.18902285032476,81.53061599838612,0.34159314806136365,0.00420738094965257,True
angle_p50,mpnet,30,common,common_native,2000,78.37880533075479,78.71885005181115,0.3400447210563584,0.004338477980384953,True
angle_p50,mpnet,31,common,common_native,2000,84.02411842313575,84.0765469708165,0.052428547680747783,0.0006239702202732278,True
angle_p50,mpnet,32,common,common_native,2000,82.05067828622154,82.14780618834719,0.09712790212564926,0.0011837550176834989,True
angle_p50,mpnet,33,common,common_native,2000,82.92637311389129,83.07985403364555,0.1534809197542586,0.0018508095071692995,True
angle_p50,mpnet,34,common,common_native,2000,77.75842113194341,78.07429635298726,0.31587522104385357,0.004062263822305042,True
angle_p50,mpnet,35,common,common_native,2000,69.61755700888645,70.13051638416901,0.5129593752825627,0.0073682472830393225,True
angle_p50,mpnet,36,common,common_native,2000,81.2128912959379,81.39355695354081,0.18066565760291553,0.0022245933462037948,True
angle_p50,minilm,11,common,common_native,2000,81.60502376496332,81.6120431743817,0.007019409418376199,8.601687855141517e-05,True
angle_p50,minilm,12,common,common_native,2000,83.67831335543067,83.67988147911808,0.0015681236874058868,1.873990553257389e-05,True
angle_p50,minilm,13,common,common_native,2000,84.02283191219182,84.03268796924819,0.009856057056367717,0.00011730212886263823,True
angle_p50,minilm,14,common,common_native,2000,82.24697391612484,82.24739223913564,0.000418323010791255,5.086181179356936e-06,True
angle_p50,minilm,15,common,common_native,2000,82.46765227893981,82.46896500832902,0.0013127293892125635,1.591811277435628e-05,True
angle_p50,minilm,16,common,common_native,2000,80.36717411872725,80.37424471402852,0.007070595301271965,8.797864773528682e-05,True
angle_p50,minilm,17,common,common_native,2000,87.16458529211698,87.16625556911724,0.0016702770002581246,1.91623351922169e-05,True
angle_p50,minilm,18,common,common_native,2000,85.34323595876783,85.344362895423,0.0011269366551687199,1.3204756563404516e-05,True
angle_p50,minilm,19,common,common_native,2000,81.72329153223659,81.73286782956374,0.00957629732715759,0.0001171795353272099,True
angle_p50,minilm,20,common,common_native,2000,83.76818666538469,83.76974246659445,0.0015558012097613982,1.85726977232551e-05,True
angle_p50,minilm,21,common,common_native,2000,84.18916455234294,84.19255539327649,0.0033908409335481338,4.027645305162692e-05,True
angle_p50,minilm,22,common,common_native,2000,87.64677860013065,87.64913999040805,0.0023613902774002327,2.6942122860824833e-05,True
angle_p50,minilm,23,common,common_native,2000,84.3243074609897,84.33103832600052,0.006730865010823095,7.982117153985454e-05,True
angle_p50,minilm,24,common,common_native,2000,81.01190255004673,81.02414040138746,0.012237851340728412,0.00015106238658162897,True
angle_p50,minilm,25,common,common_native,2000,83.1070522244493,83.11132677978365,0.004274555334347951,5.143432741187297e-05,True
angle_p50,minilm,26,common,common_native,2000,86.77641830518165,86.7796629470575,0.003244641875852494,3.7390825056197874e-05,True
angle_p50,minilm,27,common,common_native,2000,85.08851559347026,85.10019276572326,0.0116771722530018,0.00013723558545541148,True
angle_p50,minilm,28,common,common_native,2000,83.3417947393512,83.34441586910418,0.0026211297529812327,3.145036366421832e-05,True
angle_p50,minilm,29,common,common_native,2000,82.92797107488352,82.93290253893997,0.004931464056454615,5.946683600882421e-05,True
angle_p50,minilm,30,common,common_native,2000,80.28077751315952,80.28888025115029,0.008102737990768105,0.00010092998899319224,True
angle_p50,minilm,31,common,common_native,2000,84.89437746011079,84.89538682139515,0.001009361284360466,1.1889612887905719e-05,True
angle_p50,minilm,32,common,common_native,2000,83.22145915295984,83.2220826349729,0.0006234820130686103,7.491841880862235e-06,True
angle_p50,minilm,33,common,common_native,2000,85.02070009349478,85.0230295537781,0.0023294602833203726,2.7398742668064756e-05,True
angle_p50,minilm,34,common,common_native,2000,78.76937489357832,78.77456260096601,0.005187707387690921,6.585944594202752e-05,True
angle_p50,minilm,35,common,common_native,2000,72.73941677272818,72.75037019343246,0.010953420704282735,0.0001505843900083269,True
angle_p50,minilm,36,common,common_native,2000,83.0276366994464,83.02836667596466,0.0007299765182580131,8.791970327909867e-06,True
angle_p50,pubmedbert,11,common,common_native,2000,10.143976561592588,10.294044508106674,0.15006794651408661,0.014793798625509265,True
angle_p50,pubmedbert,12,common,common_native,2000,10.336265733574752,10.350813735270783,0.01454800169603132,0.0014074717186087628,True
angle_p50,pubmedbert,13,common,common_native,2000,10.179359103804149,10.399337048381321,0.21997794457717212,0.02161019592038596,True
angle_p50,pubmedbert,14,common,common_native,2000,9.752102954359941,9.764537436231215,0.012434481871274272,0.0012750564600751166,True
angle_p50,pubmedbert,15,common,common_native,2000,9.570803010277587,9.720029610680717,0.1492266004031304,0.015591857887251858,True
angle_p50,pubmedbert,16,common,common_native,2000,10.446014040180334,10.642620164382706,0.196606124202372,0.018821162162536965,True
angle_p50,pubmedbert,17,common,common_native,2000,9.90286658433738,9.927571152833263,0.024704568495883095,0.002494688612179877,True
angle_p50,pubmedbert,18,common,common_native,2000,9.89905015881991,9.931558615865134,0.03250845704522476,0.003283997608221047,True
angle_p50,pubmedbert,19,common,common_native,2000,9.922975450205385,10.08888607194913,0.1659106217437447,0.016719846035728195,True
angle_p50,pubmedbert,20,common,common_native,2000,10.018737595544712,10.0378522620734,0.019114666528688318,0.0019078917225248543,True
angle_p50,pubmedbert,21,common,common_native,2000,10.2211057580964,10.323914888043609,0.10280912994720914,0.01005851347010781,True
angle_p50,pubmedbert,22,common,common_native,2000,10.054194374544295,10.097680740704062,0.04348636615976709,0.004325196484152725,True
angle_p50,pubmedbert,23,common,common_native,2000,10.167679765384841,10.280451953264837,0.11277218787999566,0.011091241117164283,True
angle_p50,pubmedbert,24,common,common_native,2000,9.783896752029843,10.041846784902773,0.2579500328729303,0.02636475418849999,True
angle_p50,pubmedbert,25,common,common_native,2000,9.75362996010188,9.887975308813175,0.13434534871129422,0.013773882058356347,True
angle_p50,pubmedbert,26,common,common_native,2000,10.547033174963637,10.576468475986994,0.029435301023356786,0.002790860760088419,True
angle_p50,pubmedbert,27,common,common_native,2000,10.153703841087811,10.330818442084121,0.17711460099631005,0.017443349123459857,True
angle_p50,pubmedbert,28,common,common_native,2000,10.036620229581189,10.20299322241006,0.16637299282887064,0.01657659540992846,True
angle_p50,pubmedbert,29,common,common_native,2000,10.032573359040065,10.177368069872854,0.14479471083278916,0.014432459714069153,True
angle_p50,pubmedbert,30,common,common_native,2000,10.22576401474146,10.405821362505826,0.18005734776436633,0.01760820487396303,True
angle_p50,pubmedbert,31,common,common_native,2000,10.003031500329461,10.078394907458662,0.07536340712920087,0.007534056763364055,True
angle_p50,pubmedbert,32,common,common_native,2000,10.124661549761433,10.166088239073492,0.041426689312059395,0.004091661643053691,True
angle_p50,pubmedbert,33,common,common_native,2000,10.23573029908053,10.259486295446335,0.023755996365805387,0.0023208892449949935,True
angle_p50,pubmedbert,34,common,common_native,2000,9.766150109262526,9.950815922040489,0.184665812777963,0.018908762481832028,True
angle_p50,pubmedbert,35,common,common_native,2000,9.28490362684836,9.477434049696676,0.192530422848316,0.020735855813472558,True
angle_p50,pubmedbert,36,common,common_native,2000,10.349462899795691,10.34890588022287,-0.0005570195728203942,-5.3821109193153426e-05,True
angle_p50,biobert,11,common,common_native,2000,22.97987333738707,23.06093883857972,0.08106550119265066,0.003527673978113764,True
angle_p50,biobert,12,common,common_native,2000,25.091536732907272,24.94197290642009,-0.14956382648718147,-0.005960728036678207,True
angle_p50,biobert,13,common,common_native,2000,22.16359791805918,22.430104707225862,0.2665067891666837,0.01202452734217537,True
angle_p50,biobert,14,common,common_native,2000,23.152249834069558,23.10801284814208,-0.04423698592747627,-0.0019106992298597086,True
angle_p50,biobert,15,common,common_native,2000,21.824375572253714,21.98975066543932,0.16537509318560595,0.007577540655772739,True
angle_p50,biobert,16,common,common_native,2000,23.809356224289473,23.964117732796208,0.1547615085067342,0.006500029108256691,True
angle_p50,biobert,17,common,common_native,2000,22.612430529390256,22.587972516706316,-0.02445801268394021,-0.001081618035361178,True
angle_p50,biobert,18,common,common_native,2000,23.160344568967126,23.16019320420926,-0.00015136475786547976,-6.535514072976943e-06,True
angle_p50,biobert,19,common,common_native,2000,22.76573894919644,22.866394185274366,0.1006552360779267,0.004421347196440532,True
angle_p50,biobert,20,common,common_native,2000,23.66700209014214,23.623967476261882,-0.04303461388025909,-0.0018183381957862762,True
angle_p50,biobert,21,common,common_native,2000,23.042498337894337,23.128626953002144,0.0861286151078069,0.0037378158325030598,True
angle_p50,biobert,22,common,common_native,2000,22.80442547446217,22.836357104052304,0.03193162959013307,0.0014002382838318869,True
angle_p50,biobert,23,common,common_native,2000,23.215446781945058,23.289095000484902,0.07364821853984438,0.0031723799775036643,True
angle_p50,biobert,24,common,common_native,2000,21.232655679590895,21.618877910698174,0.38622223110727916,0.018190010563705464,True
angle_p50,biobert,25,common,common_native,2000,21.798224395160005,21.894230366031756,0.09600597087175089,0.004404302347353929,True
angle_p50,biobert,26,common,common_native,2000,24.34825451653264,24.30253671998115,-0.045717796551492995,-0.0018776621757609065,True
angle_p50,biobert,27,common,common_native,2000,22.51328528922793,22.75759263466632,0.24430734543838994,0.010851696778136827,True
angle_p50,biobert,28,common,common_native,2000,22.22690630618871,22.44735463954685,0.22044833335814218,0.009918084429804882,True
angle_p50,biobert,29,common,common_native,2000,22.699889185603876,22.880102961793984,0.18021377619010792,0.00793897162742091,True
angle_p50,biobert,30,common,common_native,2000,23.034100116716953,23.263768661294883,0.22966854457792962,0.009970806040356148,True
angle_p50,biobert,31,common,common_native,2000,22.798128696927694,22.80190614664016,0.0037774497124658524,0.00016569121802417522,True
angle_p50,biobert,32,common,common_native,2000,23.52715942008943,23.537264010706174,0.010104590616744957,0.00042948621362750764,True
angle_p50,biobert,33,common,common_native,2000,24.665759417257192,24.627397893658173,-0.038361523599018454,-0.001555254105502186,True
angle_p50,biobert,34,common,common_native,2000,21.96816435875178,22.205640326690798,0.23747596793901948,0.010810005062822316,True
angle_p50,biobert,35,common,common_native,2000,20.997331287576902,21.229818886499356,0.23248759892245374,0.011072245121931534,True
angle_p50,biobert,36,common,common_native,2000,24.15651689026507,24.113450045059547,-0.04306684520552295,-0.0017828251233884893,True
angle_p50,simcse,11,common,common_native,2000,53.86871995895911,55.096238490313624,1.2275185313545123,0.022787222942919752,True
angle_p50,simcse,12,common,common_native,2000,62.40457910426279,63.00991982078998,0.6053407165271949,0.009700261186215496,True
angle_p50,simcse,13,common,common_native,2000,52.37604041291339,53.88246990753223,1.5064294946188426,0.028761805641333477,True
angle_p50,simcse,14,common,common_native,2000,55.96318792189578,56.32974086293266,0.3665529410368791,0.0065498938614514494,True
angle_p50,simcse,15,common,common_native,2000,51.20032303976693,52.05805471940765,0.8577316796407217,0.016752466170467863,True
angle_p50,simcse,16,common,common_native,2000,50.15686598065196,50.892424680533644,0.7355586998816861,0.014665164688827016,True
angle_p50,simcse,17,common,common_native,2000,54.32959562498288,54.592248661650416,0.2626530366675368,0.0048344375408301155,True
angle_p50,simcse,18,common,common_native,2000,55.16441241394554,55.59050021247898,0.4260877985334375,0.0077239615159160595,True
angle_p50,simcse,19,common,common_native,2000,54.637197831898156,55.651543125359076,1.01434529346092,0.018565104612095013,True
angle_p50,simcse,20,common,common_native,2000,57.751810901395636,58.25361503289576,0.5018041315001227,0.008688976564854282,True
angle_p50,simcse,21,common,common_native,2000,54.74589010431177,55.368328898011434,0.6224387936996649,0.011369598567375232,True
angle_p50,simcse,22,common,common_native,2000,54.417345630708375,54.86723493932327,0.4498893086148925,0.00826738796978393,True
angle_p50,simcse,23,common,common_native,2000,56.09437036033799,57.08688646619668,0.9925161058586909,0.01769368475807793,True
angle_p50,simcse,24,common,common_native,2000,49.56063397103643,51.319315154330894,1.7586811832944633,0.03548544565273819,True
angle_p50,simcse,25,common,common_native,2000,50.05195393439936,50.69458924453305,0.6426353101336915,0.012839365092039406,True
angle_p50,simcse,26,common,common_native,2000,53.13043651255353,53.423406176319155,0.29296966376562494,0.005514158794769224,True
angle_p50,simcse,27,common,common_native,2000,51.12432746871298,52.62045365555543,1.496126186842453,0.029264466857936683,True
angle_p50,simcse,28,common,common_native,2000,51.505869281924724,52.86891758165658,1.363048299731858,0.026463941269897196,True
angle_p50,simcse,29,common,common_native,2000,53.13143812218066,54.604196225926245,1.4727581037455835,0.027719146249323045,True
angle_p50,simcse,30,common,common_native,2000,51.40544107862757,52.77097646166274,1.3655353830351729,0.02656402424300782,True
angle_p50,simcse,31,common,common_native,2000,51.38402134734538,51.887734903264054,0.5037135559186723,0.009802922050683277,True
angle_p50,simcse,32,common,common_native,2000,55.541634190119105,56.116479903752705,0.5748457136336,0.010349816349765695,True
angle_p50,simcse,33,common,common_native,2000,61.20326232001048,61.668451819950256,0.46518949993977543,0.00760073045628617,True
angle_p50,simcse,34,common,common_native,2000,50.338862657412825,51.89437793935052,1.5555152819376943,0.030900882535307567,True
angle_p50,simcse,35,common,common_native,2000,47.353482792539,48.63574866958069,1.282265877041695,0.027078596999072866,True
angle_p50,simcse,36,common,common_native,2000,56.992046821009005,57.7194030168122,0.7273561958031962,0.012762415747017364,True
pr,specter,11,common,common_native,2000,28.44822196613863,28.838638054125187,0.3904160879865586,0.013723743032210004,True
pr,specter,12,common,common_native,2000,31.210419060744027,31.334985246152453,0.12456618540842612,0.003991173113247413,True
pr,specter,13,common,common_native,2000,49.662194052688285,50.426146117026214,0.7639520643379285,0.015382970464966292,True
pr,specter,14,common,common_native,2000,32.622257332313175,32.72626702492776,0.10400969261458215,0.003188304584660299,True
pr,specter,15,common,common_native,2000,21.30902263454097,21.53864806269267,0.2296254281516994,0.010775971854264535,True
pr,specter,16,common,common_native,2000,25.654431093501433,25.75607948822295,0.10164839472151854,0.003962215897559594,True
pr,specter,17,common,common_native,2000,47.443774184646,47.55893613126878,0.11516194662277712,0.002427335274267586,True
pr,specter,18,common,common_native,2000,40.96169183000194,41.07538197987197,0.11369014987003112,0.002775523783096284,True
pr,specter,19,common,common_native,2000,23.756647740111855,24.058924265433966,0.30227652532211025,0.01272387117193021,True
pr,specter,20,common,common_native,2000,29.42094481870262,29.563752351800325,0.14280753309770589,0.004853941094608371,True
pr,specter,21,common,common_native,2000,19.9393163685578,20.196933182496046,0.2576168139382453,0.012920042451629879,True
pr,specter,22,common,common_native,2000,43.07443273979619,43.40244383059241,0.3280110907962239,0.007614983412031718,True
pr,specter,23,common,common_native,2000,31.35646981605746,31.641287292038875,0.2848174759814164,0.009083212416837915,True
pr,specter,24,common,common_native,2000,31.48155223855022,32.19836434395723,0.716812105407012,0.022769274525455307,True
pr,specter,25,common,common_native,2000,35.99657969753051,36.336790362897545,0.3402106653670387,0.009451194203053084,True
pr,specter,26,common,common_native,2000,28.8798287426971,29.049853643575712,0.17002490087861233,0.005887323723192329,True
pr,specter,27,common,common_native,2000,45.450088708252316,46.0096692977846,0.5595805895322812,0.012311980139890879,True
pr,specter,28,common,common_native,2000,42.75253031859893,43.76672432709276,1.0141940084938312,0.023722432355135232,True
pr,specter,29,common,common_native,2000,27.772768426104626,28.05153153002014,0.2787631039155123,0.010037281830841639,True
pr,specter,30,common,common_native,2000,33.84181705588845,34.204063791948506,0.3622467360600581,0.01070411601900163,True
pr,specter,31,common,common_native,2000,31.89585564765795,32.37169035096737,0.47583470330942035,0.01491838653164835,True
pr,specter,32,common,common_native,2000,37.081873189382264,37.31692310422032,0.23504991483805782,0.006338674252986771,True
pr,specter,33,common,common_native,2000,29.52460313330647,29.63774181731161,0.11313868400513982,0.003832013710541937,True
pr,specter,34,common,common_native,2000,29.239405716000928,29.747242686564107,0.5078369705631793,0.017368238448337254,True
pr,specter,35,common,common_native,2000,25.959311656038626,26.11494371399522,0.15563205795659485,0.005995230536877194,True
pr,specter,36,common,common_native,2000,39.79466083982177,40.07691120404767,0.2822503642258951,0.007092669173937335,True
pr,specter2,11,common,common_native,2000,60.25115963274317,61.09373233016229,0.8425726974191221,0.013984339928973426,True
pr,specter2,12,common,common_native,2000,58.86683560242331,58.57569868662052,-0.2911369158027881,-0.004945686528303947,True
pr,specter2,13,common,common_native,2000,71.23647572330563,72.06113254009605,0.8246568167904229,0.01157632811585918,True
pr,specter2,14,common,common_native,2000,56.05865088159587,56.139797745646426,0.08114686405055949,0.001447535086457104,True
pr,specter2,15,common,common_native,2000,43.05999907690932,43.91168279572889,0.8516837188195723,0.019778999932126864,True
pr,specter2,16,common,common_native,2000,54.55694551189982,55.37772215500062,0.8207766431007997,0.015044402420252321,True
pr,specter2,17,common,common_native,2000,49.55555602270643,49.685563350451545,0.13000732774511192,0.002623466230215283,True
pr,specter2,18,common,common_native,2000,53.874595419877004,53.79733910274469,-0.07725631713231706,-0.0014340027341312226,True
pr,specter2,19,common,common_native,2000,54.69301886933713,55.44758543711729,0.7545665677801594,0.013796396384387488,True
pr,specter2,20,common,common_native,2000,59.35037676155341,59.39153172642727,0.04115496487385428,0.0006934238183389943,True
pr,specter2,21,common,common_native,2000,33.53590662608596,34.35283591003711,0.8169292839511471,0.024359838935014724,True
pr,specter2,22,common,common_native,2000,58.51103379687875,58.97012430019413,0.45909050331538026,0.00784622102062176,True
pr,specter2,23,common,common_native,2000,57.10564632537588,57.84773412646494,0.7420878010890632,0.012994998723257664,True
pr,specter2,24,common,common_native,2000,55.56726416540612,56.73628213759415,1.1690179721880298,0.02103788965942671,True
pr,specter2,25,common,common_native,2000,58.722005246460355,59.71197982802485,0.9899745815644962,0.016858664437794723,True
pr,specter2,26,common,common_native,2000,39.514616506562334,39.53645784793881,0.021841341376479306,0.0005527408161193222,True
pr,specter2,27,common,common_native,2000,69.1082096656802,69.98176744193768,0.8735577762574707,0.01264043418985122,True
pr,specter2,28,common,common_native,2000,53.691003783318685,54.349823619461226,0.6588198361425412,0.012270581470246802,True
pr,specter2,29,common,common_native,2000,51.89133250084398,52.78538993502526,0.8940574341812777,0.017229417536478494,True
pr,specter2,30,common,common_native,2000,55.98387096875814,56.84927363114737,0.8654026623892292,0.015458071180397085,True
pr,specter2,31,common,common_native,2000,41.639618425799085,41.92907071694209,0.2894522911430073,0.006951367521746269,True
pr,specter2,32,common,common_native,2000,56.514585040114646,56.65744485373226,0.14285981361761202,0.002527839734047567,True
pr,specter2,33,common,common_native,2000,62.46821262332292,62.32423796272143,-0.14397466060148645,-0.002304766769455039,True
pr,specter2,34,common,common_native,2000,48.747335833962765,50.05380979181933,1.3064739578565678,0.026800930461236286,True
pr,specter2,35,common,common_native,2000,55.39067946872318,56.29841684053103,0.9077373718078547,0.01638790822778075,True
pr,specter2,36,common,common_native,2000,62.33377407015627,62.158895441213005,-0.17487862894326156,-0.0028055196649321565,True
pr,scincl,11,common,common_native,2000,31.67278227265575,31.94499029673164,0.2722080240758906,0.008594383080481615,True
pr,scincl,12,common,common_native,2000,32.381630037618315,32.84013517799138,0.4585051403730631,0.014159421247182726,True
pr,scincl,13,common,common_native,2000,46.051111218973695,46.38945232438263,0.33834110540893647,0.007347077984722663,True
pr,scincl,14,common,common_native,2000,38.50905596947926,38.614655733169876,0.10559976369061275,0.0027422059832966795,True
pr,scincl,15,common,common_native,2000,21.375323769162595,21.545640644393846,0.17031687523125072,0.007967920255643598,True
pr,scincl,16,common,common_native,2000,35.26666576345812,35.64459327584133,0.3779275123832093,0.010716281343920026,True
pr,scincl,17,common,common_native,2000,43.86410006260697,43.82714164442975,-0.03695841817722112,-0.0008425664295966539,True
pr,scincl,18,common,common_native,2000,38.369531323500865,38.39168700457177,0.02215568107090604,0.0005774290252363849,True
pr,scincl,19,common,common_native,2000,25.686176583559238,26.102516050904534,0.4163394673452956,0.016208697545580953,True
pr,scincl,20,common,common_native,2000,35.360219267589976,35.424482343786735,0.06426307619675953,0.0018173834192159823,True
pr,scincl,21,common,common_native,2000,18.99048838631434,19.09455840268359,0.10407001636924917,0.005480112688636704,True
pr,scincl,22,common,common_native,2000,39.008767849995365,39.12395366075317,0.11518581075780787,0.0029528184843147145,True
pr,scincl,23,common,common_native,2000,32.86721621290331,33.11390388183679,0.24668766893348248,0.007505584511189469,True
pr,scincl,24,common,common_native,2000,35.87166859236268,36.379535821322726,0.5078672289600448,0.014157892534393372,True
pr,scincl,25,common,common_native,2000,32.151337581868404,32.45381361288577,0.3024760310173633,0.00940788327226371,True
pr,scincl,26,common,common_native,2000,25.502839189158617,25.574445927964685,0.07160673880606794,0.0028077947821789316,True
pr,scincl,27,common,common_native,2000,47.6627104563794,47.915514328656975,0.2528038722775747,0.005304017959887933,True
pr,scincl,28,common,common_native,2000,35.70503353278055,35.8929028887402,0.1878693559596556,0.005261705069879686,True
pr,scincl,29,common,common_native,2000,29.23088735772765,29.446469192438357,0.2155818347107079,0.007375138225275786,True
pr,scincl,30,common,common_native,2000,29.871705851836552,30.295378168498647,0.4236723166620955,0.014183064025988578,True
pr,scincl,31,common,common_native,2000,34.29250981438463,34.70402279195286,0.41151297756822913,0.012000083394176426,True
pr,scincl,32,common,common_native,2000,37.189029729759355,37.26146283389143,0.07243310413207382,0.0019477008316275458,True
pr,scincl,33,common,common_native,2000,35.51605053812166,35.85894311660224,0.34289257848057986,0.00965458076799759,True
pr,scincl,34,common,common_native,2000,31.925655911675804,32.25082079763363,0.32516488595782533,0.010185065166943258,True
pr,scincl,35,common,common_native,2000,27.76379535255488,27.9744008434336,0.21060549087872005,0.007585616022751,True
pr,scincl,36,common,common_native,2000,41.99407726571449,42.23667235186892,0.24259508615443082,0.005776888122089883,True
pr,scibert,11,common,common_native,2000,40.98142923038412,47.73108544204623,6.749656211662106,0.16470036156420406,True
pr,scibert,12,common,common_native,2000,37.5055492129999,40.910307504050806,3.4047582910509036,0.09078012087530692,True
pr,scibert,13,common,common_native,2000,43.83606709973101,56.07820915937266,12.242142059641651,0.279270994630738,True
pr,scibert,14,common,common_native,2000,36.62834856905881,38.54886190850669,1.9205133394478793,0.05243243046644481,True
pr,scibert,15,common,common_native,2000,34.988079222846146,36.943982418472025,1.9559031956258792,0.05590198830774152,True
pr,scibert,16,common,common_native,2000,27.083546382335967,28.009523300029528,0.9259769176935606,0.03418964801070098,True
pr,scibert,17,common,common_native,2000,43.65798309469753,44.9934638212282,1.335480726530669,0.03058961115161707,True
pr,scibert,18,common,common_native,2000,44.04223041298987,46.69754643331301,2.6553160203231343,0.060290225890557346,True
pr,scibert,19,common,common_native,2000,31.369464480322666,35.16619246689469,3.7967279865720265,0.12103260446009927,True
pr,scibert,20,common,common_native,2000,39.58077606890505,41.832987693446405,2.252211624541353,0.05690165399032453,True
pr,scibert,21,common,common_native,2000,25.004255529135072,26.348122428590436,1.3438668994553638,0.053745527351913513,True
pr,scibert,22,common,common_native,2000,42.66503308195868,45.190728742588426,2.5256956606297436,0.05919825857811788,True
pr,scibert,23,common,common_native,2000,38.65925202905513,44.19154189623858,5.532289867183451,0.14310390338192647,True
pr,scibert,24,common,common_native,2000,36.982937506780324,44.37680091360011,7.393863406819783,0.19992634185600366,True
pr,scibert,25,common,common_native,2000,38.262246747691634,43.28965835994427,5.027411612252635,0.13139352859763626,True
pr,scibert,26,common,common_native,2000,33.560341005876495,35.168739557267585,1.6083985513910903,0.04792557236261264,True
pr,scibert,27,common,common_native,2000,41.18394935963473,55.92476358598935,14.740814226354622,0.35792619346998344,True
pr,scibert,28,common,common_native,2000,41.64869909903293,51.01452957017692,9.365830471143987,0.22487690309062877,True
pr,scibert,29,common,common_native,2000,35.813878970435034,43.1249284492259,7.3110494787908635,0.20414011799242018,True
pr,scibert,30,common,common_native,2000,32.2425916198227,36.85339528713538,4.61080366731268,0.1430035067180507,True
pr,scibert,31,common,common_native,2000,38.43092959178924,40.04783009013428,1.6169004983450463,0.042072895855490754,True
pr,scibert,32,common,common_native,2000,37.51349715014636,41.55915251039174,4.045655360245384,0.10784532681804634,True
pr,scibert,33,common,common_native,2000,37.930378262305894,39.97420998213623,2.0438317198303366,0.05388376845852437,True
pr,scibert,34,common,common_native,2000,36.48170548936704,46.67012238232175,10.188416892954713,0.27927468730660715,True
pr,scibert,35,common,common_native,2000,34.08454529416867,41.43745070532734,7.352905411158673,0.21572549516794168,True
pr,scibert,36,common,common_native,2000,34.32703073256125,41.11055008355489,6.783519350993643,0.1976145097967669,True
pr,bert,11,common,common_native,2000,29.00340469715186,30.155232761937054,1.1518280647851924,0.039713546627106924,True
pr,bert,12,common,common_native,2000,39.320628093359446,40.72093109245053,1.4003029990910818,0.03561242703871172,True
pr,bert,13,common,common_native,2000,20.18336001789122,20.428248878300746,0.2448888604095245,0.012133205779040092,True
pr,bert,14,common,common_native,2000,33.339791424334706,33.677384257318494,0.3375928329837876,0.010125823184885875,True
pr,bert,15,common,common_native,2000,17.357512958740124,16.742889261331666,-0.614623697408458,-0.035409663750184506,True
pr,bert,16,common,common_native,2000,11.965002586788964,11.832384156998677,-0.1326184297902877,-0.011083861355510026,True
pr,bert,17,common,common_native,2000,26.176438548893188,26.116495662567438,-0.05994288632575007,-0.0022899557636072926,True
pr,bert,18,common,common_native,2000,28.1988351852855,28.39002947501785,0.1911942897323513,0.006780219412471294,True
pr,bert,19,common,common_native,2000,26.43271149716515,27.314012060549494,0.8813005633843431,0.0333412848499807,True
pr,bert,20,common,common_native,2000,34.30408616281215,34.615000407029896,0.3109142442177486,0.00906347549216454,True
pr,bert,21,common,common_native,2000,14.845574763220094,14.648639585925501,-0.1969351772945931,-0.013265581187364999,True
pr,bert,22,common,common_native,2000,29.70928719659126,29.91172677805402,0.20243958146276242,0.006814016779439583,True
pr,bert,23,common,common_native,2000,30.105262360909983,31.329378463492827,1.224116102582844,0.04066120028810282,True
pr,bert,24,common,common_native,2000,16.16447798964324,16.75832962882631,0.5938516391830717,0.036738064759255395,True
pr,bert,25,common,common_native,2000,26.07183133519777,25.634789153749423,-0.43704218144834783,-0.016763002791381498,True
pr,bert,26,common,common_native,2000,10.824480332720313,10.765869325192407,-0.05861100752790627,-0.0054146717187647814,True
pr,bert,27,common,common_native,2000,24.649113505810835,25.309137986174857,0.6600244803640223,0.0267768039693771,True
pr,bert,28,common,common_native,2000,19.15444132341899,19.546149726362373,0.39170840294338305,0.02045000406586981,True
pr,bert,29,common,common_native,2000,20.622602215380628,21.126022876149644,0.5034206607690166,0.02441111240527921,True
pr,bert,30,common,common_native,2000,18.589004510195736,19.008057398720908,0.4190528885251723,0.022543051635461667,True
pr,bert,31,common,common_native,2000,23.120966957872326,22.975851519051812,-0.1451154388205147,-0.00627635682733006,True
pr,bert,32,common,common_native,2000,30.15880215375334,30.479194247976256,0.3203920942229175,0.01062350197429986,True
pr,bert,33,common,common_native,2000,35.57285391867461,35.94771679413183,0.3748628754572181,0.010537891514530046,True
pr,bert,34,common,common_native,2000,25.699672731170644,26.918737093321624,1.2190643621509807,0.0474350150254015,True
pr,bert,35,common,common_native,2000,24.36268950022946,24.625037254132977,0.2623477539035157,0.01076842332621137,True
pr,bert,36,common,common_native,2000,30.812991339254467,31.9542179128623,1.1412265736078346,0.03703718866639084,True
pr,mpnet,11,common,common_native,2000,57.56598867855712,59.743018790927124,2.177030112370005,0.03781799222673529,True
pr,mpnet,12,common,common_native,2000,77.35922370868091,79.32544837089242,1.966224662211502,0.025416809631077786,True
pr,mpnet,13,common,common_native,2000,71.47627538530918,74.36817355196236,2.891898166653178,0.04045955320228622,True
pr,mpnet,14,common,common_native,2000,70.00764045909528,70.64691184412668,0.6392713850313925,0.00913145166497808,True
pr,mpnet,15,common,common_native,2000,34.59155894497395,35.516549045950576,0.924990100976629,0.02674034155118723,True
pr,mpnet,16,common,common_native,2000,56.51083536649493,58.176654655749786,1.6658192892548556,0.02947787408293231,True
pr,mpnet,17,common,common_native,2000,88.00701059970011,88.60655532220512,0.5995447225050157,0.006812465489051149,True
pr,mpnet,18,common,common_native,2000,70.01305993496514,70.56496076212774,0.5519008271625978,0.007882826827955474,True
pr,mpnet,19,common,common_native,2000,49.06461796151757,50.858615044192824,1.7939970826752543,0.036563967217319915,True
pr,mpnet,20,common,common_native,2000,71.54621776834587,72.53529245050986,0.989074682163988,0.013824276293212853,True
pr,mpnet,21,common,common_native,2000,35.055518882677816,35.949324324458715,0.8938054417808985,0.02549685385551545,True
pr,mpnet,22,common,common_native,2000,84.47452928687352,85.28249576441267,0.8079664775391535,0.009564616510561643,True
pr,mpnet,23,common,common_native,2000,59.89184936682958,61.52921695038943,1.6373675835598505,0.0273387380899059,True
pr,mpnet,24,common,common_native,2000,50.03350185933687,52.59404855863618,2.5605466992993087,0.05117664373159359,True
pr,mpnet,25,common,common_native,2000,59.71264314914663,60.82406741615776,1.111424267011131,0.01861288009366932,True
pr,mpnet,26,common,common_native,2000,61.91527684014969,62.59096199876551,0.6756851586158206,0.010913060444844278,True
pr,mpnet,27,common,common_native,2000,77.22651470133387,79.82180858521427,2.5952938838804016,0.0336062541980232,True
pr,mpnet,28,common,common_native,2000,56.47891113843272,58.51822307312642,2.0393119346937,0.036107493816501544,True
pr,mpnet,29,common,common_native,2000,43.95777768077282,45.47754510490185,1.5197674241290287,0.0345733452488381,True
pr,mpnet,30,common,common_native,2000,47.50837249513945,49.51799345575829,2.0096209606188395,0.04230035370764264,True
pr,mpnet,31,common,common_native,2000,56.28301357496777,57.68942185127329,1.4064082763055197,0.024988148057001495,True
pr,mpnet,32,common,common_native,2000,72.32259630685624,73.38669571448179,1.064099407625548,0.014713235723876669,True
pr,mpnet,33,common,common_native,2000,79.10743082068832,80.57824434186291,1.4708135211745912,0.01859260888535823,True
pr,mpnet,34,common,common_native,2000,40.12530103917139,41.474147218858725,1.3488461796873352,0.03361585196259476,True
pr,mpnet,35,common,common_native,2000,40.76145229321879,42.226340347392,1.4648880541732083,0.035938073149000924,True
pr,mpnet,36,common,common_native,2000,71.20806676357195,72.61385268149843,1.4057859179264796,0.019741947532349525,True
pr,minilm,11,common,common_native,2000,68.49488887603681,68.51643386926278,0.02154499322597303,0.00031454891860567167,True
pr,minilm,12,common,common_native,2000,89.57217507044912,89.53258997618023,-0.03958509426888668,-0.00044193516834611566,True
pr,minilm,13,common,common_native,2000,77.42726667538193,77.42894824740854,0.0016815720266123435,2.1718085873577673e-05,True
pr,minilm,14,common,common_native,2000,79.49302719674057,79.49582324288407,0.002796046143501485,3.5173476745091555e-05,True
pr,minilm,15,common,common_native,2000,46.9681601698628,46.97635306488931,0.008192895026510882,0.00017443508531909385,True
pr,minilm,16,common,common_native,2000,66.7924894437652,66.81280188137221,0.02031243760700363,0.0003041125997273292,True
pr,minilm,17,common,common_native,2000,84.30263398086221,84.30949391954492,0.006859938682708844,8.137276807111553e-05,True
pr,minilm,18,common,common_native,2000,78.5933717995616,78.60106057508348,0.00768877552188485,9.782982134286976e-05,True
pr,minilm,19,common,common_native,2000,61.07311682649729,61.082052523743556,0.008935697246265306,0.00014631146583939285,True
pr,minilm,20,common,common_native,2000,78.97453089599307,78.96122638862313,-0.013304507369937824,-0.0001684657980109997,True
pr,minilm,21,common,common_native,2000,42.006688104457425,42.01045276036703,0.0037646559096060628,8.962039331081154e-05,True
pr,minilm,22,common,common_native,2000,92.51853898131566,92.52540761627036,0.00686863495469936,7.424063361059449e-05,True
pr,minilm,23,common,common_native,2000,70.40774639345966,70.41838218975641,0.010635796296753597,0.0001510600302034604,True
pr,minilm,24,common,common_native,2000,54.12112848717835,54.104817912316435,-0.01631057486191878,-0.0003013716697681731,True
pr,minilm,25,common,common_native,2000,70.8919865398156,70.93429421066458,0.04230767084897025,0.0005967905952982242,True
pr,minilm,26,common,common_native,2000,67.62249417149245,67.60961244664824,-0.012881724844206133,-0.00019049467195838318,True
pr,minilm,27,common,common_native,2000,81.80149865746914,81.81257681707989,0.011078159610747207,0.00013542734292846213,True
pr,minilm,28,common,common_native,2000,65.6976497494608,65.69701903862253,-0.0006307108382657134,-9.600203974890134e-06,True
pr,minilm,29,common,common_native,2000,53.78158565719912,53.78328520616576,0.0016995489666342678,3.160094567436334e-05,True
pr,minilm,30,common,common_native,2000,63.80664270678575,63.82183678741447,0.015194080628717188,0.00023812694077228605,True
pr,minilm,31,common,common_native,2000,70.09250859376507,70.08028820904373,-0.012220384721345567,-0.00017434651671794502,True
pr,minilm,32,common,common_native,2000,77.59957005077197,77.57205273473376,-0.027517316038213835,-0.00035460655284829236,True
pr,minilm,33,common,common_native,2000,85.94241118527974,85.94645702887404,0.004045843594298049,4.707621695155584e-05,True
pr,minilm,34,common,common_native,2000,52.925146705990514,52.939582246181445,0.014435540190930851,0.00027275390035521463,True
pr,minilm,35,common,common_native,2000,52.974764158722536,52.976321155896166,0.0015569971736297816,2.9391299769919127e-05,True
pr,minilm,36,common,common_native,2000,83.99657684526672,83.98764560253827,-0.008931242728451139,-0.00010632865128425079,True
pr,pubmedbert,11,common,common_native,2000,32.7656236586874,38.25668178803487,5.491058129347465,0.16758594881472913,True
pr,pubmedbert,12,common,common_native,2000,27.713520231433687,28.710650165911993,0.9971299344783056,0.035979908945213114,True
pr,pubmedbert,13,common,common_native,2000,35.96218327050881,44.965583425694845,9.003400155186036,0.25035744041072655,True
pr,pubmedbert,14,common,common_native,2000,29.759911559609364,31.01851193495303,1.258600375343665,0.04229180496127071,True
pr,pubmedbert,15,common,common_native,2000,28.938172721595066,30.702623378934486,1.7644506573394203,0.06097311928830606,True
pr,pubmedbert,16,common,common_native,2000,24.26742596490669,24.82871649898102,0.561290534074331,0.023129380713307526,True
pr,pubmedbert,17,common,common_native,2000,32.730751453060016,33.5950900002534,0.864338547193384,0.02640753752424393,True
pr,pubmedbert,18,common,common_native,2000,34.88318954662228,36.41066508151524,1.5274755348929574,0.04378829902728496,True
pr,pubmedbert,19,common,common_native,2000,29.861000510839574,30.97179021598246,1.110789705142885,0.037198676740240744,True
pr,pubmedbert,20,common,common_native,2000,28.05342888835888,29.16223946011422,1.1088105717553383,0.03952495704421548,True
pr,pubmedbert,21,common,common_native,2000,19.791746048800942,21.488733814891123,1.6969877660901815,0.08574219585810577,True
pr,pubmedbert,22,common,common_native,2000,33.47683725801388,35.471353483058614,1.994516225044734,0.059578992175172554,True
pr,pubmedbert,23,common,common_native,2000,31.92550371476544,35.3827201155716,3.4572164008061606,0.10829011287321394,True
pr,pubmedbert,24,common,common_native,2000,33.10334605819178,40.49505305267712,7.3917069944853395,0.22329183827796711,True
pr,pubmedbert,25,common,common_native,2000,32.37943111795226,35.674333307026316,3.294902189074058,0.10175911297117424,True
pr,pubmedbert,26,common,common_native,2000,19.692010777053984,19.972623073457385,0.280612296403401,0.014250058035230363,True
pr,pubmedbert,27,common,common_native,2000,34.82363164768832,46.689496302531005,11.865864654842682,0.3407417346613924,True
pr,pubmedbert,28,common,common_native,2000,32.32905198928771,39.360732538758334,7.031680549470622,0.2175034563896455,True
pr,pubmedbert,29,common,common_native,2000,28.46749946478867,35.405372067374756,6.937872602586086,0.243712048231265,True
pr,pubmedbert,30,common,common_native,2000,28.08563111689497,31.994747526073482,3.9091164091785124,0.13918563527764116,True
pr,pubmedbert,31,common,common_native,2000,29.346648564610703,30.146777593275335,0.8001290286646316,0.02726474973464302,True
pr,pubmedbert,32,common,common_native,2000,25.13135699131654,27.486873066245256,2.3555160749287154,0.09372816898596444,True
pr,pubmedbert,33,common,common_native,2000,26.677504228493763,28.142871690983416,1.4653674624896524,0.0549289562448844,True
pr,pubmedbert,34,common,common_native,2000,30.351301374838595,39.85737952309848,9.506078148259885,0.3132016657493467,True
pr,pubmedbert,35,common,common_native,2000,29.612973561727443,35.518293852911846,5.9053202911844025,0.1994166603659346,True
pr,pubmedbert,36,common,common_native,2000,26.628878776733142,31.184916436517586,4.556037659784444,0.17109386009016875,True
pr,biobert,11,common,common_native,2000,42.09250882533743,46.312353201558714,4.219844376221282,0.10025167171031539,True
pr,biobert,12,common,common_native,2000,28.092513888157228,30.86999438441205,2.777480496254821,0.09886906196122608,True
pr,biobert,13,common,common_native,2000,52.04875624705626,58.69479202855403,6.646035781497773,0.12768865695755516,True
pr,biobert,14,common,common_native,2000,38.998882010342996,40.39236299476205,1.3934809844190568,0.035731305939731506,True
pr,biobert,15,common,common_native,2000,32.63906561650755,32.71856817212413,0.07950255561657826,0.002435809791575927,True
pr,biobert,16,common,common_native,2000,25.036510287372145,25.133947120506438,0.0974368331342923,0.0038917897109421538,True
pr,biobert,17,common,common_native,2000,36.943994659820255,37.67758513484727,0.7335904750270146,0.01985682603578483,True
pr,biobert,18,common,common_native,2000,40.88941919238768,41.79968183509989,0.9102626427122118,0.022261569391077925,True
pr,biobert,19,common,common_native,2000,32.88201360508451,34.83991956132711,1.9579059562425982,0.05954337163645749,True
pr,biobert,20,common,common_native,2000,37.73878129955701,39.44603640321489,1.7072551036578787,0.045238744995666276,True
pr,biobert,21,common,common_native,2000,24.910627358422627,25.397932365253162,0.48730500683053535,0.019562133053456433,True
pr,biobert,22,common,common_native,2000,40.611741958911885,41.06184876389398,0.45010680498209155,0.011083169134618211,True
pr,biobert,23,common,common_native,2000,41.30540481412006,43.81267750218951,2.507272688069449,0.06070083804655873,True
pr,biobert,24,common,common_native,2000,43.81402564241321,48.549943758212464,4.735918115799251,0.1080913713442197,True
pr,biobert,25,common,common_native,2000,39.191336075677945,40.8270696713276,1.6357335956496541,0.04173712252348515,True
pr,biobert,26,common,common_native,2000,19.24917865087948,19.537619730057664,0.2884410791781846,0.014984591519961087,True
pr,biobert,27,common,common_native,2000,50.817351990595924,59.880819786285464,9.06346779568954,0.17835379925673406,True
pr,biobert,28,common,common_native,2000,43.18199322377794,46.51471612746741,3.332722903689472,0.07717853333954779,True
pr,biobert,29,common,common_native,2000,40.43156017866995,43.79514393508249,3.3635837564125453,0.08319203467658999,True
pr,biobert,30,common,common_native,2000,35.166730187479295,37.2575223901129,2.090792202633601,0.059453699319989756,True
pr,biobert,31,common,common_native,2000,29.388201355963183,29.683491126748443,0.29528977078526,0.0100479021226436,True
pr,biobert,32,common,common_native,2000,37.3912176536573,39.864955214406244,2.473737560748944,0.06615825094711734,True
pr,biobert,33,common,common_native,2000,34.76196409285396,36.11279459417653,1.3508305013225694,0.03885944124774758,True
pr,biobert,34,common,common_native,2000,43.35932032091693,49.503824313458246,6.144503992541317,0.1417112617786389,True
pr,biobert,35,common,common_native,2000,37.72026983571077,40.40547944934782,2.685209613637049,0.07118744445181276,True
pr,biobert,36,common,common_native,2000,38.83841410631631,42.39545741439156,3.557043308075251,0.09158569910548349,True
pr,simcse,11,common,common_native,2000,40.66525389694442,42.30607023802441,1.64081634107999,0.04034934455931875,True
pr,simcse,12,common,common_native,2000,54.08921701529878,55.825797387634566,1.736580372335787,0.03210585155715245,True
pr,simcse,13,common,common_native,2000,34.28813234357553,35.625557419617095,1.337425076041562,0.0390054804572099,True
pr,simcse,14,common,common_native,2000,42.785314805416995,42.877019505001535,0.09170469958453964,0.0021433685833936885,True
pr,simcse,15,common,common_native,2000,30.213234520949243,30.44861928398806,0.23538476303881595,0.007790783303111917,True
pr,simcse,16,common,common_native,2000,27.225135111273232,27.628824902312957,0.40368979103972435,0.014827834256461293,True
pr,simcse,17,common,common_native,2000,38.70683176118991,38.883391107436935,0.17655934624702496,0.004561451769970368,True
pr,simcse,18,common,common_native,2000,40.177185514903584,40.50407774457642,0.32689222967283627,0.0081362650340845,True
pr,simcse,19,common,common_native,2000,37.014525484764135,38.743077797511056,1.7285523127469204,0.0466992968330345,True
pr,simcse,20,common,common_native,2000,45.4368366252074,45.78442950127101,0.3475928760636151,0.007650023678602174,True
pr,simcse,21,common,common_native,2000,25.99578489510599,26.266571011004903,0.2707861158989111,0.010416539334801533,True
pr,simcse,22,common,common_native,2000,39.556631389386155,39.8663399620498,0.30970857266364504,0.007829498159611896,True
pr,simcse,23,common,common_native,2000,41.10524476034241,42.46791375788354,1.3626689975411281,0.033150733087370064,True
pr,simcse,24,common,common_native,2000,27.3781910233646,28.457146217219147,1.0789551938545472,0.03940929453424314,True
pr,simcse,25,common,common_native,2000,37.45800334508093,37.826050820746,0.36804747566506535,0.00982560315013155,True
pr,simcse,26,common,common_native,2000,30.626427505034187,30.821741920704508,0.19531441567032104,0.006377316310830456,True
pr,simcse,27,common,common_native,2000,40.20695818150869,41.58015633667909,1.3731981551703996,0.03415324653437568,True
pr,simcse,28,common,common_native,2000,36.20772659046246,37.0685475894816,0.8608209990191398,0.023774511135584254,True
pr,simcse,29,common,common_native,2000,33.4249548942206,34.30710857288653,0.8821536786659294,0.026392067886334226,True
pr,simcse,30,common,common_native,2000,31.506435092255067,32.329001231527926,0.8225661392728583,0.02610787722775599,True
pr,simcse,31,common,common_native,2000,37.59023935450246,37.935294781603154,0.3450554271006965,0.009179388932498688,True
pr,simcse,32,common,common_native,2000,40.96151952603293,41.37757465797338,0.4160551319404533,0.010157219184118185,True
pr,simcse,33,common,common_native,2000,49.73183234747976,50.36127246062497,0.6294401131452076,0.012656684530488762,True
pr,simcse,34,common,common_native,2000,35.87243886531884,36.81747378499348,0.9450349196746402,0.026344317519718226,True
pr,simcse,35,common,common_native,2000,30.5649316281708,30.44292941127974,-0.12200221689106172,-0.003991574997622958,True
pr,simcse,36,common,common_native,2000,41.83148145088406,42.436901962885386,0.6054205120013236,0.01447284415953977,True
gap_25,specter,11,common,common_native,2000,0.06593123750290932,0.06594091514603645,9.677643127134483e-06,0.0001467838841445596,True
gap_25,specter,12,common,common_native,2000,0.08559984969879421,0.08697528799944029,0.001375438300646084,0.016068232660290047,True
gap_25,specter,13,common,common_native,2000,0.07985902082367617,0.08163032667145606,0.0017713058477798888,0.022180410296925922,True
gap_25,specter,14,common,common_native,2000,0.0898651328945713,0.08970959266028189,-0.00015554023428941688,-0.001730818497446555,True
gap_25,specter,15,common,common_native,2000,0.02828337182732575,0.029297269794108783,0.0010138979667830318,0.03584784632373508,True
gap_25,specter,16,common,common_native,2000,0.055614204096831814,0.056381265395241506,0.0007670612984096922,0.013792542945937611,True
gap_25,specter,17,common,common_native,2000,0.06276483525314473,0.06316130330854827,0.0003964680554035399,0.006316722633055514,True
gap_25,specter,18,common,common_native,2000,0.08372261736516762,0.08353416568800243,-0.00018845167716519118,-0.002250905228431088,True
gap_25,specter,19,common,common_native,2000,0.04895771071888006,0.04868119116954304,-0.00027651954933702316,-0.005648130708660487,True
gap_25,specter,20,common,common_native,2000,0.07573123872899291,0.07572931984054565,-1.9188884472637335e-06,-2.5338136275976523e-05,True
gap_25,specter,21,common,common_native,2000,0.016501946588271022,0.01648502857577525,-1.691801249577296e-05,-0.0010252131410846805,True
gap_25,specter,22,common,common_native,2000,0.092321984153691,0.09274209693458081,0.0004201127808898114,0.004550517243979916,True
gap_25,specter,23,common,common_native,2000,0.07555458402373841,0.07631770869068148,0.0007631246669430741,0.010100309290344433,True
gap_25,specter,24,common,common_native,2000,0.061001326170521744,0.06272453033525084,0.0017232041647290974,0.028248634462668745,True
gap_25,specter,25,common,common_native,2000,0.09249956553282436,0.09303822824250838,0.0005386627096840152,0.005823407997444761,True
gap_25,specter,26,common,common_native,2000,0.02988646724829059,0.030284392819929607,0.00039792557163901773,0.013314573727738858,True
gap_25,specter,27,common,common_native,2000,0.11169192414430712,0.11374018137935267,0.0020482572350455502,0.018338454196555703,True
gap_25,specter,28,common,common_native,2000,0.07976087486857199,0.08382846779619736,0.004067592927625374,0.05099734593342731,True
gap_25,specter,29,common,common_native,2000,0.025415800762386056,0.0259399963813653,0.0005241956189792445,0.02062479258001677,True
gap_25,specter,30,common,common_native,2000,0.04167439722291103,0.04222336073848788,0.0005489635155768516,0.013172680402322697,True
gap_25,specter,31,common,common_native,2000,0.04909476098664844,0.050100709013073924,0.0010059480264254864,0.02048992613894299,True
gap_25,specter,32,common,common_native,2000,0.09267061611190133,0.09299460842142641,0.0003239923095250813,0.003496170880463934,True
gap_25,specter,33,common,common_native,2000,0.08173166254770366,0.08108721828276179,-0.000644444264941868,-0.007884878942303792,True
gap_25,specter,34,common,common_native,2000,0.04534622463987242,0.04700386510836355,0.0016576404684911297,0.03655520347406353,True
gap_25,specter,35,common,common_native,2000,0.06114284788992846,0.06139339591680746,0.00025054802687900224,0.004097748723285637,True
gap_25,specter,36,common,common_native,2000,0.09979274597827816,0.1011815991620551,0.0013888531837769474,0.013917376159578358,True
gap_25,specter2,11,common,common_native,2000,0.12463034518397237,0.1273405525867568,0.002710207402784437,0.021745967234414538,True
gap_25,specter2,12,common,common_native,2000,0.1193765770854024,0.1196319390379397,0.00025536195253729466,0.0021391294571514465,True
gap_25,specter2,13,common,common_native,2000,0.14325692341046908,0.14451140147070354,0.0012544780602344596,0.008756840719244314,True
gap_25,specter2,14,common,common_native,2000,0.13161978459546828,0.13152029391033146,-9.949068513681603e-05,-0.0007558946053786622,True
gap_25,specter2,15,common,common_native,2000,0.03952892489792474,0.038446093235916384,-0.0010828316620083572,-0.027393400270929343,True
gap_25,specter2,16,common,common_native,2000,0.10616028386296168,0.10773314921694979,0.0015728653539881093,0.014815949023068382,True
gap_25,specter2,17,common,common_native,2000,0.09807135329771499,0.09840738095362507,0.0003360276559100789,0.0034263589173690757,True
gap_25,specter2,18,common,common_native,2000,0.09320916006782054,0.0934105894423577,0.00020142937453715426,0.0021610469871264893,True
gap_25,specter2,19,common,common_native,2000,0.09812078670595373,0.09820063305422551,7.984634827178094e-05,0.0008137556877836984,True
gap_25,specter2,20,common,common_native,2000,0.1286860623838033,0.12888929794234183,0.00020323555853851705,0.0015793129012866328,True
gap_25,specter2,21,common,common_native,2000,0.025835559486204817,0.025997116184519012,0.00016155669831419486,0.00625326880962109,True
gap_25,specter2,22,common,common_native,2000,0.11992887361618552,0.12098203157872632,0.001053157962540796,0.008781521336648846,True
gap_25,specter2,23,common,common_native,2000,0.11462044875402937,0.11542589217906604,0.0008054434250366754,0.00702704826051696,True
gap_25,specter2,24,common,common_native,2000,0.07652422881905334,0.08206367500314292,0.00553944618408958,0.07238813470682562,True
gap_25,specter2,25,common,common_native,2000,0.1487306603817768,0.14900664198959918,0.00027598160782238423,0.0018555797917790922,True
gap_25,specter2,26,common,common_native,2000,0.06531329935612883,0.06629126203112025,0.0009779626749914228,0.014973407937317032,True
gap_25,specter2,27,common,common_native,2000,0.19155168935484504,0.19438657954859961,0.0028348901937545745,0.01479960945947601,True
gap_25,specter2,28,common,common_native,2000,0.08585594995956831,0.0857318759714438,-0.0001240739881245151,-0.0014451414046777725,True
gap_25,specter2,29,common,common_native,2000,0.03226041940523969,0.03559676879497139,0.0033363493897317006,0.10341928131256148,True
gap_25,specter2,30,common,common_native,2000,0.06298419816391364,0.061623117142455976,-0.0013610810214576621,-0.021609880908787755,True
gap_25,specter2,31,common,common_native,2000,0.04986367310817315,0.053092902582709524,0.0032292294745363756,0.06476116325267409,True
gap_25,specter2,32,common,common_native,2000,0.1286064116560873,0.1319663691898048,0.0033599575337175114,0.026125894428207345,True
gap_25,specter2,33,common,common_native,2000,0.17081222777128918,0.17402871938067987,0.0032164916093906926,0.018830569985290792,True
gap_25,specter2,34,common,common_native,2000,0.0571406171788184,0.06110825412376228,0.003967636944943877,0.06943636839846122,True
gap_25,specter2,35,common,common_native,2000,0.09622400055549095,0.09621875903867391,-5.241516817036662e-06,-5.4472031788097995e-05,True
gap_25,specter2,36,common,common_native,2000,0.16778053982915503,0.1700672363858854,0.002286696556730361,0.013629092855815239,True
gap_25,scincl,11,common,common_native,2000,0.07399509913045996,0.07548924886805902,0.0014941497375990653,0.02019254998178658,True
gap_25,scincl,12,common,common_native,2000,0.08206712428309745,0.08159318845831645,-0.00047393582478100216,-0.005774977847964072,True
gap_25,scincl,13,common,common_native,2000,0.08733506479358853,0.08742337065805873,8.830586447020061e-05,0.0010111158064507826,True
gap_25,scincl,14,common,common_native,2000,0.1003816977230883,0.1007948090619001,0.00041311133881179185,0.004115404981009542,True
gap_25,scincl,15,common,common_native,2000,0.024251310974836997,0.024682409176501066,0.0004310982016640687,0.017776284428968534,True
gap_25,scincl,16,common,common_native,2000,0.09406164670941404,0.09604553162141294,0.0019838849119988983,0.021091326607620867,True
gap_25,scincl,17,common,common_native,2000,0.07639701016438034,0.07688072629256512,0.0004837161281847774,0.006331610715445343,True
gap_25,scincl,18,common,common_native,2000,0.06460379861505373,0.06585353251103747,0.0012497338959837345,0.019344588441778193,True
gap_25,scincl,19,common,common_native,2000,0.054134959864628567,0.05427207494061537,0.00013711507598680034,0.0025328378617010937,True
gap_25,scincl,20,common,common_native,2000,0.05916905341163593,0.060010994807222405,0.0008419413955864721,0.014229421412729574,True
gap_25,scincl,21,common,common_native,2000,0.018640589681298052,0.0358361077943091,0.017195518113011045,0.9224771537277688,True
gap_25,scincl,22,common,common_native,2000,0.09814613085247077,0.0969599149350917,-0.001186215917379066,-0.012086221912936507,True
gap_25,scincl,23,common,common_native,2000,0.07048439091293536,0.07078146988889893,0.00029707897596356614,0.004214819368028985,True
gap_25,scincl,24,common,common_native,2000,0.0632984711527453,0.06307302472722577,-0.00022544642551952654,-0.003561640927716921,True
gap_25,scincl,25,common,common_native,2000,0.0860396884438681,0.08678604057865609,0.000746352134787992,0.008674509964955402,True
gap_25,scincl,26,common,common_native,2000,0.025558750173521685,0.02591541786479574,0.00035666769127405684,0.013954817385536986,True
gap_25,scincl,27,common,common_native,2000,0.09471157982773883,0.09261116803214516,-0.0021004117955936707,-0.022176927039057888,True
gap_25,scincl,28,common,common_native,2000,0.06556681209674586,0.06524791362765112,-0.00031889846909474717,-0.004863717769657653,True
gap_25,scincl,29,common,common_native,2000,0.023542967091832883,0.02535236842318099,0.0018094013313481074,0.07685528014758146,True
gap_25,scincl,30,common,common_native,2000,0.037573394064819715,0.03879897966365588,0.0012255855988361625,0.032618442633152715,True
gap_25,scincl,31,common,common_native,2000,0.05599922369942168,0.05816428497328285,0.0021650612738611658,0.03866234441895531,True
gap_25,scincl,32,common,common_native,2000,0.07979250959195028,0.07923419646398691,-0.0005583131279633669,-0.006997061889875578,True
gap_25,scincl,33,common,common_native,2000,0.10535733479511326,0.1060552221930195,0.00069788739790623,0.006624003912621751,True
gap_25,scincl,34,common,common_native,2000,0.04867711283841132,0.04953025412740059,0.0008531412889892717,0.017526538433398093,True
gap_25,scincl,35,common,common_native,2000,0.05669765373005331,0.05720985601393641,0.0005122022838831009,0.009033923807884162,True
gap_25,scincl,36,common,common_native,2000,0.10406106114713065,0.10721092359257872,0.0031498624454480706,0.03026936695364387,True
gap_25,scibert,11,common,common_native,2000,0.10068785483876759,0.09774790416699924,-0.002939950671768346,-0.029198662306155164,True
gap_25,scibert,12,common,common_native,2000,0.10216566318886655,0.048319793067050344,-0.05384587012181621,-0.5270446884123396,True
gap_25,scibert,13,common,common_native,2000,0.11466643168269229,0.1197760181533823,0.005109586470690014,0.04456043844487447,True
gap_25,scibert,14,common,common_native,2000,0.05966248004916108,0.060367775737671964,0.0007052956885108819,0.011821427602904333,True
gap_25,scibert,15,common,common_native,2000,0.07585554292397055,0.06964468460143745,-0.006210858322533097,-0.08187744867580994,True
gap_25,scibert,16,common,common_native,2000,0.09373551253087137,0.09207712738056342,-0.001658385150307945,-0.017692175628332574,True
gap_25,scibert,17,common,common_native,2000,0.07459147958822447,0.07655295717101952,0.0019614775827950515,0.026296268603642283,True
gap_25,scibert,18,common,common_native,2000,0.07956495579774084,0.07990600748451081,0.0003410516867699692,0.00428645605782707,True
gap_25,scibert,19,common,common_native,2000,0.06752397867846192,0.06637967821437964,-0.0011443004640822874,-0.01694657937043754,True
gap_25,scibert,20,common,common_native,2000,0.06223660077071863,0.06274348651510465,0.0005068857443860236,0.00814449597357357,True
gap_25,scibert,21,common,common_native,2000,0.024778802468532236,0.023299055355473282,-0.0014797471130589546,-0.05971826584186846,True
gap_25,scibert,22,common,common_native,2000,0.10344157282623916,0.10478636757463332,0.0013447947483941625,0.013000524949994183,True
gap_25,scibert,23,common,common_native,2000,0.08530373900766323,0.08656999530389232,0.0012662562962290902,0.014844089027742811,True
gap_25,scibert,24,common,common_native,2000,0.08336699172920027,0.08062493894291033,-0.0027420527862899446,-0.0328913485951,True
gap_25,scibert,25,common,common_native,2000,0.09322356447312483,0.08660190521408499,-0.006621659259039833,-0.07102988709414532,True
gap_25,scibert,26,common,common_native,2000,0.04036444651541536,0.03795704163244591,-0.0024074048829694494,-0.05964171667881166,True
gap_25,scibert,27,common,common_native,2000,0.13083043645818884,0.1438359054257287,0.013005468967539846,0.09940705939398262,True
gap_25,scibert,28,common,common_native,2000,0.08783447668636434,0.08838712348669046,0.0005526468003261287,0.006291912027887371,True
gap_25,scibert,29,common,common_native,2000,0.059023009112783305,0.055053754386296845,-0.00396925472648646,-0.06724927763174297,True
gap_25,scibert,30,common,common_native,2000,0.039044920117461315,0.036103963550333996,-0.002940956567127319,-0.0753223865814004,True
gap_25,scibert,31,common,common_native,2000,0.059164929576193466,0.055095598703944405,-0.004069330872249061,-0.0687794425075503,True
gap_25,scibert,32,common,common_native,2000,0.10501790375535545,0.10659989184463649,0.0015819880892810334,0.015063984641765038,True
gap_25,scibert,33,common,common_native,2000,0.07872838800627519,0.08093826404912176,0.002209876042846573,0.028069621375588574,True
gap_25,scibert,34,common,common_native,2000,0.10683179591648413,0.09895240726862388,-0.007879388647860253,-0.07375508929963111,True
gap_25,scibert,35,common,common_native,2000,0.09374651384530845,0.0870886103419385,-0.00665790350336995,-0.07102027830449446,True
gap_25,scibert,36,common,common_native,2000,0.08783944243644813,0.08643542660803047,-0.0014040158284176624,-0.015983888210964775,True
gap_25,bert,11,common,common_native,2000,0.08804425966551666,0.09013969278907272,0.002095433123556062,0.0237997699284052,True
gap_25,bert,12,common,common_native,2000,0.0892063236538255,0.08997203746974952,0.000765713815924024,0.008583627085625194,True
gap_25,bert,13,common,common_native,2000,0.07975072890766743,0.07995241227431163,0.00020168336664419528,0.0025289219221770014,True
gap_25,bert,14,common,common_native,2000,0.11616372022193325,0.11133117129923134,-0.004832548922701907,-0.041601189368498354,True
gap_25,bert,15,common,common_native,2000,0.04891586527218547,0.04750435289482886,-0.0014115123773566149,-0.0288559216831278,True
gap_25,bert,16,common,common_native,2000,0.039978206048204235,0.038261780843992954,-0.0017164252042112804,-0.042934022655785976,True
gap_25,bert,17,common,common_native,2000,0.07702462159400408,0.07621546457552827,-0.000809157018475809,-0.01050517356308307,True
gap_25,bert,18,common,common_native,2000,0.07612670103398665,0.07426909159288665,-0.0018576094411,-0.024401549205063714,True
gap_25,bert,19,common,common_native,2000,0.0632222976084613,0.06186466366399097,-0.0013576339444703392,-0.021473973516088117,True
gap_25,bert,20,common,common_native,2000,0.08674196218638364,0.08337838412670061,-0.0033635780596830284,-0.038776826980875326,True
gap_25,bert,21,common,common_native,2000,0.0759354611687113,0.020355478037354702,-0.055579983131356606,-0.7319371249734105,True
gap_25,bert,22,common,common_native,2000,0.09634095680287742,0.09375842845294136,-0.002582528349936067,-0.026806131427780613,True
gap_25,bert,23,common,common_native,2000,0.08097041960083567,0.08045536261968166,-0.000515056981154019,-0.00636105115538642,True
gap_25,bert,24,common,common_native,2000,0.054689972460222246,0.058132275100089434,0.0034423026398671883,0.06294211690033094,True
gap_25,bert,25,common,common_native,2000,0.08745273504288734,0.07569260064821491,-0.011760134394672425,-0.13447417498040726,True
gap_25,bert,26,common,common_native,2000,0.025567203495797133,0.025183283952069768,-0.00038391954372736514,-0.015016094497408596,True
gap_25,bert,27,common,common_native,2000,0.0733291147688025,0.07386442105655446,0.0005353062877519604,0.00730005113848318,True
gap_25,bert,28,common,common_native,2000,0.055630485015649836,0.05535994358068193,-0.00027054143496790806,-0.004863186702251472,True
gap_25,bert,29,common,common_native,2000,0.08098257430787394,0.075467666890444,-0.005514907417429937,-0.06809992723204555,True
gap_25,bert,30,common,common_native,2000,0.030394844416462813,0.027222007340627793,-0.00317283707583502,-0.1043873438653468,True
gap_25,bert,31,common,common_native,2000,0.06455877268875497,0.06369973689985518,-0.0008590357888997868,-0.01330625960070979,True
gap_25,bert,32,common,common_native,2000,0.09932267835515886,0.09652036451174971,-0.002802313843409149,-0.028214239585732995,True
gap_25,bert,33,common,common_native,2000,0.10614384175330369,0.1018829265073389,-0.00426091524596478,-0.04014283990085709,True
gap_25,bert,34,common,common_native,2000,0.08146790324632061,0.0810980140592948,-0.00036988918702580975,-0.0045403057190196595,True
gap_25,bert,35,common,common_native,2000,0.07813310835448237,0.0722672662565051,-0.005865842097977261,-0.0750749870511295,True
gap_25,bert,36,common,common_native,2000,0.09295111162410465,0.0960524987101707,0.003101387086066054,0.033365788013467755,True
gap_25,mpnet,11,common,common_native,2000,0.09007265063855864,0.09184653517771835,0.0017738845391597063,0.019693930694655668,True
gap_25,mpnet,12,common,common_native,2000,0.10005883277102665,0.10203544050301386,0.001976607731987212,0.019754455226461177,True
gap_25,mpnet,13,common,common_native,2000,0.09478151424849271,0.09693803778571293,0.00215652353722022,0.022752575270810413,True
gap_25,mpnet,14,common,common_native,2000,0.10548915171580821,0.10657208611924539,0.0010829344034371802,0.010265836683895673,True
gap_25,mpnet,15,common,common_native,2000,0.029736211877182863,0.02970895762886135,-2.725424832151352e-05,-0.000916533969897699,True
gap_25,mpnet,16,common,common_native,2000,0.07854916405985798,0.08113231003007583,0.0025831459702178455,0.03288572196961094,True
gap_25,mpnet,17,common,common_native,2000,0.07753624509702182,0.07802220877904897,0.000485963682027149,0.006267567915096458,True
gap_25,mpnet,18,common,common_native,2000,0.07030575786594417,0.07055842515273021,0.00025266728678603745,0.0035938349070614097,True
gap_25,mpnet,19,common,common_native,2000,0.07062994299695947,0.07142898431590415,0.0007990413189446766,0.01131306758918203,True
gap_25,mpnet,20,common,common_native,2000,0.08515307875048575,0.0850867884959556,-6.629025453014359e-05,-0.0007784833561260454,True
gap_25,mpnet,21,common,common_native,2000,0.016077284559719573,0.01655259146914429,0.0004753069094247178,0.02956387987406552,True
gap_25,mpnet,22,common,common_native,2000,0.09493957987992695,0.09568301638809351,0.0007434365081665645,0.007830627743527113,True
gap_25,mpnet,23,common,common_native,2000,0.0829760896802098,0.08370303824210841,0.000726948561898616,0.008760940226278184,True
gap_25,mpnet,24,common,common_native,2000,0.058763997910788485,0.06003825191819689,0.0012742540074084027,0.021684263370625137,True
gap_25,mpnet,25,common,common_native,2000,0.10444421377471677,0.10515092329158016,0.0007067095168633852,0.006766382658475823,True
gap_25,mpnet,26,common,common_native,2000,0.03172347635938425,0.031501213596159636,-0.0002222627632246163,-0.007006254948438772,True
gap_25,mpnet,27,common,common_native,2000,0.13988860926810281,0.14370131417169202,0.0038127049035892036,0.027255292075153762,True
gap_25,mpnet,28,common,common_native,2000,0.06250783930258724,0.06314493678871151,0.000637097486124269,0.01019228137194464,True
gap_25,mpnet,29,common,common_native,2000,0.020327419289500683,0.020523772284358286,0.00019635299485760288,0.009659514179403047,True
gap_25,mpnet,30,common,common_native,2000,0.04058507228189994,0.04091394516180453,0.0003288728799045876,0.008103296641195284,True
gap_25,mpnet,31,common,common_native,2000,0.0585692967098528,0.06051440849015906,0.0019451117803062565,0.033210434298744804,True
gap_25,mpnet,32,common,common_native,2000,0.09114943254680906,0.0916701673794204,0.0005207348326113359,0.005712979423584636,True
gap_25,mpnet,33,common,common_native,2000,0.12927653347868914,0.13055207323190918,0.001275539753220034,0.009866753995459688,True
gap_25,mpnet,34,common,common_native,2000,0.03248947179553286,0.0324049015606345,-8.457023489836374e-05,-0.0026030043033814947,True
gap_25,mpnet,35,common,common_native,2000,0.05616729990604172,0.057373259404386374,0.0012059594983446567,0.021470846922711624,True
gap_25,mpnet,36,common,common_native,2000,0.10620033259817989,0.1074157859402233,0.0012154533420434127,0.011444910880290819,True
gap_25,minilm,11,common,common_native,2000,0.11246747218604053,0.11343901646199314,0.0009715442759526127,0.00863844680660655,True
gap_25,minilm,12,common,common_native,2000,0.1200800260098047,0.12022652827123954,0.0001465022614348388,0.0012200385551455217,True
gap_25,minilm,13,common,common_native,2000,0.11930925313898046,0.11862290865701351,-0.000686344481966944,-0.005752650895965612,True
gap_25,minilm,14,common,common_native,2000,0.13474167054928396,0.13463291380087786,-0.0001087567484061025,-0.0008071500669595969,True
gap_25,minilm,15,common,common_native,2000,0.03577358605036484,0.035653787051606385,-0.00011979899875845523,-0.0033488115669978646,True
gap_25,minilm,16,common,common_native,2000,0.09487797289312215,0.0947828205339375,-9.515235918465537e-05,-0.0010028919915041007,True
gap_25,minilm,17,common,common_native,2000,0.08249385103526616,0.0825615326165706,6.768158130443513e-05,0.0008204439537620959,True
gap_25,minilm,18,common,common_native,2000,0.09052458853154857,0.09051825270795666,-6.335823591913092e-06,-6.99900844034768e-05,True
gap_25,minilm,19,common,common_native,2000,0.07614833912471188,0.07627383914887544,0.00012550002416356065,0.0016480992967952079,True
gap_25,minilm,20,common,common_native,2000,0.11175881364869913,0.11142742044338412,-0.00033139320531501426,-0.0029652534283041905,True
gap_25,minilm,21,common,common_native,2000,0.05016145845395988,0.05033318597916385,0.0001717275252039671,0.003423495458402296,True
gap_25,minilm,22,common,common_native,2000,0.10435303558780078,0.10430091270346271,-5.212288433806278e-05,-0.0004994860383741067,True
gap_25,minilm,23,common,common_native,2000,0.09635877354222401,0.09651512220749742,0.0001563486652734064,0.0016225680291052592,True
gap_25,minilm,24,common,common_native,2000,0.07041205609140387,0.07018515006554786,-0.00022690602585601072,-0.0032225450931507756,True
gap_25,minilm,25,common,common_native,2000,0.1288389274037082,0.12888392439639523,4.4996992687035275e-05,0.0003492499789759984,True
gap_25,minilm,26,common,common_native,2000,0.0371889075243181,0.036738817965653724,-0.0004500895586643794,-0.012102790553071839,True
gap_25,minilm,27,common,common_native,2000,0.15229150386236318,0.1524255545936782,0.00013405073131503298,0.0008802246213037879,True
gap_25,minilm,28,common,common_native,2000,0.07460831626003687,0.07443814624681072,-0.00017017001322615355,-0.0022808451089158708,True
gap_25,minilm,29,common,common_native,2000,0.03023085432285018,0.03038107904008997,0.00015022471723979275,0.004969251468564832,True
gap_25,minilm,30,common,common_native,2000,0.059391428324836175,0.05965437520579217,0.00026294688095599567,0.004427354053817849,True
gap_25,minilm,31,common,common_native,2000,0.08804195795190403,0.08785938669156511,-0.00018257126033892346,-0.0020736846906410163,True
gap_25,minilm,32,common,common_native,2000,0.1113609885976207,0.11150286560280308,0.0001418770051823809,0.0012740278886623694,True
gap_25,minilm,33,common,common_native,2000,0.1386502735112502,0.1387996896329586,0.00014941612170840668,0.0010776475078232207,True
gap_25,minilm,34,common,common_native,2000,0.0505427804445356,0.05089053652295627,0.0003477560784206704,0.006880430307990067,True
gap_25,minilm,35,common,common_native,2000,0.07047720543249986,0.07063147501944261,0.00015426958694275683,0.002188928831613646,True
gap_25,minilm,36,common,common_native,2000,0.12356100560688324,0.1236921730682926,0.00013116746140935664,0.001061560326132937,True
gap_25,pubmedbert,11,common,common_native,2000,0.11293840816963716,0.11414169429065252,0.0012032861210153623,0.010654357012080314,True
gap_25,pubmedbert,12,common,common_native,2000,0.04671411428521305,0.05604177944395523,0.009327665158742178,0.1996755220872243,True
gap_25,pubmedbert,13,common,common_native,2000,0.1076466874649308,0.11457272800968203,0.0069260405447512385,0.06434048931610281,True
gap_25,pubmedbert,14,common,common_native,2000,0.09719990339482631,0.09697347897498206,-0.00022642441984425943,-0.0023294716551777086,True
gap_25,pubmedbert,15,common,common_native,2000,0.07485335177707195,0.07187286198947393,-0.0029804897875980174,-0.03981771980598149,True
gap_25,pubmedbert,16,common,common_native,2000,0.08443922437801396,0.0841732960905906,-0.0002659282874233615,-0.003149345453871828,True
gap_25,pubmedbert,17,common,common_native,2000,0.0957671049550757,0.09461026218975013,-0.001156842765325572,-0.01207975082747094,True
gap_25,pubmedbert,18,common,common_native,2000,0.1012235076225855,0.09891200351279644,-0.0023115041097890587,-0.022835645237740253,True
gap_25,pubmedbert,19,common,common_native,2000,0.07875184971533095,0.07581700565101215,-0.0029348440643187923,-0.03726698579052492,True
gap_25,pubmedbert,20,common,common_native,2000,0.09357673450266957,0.09301111216087106,-0.0005656223417985079,-0.006044476170328126,True
gap_25,pubmedbert,21,common,common_native,2000,0.026426012660547588,0.026880861613840814,0.00045484895329322636,0.01721216738733679,True
gap_25,pubmedbert,22,common,common_native,2000,0.11247946276236166,0.11332183134133524,0.0008423685789735735,0.007489087859116716,True
gap_25,pubmedbert,23,common,common_native,2000,0.10397718303944525,0.10156157562395736,-0.0024156074154878943,-0.023232091357692376,True
gap_25,pubmedbert,24,common,common_native,2000,0.09210709892806634,0.0909464839039809,-0.0011606150240854457,-0.012600711971092055,True
gap_25,pubmedbert,25,common,common_native,2000,0.10819993727960654,0.09120464815177921,-0.01699528912782733,-0.15707300350746684,True
gap_25,pubmedbert,26,common,common_native,2000,0.039617751036115936,0.037783995361512335,-0.0018337556746036016,-0.04628621329191381,True
gap_25,pubmedbert,27,common,common_native,2000,0.1296743520153374,0.13328234910450315,0.00360799708916576,0.027823521252213542,True
gap_25,pubmedbert,28,common,common_native,2000,0.08228637998040012,0.08623873445818316,0.0039523544777830405,0.04803169708917145,True
gap_25,pubmedbert,29,common,common_native,2000,0.06448330747645807,0.06215744289089208,-0.0023258645855659885,-0.0360692507346204,True
gap_25,pubmedbert,30,common,common_native,2000,0.041369404656805886,0.04058383234472148,-0.0007855723120844052,-0.018989209987462723,True
gap_25,pubmedbert,31,common,common_native,2000,0.08777094599439779,0.08661719777837677,-0.0011537482160210166,-0.013144990098371022,True
gap_25,pubmedbert,32,common,common_native,2000,0.09101512098087847,0.09351449475546843,0.002499373774589961,0.02746108281408601,True
gap_25,pubmedbert,33,common,common_native,2000,0.09970332782877019,0.10227402192763059,0.0025706940988604043,0.0257834332598737,True
gap_25,pubmedbert,34,common,common_native,2000,0.11005705209183199,0.11526450230169526,0.005207450209863268,0.0473159157989999,True
gap_25,pubmedbert,35,common,common_native,2000,0.09919382711728837,0.08781317320385107,-0.011380653913437302,-0.11473147315891577,True
gap_25,pubmedbert,36,common,common_native,2000,0.09441335485771452,0.09760682338157595,0.0031934685238614313,0.033824330558681476,True
gap_25,biobert,11,common,common_native,2000,0.11817761193654482,0.11915978559650478,0.0009821736599599645,0.008310995998864323,True
gap_25,biobert,12,common,common_native,2000,0.09185645256030993,0.04878622591263572,-0.04307022664767421,-0.46888623985773575,True
gap_25,biobert,13,common,common_native,2000,0.12477887338214465,0.12291842658530405,-0.0018604467968405952,-0.014909950269729055,True
gap_25,biobert,14,common,common_native,2000,0.08111965107537664,0.0825139008933821,0.001394249818005469,0.017187571686050864,True
gap_25,biobert,15,common,common_native,2000,0.06986155539498494,0.06831619244450542,-0.001545362950479523,-0.02212036279098444,True
gap_25,biobert,16,common,common_native,2000,0.06449677446130941,0.04843104462891209,-0.016065729832397325,-0.2490935394301757,True
gap_25,biobert,17,common,common_native,2000,0.10019117411395871,0.10005130186771062,-0.00013987224624809058,-0.0013960535694391416,True
gap_25,biobert,18,common,common_native,2000,0.09744374769252002,0.09595904926692422,-0.0014846984255958012,-0.015236466789852025,True
gap_25,biobert,19,common,common_native,2000,0.04909540960112475,0.07256558840086393,0.02347017879973918,0.4780524083702011,True
gap_25,biobert,20,common,common_native,2000,0.0772681716293705,0.07730043583779422,3.226420842372679e-05,0.00041756143239013574,True
gap_25,biobert,21,common,common_native,2000,0.02592715246463884,0.025995225600812702,6.807313617386221e-05,0.0026255538963140994,True
gap_25,biobert,22,common,common_native,2000,0.10489805784129304,0.10400344993487715,-0.0008946079064158924,-0.00852835528918373,True
gap_25,biobert,23,common,common_native,2000,0.10485985245707792,0.10244538890242162,-0.0024144635546562987,-0.023025624183904,True
gap_25,biobert,24,common,common_native,2000,0.09881412300712031,0.09756756147132732,-0.0012465615357929866,-0.012615216305701183,True
gap_25,biobert,25,common,common_native,2000,0.1007422647687459,0.07784133974652885,-0.02290092502221705,-0.22732191970059615,True
gap_25,biobert,26,common,common_native,2000,0.03745854189140938,0.036187038115996835,-0.0012715037754125469,-0.03394429444420391,True
gap_25,biobert,27,common,common_native,2000,0.15056667260401438,0.1509046964458656,0.0003380238418512205,0.0022450110373376754,True
gap_25,biobert,28,common,common_native,2000,0.08002114212829615,0.0792884372654018,-0.0007327048628943539,-0.00915639096627269,True
gap_25,biobert,29,common,common_native,2000,0.0619674722784221,0.06068939892062754,-0.0012780733577945624,-0.020624907081123665,True
gap_25,biobert,30,common,common_native,2000,0.040375561364809805,0.040815891336584635,0.00044032997177483046,0.010905853860365385,True
gap_25,biobert,31,common,common_native,2000,0.0830027936238523,0.0819576549781605,-0.0010451386456917927,-0.012591608065965794,True
gap_25,biobert,32,common,common_native,2000,0.10771151045284508,0.11052972577915152,0.002818215326306439,0.02616447689256222,True
gap_25,biobert,33,common,common_native,2000,0.10848270134826687,0.10826426520001406,-0.0002184361482528152,-0.002013557420104795,True
gap_25,biobert,34,common,common_native,2000,0.10411884639779231,0.1023269716933686,-0.0017918747044237127,-0.017209897789087554,True
gap_25,biobert,35,common,common_native,2000,0.09224749014486422,0.08426898459373121,-0.007978505551133011,-0.08649021820109873,True
gap_25,biobert,36,common,common_native,2000,0.09901598146550367,0.09650314411382527,-0.0025128373516783986,-0.02537809871181098,True
gap_25,simcse,11,common,common_native,2000,0.12498239189064286,0.12441478041529319,-0.0005676114753496719,-0.004541531545070131,True
gap_25,simcse,12,common,common_native,2000,0.08075431613323648,0.07990950850512935,-0.0008448076281071387,-0.010461454799682673,True
gap_25,simcse,13,common,common_native,2000,0.10407704889626845,0.10324863137945949,-0.0008284175168089686,-0.007959656097038609,True
gap_25,simcse,14,common,common_native,2000,0.15405675957441003,0.15380128187119757,-0.00025547770321246444,-0.001658334914470713,True
gap_25,simcse,15,common,common_native,2000,0.07830774973433048,0.07715975150424609,-0.0011479982300843933,-0.014660084525211501,True
gap_25,simcse,16,common,common_native,2000,0.08812342269913016,0.06046157614515444,-0.027661846553975723,-0.3138989125333731,True
gap_25,simcse,17,common,common_native,2000,0.10342615340988527,0.10430615985836998,0.0008800064484847103,0.008508548558285655,True
gap_25,simcse,18,common,common_native,2000,0.11017588884674992,0.11083964207275358,0.0006637532260036633,0.006024487144613976,True
gap_25,simcse,19,common,common_native,2000,0.06456437221827424,0.08345930996088449,0.01889493774261025,0.29265269828275736,True
gap_25,simcse,20,common,common_native,2000,0.13558437158366185,0.1347575941349549,-0.0008267774487069612,-0.006097881629349893,True
gap_25,simcse,21,common,common_native,2000,0.03410331872253479,0.034804703036310475,0.0007013843137756853,0.020566453355527085,True
gap_25,simcse,22,common,common_native,2000,0.12166674123682047,0.12197499380031408,0.00030825256349360786,0.002533581160800584,True
gap_25,simcse,23,common,common_native,2000,0.10200995016091273,0.10379378428228189,0.0017838341213691628,0.017486863963322243,True
gap_25,simcse,24,common,common_native,2000,0.07552474425701501,0.07571067559763613,0.00018593134062111494,0.0024618599169085563,True
gap_25,simcse,25,common,common_native,2000,0.09372133963970515,0.09126717851418137,-0.002454161125523782,-0.026185723923264046,True
gap_25,simcse,26,common,common_native,2000,0.05051956658406311,0.0899018923461214,0.039382325762058294,0.7795459942540724,True
gap_25,simcse,27,common,common_native,2000,0.1271813571053457,0.12413456143925398,-0.0030467956660917145,-0.023956307240596754,True
gap_25,simcse,28,common,common_native,2000,0.10625057541430201,0.10423703298506498,-0.002013542429237028,-0.018950884937663993,True
gap_25,simcse,29,common,common_native,2000,0.06098249891814656,0.060743500782761826,-0.00023899813538473536,-0.003919126628535333,True
gap_25,simcse,30,common,common_native,2000,0.09000665267156481,0.06091794137704223,-0.029088711294522583,-0.3231840139713626,True
gap_25,simcse,31,common,common_native,2000,0.12081267556813327,0.12065460643505377,-0.00015806913307950254,-0.0013083820247847934,True
gap_25,simcse,32,common,common_native,2000,0.13501614646507895,0.13189837706341417,-0.0031177694016647772,-0.023091826298502514,True
gap_25,simcse,33,common,common_native,2000,0.1197596134946022,0.12076174190714525,0.0010021284125430602,0.008367832721739939,True
gap_25,simcse,34,common,common_native,2000,0.10641723586039696,0.10744152007210205,0.0010242842117050843,0.009625172120132754,True
gap_25,simcse,35,common,common_native,2000,0.08915837630157838,0.11419057897516914,0.025032202673590756,0.28076108731409916,True
gap_25,simcse,36,common,common_native,2000,0.1273920588248356,0.13318388656307958,0.005791827738243993,0.04546459011395499,True
angle_p50,minilm,11,minilm512,primary,2000,81.70028171803716,80.38194326320378,-1.3183384548333805,-0.01613627795535897,True
angle_p50,minilm,12,minilm512,primary,2000,83.55691917377594,82.86096403831645,-0.6959551354594851,-0.008329114361098995,True
angle_p50,minilm,13,minilm512,primary,2000,83.86869199313654,82.56274865084835,-1.305943342288188,-0.015571285437419974,True
angle_p50,minilm,14,minilm512,primary,2000,82.24609558838212,82.02517737008871,-0.22091821829340574,-0.0026860632922812216,True
angle_p50,minilm,15,minilm512,primary,2000,82.76880248469867,82.21338388532406,-0.5554185993746046,-0.0067104824849590385,True
angle_p50,minilm,16,minilm512,primary,2000,80.74213587725048,80.27845424612602,-0.4636816311244587,-0.005742746659927081,True
angle_p50,minilm,17,minilm512,primary,2000,87.06331193998297,86.93456592612867,-0.12874601385429685,-0.001478763109115902,True
angle_p50,minilm,18,minilm512,primary,2000,85.19739082915996,84.94519117276842,-0.2521996563915394,-0.002960180516528455,True
angle_p50,minilm,19,minilm512,primary,2000,81.92059660954315,80.89020393067327,-1.0303926788698874,-0.012577944027691006,True
angle_p50,minilm,20,minilm512,primary,2000,83.60889891816075,83.30183990887525,-0.3070590092854957,-0.003672563725376357,True
angle_p50,minilm,21,minilm512,primary,2000,84.33974989455197,84.06571032968989,-0.27403956486207903,-0.0032492337860226565,True
angle_p50,minilm,22,minilm512,primary,2000,87.82645338945885,87.65611162020421,-0.17034176925463385,-0.001939526904260473,True
angle_p50,minilm,23,minilm512,primary,2000,84.50780297115084,83.67162861602512,-0.8361743551257206,-0.009894640799159962,True
angle_p50,minilm,24,minilm512,primary,2000,80.87334170202217,79.18697723461011,-1.6863644674120621,-0.02085192019918593,True
angle_p50,minilm,25,minilm512,primary,2000,83.06674681421528,82.69742837931322,-0.3693184349020555,-0.004446044284460334,True
angle_p50,minilm,26,minilm512,primary,2000,86.5498982710905,86.3030756417088,-0.24682262938169686,-0.0028517957191422933,True
angle_p50,minilm,27,minilm512,primary,2000,85.14705163124493,83.52077893711632,-1.626272694128616,-0.019099577295661183,True
angle_p50,minilm,28,minilm512,primary,2000,83.19570343320198,81.9680503705255,-1.227653062676481,-0.014756207496486479,True
angle_p50,minilm,29,minilm512,primary,2000,82.95877019955049,81.61543168885497,-1.3433385106955171,-0.016192845041750583,True
angle_p50,minilm,30,minilm512,primary,2000,80.36068321548055,79.19376818415796,-1.1669150313225884,-0.014520969516817098,True
angle_p50,minilm,31,minilm512,primary,2000,84.85504848000238,84.63669851402092,-0.21834996598146006,-0.0025732112572290633,True
angle_p50,minilm,32,minilm512,primary,2000,83.23905092263203,82.70152098897856,-0.5375299336534738,-0.00645766533490501,True
angle_p50,minilm,33,minilm512,primary,2000,85.02369222154104,84.6638264673127,-0.35986575422833766,-0.004232535012601634,True
angle_p50,minilm,34,minilm512,primary,2000,78.82089103523823,77.34433860193059,-1.4765524333076456,-0.01873300864674985,True
angle_p50,minilm,35,minilm512,primary,2000,72.59200541513886,71.43376683533816,-1.1582385798006953,-0.015955456433211418,True
angle_p50,minilm,36,minilm512,primary,2000,83.03500264245281,82.4361879199156,-0.5988147225372131,-0.007211593948105214,True
pr,minilm,11,minilm512,primary,2000,68.33697790878496,64.3026179627148,-4.034359946070154,-0.059036265130939056,True
pr,minilm,12,minilm512,primary,2000,88.87283338251297,83.64531637453538,-5.227517007977582,-0.05882019070415024,True
pr,minilm,13,minilm512,primary,2000,77.25343050016373,70.98642085269293,-6.2670096474708,-0.08112273599885662,True
pr,minilm,14,minilm512,primary,2000,78.50674967561005,77.41450699670598,-1.0922426789040713,-0.01391272321701279,True
pr,minilm,15,minilm512,primary,2000,47.665262728565665,46.17523072536022,-1.4900320032054424,-0.03126033337297583,True
pr,minilm,16,minilm512,primary,2000,66.84243584434833,63.570819147592275,-3.2716166967560554,-0.048945204575944215,True
pr,minilm,17,minilm512,primary,2000,84.38089337486772,83.43623063032982,-0.9446627445379079,-0.01119522094108652,True
pr,minilm,18,minilm512,primary,2000,78.24813594590792,77.20155343227927,-1.0465825136286497,-0.01337517502464392,True
pr,minilm,19,minilm512,primary,2000,60.95108894998409,56.624520016663794,-4.326568933320296,-0.07098427620990724,True
pr,minilm,20,minilm512,primary,2000,77.92699080914724,76.19425486241163,-1.732735946735616,-0.02223537607116511,True
pr,minilm,21,minilm512,primary,2000,43.21583084064688,41.423834210894185,-1.7919966297526955,-0.041466207981988475,True
pr,minilm,22,minilm512,primary,2000,93.19058779919342,91.73601092186274,-1.4545768773306804,-0.015608624343748049,True
pr,minilm,23,minilm512,primary,2000,69.60186083213848,66.28999552888317,-3.311865303255317,-0.04758299941495345,True
pr,minilm,24,minilm512,primary,2000,56.86345326121625,51.513890278200414,-5.349562983015836,-0.09407734979515409,True
pr,minilm,25,minilm512,primary,2000,70.54708176371788,68.59625787404954,-1.9508238896683423,-0.027652793579785524,True
pr,minilm,26,minilm512,primary,2000,68.48340780351226,68.16440348757205,-0.3190043159402194,-0.0046581256127832295,True
pr,minilm,27,minilm512,primary,2000,80.78146212403693,75.39842330849608,-5.383038815540857,-0.06663705600271756,True
pr,minilm,28,minilm512,primary,2000,64.71651346607217,60.85593834644674,-3.8605751196254303,-0.059653632633490807,True
pr,minilm,29,minilm512,primary,2000,53.92193461461413,51.3282630164208,-2.593671598193332,-0.04810049225293161,True
pr,minilm,30,minilm512,primary,2000,64.39664121273637,60.085541280684794,-4.311099932051576,-0.06694603710478811,True
pr,minilm,31,minilm512,primary,2000,70.24585528402537,67.85006293431319,-2.395792349712181,-0.03410581791659115,True
pr,minilm,32,minilm512,primary,2000,77.75600995716583,75.59908244702883,-2.1569275101369954,-0.02773968869191207,True
pr,minilm,33,minilm512,primary,2000,85.39857625879391,82.45572382877472,-2.9428524300191867,-0.034460204829423566,True
pr,minilm,34,minilm512,primary,2000,53.89392195619835,51.7202909080512,-2.1736310481471506,-0.04033165465140473,True
pr,minilm,35,minilm512,primary,2000,52.75409727003508,51.422308166456794,-1.3317891035782878,-0.02524522591603058,True
pr,minilm,36,minilm512,primary,2000,83.82851765067356,80.34416637422207,-3.4843512764514912,-0.041565225941025505,True
gap_25,minilm,11,minilm512,primary,2000,0.111671779491931,0.10680247355377806,-0.004869305938152935,-0.04360372835739376,True
gap_25,minilm,12,minilm512,primary,2000,0.12240558506043227,0.1213219520190016,-0.001083633041430665,-0.00885280717293798,True
gap_25,minilm,13,minilm512,primary,2000,0.11247758897952354,0.10827014879891927,-0.0042074401806042605,-0.037406920069830284,True
gap_25,minilm,14,minilm512,primary,2000,0.1354355045229131,0.13842537493648263,0.0029898704135695175,0.022075972058447114,True
gap_25,minilm,15,minilm512,primary,2000,0.03319233052954962,0.033745123339034434,0.0005527928094848159,0.016654233091366984,True
gap_25,minilm,16,minilm512,primary,2000,0.09176616625826674,0.08748616374989418,-0.004280002508372557,-0.04664031072549023,True
gap_25,minilm,17,minilm512,primary,2000,0.087769871347169,0.08896608545960474,0.0011962141124357423,0.01362898331825259,True
gap_25,minilm,18,minilm512,primary,2000,0.08745193783115973,0.08758109937807322,0.00012916154691348936,0.0014769432229490083,True
gap_25,minilm,19,minilm512,primary,2000,0.07768546298114473,0.07907894896265605,0.0013934859815113165,0.01793753847936175,True
gap_25,minilm,20,minilm512,primary,2000,0.10599745480005372,0.10928223300145097,0.003284778201397248,0.030989217690117435,True
gap_25,minilm,21,minilm512,primary,2000,0.060208376092170834,0.016961719456955453,-0.04324665663521538,-0.7182830603006238,True
gap_25,minilm,22,minilm512,primary,2000,0.10677870750820016,0.1048905929711195,-0.001888114537080668,-0.017682500389280965,True
gap_25,minilm,23,minilm512,primary,2000,0.08949092172126302,0.09285833788452957,0.003367416163266551,0.037628578390945924,True
gap_25,minilm,24,minilm512,primary,2000,0.0799163156414616,0.07837098561830581,-0.0015453300231557804,-0.01933685269086709,True
gap_25,minilm,25,minilm512,primary,2000,0.12026629142076777,0.11817178961459444,-0.002094501806173321,-0.01741553498848173,True
gap_25,minilm,26,minilm512,primary,2000,0.03932867175546349,0.039922445100126214,0.0005937733446627208,0.015097721793267389,True
gap_25,minilm,27,minilm512,primary,2000,0.1593656819269826,0.15403871737580005,-0.005326964551182561,-0.0334260456001013,True
gap_25,minilm,28,minilm512,primary,2000,0.0708330159783188,0.06926084039119482,-0.0015721755871239834,-0.022195519496236174,True
gap_25,minilm,29,minilm512,primary,2000,0.024984343337735655,0.02777355978410982,0.002789216446374164,0.1116385733525127,True
gap_25,minilm,30,minilm512,primary,2000,0.057730192957143794,0.05953149078380722,0.0018012978266634255,0.031202005993650934,True
gap_25,minilm,31,minilm512,primary,2000,0.08669011798382899,0.08636260517741237,-0.00032751280641661606,-0.003777971630834667,True
gap_25,minilm,32,minilm512,primary,2000,0.10993350281160764,0.11071183626820705,0.0007783334565994032,0.007080038720618485,True
gap_25,minilm,33,minilm512,primary,2000,0.13509500474595093,0.1345165401666827,-0.0005784645792682175,-0.004281909463314595,True
gap_25,minilm,34,minilm512,primary,2000,0.050652908297321934,0.051738900327102634,0.0010859920297806996,0.021439875148059704,True
gap_25,minilm,35,minilm512,primary,2000,0.07191640169610573,0.07363265304395805,0.0017162513478523184,0.02386453308807931,True
gap_25,minilm,36,minilm512,primary,2000,0.11070186686971124,0.11137289144130337,0.000671024571592127,0.0060615470232482935,True
