omitted_field,model_a,model_b,n,mean,median,p025,p975,min,max,largest_absolute_change
11,specter,specter2,51,0.005018293507883942,0.005113683382035106,0.003876373035822056,0.0061415280606689215,0.003736044093454405,0.006437960532328146,0.006437960532328146
11,specter,scincl,51,0.0011168883290647558,0.0010938542901024473,0.0005794269593835111,0.0016321362337721745,0.0005481036924958049,0.0016608117158052327,0.0016608117158052327
11,specter,scibert,51,0.005069607288388297,0.004995707479356071,0.004035477597067905,0.006166251950487561,0.0038525049493792762,0.007305863160037562,0.007305863160037562
11,specter,bert,51,0.00790843978238915,0.007874979365718349,0.006519926080613386,0.009425252178101556,0.006368078302397162,0.009975202992521082,0.009975202992521082
11,specter,mpnet,51,0.0031766723540636796,0.0031968942766941177,0.0022723437255797174,0.00415580623881634,0.0017651496584213389,0.004455544171200199,0.004455544171200199
11,specter,minilm,51,0.001572480421269673,0.0015997526645717963,0.0007884933777841108,0.0023205423326555508,0.0007577905192688306,0.0025306974845545893,0.0025306974845545893
11,specter,pubmedbert,51,0.00405092449477192,0.0041304846143792595,0.0027898813951409973,0.0053727772435660515,0.002705649890542672,0.0055434274538711525,0.0055434274538711525
11,specter,biobert,51,0.004949716335380894,0.0050474960378422695,0.0038003907436819084,0.005973768033934235,0.003602518910681307,0.006166047424358334,0.006166047424358334
11,specter,simcse,51,0.006418896182259107,0.006340994972409253,0.005150422931435611,0.007859702016799225,0.004570182504103681,0.007944517207994939,0.007944517207994939
11,specter2,scincl,51,0.0016208693217322385,0.0015932107123096673,0.0011457610868930712,0.0020726238346344683,0.001025441418892048,0.0020799972012656154,0.0020799972012656154
11,specter2,scibert,51,0.0022320297116074344,0.0021250116024448262,0.0014136844282813532,0.0035610272943398247,0.0013089052801528167,0.0038694508099738067,0.0038694508099738067
11,specter2,bert,51,0.0020460189931608423,0.0020337913889996173,0.0014542891724905194,0.0027047791165079327,0.001333970461106837,0.002775392832298995,0.002775392832298995
11,specter2,mpnet,51,0.0011631414448952202,0.001160050370016319,0.0007529710440951909,0.0015260057269282645,0.0007222427343995808,0.001905584493849144,0.001905584493849144
11,specter2,minilm,51,0.0016825610849491629,0.0017050128786550989,0.0012287667158214222,0.0021391302549070568,0.0011305632717735214,0.0023436399600724744,0.0023436399600724744
11,specter2,pubmedbert,51,0.0011180034536812475,0.0010858509653921544,0.0003524400476371259,0.002385385052363853,0.00010634586587787709,0.002824853445921205,0.002824853445921205
11,specter2,biobert,51,0.0009230984147024687,0.0008613753795080337,0.00032362125882876014,0.0015821014990871352,0.00026162378656413576,0.0016459602665874762,0.0016459602665874762
11,specter2,simcse,51,0.0023731140337945114,0.0023887844472886277,0.0014415980344334722,0.0036182229667239274,0.0013803966862118155,0.0038867235633091024,0.0038867235633091024
11,scincl,scibert,51,0.0032312981064548667,0.0032162014056671406,0.0021699926408353387,0.004492354525100689,0.0021330937821922857,0.004994946629193198,0.004994946629193198
11,scincl,bert,51,0.004096884203809072,0.00415806185011891,0.0029822249773758525,0.0049669837022412455,0.0028913496544421546,0.0053307272179551335,0.0053307272179551335
11,scincl,mpnet,51,-0.00022465540462577793,-0.00019510533828415166,-0.0008429507442265227,0.0003856636412586101,-0.0008805060408705323,0.0006016075231466411,0.0008805060408705323
11,scincl,minilm,51,-0.0009956477592574905,-0.0009920647466324928,-0.001448917411672107,-0.0005729815362641721,-0.0016037944598741305,-0.0004723232627024121,0.0016037944598741305
11,scincl,pubmedbert,51,0.0027042156788370823,0.0026987380946782435,0.001741779861229864,0.0038599146571435816,0.0015633860282946443,0.004217499765551858,0.004217499765551858
11,scincl,biobert,51,0.0025881305937172235,0.0026762856373748756,0.0016531785263363963,0.003332609967626604,0.0015863710303005707,0.0034003808285368864,0.0034003808285368864
11,scincl,simcse,51,0.003999992137588898,0.004006955681223001,0.0029337044513190746,0.005246805394583581,0.0028249239243733903,0.005405684576604286,0.005405684576604286
11,scibert,bert,51,0.001052148453251185,0.0010224509839398266,0.0006685634287082742,0.0015371748518870354,0.0005702305520017825,0.002055923030041762,0.002055923030041762
11,scibert,mpnet,51,0.0024872815096258255,0.0024568826192783444,0.001601381630003701,0.0036601443881721374,0.0013171493240315968,0.004196638199912783,0.004196638199912783
11,scibert,minilm,51,0.002805569441759982,0.0028502250300710408,0.0017428647840677935,0.003911457921019823,0.0015399849150146139,0.004428321651693379,0.004428321651693379
11,scibert,pubmedbert,51,-0.0008284999608719169,-0.0008512451437717727,-0.0012049111674709567,-0.0004838487475505304,-0.0012788490410959863,-0.0004571741737918744,0.0012788490410959863
11,scibert,biobert,51,3.086927728570511e-05,3.26606046474609e-06,-0.00021281765543837428,0.00033941604909121237,-0.0002802018115699578,0.0005730570074364838,0.0005730570074364838
11,scibert,simcse,51,0.00033305078460496085,0.00031110477318374574,2.5829923233799956e-05,0.0007715977263774154,-1.8080282948362836e-05,0.0010510831348652383,0.0010510831348652383
11,bert,mpnet,51,0.0037233351254538855,0.0037286576756562217,0.002976175285105964,0.004811831520610627,0.0021734502324561866,0.005000023205624871,0.005000023205624871
11,bert,minilm,51,0.004510841565733572,0.004484863601265654,0.0035469030411800218,0.005677134113932447,0.0027891233139356597,0.005732027073233503,0.005732027073233503
11,bert,pubmedbert,51,-0.000534316018498045,-0.0005369415772998876,-0.0008820010293641434,-4.534073670930949e-05,-0.0009321270142705895,8.938650565104567e-05,0.0009321270142705895
11,bert,biobert,51,-0.0005755847543959644,-0.0005834603750813905,-0.0008017822594110491,-0.0003029327207288157,-0.0008461264325889672,-0.0002520122144312742,0.0008461264325889672
11,bert,simcse,51,0.0005809900704824469,0.0005875425225004838,3.66494367490533e-05,0.0012459890911621085,-4.075645457113364e-05,0.0012866845358538992,0.0012866845358538992
11,mpnet,minilm,51,0.0001558961107141847,0.00016315948936185265,-7.113868133226675e-05,0.00038127392804057636,-8.427756203965853e-05,0.0004303173182423903,0.0004303173182423903
11,mpnet,pubmedbert,51,0.0023143132157866417,0.002253317152546397,0.0014648592387308257,0.003597944710187123,0.00137083241477165,0.003934423199857928,0.003934423199857928
11,mpnet,biobert,51,0.0018731188788466146,0.001867587124888881,0.0010499403228892978,0.0025500670974784034,0.0008101628682768425,0.00288868388392971,0.00288868388392971
11,mpnet,simcse,51,0.0037863227213792666,0.003700900863161549,0.002579332909235371,0.005018489647202973,0.0022897932031450408,0.005110007668372218,0.005110007668372218
11,minilm,pubmedbert,51,0.0025172776778766095,0.0025371319972158357,0.0014977083033577143,0.0037666827172126716,0.0008415091408702224,0.00406697329955219,0.00406697329955219
11,minilm,biobert,51,0.0026830034241904516,0.0026736208939964756,0.001843865881841933,0.003648437174635727,0.0012783285515090004,0.003909567405117276,0.003909567405117276
11,minilm,simcse,51,0.0038966056278749105,0.003961140431501864,0.0027003751883183102,0.005141940993419997,0.002632304506047456,0.005592275697386184,0.005592275697386184
11,pubmedbert,biobert,51,0.0001346206231354847,0.00011783387855068828,-8.705515955192977e-05,0.00048047064997427946,-0.0001410239689489945,0.0005206541507227769,0.0005206541507227769
11,pubmedbert,simcse,51,-0.001062689607743592,-0.001000534259975594,-0.0016813382731681314,-0.0005613664835564247,-0.0017553720893486169,-0.0004802758002158125,0.0017553720893486169
11,biobert,simcse,51,-2.5430407662016922e-05,-2.5476749054287318e-05,-0.0005254806812374779,0.0006018982658498595,-0.0006014390458737306,0.0006805235565138235,0.0006805235565138235
12,specter,specter2,51,-0.0020018558372650657,-0.0020099727159472724,-0.0025986348781479873,-0.0014263646027466437,-0.00263600104335715,-0.0014037528589154746,0.00263600104335715
12,specter,scincl,51,0.0004938087342917165,0.0006117782525163484,-0.00035884869702365596,0.001320271909290488,-0.0005875130070148726,0.001423595901488106,0.001423595901488106
12,specter,scibert,51,0.00047624566098330664,0.0005488598720857496,-0.0014569118954628202,0.002156401903778943,-0.001584957790100705,0.002270038991141643,0.002270038991141643
12,specter,bert,51,-0.0013578676302986635,-0.0015242109398151404,-0.0027460059799668257,0.00035900346703798824,-0.0028127386937119025,0.0009767256638132382,0.0028127386937119025
12,specter,mpnet,51,-0.0005641005717406656,-0.0006072986699396932,-0.0014960530874826572,0.0005264516027020938,-0.0016216112796180182,0.0009712358243126884,0.0016216112796180182
12,specter,minilm,51,-0.0010179158989606302,-0.0010088705808467546,-0.0017324416635796647,-0.0001455555025240418,-0.001806871681603206,0.00021524625784574702,0.001806871681603206
12,specter,pubmedbert,51,0.009147457216289177,0.009013610880394873,0.005498274556916344,0.01370142123307233,0.0038611498741132344,0.013800129339522016,0.013800129339522016
12,specter,biobert,51,-0.00021033155076964925,-0.0003347401600968247,-0.0025401417321583852,0.002812766353119195,-0.00335160415164959,0.0034582574227312035,0.0034582574227312035
12,specter,simcse,51,-0.0010356725983133557,-0.0009778561301126976,-0.002628276765212656,0.0009190616686630126,-0.002752625468373293,0.0010626111742468858,0.002752625468373293
12,specter2,scincl,51,0.0014090000931226013,0.001379398809018051,0.000838040445588828,0.002412427010134055,0.0007795471887889205,0.002561736229835798,0.002561736229835798
12,specter2,scibert,51,0.001556908834389016,0.0017044105014969446,3.733831378560648e-05,0.0032293392513019215,-0.00029860033479656156,0.0033307642139233096,0.0033307642139233096
12,specter2,bert,51,0.00013666209004186268,4.463287809086669e-05,-0.001124029067039678,0.0015258976953511638,-0.0013542960856830488,0.002099392449128823,0.002099392449128823
12,specter2,mpnet,51,0.00012348044585318594,0.00019417497511453607,-0.0010926286175982902,0.0016558283732678314,-0.0012386632100874762,0.001743224165463908,0.001743224165463908
12,specter2,minilm,51,-0.0010572984078012695,-0.000986894332137056,-0.001937554119860796,-0.00010798278738546885,-0.0021522521827861407,0.000490198498421579,0.0021522521827861407
12,specter2,pubmedbert,51,0.011795912620114042,0.011714000947902536,0.008756310747009777,0.015828933226377406,0.008285569468144405,0.018034799523282907,0.018034799523282907
12,specter2,biobert,51,0.0032772401851634144,0.0031352317158730436,0.0010985526497770959,0.006029785551305927,0.0008667537990756369,0.007796668438425525,0.007796668438425525
12,specter2,simcse,51,0.0010978363543353619,0.001119140945111341,-0.00022340411963167606,0.002968636419468068,-0.0007319489744932461,0.00325738666437958,0.00325738666437958
12,scincl,scibert,51,0.001797173325190103,0.0018074528828169178,7.561748822157432e-05,0.0032860961912190567,-0.0001372766972282946,0.0037178424446858704,0.0037178424446858704
12,scincl,bert,51,0.0004990622764388022,0.0004120373932526844,-0.0007823192488637665,0.0019222355186062912,-0.0010864089408575417,0.0025093094944550476,0.0025093094944550476
12,scincl,mpnet,51,-0.001256856426804744,-0.001304990161734465,-0.0019201700168339775,-0.0004977964517230982,-0.0020177804714544,-0.0004462139043869273,0.0020177804714544
12,scincl,minilm,51,-0.0022668840572059716,-0.0022207421110573833,-0.0029429008291842473,-0.0014215747670729695,-0.003132925786991425,-0.0009417620967591134,0.003132925786991425
12,scincl,pubmedbert,51,0.009644329288343688,0.009359890021684691,0.0065465688502117925,0.01409961341180066,0.006154592061028863,0.015213028153244879,0.015213028153244879
12,scincl,biobert,51,0.0034937959607668954,0.003281600940744478,0.0016763619162444565,0.006518467953771229,0.0008684419082892747,0.007239373453908238,0.007239373453908238
12,scincl,simcse,51,-0.0010518780853516893,-0.0010446680757881799,-0.002120967879701563,0.00020264289117363776,-0.002335680306406629,0.0008124971627649913,0.002335680306406629
12,scibert,bert,51,0.001158272191662424,0.0011366604443795447,0.0003912601124389514,0.0018849086534827864,0.00022910466465375645,0.002345736968630052,0.002345736968630052
12,scibert,mpnet,51,0.002938032922641609,0.002705312712390162,0.000914743359749226,0.004655584396670298,0.0006033651516323957,0.004959708610643765,0.004959708610643765
12,scibert,minilm,51,-0.000290618475345229,-0.0002931709394414783,-0.001988208658027041,0.001800249918740754,-0.0022317497779335005,0.002283652208924236,0.002283652208924236
12,scibert,pubmedbert,51,0.0019527511272896731,0.0019669866429417038,0.00020653333716130762,0.003634975863008233,-0.0005263132806041515,0.004329642833211023,0.004329642833211023
12,scibert,biobert,51,-0.001744453071304768,-0.001819366491386143,-0.002485448970510007,-0.0005529122379765161,-0.0025220490000883444,-0.0004084112958475661,0.0025220490000883444
12,scibert,simcse,51,0.00019580962086639854,6.14400652445557e-05,-0.0005649494731015392,0.0010715698436860877,-0.0006972576659387553,0.001090923644752606,0.001090923644752606
12,bert,mpnet,51,0.0004537607903598584,0.00047708110928734726,-0.0008855531488503321,0.0022336037581977553,-0.001368064818128567,0.0026637105180027376,0.0026637105180027376
12,bert,minilm,51,-0.0007251371423116024,-0.0007910060166343991,-0.0025142057893564607,0.0007483727340188706,-0.002871763240786973,0.0017873858244953356,0.002871763240786973
12,bert,pubmedbert,51,0.00703656115075946,0.006985321963612678,0.004578304125349014,0.009330204496179967,0.003818765756292919,0.009391860236372285,0.009391860236372285
12,bert,biobert,51,0.0045402972659964805,0.004358835817449003,0.003057370179594676,0.006347123736311466,0.0028994638402750628,0.006421762265386155,0.006421762265386155
12,bert,simcse,51,-0.00041332957116398794,-0.0003837747444139783,-0.0008798312476026304,0.00017046111371302186,-0.000970655918951957,0.00028836210913074645,0.000970655918951957
12,mpnet,minilm,51,0.0005026950501985574,0.000489227591096375,8.956279567021164e-05,0.0008748447440138918,-5.561644849838565e-05,0.0010110308238633348,0.0010110308238633348
12,mpnet,pubmedbert,51,0.012264910505964557,0.012348512089287667,0.008972992661926638,0.017063386446019818,0.007612709584833621,0.018225148651496048,0.018225148651496048
12,mpnet,biobert,51,0.0049657055866727485,0.0046912621287672485,0.002065020889777336,0.007828409626240235,0.0016325576284376142,0.010342621545599506,0.010342621545599506
12,mpnet,simcse,51,0.00041577430787802645,0.00032951927412772086,-0.00078230665776019,0.0019510802147061634,-0.0011218827240364604,0.002968793045755369,0.002968793045755369
12,minilm,pubmedbert,51,0.006442966194002422,0.006308737218209681,0.0024632729243513896,0.010362137827927331,0.002241371971024253,0.012401038557695587,0.012401038557695587
12,minilm,biobert,51,-0.00037830533229449835,-0.0005302998862665165,-0.003446976866751328,0.002926750274126727,-0.0036868224284652973,0.004410342413201485,0.004410342413201485
12,minilm,simcse,51,-0.0021232282405368942,-0.002156761523600892,-0.0036223319921594166,-0.0005325816196923017,-0.0037345646878251815,0.00014087161329667808,0.0037345646878251815
12,pubmedbert,biobert,51,0.0030049838015961776,0.0030559005392614136,0.0020035011818436976,0.0037388316302241764,0.0019561819467992514,0.003947081391399432,0.003947081391399432
12,pubmedbert,simcse,51,0.004638613828050707,0.004652472302234534,0.0018582361360181543,0.007370714393301087,0.0016889393331801505,0.007690036776316078,0.007690036776316078
12,biobert,simcse,51,0.0005398623324212625,0.0005797305497401428,-0.0009182473955131609,0.00203003622619527,-0.0010548923403488342,0.0027639737062137293,0.0027639737062137293
13,specter,specter2,51,0.0005958828284734377,0.0006024074535704305,-0.00030718944891694466,0.0016068797256243716,-0.0005638406608918789,0.002403161893249739,0.002403161893249739
13,specter,scincl,51,0.000929749739015887,0.0009267090836514447,0.00013802824546974013,0.0021132787523736873,-2.9554525587505154e-05,0.0022509963516090803,0.0022509963516090803
13,specter,scibert,51,-0.0008415417433606618,-0.0008471073586406863,-0.001916459079652072,0.00044804872059539536,-0.001957638632751224,0.0008406387388170122,0.001957638632751224
13,specter,bert,51,2.628355127869539e-05,7.150322031190814e-05,-0.00154470718739394,0.001835519287398002,-0.0022497022685679102,0.002030317558261885,0.0022497022685679102
13,specter,mpnet,51,0.004939664293834155,0.004954125227025652,0.0035713729376506687,0.006467102133087682,0.0031234693613312325,0.006903560797693942,0.006903560797693942
13,specter,minilm,51,0.005222110881446189,0.005211113848524795,0.0033833287479537733,0.0066488268278047935,0.0026141108793680257,0.0069165677295045525,0.0069165677295045525
13,specter,pubmedbert,51,-0.00019785066226884592,-0.00019814414553098736,-0.002262820459057402,0.0020723077416913704,-0.0025242523208052203,0.0021904411348759867,0.0025242523208052203
13,specter,biobert,51,-0.0005391016334717254,-0.0004890468402498627,-0.0018250454249701953,0.001167112829727257,-0.0020897737146425843,0.0013289492651774593,0.0020897737146425843
13,specter,simcse,51,-0.001280543834925165,-0.0012552674831118882,-0.0019199766907751492,-0.0005192896876670405,-0.002072737082544296,-0.0003381700115837605,0.002072737082544296
13,specter2,scincl,51,-0.0009429839570484869,-0.0009398832186675588,-0.0012922231133792594,-0.0006707746774077539,-0.0013286796943429158,-0.0006620422032760365,0.0013286796943429158
13,specter2,scibert,51,-0.001324609666116548,-0.0013445891663408371,-0.0019030572576426985,-0.0005855562887548404,-0.002055716281765041,-0.0005741089369192265,0.002055716281765041
13,specter2,bert,51,-0.002058535095065418,-0.0020982609374786687,-0.0027041050047354187,-0.0012406037550643512,-0.0030013739080517743,-0.0009833792469683411,0.0030013739080517743
13,specter2,mpnet,51,-7.740525320783694e-05,-5.147632955160297e-05,-0.0007299282444837296,0.0007410863527085587,-0.0009219244619504963,0.0007793185370251754,0.0009219244619504963
13,specter2,minilm,51,0.00014864049813558995,0.0002271315741297908,-0.000680780178523438,0.0008525908381508407,-0.0008196052718056901,0.0011409255122684092,0.0011409255122684092
13,specter2,pubmedbert,51,-0.0032390758399920105,-0.00322247710712531,-0.004141300798828712,-0.002274066102608885,-0.004228065177090401,-0.0022482992458231488,0.004228065177090401
13,specter2,biobert,51,-0.0024961320763981117,-0.002512619196300303,-0.0031082490962721643,-0.001575207794624195,-0.003164251943444496,-0.0015413586307071458,0.003164251943444496
13,specter2,simcse,51,-0.0021490732852241464,-0.0021844106392394647,-0.0028037709855313064,-0.0012934582702747166,-0.0028373850650762478,-0.0011075265395285028,0.0028373850650762478
13,scincl,scibert,51,-0.0018848063357189714,-0.0018700671366720378,-0.0025790656660783784,-0.00121321095829513,-0.0026372104835516996,-0.001193482299600479,0.0026372104835516996
13,scincl,bert,51,-0.003953705716301596,-0.004031298978131592,-0.004609801996746876,-0.003219558006695211,-0.0048991453202855695,-0.003089143487016166,0.0048991453202855695
13,scincl,mpnet,51,-0.0010624118481105465,-0.0010542297823582514,-0.0019882022601046268,-0.00032503122233878967,-0.0021655575732352217,-0.00027099900706306634,0.0021655575732352217
13,scincl,minilm,51,-0.0002865125450325618,-0.00021799700415103818,-0.0013674606749444762,0.0006050472210092639,-0.0017075287694662267,0.0008358000180466174,0.0017075287694662267
13,scincl,pubmedbert,51,-0.002726397446880783,-0.0026665680797688385,-0.0037956530912501563,-0.0015602249226883969,-0.004645727928439758,-0.0015320362061647108,0.004645727928439758
13,scincl,biobert,51,-0.0022995295997224564,-0.002375166086422076,-0.0031881400325626252,-0.0014637555993262386,-0.0036897151978760867,-0.001374815643155558,0.0036897151978760867
13,scincl,simcse,51,-0.0014055537526139533,-0.001410923045542023,-0.002209718115635667,-0.0004757074870300748,-0.0022800664281008576,-0.0002511084049124923,0.0022800664281008576
13,scibert,bert,51,-0.00023287378777525408,-0.0002643617609821014,-0.0010231419989581436,0.0006448703843883463,-0.0011074706650663346,0.0007062656099521281,0.0011074706650663346
13,scibert,mpnet,51,-0.001349960157146974,-0.0015214025075460658,-0.0031848013420348875,0.0011033957853119614,-0.0033424438774706244,0.0014528308080746788,0.0033424438774706244
13,scibert,minilm,51,-0.00033709896730520407,-0.00041834600185319815,-0.0019698862415436225,0.002183178570945188,-0.0023952832562361692,0.0026350190944862684,0.0026350190944862684
13,scibert,pubmedbert,51,-0.0001668005586743145,-0.00019193529059313708,-0.0008725280852501516,0.000729520974946607,-0.0012032147142211347,0.0008169423777946161,0.0012032147142211347
13,scibert,biobert,51,-0.0005751746814023525,-0.0006071316537614724,-0.0011443592447252238,6.210989908553288e-05,-0.0012278867108292957,0.0001375464094015566,0.0012278867108292957
13,scibert,simcse,51,-0.00021654355444843855,-0.00025355312031405397,-0.0006377359963175566,0.00021361798313199176,-0.0006717607897641642,0.00026046054728667833,0.0006717607897641642
13,bert,mpnet,51,-0.0055487769969442225,-0.0055734785285393995,-0.00664444420112098,-0.00422332146778151,-0.00693105296961527,-0.003733123720825904,0.00693105296961527
13,bert,minilm,51,-0.005332654110430756,-0.0054658669434187734,-0.006643934735710094,-0.0035018290753582038,-0.006701454719794886,-0.002829002166584993,0.006701454719794886
13,bert,pubmedbert,51,-0.002273400888037472,-0.002233570078825853,-0.0030199099087512837,-0.001549802411916601,-0.0030701971508839687,-0.0012454702963859976,0.0030701971508839687
13,bert,biobert,51,-0.0014620970188319903,-0.0014805121103544927,-0.0019471812112313025,-0.0008908608715532673,-0.0019554866767553802,-0.0007358021610458509,0.0019554866767553802
13,bert,simcse,51,0.0006195821621101105,0.0005848423842800266,-0.0003293138827810682,0.0018732559941997684,-0.0004429848809824888,0.0020793355742942943,0.0020793355742942943
13,mpnet,minilm,51,-0.00024210569844590793,-0.0002451561868984653,-0.0006422115429308983,0.00024142951593009165,-0.0007287120663854729,0.00035453264600049383,0.0007287120663854729
13,mpnet,pubmedbert,51,-0.006485893930032302,-0.006523153581409202,-0.008275979155363017,-0.004708326012074826,-0.009191316126447968,-0.004439321865069901,0.009191316126447968
13,mpnet,biobert,51,-0.004113064352105854,-0.00410072010343332,-0.0060293927972213945,-0.002646550635400702,-0.006233856876970645,-0.0023360730894240733,0.006233856876970645
13,mpnet,simcse,51,-0.0006309700949259253,-0.0007403953711845324,-0.0023549499508125626,0.0008700852536547288,-0.00243680714882466,0.0009079573470319735,0.00243680714882466
13,minilm,pubmedbert,51,-0.003134827019542396,-0.0032450176257382557,-0.0051182912927325575,-0.0006895366551500082,-0.0057765732646344325,-0.00037371339897906974,0.0057765732646344325
13,minilm,biobert,51,-0.001379200817945292,-0.001390105701023936,-0.0033426535667707147,0.0005308422832100146,-0.003610407211890765,0.0008710109232870078,0.003610407211890765
13,minilm,simcse,51,0.0006025450708959526,0.00061296180938053,-0.0009894513589976117,0.00230152830231517,-0.0010863554762673422,0.002586988850430738,0.002586988850430738
13,pubmedbert,biobert,51,-0.0003524840762124888,-0.0003774310202101505,-0.0005744955871096469,-5.4983183534723645e-05,-0.0006045963784349073,1.1603329625575753e-05,0.0006045963784349073
13,pubmedbert,simcse,51,0.00031044515928256876,0.0002699506803123253,-0.0008959920675315758,0.0013930114517440861,-0.0010822224992141916,0.0020607417499509673,0.0020607417499509673
13,biobert,simcse,51,-0.0005425402908550762,-0.0006015020794205572,-0.0011078894065035816,0.00040630648490760923,-0.0013998408528680395,0.0005139702075408481,0.0013998408528680395
14,specter,specter2,51,-0.0011218222042985921,-0.0011343466524583734,-0.0018190270310372847,-0.0004169499191428727,-0.001968020417022598,-0.00034353914766238614,0.001968020417022598
14,specter,scincl,51,-0.0029238989942386574,-0.0029263342723616637,-0.003468056796796487,-0.002332638168802026,-0.0038551037336324034,-0.0016651550516356695,0.0038551037336324034
14,specter,scibert,51,-0.0034614107668601204,-0.0034343866515686994,-0.0044399495393937505,-0.00215083164418145,-0.004520156134587894,-0.001640519943856611,0.004520156134587894
14,specter,bert,51,-0.005137978575401665,-0.005138615285527948,-0.006195942924528658,-0.004171589102175882,-0.006388649673576996,-0.003967819736821809,0.006388649673576996
14,specter,mpnet,51,-0.002191175465241062,-0.002230128960660771,-0.0027678817487941376,-0.0015311275826965232,-0.0029053598089864296,-0.0015107978034303304,0.0029053598089864296
14,specter,minilm,51,-0.003060312551145511,-0.00310425371677836,-0.0036465799121971343,-0.002269337741078431,-0.003726335916801937,-0.0021609974254173103,0.003726335916801937
14,specter,pubmedbert,51,-0.005268817775506049,-0.005262146186791772,-0.006702510084799523,-0.0032065122454265904,-0.006810811624095692,-0.0031036953766596653,0.006810811624095692
14,specter,biobert,51,-0.005047115564421564,-0.0050256150575369585,-0.0063648650606356605,-0.0037092279751939905,-0.006503051092833112,-0.002913180615947586,0.006503051092833112
14,specter,simcse,51,-0.0036723613066299695,-0.0037441272027863848,-0.0049545429473562275,-0.001790541904440196,-0.005299512225549252,-0.0016658228046552148,0.005299512225549252
14,specter2,scincl,51,-0.001767673303751141,-0.0017178709527707614,-0.00216007211277941,-0.0014086391361926853,-0.002224395429360926,-0.0013674247480556234,0.002224395429360926
14,specter2,scibert,51,-0.0044323690833633494,-0.004414085599872775,-0.005139931105841294,-0.0037645640503135847,-0.005552771001880452,-0.003289575489308749,0.005552771001880452
14,specter2,bert,51,-0.005227754081902937,-0.005238736758746754,-0.005981665191616359,-0.004370106672176188,-0.006407077659798199,-0.003961734983812248,0.006407077659798199
14,specter2,mpnet,51,-0.0007262193363839465,-0.0008009016524246348,-0.0015824341057708302,0.00040355424560883923,-0.0016558506974829745,0.0006237363333271295,0.0016558506974829745
14,specter2,minilm,51,-0.002001456188639618,-0.002064792224698908,-0.0033688847284789325,-0.0007541184344140861,-0.003523674281808442,-0.000128357616940189,0.003523674281808442
14,specter2,pubmedbert,51,-0.005911506052614982,-0.005966208228077252,-0.007105610119487182,-0.004543766604785143,-0.00760397114368605,-0.004191561815441225,0.00760397114368605
14,specter2,biobert,51,-0.006002322814118097,-0.006068812464287809,-0.006902151462192474,-0.004858231810100727,-0.007209699081438314,-0.00467045215305284,0.007209699081438314
14,specter2,simcse,51,-0.004681687988518526,-0.004684590395684918,-0.005540328521036586,-0.003525376720693363,-0.005787258599316392,-0.003199370077863861,0.005787258599316392
14,scincl,scibert,51,-0.0030906587461530443,-0.00308870376951087,-0.003967446452573992,-0.0022036106863034532,-0.004013292913506938,-0.001974036098363219,0.004013292913506938
14,scincl,bert,51,-0.00359481038895752,-0.0035738559351843335,-0.004575047136990779,-0.002552669986297912,-0.004723523481506731,-0.002213102033047032,0.004723523481506731
14,scincl,mpnet,51,-0.0022215714980060976,-0.002227684908275407,-0.002889853049436536,-0.0011126806839680814,-0.003171645409846824,-0.0009542153015806853,0.003171645409846824
14,scincl,minilm,51,-0.0037292640982904955,-0.0037689031140535345,-0.004820549245184325,-0.0025855101802132463,-0.004877737017912498,-0.0020565393188048953,0.004877737017912498
14,scincl,pubmedbert,51,-0.0015076166796342434,-0.0016201544141378754,-0.0027685941830853655,1.9176391503894497e-06,-0.0032874902897218616,0.00031056919017546925,0.0032874902897218616
14,scincl,biobert,51,-0.002745075037772246,-0.002724154884237495,-0.00392895817456923,-0.0012870365890679802,-0.004056234639210343,-0.0010219902911920986,0.004056234639210343
14,scincl,simcse,51,-0.0031542844769666704,-0.0030638053862753756,-0.004246065842740343,-0.0020139032959445025,-0.004313224359276835,-0.0016394010799438696,0.004313224359276835
14,scibert,bert,51,-0.0019344839466714644,-0.0019379175465379372,-0.002589293755845379,-0.001264505952563777,-0.0026669385199127316,-0.0011405845742594733,0.0026669385199127316
14,scibert,mpnet,51,-0.002980469061321512,-0.0029604164556826795,-0.004414601145247998,-0.0018124092796835967,-0.004539607727918282,-0.001708602679075244,0.004539607727918282
14,scibert,minilm,51,-0.002989251157032272,-0.003082841103888123,-0.004315868196431649,-0.001494571291265595,-0.004425276210356377,-0.0011922297018509553,0.004425276210356377
14,scibert,pubmedbert,51,-0.0016517213756951192,-0.0016570878915835863,-0.0022793711520771587,-0.0009709746776619399,-0.002464754113148504,-0.000961206111126045,0.002464754113148504
14,scibert,biobert,51,-0.002259489549575786,-0.002288496399253215,-0.0026444387466860453,-0.0017147994944530232,-0.002690024490427767,-0.0015690690244326566,0.002690024490427767
14,scibert,simcse,51,-0.0008740238442240267,-0.0008673338051214952,-0.0015825676603798688,-0.0002643206941353171,-0.001828904571283485,-0.00018951758402441232,0.001828904571283485
14,bert,mpnet,51,-0.0039659928730148555,-0.004011663321487946,-0.005022074107616181,-0.002751520908015781,-0.005362367284005298,-0.0026312664344518844,0.005362367284005298
14,bert,minilm,51,-0.0036392339942753027,-0.0037785647312629234,-0.005182293590346332,-0.001971424221359125,-0.005560679549784453,-0.00097769298219208,0.005560679549784453
14,bert,pubmedbert,51,-0.002869055211942917,-0.0028590895882442124,-0.0036099943220293806,-0.0021469378400121586,-0.0038371556617985414,-0.0015400742672414536,0.0038371556617985414
14,bert,biobert,51,-0.0029633069770062057,-0.002987695461742823,-0.003543056039696485,-0.0023884720826982675,-0.003664295244943383,-0.0017563483174942718,0.003664295244943383
14,bert,simcse,51,6.07892166946819e-06,2.3916684316338532e-05,-0.0007185266636419718,0.0007834092078251864,-0.0008225854308705483,0.0008873133686710943,0.0008873133686710943
14,mpnet,minilm,51,-0.00036371500528128715,-0.0003534233411210952,-0.0006674189308182865,-6.84042072496005e-05,-0.0007802679216337705,6.179812196416279e-07,0.0007802679216337705
14,mpnet,pubmedbert,51,-0.004578270478610399,-0.0045988670714400826,-0.0062451410525153905,-0.003177836050962335,-0.00656314808588121,-0.0023984841085445963,0.00656314808588121
14,mpnet,biobert,51,-0.004955165308366274,-0.00493174761689652,-0.006282087699668065,-0.003599494211723897,-0.006504990132272348,-0.0034951250024991554,0.006504990132272348
14,mpnet,simcse,51,-0.0015243805087742977,-0.0014911514511364299,-0.002700999644470875,0.0005289370123113812,-0.0029023301688824166,0.0007881074942704958,0.0029023301688824166
14,minilm,pubmedbert,51,-0.0050380546478167336,-0.005250252198132688,-0.0065924070645121124,-0.0027920980189724276,-0.0067327304490625295,-0.002390995894595682,0.0067327304490625295
14,minilm,biobert,51,-0.005064453919163121,-0.005104006752755907,-0.006458140947871671,-0.0031579514814798204,-0.006549473302785769,-0.00304810673662681,0.006549473302785769
14,minilm,simcse,51,-0.0032370397066263526,-0.00319610896966116,-0.0046406001665925956,-0.0016798636788262766,-0.004954294496997802,-0.0009828719649860318,0.004954294496997802
14,pubmedbert,biobert,51,-0.0005706559019322734,-0.0005824482926659602,-0.0008039149695835135,-0.0002936508569003071,-0.0008915618898636124,-0.00018800224454218473,0.0008915618898636124
14,pubmedbert,simcse,51,-0.0018353620416130033,-0.0018746157703174449,-0.002937327621916397,-0.0009404719096189618,-0.00304303212877588,-0.0009110010835453597,0.00304303212877588
14,biobert,simcse,51,-0.002414305887626219,-0.002416921127037286,-0.0031692472810905814,-0.0016481565967907952,-0.0031913317157306054,-0.0013230092233734725,0.0031913317157306054
15,specter,specter2,51,-0.004172850328126604,-0.004168623010410211,-0.004637108161582693,-0.0036756408567852616,-0.005051157530645889,-0.003638439624936929,0.005051157530645889
15,specter,scincl,51,-0.0007147262414162345,-0.0007594248621786148,-0.001390250163481932,-6.452366301865076e-05,-0.0015547159300934865,8.002681939600631e-05,0.0015547159300934865
15,specter,scibert,51,-0.005175433041434453,-0.0052724547703574265,-0.00609982263176842,-0.004136766257767405,-0.006417094544280522,-0.004080729081152312,0.006417094544280522
15,specter,bert,51,-0.007750230605243234,-0.007835568701073714,-0.00912247111286299,-0.0066453797621232324,-0.00938044334941035,-0.006603681792015426,0.00938044334941035
15,specter,mpnet,51,-0.004214252261815485,-0.0041929915275700225,-0.004843779662185382,-0.0036757528726767963,-0.004865039795500015,-0.003603483508429761,0.004865039795500015
15,specter,minilm,51,-0.002800941327958003,-0.002811812776410627,-0.0035683050432445684,-0.0017864123785254205,-0.003854261260116787,-0.0017837076002928942,0.003854261260116787
15,specter,pubmedbert,51,-0.0036621339436502275,-0.003772577134923294,-0.005067510703292061,-0.0011890642831222653,-0.005334253733277339,-0.000999245473632171,0.005334253733277339
15,specter,biobert,51,-0.005645238046346752,-0.0056892720836334565,-0.006803073275584021,-0.00417019462786325,-0.006849013443045671,-0.0038947088610288283,0.006849013443045671
15,specter,simcse,51,-0.003976235835193295,-0.004079744563133536,-0.004983795352666742,-0.0026937329044012803,-0.005447546669129166,-0.0026278112780718788,0.005447546669129166
15,specter2,scincl,51,-0.00015198962996461804,-0.00014863739064852055,-0.0005814878903344367,0.0004928150550875809,-0.0006539813696441188,0.0006185276895528391,0.0006539813696441188
15,specter2,scibert,51,-0.0025917330134419764,-0.002614617507476713,-0.0032365672181243754,-0.0018435943723638382,-0.00395822673602686,-0.0017968654998472555,0.00395822673602686
15,specter2,bert,51,-0.0028587602576247073,-0.0027887255614537088,-0.0038806994441376863,-0.0022730672773170757,-0.004067288944290093,-0.002247517442087621,0.004067288944290093
15,specter2,mpnet,51,-0.0023614926946254147,-0.0023519387398288627,-0.002833262004375614,-0.0017224485259728084,-0.0028966794185038003,-0.0013987169188404147,0.0028966794185038003
15,specter2,minilm,51,-0.001563158544411515,-0.0015397384003557057,-0.0022480150750956995,-0.0009367995609028124,-0.002499948375801142,-0.0004202914482348552,0.002499948375801142
15,specter2,pubmedbert,51,-0.0005789170148644115,-0.0005574714347409415,-0.0019766214242211977,0.000812167533890823,-0.0024239501883479564,0.0012472129976329738,0.0024239501883479564
15,specter2,biobert,51,-0.002309790630976049,-0.002334478139587537,-0.003627011348946274,-0.0011203630121972563,-0.0037388508913085428,-0.0009162545993678384,0.0037388508913085428
15,specter2,simcse,51,-0.002298871735496005,-0.002302495412537797,-0.0033383846591725497,-0.0013172955260193075,-0.0034292788431232735,-0.0009964380036467935,0.0034292788431232735
15,scincl,scibert,51,-0.002626653789273952,-0.002634045638100879,-0.0033331334270468582,-0.0018051517855707522,-0.0036956738087885466,-0.0017633588908709807,0.0036956738087885466
15,scincl,bert,51,-0.003685036983047469,-0.0036914889642825077,-0.004715592337624447,-0.002751027128755662,-0.004796472529225437,-0.002594390274147651,0.004796472529225437
15,scincl,mpnet,51,-0.00018549562336415073,-0.00017321519553592513,-0.0010491832097510867,0.0006933378799941492,-0.0014239107008874319,0.000903495430682133,0.0014239107008874319
15,scincl,minilm,51,-7.19268892866127e-05,-0.00015253471950138486,-0.0010241484090589004,0.0007272989683924647,-0.001126366853506422,0.0012263589789182072,0.0012263589789182072
15,scincl,pubmedbert,51,-0.0027939740729110082,-0.0028365853422503973,-0.0037133436804865083,-0.0014301155446936331,-0.0037552258516538872,-0.0012189637597692649,0.0037552258516538872
15,scincl,biobert,51,-0.0023252135278114972,-0.00227295270567196,-0.003197609418032654,-0.0014267864256871932,-0.003563074457398119,-0.0013869675559788908,0.003563074457398119
15,scincl,simcse,51,-0.0024817523834677556,-0.002568041809824839,-0.0030947228159356466,-0.0016404265209172264,-0.0034747004865191,-0.001527715820858755,0.0034747004865191
15,scibert,bert,51,-0.002273081528220941,-0.0022939432548427785,-0.002556399169760859,-0.0016931530520657434,-0.0025995156301027444,-0.0016351879755182042,0.0025995156301027444
15,scibert,mpnet,51,-0.004755185262216245,-0.004768715936792622,-0.006233928907984243,-0.003357268300729105,-0.006809172094544791,-0.0027993132751753524,0.006809172094544791
15,scibert,minilm,51,-0.003950545878778659,-0.003940187502976755,-0.005150277547548626,-0.0027112324295797963,-0.005599327283473343,-0.002674101863562539,0.005599327283473343
15,scibert,pubmedbert,51,0.0011727366390604983,0.0012231743548763996,0.0005148184083774154,0.0016282512841755692,0.0004520452610631276,0.001690266238219884,0.001690266238219884
15,scibert,biobert,51,-0.0002149783656705545,-0.00020819692286577762,-0.0007182206317248307,0.00043551937966965215,-0.0007208436071072244,0.0005087281160164325,0.0007208436071072244
15,scibert,simcse,51,-3.598806138617161e-05,-4.548881894028689e-05,-0.000509467448675055,0.00044073552034343266,-0.000601992240345961,0.0006767124607262032,0.0006767124607262032
15,bert,mpnet,51,-0.0045920048283861255,-0.0046701636254873335,-0.005844544342215402,-0.003242567076993913,-0.005913167055549562,-0.0030949504478859913,0.005913167055549562
15,bert,minilm,51,-0.005906545020980301,-0.005911993381851333,-0.007154250368983622,-0.004501490922358187,-0.007398760613041344,-0.004201130365538486,0.007398760613041344
15,bert,pubmedbert,51,0.0013005410135750555,0.0014467740348456104,0.0002576103018457343,0.002007375058234784,0.00022556590226641138,0.002145133057486648,0.002145133057486648
15,bert,biobert,51,-0.00016803425718854814,-0.00014758359890254535,-0.0008026125612071444,0.00026551009629610656,-0.0009237830474005948,0.0004285198664568668,0.0009237830474005948
15,bert,simcse,51,-0.0007316877522840384,-0.0007142377621131013,-0.0013612937403656988,-0.00023003657657313936,-0.0014184576368161395,-0.00012047399183667817,0.0014184576368161395
15,mpnet,minilm,51,-0.0004317397625631832,-0.00042791747551851333,-0.0007632954585619078,4.283567759602591e-05,-0.0008118030656802944,0.0001087427561331511,0.0008118030656802944
15,mpnet,pubmedbert,51,-0.002012954421118452,-0.002131040662719408,-0.0038556571111547644,0.0011886516470505926,-0.004357101450095491,0.002044838468008514,0.004357101450095491
15,mpnet,biobert,51,-0.004908208431482461,-0.004927186243742998,-0.0063464288926211865,-0.0024632614959532173,-0.006516198953302799,-0.0018770081936301253,0.006516198953302799
15,mpnet,simcse,51,-0.00394011845498057,-0.004066446564138793,-0.005145375017560183,-0.0025272767379566075,-0.005389086576375601,-0.0018002641403103148,0.005389086576375601
15,minilm,pubmedbert,51,-0.0026919640968248323,-0.002894162720955218,-0.004156708539980791,-0.00015930087657725633,-0.004669854729960066,0.0008679410973888579,0.004669854729960066
15,minilm,biobert,51,-0.004307084270357427,-0.0043039076550054345,-0.005669155807359522,-0.0022688678565982445,-0.005981803196368651,-0.001886035189863966,0.005981803196368651
15,minilm,simcse,51,-0.0034615142204368885,-0.003420670834306083,-0.004495719527380121,-0.0022358432874016454,-0.004627435264887403,-0.0018048462197801651,0.004627435264887403
15,pubmedbert,biobert,51,0.000502290835169967,0.000488357546914564,0.00014787983277753103,0.00090959391976983,0.00013497818876617718,0.0010450615383331696,0.0010450615383331696
15,pubmedbert,simcse,51,-0.000989974781441463,-0.0009588834593992068,-0.0016591772062176102,-0.0002715810253202666,-0.001748993390747522,-0.00013357288875892603,0.001748993390747522
15,biobert,simcse,51,-0.0016833989552423117,-0.001664322005048291,-0.002240875487322852,-0.0009938664309821765,-0.0023958815978122328,-0.0008784737024384315,0.0023958815978122328
16,specter,specter2,51,0.0028953491622451828,0.002975217025099508,0.001399804637466917,0.004561104083986273,0.0012937024677106557,0.004927825005956898,0.004927825005956898
16,specter,scincl,51,0.0014687754019840817,0.0015319035164836903,0.0008864927053151561,0.0021023835067918994,0.0007655501564844958,0.002224590618411626,0.002224590618411626
16,specter,scibert,51,-0.003677581063362698,-0.00376084581829228,-0.004545416743726022,-0.0025090433669023304,-0.004571368136518705,-0.0024381137697603306,0.004571368136518705
16,specter,bert,51,-0.0037548834532168157,-0.003898081040512813,-0.005857746983538248,-0.0013000148217386098,-0.006069687177439609,-0.001275383589029233,0.006069687177439609
16,specter,mpnet,51,-0.00016275748683262462,-0.0003049352135765515,-0.0012458115433795491,0.001047597491228458,-0.0014145043705844351,0.0017223314455766525,0.0017223314455766525
16,specter,minilm,51,-0.001237749093367593,-0.001217803271761353,-0.002155007476406706,-0.00018150412562442653,-0.0022879219810456597,-0.00012027881308085409,0.0022879219810456597
16,specter,pubmedbert,51,-0.0034622212183505704,-0.0034973883632533065,-0.004864048627430478,-0.0021040340442083916,-0.005441548358616322,-0.002008538994141107,0.005441548358616322
16,specter,biobert,51,-0.002722927112712144,-0.002610448868827997,-0.0043510637222854975,-0.0014169184103396681,-0.004988608729571964,-0.0012570505475103522,0.004988608729571964
16,specter,simcse,51,-0.0032570635364676755,-0.003273115276626992,-0.00414421374645782,-0.0025488789110406362,-0.004281059598459702,-0.0023361455076378324,0.004281059598459702
16,specter2,scincl,51,0.004389759151804962,0.004435417712992162,0.0034536044985216674,0.00552131831857719,0.003203660428525934,0.005739138903357088,0.005739138903357088
16,specter2,scibert,51,0.001354065773384644,0.0013832457848974578,-0.0006082379650166614,0.003052845858496883,-0.001033740771782976,0.0038649354692196214,0.0038649354692196214
16,specter2,bert,51,-0.0007740990161708683,-0.0008410400315017608,-0.0022640395282744197,0.0007556008912479317,-0.0032583428590936547,0.001487941188223485,0.0032583428590936547
16,specter2,mpnet,51,-0.0013734647700278286,-0.0013328515641003458,-0.0024081628727560533,-0.0005203668514456028,-0.002675594284261229,-0.00038125286020818105,0.002675594284261229
16,specter2,minilm,51,-0.0006643834405868745,-0.0006942529057778479,-0.0018172146434322634,0.0008471763532204579,-0.0019690620996157815,0.0014293148533003341,0.0019690620996157815
16,specter2,pubmedbert,51,-0.0042744625205065325,-0.004256590230620305,-0.005648601684204252,-0.0029098650962017802,-0.00594145447630845,-0.0026654761094434543,0.00594145447630845
16,specter2,biobert,51,-0.0038861203959202895,-0.003884560359917799,-0.005192872482674887,-0.003059684507101035,-0.005343364082536772,-0.0025743906978792364,0.005343364082536772
16,specter2,simcse,51,0.002214623463476607,0.0023567417005546654,-2.5991379625084354e-05,0.003938682265857113,-0.0003140984597951313,0.004696012434325714,0.004696012434325714
16,scincl,scibert,51,0.0015650779454060178,0.0015987512102207946,0.00027767108708495747,0.0032239768036630423,6.705662934924916e-07,0.003760151142999657,0.003760151142999657
16,scincl,bert,51,0.005925104904431547,0.005866393140488868,0.0034334852979145403,0.00909511266660562,0.0024867722791296343,0.009637654440634469,0.009637654440634469
16,scincl,mpnet,51,0.004070069303769189,0.004105169923199203,0.002768739043631424,0.005118974298296469,0.0026894550399221284,0.00545822200662327,0.00545822200662327
16,scincl,minilm,51,0.002454821302965702,0.0024602437101289842,0.0013632613668065896,0.003473146171153546,0.000848813288938266,0.0035794391403281,0.0035794391403281
16,scincl,pubmedbert,51,-0.002631250262424605,-0.0026002853614818244,-0.0036897313850589586,-0.0017242602491985837,-0.0038294349369115688,-0.0015204307353633428,0.0038294349369115688
16,scincl,biobert,51,-0.0013145116906067642,-0.0013647424795010243,-0.002634175017269813,0.0002937116570750631,-0.002692295211042861,0.0008276884818979591,0.002692295211042861
16,scincl,simcse,51,0.001814597816046794,0.0018858188703239076,0.0004188501227595509,0.002887487495867036,0.00031088486526353876,0.00301710195574445,0.00301710195574445
16,scibert,bert,51,-0.0006418651490239203,-0.0006860848167870026,-0.001502872420314133,0.0003060391718165134,-0.0015255001465337426,0.000639230407513125,0.0015255001465337426
16,scibert,mpnet,51,-0.004828620641019077,-0.004718083878615054,-0.006763531101249276,-0.0033417391918262873,-0.007345035050001059,-0.002758545445242566,0.007345035050001059
16,scibert,minilm,51,-0.004601508685932441,-0.0045034682258386916,-0.005906411304651887,-0.0038430556846973107,-0.00622749979267756,-0.003136742883905086,0.00622749979267756
16,scibert,pubmedbert,51,0.0030725974605500714,0.0030581632771787826,0.0021379379252381148,0.0040480469099545835,0.0019053945099289926,0.004109577523971897,0.004109577523971897
16,scibert,biobert,51,0.0021537276859833134,0.002056994908433807,0.0009458933240554523,0.0032631904790649258,0.0005517558964277525,0.0035247539620585355,0.0035247539620585355
16,scibert,simcse,51,-9.676743453184493e-06,-2.519829213498692e-05,-0.0004657864962349656,0.00044532019652118726,-0.0004732893828265361,0.0005021346857349007,0.0005021346857349007
16,bert,mpnet,51,-0.007602771056460747,-0.007623517531725854,-0.009014359664367366,-0.005937112217076823,-0.009354688113603515,-0.005221141276553043,0.009354688113603515
16,bert,minilm,51,-0.007578487562421277,-0.007520456391750252,-0.009370633066253936,-0.005358675192449119,-0.010107752061703112,-0.00522446935738774,0.010107752061703112
16,bert,pubmedbert,51,0.00773598830890801,0.007816006612925142,0.00598578521209342,0.008945891377749815,0.005579764870489723,0.009442032335811423,0.009442032335811423
16,bert,biobert,51,0.005730362165496816,0.005756861966408233,0.004625481942125947,0.006804156331644412,0.0035353772165743758,0.007300002022483931,0.007300002022483931
16,bert,simcse,51,0.0017790547401716102,0.0016852225114692976,0.00065686339648105,0.0030946472823333293,0.00039094703472974945,0.0034888497733934765,0.0034888497733934765
16,mpnet,minilm,51,-0.0010492902266198494,-0.0010708040386101514,-0.0013721700947585125,-0.000693588279356977,-0.0013863774237629078,-0.0006361516814321622,0.0013863774237629078
16,mpnet,pubmedbert,51,-0.003568517639874015,-0.003642447546614469,-0.0055508406439448155,-0.0017534845533551946,-0.005779816512284652,-0.0016141009028558528,0.005779816512284652
16,mpnet,biobert,51,-0.003493023553289688,-0.0035170398765361766,-0.005237547311819857,-0.0017988375936241752,-0.005514433237319927,-0.0015684941157178,0.005514433237319927
16,mpnet,simcse,51,-0.0031744858769490224,-0.0031485995069095996,-0.004503532182175696,-0.0017511136021984841,-0.0052619238975449845,-0.0012616821311429716,0.0052619238975449845
16,minilm,pubmedbert,51,-0.0036082032991415986,-0.0036962318648211534,-0.0050084132390391944,-0.0019243931806409431,-0.005356050553008362,-0.0018403070024087809,0.005356050553008362
16,minilm,biobert,51,-0.0036580660176285663,-0.003825830363908267,-0.004829737412798213,-0.0021065890813381227,-0.005251353463895159,-0.0017637434995102508,0.005251353463895159
16,minilm,simcse,51,-0.0026546495139597227,-0.0026128038320709646,-0.004011859417772906,-0.0012371189763009383,-0.004076371598103035,-0.0010798751772485016,0.004076371598103035
16,pubmedbert,biobert,51,-0.00026466233685862534,-0.00023663099208437455,-0.00046197657373103773,-0.00010955451182834142,-0.0004756816027248201,1.994061469834385e-05,0.0004756816027248201
16,pubmedbert,simcse,51,0.0038129219865731495,0.003775768139824498,0.0025264914755799006,0.0051691990612172944,0.0024245831968192633,0.005707638559367734,0.005707638559367734
16,biobert,simcse,51,0.003933180521592114,0.003868196940596258,0.0021964839623976884,0.0055052213949361994,0.002037168554128721,0.005966955505784077,0.005966955505784077
17,specter,specter2,51,0.0008710800606228728,0.000904658234788247,0.00035334344047258104,0.0014587839938429714,0.0002563813377546298,0.0016015982633071912,0.0016015982633071912
17,specter,scincl,51,0.00017208880808891112,0.0001561181861624572,-9.347190225098001e-05,0.0004867824966094392,-0.00018884175832412087,0.0006881882653481108,0.0006881882653481108
17,specter,scibert,51,0.0013548256914184917,0.0013394414372708274,0.0002935090076724989,0.0024318438937526166,-0.00014505737404502117,0.0027471540368601,0.0027471540368601
17,specter,bert,51,0.0013020504527810437,0.0011607757105618344,7.897324419761653e-05,0.0027339213318493816,-0.00012849128782133068,0.0029594732762622256,0.0029594732762622256
17,specter,mpnet,51,0.0020387149076366426,0.0020260750915860326,0.0014705958084964,0.0028000419139578014,0.0014230694858045068,0.0029055746910130464,0.0029055746910130464
17,specter,minilm,51,0.0019094874128668274,0.0019640779011184106,0.0011077930649362466,0.0026472349914724302,0.0010648791785932143,0.0031252239310499697,0.0031252239310499697
17,specter,pubmedbert,51,0.0023610399161875153,0.002188614093561414,0.00016094917842213174,0.004001071554563251,-0.0001921482132642982,0.00405641464848594,0.00405641464848594
17,specter,biobert,51,0.0037840114019072318,0.003913377150215336,0.00206486606684661,0.005360158746669452,0.0018267743949479387,0.005914912635777592,0.005914912635777592
17,specter,simcse,51,0.0033447935185226493,0.0033257889615365688,0.0018976963242626488,0.004827300858013223,0.001796915385702369,0.004878720118987934,0.004878720118987934
17,specter2,scincl,51,0.0005452749427057052,0.0005333618741933943,0.00015192410641731713,0.0009334021158448336,0.00011971297193769104,0.0013641126022486683,0.0013641126022486683
17,specter2,scibert,51,0.00043496062563729964,0.0004035113814367941,-0.000509335220168855,0.001279881045504555,-0.0009205024228911007,0.0016058618288625759,0.0016058618288625759
17,specter2,bert,51,0.0010123305443466694,0.001057664046473561,-0.0006075234178663513,0.0019787214201400505,-0.0007360403096238199,0.002209696423454588,0.002209696423454588
17,specter2,mpnet,51,0.0005319610194686752,0.00046798794865066107,-0.00011916626497801563,0.0014200336617505305,-0.00037250654670084593,0.0015558857506862145,0.0015558857506862145
17,specter2,minilm,51,0.0010927382732862318,0.0009979059631576304,0.00036977860149070563,0.0017995890697996564,0.0002743729955685392,0.0019379869480383727,0.0019379869480383727
17,specter2,pubmedbert,51,4.8135757566685116e-05,0.00013840396129072285,-0.001420451628074082,0.0018689015803855236,-0.003130134744180557,0.002396303956383461,0.003130134744180557
17,specter2,biobert,51,0.0010583422967944199,0.0012159884962159584,-0.0005999955322376627,0.0023298237681906586,-0.0009377459036553626,0.002528117984721301,0.002528117984721301
17,specter2,simcse,51,0.002824786234522133,0.0029346226433060174,0.0011518772088136564,0.003980632141030088,0.000806627417555994,0.005057952697696488,0.005057952697696488
17,scincl,scibert,51,-0.00023300266311194838,-0.00021299790720352707,-0.001118316932216118,0.0005695958003240353,-0.0012106164474178227,0.0009030425965149691,0.0012106164474178227
17,scincl,bert,51,-0.00020120052530706088,-0.00016122350606806446,-0.0014065951987316805,0.0007469234829053373,-0.0014944433113053268,0.0011516205303310212,0.0014944433113053268
17,scincl,mpnet,51,0.0009929696795745028,0.001009247448538586,0.0002724596644491928,0.0017897126491163151,0.00013454768068765777,0.0020210311530067804,0.0020210311530067804
17,scincl,minilm,51,0.001123070787904286,0.0011129086658133724,0.00033288225107352964,0.0018929546208546477,0.00027728428536200056,0.001940885596162234,0.001940885596162234
17,scincl,pubmedbert,51,-0.0002979047694359237,-0.0003607037069769392,-0.00212451476234074,0.0013626154585822947,-0.002585305243414826,0.0017245180332385868,0.002585305243414826
17,scincl,biobert,51,0.0008805207452868356,0.0009361477689304731,-0.00035605666306962047,0.0023006977279509677,-0.000810627035123801,0.002770508079205203,0.002770508079205203
17,scincl,simcse,51,0.0005400954165302805,0.0005835127037779886,-0.0008258187128488415,0.0018275448073619416,-0.0010859148902686577,0.0021436969399993844,0.0021436969399993844
17,scibert,bert,51,0.0009344900587795055,0.0008901056484832415,0.00038888442696025094,0.0016190372956604582,0.00035194218617962125,0.0016998270157386752,0.0016998270157386752
17,scibert,mpnet,51,-0.0001939433458313813,-0.00018126010276164894,-0.0011188534097108516,0.00048097014635214985,-0.0012545681115927465,0.0007014634641211437,0.0012545681115927465
17,scibert,minilm,51,0.0017482953254716943,0.001712456153145081,0.0003971871108007785,0.0034288176297895268,0.00010932124789175823,0.00370578873405647,0.00370578873405647
17,scibert,pubmedbert,51,0.0007232213758557784,0.0006371925820439772,-5.364983199546147e-05,0.0017515925141586564,-5.6253872562361806e-05,0.0019506778391590318,0.0019506778391590318
17,scibert,biobert,51,0.0018051569770649784,0.0017474184966538298,0.0007829933019497248,0.0027470762922913172,0.0006677823714740239,0.0028060721218232665,0.0028060721218232665
17,scibert,simcse,51,0.0011147645721985534,0.001048965566368687,0.0004929089309021195,0.0020244223545289597,0.00046017073586090973,0.0020701757510522834,0.0020701757510522834
17,bert,mpnet,51,-0.001496730090265223,-0.00144724640131777,-0.002630293718775406,-0.00022684578677190093,-0.00297997415255824,-9.304118088271363e-05,0.00297997415255824
17,bert,minilm,51,0.00110247690110822,0.0011114524940966097,-0.0008613929902483997,0.0034225676625009582,-0.0010713774443213975,0.004016517571062028,0.004016517571062028
17,bert,pubmedbert,51,-0.002538881934974324,-0.0025038742703376027,-0.0034489614944755997,-0.001572943145871336,-0.003769521258809916,-0.0015711330048633343,0.003769521258809916
17,bert,biobert,51,-0.0017204013685949812,-0.0017339880959014176,-0.002267472671864945,-0.001251575395737281,-0.0023029924590303175,-0.0011748061680322275,0.0023029924590303175
17,bert,simcse,51,-0.0005197478813879688,-0.0005528622683604878,-0.0008422367882882642,-6.970507320336328e-05,-0.0009498639080398608,-4.5913122377561066e-05,0.0009498639080398608
17,mpnet,minilm,51,0.0007701364872497751,0.0007589104706360317,5.206707548843781e-05,0.0014336633051802439,-0.00015601518229513278,0.0015409276356087576,0.0015409276356087576
17,mpnet,pubmedbert,51,-0.002762476253107403,-0.002782174458227371,-0.004643133897839158,-0.0010343900071713985,-0.005825105641880324,-0.0008009095577510283,0.005825105641880324
17,mpnet,biobert,51,-0.0015453795674616978,-0.0015446730227705041,-0.0032930938704611723,-2.197891592553569e-05,-0.0034456920257230905,9.292622351364521e-05,0.0034456920257230905
17,mpnet,simcse,51,0.0006293942090035812,0.000635836331062678,-0.0009044330112958632,0.0017412519285338879,-0.0011026372668495599,0.0021943885321630274,0.0021943885321630274
17,minilm,pubmedbert,51,0.0010676873315896927,0.0009809306637786896,-0.0009766763339468243,0.003948758035979466,-0.002663661526941641,0.004189185947448881,0.004189185947448881
17,minilm,biobert,51,0.0013942621963212644,0.001496503019454587,-0.0007425797679723178,0.003925912041562174,-0.0009299792467158952,0.00470879455768114,0.00470879455768114
17,minilm,simcse,51,0.00327368648793424,0.003169188514999144,0.0012813463957597193,0.005039728270383292,0.0007813707052271024,0.005093530664728618,0.005093530664728618
17,pubmedbert,biobert,51,0.00012882826554572833,0.0001383807721161423,-0.00011999053857306152,0.00039580385935825135,-0.0001804133114693407,0.0004840515885674579,0.0004840515885674579
17,pubmedbert,simcse,51,-0.0018980651983107905,-0.0017995376249253514,-0.002955574457617377,-0.0008294805068329303,-0.003047698339356586,-0.0005808694161426597,0.003047698339356586
17,biobert,simcse,51,-0.00045353872530108776,-0.00046526599874474606,-0.001018414428155645,0.0002771185738769666,-0.001185129808666363,0.0003591430025904341,0.001185129808666363
18,specter,specter2,51,-0.0010273046300190774,-0.0010409190882624264,-0.0014416062990521006,-0.0004794457968514687,-0.0015997604091378959,-0.000225803840809502,0.0015997604091378959
18,specter,scincl,51,-0.0012053636068329093,-0.0012116362826481986,-0.001700911258827681,-0.0007815833179394271,-0.0017858744603661547,-0.000635844257956486,0.0017858744603661547
18,specter,scibert,51,-0.002898320622428506,-0.002959131612811916,-0.003700165730476962,-0.002148054366166746,-0.0037110846771244432,-0.0016301152050403056,0.0037110846771244432
18,specter,bert,51,-0.004068226149576908,-0.004047202265026639,-0.005092571483750419,-0.002971659439206603,-0.005209911444483906,-0.0029077648065569672,0.005209911444483906
18,specter,mpnet,51,-0.0001765032622911822,-0.00016486309421614997,-0.0009412901125055717,0.0009037189464792816,-0.0010113039923635991,0.0010676466219503578,0.0010676466219503578
18,specter,minilm,51,0.00029499068081121065,0.0003141701396954799,-0.0007982418065161923,0.0014595965623168394,-0.000835485874175701,0.0016121756490292682,0.0016121756490292682
18,specter,pubmedbert,51,-0.004563718799760477,-0.004589234246010654,-0.005677250093368141,-0.0035207372906366774,-0.005715428242937581,-0.002390874273593968,0.005715428242937581
18,specter,biobert,51,-0.0038205628470169653,-0.003921369100227112,-0.004819090093374528,-0.0028282765630328333,-0.004878388453963156,-0.002080904870369271,0.004878388453963156
18,specter,simcse,51,-0.0022187062440963234,-0.0021646221584942227,-0.003508494962617986,-0.0010606315855768156,-0.0036728424683097893,-0.0007266907368939091,0.0036728424683097893
18,specter2,scincl,51,-0.0009397624573599231,-0.000944843486363034,-0.0012878159193305538,-0.0004940512079122106,-0.0013165587142963675,-0.0003908497387706822,0.0013165587142963675
18,specter2,scibert,51,-0.001463146732297555,-0.0014438790354052156,-0.0020769456890381843,-0.0008805578192995489,-0.0024174072457027185,-0.0005333728690181117,0.0024174072457027185
18,specter2,bert,51,-0.001217127436957557,-0.0011318585969652961,-0.0021703459977225614,-1.1621073486289824e-06,-0.0025769663788598463,0.00041520672821115934,0.0025769663788598463
18,specter2,mpnet,51,-0.000808586774097836,-0.0008940907419801025,-0.001580259319432148,8.534550028138632e-05,-0.0017051011001628646,0.0004816895981407665,0.0017051011001628646
18,specter2,minilm,51,-0.0018637609937814349,-0.0019094471968198468,-0.0029388048130099542,-0.000781910278557868,-0.0029857293645283445,-0.0005250114159440766,0.0029857293645283445
18,specter2,pubmedbert,51,-0.00137011669804455,-0.0013511513814413734,-0.0024290880955414595,-0.00023398582092426512,-0.0026723991223012167,3.181125194262613e-06,0.0026723991223012167
18,specter2,biobert,51,-0.0011299336954136592,-0.0011876707830680289,-0.0023220363175940895,0.0002055221826912923,-0.0026188177109164323,0.0004288726707623036,0.0026188177109164323
18,specter2,simcse,51,-0.0002878558128697761,-0.00019137190498830225,-0.001690471811177735,0.0010530889399073817,-0.0018500129817434763,0.0016243001744412622,0.0018500129817434763
18,scincl,scibert,51,-0.0019507140677022037,-0.0019083456110443597,-0.002696291983734417,-0.0012883136846623955,-0.003040612510598284,-0.0011367032214901762,0.003040612510598284
18,scincl,bert,51,-0.0021452358139508023,-0.002173484382881452,-0.002998121762703476,-0.0013590767293652772,-0.003452155989354777,-0.0006142270009585893,0.003452155989354777
18,scincl,mpnet,51,-0.0016229298871083765,-0.0017069943711408575,-0.0023109301759565715,-0.0007163891143588119,-0.002407134661719268,-0.0006566283666054051,0.002407134661719268
18,scincl,minilm,51,-0.002604726983783049,-0.002621604323200355,-0.0034429463211930467,-0.0016643543122314142,-0.0036448894594987014,-0.0012476062047146463,0.0036448894594987014
18,scincl,pubmedbert,51,-0.001314241699047622,-0.0013020778747313555,-0.0020819163711989774,-0.00026645601454236556,-0.0034507835391326402,0.00045066777871183294,0.0034507835391326402
18,scincl,biobert,51,-0.0014523252953782615,-0.0014757316152476108,-0.002147973686286747,-0.0005558863248804613,-0.0026581175765777454,-0.0001554816049158525,0.0026581175765777454
18,scincl,simcse,51,-0.0018362346903334971,-0.0018445825709288988,-0.0028159510958986333,-0.0006567981871673234,-0.002883869132316974,-6.906632765657506e-05,0.002883869132316974
18,scibert,bert,51,-0.0009531416614763568,-0.0008681290568853806,-0.0013768784725774197,-0.0005451424726850562,-0.0015270430990590445,-0.00047407512221231407,0.0015270430990590445
18,scibert,mpnet,51,-0.001943299959267653,-0.0019595756030091893,-0.0032169425931910245,-0.0007233253611117763,-0.003417471275098949,-0.0004375666527318689,0.003417471275098949
18,scibert,minilm,51,-0.0018464467462283149,-0.0018781959782322444,-0.003090957930281024,-0.0005698335712993607,-0.0034981291474157628,1.3237647664698926e-05,0.0034981291474157628
18,scibert,pubmedbert,51,-0.001227813518600974,-0.0012260980054026316,-0.0017308489299538987,-0.0007680473385409947,-0.0019323076004492679,-0.0007602791181866575,0.0019323076004492679
18,scibert,biobert,51,-0.0009614218221727062,-0.0009986056637626417,-0.0014378010508637462,-0.00037255425494542305,-0.0016203390680159524,-0.0003336792429515789,0.0016203390680159524
18,scibert,simcse,51,-6.48301903596588e-05,-0.00012133447274143006,-0.0007589179667118195,0.0006142792742742653,-0.0009955194460358197,0.0007861093493890525,0.0009955194460358197
18,bert,mpnet,51,-0.003559715961095539,-0.003620747500852284,-0.004852480670318626,-0.002025954842134553,-0.004998826303261761,-0.001230265492615179,0.004998826303261761
18,bert,minilm,51,-0.004081727149506254,-0.004154878136673812,-0.005247695202596797,-0.001984531474738621,-0.0057095354658848185,-0.0015205194813789902,0.0057095354658848185
18,bert,pubmedbert,51,-0.0025988141372224834,-0.0025728118615757634,-0.0031616286482419875,-0.002080723481762775,-0.003267345467723004,-0.0018369074149697795,0.003267345467723004
18,bert,biobert,51,-0.002142306914075983,-0.0021286664144380962,-0.002600872538949306,-0.0018260816823282011,-0.002650504308922219,-0.001794555212835447,0.002650504308922219
18,bert,simcse,51,-0.001209522686586268,-0.0012401793940597372,-0.0016032378024831428,-0.0006622582959497081,-0.00181490327932754,-0.0006009241986503211,0.00181490327932754
18,mpnet,minilm,51,-0.0008411764840457829,-0.0008335291476015971,-0.0011752748148208814,-0.0004974451598948326,-0.0012006351546668403,-0.00035807885691363506,0.0012006351546668403
18,mpnet,pubmedbert,51,-0.002394433473887243,-0.0024688080908547017,-0.004357168300824971,-0.00021089021447895373,-0.004498634274669566,-0.0001564267109327444,0.004498634274669566
18,mpnet,biobert,51,-0.003391561050691424,-0.0033715380199087486,-0.00507073561709509,-0.001221903241100164,-0.005150711828109,-0.0008544468152036355,0.005150711828109
18,mpnet,simcse,51,-0.0028214243920972526,-0.0027651674779451962,-0.004461202707492562,-0.0011374479170512264,-0.004632787437730546,-0.0006476517094500256,0.004632787437730546
18,minilm,pubmedbert,51,-0.0022973447915572223,-0.0023024002723562864,-0.004257027663011753,6.791829338770317e-05,-0.004435967169120647,0.0003282099175868636,0.004435967169120647
18,minilm,biobert,51,-0.003193408261984654,-0.0031833186277813175,-0.00480469627585986,-0.0008983248612486616,-0.0048555696438379314,-0.0005558048748754985,0.0048555696438379314
18,minilm,simcse,51,-0.0037936935472833644,-0.0037854492845011967,-0.00528123704728109,-0.0022556176828357755,-0.005341882739730797,-0.0014247799182012244,0.005341882739730797
18,pubmedbert,biobert,51,-0.0002386502916097977,-0.0002472248161481394,-0.0004285321491797611,-2.2164005967661993e-05,-0.0004428793454039903,-1.9770995680290504e-05,0.0004428793454039903
18,pubmedbert,simcse,51,-0.0015327127017832648,-0.0015658067677444265,-0.0021374059545999635,-0.0006388050869767514,-0.002189734534028487,-7.933020486028397e-05,0.002189734534028487
18,biobert,simcse,51,-0.0015702631364937943,-0.0015917453871034937,-0.002138352685617212,-0.0008459926553124331,-0.0024286623288407583,-0.0006959472834032754,0.0024286623288407583
19,specter,specter2,51,0.0020394567119114073,0.0019396594194245331,0.0014094203668041927,0.0029528635018743477,0.0011956770881611511,0.003061989735133719,0.003061989735133719
19,specter,scincl,51,0.0003613664047729333,0.0003439852924164155,-0.00023916237202062374,0.0010977890824370728,-0.0003235428485831582,0.0012340430350057385,0.0012340430350057385
19,specter,scibert,51,0.005106550474580597,0.0050626265259808845,0.003884017783619853,0.006376597585246918,0.0037835614026070497,0.006704897811526056,0.006704897811526056
19,specter,bert,51,0.010399622677655157,0.010268799732671918,0.008861697839732924,0.012795510881724953,0.00853563438887972,0.013223775973112861,0.013223775973112861
19,specter,mpnet,51,0.001837804455829301,0.0018916902474086505,0.0007611582795647165,0.0028992391268214124,0.000634173278935779,0.0029614680319816067,0.0029614680319816067
19,specter,minilm,51,0.0010770102233556927,0.0011210518231316025,-3.904787563532852e-05,0.002085955467890116,-0.00010913263241407734,0.0023473763365308153,0.0023473763365308153
19,specter,pubmedbert,51,0.0055489348963048985,0.0055006614146234645,0.003973721108916806,0.007102548646759604,0.0038282210432232233,0.007656983973943987,0.007656983973943987
19,specter,biobert,51,0.0053263557347276586,0.005267419071720347,0.003932845440299121,0.00717092255428875,0.003595587266170819,0.007352413278147951,0.007352413278147951
19,specter,simcse,51,0.00843406662093484,0.00821984930823505,0.006861327992957772,0.0101900403545854,0.006678115468236712,0.01080761849076095,0.01080761849076095
19,specter2,scincl,51,0.001554797890448103,0.0015112590605325105,0.0010363955929379998,0.0023992682754553907,0.0009171355530888103,0.002457919190919533,0.002457919190919533
19,specter2,scibert,51,0.0010999560579871032,0.001070318266595982,0.00037080056810445683,0.0018538146258263721,0.0002541280803038948,0.001994508795832517,0.001994508795832517
19,specter2,bert,51,0.003907776904195552,0.0038955348258865596,0.0031845424789359034,0.004731957886652621,0.0028829022374504687,0.005061024393167246,0.005061024393167246
19,specter2,mpnet,51,0.0007862492270593139,0.0008012591214280329,0.00033661947631824507,0.0012188808643621152,0.0003299591929917245,0.0014665063276841916,0.0014665063276841916
19,specter2,minilm,51,0.00047401200585426336,0.0005102039517540513,-8.009892096708104e-05,0.0009921373170689585,-0.0003484182308512995,0.001229196280499778,0.001229196280499778
19,specter2,pubmedbert,51,0.0010979202536238741,0.0010113657202320825,0.00027088953162321405,0.0020986661242916316,2.1463340138527798e-05,0.002691094247726844,0.002691094247726844
19,specter2,biobert,51,0.0010416468220597215,0.001006123111107593,0.0003097600271905754,0.0018221653172526553,0.00020100659322652703,0.001904104277111851,0.001904104277111851
19,specter2,simcse,51,0.0025129754645652467,0.002500339225449677,0.0019100335780975475,0.0033241984531258706,0.0017898143994763416,0.003508915953028713,0.003508915953028713
19,scincl,scibert,51,0.0052912239480314,0.005388681230062198,0.003943066587475702,0.006643621286071211,0.0036501943397418968,0.006710398128026429,0.006710398128026429
19,scincl,bert,51,0.00983900900608154,0.00971199675630241,0.008575582372114005,0.011333123939748418,0.007749654565574082,0.011855813594612186,0.011855813594612186
19,scincl,mpnet,51,0.0012567519452210173,0.001334479619022999,0.00013222653082697877,0.0021096582740393333,-5.357088539237331e-05,0.0023450621634578672,0.0023450621634578672
19,scincl,minilm,51,0.0005664400247528754,0.000568608544681215,-0.00039579015529087047,0.0013450879799370985,-0.0008630353290789428,0.002055994892021018,0.002055994892021018
19,scincl,pubmedbert,51,0.006524017565035307,0.006639436536450938,0.00529744384309061,0.007909260722321898,0.004312927312163262,0.008330072605664318,0.008330072605664318
19,scincl,biobert,51,0.005918668065480375,0.005863044853000932,0.004389908278280286,0.007149425270378623,0.0036942197253084785,0.007719051295373092,0.007719051295373092
19,scincl,simcse,51,0.006800961053228252,0.006845491766357514,0.0056097093512051666,0.0077821853784557915,0.0051636540925456,0.00782718497860102,0.00782718497860102
19,scibert,bert,51,0.0015785489292126065,0.001603871959731329,0.0012152639904963736,0.0019829823228520727,0.0011075131758877532,0.002174065901369149,0.002174065901369149
19,scibert,mpnet,51,0.002488857953051788,0.0024763015077587935,0.0015687544243450924,0.0034465678028339497,0.0014902078552210263,0.003505510505411813,0.003505510505411813
19,scibert,minilm,51,0.0026023781508802057,0.002609189051281713,0.001776280369366473,0.003586751029162949,0.0017634203154146544,0.0036451259866834285,0.0036451259866834285
19,scibert,pubmedbert,51,0.0012507859581337318,0.0011196123095708055,0.0006450904196011464,0.0019482926096519304,0.0003940000342977923,0.0023405724553949847,0.0023405724553949847
19,scibert,biobert,51,0.00027459057382624624,0.0002567266513994193,-0.00027335577245463094,0.0008080552486735282,-0.0003419601393946925,0.0009009387740476216,0.0009009387740476216
19,scibert,simcse,51,0.001121563341072648,0.0011225049391160313,0.000674623508453237,0.0016220353114497488,0.0006167181228119434,0.0019864623810224025,0.0019864623810224025
19,bert,mpnet,51,0.006141367791699736,0.006108388488358374,0.004784605519660173,0.00758021738815437,0.004701369010304268,0.007885837318461597,0.007885837318461597
19,bert,minilm,51,0.006892709391587497,0.006681986614868629,0.005316499526946461,0.0087749707429651,0.005130443096675208,0.009042134265251245,0.009042134265251245
19,bert,pubmedbert,51,0.0019347951501067888,0.0019151680750798539,0.0009616615830565778,0.0030114812948721925,0.0008985910388019658,0.0032802307315580315,0.0032802307315580315
19,bert,biobert,51,0.001212478662737544,0.0012081531922161215,0.0007515703206374957,0.0018582641915903808,0.0005374496716933352,0.001993601031209047,0.001993601031209047
19,bert,simcse,51,0.0007495824932294891,0.0007295680592351861,0.00040384855251876517,0.0011924055129093614,0.0003314464429832187,0.0014249258128390396,0.0014249258128390396
19,mpnet,minilm,51,-0.00011637164080175008,-9.975492243563533e-05,-0.0004582076070508423,0.0001374068167762088,-0.0005181227824638812,0.00015631073142563512,0.0005181227824638812
19,mpnet,pubmedbert,51,0.0018322722335899293,0.0018584355171038514,0.0006562930968991021,0.0030296988000198533,0.0005187129391629464,0.0031641829509138075,0.0031641829509138075
19,mpnet,biobert,51,0.002334009655974821,0.0023164127212502716,0.0012624606850709374,0.0034808973136082055,0.0008919738030890301,0.0036374200291917624,0.0036374200291917624
19,mpnet,simcse,51,0.004468314690147299,0.0043827945937339186,0.003454640054353808,0.0056342268176499954,0.003306967299378294,0.005718793327747718,0.005718793327747718
19,minilm,pubmedbert,51,0.0036345200565934014,0.00365044527972469,0.0019131617030325454,0.005012520667509707,0.0016833669611984181,0.005651806173033624,0.005651806173033624
19,minilm,biobert,51,0.003381578707644509,0.0034240226995023715,0.0019393186158979114,0.0046630929161981804,0.0017383242758969297,0.005017707952747252,0.005017707952747252
19,minilm,simcse,51,0.004685428997875124,0.004614368017660686,0.0037521978514821752,0.005741559744345065,0.003614365834830102,0.006214566867928539,0.006214566867928539
19,pubmedbert,biobert,51,7.093119341726978e-05,2.5986658753973657e-05,-0.00013938644979091808,0.00033913203207941445,-0.00014730615136326897,0.0004944598047154081,0.0004944598047154081
19,pubmedbert,simcse,51,0.0036440315734073375,0.0036976833175480506,0.0019016752714866303,0.004924992953744073,0.0016330696909688802,0.005839791554617002,0.005839791554617002
19,biobert,simcse,51,0.0021431511172029204,0.0021668346238702396,0.0009625550300783048,0.0031281618554259982,0.0007483103294809723,0.003317983539141811,0.003317983539141811
20,specter,specter2,51,-0.0011862029466413971,-0.0011396773005165617,-0.001845924043397229,-0.0005687790490679079,-0.0022406706456234993,-0.00044662433516251543,0.0022406706456234993
20,specter,scincl,51,-0.0021520762094757815,-0.002134894264103515,-0.0026099876412506162,-0.001634602132862789,-0.002645710734231921,-0.0015859761464762645,0.002645710734231921
20,specter,scibert,51,-0.0013841210765698241,-0.0014816052452363282,-0.002568742100573368,3.406059515945192e-05,-0.0032640605947679147,0.0003088111829385731,0.0032640605947679147
20,specter,bert,51,-0.0038485211905617345,-0.003850729347458781,-0.0046638232542445535,-0.0027733474603698627,-0.005989554694627475,-0.002502451391529492,0.005989554694627475
20,specter,mpnet,51,0.0001366475273179383,5.8658087500718104e-05,-0.0008007351344995195,0.0010689118775075168,-0.0009119308260239212,0.0015054963642662234,0.0015054963642662234
20,specter,minilm,51,-3.424978295933607e-05,-0.0001489948970562205,-0.0010970937437915218,0.0013850065316954596,-0.0013368288754048718,0.0014868162042327437,0.0014868162042327437
20,specter,pubmedbert,51,-0.0060492030134279935,-0.006113262760337523,-0.007582872522839484,-0.004500817593994844,-0.009067949561419097,-0.004453302837155726,0.009067949561419097
20,specter,biobert,51,-0.004967415247891974,-0.005059869998550459,-0.006366711598777192,-0.003556590667973314,-0.007620524411176111,-0.0034745421130678578,0.007620524411176111
20,specter,simcse,51,-0.005833800125601203,-0.0058323630516143865,-0.006972789711571448,-0.00475032811092535,-0.007075921082584369,-0.004529338317234011,0.007075921082584369
20,specter2,scincl,51,-0.0011832676676955174,-0.001166127800246275,-0.0016112816411007203,-0.0008782337246301675,-0.0017259767753670108,-0.0008336908305469626,0.0017259767753670108
20,specter2,scibert,51,-0.0013989776379839571,-0.0015464910337203985,-0.002321738202009982,-0.00034397696436513914,-0.002806593278085856,-0.00015941892560311643,0.002806593278085856
20,specter2,bert,51,-0.004025012946288179,-0.004007237515347706,-0.004978166626152247,-0.0032958592347524795,-0.005083523663447109,-0.0032310271349285102,0.005083523663447109
20,specter2,mpnet,51,-0.0014695797175907654,-0.0014447984053208573,-0.0021725642042395577,-0.0008932170145594387,-0.0023278701803381985,-0.0008136782532891518,0.0023278701803381985
20,specter2,minilm,51,-0.0020357876239894346,-0.0020245166200337783,-0.002866679013794615,-0.0010436772530835747,-0.002893173733310772,-0.0009677251359617722,0.002893173733310772
20,specter2,pubmedbert,51,-0.004877142808706789,-0.004798256958518099,-0.006089414534414694,-0.003922966788992205,-0.0065020826885180405,-0.0037723075732980504,0.0065020826885180405
20,specter2,biobert,51,-0.0037975779484122197,-0.0037240160242930642,-0.004724662271292507,-0.0030086078052994902,-0.005434776042928968,-0.0029601288841092366,0.005434776042928968
20,specter2,simcse,51,-0.0036040753015533144,-0.0036110928687996813,-0.004346503021857601,-0.002773648368110504,-0.004496329171765789,-0.002609729479245093,0.004496329171765789
20,scincl,scibert,51,-0.0004897995765092498,-0.0004962510271027121,-0.0016323623980816215,0.0008929343414998125,-0.001722737894608084,0.001315919965308776,0.001722737894608084
20,scincl,bert,51,-0.002967071916330756,-0.0029641750745083018,-0.0038765652012180685,-0.002077550804187589,-0.004558117293151809,-0.002058462166899422,0.004558117293151809
20,scincl,mpnet,51,-0.0018287719583313493,-0.001824258188704131,-0.0027639646009363084,-0.0009843217580837449,-0.0028245723781493703,-0.0008505300858825393,0.0028245723781493703
20,scincl,minilm,51,-0.0022765288443419404,-0.0023812185478331305,-0.0032124285085967375,-0.0011877728581758673,-0.0033164651223623887,-0.0010745317960553225,0.0033164651223623887
20,scincl,pubmedbert,51,-0.002146683706696394,-0.0022377031917142354,-0.003812942479474224,-0.0005462091391552071,-0.0038640969713353845,-0.0003321534254939751,0.0038640969713353845
20,scincl,biobert,51,-0.0017804120216689458,-0.0017588304140785382,-0.002945395337370038,-0.00039239321523845683,-0.0031820168001859273,-0.0002629559385319835,0.0031820168001859273
20,scincl,simcse,51,-0.003476641554877079,-0.0035171959763172778,-0.004461685374835572,-0.0025910949828975294,-0.004496890516008656,-0.0024623798043292844,0.004496890516008656
20,scibert,bert,51,0.0007193156286618615,0.0007196951485094472,-0.00016841850570031847,0.0016014667561275453,-0.0002305693926519803,0.0018881553070287938,0.0018881553070287938
20,scibert,mpnet,51,0.0006526905398166058,0.0005230134388407581,-0.0007621402609504224,0.0027855687586874345,-0.0008113864323634479,0.0028902733088801424,0.0028902733088801424
20,scibert,minilm,51,-0.0009372088299282545,-0.0010098387419106292,-0.0024897381406050467,0.0007978670976070135,-0.0027650223649210437,0.0013162350146987967,0.0027650223649210437
20,scibert,pubmedbert,51,-0.003057601194448022,-0.0030014862416040122,-0.0037072225399594205,-0.002521659496334594,-0.003791815326073089,-0.0023659891717785486,0.003791815326073089
20,scibert,biobert,51,-0.002248467260005711,-0.00222237115893964,-0.0027263233363123973,-0.0019182434909902624,-0.0030194012899186218,-0.0018523526199624163,0.0030194012899186218
20,scibert,simcse,51,-0.0005549976114234657,-0.0005691725680997406,-0.0010705225655201211,4.6539818747998174e-05,-0.0013216855403356265,0.00028453527088334596,0.0013216855403356265
20,bert,mpnet,51,-0.002815308655459421,-0.0027913964027013183,-0.003909651423460725,-0.001839925795588615,-0.003948436963521984,-0.0017175294300978416,0.003948436963521984
20,bert,minilm,51,-0.0025878063844503676,-0.002633776183351366,-0.004059028141596255,-0.0009109945019314114,-0.004312112740123553,-0.000651706776313099,0.004312112740123553
20,bert,pubmedbert,51,-0.0013432371214963537,-0.0013927771135000544,-0.0021278294310377865,-8.4055364980129e-05,-0.0021430403451745406,0.00019425151785346095,0.0021430403451745406
20,bert,biobert,51,-9.108115170195322e-05,-0.00014001395855522958,-0.0009091092475043694,0.000896311340445044,-0.0009855158486906657,0.0009737083117666856,0.0009855158486906657
20,bert,simcse,51,6.743233273961054e-05,3.347294894540109e-05,-0.0004460287137640351,0.0007733851590082108,-0.0008657113971201058,0.0010289447001481378,0.0010289447001481378
20,mpnet,minilm,51,9.513536580168089e-05,8.312183705316833e-05,-0.00030065882833490987,0.00048683010740566135,-0.00036378054903096757,0.0005557444952313251,0.0005557444952313251
20,mpnet,pubmedbert,51,-0.0025968472330493066,-0.0027413391937078924,-0.004083225384572647,-0.0005756867087227946,-0.004155933631084685,0.00016285706220808827,0.004155933631084685
20,mpnet,biobert,51,-0.002132151077170252,-0.0021263948974841185,-0.003410301920310471,-0.0006300162241806573,-0.0036294749659960823,-0.00034098464148324403,0.0036294749659960823
20,mpnet,simcse,51,-0.001586548157205246,-0.0016410432854773171,-0.002969202864168796,6.426332012210434e-05,-0.003049147108089345,0.0002109411013480056,0.003049147108089345
20,minilm,pubmedbert,51,-0.0040301485847888474,-0.003773987078604879,-0.0057722094111963,-0.0024044894499592184,-0.006359211082828664,-0.002176175602378372,0.006359211082828664
20,minilm,biobert,51,-0.0031750831100374336,-0.003026132226820688,-0.005039206490919962,-0.0016810499313757998,-0.005412228133412911,-0.0016285487663881826,0.005412228133412911
20,minilm,simcse,51,-0.0026918551879778086,-0.0027882050643684986,-0.004444019363963769,-0.0006362661498514888,-0.004714688884175144,-0.0001661823849813393,0.004714688884175144
20,pubmedbert,biobert,51,-0.0006772877817830068,-0.0006684344963361344,-0.0009054252331429091,-0.0004997982764175513,-0.0009538017123256193,-0.00039259051884055207,0.0009538017123256193
20,pubmedbert,simcse,51,-0.001797967325800004,-0.0017999338254472974,-0.002616271475099463,-0.001100365566590461,-0.0027595498326123957,-0.0010552415618813038,0.0027595498326123957
20,biobert,simcse,51,-0.0015556510664451434,-0.001534730552886665,-0.0022437319326318317,-0.0009471931227373609,-0.002262653094085132,-0.00092384625980102,0.002262653094085132
21,specter,specter2,51,-0.0015793338264474017,-0.001567793355391367,-0.0023171153720113746,-0.0009248706582828392,-0.002558869217171522,-0.0005281929227786142,0.002558869217171522
21,specter,scincl,51,-0.0004800007173502326,-0.00045583359650858135,-0.0009515563742263089,1.6951424434363815e-05,-0.0010685179480496299,0.00010366669921502147,0.0010685179480496299
21,specter,scibert,51,0.0016298993608590475,0.001604441041237581,-2.6618824742807856e-05,0.00396480311895861,-0.0003541249591622053,0.004058491539935205,0.004058491539935205
21,specter,bert,51,0.00012014260606174391,0.0001376059504590854,-0.001363757631030721,0.0022815646995131,-0.0017271367818484373,0.002378047881563594,0.002378047881563594
21,specter,mpnet,51,-0.0018281024376144385,-0.001794303925358287,-0.0024697916472110337,-0.0010566940595443663,-0.0025240782168740594,-0.0006487104044462511,0.0025240782168740594
21,specter,minilm,51,0.0004895537766345409,0.00040691344302723476,-0.0010191727455143018,0.0021059144840826216,-0.0012443291582885374,0.0024406197662067974,0.0024406197662067974
21,specter,pubmedbert,51,0.003936641518006871,0.0038159100737438223,0.001842936413998686,0.00607037860611237,0.0015433594930778227,0.006470498405975467,0.006470498405975467
21,specter,biobert,51,0.0021598148266007023,0.002156756812130456,0.00046861311869109135,0.004039506959549383,0.0003905724002308819,0.004458866831989816,0.004458866831989816
21,specter,simcse,51,0.0010840104473488314,0.0008948247898166173,-0.00016245253716892782,0.002744769836272254,-0.0010346088502187767,0.0032160496898211433,0.0032160496898211433
21,specter2,scincl,51,-0.00025361234957736056,-0.00028259879044922886,-0.0006626527313823571,0.0002107715286341627,-0.0007843055743110838,0.0002796492236373238,0.0007843055743110838
21,specter2,scibert,51,0.0008096825883938238,0.0008199846415581913,-7.330288614412761e-05,0.0016712032622861195,-0.0006025642960487687,0.002400326795018226,0.002400326795018226
21,specter2,bert,51,0.001648020594730172,0.0016506473044767267,0.0004048412146367142,0.00265632293258819,-3.6115925103330504e-05,0.002941097676411819,0.002941097676411819
21,specter2,mpnet,51,-6.252159507101047e-06,-1.2108936278343307e-05,-0.0006552550480701247,0.0008167728580234235,-0.000785473017308358,0.0010690021530155303,0.0010690021530155303
21,specter2,minilm,51,0.0008220651643569674,0.0008730327664617787,-0.000345471154299809,0.0017763892707029771,-0.0005031009264218067,0.0020135535796247384,0.0020135535796247384
21,specter2,pubmedbert,51,0.004439620756384958,0.004322605907309596,0.003066613354414799,0.005880383588907523,0.002801650537130107,0.00679843810077152,0.00679843810077152
21,specter2,biobert,51,0.003107942949941438,0.003018594691750698,0.0020525464546053973,0.004224626368813711,0.0020065289940478515,0.0049800514235610605,0.0049800514235610605
21,specter2,simcse,51,0.0004784981231603298,0.0004884513053352579,-0.000542931797701679,0.0012440504245931627,-0.0010237817076235167,0.0012965628634565851,0.0012965628634565851
21,scincl,scibert,51,0.0005027049677213952,0.0004663035344205646,-0.0006617825256709231,0.0016400273637715845,-0.0007895841465793696,0.0025591913541272993,0.0025591913541272993
21,scincl,bert,51,-0.00011903117060704956,-0.00011177793524486113,-0.0012157727981685351,0.0011293145633304857,-0.001575163664611523,0.0014179020649183194,0.001575163664611523
21,scincl,mpnet,51,-0.0005429773191085643,-0.0005589111507685596,-0.0012707832834014943,0.00020617852279425364,-0.0012861311517753382,0.00047714946007804127,0.0012861311517753382
21,scincl,minilm,51,0.0004496442378273467,0.0004952623866600891,-0.00034386853481446766,0.00121956698892009,-0.0003935070555057818,0.0014840344482914825,0.0014840344482914825
21,scincl,pubmedbert,51,0.0016946044224945289,0.0015259556510852645,0.0002750399865055486,0.0035655207154901003,0.0001012359462868595,0.0036506283908053216,0.0036506283908053216
21,scincl,biobert,51,0.00012168803835031636,6.35221747231629e-05,-0.0010127246924801214,0.0013965732315407708,-0.001228776957183264,0.0018836832988720076,0.0018836832988720076
21,scincl,simcse,51,0.00017560812626125775,0.00012023126772664483,-0.0008126406205890002,0.0011408767815397902,-0.0008584342638250364,0.0015947594476469762,0.0015947594476469762
21,scibert,bert,51,-5.7534955328252935e-05,-5.811560579038755e-05,-0.0005456777786809197,0.0005080969724819695,-0.0006524034416574009,0.000716160812540001,0.000716160812540001
21,scibert,mpnet,51,-0.0009823293455866733,-0.0011749981327390246,-0.0024008970497526594,0.0005848690520064981,-0.002561548606820674,0.0010440836107018514,0.002561548606820674
21,scibert,minilm,51,-0.0006815025652412607,-0.0006187054757391675,-0.0018790069429806266,0.0003352247295353994,-0.002016410292928872,0.0008580815614487314,0.002016410292928872
21,scibert,pubmedbert,51,0.0008176795735044392,0.0007930792960737509,0.000420943122402595,0.0012016161119057234,0.0003634793652967927,0.0012437554259118189,0.0012437554259118189
21,scibert,biobert,51,0.00035541467438789353,0.0003273540206556458,5.321177183995052e-05,0.0007837350067951554,3.537579809509417e-05,0.0009205256418489682,0.0009205256418489682
21,scibert,simcse,51,-0.0002894789801319591,-0.0002672239120976583,-0.0005736338051984813,-4.5268910328383205e-05,-0.0006598971392623998,0.0002269302228850023,0.0006598971392623998
21,bert,mpnet,51,0.0002585335384813519,0.00022909020640260458,-0.0008648778240940014,0.0017702056183275527,-0.0013469991374827073,0.0018933124194492335,0.0018933124194492335
21,bert,minilm,51,-4.818206867736999e-05,-0.00014105425487220824,-0.0012297444266800017,0.0012080381045418143,-0.0015491575491782816,0.0014877862994889801,0.0015491575491782816
21,bert,pubmedbert,51,0.00017248600903658196,0.00016406898425114225,-0.00038462545078085664,0.001013973854907646,-0.0005045275768510438,0.0012823386257624358,0.0012823386257624358
21,bert,biobert,51,0.00040839887694655615,0.0004458563158622475,-7.427114422828285e-05,0.000748875925058401,-9.487838621557998e-05,0.0008578643549357334,0.0008578643549357334
21,bert,simcse,51,-0.001029383953141532,-0.0010634634025016299,-0.0014023207163007256,-0.000531944358565628,-0.0014137250217070019,-0.00037656650600803587,0.0014137250217070019
21,mpnet,minilm,51,0.0004082920738529147,0.00041306413087993654,-0.00031751491505230267,0.0010202013617995331,-0.0004013127545580142,0.0011347760751018177,0.0011347760751018177
21,mpnet,pubmedbert,51,0.0016246534642698784,0.0014955537396670326,-7.439938684195013e-05,0.0037798318634570116,-0.0008468085899568933,0.004380270992914714,0.004380270992914714
21,mpnet,biobert,51,0.0002412639799621912,6.816387792962786e-05,-0.001266918876411588,0.0021242124772907767,-0.0013707733450110116,0.002238827031060042,0.002238827031060042
21,mpnet,simcse,51,-0.0006644286548963758,-0.000619892454987836,-0.0018513789456752194,0.0006503829553059781,-0.001986356128856781,0.0007571221554584229,0.001986356128856781
21,minilm,pubmedbert,51,-0.0002679232706285577,-0.00044449043880356864,-0.0018980664481531573,0.0016300102745743228,-0.00272639295688748,0.0020508449526708272,0.00272639295688748
21,minilm,biobert,51,-0.0009907177019765079,-0.0010704259175495778,-0.0023616175043667254,0.000473625629782648,-0.002532780782907751,0.0006223620262484353,0.002532780782907751
21,minilm,simcse,51,-0.0009200877326997513,-0.0008640698261043189,-0.0018588601176458552,0.00018461425479926463,-0.0019369216657669774,0.00026752386318884547,0.0019369216657669774
21,pubmedbert,biobert,51,0.0001929478185494134,0.00015293553410877792,1.7046043567281455e-05,0.0004894218612831736,-6.40903991352415e-05,0.0007020707502315426,0.0007020707502315426
21,pubmedbert,simcse,51,0.00028588624237356773,0.00018154346173626656,-0.00029883506114866676,0.0010466024392984663,-0.0004032778843130469,0.0013170546891374535,0.0013170546891374535
21,biobert,simcse,51,0.0002397556832155544,0.00020216171685794038,-0.00022020555690949184,0.0008799282405076714,-0.00027202782410185034,0.0011015797554037032,0.0011015797554037032
22,specter,specter2,51,0.0006501773881295929,0.0005645374795086866,-0.00012018530648644221,0.0016628871391947408,-0.0001562729207513769,0.002055623670485285,0.002055623670485285
22,specter,scincl,51,0.0001726445017644542,0.00015264342857035373,-0.0003380072306053139,0.0009299715913151929,-0.0005833969407967876,0.0010792515627159327,0.0010792515627159327
22,specter,scibert,51,0.0015271847719750924,0.0016642618058561043,0.00020469308882159476,0.0028765171778837584,9.727524505398488e-05,0.0029687582246856747,0.0029687582246856747
22,specter,bert,51,0.0019771111736682887,0.001913928028049905,0.0007089357060926504,0.0032408863471818095,0.00038695868023053137,0.0033226059222905002,0.0033226059222905002
22,specter,mpnet,51,-0.0003807263509174401,-0.00045344820318882206,-0.0010297980468012558,0.0005318135746534836,-0.0010604733328127836,0.0007796055035028671,0.0010604733328127836
22,specter,minilm,51,2.9750444567372524e-05,4.359316373092614e-05,-0.0009049767981692269,0.00099439671370527,-0.000980664909139839,0.0018620548134208326,0.0018620548134208326
22,specter,pubmedbert,51,0.0033774897532588195,0.00325040481026595,0.001316108194083343,0.005678146478306723,0.0009451551954348103,0.006944462097594917,0.006944462097594917
22,specter,biobert,51,0.0009143265012086652,0.0008566442005738528,-0.00033839527393483837,0.0023813421301344118,-0.0007723119492616393,0.0024189347616340173,0.0024189347616340173
22,specter,simcse,51,0.0010037989004787996,0.00092908762615318,-4.023558270957461e-05,0.0025153882485452472,-0.00016627436229088577,0.0026201987720346764,0.0026201987720346764
22,specter2,scincl,51,-0.0005266712802681021,-0.0005380147175675365,-0.0009416430903866346,-5.4420579138875214e-05,-0.0010673937256470145,0.0007058974345733882,0.0010673937256470145
22,specter2,scibert,51,-0.0008629215857534459,-0.0008892680127583485,-0.0014179331429169661,-0.00028641603548634764,-0.0014344145343236914,-0.00017325993891836866,0.0014344145343236914
22,specter2,bert,51,-0.00016044755967328848,-0.0001501170489377479,-0.0010296040957660513,0.0006660319789433544,-0.0011690111705554562,0.000787679658879159,0.0011690111705554562
22,specter2,mpnet,51,-0.0005434143240806557,-0.0005755711496806537,-0.0011405284062394327,0.00022784868520558943,-0.001177509288073142,0.0005495203200911458,0.001177509288073142
22,specter2,minilm,51,0.00014841724674801292,0.00037870411775464685,-0.0009337784971663043,0.0011330168556342446,-0.0015623773329876967,0.0013127335799875128,0.0015623773329876967
22,specter2,pubmedbert,51,-0.002032920134759424,-0.002111237427430246,-0.003108232875579875,-0.0007826827082763055,-0.0031778779994210415,0.00016695988879433799,0.0031778779994210415
22,specter2,biobert,51,-0.0019979905406254795,-0.002064452135493,-0.0026310564009673354,-0.0012315078292334247,-0.0028048342284376915,-0.0009845140305744238,0.0028048342284376915
22,specter2,simcse,51,-0.00041221670562788086,-0.0004197601159245945,-0.001086702071997292,0.00019156535840239575,-0.0013219273993954062,0.00020880832620662204,0.0013219273993954062
22,scincl,scibert,51,0.0011073953742046434,0.0010445533093802473,0.00031767230204815533,0.0021176598626252985,0.00021654323174713497,0.002230239891838348,0.002230239891838348
22,scincl,bert,51,0.00021430583244081848,0.00022029067236239985,-0.0008217507693017434,0.001558535029013819,-0.0012695209955437825,0.001874125916102698,0.001874125916102698
22,scincl,mpnet,51,-0.0014063884214312223,-0.001484188265329478,-0.0021570149501099756,-0.0004724847268148813,-0.00226979446373321,-3.10771271464505e-05,0.00226979446373321
22,scincl,minilm,51,0.0007703720029476297,0.0008066064039836673,-0.00036605306534137627,0.001846072313142405,-0.0010470237385484804,0.002259206712837747,0.002259206712837747
22,scincl,pubmedbert,51,0.0006438834766389111,0.0005872953104152367,-0.000932912299941302,0.002350486024063736,-0.000979239323029124,0.0033966405389301846,0.0033966405389301846
22,scincl,biobert,51,0.00028914923782651173,0.0003304734828238898,-0.0008528770630409632,0.0014805930406452672,-0.000902057562095604,0.001943899566590579,0.001943899566590579
22,scincl,simcse,51,0.0010201768088058981,0.0009339492212153688,8.458035978836653e-05,0.002251791344408477,4.6962622531343534e-05,0.002355881705756069,0.002355881705756069
22,scibert,bert,51,-0.00019771537983085985,-0.00021161469402397604,-0.0005681815817910885,0.00037615524472509043,-0.0006072010893901636,0.00047665325558543525,0.0006072010893901636
22,scibert,mpnet,51,-0.000791289200679915,-0.0008504525693522336,-0.0018513192013765445,0.00027556840862399956,-0.0019892873902789265,0.0005051827024240563,0.0019892873902789265
22,scibert,minilm,51,0.0004618402231485485,0.0005341624425263536,-0.0006582746026106145,0.0015525342059205804,-0.0014606892422520668,0.0017802004696322316,0.0017802004696322316
22,scibert,pubmedbert,51,-8.211256641724663e-05,-7.9431599483204e-05,-0.0005716811608716676,0.0005170136039436835,-0.0007793164374563233,0.0005918256033792257,0.0007793164374563233
22,scibert,biobert,51,-0.000616981126120182,-0.0006501210286073977,-0.0009206685771890322,-0.00012356094127882744,-0.0009249066413470342,1.343693481870023e-05,0.0009249066413470342
22,scibert,simcse,51,-0.0003863204336197011,-0.00037390525519698237,-0.0006633807543875436,-6.823528175986526e-05,-0.0006879564494298718,3.255577524985398e-05,0.0006879564494298718
22,bert,mpnet,51,0.0016132215781414663,0.0016272466124087615,-7.411645748189866e-05,0.003395920311062839,-0.000132787072671392,0.003628136091208267,0.003628136091208267
22,bert,minilm,51,0.0018768948839652673,0.001886319378413992,0.00042684812997537125,0.0034243751998564165,-0.0007409743211108655,0.0035872545176481863,0.0035872545176481863
22,bert,pubmedbert,51,-0.0020023315899138257,-0.002036285001149607,-0.0025641976322131887,-0.0013338465667891153,-0.00290112598001091,-0.0010948698711773508,0.00290112598001091
22,bert,biobert,51,-0.0009633083124562225,-0.0009669361376885011,-0.001308413405755715,-0.000610766668374757,-0.0013636449395955097,-0.0005173143923170587,0.0013636449395955097
22,bert,simcse,51,-0.0007584058371546812,-0.000800290802200232,-0.0010344332556489755,-0.0003292096883765194,-0.0011155402191321828,-0.00022149754031075553,0.0011155402191321828
22,mpnet,minilm,51,0.0008904648641383756,0.0008736608572564863,0.00018807088361505464,0.0017893507653755358,0.00013533567161849724,0.001942607699803256,0.001942607699803256
22,mpnet,pubmedbert,51,0.00010999184025311973,0.00018471417233600906,-0.0016586308397101013,0.0021963781546811556,-0.001961338056012285,0.002848050617325293,0.002848050617325293
22,mpnet,biobert,51,-0.0004779415011198028,-0.0004832243647903134,-0.0017514401061438645,0.001099033078169498,-0.0019288140904819562,0.0013064458023978043,0.0019288140904819562
22,mpnet,simcse,51,-0.0008201958254926336,-0.0008395680865143085,-0.0021950204343415824,0.000734551570814812,-0.00249104441441228,0.0011618335862023654,0.00249104441441228
22,minilm,pubmedbert,51,0.001480397223014409,0.001453745180792665,-0.00019386680849173277,0.004072124046183151,-0.0015668281540415219,0.004504946227936069,0.004504946227936069
22,minilm,biobert,51,-0.0009984893070786305,-0.001032318717010483,-0.0019842252650061343,0.0004940408337890667,-0.002842018900370502,0.0006970970276330979,0.002842018900370502
22,minilm,simcse,51,0.0001690910411660948,0.00016154509507282366,-0.001284608881370941,0.0013224860136799577,-0.0020562162626913683,0.0014694309935489036,0.0020562162626913683
22,pubmedbert,biobert,51,0.0007311290559410016,0.0007180477539483476,0.0003346123759707387,0.001252113326869947,0.00032735471486144974,0.0014967183758476388,0.0014967183758476388
22,pubmedbert,simcse,51,0.000155508458676671,0.00013357490143628414,-0.0011732586746595053,0.0014264613312126306,-0.0012860455312087016,0.0016061960158449962,0.0016061960158449962
22,biobert,simcse,51,-0.00030183478576961253,-0.0003463246259902686,-0.0007400398384903861,0.0001624251037815605,-0.0008273850622554368,0.00020639827375279474,0.0008273850622554368
23,specter,specter2,51,0.0042572166707604345,0.004150207437428444,0.0033173810621350275,0.00529895068384123,0.003179880581240524,0.005549028447046522,0.005549028447046522
23,specter,scincl,51,0.0005933236584696205,0.000607189822062093,7.242541227572841e-05,0.0010774002363261592,-2.1866966719130687e-05,0.0012920963579503564,0.0012920963579503564
23,specter,scibert,51,0.00935522421077999,0.009138165944768462,0.007916940440508363,0.011281870022075147,0.007282140111130708,0.011711131720123169,0.011711131720123169
23,specter,bert,51,0.014760569817353861,0.014481981383093423,0.01274984460583728,0.01697605559594939,0.012279381978075321,0.01716415483235989,0.01716415483235989
23,specter,mpnet,51,0.0014190231131894345,0.0013714811647146385,0.0004885356879868186,0.002478634360880916,0.00026202747054826503,0.002511358852199219,0.002511358852199219
23,specter,minilm,51,0.0001532892808416384,0.00014808924068243634,-0.0006021266129161151,0.0009697009369550313,-0.0006514579220346928,0.0012160305113732006,0.0012160305113732006
23,specter,pubmedbert,51,0.009841476967536025,0.009556124669035215,0.008006644517349143,0.01209079445902031,0.007897118652760993,0.012575431843557583,0.012575431843557583
23,specter,biobert,51,0.009484894690503742,0.009310016224957862,0.007746321075136953,0.011501927392287475,0.007517721232034313,0.011605089245068756,0.011605089245068756
23,specter,simcse,51,0.011543147190499287,0.011538211219422778,0.009849757665136322,0.01350280984019317,0.00934728190135814,0.013703595383577238,0.013703595383577238
23,specter2,scincl,51,0.0011972198523872207,0.0011729899573594826,0.0008344612601161872,0.0015847959800376898,0.0006738892797023555,0.001674661175014025,0.001674661175014025
23,specter2,scibert,51,0.001975489588319638,0.001904325890608627,0.0010118005034081279,0.003165416679405092,0.0009984212015980987,0.0037493372692329885,0.0037493372692329885
23,specter2,bert,51,0.0043010332785308955,0.004226408977756613,0.0032810853835962828,0.005396451644746558,0.003059328891853008,0.0055849992603066445,0.0055849992603066445
23,specter2,mpnet,51,0.0013561916801907916,0.0012433088805762216,0.0008549333316384966,0.0020105149473947925,0.0007107070139058536,0.0023039309009553754,0.0023039309009553754
23,specter2,minilm,51,0.0014620791359479866,0.001441133810832329,0.0008045595988738219,0.0023186393377755965,0.0007031599374794917,0.0024504207496334196,0.0024504207496334196
23,specter2,pubmedbert,51,0.0019441764133309436,0.001915623449003312,0.0009986721275165866,0.002985562935213848,0.0009626046467300364,0.0031780156569684026,0.0031780156569684026
23,specter2,biobert,51,0.0017612732250051931,0.001707920281811659,0.0010568535691596326,0.002480187818608287,0.000963032813961151,0.002959913666698899,0.002959913666698899
23,specter2,simcse,51,0.0018393538949477346,0.0018809905323511344,0.0011810449967074865,0.002398613228294766,0.0011136987594775327,0.0024061752307638073,0.0024061752307638073
23,scincl,scibert,51,0.005467040448229145,0.0053786211683028995,0.004244155238931568,0.007062380833322612,0.0040789428871726985,0.007435942555301556,0.007435942555301556
23,scincl,bert,51,0.010240202336616148,0.010216011559079585,0.008915748847358435,0.011959837841847704,0.008612264924586777,0.012134684393089068,0.012134684393089068
23,scincl,mpnet,51,0.00029360670201309546,0.0002921836559268698,-0.0002418785118570299,0.0008446012479877973,-0.0007414799793333815,0.0009124574019152565,0.0009124574019152565
23,scincl,minilm,51,-0.0005116787057152457,-0.00050047557278321,-0.0009577548927332535,5.0742695578365193e-05,-0.0010573080320268602,0.0002979320951372877,0.0010573080320268602
23,scincl,pubmedbert,51,0.006312452167358218,0.0063788550258901955,0.005124772597272287,0.0075243258622029185,0.0049689889124626685,0.008170196979531696,0.008170196979531696
23,scincl,biobert,51,0.00571322528220479,0.005606002825560341,0.004676758165191641,0.007045159669410134,0.004597436566808111,0.007239437647710623,0.007239437647710623
23,scincl,simcse,51,0.006329758303361394,0.006252010355253246,0.005284003427486472,0.00754234717949423,0.005224960806524459,0.007659451208164025,0.007659451208164025
23,scibert,bert,51,0.0015045527605832946,0.0014364822030423774,0.0010504621753478771,0.0022447946045241474,0.0009211689917290045,0.0025738458110340368,0.0025738458110340368
23,scibert,mpnet,51,0.004593711617784331,0.004654939597148577,0.0031915757362589725,0.006950492654481888,0.003062771275881504,0.007153906585055214,0.007153906585055214
23,scibert,minilm,51,0.005371104516377761,0.005311192863226011,0.0038889570716812982,0.006917383143680428,0.003663707484509948,0.0075889749694334485,0.0075889749694334485
23,scibert,pubmedbert,51,3.937919584228852e-05,9.937914551172433e-06,-9.17507494061498e-05,0.00023734009428716396,-0.00012481936920361036,0.00031918655751250746,0.00031918655751250746
23,scibert,biobert,51,0.00017515671773132084,0.0001447810635278879,-3.8435521880764156e-05,0.000498564028977494,-5.453388179255114e-05,0.000747798287298429,0.000747798287298429
23,scibert,simcse,51,0.0007684049982991038,0.0007273957702759182,0.0004962294716596982,0.0011983642844857478,0.0004881035561956626,0.0013590804130731993,0.0013590804130731993
23,bert,mpnet,51,0.008247493466241505,0.008206919721648775,0.006991677453343059,0.009893342672351646,0.006591908122711265,0.010281644758670994,0.010281644758670994
23,bert,minilm,51,0.009848633434895997,0.009760373074766737,0.00853573175546507,0.011521138879864362,0.007864979569616182,0.011710182996694019,0.011710182996694019
23,bert,pubmedbert,51,0.000386375858115672,0.0003670515424687437,0.00013679714432013323,0.000796634208502428,7.875484537800403e-05,0.0008553270591985518,0.0008553270591985518
23,bert,biobert,51,0.0005279771409517043,0.0005208520856222476,0.00033014990513430265,0.000773372450569465,0.0003240582040582307,0.0007953321490627996,0.0007953321490627996
23,bert,simcse,51,0.0008141072269801717,0.0008228780189880602,0.0004926124563106316,0.0011732186320281557,0.0004546599769580384,0.001384141922728399,0.001384141922728399
23,mpnet,minilm,51,8.156329852869106e-05,9.220991313674265e-05,-0.0002606280657206639,0.0004527671161440594,-0.0002812334797452909,0.0005460513905479747,0.0005460513905479747
23,mpnet,pubmedbert,51,0.005036492048967196,0.004945465290664863,0.0036882689033007343,0.0071399578589183,0.003292893190778412,0.0075287236211588615,0.0075287236211588615
23,mpnet,biobert,51,0.004717777427531667,0.0047016818249556724,0.0037235916574890338,0.006480021357531285,0.003351836769483252,0.006895531667027943,0.006895531667027943
23,mpnet,simcse,51,0.0057671771063508084,0.005739486227170465,0.0046782589830877686,0.006871702059370932,0.004360839598419042,0.00749643303146863,0.00749643303146863
23,minilm,pubmedbert,51,0.006080889025196787,0.006099799984422893,0.004601166404429202,0.007578079786017933,0.004587066186349076,0.007999454209489665,0.007999454209489665
23,minilm,biobert,51,0.005670425014464316,0.005596616304886837,0.0044104594469589475,0.007046716054509544,0.004092592654556415,0.007288595899496819,0.007288595899496819
23,minilm,simcse,51,0.006839726681904359,0.006799442179190707,0.005667168100775916,0.008050006279503225,0.00555878288688294,0.008156271984517405,0.008156271984517405
23,pubmedbert,biobert,51,0.00012641881762966075,0.00011986959751530968,4.6720526312216126e-05,0.0002492495777138837,2.094998976143181e-05,0.00031507822471610325,0.00031507822471610325
23,pubmedbert,simcse,51,0.00015819791808868068,0.00012328312843445932,-1.6059009691954396e-05,0.0004101278620577131,-2.6076131322216867e-05,0.0005015860911240511,0.0005015860911240511
23,biobert,simcse,51,0.00013686738216282338,0.00013392237726583822,-5.070071928958697e-05,0.0003111880655337629,-7.336057585838329e-05,0.00034284994378019906,0.00034284994378019906
24,specter,specter2,51,-0.0013296277816386285,-0.0012969680221031066,-0.0019307165894848488,-0.0007013494487983496,-0.002101940699358873,-0.0005864050135616639,0.002101940699358873
24,specter,scincl,51,0.0008311370933002568,0.0007765475687403489,0.0001784888861781908,0.0017244482196671074,4.805174300692716e-05,0.0020842072647658805,0.0020842072647658805
24,specter,scibert,51,0.00089601434580738,0.0007082296667163535,-0.00035396363926373797,0.002503881382140749,-0.0010507828083086146,0.002740888408018116,0.002740888408018116
24,specter,bert,51,0.0018519656672770126,0.0018621729296507405,0.00013838807560107025,0.00355678594821604,7.289506125518486e-05,0.004032985070446915,0.004032985070446915
24,specter,mpnet,51,-0.0011192899829850262,-0.0011101455815079042,-0.0017549814632390193,-0.000176173673638369,-0.0018127184402783048,-1.1783997798109347e-05,0.0018127184402783048
24,specter,minilm,51,-0.00016800234776601468,-0.00017249870920821309,-0.0012779958097720867,0.0007344693517517542,-0.0013610846087355188,0.0014633487132448275,0.0014633487132448275
24,specter,pubmedbert,51,-0.00045030038115337833,-0.0005470338255471052,-0.0025191203198733636,0.002160268399941212,-0.0033027785360507655,0.0023138739683032927,0.0033027785360507655
24,specter,biobert,51,0.0004678236879316758,0.000473492598355163,-0.0011975198749145377,0.0023076642445246653,-0.0015835612976193847,0.0025273350892058843,0.0025273350892058843
24,specter,simcse,51,0.0003241410150353978,0.00039417300932820254,-0.0009455939712711692,0.0013988014285297445,-0.0010168472817587704,0.001579398721146763,0.001579398721146763
24,specter2,scincl,51,-0.0010625432198232748,-0.001044236173241564,-0.001450400417751685,-0.0006314856855707263,-0.0016312637170362576,-0.0005778694203034673,0.0016312637170362576
24,specter2,scibert,51,0.0001220179214209258,8.810887756161012e-05,-0.0008440448830543679,0.0014234996135045475,-0.0010425589064724239,0.0018043754781926769,0.0018043754781926769
24,specter2,bert,51,0.0015964417926888925,0.001579410273872317,0.0004130580442827936,0.002691117578973473,2.712793810011327e-05,0.0029424657645883423,0.0029424657645883423
24,specter2,mpnet,51,-0.0011001844549844856,-0.001106964695445689,-0.0015925890344795357,-0.0006505304465865003,-0.0016674097000390908,-0.0005172230562026092,0.0016674097000390908
24,specter2,minilm,51,-0.0009181714759213059,-0.0009686759124812871,-0.001503059597136952,-0.000376825330203584,-0.0015529682534117795,-0.0001240604950349944,0.0015529682534117795
24,specter2,pubmedbert,51,-0.0016361425960002335,-0.0017271374218436053,-0.0029355837461841894,0.00045705917755062275,-0.003461988578385533,0.0009109003899671064,0.003461988578385533
24,specter2,biobert,51,-0.0005754629871435482,-0.0005212042445625897,-0.0016703865174516885,0.0007654327917432646,-0.002426075445341791,0.000972805588355885,0.002426075445341791
24,specter2,simcse,51,-0.0006708059630898822,-0.0006985763336329054,-0.0015454341562035623,9.366318365358617e-05,-0.001758034076119963,0.00019124852791430058,0.001758034076119963
24,scincl,scibert,51,-0.002771567986091999,-0.002788375666582299,-0.0035201152230550092,-0.002062323535541255,-0.0037886448559567576,-0.0016898790410817544,0.0037886448559567576
24,scincl,bert,51,-0.004323816449510376,-0.004251181416262129,-0.005474762792394144,-0.0033173183986848487,-0.005569339929354489,-0.0029956333564478133,0.005569339929354489
24,scincl,mpnet,51,-0.0013681716442574881,-0.0014504411183321464,-0.0021430435421815885,-0.0003940299756284016,-0.002423888695258003,0.0002955107562161441,0.002423888695258003
24,scincl,minilm,51,-0.0016856107884687605,-0.0018168714795988583,-0.002658335779244958,-0.0006242612714305318,-0.003008693895258374,-4.4168983652337346e-05,0.003008693895258374
24,scincl,pubmedbert,51,-0.005434556805603735,-0.00536694220473144,-0.006567336502273674,-0.004016200730792979,-0.007108391325792551,-0.0038865806884245124,0.007108391325792551
24,scincl,biobert,51,-0.003821006114661808,-0.003780656545295469,-0.004623464917154069,-0.0029308805425444506,-0.005412122323310786,-0.0027310419224726434,0.005412122323310786
24,scincl,simcse,51,-0.002015954548113121,-0.002076554989579593,-0.0028026868332127197,-0.0010256775777912897,-0.0031628375465159175,-0.000938564522048102,0.0031628375465159175
24,scibert,bert,51,-0.0009740883535649239,-0.0009817857957564735,-0.0016057681036304727,-0.0002321640265263436,-0.0016237800979771455,-0.00015331293970555215,0.0016237800979771455
24,scibert,mpnet,51,-0.00018672213743922095,-0.0002913035869593905,-0.001776716758293051,0.0015703396353257681,-0.0020891053747505994,0.0025022001267082095,0.0025022001267082095
24,scibert,minilm,51,-0.0005193504357051442,-0.0006515142340506319,-0.0018260309007141207,0.0010523492823807379,-0.002012754287010976,0.0018470253923917879,0.002012754287010976
24,scibert,pubmedbert,51,-0.0018978310088135601,-0.0019301415213557327,-0.002512944011632101,-0.001174846292715137,-0.002584330504013743,-0.0011542340768232462,0.002584330504013743
24,scibert,biobert,51,-0.0015012637923996785,-0.0015094497409707808,-0.0019653223987258495,-0.00101367207792602,-0.0020528861647651775,-0.000897350341751646,0.0020528861647651775
24,scibert,simcse,51,-0.0004373616774556895,-0.0004761691482866315,-0.0008545246695887687,5.1399650003253194e-05,-0.0009326836324734522,0.0010247652560553266,0.0010247652560553266
24,bert,mpnet,51,0.00024393046233159898,0.00039326413563434137,-0.0017922339278768351,0.0023870725235773937,-0.0018877197360961384,0.002901955882826157,0.002901955882826157
24,bert,minilm,51,-0.0016265393522315423,-0.001800398006597037,-0.003591229169444321,0.0005282778206285588,-0.0047747497111432224,0.0013033752209030691,0.0047747497111432224
24,bert,pubmedbert,51,-0.004547393093496412,-0.004596208113877842,-0.0052041299308698274,-0.003843516793619578,-0.00548608252981575,-0.0037969695622219746,0.00548608252981575
24,bert,biobert,51,-0.0031279812102892844,-0.0031955271900312443,-0.003643856078183072,-0.002677080665167364,-0.0038420986912254262,-0.002644994034356807,0.0038420986912254262
24,bert,simcse,51,-0.0007122956264398227,-0.0007459194802816871,-0.00136195805705136,-8.808100743967762e-06,-0.0015610671054053782,6.0384340967112315e-05,0.0015610671054053782
24,mpnet,minilm,51,0.0005128937804758202,0.0005224302120488966,7.282055709675883e-05,0.0008732794168493929,1.4293507896168123e-05,0.001027142688874605,0.001027142688874605
24,mpnet,pubmedbert,51,-0.0016441520897549845,-0.0016348890151617335,-0.004062355891131519,0.0013229887069069468,-0.004147901982520574,0.0019485168479489445,0.004147901982520574
24,mpnet,biobert,51,-0.0012840882857255251,-0.0012703629945945982,-0.003166381086620762,0.0006520995045161959,-0.0033430263607979738,0.00157045553000712,0.0033430263607979738
24,mpnet,simcse,51,-0.0012755777253859926,-0.0012844847253966618,-0.00237441265853075,-0.0001757096475428488,-0.0024752164724114456,-0.00013966623113426113,0.0024752164724114456
24,minilm,pubmedbert,51,-0.00018320620442382213,-0.00027260384249594427,-0.00222275448868961,0.002811719427344428,-0.0023441300985346247,0.0034153735718188694,0.0034153735718188694
24,minilm,biobert,51,0.0004004703043141526,0.00025262327129593753,-0.0012034883504888905,0.002353048763911819,-0.001829520736629009,0.003388622087301174,0.003388622087301174
24,minilm,simcse,51,-0.00030612020503867896,-0.00025126214611082,-0.0014845690924880361,0.0006451465118397781,-0.0016280833510253778,0.0007931635444349272,0.0016280833510253778
24,pubmedbert,biobert,51,-0.0008330350069685668,-0.0008458288521311363,-0.0011015101553928375,-0.0005672169192382226,-0.0011389434589641478,-0.0005362448690473531,0.0011389434589641478
24,pubmedbert,simcse,51,-0.0012957841209985915,-0.0014109271635230902,-0.002332202864838956,-8.577494444916844e-05,-0.00271728820559769,0.001326983961746131,0.00271728820559769
24,biobert,simcse,51,-0.0019307302319747338,-0.001947211812878824,-0.002675168404808692,-0.001096904639537627,-0.00281373852707556,-0.0005531246125706213,0.00281373852707556
25,specter,specter2,51,-0.004460950207982933,-0.004487059956331807,-0.005055381499797285,-0.0037949061009217855,-0.005296016498480993,-0.0037121025186849232,0.005296016498480993
25,specter,scincl,51,-2.0951880931073175e-05,-3.2434506100909033e-06,-0.0007107873565406486,0.0006893817929656543,-0.0008666743078985517,0.0008586785064976787,0.0008666743078985517
25,specter,scibert,51,-0.005868548285999233,-0.005762325632698628,-0.006901382989165095,-0.004750232516369385,-0.007867644816779817,-0.004586164593565756,0.007867644816779817
25,specter,bert,51,-0.009219807802700935,-0.00929719895560388,-0.010504808111174713,-0.00796369838315894,-0.01125161088509552,-0.007831665940376098,0.01125161088509552
25,specter,mpnet,51,-0.004440498370730437,-0.0044526617491219556,-0.005174047658453668,-0.003779963402500419,-0.005721763071553698,-0.0036706877495277235,0.005721763071553698
25,specter,minilm,51,-0.0017405678541217537,-0.001688988981484174,-0.0026281270496364417,-0.0009580656909875251,-0.003092846095254731,-0.0006957543167364078,0.003092846095254731
25,specter,pubmedbert,51,-0.007187554330699044,-0.007212756374670115,-0.008896839469477863,-0.0053514623281654405,-0.009533905941226717,-0.005185817710729457,0.009533905941226717
25,specter,biobert,51,-0.006968234191197833,-0.00710770223781465,-0.008662996745901735,-0.00542922020650477,-0.009237195746110705,-0.005354660770313102,0.009237195746110705
25,specter,simcse,51,-0.005559860362831112,-0.005584399010086338,-0.006522194472480064,-0.004394221450950808,-0.007135975054813115,-0.004243769955960208,0.007135975054813115
25,specter2,scincl,51,0.000533788428495775,0.0005343018832988378,-0.00011968625281957856,0.0011099447845374089,-0.00035115036918154097,0.0012538499567043004,0.0012538499567043004
25,specter2,scibert,51,-0.0036162264914177803,-0.0035997651710212297,-0.004588896358289879,-0.0028160231712670847,-0.00466573857029462,-0.0027288012483980273,0.00466573857029462
25,specter2,bert,51,-0.004479066336001953,-0.004474227670355435,-0.005455604285602655,-0.003702805564504974,-0.005927941283026761,-0.0036426964896366654,0.005927941283026761
25,specter2,mpnet,51,-0.0023139229442254473,-0.0023980098629788893,-0.002921701450508435,-0.0013898580182699072,-0.003024694108372805,-0.001195600789622553,0.003024694108372805
25,specter2,minilm,51,-0.0011611473508940096,-0.001190721098439096,-0.002367484617881749,-0.0002187201858799559,-0.002449625169551495,0.0004762162517902846,0.002449625169551495
25,specter2,pubmedbert,51,-0.0032415540716549964,-0.0033273193111743593,-0.004949636394483509,-0.0015712462139507444,-0.004977202741155207,-0.0011834109922040925,0.004977202741155207
25,specter2,biobert,51,-0.003246742627132768,-0.003357829712193894,-0.0045169094609998905,-0.0018686622510442064,-0.004894175561990788,-0.001287498154067368,0.004894175561990788
25,specter2,simcse,51,-0.003558614785166518,-0.0036557837679995764,-0.004361902152717589,-0.002747298231265294,-0.004636687215336721,-0.0021117168870359304,0.004636687215336721
25,scincl,scibert,51,-0.0011970659779931728,-0.0011318931703622193,-0.002058630587018301,-0.00013609455796242953,-0.002181572084539729,-2.391077571861633e-05,0.002181572084539729
25,scincl,bert,51,-0.0017245541219893458,-0.0015937148810758472,-0.0029596423759275514,-0.0003302814548211408,-0.003302305439032649,-0.0001608515770034069,0.003302305439032649
25,scincl,mpnet,51,0.00017514602129332625,0.00022844137311672785,-0.001060871588261958,0.001050280760932748,-0.0012544315490133906,0.001359797378887584,0.001359797378887584
25,scincl,minilm,51,0.0009140230938922069,0.000949922639398415,-8.050819121252495e-06,0.0017151816928759611,-0.00013776445378443913,0.0018737310085698011,0.0018737310085698011
25,scincl,pubmedbert,51,-0.0027287914691435555,-0.002828189688633964,-0.0041723861522524885,-0.0007774125552758304,-0.004314342615681976,-0.00014874667156783428,0.004314342615681976
25,scincl,biobert,51,-0.002248370609813243,-0.002204066641266045,-0.0035527389976518498,-0.0008458481356512781,-0.0037321094011459888,-0.0007069886014714477,0.0037321094011459888
25,scincl,simcse,51,-0.00258707366284466,-0.002590102863325061,-0.003465929360615655,-0.0016115922856683729,-0.0035685367019527847,-0.0012820315117840764,0.0035685367019527847
25,scibert,bert,51,-0.0024015106463591033,-0.0024188040895049,-0.0029732434958487375,-0.001846976982545323,-0.003419272876134638,-0.0016281576288308397,0.003419272876134638
25,scibert,mpnet,51,-0.005381096937338783,-0.005335297416638185,-0.006580748144342202,-0.003869937707344673,-0.006782391168314028,-0.003682011596744972,0.006782391168314028
25,scibert,minilm,51,-0.0039652048215315745,-0.004051221098601898,-0.005167396180864897,-0.002978665968698585,-0.005323912859914626,-0.0028844558822239685,0.005323912859914626
25,scibert,pubmedbert,51,0.0008687034802045897,0.0008538993880380374,0.0001981915870188644,0.001621725611486935,0.00010799555093288227,0.001886000003099797,0.001886000003099797
25,scibert,biobert,51,0.0003926296253740189,0.00037548385158570063,-0.0005608424041541049,0.0011744110248527173,-0.0006712966352373506,0.0016164319529683446,0.0016164319529683446
25,scibert,simcse,51,-0.00011795805060672875,-0.00016945965203962743,-0.0007588189589477767,0.0007802839638574588,-0.0008622949034282623,0.000823246091181673,0.0008622949034282623
25,bert,mpnet,51,-0.0041309745309962165,-0.00406176964601912,-0.005557303730982455,-0.002921318354181246,-0.0057179594987651905,-0.0026791883543172412,0.0057179594987651905
25,bert,minilm,51,-0.004236684018354724,-0.004271632272215942,-0.005553812180621759,-0.002653006696734961,-0.00578209427203169,-0.0024038718637895418,0.00578209427203169
25,bert,pubmedbert,51,0.0005609825028774789,0.0005416271932684458,-0.0003714070879018705,0.0014626076367121599,-0.0006309810647564529,0.001751308317901823,0.001751308317901823
25,bert,biobert,51,0.00034524313198399726,0.0003229992352911104,-0.0003448648524764786,0.0010512222177929686,-0.0008158450640664006,0.0011305873664770871,0.0011305873664770871
25,bert,simcse,51,-0.0019653408961523926,-0.0019837206951345276,-0.0023673954701294575,-0.0013663236628053133,-0.002608092973402143,-0.001226196770099497,0.002608092973402143
25,mpnet,minilm,51,-0.0006057050185253523,-0.0005997532682182616,-0.00106702909651063,-8.244554669248338e-05,-0.0012195300060222625,2.499345566731037e-06,0.0012195300060222625
25,mpnet,pubmedbert,51,-0.003267061616590229,-0.0033021059249204177,-0.005394869005269254,-0.0008649957954454945,-0.005476234512116207,-0.0005839766101665145,0.005476234512116207
25,mpnet,biobert,51,-0.003944528234543145,-0.003941939533294692,-0.005716670660173978,-0.00236696967791325,-0.006071913237145399,-0.0014358427215558356,0.006071913237145399
25,mpnet,simcse,51,-0.003941367821675787,-0.003921006840009955,-0.0052647146493408625,-0.002599029740312342,-0.005473875179077381,-0.0024746767833191408,0.005473875179077381
25,minilm,pubmedbert,51,-0.00451319013538501,-0.004506321609594743,-0.0060821367809305305,-0.0027770572927465764,-0.006206292350602216,-0.002489978292556927,0.006206292350602216
25,minilm,biobert,51,-0.004577370786797661,-0.004731167534417602,-0.0058933664064259594,-0.003381839107618495,-0.006210501130154089,-0.0024342623305950717,0.006210501130154089
25,minilm,simcse,51,-0.0023011236468063944,-0.002307789012056749,-0.0035534232996641546,-0.0010152049129400764,-0.0036553116776474326,-0.0009356029558759138,0.0036553116776474326
25,pubmedbert,biobert,51,-0.0005396097564132782,-0.0005680582350801044,-0.0007697902093803388,-0.0003143891513162078,-0.0008241637545877145,-0.0002871561820084745,0.0008241637545877145
25,pubmedbert,simcse,51,-0.0005552079881167582,-0.0006021233983851682,-0.0011672357060471539,0.00020519295995755082,-0.0015538004240797099,0.00031261345618960323,0.0015538004240797099
25,biobert,simcse,51,-0.0007237293067675098,-0.0007331189892657575,-0.0012077568234912794,-0.0001071267366184736,-0.0016351862852115318,-9.74936808810778e-05,0.0016351862852115318
26,specter,specter2,51,0.0013881552246173638,0.0013681177989143256,0.0007249691339559772,0.0019140571044183041,0.0006354729175638285,0.001964039833074138,0.001964039833074138
26,specter,scincl,51,0.002385911042994283,0.0024060803720334922,0.0018208706352357829,0.002986874078570484,0.0015635252392084409,0.003151050196019689,0.003151050196019689
26,specter,scibert,51,0.0019139836601285742,0.001875850223367892,0.001188657358186046,0.0029577441274962757,0.0007256515045968026,0.003380384136345116,0.003380384136345116
26,specter,bert,51,0.006874157102507216,0.006869925757866491,0.005514381635220084,0.008047964672772301,0.005447012689163144,0.008172014155484186,0.008172014155484186
26,specter,mpnet,51,0.004422731103945001,0.00437789503616548,0.0030142634897250553,0.00610479330884145,0.0029303172128801735,0.006366801302190361,0.006366801302190361
26,specter,minilm,51,0.0037898816032694424,0.0036853476708992305,0.002803365379577122,0.004879102420274339,0.002664184089630872,0.005429458933875142,0.005429458933875142
26,specter,pubmedbert,51,0.007595951330848438,0.007529780316688828,0.004619479688050154,0.010291358027616243,0.0043818376411323134,0.010532589749728816,0.010532589749728816
26,specter,biobert,51,0.01649805664968193,0.016870465387152533,0.012744664049119392,0.019069579365835032,0.012413042654400797,0.021748857648803854,0.021748857648803854
26,specter,simcse,51,0.0027938363958064025,0.00275214119678846,0.0016423042617903783,0.003694618600913524,0.0010915613830749793,0.003750584423829917,0.003750584423829917
26,specter2,scincl,51,0.0014904933440993157,0.0014643335410020608,0.0008129254962944699,0.002112641122455766,0.0006471373586232065,0.002165035719673414,0.002165035719673414
26,specter2,scibert,51,0.0026919928791449303,0.002659536910164406,0.0018207673651082223,0.0036173698900620332,0.0013172862228023607,0.004317345558465191,0.004317345558465191
26,specter2,bert,51,0.009580812923214182,0.009566782536227447,0.007978579760019422,0.011579109187254077,0.007396288303072707,0.011793836652787104,0.011793836652787104
26,specter2,mpnet,51,0.003155620993892767,0.003153626832005041,0.002241173064461921,0.0041081715964869925,0.0020176349478276956,0.004175908386451321,0.004175908386451321
26,specter2,minilm,51,0.002979101746025217,0.002867313933244686,0.0019299877883348915,0.004046084286380508,0.0015238724195858477,0.004319248939302578,0.004319248939302578
26,specter2,pubmedbert,51,0.008653354020802773,0.008709443575200648,0.00600411261477668,0.01139736478780834,0.0052564927419402885,0.01201894503214962,0.01201894503214962
26,specter2,biobert,51,0.017169382950125996,0.01706176623977773,0.01386082359407903,0.020291074599982778,0.013179564621620843,0.021184880480855428,0.021184880480855428
26,specter2,simcse,51,0.0035164368017393697,0.0035033286106209705,0.002739786210583406,0.004415384860943811,0.002007358260294856,0.004749271201882177,0.004749271201882177
26,scincl,scibert,51,4.636018664023396e-05,6.225994119191114e-05,-0.0006394284706560394,0.0005786825123019756,-0.0007114997057195982,0.001066517986891169,0.001066517986891169
26,scincl,bert,51,0.00187364092627233,0.0018536243074180891,0.0010118457136663317,0.0034847162430454437,0.0007837770809719924,0.003590244050111102,0.003590244050111102
26,scincl,mpnet,51,0.008508681058933813,0.008613802775611079,0.00689181746121037,0.010471187822394451,0.006468565521293823,0.011004841421302092,0.011004841421302092
26,scincl,minilm,51,0.007952806673797832,0.007926345037177929,0.0060541315279352415,0.009804112818391969,0.005496091346258392,0.009930403887070227,0.009930403887070227
26,scincl,pubmedbert,51,0.0033252572498428663,0.0032791671534068145,0.0016031039813463877,0.005333183167933381,0.0001898948784480048,0.006521354001708057,0.006521354001708057
26,scincl,biobert,51,0.010494080899050469,0.010422007228763519,0.007976917568305042,0.012658767526683518,0.00680313870064686,0.013690115564155336,0.013690115564155336
26,scincl,simcse,51,0.0016359930207122718,0.001569406232392545,0.0009641378330194628,0.002601618823264845,0.0003616799680646876,0.002726616024775419,0.002726616024775419
26,scibert,bert,51,0.00260047132088383,0.0026155965319044627,0.0017612277066848814,0.003442583977842778,0.0017126348646484546,0.003749474282023213,0.003749474282023213
26,scibert,mpnet,51,0.006721825194095481,0.006633342874139747,0.004510855430531702,0.009116288281459883,0.004055217210380713,0.01003806783123018,0.01003806783123018
26,scibert,minilm,51,0.006224255485784766,0.006249952152400318,0.0039211081171404705,0.008752744555318909,0.003501911475104702,0.009669012944863886,0.009669012944863886
26,scibert,pubmedbert,51,0.004940793962215118,0.0049368244166149156,0.0033534216675391026,0.0061571174447531685,0.003305306755679638,0.00802973636995008,0.00802973636995008
26,scibert,biobert,51,0.011368059903111702,0.011273368699546649,0.009287905555599024,0.013313093573741969,0.008462268748559154,0.01598141111393947,0.01598141111393947
26,scibert,simcse,51,0.001083868793476979,0.0011081607096419255,0.0005301168846607307,0.001871444357463642,0.0004918311012956922,0.0019873153772786978,0.0019873153772786978
26,bert,mpnet,51,0.01645477855713173,0.01686759916968794,0.012224140447051363,0.020076036597912628,0.01154912163958477,0.02083395555965728,0.02083395555965728
26,bert,minilm,51,0.015065017561296794,0.015184470525126614,0.011760385431822146,0.018083635624130873,0.010143301890988554,0.018410291698836567,0.018410291698836567
26,bert,pubmedbert,51,-0.0018880181701447622,-0.0018954182749029158,-0.0029183643047225594,-0.0008839117631485871,-0.003147908680092737,-0.000856724375453366,0.003147908680092737
26,bert,biobert,51,0.002539436916716997,0.002413405241012634,0.0013898201092410467,0.003880746123403528,0.0012199121739185914,0.004070705305804778,0.004070705305804778
26,bert,simcse,51,0.0020122039937050594,0.0019229658146237005,0.001184658437765912,0.0032195872049984864,0.0009874477611757637,0.003459152475607019,0.003459152475607019
26,mpnet,minilm,51,0.0003823991358945119,0.0003942966834838968,-2.7675500303248057e-05,0.0006817635841932235,-0.00015759464615472396,0.0009599940920085315,0.0009599940920085315
26,mpnet,pubmedbert,51,0.009668775539235753,0.009443815651930976,0.0059883794330719275,0.013507213430215853,0.005486660104926933,0.014109823039076042,0.014109823039076042
26,mpnet,biobert,51,0.017954225373760156,0.018091199616098286,0.013890988805166815,0.0232187275290755,0.012988305879870543,0.024283677263090886,0.024283677263090886
26,mpnet,simcse,51,0.006591777644275184,0.006685517488524528,0.004156395802261154,0.00809550262635711,0.0038802075248783874,0.00920712543293789,0.00920712543293789
26,minilm,pubmedbert,51,0.01089392397743951,0.010874948772435,0.006760331590774049,0.015278380186510288,0.00606680692247763,0.016230490148097076,0.016230490148097076
26,minilm,biobert,51,0.018869624541282104,0.018974437499036823,0.014180087983522688,0.024767273653482302,0.013756645125668654,0.02541114696845226,0.02541114696845226
26,minilm,simcse,51,0.006018460960915974,0.006272978581411182,0.003442881716488433,0.007635490956308527,0.0029326484257453656,0.00790586503254076,0.00790586503254076
26,pubmedbert,biobert,51,-9.351526485800852e-05,-3.648637828590484e-05,-0.000561831569827892,0.0004969726432980937,-0.0005978116476198503,0.0006399041235654046,0.0006399041235654046
26,pubmedbert,simcse,51,0.002517977180481127,0.0024626946889748647,0.0008849259352793348,0.00426140327024585,0.0007210836463971138,0.004473614660058911,0.004473614660058911
26,biobert,simcse,51,0.008458326207341993,0.008533837457870397,0.006231160516634915,0.010887358271046893,0.006191381389922812,0.011311102268040774,0.011311102268040774
27,specter,specter2,51,-0.000634554414535546,-0.0006200011414215778,-0.001108895159662615,-0.00015385637140660768,-0.0011955039310660442,-3.916474841103579e-05,0.0011955039310660442
27,specter,scincl,51,-0.001512542180185505,-0.0014929441857066683,-0.0018376073253965064,-0.0012064186192487503,-0.001962479248220683,-0.0011817432428871122,0.001962479248220683
27,specter,scibert,51,-0.0007621685866544983,-0.0008401558238213536,-0.0018286031209607256,0.00031482313998737466,-0.001984175582098957,0.0003549781414536879,0.001984175582098957
27,specter,bert,51,-0.0027516369265062146,-0.0026607554414082024,-0.003756578646569919,-0.0019885221871000502,-0.004400477251268686,-0.0017777404788030804,0.004400477251268686
27,specter,mpnet,51,-0.0007649632100153927,-0.000657349371648408,-0.0015902870186986495,-7.939157122896501e-05,-0.0018681822060969688,-4.987154953584039e-05,0.0018681822060969688
27,specter,minilm,51,-0.0019110097148393756,-0.0019528507156200137,-0.002514458627826288,-0.0012020544873646288,-0.002797810305537385,-0.0010972474431643064,0.002797810305537385
27,specter,pubmedbert,51,-0.0032939322991106497,-0.003178099120335065,-0.004963779563628368,-0.0018565547629225132,-0.005073717236665387,-0.0013226413783559154,0.005073717236665387
27,specter,biobert,51,-0.0014319821720396651,-0.0014428302592239817,-0.0025542812388665848,-0.00021320073175862264,-0.002714930857682818,-9.872538341826331e-05,0.002714930857682818
27,specter,simcse,51,-0.0007430163272884615,-0.0006521046469926128,-0.0017631494244102486,-1.4605120507549252e-05,-0.0020487656564220913,0.0003055137194422075,0.0020487656564220913
27,specter2,scincl,51,-0.0006339052947493774,-0.0006394499044664048,-0.0008769106799431658,-0.0004058946440015365,-0.0009100475448544643,-0.0002699006707201912,0.0009100475448544643
27,specter2,scibert,51,0.0015669908618804124,0.0016230463313118282,0.00018715924932546923,0.0027311279248126152,8.999578621393667e-05,0.0030879488840905855,0.0030879488840905855
27,specter2,bert,51,-0.0007586414987690348,-0.0008076703488916204,-0.0015881939413903423,-9.358446144402954e-05,-0.0016474449364806132,6.285984560716606e-05,0.0016474449364806132
27,specter2,mpnet,51,0.0006264952925969013,0.0006503493291477591,-6.634168976385468e-05,0.0014289450345091048,-0.0003789370077367238,0.0014971994056796056,0.0014971994056796056
27,specter2,minilm,51,-0.00047584445391240306,-0.00044427199116270355,-0.0013557035783596794,0.0002945347282232724,-0.0013819226239939475,0.00042245012972297324,0.0013819226239939475
27,specter2,pubmedbert,51,0.00029535615847511257,0.00030607249339675846,-0.0018014616422839524,0.002050896376775413,-0.0019319568032093448,0.002828522639907627,0.002828522639907627
27,specter2,biobert,51,0.0006595970603425173,0.0007316471099545474,-0.0006464963452011141,0.0020738030845958155,-0.0006902981168001032,0.0022462756240807513,0.0022462756240807513
27,specter2,simcse,51,0.001221813575685831,0.0012403386508059722,0.00021392826346916527,0.0022713130847810126,-4.599177217867734e-05,0.0024995048810848575,0.0024995048810848575
27,scincl,scibert,51,-0.00011715309413784079,-0.00019455051216998864,-0.0011499715681529687,0.0008717688151212155,-0.0013206171031456826,0.0013866546382027556,0.0013866546382027556
27,scincl,bert,51,-0.0022131742702727625,-0.002219043069607185,-0.0029378323230136727,-0.0015170530508438473,-0.003068547666285837,-0.001456572490859842,0.003068547666285837
27,scincl,mpnet,51,-0.001509198826311156,-0.001544760739496387,-0.002033300201481486,-0.0007427703077873271,-0.0020945165327588278,-0.000627455478162342,0.0020945165327588278
27,scincl,minilm,51,-0.0023703695806861274,-0.0023708632212517955,-0.0028441205589649354,-0.001615871062162516,-0.002854217876639309,-0.0014592666138736332,0.002854217876639309
27,scincl,pubmedbert,51,-0.0005590465144405238,-0.00046806898543061415,-0.0025930262663533543,0.0012462793468504818,-0.003277697517495959,0.0014033012457087546,0.003277697517495959
27,scincl,biobert,51,-0.0001293716768706098,-0.00013664121067846757,-0.0013269882951909284,0.0011178834368512636,-0.0016689551693951366,0.0016413076414917294,0.0016689551693951366
27,scincl,simcse,51,-3.8598462956154605e-05,1.8237885846761337e-05,-0.0008670640843758404,0.0008505428297053141,-0.0013403140251921908,0.0009197875120120491,0.0013403140251921908
27,scibert,bert,51,-0.0010156618434406701,-0.0010404978812585952,-0.0015316752210613738,-0.000624944423232715,-0.0017197446868197908,0.0004148316054574108,0.0017197446868197908
27,scibert,mpnet,51,0.00017177364028446413,0.00015150641760774963,-0.0008761444379166705,0.0014651475998473107,-0.0009666402012726838,0.0015669870375394357,0.0015669870375394357
27,scibert,minilm,51,-0.001138164236363477,-0.0012435240638326572,-0.0020696384871556894,-4.263862924649975e-05,-0.0022359025678675426,-2.6529855436052685e-05,0.0022359025678675426
27,scibert,pubmedbert,51,-0.0010890713647519533,-0.0011197928071771113,-0.0017674379209443036,-0.0001623412086471654,-0.0018407226790676523,-0.00010490720455080815,0.0018407226790676523
27,scibert,biobert,51,-0.0004653803682290061,-0.00048414305756339093,-0.0008943418030782357,0.0002056187261398612,-0.000962068210473177,0.0002458721997685709,0.000962068210473177
27,scibert,simcse,51,-0.0005282475382503149,-0.0005380893771752548,-0.0007441143748653511,-0.00020190593703409143,-0.0007936001666780657,-4.659881637369967e-05,0.0007936001666780657
27,bert,mpnet,51,-0.001001555497035474,-0.0010429705142193102,-0.0019082134419743657,7.283910328348409e-05,-0.0025068301626295364,0.0005890938780880317,0.0025068301626295364
27,bert,minilm,51,-0.0027049019723173586,-0.002777685207956071,-0.004121199423936822,-0.0014092053109686087,-0.00429248831472806,-0.0013439389488362208,0.00429248831472806
27,bert,pubmedbert,51,-0.0009960563993532477,-0.001047442340751159,-0.002430946751140972,0.0007323326044774703,-0.0026800354012072036,0.0010093601795648777,0.0026800354012072036
27,bert,biobert,51,-0.0006840969985579532,-0.0006704776193826589,-0.0016302427703686062,0.00037254369953637623,-0.0017821960587555141,0.0005580143875825172,0.0017821960587555141
27,bert,simcse,51,-0.0010164790360199989,-0.0010351001438602125,-0.0013400353360577821,-0.0006484167020339437,-0.0013457386816997374,-0.000511003787632025,0.0013457386816997374
27,mpnet,minilm,51,-0.0004614262841902357,-0.00044393226174277434,-0.0008595938191498231,-0.00012114189604756076,-0.0009128161628730869,-8.475697341958632e-05,0.0009128161628730869
27,mpnet,pubmedbert,51,-0.004069823877176468,-0.004026367856312274,-0.00621888056819217,-0.0017857069846732576,-0.0063727952378555,-0.0014947081320397793,0.0063727952378555
27,mpnet,biobert,51,-0.0015679379455631024,-0.0015488285561171544,-0.003384345087452917,5.602283998454305e-05,-0.0038558544574097686,0.0006591986730722921,0.0038558544574097686
27,mpnet,simcse,51,-0.00033651949538992214,-0.000269042005311082,-0.0017027880791153083,0.0008468665636347239,-0.00199869730337221,0.0010654519496164916,0.00199869730337221
27,minilm,pubmedbert,51,-0.004692687470061639,-0.004552412459451927,-0.006825899251963141,-0.002476559437690984,-0.006981519671736769,-0.0021577042030063165,0.006981519671736769
27,minilm,biobert,51,-0.0024653960753808573,-0.0023925697516726796,-0.004096847057071001,-0.00047422174311825827,-0.0047921843039927525,-0.0003004215212715211,0.0047921843039927525
27,minilm,simcse,51,-0.001964717236938243,-0.0018866821059551064,-0.0032486604079348946,-0.0010817208696410896,-0.003342398158346249,-0.0009833980806254194,0.003342398158346249
27,pubmedbert,biobert,51,-0.0006267808666500882,-0.000659592568616918,-0.0008589982544476849,-0.00030204083124554804,-0.0008959012701792446,-0.0002335866743180537,0.0008959012701792446
27,pubmedbert,simcse,51,-0.0011142217500060227,-0.0011418147126590616,-0.001971280581693796,0.00010985009825062453,-0.002022802252406808,0.0001922396954263661,0.002022802252406808
27,biobert,simcse,51,-0.000596998262650494,-0.0006055852143759255,-0.0011933654374134683,2.7782637198742188e-05,-0.001467842048851642,0.0001357878826735437,0.001467842048851642
28,specter,specter2,51,0.0018030259057182601,0.0018115705022037076,0.0011918922572175805,0.0025384373067932897,0.0010685788647658567,0.002663974439888417,0.002663974439888417
28,specter,scincl,51,0.002602919341414939,0.002618192272809017,0.0017628765997843576,0.003568173645349615,0.0016572943398650564,0.0036241879197984606,0.0036241879197984606
28,specter,scibert,51,0.007277367917512584,0.007115552008931436,0.0045636442476217065,0.010472564998209505,0.004270810076759224,0.010618719058089643,0.010618719058089643
28,specter,bert,51,0.010184817363053371,0.009929546817575075,0.007696678678752872,0.012513233805994034,0.007259706692232526,0.014114919423383387,0.014114919423383387
28,specter,mpnet,51,0.0013176635242925707,0.0012731928944925697,0.0007466831973517163,0.0021721507158867503,0.0005936804452939537,0.0023819858085361023,0.0023819858085361023
28,specter,minilm,51,0.0022062354487654623,0.0021866111226678253,0.0010878657040967188,0.003451628026730269,0.0008005512470037335,0.004043414104442422,0.004043414104442422
28,specter,pubmedbert,51,0.011397099756074744,0.011093764164451514,0.007751067996507627,0.015050351639660148,0.006440988270597026,0.016580121220638677,0.016580121220638677
28,specter,biobert,51,0.01061441109828406,0.010655401027549916,0.0076399642294292525,0.013862612655862888,0.007129059242989344,0.015469487262217085,0.015469487262217085
28,specter,simcse,51,0.006846139017525725,0.006913612397066449,0.004338008589160058,0.008564717662857102,0.0038119664750766447,0.008969856926174136,0.008969856926174136
28,specter2,scincl,51,0.0006613898750537737,0.0006734413472599954,0.000296669967287444,0.0010141256249834862,0.0002481229760846748,0.0010521034767293491,0.0010521034767293491
28,specter2,scibert,51,0.0037705887089860275,0.0037193284801424475,0.0024272563618290832,0.0054566706811357835,0.0022845039993762972,0.005619008619468957,0.005619008619468957
28,specter2,bert,51,0.006325560191126261,0.006391061172002166,0.0047320643331441314,0.0075678055224018825,0.004483659698319653,0.007959272567975462,0.007959272567975462
28,specter2,mpnet,51,0.0005987960982078204,0.0006415650336972778,3.0180062923934603e-05,0.0010098932815957307,-0.00011052229489894039,0.0010341612473158124,0.0010341612473158124
28,specter2,minilm,51,0.0001288401118997285,0.00014073120580226917,-0.0003548981203204127,0.0005825215845090825,-0.0006515007780473203,0.0008430235753204007,0.0008430235753204007
28,specter2,pubmedbert,51,0.006642787018187008,0.0066510798561904005,0.0041827011396803615,0.009170164664135394,0.004004650770751961,0.009710755980322339,0.009710755980322339
28,specter2,biobert,51,0.006068730965054641,0.006173885053559758,0.00431179978574886,0.008037145731297546,0.003869243387703114,0.008280172164629951,0.008280172164629951
28,specter2,simcse,51,0.0026228497164982856,0.0026537587418976605,0.0013493798666479317,0.0035046385659168455,0.000989767115456397,0.004119298469231647,0.004119298469231647
28,scincl,scibert,51,0.0024239728336777943,0.0023210680704917053,0.0012205582550277594,0.004098182756088642,0.0010780684812509156,0.004534892320157136,0.004534892320157136
28,scincl,bert,51,0.0027861027414912264,0.002772086625156156,0.0015981246411397865,0.004000303577086223,0.0014114640051408056,0.004166323619999579,0.004166323619999579
28,scincl,mpnet,51,0.0005677124003658115,0.0005255207950348728,-6.5258486884600675e-06,0.0010939276539514986,-1.2235526068660185e-05,0.0012652041671488146,0.0012652041671488146
28,scincl,minilm,51,0.0005391288231783837,0.0005414641984304858,-0.00017112914681507996,0.0013148509523457919,-0.0002238337872837448,0.0013802419044681713,0.0013802419044681713
28,scincl,pubmedbert,51,0.004983280904097848,0.0049031458896972024,0.002926121772252932,0.0074820555728582205,0.002843520436074831,0.0076412283586598795,0.0076412283586598795
28,scincl,biobert,51,0.0042588781678444595,0.004247331210584404,0.002586746279541502,0.006308567463670145,0.002436850788972711,0.006387497804031361,0.006387497804031361
28,scincl,simcse,51,0.0009044784079780723,0.0009099316995524465,-0.0002199196552543914,0.0019260440039592652,-0.0004474504775703325,0.0025101470396992065,0.0025101470396992065
28,scibert,bert,51,0.00047253429646758083,0.0004506096953602601,-0.0001919755997855377,0.001128506074486807,-0.000226334478238166,0.002004528416601148,0.002004528416601148
28,scibert,mpnet,51,0.0031418724492943816,0.002923472058171672,0.0017975821507897616,0.005284148586243542,0.0016653519819600504,0.005408321010314077,0.005408321010314077
28,scibert,minilm,51,0.001478198447079759,0.0013052771844421773,0.0005200178425893986,0.002890665261906511,0.0004784086188007741,0.0033700674462993074,0.0033700674462993074
28,scibert,pubmedbert,51,0.0003244427852511527,0.00032630965707358683,-5.978170466272581e-05,0.000735706465301994,-7.169411017682314e-05,0.0007834791387266726,0.0007834791387266726
28,scibert,biobert,51,0.00025665703866674085,0.0002200349721906969,-6.121683527957056e-05,0.0007041807844491432,-0.0003285473928752447,0.0007988590059186951,0.0007988590059186951
28,scibert,simcse,51,0.00047807256219039375,0.00046338670436063545,-8.655697577822363e-05,0.0011684863399931411,-0.00017845700604346426,0.0012430115658552676,0.0012430115658552676
28,bert,mpnet,51,0.004913454637474908,0.004734618237309252,0.0033442022602498123,0.007180986406431583,0.0030007129607977356,0.0075395284984897115,0.0075395284984897115
28,bert,minilm,51,0.0032404563592410515,0.0030628834714667708,0.0016258007204290048,0.005234866427597851,0.001181240987424781,0.006197949012019199,0.006197949012019199
28,bert,pubmedbert,51,-7.87370020296409e-05,-5.8970640200661784e-05,-0.0007514104426419588,0.0007361128344031964,-0.0007981013571733975,0.0008624350345346476,0.0008624350345346476
28,bert,biobert,51,7.256679995365609e-05,4.507719600166382e-05,-0.0003224217814417618,0.000612683910131917,-0.00032482327458494,0.0006451242455860484,0.0006451242455860484
28,bert,simcse,51,-0.00048050400602730645,-0.0005077603701315603,-0.0008074615662571338,-0.0001339554612942162,-0.0008462371698979565,0.0003241148833751373,0.0008462371698979565
28,mpnet,minilm,51,0.0007079509971808909,0.0006853259420521729,0.0004445021958946749,0.001153264815271754,0.00029995452437248105,0.0012185654135855595,0.0012185654135855595
28,mpnet,pubmedbert,51,0.0050224471919310815,0.004814488350744051,0.0029015836194932754,0.007769031776768076,0.0028830187335903146,0.00797891296341835,0.00797891296341835
28,mpnet,biobert,51,0.004685807498692192,0.004461392348878324,0.0028795729960089944,0.007205941344543637,0.0028513395662471686,0.007336131529745993,0.007336131529745993
28,mpnet,simcse,51,0.0020140439921884426,0.0019162073544369829,0.0005211527229276314,0.003641885195597605,0.00016087242084739106,0.0040395412561251565,0.0040395412561251565
28,minilm,pubmedbert,51,0.0030694670576825157,0.002775906208023149,0.0013557329001744334,0.005707020523726847,0.0010349690805571132,0.005736523424373696,0.005736523424373696
28,minilm,biobert,51,0.0029585232630159417,0.002770996489918076,0.0014260628915346019,0.0052294731104810255,0.0012508308059894224,0.005307534894404942,0.005307534894404942
28,minilm,simcse,51,0.0013566170171717673,0.001352913191631222,0.00024579005384656183,0.002835818526933903,0.0002167004784836557,0.002938578803237113,0.002938578803237113
28,pubmedbert,biobert,51,-0.00011757004196341788,-0.00011898509294594461,-0.00028744655172707745,8.433115127839952e-05,-0.00035415933030569224,0.00012060391356372158,0.00035415933030569224
28,pubmedbert,simcse,51,0.0009921732575769733,0.0009147058787887241,-3.3940913062024958e-06,0.0021309199090123188,-0.00015815304090660565,0.0028479390683723294,0.0028479390683723294
28,biobert,simcse,51,0.0006007318887372442,0.0005478286971796198,-7.542023835602207e-05,0.0014380908433919704,-0.000160984303036793,0.00209044647276857,0.00209044647276857
29,specter,specter2,51,0.0002289106324104382,0.0001693772581741193,-0.0002770938965594716,0.0008670201301232139,-0.00041731227754260303,0.0012765802743666121,0.0012765802743666121
29,specter,scincl,51,-7.822415988689494e-05,-0.00010251291811391727,-0.00045653784944035825,0.00037427949674104233,-0.0005443997061407302,0.00038528818360006323,0.0005443997061407302
29,specter,scibert,51,-0.0015907600889854883,-0.0016325777227448324,-0.002185977548251533,-0.0007798299596393221,-0.002418306060758213,-2.9531596589804643e-05,0.002418306060758213
29,specter,bert,51,-0.0013739552274362819,-0.0014917942957977104,-0.0021361294649663576,-0.00045453013095334005,-0.002172860130641441,0.00016554696025716797,0.002172860130641441
29,specter,mpnet,51,-0.0006735643191091825,-0.0007017285215610292,-0.001159905281296808,-0.00021673831956806056,-0.001178452432598176,9.642463551950975e-06,0.001178452432598176
29,specter,minilm,51,-0.00119597076284841,-0.0011853137864066277,-0.0016469290749140386,-0.0006518739250804539,-0.0017347047220376277,-0.00048348776114415237,0.0017347047220376277
29,specter,pubmedbert,51,-0.003061036828892696,-0.0032145111638756108,-0.004662781369369012,-0.0012608444540422037,-0.004963832130313706,0.0005785803162491332,0.004963832130313706
29,specter,biobert,51,-0.0022615574641527358,-0.0023396488988660646,-0.0032257046647949372,-0.0012666788095324066,-0.003315456583809384,-0.00046348307099308705,0.003315456583809384
29,specter,simcse,51,-0.0015723250253021,-0.0015598981632614084,-0.002228464255497359,-0.0006827150688565042,-0.0024357619468139413,-0.0004933788729850619,0.0024357619468139413
29,specter2,scincl,51,0.00017341283080310303,0.0001878077061230332,-0.0001932829193017349,0.00047178026427144304,-0.00023995069357574117,0.0005722288901262029,0.0005722288901262029
29,specter2,scibert,51,-8.901712199380673e-05,-0.0002107398939956706,-0.0007380477849492362,0.0008113584688176079,-0.000829359293297971,0.000845168886630665,0.000845168886630665
29,specter2,bert,51,-0.0012079688449946227,-0.0012080736890843768,-0.0017055111339832896,-0.0007261942020739542,-0.0017299988529783095,-0.00047208572376655766,0.0017299988529783095
29,specter2,mpnet,51,0.0005977474123426745,0.0005787506930666764,0.00019567835848105508,0.0011037399149703975,0.0001784021234495503,0.0015087577049592849,0.0015087577049592849
29,specter2,minilm,51,0.00010234689532119235,9.194156652747587e-05,-0.0004235103493551995,0.000692307447918622,-0.0004694971880210286,0.0007181114705603342,0.0007181114705603342
29,specter2,pubmedbert,51,-0.0006035743750775746,-0.0007125242849179703,-0.0019077100831396132,0.001294231963957504,-0.002612010828537792,0.001730400839012658,0.002612010828537792
29,specter2,biobert,51,-0.0009712062651861889,-0.0009957492249732525,-0.0017591762000382372,0.00023639871197936313,-0.002078459669761945,0.00036937552361071546,0.002078459669761945
29,specter2,simcse,51,0.00017390450049895305,0.00014158052579704705,-0.0005599834689959948,0.0009756331466575507,-0.0006392704724971221,0.0011107613754857137,0.0011107613754857137
29,scincl,scibert,51,-0.0012967738433522567,-0.001329356390390446,-0.001890078031770659,-0.0006541333497284418,-0.0019323135932840518,-0.0001055314790210371,0.0019323135932840518
29,scincl,bert,51,-0.0010500915644904318,-0.001124257607031609,-0.0016640939652508013,-0.0004190168635271885,-0.0018543417839173015,4.888551223380944e-06,0.0018543417839173015
29,scincl,mpnet,51,-0.0003425466649529034,-0.0003249602243748928,-0.0007857486190608054,0.00012032849283730163,-0.0009160973150752483,0.00013569217412900958,0.0009160973150752483
29,scincl,minilm,51,-0.0002964892549132256,-0.0003104530143709372,-0.0008992366288410047,0.0004423526053525806,-0.0011249404904610794,0.0006497554323408039,0.0011249404904610794
29,scincl,pubmedbert,51,-0.002026963237627032,-0.0021537630998585966,-0.0032853166878996365,-0.0001492015834364535,-0.003714309732482546,0.00032919494503913516,0.003714309732482546
29,scincl,biobert,51,-0.0013173361570170041,-0.0014042067893947907,-0.0020887897116309284,-0.00025738522101037553,-0.002440106706559364,0.000244712667626934,0.002440106706559364
29,scincl,simcse,51,-0.0010348070615937043,-0.0010301596208248665,-0.0018153794821171854,-0.00012531966125875482,-0.0020364065996217873,-2.3989806278046366e-05,0.0020364065996217873
29,scibert,bert,51,0.000522675561576099,0.0005045000901375829,4.377353611217938e-05,0.0011553263243853917,-1.0893146652479757e-06,0.0012700913266856517,0.0012700913266856517
29,scibert,mpnet,51,-0.0008268042877641602,-0.0007936533584328442,-0.0016071790848469214,-0.00019174519480891217,-0.00172630911352456,-0.00017551830834849902,0.00172630911352456
29,scibert,minilm,51,-0.001270630736742369,-0.0012765551242405193,-0.001980371768815853,-0.0006194835075953586,-0.0021127638100780777,-0.0005457106780271115,0.0021127638100780777
29,scibert,pubmedbert,51,-0.00033731229070165474,-0.00037060908657449154,-0.0012730333793324333,0.0005351019096439535,-0.0013892784984742557,0.000965188948226614,0.0013892784984742557
29,scibert,biobert,51,-0.00021259068775576352,-0.00024227093735129657,-0.0006608181763178012,0.00025151556789959617,-0.0006862125788651419,0.00027090482142955175,0.0006862125788651419
29,scibert,simcse,51,-0.0004919742717223457,-0.0005268187133072866,-0.0008178466953443486,-8.612338535024522e-05,-0.0008573127282301973,-6.934304874928188e-05,0.0008573127282301973
29,bert,mpnet,51,-0.0001852224895826567,-0.00023238353622023755,-0.0008829727713651481,0.000465965439757271,-0.0009245964185646827,0.0006139113893833814,0.0009245964185646827
29,bert,minilm,51,-0.0009882156648300226,-0.0010161932356903547,-0.0017009302410911087,-0.0001404512079211384,-0.0018926956908932313,1.5788193096222258e-06,0.0018926956908932313
29,bert,pubmedbert,51,0.0004898309361480484,0.0005424806941751736,-0.0008774493484248469,0.001437030070362444,-0.0009623454839371437,0.002618046959941389,0.002618046959941389
29,bert,biobert,51,-0.0006502027159791012,-0.0006411877386831577,-0.0012207396530388992,-0.00014032843966707564,-0.0013127773493480932,-1.733464243502958e-05,0.0013127773493480932
29,bert,simcse,51,0.00019390706345291146,0.0001779983497058879,-0.00030701647988204406,0.0006911267002411292,-0.0003817007957218621,0.0007430683206054445,0.0007430683206054445
29,mpnet,minilm,51,-0.00014827345558785554,-0.00016010477414329927,-0.00045354841330602635,0.00017888697689716349,-0.0005191562005116834,0.00032678611181069517,0.0005191562005116834
29,mpnet,pubmedbert,51,-0.002320151669158935,-0.0024219551227164793,-0.003752625935307008,-0.0005373981139360218,-0.004226521806936612,-0.00016462034222364252,0.004226521806936612
29,mpnet,biobert,51,-0.0011562961629796745,-0.0011474136927415168,-0.0021902056217526222,-2.7186894901998215e-07,-0.0023238940702164923,0.0002765200814310864,0.0023238940702164923
29,mpnet,simcse,51,-0.0007187368323588559,-0.0007917626741857919,-0.0013868478113391869,0.00020361789084547,-0.0014891200318851716,0.0003762571066271425,0.0014891200318851716
29,minilm,pubmedbert,51,-0.0033868925017023297,-0.003224552962146854,-0.004766024716696626,-0.0019876418770556625,-0.005060258241974869,-0.00192763689470421,0.005060258241974869
29,minilm,biobert,51,-0.0021201763164672214,-0.002042551358686362,-0.003019248265084623,-0.0011722909275679039,-0.003126117341905821,-0.0009743780944964087,0.003126117341905821
29,minilm,simcse,51,-0.0016920677449942512,-0.0017289920548470006,-0.002453744517937312,-0.0010196619379703176,-0.0025874008323307773,-0.0009766219721701885,0.0025874008323307773
29,pubmedbert,biobert,51,0.00011033700196768484,8.899416141849859e-05,-0.0001451612496284338,0.0005755833904764751,-0.0002469304030701114,0.0008778900993887673,0.0008778900993887673
29,pubmedbert,simcse,51,-0.0010110324208216564,-0.001060112696735227,-0.002124597304093312,-5.316932731247448e-05,-0.002193589252381889,0.0009203702178530726,0.002193589252381889
29,biobert,simcse,51,-0.0005395904429883512,-0.0005317753361478994,-0.0011108390164575876,5.077701871297746e-05,-0.001463707716344187,0.0001922607511185559,0.001463707716344187
30,specter,specter2,51,-0.001518117280380862,-0.0015188143059350345,-0.0019156993545732248,-0.001145758925655882,-0.0019237976513982735,-0.0010935362423434292,0.0019237976513982735
30,specter,scincl,51,-0.001528773536470803,-0.001504786785947343,-0.0018057413168438285,-0.0012281495372102325,-0.0018324119836982122,-0.0010071463451110096,0.0018324119836982122
30,specter,scibert,51,-0.0013957802736606834,-0.001358950069742626,-0.0021464099162034345,-0.0005644232982936204,-0.0024837290384707167,-0.00045481466256747094,0.0024837290384707167
30,specter,bert,51,-0.0038919055069496482,-0.0038769168522538866,-0.004745106432753637,-0.002933778005965698,-0.004913286096448144,-0.0025827802002655886,0.004913286096448144
30,specter,mpnet,51,-0.0007554812488980962,-0.0007400886576550691,-0.0013036267335507778,-0.00018606851025679272,-0.0016227261638159796,-0.00012920352019218928,0.0016227261638159796
30,specter,minilm,51,-0.0006213127874791529,-0.0006117975692112587,-0.0013332017164569554,5.4558201985355215e-05,-0.0013773171642113002,0.00028253040657499895,0.0013773171642113002
30,specter,pubmedbert,51,-0.006683617548964585,-0.0065866189095079575,-0.008457694714100433,-0.005399080556172942,-0.008509388339721924,-0.005307614828550022,0.008509388339721924
30,specter,biobert,51,-0.0055282239972314,-0.00553886662834846,-0.006532546657533278,-0.004635612163194913,-0.006666894396902934,-0.004438739635694411,0.006666894396902934
30,specter,simcse,51,-0.0011869909967171107,-0.0012351898853444343,-0.0019403503697110747,-0.0002617190893894339,-0.00212000178641103,-0.00021928511669211392,0.00212000178641103
30,specter2,scincl,51,-0.0011866648164596556,-0.0011917035495820905,-0.0014800806696856905,-0.0008328458262933935,-0.0015564405824137761,-0.0007844435131215688,0.0015564405824137761
30,specter2,scibert,51,-0.0002946916504352465,-0.00024148294192949393,-0.0012587188060069476,0.000596737945472714,-0.0014388276260731692,0.0007892832252277548,0.0014388276260731692
30,specter2,bert,51,-0.0016360690966451498,-0.0017085738261355399,-0.002481139462221227,-0.0006568490962034768,-0.002763037203747043,0.0005648544324683424,0.002763037203747043
30,specter2,mpnet,51,-0.0009243897081729183,-0.0008951216184401867,-0.001410099710807855,-0.0004402962330298521,-0.001428041436520311,-0.00041192908543086215,0.001428041436520311
30,specter2,minilm,51,-0.0022277319036500074,-0.002246847997681267,-0.0028078027496011015,-0.0016214277945232891,-0.0028716468378033877,-0.001357326061276476,0.0028716468378033877
30,specter2,pubmedbert,51,-0.00557882600516312,-0.005509521061353939,-0.0066661121468553075,-0.00461028902205482,-0.00686399136582172,-0.004332834284642262,0.00686399136582172
30,specter2,biobert,51,-0.003843929163694074,-0.0038204406117684497,-0.004765068869056116,-0.0029760018956111745,-0.005006564134830693,-0.002683226583277354,0.005006564134830693
30,specter2,simcse,51,-0.0001425288079101877,-0.00022864452051118977,-0.0008688296768415704,0.001123387724337399,-0.000885807390846538,0.0013932359999397903,0.0013932359999397903
30,scincl,scibert,51,-0.0006787209720457356,-0.0006933038912172451,-0.0014613718263807585,-3.837048233035212e-07,-0.0017708323204308485,0.00021381747848936428,0.0017708323204308485
30,scincl,bert,51,-0.0020110963873828294,-0.002023430465534437,-0.002894334091682327,-0.0009831333914115947,-0.002977807163028867,-0.00025102181755931596,0.002977807163028867
30,scincl,mpnet,51,-0.0012830350311495535,-0.0012765989369274422,-0.0019847034181599277,-0.0006610901148227655,-0.002129917637913814,-0.0005698899311470385,0.002129917637913814
30,scincl,minilm,51,-0.0018202410030768658,-0.0017642400210955422,-0.002587018141677555,-0.0009218585311669414,-0.0027290623602957975,-0.000790336160593208,0.0027290623602957975
30,scincl,pubmedbert,51,-0.005239340419451591,-0.00528868971105334,-0.006273250120340301,-0.004218219076371099,-0.006579580661973283,-0.003921683242446794,0.006579580661973283
30,scincl,biobert,51,-0.0038905365442325718,-0.0038960473857677647,-0.004596236142010046,-0.003142169588146837,-0.004725490412464839,-0.0031138561858814473,0.004725490412464839
30,scincl,simcse,51,-0.0004432975107857344,-0.0004832570815679338,-0.0010675534534705655,0.0007049214502036494,-0.0012812685934423529,0.0009895419239046577,0.0012812685934423529
30,scibert,bert,51,-0.00019728784477254953,-0.00023184810943077672,-0.0006976788711564319,0.0003689581256435537,-0.0007770530624559013,0.00046167853904466316,0.0007770530624559013
30,scibert,mpnet,51,-0.0006352030115298765,-0.0005677867744046106,-0.001960950657385191,0.0005257415570358026,-0.0020488750220600815,0.0010909789864388397,0.0020488750220600815
30,scibert,minilm,51,-0.0008791564134860675,-0.0008516513037570839,-0.0024157088402045057,0.0008286936267177802,-0.0027591813567475754,0.0009848974658469567,0.0027591813567475754
30,scibert,pubmedbert,51,-0.00108711817180696,-0.0010332342090388913,-0.0017582137170413514,-0.0005561879688294746,-0.002084661294573076,-0.0002525636730282832,0.002084661294573076
30,scibert,biobert,51,-0.0013547751744102398,-0.00134079333687398,-0.0018450011323236926,-0.0009557653366441266,-0.0019126238553285324,-0.0007384015693069346,0.0019126238553285324
30,scibert,simcse,51,8.395839848188854e-05,9.543272572598571e-05,-0.00036841985058860827,0.0006472950005983191,-0.0005101373788423125,0.0008598272449248379,0.0008598272449248379
30,bert,mpnet,51,-0.003342738755844709,-0.003388283538610426,-0.004326619373203583,-0.0021711039185963177,-0.004481942581568532,-0.0019023961247233157,0.004481942581568532
30,bert,minilm,51,-0.003952378649769062,-0.004004755305604513,-0.005251417432468181,-0.0026511647488203782,-0.0057040317430689935,-0.002643456209967865,0.0057040317430689935
30,bert,pubmedbert,51,-0.0008962823586598729,-0.0008621377338485781,-0.0020274674102411516,-0.00030858062897679006,-0.0022493797605761534,0.0005251628166121902,0.0022493797605761534
30,bert,biobert,51,-0.001256179240040986,-0.0012810474249621562,-0.0017440947327578837,-0.0007944212953517049,-0.0018253623104863559,-0.00046926712855022146,0.0018253623104863559
30,bert,simcse,51,0.0003153581653978325,0.0003073744050731131,-2.095095624768395e-05,0.0006815689694357197,-6.622916240228705e-05,0.0007698295170516234,0.0007698295170516234
30,mpnet,minilm,51,-0.0011084883731246075,-0.0011553733315594616,-0.0013466310619793531,-0.0007750773598514948,-0.0014217379347952752,-0.0007200663781169458,0.0014217379347952752
30,mpnet,pubmedbert,51,-0.0062545857322650255,-0.006168635469876338,-0.0076388616141128685,-0.005267500938691633,-0.007704262360712311,-0.004437541437663506,0.007704262360712311
30,mpnet,biobert,51,-0.004456427754132788,-0.004444381012810528,-0.0056349490930641954,-0.003261965660593391,-0.005940500443234131,-0.0028805911399283346,0.005940500443234131
30,mpnet,simcse,51,-0.0001645842164006232,-0.0002479448997620981,-0.0012008536732233122,0.0006732050167068682,-0.0013659248642995392,0.0010119086019362289,0.0013659248642995392
30,minilm,pubmedbert,51,-0.0071919492325094835,-0.007213113995745757,-0.008743191681010704,-0.005622012364282947,-0.008856110881328538,-0.005306362324100422,0.008856110881328538
30,minilm,biobert,51,-0.0050166094423540015,-0.005115176572446534,-0.006358122780764336,-0.0036367552516549384,-0.006636672201098204,-0.0027845498913170452,0.006636672201098204
30,minilm,simcse,51,-0.0009294654505444609,-0.000924228264801763,-0.0018499391587666059,0.0003094447721374016,-0.002158714705481013,0.0005247259441188978,0.002158714705481013
30,pubmedbert,biobert,51,-0.0002251604719007634,-0.0002655678390840466,-0.00046314110800052544,0.0001449361652441361,-0.0005193026719858551,0.00032594797051033186,0.0005193026719858551
30,pubmedbert,simcse,51,-0.0023362070691084354,-0.002288248730774045,-0.0032165089419525783,-0.0015111465347824038,-0.0033719437977957067,-0.0014736446610197351,0.0033719437977957067
30,biobert,simcse,51,-0.00174338966710341,-0.0018020399790379393,-0.002201079080321189,-0.0013148098727687463,-0.002261277902632308,-0.00126450863948957,0.002261277902632308
31,specter,specter2,51,-0.00039095602397994767,-0.0004297288030411517,-0.0013077712386524443,0.0007640084266704594,-0.0015718803864354092,0.001491810538565841,0.0015718803864354092
31,specter,scincl,51,0.0014258503032369854,0.0014160140068810723,0.0007318290125999938,0.0020621307526438593,0.0006106860403956027,0.0030572862854061356,0.0030572862854061356
31,specter,scibert,51,-0.0014000128246713557,-0.0013326249119997025,-0.002549939890982844,-0.0004378561786357038,-0.0027001264792638757,-0.0003148393783746206,0.0027001264792638757
31,specter,bert,51,-0.0013350459082410204,-0.001329437730392069,-0.0026511185560322836,9.2432482235838e-05,-0.002898031148371061,0.0006623237681255834,0.002898031148371061
31,specter,mpnet,51,-0.0007229640743866213,-0.0007738303622049081,-0.001272147462009765,3.933210857121061e-06,-0.001333551173237968,0.0001047772648687939,0.001333551173237968
31,specter,minilm,51,4.9541830893233745e-05,6.947624264097563e-05,-0.0009735821318555549,0.0009790406387309991,-0.0010470356603796693,0.0012146819227534245,0.0012146819227534245
31,specter,pubmedbert,51,-0.0003132677108622639,-0.00016182603620906733,-0.002755366156340061,0.001717672679314386,-0.002936318578384167,0.001982270598430924,0.002936318578384167
31,specter,biobert,51,-0.0014725172636289978,-0.0014979349264788722,-0.0031777176767855686,0.0001808721806639546,-0.0034642457078392086,0.00036187304633750195,0.0034642457078392086
31,specter,simcse,51,-0.002244932705011706,-0.0022247638948721393,-0.0030660393682122866,-0.0015225817312894685,-0.003185818885498737,-0.0013900217168251183,0.003185818885498737
31,specter2,scincl,51,-0.0015167642430918271,-0.0015006124164265167,-0.00198047447569083,-0.0010584209553927415,-0.002053338548781203,-0.0009799039152533773,0.002053338548781203
31,specter2,scibert,51,-0.0015181073012804293,-0.0015326799307366912,-0.002409352069644932,-0.0005694686367562485,-0.002882909625922192,-0.0005405955000520324,0.002882909625922192
31,specter2,bert,51,0.0005544707131780218,0.0005609192018003473,-0.000689129391715726,0.0018783459213175535,-0.001071499015206423,0.0020284157697980643,0.0020284157697980643
31,specter2,mpnet,51,0.0008249875397704258,0.0007515344404663837,3.253013632420476e-05,0.0019378894239692468,8.04970374945757e-06,0.0024386112781036307,0.0024386112781036307
31,specter2,minilm,51,0.00292596022360977,0.0028594997755945206,0.0015564314685956593,0.004968409252945005,0.0013353913144203977,0.005291764208836591,0.005291764208836591
31,specter2,pubmedbert,51,-0.00039382753726880044,-0.0003669650279238823,-0.0022203937957668007,0.0014374164130866174,-0.0029811542177758943,0.0027048185256531854,0.0029811542177758943
31,specter2,biobert,51,0.00045163197445376304,0.0004660286583572093,-0.0010068768272761264,0.0018828888009937705,-0.0012372920333603155,0.00285155839622242,0.00285155839622242
31,specter2,simcse,51,-0.001420772685580609,-0.0014690264306812528,-0.002095824802590296,-0.000572336321066208,-0.0024917211977903975,-0.00032576808467177365,0.0024917211977903975
31,scincl,scibert,51,-0.0018719841084058897,-0.0018700008858102413,-0.002881703610448705,-0.0010959202854400607,-0.00319215732079714,-0.0009426864862364104,0.00319215732079714
31,scincl,bert,51,-0.0014435091981771682,-0.001477351367823121,-0.0026286285683342347,-0.0002663148695467299,-0.0031249838171891753,-6.179902825087513e-05,0.0031249838171891753
31,scincl,mpnet,51,-0.000960027483530728,-0.0009969703928388585,-0.001894510696981072,0.00015379373879731428,-0.0019495518542917978,0.00089001263633115,0.0019495518542917978
31,scincl,minilm,51,0.0027896857228915848,0.002854785027462281,0.001416949490110675,0.00491875185919069,0.001212538650273487,0.005079032516728255,0.005079032516728255
31,scincl,pubmedbert,51,-0.0018774261461891905,-0.0018766976059901852,-0.003999370551211884,-0.0005581937508022106,-0.004427432652287844,0.00014321281946427789,0.004427432652287844
31,scincl,biobert,51,-0.0016106274875987681,-0.0015358513128156392,-0.0029550944572097892,-0.00029263859987274654,-0.0034354367103496264,-0.00010197980531911899,0.0034354367103496264
31,scincl,simcse,51,-0.00036547817369092517,-0.0004113410312834853,-0.001105279482556093,0.0006165562590223772,-0.0016478647307096583,0.0009206614808423552,0.0016478647307096583
31,scibert,bert,51,0.00013563271409725727,0.00010520899132315797,-0.00037783504651417443,0.0007951231724402374,-0.0009034804429568499,0.0008360011933939981,0.0009034804429568499
31,scibert,mpnet,51,-0.00295567999862563,-0.002916689484355306,-0.0040281707270894695,-0.001848555238409516,-0.0041760580639823575,-0.0015397913006843789,0.0041760580639823575
31,scibert,minilm,51,0.0006872941962122062,0.000772390397300704,-0.0011098682228690704,0.00220989002265487,-0.0014631349771241364,0.0024059563199742007,0.0024059563199742007
31,scibert,pubmedbert,51,0.00039850736428573123,0.0004394209793262549,-0.0007498793742478083,0.0014441783715192225,-0.0009131730442422104,0.002313967086470581,0.002313967086470581
31,scibert,biobert,51,0.0006268797174068252,0.000649067555432481,3.7636567538634758e-06,0.0013273656404808876,-0.0002441396365809867,0.0018869176712040803,0.0018869176712040803
31,scibert,simcse,51,0.00026301221318533253,0.00023048459407348787,-0.0003065296870862766,0.001040091328567,-0.0005879786685850652,0.0011223574671676007,0.0011223574671676007
31,bert,mpnet,51,-3.481178036330073e-05,-8.887274504310039e-05,-0.0016004846322357213,0.0016891444928093802,-0.001794436471479366,0.0018562137913444854,0.0018562137913444854
31,bert,minilm,51,0.0045321089543753235,0.00448745794002714,0.0020031350299794803,0.006880929023797416,0.0017918320037306756,0.0076269407210104445,0.0076269407210104445
31,bert,pubmedbert,51,-0.0004935986278741016,-0.00042228387048781624,-0.0018139280041732653,0.0014010959537668621,-0.002904910452800613,0.002168838677672813,0.002904910452800613
31,bert,biobert,51,-0.001364579912087154,-0.0013652599663023235,-0.0023361388102863534,-0.00041075408956189885,-0.0025881150146680465,3.986988936910407e-05,0.0025881150146680465
31,bert,simcse,51,0.0012442946738430204,0.0012284851710633315,0.00039256196705422797,0.002148232880613582,0.00019735406732346306,0.002434389008363347,0.002434389008363347
31,mpnet,minilm,51,0.0006463147156984806,0.000618502849467184,0.00020234590478135361,0.001218846441609106,-6.194049275354274e-05,0.0014754765950435456,0.0014754765950435456
31,mpnet,pubmedbert,51,-0.0015551495115595656,-0.0015530211127456894,-0.0034992537104984733,0.0008703519077853661,-0.003888830776689889,0.001351478186038424,0.003888830776689889
31,mpnet,biobert,51,-0.0005322365918037375,-0.0005183040370709824,-0.002027467306148223,0.0014939837711156478,-0.002170522616314896,0.0015244030360723748,0.002170522616314896
31,mpnet,simcse,51,-0.003436495004975037,-0.003431679337180582,-0.0042447320612220285,-0.002672916685385579,-0.004264396735564335,-0.0025747753996144818,0.004264396735564335
31,minilm,pubmedbert,51,0.004258427686219824,0.004377614926670215,0.0009779853983894193,0.006629836884804091,0.0002645271875264532,0.007622258925380487,0.007622258925380487
31,minilm,biobert,51,0.0036760090384275745,0.0037857899383284543,0.0012463209469057157,0.005346854828007619,0.0011446440667117752,0.005482814445521789,0.005482814445521789
31,minilm,simcse,51,-0.0007708150637611204,-0.0007618913025031482,-0.0019140113785321988,0.0003883042772807044,-0.002243935273833375,0.0005803356223968992,0.002243935273833375
31,pubmedbert,biobert,51,0.0009984228285462283,0.0010067709301623262,0.00047559611276262737,0.0016308769684659497,0.00015270217735818825,0.0022727325268497856,0.0022727325268497856
31,pubmedbert,simcse,51,0.0036922371347653036,0.0037327297055875786,0.0016692468659377513,0.006044626704489325,0.001231617474995339,0.006143526311736647,0.006143526311736647
31,biobert,simcse,51,0.003070272888253373,0.0029883647418317283,0.0018493725151325913,0.004472458589490358,0.0017206019849281828,0.0048326819875920135,0.0048326819875920135
32,specter,specter2,51,-0.0019233158541997093,-0.0019428442158637704,-0.002598513264063629,-0.0011072414832963562,-0.0028690513775032622,-0.0009471510830654228,0.0028690513775032622
32,specter,scincl,51,-0.0016772275813542851,-0.0016370377900883915,-0.0024254897039331924,-0.0010607718557296142,-0.002564252426352942,-0.0006804859875485514,0.002564252426352942
32,specter,scibert,51,-0.0001989450655903245,-0.0003580236673829118,-0.0014882065644008236,0.0019581406932646372,-0.001536343294405551,0.003409274720452271,0.003409274720452271
32,specter,bert,51,2.6389907753368415e-05,-0.0001186300562215914,-0.0012301944669407539,0.0016314735756534915,-0.001435230058613901,0.0022091144921412287,0.0022091144921412287
32,specter,mpnet,51,-0.001957350349430046,-0.0019387598474178702,-0.0025819789139958915,-0.0011582993258437146,-0.002804894451533424,-0.0010416803282636833,0.002804894451533424
32,specter,minilm,51,-0.00031450387346347776,-0.0004105769805828885,-0.0012106265086178347,0.000880296217431048,-0.0013959693397959105,0.0011695322655517204,0.0013959693397959105
32,specter,pubmedbert,51,0.003216057445851421,0.0029152522459113817,0.0004937254554812365,0.006248326615133387,8.085252572931356e-05,0.0071668095089900685,0.0071668095089900685
32,specter,biobert,51,0.0001809394429683992,-4.069427402109138e-05,-0.0017206491523035494,0.0022077408634435247,-0.0017544190982821117,0.003934801858670123,0.003934801858670123
32,specter,simcse,51,-0.0016712581302245546,-0.001880236539963942,-0.003036290570237271,0.0002022821525000662,-0.003257384749575598,0.0006052060369649004,0.003257384749575598
32,specter2,scincl,51,-0.0017000152635757953,-0.0017090536212921448,-0.0020515580922755017,-0.0012889864061650103,-0.0020795073430434075,-0.001196263022300803,0.0020795073430434075
32,specter2,scibert,51,8.742070573995595e-05,-4.197106427805686e-05,-0.001442333622897335,0.0014231380359659984,-0.0015289887240311772,0.002122156329111946,0.002122156329111946
32,specter2,bert,51,-0.00018817291174821676,-0.0001915495749041929,-0.0008717605118012672,0.0007893827308129986,-0.0016185487120367048,0.0009259548743888457,0.0016185487120367048
32,specter2,mpnet,51,0.0002607042617203387,0.00017568874882833985,-0.0007844933714888369,0.0013947129500954392,-0.0008803938479472473,0.0014198704607440993,0.0014198704607440993
32,specter2,minilm,51,0.003041474161168163,0.003051285913287627,0.0012693333257954575,0.004943559091646482,0.0008213903167887393,0.005363690116885089,0.005363690116885089
32,specter2,pubmedbert,51,0.0067176214944613425,0.006642138986849733,0.004288089132781919,0.009240052014730327,0.004082918641210909,0.010714064272384749,0.010714064272384749
32,specter2,biobert,51,0.002701552604241557,0.00270784478804853,0.0009711566151540119,0.00469617417813753,0.0004261214726055673,0.005372721389247603,0.005372721389247603
32,specter2,simcse,51,-0.002509958681352927,-0.0024461236044273083,-0.0035652008968344306,-0.0014663674829420992,-0.0040018318256647145,-0.0010876498841626558,0.0040018318256647145
32,scincl,scibert,51,5.6556650634257346e-05,3.992767697225119e-05,-0.0010740253938431588,0.0010738442143512772,-0.0012467192507731317,0.0014989514882628452,0.0014989514882628452
32,scincl,bert,51,0.0007568591879970022,0.000781551992522389,-0.0002467556108080027,0.001620065543902427,-0.0003279996929629325,0.001675115058853316,0.001675115058853316
32,scincl,mpnet,51,-0.00019244812320954688,-0.00011385766232741013,-0.0012935630622749328,0.0008269767937970074,-0.0019504649054608025,0.0011504869020989572,0.0019504649054608025
32,scincl,minilm,51,0.001412574364719717,0.001352582610883446,-0.00035696524139089414,0.003089173116330113,-0.00069835551795705,0.0033571944485725203,0.0033571944485725203
32,scincl,pubmedbert,51,0.006026515747855451,0.005987053914408569,0.0038114206590710575,0.007952210915715963,0.003695065801163744,0.008844214638778047,0.008844214638778047
32,scincl,biobert,51,0.001968367561116996,0.0019192592722486745,0.0005747067615753665,0.003464942314202024,0.00025679107595377726,0.003865537401691488,0.003865537401691488
32,scincl,simcse,51,-0.0011572479918111785,-0.0012931461349890983,-0.002006959389377727,-9.462384209965591e-05,-0.002323361310314076,-3.139019493114681e-05,0.002323361310314076
32,scibert,bert,51,-0.0004151461181703321,-0.0004097957044310041,-0.0008506557280988924,-3.702684991549465e-05,-0.0009210571695545955,0.00031729953884451767,0.0009210571695545955
32,scibert,mpnet,51,-0.0007464055559043782,-0.0010427613962860072,-0.0024279402336084555,0.0015752494499183811,-0.0027658870467490715,0.002326169707494552,0.0027658870467490715
32,scibert,minilm,51,0.002103651974297825,0.0019190945648287494,0.00015899929155563375,0.004289628888641317,-0.00026873760993983975,0.0044928109219603,0.0044928109219603
32,scibert,pubmedbert,51,0.0016351347438158313,0.0016143953796042831,0.0008294134478662174,0.0024446796010195726,0.0006332859120143919,0.0026468819894972517,0.0026468819894972517
32,scibert,biobert,51,-0.00042487507411369767,-0.00045277124434739413,-0.0007545227567546664,-6.75491023326702e-05,-0.0008553768971819586,4.457052960504804e-05,0.0008553768971819586
32,scibert,simcse,51,-0.0005375647152454469,-0.0005238531730394902,-0.0008570493597569451,-0.0002366963682193246,-0.0009214021604567746,0.00027889589992524666,0.0009214021604567746
32,bert,mpnet,51,2.5315705505823308e-05,-0.00012129786996406544,-0.0011543081878661043,0.0015243908520273797,-0.0013194304502555099,0.0018549842481406786,0.0018549842481406786
32,bert,minilm,51,0.003704546718608171,0.0036619681652683145,0.002200887670174928,0.0058545680128871125,0.0020646808827468055,0.006710062885972312,0.006710062885972312
32,bert,pubmedbert,51,0.0027047157839938875,0.00268638257889664,0.0015496880537483881,0.003856650474717449,0.0013827802346223494,0.004291617675174275,0.004291617675174275
32,bert,biobert,51,0.0008726027695533569,0.0008307296895340155,0.00038831904031680353,0.0014147766290698027,0.0002915689186900883,0.0014639255978550203,0.0014639255978550203
32,bert,simcse,51,-0.001686974818691779,-0.0016762471473446006,-0.002066555206983234,-0.0013077879251215674,-0.002127210806257329,-0.0012616074095321839,0.002127210806257329
32,mpnet,minilm,51,0.0005345127220983093,0.0005259211274779574,7.110361938647558e-05,0.001013091680869549,3.489519013366582e-05,0.0011711232566359309,0.0011711232566359309
32,mpnet,pubmedbert,51,0.004433072066628332,0.004424688499489959,0.0005476582895741489,0.007439598200211339,0.00038317607088933503,0.008352981043277863,0.008352981043277863
32,mpnet,biobert,51,0.0014399915931168595,0.0013828424445972987,-0.0008723822466819853,0.003612687737339637,-0.001081550636397477,0.005111388918603188,0.005111388918603188
32,mpnet,simcse,51,-0.0029273022201417795,-0.003000935136973193,-0.004234389465918448,-0.001163880421558322,-0.0043979752232622404,-0.00044976145450692506,0.0043979752232622404
32,minilm,pubmedbert,51,0.005151322311726083,0.005196318724159821,0.002187104143654056,0.007470973499974665,0.0008970978900447735,0.009336052821164675,0.009336052821164675
32,minilm,biobert,51,0.0023691138149949625,0.0022989056126710983,0.000459253748156363,0.004586406136164095,6.431818544971879e-05,0.004725512267827359,0.004725512267827359
32,minilm,simcse,51,0.0012222878856487792,0.0010509516154099119,-0.00013029144068327225,0.003312443968270573,-0.00038730738077308313,0.005045677804305648,0.005045677804305648
32,pubmedbert,biobert,51,0.0003183452235893266,0.0003033360048172451,6.872682723418899e-05,0.000645289907658414,9.802882409370994e-06,0.0007192375192979217,0.0007192375192979217
32,pubmedbert,simcse,51,0.00320676728268585,0.0031008841420232525,0.00165971553907171,0.005188720037252237,0.0012946934088631235,0.005787743236315479,0.005787743236315479
32,biobert,simcse,51,0.0008677239430503078,0.0008756438432274694,9.442320835353901e-05,0.001862770791683288,5.493346453511183e-05,0.0020943146463672235,0.0020943146463672235
33,specter,specter2,51,-0.004381888309615036,-0.004490287860633102,-0.00479095733646992,-0.0036830145791399704,-0.004927848309408622,-0.0036492349772421218,0.004927848309408622
33,specter,scincl,51,-0.0028204963077720054,-0.0028417766677115708,-0.0034858244078056766,-0.0021827491371173013,-0.003564995610905841,-0.0021596229832707703,0.003564995610905841
33,specter,scibert,51,-0.006136689494714458,-0.006178927065065287,-0.007429847339150253,-0.004836306641591209,-0.00770015782855793,-0.004818548408804468,0.00770015782855793
33,specter,bert,51,-0.008132415998357996,-0.008107858591094086,-0.009457539604817877,-0.0069311107466045185,-0.009663664080230783,-0.006683054211655826,0.009663664080230783
33,specter,mpnet,51,-0.0032851718799057003,-0.0033179050857166104,-0.004194167251925451,-0.0023869461439427198,-0.004362881353597414,-0.0019517234950520157,0.004362881353597414
33,specter,minilm,51,-0.002948478144219489,-0.0030124342711019825,-0.003838679109181925,-0.0019201457789307097,-0.003951059897515208,-0.0015148401231824815,0.003951059897515208
33,specter,pubmedbert,51,-0.009793366805403792,-0.009940212395760484,-0.011763078292105794,-0.007991475297202122,-0.011929195489247535,-0.007939120159504931,0.011929195489247535
33,specter,biobert,51,-0.010788325560695079,-0.01081896910644864,-0.012097660687067718,-0.009168769888246359,-0.012347565228088109,-0.008832359480050012,0.012347565228088109
33,specter,simcse,51,-0.006391481892800514,-0.006368171001779999,-0.0075236715004697585,-0.00503570035413195,-0.008064363932889895,-0.004779731332013593,0.008064363932889895
33,specter2,scincl,51,-0.0025934106772138588,-0.002579762702850208,-0.0030636152370216163,-0.002303086595115439,-0.0032255305620629837,-0.0022335988623142233,0.0032255305620629837
33,specter2,scibert,51,-0.004330048200834227,-0.004376384184476612,-0.00514225588715489,-0.003288998784446273,-0.0051802318068683295,-0.0032270910989657953,0.0051802318068683295
33,specter2,bert,51,-0.005257563112383526,-0.005279098095613444,-0.006131075177306711,-0.0040255827173104886,-0.00632192901913986,-0.0038080886255607016,0.00632192901913986
33,specter2,mpnet,51,-0.0036307920535250116,-0.0036433360839773776,-0.0043240573587653985,-0.0027219100208272784,-0.004357211996095067,-0.00263538450955747,0.004357211996095067
33,specter2,minilm,51,-0.005146582780491805,-0.005138781804078452,-0.006062260443202461,-0.004312997915881439,-0.0061296836649354924,-0.003663210173764253,0.0061296836649354924
33,specter2,pubmedbert,51,-0.006937777939525042,-0.006914094998607401,-0.00862391279078159,-0.005414759119833135,-0.008718440589769005,-0.004843519693952025,0.008718440589769005
33,specter2,biobert,51,-0.006628135503718921,-0.00669544513757192,-0.007527355219897253,-0.00538153737354749,-0.007630761373554451,-0.005082688429130733,0.007630761373554451
33,specter2,simcse,51,-0.0046444156126411755,-0.004629624270615307,-0.005508645970996678,-0.00355070486565659,-0.0058046504351084716,-0.0032528754127575388,0.0058046504351084716
33,scincl,scibert,51,-0.003911544040684742,-0.003962456308497564,-0.004894582833963351,-0.002815958860022505,-0.004952053329590478,-0.0026711990257151097,0.004952053329590478
33,scincl,bert,51,-0.005153225017002068,-0.005192208501312634,-0.005928466239917524,-0.0043180437508046066,-0.006085030616514997,-0.003591993623570211,0.006085030616514997
33,scincl,mpnet,51,-0.00461998634118969,-0.004629580484421747,-0.005273231782751769,-0.0037345493025661147,-0.005455127498313894,-0.003629122368141169,0.005455127498313894
33,scincl,minilm,51,-0.004861274833064722,-0.004996979135137969,-0.005605221204329297,-0.0035647452375118516,-0.005846976091102962,-0.0033998956558742854,0.005846976091102962
33,scincl,pubmedbert,51,-0.005509376819949944,-0.005634178578086013,-0.007308856373067912,-0.004042158753483738,-0.008609755451424062,-0.003488418894228351,0.008609755451424062
33,scincl,biobert,51,-0.00585461416526272,-0.005931588598564241,-0.007275536022123136,-0.004470805661380195,-0.007863687936231267,-0.004102388891276121,0.007863687936231267
33,scincl,simcse,51,-0.004056279051015509,-0.004006098919181689,-0.0053499183279596685,-0.0028234148682770577,-0.005578576817232506,-0.002431448754150578,0.005578576817232506
33,scibert,bert,51,-0.00030715450809510534,-0.0003398467059755328,-0.0011405179128720355,0.0005475488778228232,-0.0015816798973674606,0.0009911097725011642,0.0015816798973674606
33,scibert,mpnet,51,-0.006236745615694049,-0.006227023971994927,-0.007566030820456565,-0.005095390832568547,-0.00773765470712795,-0.004777970391101616,0.00773765470712795
33,scibert,minilm,51,-0.008220248898748932,-0.008278624491393716,-0.009455469929729787,-0.006944424574027802,-0.00975371198332653,-0.006867990529439205,0.00975371198332653
33,scibert,pubmedbert,51,-0.0030070533306652603,-0.0030475344380460623,-0.003940438136377233,-0.0020511867906310433,-0.004245743945623159,-0.0019180424119653594,0.004245743945623159
33,scibert,biobert,51,-0.003493903533010163,-0.003478628621692348,-0.004158564915274221,-0.0028527086124226775,-0.0041909222707608995,-0.0027900532523307264,0.0041909222707608995
33,scibert,simcse,51,-0.0014548801206114134,-0.0014513419065158573,-0.0021453458663213965,-0.0007724884957550082,-0.0022997494426297838,-0.0007257551162200837,0.0022997494426297838
33,bert,mpnet,51,-0.0074479214574553745,-0.007461792800696032,-0.008545488033122828,-0.006178177127948825,-0.009103057744225929,-0.0058597866417179345,0.009103057744225929
33,bert,minilm,51,-0.007714910455994523,-0.007804199218545027,-0.009119536668088124,-0.005593458270048313,-0.00942677936637959,-0.005182891338702644,0.00942677936637959
33,bert,pubmedbert,51,-0.0015262800114154782,-0.001642162694094007,-0.0025356871800759906,-3.321288788868393e-05,-0.0031208833956039017,0.00012402409281997429,0.0031208833956039017
33,bert,biobert,51,3.138036986559047e-05,-9.880067788348157e-07,-0.0009026362991536585,0.0012612787200266817,-0.0010146956363681348,0.0016817909263665554,0.0016817909263665554
33,bert,simcse,51,-0.0010681317625583448,-0.001062371894189451,-0.001957644631546601,-0.0002952224013574867,-0.0020818218493007246,-6.723106847950078e-05,0.0020818218493007246
33,mpnet,minilm,51,-0.0001807694802768771,-0.00017624537114080407,-0.0005939346833206405,0.000413201365488447,-0.0006102611681789716,0.0004832733314189541,0.0006102611681789716
33,mpnet,pubmedbert,51,-0.01002553877883014,-0.009929956137366802,-0.01184380498906254,-0.008194603960300306,-0.012224287736805173,-0.00819285027254868,0.012224287736805173
33,mpnet,biobert,51,-0.009012752635910308,-0.009032992988370236,-0.010378313576006604,-0.007401162110301451,-0.010713919175428521,-0.007103818930625505,0.010713919175428521
33,mpnet,simcse,51,-0.006963314010385602,-0.0070692650939291335,-0.00828625251485432,-0.0056049217619525415,-0.008362068177626858,-0.005263600929806933,0.008362068177626858
33,minilm,pubmedbert,51,-0.012741306749598013,-0.012988284321247878,-0.01450678490212734,-0.010273757644939041,-0.015412759607264959,-0.010106299154242326,0.015412759607264959
33,minilm,biobert,51,-0.011957129940847609,-0.012090337322759326,-0.013486437344677749,-0.009879552752036308,-0.01420120676443637,-0.009724944408750824,0.01420120676443637
33,minilm,simcse,51,-0.008829309140294499,-0.008934040142694055,-0.009970939045003846,-0.007056253430760412,-0.009993289163443553,-0.00675685298283335,0.009993289163443553
33,pubmedbert,biobert,51,-0.0005508398291708955,-0.000552651118616132,-0.0008479285813407234,-0.00015216457651445747,-0.000890613624587755,-0.00013305370089633506,0.000890613624587755
33,pubmedbert,simcse,51,-0.003497247815818213,-0.003581654440373505,-0.0044029060145449606,-0.002429542319037109,-0.004747829910465073,-0.0021723678366581956,0.004747829910465073
33,biobert,simcse,51,-0.003065813573243073,-0.00311067500114115,-0.0038007872696708134,-0.002296307698325256,-0.0038285111131153293,-0.002276196747139081,0.0038285111131153293
34,specter,specter2,51,0.003325285023732379,0.0034223936215416195,0.002208419306526599,0.004338328456384322,0.0020606364983810632,0.004516333080558432,0.004516333080558432
34,specter,scincl,51,0.0005787413376203437,0.0005446858910551633,0.00016580523136741632,0.0010618995934734143,6.821080501095977e-06,0.0011135116450978755,0.0011135116450978755
34,specter,scibert,51,-0.0008137349433616595,-0.0009807566519609567,-0.001748528363101437,0.0006766651499885146,-0.0019508040182850683,0.0009114713476988667,0.0019508040182850683
34,specter,bert,51,-0.0018660129457367936,-0.0020310515304919896,-0.002634882717419601,-0.0008294958193564295,-0.0030472179733354032,-0.0004663476979973602,0.0030472179733354032
34,specter,mpnet,51,0.0015097730420093097,0.0015011176566384066,0.0007484673671674658,0.002472894126632763,0.0007227257830139111,0.0025409782937073633,0.0025409782937073633
34,specter,minilm,51,-0.00010226364043554668,-0.00011670175711808728,-0.0007380993180986228,0.0005389740152624833,-0.001102133901931035,0.0006436214829432796,0.001102133901931035
34,specter,pubmedbert,51,-0.004830478746329023,-0.00500995610157684,-0.005899910689642823,-0.002990530647068307,-0.0068511257845248474,-0.0022911076823126653,0.0068511257845248474
34,specter,biobert,51,-0.0018655645189366065,-0.0019809242003615557,-0.0028465178192797758,-0.0006175163217352897,-0.0031382640486178337,3.296303388944377e-05,0.0031382640486178337
34,specter,simcse,51,3.464830614979928e-05,-6.331150689176113e-05,-0.0010676631855770224,0.0012056700411179067,-0.001252343919526,0.0018342189568397727,0.0018342189568397727
34,specter2,scincl,51,-0.00021104033930540624,-0.00020643912244910911,-0.0006369247244563947,0.00016376412679675045,-0.0006953164992007377,0.0003751625861938557,0.0006953164992007377
34,specter2,scibert,51,0.00045408154996470936,0.0003975893245113937,-0.00038562564138441835,0.001803109206456155,-0.0007777490290340472,0.0019061558078645735,0.0019061558078645735
34,specter2,bert,51,-0.001820205342435696,-0.0018726553796230005,-0.002341872867396677,-0.001233434345024681,-0.002375503664700407,-0.0011562894906304022,0.002375503664700407
34,specter2,mpnet,51,0.0003015083240670808,0.00024813580479687847,-0.0003423790247509828,0.00103663107762067,-0.0004477543891674429,0.001074325848128832,0.001074325848128832
34,specter2,minilm,51,-0.000340250118046055,-0.0003465891351203121,-0.0009748620690395171,0.0002621554407858384,-0.0011618760697083008,0.000450488438620833,0.0011618760697083008
34,specter2,pubmedbert,51,-0.0016632491984015702,-0.0017074052405531281,-0.00383486146131104,0.00040965596002023874,-0.0041715507466579815,0.0008765011185148941,0.0041715507466579815
34,specter2,biobert,51,-0.0006591963619810521,-0.000767516605728713,-0.0017998162735621825,0.0007306183254517096,-0.002219867846361634,0.0009766027483358863,0.002219867846361634
34,specter2,simcse,51,0.0013330893690495444,0.001325100711291105,0.00015477093245772067,0.0028826520497368946,-7.35643036829936e-05,0.003157058828401338,0.003157058828401338
34,scincl,scibert,51,-0.0009229103479927709,-0.0010149853145812182,-0.001965167919836086,0.00010243514207713966,-0.0021481180783700093,0.00038524092243052976,0.0021481180783700093
34,scincl,bert,51,-0.002815552660094367,-0.002860694229531391,-0.00338714798932524,-0.0022553497066161166,-0.003409386177178342,-0.0018430067611400203,0.003409386177178342
34,scincl,mpnet,51,-0.0008720803124769098,-0.000854026924095197,-0.0013640863190168828,-0.0003471531113889148,-0.001417100407560823,-0.0002046032973097578,0.001417100407560823
34,scincl,minilm,51,-0.001540219971190782,-0.0015430874491854096,-0.0020864033506353408,-0.0009714444884701967,-0.0022264774432985135,-0.0008803613322933002,0.0022264774432985135
34,scincl,pubmedbert,51,-0.002901478622473801,-0.003157611861405951,-0.004476525909825307,-0.0013751541935726197,-0.004721585013739982,-0.0008855620929382191,0.004721585013739982
34,scincl,biobert,51,-0.0024948731075951558,-0.002556487403960639,-0.0035188156491811895,-0.001356819867573661,-0.003670307435402309,-0.0011445024740095455,0.003670307435402309
34,scincl,simcse,51,-0.0004908870344861653,-0.0005076809402401183,-0.0015053268379922047,0.0005652574931319099,-0.001543549165019309,0.0008985694783941733,0.001543549165019309
34,scibert,bert,51,0.0008867517220859481,0.0008497927964011831,0.0002680270678144525,0.0019795244014356728,-0.00015757446442266065,0.002198001969412555,0.002198001969412555
34,scibert,mpnet,51,0.0018226925449880466,0.001642155941143808,0.0003572203982503963,0.004056400704022328,0.0002334769041223428,0.004609738155960885,0.004609738155960885
34,scibert,minilm,51,0.0003724441588182386,0.00033008499954922943,-0.0008910991326931683,0.0021812707245815743,-0.0009763134769863457,0.002570267229325407,0.002570267229325407
34,scibert,pubmedbert,51,-0.0017750044213800044,-0.001749169665269612,-0.002402586033326881,-0.0011498150419424757,-0.0026286879662975604,-0.0010688347437077805,0.0026286879662975604
34,scibert,biobert,51,-0.000774293007042076,-0.0007840066305362381,-0.0010756575988025985,-0.00041366382622437525,-0.0010917492199146173,-0.0002074202820621096,0.0010917492199146173
34,scibert,simcse,51,-0.000500617041240381,-0.0005043143445867537,-0.0009865646118730753,0.00010074904048182343,-0.001148445011429411,0.00047704134163850664,0.001148445011429411
34,bert,mpnet,51,-0.0017436897515283138,-0.001758435777328482,-0.0024181178477947485,-0.0009888863173110052,-0.00247429717552905,-0.0009475410338724011,0.00247429717552905
34,bert,minilm,51,-0.0026320372829484718,-0.002659572691866563,-0.0034377025696917807,-0.0017356763616539206,-0.0035723882026305054,-0.0016424253032514269,0.0035723882026305054
34,bert,pubmedbert,51,-0.0003369297933924345,-0.0003612202523191055,-0.0016634783319819657,0.0010377314817566763,-0.0023539092109532422,0.0011477929275672816,0.0023539092109532422
34,bert,biobert,51,-0.000332555462817621,-0.0003288827162531982,-0.001236082274587269,0.0005812801266771861,-0.0014378989043394297,0.0006590791335563395,0.0014378989043394297
34,bert,simcse,51,0.001374158106925351,0.0013841717511241525,0.0007146348739345831,0.0021690303938661504,0.0006738136769677272,0.0024404486738720532,0.0024404486738720532
34,mpnet,minilm,51,-0.00022088213743662704,-0.00023282938744551007,-0.00044350094698999976,-5.421115838372126e-06,-0.0004644234850781359,6.094246103816037e-05,0.0004644234850781359
34,mpnet,pubmedbert,51,-0.0005356024059732659,-0.0005119351448636955,-0.002433815982250731,0.0023473218686543285,-0.002636675345056738,0.002841531346148285,0.002841531346148285
34,mpnet,biobert,51,0.0006839680312623021,0.0007242538694611778,-0.0006572643288313973,0.0025562227651323433,-0.0007424305332736081,0.0033894728930696782,0.0033894728930696782
34,mpnet,simcse,51,0.0030397660113157276,0.0030878376392272644,0.0014614970286241924,0.004960894551242129,0.00043952325388418867,0.005724289945060024,0.005724289945060024
34,minilm,pubmedbert,51,-0.002219155653040049,-0.002217431755836774,-0.003855434689253562,-3.561198763324391e-05,-0.004629669938819969,0.00021180985959101672,0.004629669938819969
34,minilm,biobert,51,-0.000712939081560958,-0.0007348423025823614,-0.0020425619058026534,0.0009699489851733301,-0.0022777517685068638,0.0012464345271991917,0.0022777517685068638
34,minilm,simcse,51,0.0010283981422770149,0.0009401895205448652,-0.0008728862876529186,0.002908271062995238,-0.0015093987438653533,0.0035072603068778685,0.0035072603068778685
34,pubmedbert,biobert,51,-0.0004912954649389681,-0.000495145334348579,-0.0007170076930370639,-0.00029835972349245843,-0.0007854257105731621,-0.00028714647331373744,0.0007854257105731621
34,pubmedbert,simcse,51,-0.0032947204786566604,-0.0032265311994541523,-0.0040029020561829776,-0.0027883947277576315,-0.004190621175450326,-0.0026511680551351002,0.004190621175450326
34,biobert,simcse,51,-0.0020514934811538955,-0.0020168190172542566,-0.002620707062797628,-0.0015335890094076432,-0.002717664171538403,-0.0014559721222734412,0.002717664171538403
35,specter,specter2,51,0.003452461028114114,0.003444294553021754,0.0027349702798299402,0.004071004828680697,0.002570962852872394,0.004105074352839244,0.004105074352839244
35,specter,scincl,51,0.003468617672614612,0.0034173594593851497,0.0027813180436903062,0.004375289842660196,0.0026493772886266864,0.0045972540720689015,0.0045972540720689015
35,specter,scibert,51,0.002089780560463429,0.002138746986519502,0.000844740587338938,0.003356705538773097,0.0005997895075726678,0.003759781840082188,0.003759781840082188
35,specter,bert,51,0.0009000046732137364,0.0009278615481458363,-0.00011026253324628033,0.0017383348045776625,-0.00030478974362757594,0.0023942275754439413,0.0023942275754439413
35,specter,mpnet,51,0.00535815571403415,0.005386867367527137,0.004386465850592519,0.006312510454542092,0.004021342666932659,0.006825718782293544,0.006825718782293544
35,specter,minilm,51,0.0025949393890297647,0.002513179980273672,0.0018978194613685495,0.003381512919057972,0.001751876009492337,0.003562441940916594,0.003562441940916594
35,specter,pubmedbert,51,0.0016480102630951016,0.0017242295214784376,-0.00026803454282253725,0.0037696781594549478,-0.0006521619324838523,0.003866166915254099,0.003866166915254099
35,specter,biobert,51,0.0006651418518229726,0.0006252220947863263,-0.00043797161098066417,0.001806799141570864,-0.0006617514757154552,0.0020539931955294577,0.0020539931955294577
35,specter,simcse,51,7.386473713349233e-05,5.376746902685525e-05,-0.000891432538499215,0.0008482155441784378,-0.0010907440753871178,0.0009917855950687393,0.0010907440753871178
35,specter2,scincl,51,0.002773427795920254,0.0028035160812796,0.0021928714930706528,0.003415286198612394,0.002143335027117388,0.0034734322643847904,0.0034734322643847904
35,specter2,scibert,51,0.0042982217580964655,0.004169981178788085,0.0025665473004144457,0.006736315820749017,0.0023086000109744376,0.006892390323222863,0.006892390323222863
35,specter2,bert,51,0.0005230196262103269,0.0005077189126559967,-3.8680109279626285e-05,0.0010671827535311817,-7.077306431024777e-05,0.0011811563834924765,0.0011811563834924765
35,specter2,mpnet,51,0.005237478372053676,0.0051946108320832796,0.004230876430394548,0.006313365598267617,0.004115275646535244,0.0064943431427375575,0.0064943431427375575
35,specter2,minilm,51,0.004154408357677152,0.0041062223032155565,0.0033405187114454726,0.004953385246887404,0.003228626713313587,0.0050619613306797095,0.0050619613306797095
35,specter2,pubmedbert,51,0.005285735657083339,0.00551256610887263,0.0026407533750448797,0.008625322045203665,0.0019961482110224527,0.00880539717199924,0.00880539717199924
35,specter2,biobert,51,0.0035805701312163936,0.003624187426179981,0.0018678901505352064,0.005475179684682113,0.0015494289719328869,0.006727884509852844,0.006727884509852844
35,specter2,simcse,51,0.006059021008562515,0.0059373194867692325,0.004544912315981364,0.007703104995971044,0.003545105963700279,0.008851257579901017,0.008851257579901017
35,scincl,scibert,51,0.001075207759695093,0.001005962574719299,0.0003892892654446811,0.0022017340950967745,0.0001469700680112318,0.0022405782252534756,0.0022405782252534756
35,scincl,bert,51,0.0004553249500902373,0.0004022722702788917,-0.0005376466350059672,0.0014169974823398657,-0.0006387926143928135,0.0014689292495818629,0.0014689292495818629
35,scincl,mpnet,51,0.008259854579849433,0.008039281863239323,0.007408599263743099,0.009981304609494757,0.007374967501193153,0.010223068495249454,0.010223068495249454
35,scincl,minilm,51,0.006816552439879688,0.006728393023476276,0.005798617926032229,0.008163378565490625,0.005658995112224452,0.008578358405985975,0.008578358405985975
35,scincl,pubmedbert,51,-0.00041182906702454683,-0.00034504478623131885,-0.0020718979681408345,0.0011607460268847902,-0.0023614126237249122,0.0020413138580615,0.0023614126237249122
35,scincl,biobert,51,-0.0007667989719270399,-0.0007246077279196017,-0.0018010450658126065,0.00030624437497844825,-0.001946339460021762,0.0003411837887319358,0.001946339460021762
35,scincl,simcse,51,0.002645433731736202,0.0026564970095328544,0.0011204162625748082,0.004294430099214347,0.000992697861834313,0.004611329495955219,0.004611329495955219
35,scibert,bert,51,0.0022194291692476274,0.0022307492266407936,0.0011285609158141474,0.0032205066541884098,0.0008547086281258665,0.0033956532786150184,0.0033956532786150184
35,scibert,mpnet,51,0.011989952919548928,0.011710241778349006,0.00871355942567481,0.015514142946696341,0.007796788099319496,0.016994556055489274,0.016994556055489274
35,scibert,minilm,51,0.008231166696774364,0.008287676941299504,0.0055245912871430825,0.011234591250867565,0.004900441798365351,0.01222101487316618,0.01222101487316618
35,scibert,pubmedbert,51,-0.0007270352553014827,-0.0006861792463793703,-0.0012481132976124854,0.0001705530192457616,-0.0016440365004575241,0.0002884383605125107,0.0016440365004575241
35,scibert,biobert,51,-0.00016509759435837156,-0.00017204565299788754,-0.0005265396851501514,0.00028636042293850306,-0.0005309451555138844,0.000497133416840545,0.0005309451555138844
35,scibert,simcse,51,0.0016365466488389763,0.0015852039521684347,0.0008644037555863293,0.0026106064412345087,0.0006712725469943948,0.0028157144570324366,0.0028157144570324366
35,bert,mpnet,51,0.004177174146262085,0.00408534856918874,0.0029908324296207822,0.005668623817439544,0.0026653847378403928,0.005712920620742801,0.005712920620742801
35,bert,minilm,51,0.002058979131149921,0.0020308257046616207,0.0012940474874441332,0.003009905218618991,0.0007972746442064249,0.003149634679370683,0.003149634679370683
35,bert,pubmedbert,51,0.005187382722026877,0.005201431190317907,0.0030110010024705647,0.006958264310997053,0.0027258992274469263,0.007254828962954929,0.007254828962954929
35,bert,biobert,51,0.0032255197550618967,0.0032617160207335516,0.0021442061190602713,0.0041313807279682035,0.002061913702965823,0.0041784393924817476,0.0041784393924817476
35,bert,simcse,51,0.004880124871079381,0.004841169965810299,0.003719307765836538,0.005813745225534461,0.0034534076063962305,0.006047681045415643,0.006047681045415643
35,mpnet,minilm,51,0.0010090266704944585,0.0010126564764028068,0.0007522680493960432,0.001239192449824178,0.0006826775942163632,0.0012577415962530258,0.0012577415962530258
35,mpnet,pubmedbert,51,0.01579803638130248,0.015754391895043574,0.011672172054801339,0.020649448897485878,0.010701073882976586,0.020929371306538824,0.020929371306538824
35,mpnet,biobert,51,0.010995486230620183,0.010964805068004346,0.008432629115689733,0.014146909557846005,0.007903260637792342,0.014727785370714175,0.014727785370714175
35,mpnet,simcse,51,0.01182948281880946,0.011798134712394548,0.009827817748152529,0.014435857698178955,0.009478561817541808,0.014935538020101169,0.014935538020101169
35,minilm,pubmedbert,51,0.012062372110351643,0.012219648497557745,0.007858701230110399,0.016301587227115832,0.0073873212750749095,0.016905619353462575,0.016905619353462575
35,minilm,biobert,51,0.008483902988919066,0.00826938083690365,0.006110747460726984,0.011451552326299103,0.005655235826785954,0.011788997914501165,0.011788997914501165
35,minilm,simcse,51,0.007619444146989294,0.007534217927936293,0.005738910539144354,0.009861633776963336,0.00563675151097387,0.009902533747469189,0.009902533747469189
35,pubmedbert,biobert,51,8.270630987424602e-05,6.222982224501905e-05,-0.00020890443755175458,0.00037028582797332676,-0.00022885286589235943,0.0005200875695992035,0.0005200875695992035
35,pubmedbert,simcse,51,-0.0002613457191113837,-0.00026771672862324625,-0.001018305392220975,0.0005617355801979251,-0.0012278752351144728,0.00060827337896463,0.0012278752351144728
35,biobert,simcse,51,7.802186449998904e-05,3.3151016952781553e-05,-0.00038092997592220623,0.000565761207548171,-0.0004240170493294837,0.0006134048459638386,0.0006134048459638386
36,specter,specter2,51,-0.0015093356462722639,-0.0015030054594151743,-0.0021017407790290266,-0.0009806935174344888,-0.002164766639272897,-0.0008226300115981022,0.002164766639272897
36,specter,scincl,51,-0.0010852236477495425,-0.0011426047654478078,-0.0016433938743046217,-0.00044105777841849103,-0.0017260295130062664,-0.00031776060025967556,0.0017260295130062664
36,specter,scibert,51,-0.0019120751759793705,-0.001872943122224413,-0.0030246602532349176,-0.0009685178648121684,-0.003073567435086577,-0.0007584399523292706,0.003073567435086577
36,specter,bert,51,-0.0019179107092126492,-0.0019712360000843088,-0.002909502731670205,-0.0006629219373700534,-0.003374502463686868,-1.3825250711252401e-05,0.003374502463686868
36,specter,mpnet,51,-0.0027586605372147237,-0.0027550671846263697,-0.0033219124422616264,-0.0022354018119405406,-0.0035353726642214367,-0.001877360947910467,0.0035353726642214367
36,specter,minilm,51,-0.0019282821777993702,-0.00195392708610187,-0.002612405885636798,-0.0012676875192856596,-0.0026540955542571076,-0.0011668155652323486,0.0026540955542571076
36,specter,pubmedbert,51,0.00047081035954419195,0.0002865056502194818,-0.0008507925483553502,0.0017623255461538812,-0.0010530952382603598,0.0030651104572789745,0.0030651104572789745
36,specter,biobert,51,0.0003947665634994797,0.00029774003898275225,-0.0006966512046591433,0.001646099052347888,-0.001127122198864794,0.0024487144905294134,0.0024487144905294134
36,specter,simcse,51,-0.002156506686003062,-0.0021668163871049195,-0.0031014320152392416,-0.0010146833756219664,-0.0031512715914727707,-0.0008904694186028239,0.0031512715914727707
36,specter2,scincl,51,-0.00129280992388353,-0.0012894363436896095,-0.0015503430647420546,-0.0010377827068392687,-0.0016862825794017322,-0.0008682729390818711,0.0016862825794017322
36,specter2,scibert,51,-0.0006759459183897871,-0.0006386736044311503,-0.0016906776032654391,0.0007561345058310076,-0.0019486388839898838,0.0013785134530118759,0.0019486388839898838
36,specter2,bert,51,0.0003345476094520301,0.0003371717928816187,-0.000684069107586005,0.0014075586314027944,-0.0007808684062189375,0.001753364677206437,0.001753364677206437
36,specter2,mpnet,51,-0.00022981658683196134,-0.0002297650627979264,-0.0008237332113633644,0.00040971114506693773,-0.0010620622097512467,0.0006470236735400814,0.0010620622097512467
36,specter2,minilm,51,0.00040410089403772494,0.00036303991780772815,-0.00023160594250343225,0.001299624606489358,-0.0004309595298269686,0.001462125675853021,0.001462125675853021
36,specter2,pubmedbert,51,-0.0009050517994509192,-0.0008568676214716353,-0.0017983310185912815,0.00014928018075197058,-0.001825457775082584,0.0004975337849190131,0.001825457775082584
36,specter2,biobert,51,-0.0010269803605741628,-0.0010549849177132753,-0.0016014391324918609,-0.00018379303354329468,-0.0017325411324065065,6.610366493176034e-05,0.0017325411324065065
36,specter2,simcse,51,-0.0018039654496749802,-0.001742369173920899,-0.00236953479544591,-0.0013034908933751699,-0.0025048140257808438,-0.0007860275099370595,0.0025048140257808438
36,scincl,scibert,51,0.0007639062487365982,0.0007103772636712913,-0.0005194326117313186,0.0026812420584237384,-0.0006003655291065835,0.0036841526513944345,0.0036841526513944345
36,scincl,bert,51,0.0017049572558531594,0.001717892537123844,0.0005910011141792015,0.003112378567463131,0.000479616389122306,0.0035796894254217504,0.0035796894254217504
36,scincl,mpnet,51,-0.0015740387438671615,-0.0015976074984722644,-0.00218551545121376,-0.0008111256747058149,-0.002431336204326673,-0.0007627410337364138,0.002431336204326673
36,scincl,minilm,51,0.0001035626535829681,0.0001410186576710215,-0.0006298081894870744,0.0010121652918166357,-0.0007945264346220782,0.001099175431731103,0.001099175431731103
36,scincl,pubmedbert,51,0.0013777503314350854,0.0013377307599918842,0.0001898580347119705,0.002259216077204751,-1.8675797975764574e-05,0.003271869293529628,0.003271869293529628
36,scincl,biobert,51,0.0006224822370963038,0.0005755066152907107,-6.772625516873743e-05,0.001571605325039388,-0.0002867420975847246,0.0018976928369081048,0.0018976928369081048
36,scincl,simcse,51,-0.00019096957853338405,-0.00015728453439523005,-0.0008836425470796494,0.0004500724768599085,-0.0010768332772648215,0.0005599201524593145,0.0010768332772648215
36,scibert,bert,51,-0.001120002396874271,-0.0011086143042744467,-0.001576562448542207,-0.0007125853343058763,-0.001585720528578527,-0.0006873025034166425,0.001585720528578527
36,scibert,mpnet,51,-0.0022350347851728012,-0.002334428580463177,-0.003566298217501207,-0.0006947505537773513,-0.0038149354487837517,-0.0006120380546346116,0.0038149354487837517
36,scibert,minilm,51,-0.0012211265236359162,-0.0012750809951289632,-0.0020912504743585414,-0.00014235349095437222,-0.002103344007671204,0.0003844762788792755,0.002103344007671204
36,scibert,pubmedbert,51,0.0019963587631330513,0.0019886802812464355,0.0014609842307090892,0.0027165289631187473,0.0013139501362934292,0.0029255979412022848,0.0029255979412022848
36,scibert,biobert,51,0.0011797123994878214,0.0011136678187422255,0.000669839286363827,0.001972364258764958,0.0005670538328258479,0.0020779622868067893,0.0020779622868067893
36,scibert,simcse,51,-0.00041648758389984156,-0.0004485785146496335,-0.0009376873462923763,0.00046320021986437365,-0.0009562371500669853,0.0005453957663752451,0.0009562371500669853
36,bert,mpnet,51,0.00010668886001481066,0.0001827764179392899,-0.0008025404256425395,0.0013700366874087322,-0.0013121363389313467,0.0016259628987878028,0.0016259628987878028
36,bert,minilm,51,-0.00018845672414846693,-0.00026495684898175664,-0.0013953331509512223,0.0009467025163617804,-0.0017156190273264205,0.0011629396538458403,0.0017156190273264205
36,bert,pubmedbert,51,0.0014353293950233718,0.0014212600076889403,0.0006512038223536465,0.002727684300098593,0.0002523001237300093,0.002913437428370136,0.002913437428370136
36,bert,biobert,51,0.0008836714811931865,0.0008928662895463235,0.00013326180089004436,0.001621637740196663,-7.842442418515283e-05,0.0018288224130142972,0.0018288224130142972
36,bert,simcse,51,-0.0010624638104112375,-0.0010397314129779733,-0.0017457782269282573,-0.0004864732081377998,-0.0018428744410408093,-1.96153156585277e-05,0.0018428744410408093
36,mpnet,minilm,51,-0.0006799453295941013,-0.0006853799294191942,-0.0010518939530919647,-0.0002978632621428723,-0.0011144902468728235,-9.505426384115445e-05,0.0011144902468728235
36,mpnet,pubmedbert,51,0.0006864909307370989,0.0006123864693998726,-0.00038849806643828644,0.0018863943848373699,-0.0008285592104143591,0.003361237598901834,0.003361237598901834
36,mpnet,biobert,51,0.000634521635800099,0.0005866653744093231,-0.0004168353524607593,0.0016460292945872645,-0.000631724596844796,0.0027487025218762007,0.0027487025218762007
36,mpnet,simcse,51,-0.003282600256110386,-0.0032390142496402374,-0.0041146337148977585,-0.0026172966271512665,-0.004388519412090064,-0.0025118610507135486,0.004388519412090064
36,minilm,pubmedbert,51,0.0023598769194079555,0.002127015422471512,0.0009526494892893311,0.003911239332608146,0.0005971457268719726,0.004679776009285264,0.004679776009285264
36,minilm,biobert,51,0.00220587625125149,0.0021074865202077575,0.0012664009234663876,0.0037153196298938818,8.706101471700478e-05,0.0038896581939091845,0.0038896581939091845
36,minilm,simcse,51,-0.0017130003112010078,-0.0016621910075281798,-0.002410741573652342,-0.0008932487375649112,-0.0026902728405425735,-0.0006037716028074458,0.0026902728405425735
36,pubmedbert,biobert,51,-0.0001471078976128809,-0.0001597046895508436,-0.00027722888029685366,-2.360766925807445e-05,-0.00030838577601022266,-4.553396820150546e-06,0.00030838577601022266
36,pubmedbert,simcse,51,0.001655379438373709,0.0015862894145369788,0.0009118901704231186,0.0025787513396784145,0.000833615450119507,0.0027530010723124665,0.0027530010723124665
36,biobert,simcse,51,0.0008808843510681365,0.0008873593221278009,0.00014402384194880935,0.0015784928662114506,7.589225855975101e-05,0.0016871124313415642,0.0016871124313415642
