recipe,k,field_id,model,n,mean,median,p025,p975,min,max,positive_fraction,negative_fraction
mean,10,11,specter,50,-0.08647599999999998,-0.08610000000000001,-0.09753972222222218,-0.07438499999999999,-0.10535555555555554,-0.0732666666666667,0.0,1.0
mean,10,11,specter2,50,-0.1169951111111111,-0.1166166666666667,-0.13186194444444457,-0.10244777777777772,-0.1359999999999999,-0.10168888888888883,0.0,1.0
mean,10,11,scincl,50,-0.10991733333333337,-0.11107222222222218,-0.11966472222222226,-0.10012333333333331,-0.12180000000000013,-0.09642222222222219,0.0,1.0
mean,10,11,scibert,50,0.17463088888888886,0.17507222222222224,0.1664066666666666,0.18600194444444448,0.16479999999999995,0.18856666666666677,1.0,0.0
mean,10,11,bert,50,0.13684644444444444,0.1374777777777778,0.12831027777777776,0.14532305555555555,0.12150000000000005,0.14622222222222214,1.0,0.0
mean,10,11,mpnet,50,-0.14975311111111111,-0.14949444444444449,-0.16200972222222226,-0.13817972222222225,-0.16293333333333326,-0.13584444444444455,0.0,1.0
mean,10,11,minilm,50,-0.09946888888888891,-0.0989944444444445,-0.11289611111111114,-0.08768916666666667,-0.11429999999999996,-0.08196666666666663,0.0,1.0
mean,10,11,pubmedbert,50,0.13365555555555556,0.13437222222222223,0.12333666666666676,0.1418536111111111,0.12316666666666676,0.1458666666666667,1.0,0.0
mean,10,11,biobert,50,0.15800066666666665,0.15861666666666668,0.14699333333333325,0.1672158333333333,0.14631111111111117,0.16778888888888888,1.0,0.0
mean,10,11,simcse,50,0.09666244444444444,0.09702222222222223,0.0882638888888888,0.10458027777777786,0.08448888888888884,0.10654444444444444,1.0,0.0
mean,25,11,specter,50,-0.1039048888888889,-0.10433111111111115,-0.11411966666666679,-0.0944947777777778,-0.11828444444444441,-0.08807555555555557,0.0,1.0
mean,25,11,specter2,50,-0.12947955555555557,-0.12858000000000003,-0.1398591111111111,-0.11755466666666671,-0.1480311111111111,-0.11306222222222229,0.0,1.0
mean,25,11,scincl,50,-0.12140319999999999,-0.12149555555555558,-0.13042655555555555,-0.10901388888888892,-0.13361777777777772,-0.1042844444444444,0.0,1.0
mean,25,11,scibert,50,0.17737431111111107,0.1774844444444445,0.169918,0.18515166666666663,0.1677777777777778,0.18692444444444434,1.0,0.0
mean,25,11,bert,50,0.12664115555555555,0.12706000000000006,0.11943122222222231,0.13442455555555557,0.11901777777777789,0.13532444444444447,1.0,0.0
mean,25,11,mpnet,50,-0.15172382222222222,-0.15117333333333338,-0.16293444444444444,-0.1426185555555556,-0.16583111111111115,-0.13991555555555568,0.0,1.0
mean,25,11,minilm,50,-0.09661502222222222,-0.09620444444444443,-0.10623311111111121,-0.08773477777777776,-0.10722222222222211,-0.08714222222222223,0.0,1.0
mean,25,11,pubmedbert,50,0.13042800000000002,0.13126444444444446,0.1224133333333334,0.13715933333333327,0.11774666666666667,0.13864444444444435,1.0,0.0
mean,25,11,biobert,50,0.1605031111111111,0.16034444444444446,0.15159255555555548,0.17009566666666665,0.14937777777777772,0.17074222222222224,1.0,0.0
mean,25,11,simcse,50,0.09366177777777779,0.09399333333333326,0.08622833333333337,0.10335888888888892,0.08561777777777779,0.10419111111111123,1.0,0.0
mean,50,11,specter,50,-0.11653177777777782,-0.11711444444444447,-0.12567666666666671,-0.10539383333333337,-0.13390666666666673,-0.10347777777777778,0.0,1.0
mean,50,11,specter2,50,-0.13957217777777775,-0.13970555555555564,-0.14951583333333324,-0.12780750000000002,-0.1519222222222223,-0.12711555555555554,0.0,1.0
mean,50,11,scincl,50,-0.12983422222222224,-0.1305188888888888,-0.1398248333333332,-0.11544688888888895,-0.14098888888888883,-0.11138666666666674,0.0,1.0
mean,50,11,scibert,50,0.17334195555555554,0.17374111111111112,0.16398466666666667,0.17964766666666673,0.16371111111111114,0.18167777777777772,1.0,0.0
mean,50,11,bert,50,0.11232871111111113,0.11249111111111121,0.10494838888888897,0.12006594444444439,0.10385111111111112,0.12174666666666656,1.0,0.0
mean,50,11,mpnet,50,-0.1528633777777778,-0.15251222222222227,-0.16301950000000004,-0.1421632222222223,-0.1671244444444444,-0.14045999999999992,0.0,1.0
mean,50,11,minilm,50,-0.09457266666666664,-0.09474222222222223,-0.10553972222222223,-0.08419527777777781,-0.11019333333333337,-0.08224444444444445,0.0,1.0
mean,50,11,pubmedbert,50,0.12373404444444447,0.12429111111111113,0.11682744444444436,0.1300938888888889,0.11530666666666667,0.13135777777777768,1.0,0.0
mean,50,11,biobert,50,0.160356,0.1595577777777778,0.1503962222222222,0.17115611111111118,0.1498422222222222,0.17190444444444453,1.0,0.0
mean,50,11,simcse,50,0.08409853333333332,0.08475111111111111,0.07657127777777775,0.09327466666666678,0.07384000000000002,0.09379555555555563,1.0,0.0
cls,25,11,specter,50,-0.15282551111111112,-0.15234666666666674,-0.16266144444444444,-0.14381755555555556,-0.16672444444444445,-0.13974666666666669,0.0,1.0
cls,25,11,specter2,50,-0.16816471111111114,-0.16693333333333327,-0.17837211111111112,-0.15563111111111114,-0.18564888888888886,-0.1546133333333335,0.0,1.0
cls,25,11,scincl,50,-0.16412853333333335,-0.16453777777777778,-0.17196944444444448,-0.15421688888888893,-0.1750222222222222,-0.15020444444444447,0.0,1.0
cls,25,11,scibert,50,0.07906986666666667,0.07921111111111112,0.07355000000000003,0.0840993333333333,0.0732044444444444,0.08568444444444445,1.0,0.0
cls,25,11,bert,50,0.09942471111111109,0.09900222222222216,0.09326655555555552,0.1046281111111111,0.09101333333333328,0.10482666666666662,1.0,0.0
cls,25,11,mpnet,50,-0.1986591111111111,-0.1983066666666667,-0.20813155555555546,-0.1898314444444445,-0.20948,-0.1891911111111112,0.0,1.0
cls,25,11,minilm,50,-0.1422032,-0.1420088888888889,-0.1501002222222222,-0.13427511111111104,-0.15244888888888897,-0.13313333333333333,0.0,1.0
cls,25,11,pubmedbert,50,0.09340471111111111,0.09298888888888895,0.08836333333333335,0.10124155555555556,0.0878888888888888,0.10357777777777777,1.0,0.0
cls,25,11,biobert,50,0.10570604444444445,0.10598222222222226,0.09714711111111106,0.11220566666666679,0.09374666666666664,0.11254666666666668,1.0,0.0
cls,25,11,simcse,50,0.045533066666666656,0.04558444444444448,0.03850088888888886,0.05414955555555548,0.037719999999999976,0.05659555555555562,1.0,0.0
sep,25,11,specter,50,-0.1116799111111111,-0.11155555555555557,-0.12181944444444459,-0.10324122222222219,-0.1267422222222222,-0.09705333333333332,0.0,1.0
sep,25,11,specter2,50,-0.13568053333333333,-0.13468666666666668,-0.1456954444444444,-0.1233875555555556,-0.15427111111111114,-0.12019111111111125,0.0,1.0
sep,25,11,scincl,50,-0.12724364444444444,-0.1269466666666666,-0.13497511111111107,-0.11475311111111115,-0.13761777777777773,-0.11184444444444441,0.0,1.0
sep,25,11,scibert,50,0.08896666666666665,0.08905111111111108,0.08263999999999994,0.09689288888888893,0.07460444444444458,0.09754666666666678,1.0,0.0
sep,25,11,bert,50,0.07809173333333334,0.07812000000000002,0.07208955555555552,0.08414966666666658,0.070448888888889,0.08833333333333337,1.0,0.0
sep,25,11,mpnet,50,-0.15847315555555558,-0.15776444444444443,-0.16917888888888882,-0.15113588888888893,-0.1698844444444445,-0.1483377777777778,0.0,1.0
sep,25,11,minilm,50,-0.10569697777777776,-0.1057844444444444,-0.11441466666666664,-0.0968412222222222,-0.11545777777777766,-0.09659111111111107,0.0,1.0
sep,25,11,pubmedbert,50,0.07223555555555555,0.07193777777777771,0.0642708888888889,0.08078077777777766,0.0640222222222222,0.08290666666666668,1.0,0.0
sep,25,11,biobert,50,0.0739103111111111,0.07302222222222227,0.0634444444444444,0.08366422222222235,0.06114222222222232,0.08411111111111114,1.0,0.0
sep,25,11,simcse,50,0.06825493333333332,0.0682955555555555,0.06163266666666668,0.0768141111111111,0.06001333333333336,0.08024444444444434,1.0,0.0
mean,10,12,specter,50,0.00277333333333333,0.0018388888888888344,-0.006589722222222208,0.014846666666666602,-0.013088888888888928,0.015122222222222148,0.68,0.32
mean,10,12,specter2,50,-0.04232222222222221,-0.04174444444444453,-0.05411333333333322,-0.03118749999999999,-0.06024444444444432,-0.02293333333333325,0.0,1.0
mean,10,12,scincl,50,0.021352222222222213,0.021661111111111075,0.00917611111111108,0.03484416666666669,0.00869999999999993,0.0367777777777778,1.0,0.0
mean,10,12,scibert,50,0.16834177777777776,0.16807777777777783,0.16060861111111108,0.17827722222222228,0.15694444444444444,0.17836666666666667,1.0,0.0
mean,10,12,bert,50,0.1206991111111111,0.12063888888888896,0.11119999999999998,0.13004083333333336,0.10603333333333342,0.1314777777777778,1.0,0.0
mean,10,12,mpnet,50,-0.10635777777777777,-0.10663333333333341,-0.11694499999999998,-0.09377444444444435,-0.11912222222222235,-0.0921333333333334,0.0,1.0
mean,10,12,minilm,50,-0.05075933333333334,-0.0509444444444444,-0.060521111111111046,-0.043208611111110996,-0.06232222222222217,-0.04225555555555549,0.0,1.0
mean,10,12,pubmedbert,50,0.16440933333333332,0.16474444444444447,0.1579119444444444,0.17164333333333326,0.1564333333333333,0.1726444444444445,1.0,0.0
mean,10,12,biobert,50,0.1671822222222222,0.1662277777777778,0.15827527777777778,0.17652694444444447,0.15496666666666659,0.17759999999999998,1.0,0.0
mean,10,12,simcse,50,0.10221822222222222,0.10167222222222222,0.09544472222222218,0.11298361111111108,0.09168888888888882,0.114288888888889,1.0,0.0
mean,25,12,specter,50,-0.008450311111111107,-0.009091111111111105,-0.01964177777777783,0.0028687777777777735,-0.02310666666666661,0.0032488888888888567,0.12,0.88
mean,25,12,specter2,50,-0.05160053333333332,-0.05185555555555549,-0.0642836666666667,-0.03783166666666666,-0.0703866666666666,-0.03435555555555547,0.0,1.0
mean,25,12,scincl,50,0.021441422222222242,0.02101333333333333,0.01022288888888891,0.03021300000000004,0.008284444444444539,0.03298222222222236,1.0,0.0
mean,25,12,scibert,50,0.17991715555555557,0.17969333333333326,0.17211655555555555,0.1900162222222223,0.16971999999999998,0.19166666666666665,1.0,0.0
mean,25,12,bert,50,0.12153368888888888,0.12105777777777776,0.11258655555555562,0.1315294444444445,0.10962222222222229,0.13217333333333325,1.0,0.0
mean,25,12,mpnet,50,-0.1117023111111111,-0.11251333333333335,-0.12385400000000002,-0.09888711111111097,-0.12600888888888906,-0.09650666666666674,0.0,1.0
mean,25,12,minilm,50,-0.05326977777777778,-0.05340666666666666,-0.06255588888888873,-0.04490977777777779,-0.06352888888888875,-0.039555555555555455,0.0,1.0
mean,25,12,pubmedbert,50,0.17530248888888889,0.17451777777777783,0.16815122222222223,0.18100555555555553,0.16664888888888885,0.18703111111111104,1.0,0.0
mean,25,12,biobert,50,0.18109466666666663,0.1806977777777778,0.17330666666666678,0.1894432222222223,0.17249333333333328,0.18991999999999998,1.0,0.0
mean,25,12,simcse,50,0.10867511111111114,0.1078377777777777,0.10146244444444452,0.11749699999999999,0.10093333333333332,0.11879555555555565,1.0,0.0
mean,50,12,specter,50,-0.02428422222222222,-0.02389888888888886,-0.036673888888888916,-0.013612666666666643,-0.03966000000000003,-0.01274222222222221,0.0,1.0
mean,50,12,specter2,50,-0.059809155555555556,-0.0603833333333334,-0.06806305555555557,-0.04551600000000004,-0.07816000000000001,-0.04469333333333325,0.0,1.0
mean,50,12,scincl,50,0.016897911111111125,0.016471111111111048,0.004585055555555723,0.025357666666666608,0.003544444444444461,0.02634000000000003,1.0,0.0
mean,50,12,scibert,50,0.18147239999999998,0.18152111111111108,0.17527661111111115,0.18984083333333332,0.17491111111111113,0.19067333333333336,1.0,0.0
mean,50,12,bert,50,0.11501986666666668,0.1142555555555555,0.10678211111111113,0.12404138888888881,0.10528666666666664,0.1250755555555556,1.0,0.0
mean,50,12,mpnet,50,-0.11308946666666665,-0.11302444444444437,-0.12504549999999992,-0.10114655555555553,-0.12969333333333344,-0.09811777777777786,0.0,1.0
mean,50,12,minilm,50,-0.05751053333333333,-0.05740000000000001,-0.06815755555555555,-0.04809166666666664,-0.0696822222222222,-0.0461999999999998,0.0,1.0
mean,50,12,pubmedbert,50,0.17155484444444444,0.17092333333333337,0.163778,0.1790300555555555,0.16294666666666668,0.17980444444444443,1.0,0.0
mean,50,12,biobert,50,0.18265142222222225,0.18243888888888876,0.1769897777777778,0.18993022222222228,0.17579111111111112,0.190991111111111,1.0,0.0
mean,50,12,simcse,50,0.10457142222222224,0.10496777777777788,0.09735383333333342,0.1115839444444445,0.09497777777777772,0.11453999999999986,1.0,0.0
cls,25,12,specter,50,-0.031083466666666667,-0.03207333333333323,-0.04207833333333345,-0.02042244444444453,-0.04466666666666674,-0.019031111111111,0.0,1.0
cls,25,12,specter2,50,-0.07274346666666666,-0.07431111111111116,-0.08498100000000015,-0.05872577777777781,-0.09017777777777769,-0.0560977777777778,0.0,1.0
cls,25,12,scincl,50,-0.0028294222222222153,-0.004064444444444426,-0.01276955555555552,0.006068555555555566,-0.015142222222222168,0.007862222222222215,0.38,0.62
cls,25,12,scibert,50,0.10125582222222222,0.10121333333333332,0.09331677777777779,0.10807033333333334,0.09271999999999991,0.11206666666666676,1.0,0.0
cls,25,12,bert,50,0.0993521777777778,0.09958000000000006,0.0917512222222223,0.10819311111111114,0.08974666666666664,0.10940888888888889,1.0,0.0
cls,25,12,mpnet,50,-0.1416376,-0.1427133333333333,-0.1540415555555556,-0.12912666666666658,-0.15617777777777775,-0.1258488888888889,0.0,1.0
cls,25,12,minilm,50,-0.08481359999999999,-0.0843888888888889,-0.0938295555555554,-0.07688611111111114,-0.09398222222222219,-0.07031555555555546,0.0,1.0
cls,25,12,pubmedbert,50,0.13221626666666667,0.13204666666666665,0.12424011111111112,0.1383307777777778,0.12380000000000002,0.14132,1.0,0.0
cls,25,12,biobert,50,0.13176915555555557,0.13215333333333334,0.12326377777777774,0.1407847777777779,0.1218933333333333,0.1417155555555556,1.0,0.0
cls,25,12,simcse,50,0.059599200000000005,0.059968888888888905,0.05146833333333338,0.06829522222222223,0.05130222222222225,0.07152888888888886,1.0,0.0
sep,25,12,specter,50,-0.01761902222222221,-0.018175555555555556,-0.028357444444444463,-0.007495000000000044,-0.031657777777777785,-0.005662222222222235,0.0,1.0
sep,25,12,specter2,50,-0.059036533333333335,-0.06003555555555562,-0.07082055555555565,-0.045497333333333334,-0.07741333333333333,-0.04281333333333337,0.0,1.0
sep,25,12,scincl,50,0.012119822222222229,0.011791111111111086,0.001870111111111192,0.021000333333333353,-0.0011333333333332085,0.024071111111111265,0.98,0.02
sep,25,12,scibert,50,0.08275226666666667,0.0828288888888889,0.07512455555555557,0.09022633333333337,0.07402222222222221,0.09087999999999996,1.0,0.0
sep,25,12,bert,50,0.06342817777777779,0.06250444444444442,0.05713455555555559,0.07200455555555547,0.05616444444444446,0.07453777777777792,1.0,0.0
sep,25,12,mpnet,50,-0.12164968888888888,-0.12232000000000004,-0.13359144444444443,-0.10816266666666667,-0.13608888888888893,-0.10653777777777784,0.0,1.0
sep,25,12,minilm,50,-0.06513324444444446,-0.06503555555555568,-0.07497633333333331,-0.05642388888888884,-0.07581777777777776,-0.050773333333333226,0.0,1.0
sep,25,12,pubmedbert,50,0.12198239999999999,0.12248000000000003,0.11297144444444442,0.1294284444444445,0.11112444444444447,0.13036888888888887,1.0,0.0
sep,25,12,biobert,50,0.11480737777777776,0.11485999999999996,0.10743755555555558,0.12244644444444444,0.10531111111111102,0.12279111111111118,1.0,0.0
sep,25,12,simcse,50,0.07513493333333336,0.07513555555555562,0.06758488888888897,0.08367188888888896,0.06679111111111113,0.08608888888888888,1.0,0.0
mean,10,13,specter,50,-0.11128911111111109,-0.11259999999999998,-0.12271888888888885,-0.09468055555555545,-0.12473333333333336,-0.09341111111111111,0.0,1.0
mean,10,13,specter2,50,-0.13948488888888888,-0.13949444444444448,-0.1501088888888888,-0.13052444444444442,-0.15126666666666677,-0.12931111111111115,0.0,1.0
mean,10,13,scincl,50,-0.15088044444444443,-0.15090555555555557,-0.16500055555555546,-0.13966944444444435,-0.1659666666666666,-0.13431111111111105,0.0,1.0
mean,10,13,scibert,50,0.1516475555555556,0.15150000000000008,0.14189472222222219,0.1597897222222222,0.14058888888888887,0.1608666666666667,1.0,0.0
mean,10,13,bert,50,0.10947177777777777,0.11017777777777771,0.09949472222222223,0.12050833333333327,0.098411111111111,0.12221111111111105,1.0,0.0
mean,10,13,mpnet,50,-0.13101666666666667,-0.13202222222222215,-0.14493722222222225,-0.11805888888888898,-0.14927777777777773,-0.11638888888888888,0.0,1.0
mean,10,13,minilm,50,-0.0891848888888889,-0.08872222222222231,-0.1025380555555556,-0.07797888888888892,-0.11217777777777782,-0.07472222222222225,0.0,1.0
mean,10,13,pubmedbert,50,0.10131933333333334,0.10231111111111119,0.09466555555555559,0.10797138888888891,0.0868888888888889,0.10811111111111127,1.0,0.0
mean,10,13,biobert,50,0.1293671111111111,0.1300055555555556,0.12104861111111104,0.1341011111111111,0.11650000000000005,0.13725555555555569,1.0,0.0
mean,10,13,simcse,50,0.07355266666666668,0.07328333333333331,0.06620972222222228,0.08122916666666671,0.06414444444444445,0.08447777777777776,1.0,0.0
mean,25,13,specter,50,-0.12674337777777778,-0.1267399999999999,-0.13659611111111108,-0.11788822222222228,-0.13692444444444452,-0.11650666666666654,0.0,1.0
mean,25,13,specter2,50,-0.15322391111111108,-0.15345555555555557,-0.1609033333333333,-0.14409177777777787,-0.1625511111111111,-0.14212000000000002,0.0,1.0
mean,25,13,scincl,50,-0.1617344888888889,-0.1616177777777778,-0.1703193333333334,-0.1501376666666667,-0.17232000000000003,-0.14874222222222233,0.0,1.0
mean,25,13,scibert,50,0.1473928,0.14729111111111104,0.14019522222222214,0.1542365555555557,0.13668888888888886,0.15520444444444448,1.0,0.0
mean,25,13,bert,50,0.09243937777777778,0.09255999999999992,0.0826911111111112,0.10253355555555554,0.08065777777777772,0.10298666666666667,1.0,0.0
mean,25,13,mpnet,50,-0.14123031111111112,-0.14124444444444445,-0.15012000000000006,-0.12895400000000004,-0.15078666666666662,-0.12440000000000007,0.0,1.0
mean,25,13,minilm,50,-0.09158275555555555,-0.0917222222222222,-0.10112200000000003,-0.08372433333333335,-0.10378222222222222,-0.07747555555555552,0.0,1.0
mean,25,13,pubmedbert,50,0.09869137777777783,0.0988755555555556,0.09194044444444445,0.1049421111111111,0.09142222222222218,0.10516888888888887,1.0,0.0
mean,25,13,biobert,50,0.13355911111111113,0.13427333333333324,0.12557755555555555,0.1410155555555555,0.12489777777777777,0.1416400000000001,1.0,0.0
mean,25,13,simcse,50,0.06712195555555554,0.06672666666666666,0.061157999999999865,0.07514822222222219,0.06087555555555546,0.07539555555555566,1.0,0.0
mean,50,13,specter,50,-0.1387876444444444,-0.13868888888888886,-0.1480378888888888,-0.13077505555555557,-0.15144666666666662,-0.1286466666666668,0.0,1.0
mean,50,13,specter2,50,-0.1634204888888889,-0.1631422222222223,-0.1706780555555556,-0.15463466666666661,-0.1748155555555556,-0.1524822222222223,0.0,1.0
mean,50,13,scincl,50,-0.1687650666666666,-0.1692088888888888,-0.1759423333333334,-0.16075944444444443,-0.1768222222222221,-0.15968000000000004,0.0,1.0
mean,50,13,scibert,50,0.13959137777777778,0.14028222222222225,0.13171672222222222,0.14625505555555557,0.13090000000000002,0.14655333333333342,1.0,0.0
mean,50,13,bert,50,0.06851577777777777,0.06821777777777771,0.05964338888888885,0.07797955555555558,0.05883555555555564,0.08155777777777784,1.0,0.0
mean,50,13,mpnet,50,-0.14514595555555554,-0.1454711111111111,-0.15299072222222218,-0.13547916666666665,-0.15425333333333324,-0.1333444444444445,0.0,1.0
mean,50,13,minilm,50,-0.09400466666666667,-0.09397999999999995,-0.10204777777777778,-0.08585250000000004,-0.10384666666666675,-0.08479999999999999,0.0,1.0
mean,50,13,pubmedbert,50,0.09458564444444445,0.09495777777777781,0.08816238888888878,0.10070699999999999,0.0843977777777778,0.10152666666666665,1.0,0.0
mean,50,13,biobert,50,0.13530653333333334,0.13499888888888883,0.12950572222222226,0.14299805555555553,0.1287355555555556,0.14494000000000007,1.0,0.0
mean,50,13,simcse,50,0.05423035555555558,0.05421888888888887,0.04746877777777782,0.06107150000000006,0.04427333333333339,0.06290222222222219,1.0,0.0
cls,25,13,specter,50,-0.1777617777777778,-0.17726888888888886,-0.18754022222222225,-0.169851,-0.18818222222222214,-0.1689599999999999,0.0,1.0
cls,25,13,specter2,50,-0.19601111111111114,-0.19679777777777768,-0.20364122222222217,-0.18848844444444435,-0.20433777777777773,-0.18669333333333338,0.0,1.0
cls,25,13,scincl,50,-0.20835422222222225,-0.2085311111111111,-0.21686766666666676,-0.19827166666666673,-0.21774222222222217,-0.1956888888888889,0.0,1.0
cls,25,13,scibert,50,0.0599184,0.059733333333333305,0.0540053333333333,0.06541566666666672,0.05091555555555549,0.06615555555555552,1.0,0.0
cls,25,13,bert,50,0.08023502222222223,0.07995555555555561,0.07429800000000004,0.08581366666666673,0.07227555555555565,0.08597333333333324,1.0,0.0
cls,25,13,mpnet,50,-0.18979875555555548,-0.19014000000000003,-0.19911544444444443,-0.17816044444444445,-0.20067111111111124,-0.1735822222222222,0.0,1.0
cls,25,13,minilm,50,-0.14080746666666666,-0.14117999999999992,-0.15033833333333332,-0.13282411111111112,-0.15069333333333323,-0.12711555555555554,0.0,1.0
cls,25,13,pubmedbert,50,0.07176320000000001,0.07166444444444448,0.06590611111111105,0.07827700000000004,0.06301777777777784,0.07887111111111111,1.0,0.0
cls,25,13,biobert,50,0.07395786666666665,0.07401777777777785,0.06748155555555548,0.08206288888888894,0.06588000000000005,0.08372000000000002,1.0,0.0
cls,25,13,simcse,50,0.02125715555555558,0.02038666666666672,0.015610777777777904,0.028561999999999952,0.01496888888888881,0.029617777777777854,1.0,0.0
sep,25,13,specter,50,-0.13026,-0.13031111111111116,-0.13997099999999985,-0.12273533333333324,-0.14122222222222225,-0.12260888888888877,0.0,1.0
sep,25,13,specter2,50,-0.15730595555555554,-0.1572933333333334,-0.1654316666666666,-0.14906433333333338,-0.1656711111111111,-0.14626666666666666,0.0,1.0
sep,25,13,scincl,50,-0.16346737777777778,-0.16352444444444436,-0.17149177777777777,-0.15263022222222222,-0.17296,-0.14999111111111119,0.0,1.0
sep,25,13,scibert,50,0.06453733333333334,0.06531555555555546,0.0576871111111111,0.07135000000000007,0.05757777777777773,0.07255111111111112,1.0,0.0
sep,25,13,bert,50,0.06803235555555556,0.06737555555555558,0.06139611111111111,0.07605599999999998,0.05954666666666664,0.07802222222222244,1.0,0.0
sep,25,13,mpnet,50,-0.1433997333333333,-0.14337555555555553,-0.15334322222222227,-0.13174166666666667,-0.1535644444444445,-0.1272755555555556,0.0,1.0
sep,25,13,minilm,50,-0.09783697777777778,-0.09738444444444438,-0.10800200000000001,-0.09026233333333336,-0.10921777777777775,-0.08483111111111119,0.0,1.0
sep,25,13,pubmedbert,50,0.03840826666666666,0.03847777777777778,0.031015333333333412,0.044527000000000046,0.030728888888888806,0.054048888888888924,1.0,0.0
sep,25,13,biobert,50,0.00943279999999999,0.010260000000000047,-0.00047133333333335413,0.015870666666666613,-0.0025644444444444803,0.016164444444444426,0.94,0.06
sep,25,13,simcse,50,0.04341448888888887,0.043044444444444496,0.037293111111111,0.051182111111110984,0.037084444444444475,0.05187111111111098,1.0,0.0
mean,10,14,specter,50,-0.06043577777777779,-0.06000555555555548,-0.07355222222222231,-0.05060416666666672,-0.07424444444444445,-0.04648888888888891,0.0,1.0
mean,10,14,specter2,50,-0.09219444444444441,-0.09338333333333321,-0.10369305555555548,-0.07901361111111108,-0.10977777777777775,-0.07413333333333338,0.0,1.0
mean,10,14,scincl,50,-0.08193222222222224,-0.08133888888888896,-0.09356249999999994,-0.0676416666666666,-0.09897777777777772,-0.06432222222222228,0.0,1.0
mean,10,14,scibert,50,0.15293644444444446,0.1524666666666667,0.14379333333333327,0.16285250000000004,0.14282222222222218,0.16527777777777786,1.0,0.0
mean,10,14,bert,50,0.13150711111111113,0.13124444444444444,0.12440583333333334,0.14079583333333334,0.11829999999999996,0.1420111111111111,1.0,0.0
mean,10,14,mpnet,50,-0.14014622222222223,-0.14067222222222214,-0.15150555555555553,-0.12688694444444443,-0.15402222222222217,-0.12631111111111115,0.0,1.0
mean,10,14,minilm,50,-0.0802491111111111,-0.07944444444444437,-0.09511194444444449,-0.06976666666666666,-0.09699999999999998,-0.0660666666666666,0.0,1.0
mean,10,14,pubmedbert,50,0.14896600000000002,0.1495111111111112,0.13996666666666663,0.15618861111111115,0.13951111111111103,0.16178888888888887,1.0,0.0
mean,10,14,biobert,50,0.1463368888888889,0.1461055555555556,0.13897500000000004,0.1575541666666667,0.1386777777777778,0.16041111111111117,1.0,0.0
mean,10,14,simcse,50,0.08892977777777776,0.08879999999999999,0.08050638888888882,0.09837277777777774,0.07992222222222223,0.10025555555555554,1.0,0.0
mean,25,14,specter,50,-0.06874764444444444,-0.06893333333333329,-0.07812655555555559,-0.05797288888888892,-0.07920888888888888,-0.05736444444444433,0.0,1.0
mean,25,14,specter2,50,-0.09838693333333333,-0.09840888888888893,-0.11110655555555558,-0.08763333333333327,-0.11211111111111116,-0.08572444444444438,0.0,1.0
mean,25,14,scincl,50,-0.08740960000000002,-0.08764888888888883,-0.09706344444444437,-0.07631777777777775,-0.10044888888888903,-0.07348888888888905,0.0,1.0
mean,25,14,scibert,50,0.1508751111111111,0.15103777777777783,0.1427749999999999,0.15978911111111116,0.13943555555555542,0.16294666666666668,1.0,0.0
mean,25,14,bert,50,0.13265537777777778,0.13263111111111114,0.1257247777777778,0.13971966666666671,0.12335555555555555,0.1408355555555555,1.0,0.0
mean,25,14,mpnet,50,-0.14002835555555557,-0.14091555555555552,-0.1478944444444444,-0.1283196666666667,-0.14895111111111115,-0.12314222222222204,0.0,1.0
mean,25,14,minilm,50,-0.08192293333333332,-0.0817155555555556,-0.09314322222222221,-0.0727185555555555,-0.09427111111111108,-0.07077333333333335,0.0,1.0
mean,25,14,pubmedbert,50,0.15342755555555557,0.15379555555555552,0.1463117777777779,0.16235877777777774,0.14617333333333338,0.16284888888888882,1.0,0.0
mean,25,14,biobert,50,0.15493537777777777,0.15500666666666663,0.14582311111111113,0.1635824444444445,0.14387555555555553,0.16386222222222213,1.0,0.0
mean,25,14,simcse,50,0.08551973333333335,0.08536444444444441,0.07679088888888892,0.0932977777777778,0.07537333333333329,0.0956488888888889,1.0,0.0
mean,50,14,specter,50,-0.07914528888888889,-0.07929333333333333,-0.0891189444444445,-0.06772522222222227,-0.08952222222222228,-0.06472,0.0,1.0
mean,50,14,specter2,50,-0.10195164444444446,-0.10108555555555548,-0.11338211111111118,-0.09153694444444445,-0.11412222222222224,-0.09021777777777773,0.0,1.0
mean,50,14,scincl,50,-0.0935331111111111,-0.09371444444444443,-0.10174688888888889,-0.08243266666666675,-0.10243777777777774,-0.0812222222222223,0.0,1.0
mean,50,14,scibert,50,0.14437377777777777,0.14464888888888894,0.1351115,0.1530993333333334,0.13353777777777787,0.1548666666666666,1.0,0.0
mean,50,14,bert,50,0.12771262222222224,0.1269466666666666,0.12156900000000002,0.13571933333333333,0.11839999999999995,0.1365533333333333,1.0,0.0
mean,50,14,mpnet,50,-0.1424363111111111,-0.14284888888888897,-0.14973849999999994,-0.13140377777777773,-0.15080666666666676,-0.1284911111111111,0.0,1.0
mean,50,14,minilm,50,-0.08375915555555555,-0.08302444444444446,-0.0922470555555556,-0.07585105555555549,-0.09364666666666677,-0.07488000000000006,0.0,1.0
mean,50,14,pubmedbert,50,0.15377684444444445,0.1539133333333334,0.1472573333333333,0.16098794444444448,0.14547333333333334,0.1622133333333332,1.0,0.0
mean,50,14,biobert,50,0.15641817777777778,0.15607,0.14825405555555551,0.16409083333333327,0.1471933333333333,0.16424444444444442,1.0,0.0
mean,50,14,simcse,50,0.08253884444444443,0.0835433333333333,0.07459855555555538,0.09140766666666662,0.0726755555555556,0.09379111111111116,1.0,0.0
cls,25,14,specter,50,-0.10005306666666668,-0.09991111111111106,-0.10946355555555562,-0.08904566666666668,-0.10972000000000004,-0.08802222222222211,0.0,1.0
cls,25,14,specter2,50,-0.13027475555555554,-0.1296977777777778,-0.14190655555555548,-0.11868111111111114,-0.14392000000000005,-0.11793333333333322,0.0,1.0
cls,25,14,scincl,50,-0.1162832,-0.11622444444444441,-0.12626288888888884,-0.10482044444444442,-0.12855555555555565,-0.10185777777777794,0.0,1.0
cls,25,14,scibert,50,0.07841235555555556,0.07827111111111107,0.07114677777777778,0.08414411111111104,0.06928444444444459,0.0848000000000001,1.0,0.0
cls,25,14,bert,50,0.08662755555555554,0.08732666666666672,0.07962577777777788,0.09179233333333336,0.07504888888888872,0.09227555555555544,1.0,0.0
cls,25,14,mpnet,50,-0.1738775111111111,-0.17417555555555558,-0.18189655555555562,-0.16255855555555554,-0.18204888888888893,-0.15543111111111108,0.0,1.0
cls,25,14,minilm,50,-0.11833315555555554,-0.11777333333333334,-0.12870944444444443,-0.11053688888888893,-0.13115555555555547,-0.10698666666666667,0.0,1.0
cls,25,14,pubmedbert,50,0.11792195555555557,0.11782666666666669,0.11177044444444453,0.12308322222222214,0.11063111111111112,0.12448000000000015,1.0,0.0
cls,25,14,biobert,50,0.12029253333333333,0.12063777777777779,0.11569277777777776,0.12417422222222219,0.11548888888888897,0.1244088888888889,1.0,0.0
cls,25,14,simcse,50,0.0316017777777778,0.03173777777777781,0.02226055555555561,0.038651111111111164,0.021484444444444528,0.041648888888888846,1.0,0.0
sep,25,14,specter,50,-0.08115617777777777,-0.08130222222222222,-0.09014022222222225,-0.07040922222222229,-0.09029333333333334,-0.06964000000000004,0.0,1.0
sep,25,14,specter2,50,-0.11085893333333331,-0.11088222222222222,-0.12251144444444434,-0.10020422222222218,-0.1248488888888889,-0.09843999999999997,0.0,1.0
sep,25,14,scincl,50,-0.09796391111111111,-0.0982622222222222,-0.10733844444444447,-0.08669999999999999,-0.11186666666666667,-0.08411111111111125,0.0,1.0
sep,25,14,scibert,50,0.0628376888888889,0.06275111111111115,0.05691777777777783,0.06873933333333339,0.0547777777777777,0.07072444444444437,1.0,0.0
sep,25,14,bert,50,0.06171608888888887,0.06155777777777771,0.055972222222222166,0.06729999999999998,0.055373333333333385,0.07114222222222222,1.0,0.0
sep,25,14,mpnet,50,-0.15219564444444444,-0.15200666666666662,-0.1606737777777777,-0.14088011111111107,-0.16138666666666668,-0.13518666666666668,0.0,1.0
sep,25,14,minilm,50,-0.09601333333333333,-0.0957311111111111,-0.10703766666666677,-0.08626488888888889,-0.10992444444444438,-0.08475111111111111,0.0,1.0
sep,25,14,pubmedbert,50,0.1007854222222222,0.09997555555555548,0.0931352222222222,0.10962899999999996,0.09276000000000006,0.11077333333333328,1.0,0.0
sep,25,14,biobert,50,0.09833164444444442,0.09744888888888886,0.09029344444444447,0.10780500000000003,0.08953777777777772,0.10965333333333338,1.0,0.0
sep,25,14,simcse,50,0.051612622222222224,0.05144444444444446,0.04304555555555555,0.05997933333333329,0.04188444444444439,0.06073777777777778,1.0,0.0
mean,10,15,specter,50,-0.06613755555555556,-0.06640000000000001,-0.07974722222222223,-0.05550388888888896,-0.08055555555555571,-0.05334444444444442,0.0,1.0
mean,10,15,specter2,50,-0.07235622222222222,-0.07097222222222227,-0.08518138888888888,-0.06210499999999998,-0.08867777777777786,-0.061933333333333285,0.0,1.0
mean,10,15,scincl,50,-0.08713688888888889,-0.08828333333333338,-0.09919083333333341,-0.07562527777777785,-0.10297777777777783,-0.06736666666666657,0.0,1.0
mean,10,15,scibert,50,0.1793757777777778,0.17960555555555546,0.16950500000000007,0.18822361111111102,0.16737777777777785,0.18892222222222232,1.0,0.0
mean,10,15,bert,50,0.1464508888888889,0.1458888888888889,0.13817166666666666,0.1555669444444444,0.1354777777777778,0.15823333333333334,1.0,0.0
mean,10,15,mpnet,50,-0.12826444444444443,-0.12850555555555554,-0.1384272222222223,-0.1164480555555557,-0.13885555555555562,-0.11457777777777778,0.0,1.0
mean,10,15,minilm,50,-0.09235822222222217,-0.09221666666666667,-0.10268805555555552,-0.0824116666666666,-0.10355555555555562,-0.08105555555555544,0.0,1.0
mean,10,15,pubmedbert,50,0.15209133333333333,0.15168333333333334,0.14299,0.16027499999999997,0.14273333333333338,0.16470000000000007,1.0,0.0
mean,10,15,biobert,50,0.1587511111111111,0.15922222222222215,0.15013222222222217,0.1669369444444445,0.14941111111111105,0.1694444444444444,1.0,0.0
mean,10,15,simcse,50,0.09576288888888891,0.09613888888888888,0.08903444444444439,0.10462249999999992,0.08747777777777777,0.10523333333333329,1.0,0.0
mean,25,15,specter,50,-0.0774920888888889,-0.07732222222222224,-0.08780266666666657,-0.06818744444444445,-0.08811111111111114,-0.06653333333333333,0.0,1.0
mean,25,15,specter2,50,-0.07902755555555556,-0.07982888888888884,-0.08966544444444456,-0.06533677777777785,-0.09350222222222226,-0.0650088888888889,0.0,1.0
mean,25,15,scincl,50,-0.09652533333333332,-0.09757555555555553,-0.10942722222222218,-0.08548688888888893,-0.11047111111111108,-0.08401333333333338,0.0,1.0
mean,25,15,scibert,50,0.1810487111111111,0.18034000000000006,0.17261355555555566,0.18860399999999986,0.17107555555555565,0.1906888888888889,1.0,0.0
mean,25,15,bert,50,0.14324195555555555,0.14339555555555555,0.13554355555555553,0.15276088888888886,0.13449333333333335,0.15307999999999988,1.0,0.0
mean,25,15,mpnet,50,-0.12884373333333332,-0.1280911111111111,-0.13950655555555563,-0.1200195555555555,-0.14019111111111104,-0.11827555555555558,0.0,1.0
mean,25,15,minilm,50,-0.09272346666666667,-0.09299111111111114,-0.1016328888888888,-0.08087622222222217,-0.10271111111111109,-0.07892888888888883,0.0,1.0
mean,25,15,pubmedbert,50,0.14936471111111113,0.14864888888888889,0.1388742222222222,0.15805044444444438,0.13737333333333324,0.1601555555555556,1.0,0.0
mean,25,15,biobert,50,0.16869057777777777,0.16798444444444438,0.16152733333333333,0.17789544444444444,0.16131555555555555,0.18030222222222214,1.0,0.0
mean,25,15,simcse,50,0.0956512888888889,0.09584222222222222,0.08875322222222229,0.10253999999999992,0.08735555555555552,0.10482222222222215,1.0,0.0
mean,50,15,specter,50,-0.08907657777777779,-0.08846555555555563,-0.09894527777777781,-0.08016205555555553,-0.09973333333333334,-0.07947111111111116,0.0,1.0
mean,50,15,specter2,50,-0.08419355555555555,-0.08431,-0.09580033333333329,-0.0710302222222223,-0.09630666666666665,-0.06938,0.0,1.0
mean,50,15,scincl,50,-0.10304422222222223,-0.10228111111111116,-0.11436405555555558,-0.0936507777777778,-0.1159755555555555,-0.09257111111111116,0.0,1.0
mean,50,15,scibert,50,0.17327160000000003,0.17307888888888878,0.1659773888888889,0.17998011111111112,0.16385777777777788,0.18147555555555572,1.0,0.0
mean,50,15,bert,50,0.131906,0.13230333333333344,0.123808,0.14033266666666677,0.121068888888889,0.1429244444444444,1.0,0.0
mean,50,15,mpnet,50,-0.13124093333333334,-0.13065555555555558,-0.14041444444444437,-0.12416527777777778,-0.14063111111111115,-0.12290222222222213,0.0,1.0
mean,50,15,minilm,50,-0.09564844444444442,-0.09520777777777778,-0.10331594444444442,-0.08956883333333338,-0.10473333333333323,-0.08796888888888887,0.0,1.0
mean,50,15,pubmedbert,50,0.13913804444444444,0.13834666666666667,0.13118744444444444,0.14842472222222225,0.12493333333333345,0.15000222222222226,1.0,0.0
mean,50,15,biobert,50,0.17386844444444446,0.17335555555555554,0.16764916666666665,0.1817060000000001,0.1638977777777778,0.1839666666666666,1.0,0.0
mean,50,15,simcse,50,0.08781404444444442,0.08850111111111114,0.07951616666666664,0.09415144444444436,0.07874222222222227,0.09638444444444438,1.0,0.0
cls,25,15,specter,50,-0.1300719111111111,-0.12945111111111102,-0.1397497777777777,-0.12176222222222216,-0.14058222222222228,-0.12118222222222241,0.0,1.0
cls,25,15,specter2,50,-0.1276978666666667,-0.12824666666666662,-0.13846244444444444,-0.11506011111111113,-0.14271111111111123,-0.11332444444444445,0.0,1.0
cls,25,15,scincl,50,-0.14419146666666666,-0.14520888888888894,-0.15525922222222222,-0.13412266666666675,-0.15652,-0.13407999999999987,0.0,1.0
cls,25,15,scibert,50,0.08627102222222222,0.08617111111111114,0.08157244444444442,0.09134255555555544,0.0793422222222222,0.0919511111111111,1.0,0.0
cls,25,15,bert,50,0.11783671111111113,0.11804222222222227,0.11136655555555555,0.12328766666666661,0.10579555555555564,0.12345777777777778,1.0,0.0
cls,25,15,mpnet,50,-0.1824083555555555,-0.1823933333333333,-0.1930761111111112,-0.17372188888888893,-0.1946444444444444,-0.17317777777777765,0.0,1.0
cls,25,15,minilm,50,-0.14591928888888892,-0.14598,-0.1560952222222222,-0.13471277777777782,-0.15705333333333327,-0.13362666666666656,0.0,1.0
cls,25,15,pubmedbert,50,0.11408915555555556,0.11445777777777777,0.10803666666666674,0.11974277777777773,0.10568888888888894,0.12160000000000004,1.0,0.0
cls,25,15,biobert,50,0.11957786666666666,0.11957777777777773,0.11278255555555557,0.12585344444444457,0.11242222222222209,0.12626666666666664,1.0,0.0
cls,25,15,simcse,50,0.04194853333333334,0.041513333333333347,0.03514044444444443,0.047815444444444445,0.03336444444444442,0.05189777777777782,1.0,0.0
sep,25,15,specter,50,-0.08760044444444443,-0.08702666666666664,-0.09779933333333343,-0.07850599999999998,-0.09845777777777787,-0.07727555555555565,0.0,1.0
sep,25,15,specter2,50,-0.09014293333333333,-0.09059111111111112,-0.1009245555555556,-0.07749144444444442,-0.10380888888888895,-0.07682222222222224,0.0,1.0
sep,25,15,scincl,50,-0.1044247111111111,-0.10516888888888892,-0.11625933333333341,-0.09377411111111121,-0.11809777777777775,-0.0931777777777778,0.0,1.0
sep,25,15,scibert,50,0.0940360888888889,0.09326666666666666,0.08839588888888887,0.1001613333333334,0.0873733333333333,0.10271555555555556,1.0,0.0
sep,25,15,bert,50,0.08713395555555553,0.0870644444444445,0.08154144444444436,0.09602988888888882,0.0811911111111111,0.09877333333333338,1.0,0.0
sep,25,15,mpnet,50,-0.13798115555555554,-0.13752444444444445,-0.148325,-0.12966755555555548,-0.14999555555555555,-0.12930666666666668,0.0,1.0
sep,25,15,minilm,50,-0.10428382222222222,-0.10394666666666669,-0.1140432222222222,-0.09319444444444444,-0.11470666666666673,-0.09310666666666667,0.0,1.0
sep,25,15,pubmedbert,50,0.09893582222222223,0.0992333333333334,0.08918066666666666,0.10804055555555556,0.0887377777777778,0.10999999999999999,1.0,0.0
sep,25,15,biobert,50,0.091,0.0900933333333333,0.08397200000000007,0.10065833333333338,0.0819066666666668,0.10288444444444445,1.0,0.0
sep,25,15,simcse,50,0.06910631111111112,0.06937555555555563,0.06248522222222223,0.07554277777777771,0.061768888888888984,0.07853333333333345,1.0,0.0
mean,10,16,specter,50,-0.10542911111111111,-0.10450000000000004,-0.11846111111111114,-0.09222722222222224,-0.126388888888889,-0.08744444444444455,0.0,1.0
mean,10,16,specter2,50,-0.11909466666666667,-0.11867777777777772,-0.12980472222222225,-0.11020750000000003,-0.132388888888889,-0.10258888888888895,0.0,1.0
mean,10,16,scincl,50,-0.12588688888888888,-0.12720000000000004,-0.13742305555555562,-0.1117697222222222,-0.13773333333333337,-0.10971111111111109,0.0,1.0
mean,10,16,scibert,50,0.1644191111111111,0.16499444444444444,0.15707222222222217,0.17396361111111114,0.15260000000000007,0.17462222222222223,1.0,0.0
mean,10,16,bert,50,0.1237551111111111,0.12323888888888895,0.11509416666666666,0.1312544444444445,0.11468888888888884,0.131711111111111,1.0,0.0
mean,10,16,mpnet,50,-0.15505400000000003,-0.15321111111111113,-0.17495527777777778,-0.14323944444444436,-0.17956666666666665,-0.13445555555555544,0.0,1.0
mean,10,16,minilm,50,-0.09812222222222224,-0.09868888888888894,-0.11148722222222214,-0.08731194444444448,-0.11717777777777794,-0.08171111111111107,0.0,1.0
mean,10,16,pubmedbert,50,0.12024844444444445,0.12046666666666667,0.11331444444444438,0.12973944444444444,0.10997777777777784,0.13232222222222223,1.0,0.0
mean,10,16,biobert,50,0.13007044444444443,0.1300944444444445,0.12111611111111101,0.13794527777777782,0.11703333333333332,0.14060000000000006,1.0,0.0
mean,10,16,simcse,50,0.0765148888888889,0.07614999999999994,0.06810472222222218,0.08626111111111108,0.0679333333333334,0.08662222222222216,1.0,0.0
mean,25,16,specter,50,-0.1132901333333333,-0.11417333333333335,-0.12356266666666668,-0.10048277777777771,-0.13495999999999997,-0.09699999999999998,0.0,1.0
mean,25,16,specter2,50,-0.12990444444444446,-0.13049555555555564,-0.14034788888888894,-0.11824211111111121,-0.14662666666666668,-0.11688444444444446,0.0,1.0
mean,25,16,scincl,50,-0.13471546666666667,-0.1338955555555556,-0.1469377777777778,-0.12434666666666663,-0.14899111111111119,-0.12388444444444446,0.0,1.0
mean,25,16,scibert,50,0.16448631111111112,0.16410888888888886,0.15800588888888895,0.17103377777777784,0.15688000000000002,0.17336444444444454,1.0,0.0
mean,25,16,bert,50,0.12686142222222224,0.12666222222222223,0.11974266666666662,0.13461911111111108,0.11827111111111122,0.13619555555555551,1.0,0.0
mean,25,16,mpnet,50,-0.1502423111111111,-0.14953111111111111,-0.16024844444444447,-0.13860777777777772,-0.16453777777777778,-0.1360622222222222,0.0,1.0
mean,25,16,minilm,50,-0.097304,-0.09644666666666668,-0.10717966666666666,-0.08755911111111098,-0.10976444444444455,-0.08604,0.0,1.0
mean,25,16,pubmedbert,50,0.11856044444444443,0.11804666666666669,0.11182800000000002,0.12839544444444453,0.11068444444444436,0.12945777777777778,1.0,0.0
mean,25,16,biobert,50,0.13406924444444443,0.1340622222222223,0.1279817777777778,0.13956788888888885,0.12748888888888887,0.140168888888889,1.0,0.0
mean,25,16,simcse,50,0.0802687111111111,0.08091555555555552,0.07211433333333336,0.08686422222222222,0.07177333333333336,0.08789333333333338,1.0,0.0
mean,50,16,specter,50,-0.12335702222222221,-0.12408666666666662,-0.1346132777777778,-0.1134920555555555,-0.13815555555555548,-0.10971777777777791,0.0,1.0
mean,50,16,specter2,50,-0.13812795555555557,-0.1382633333333333,-0.15048683333333343,-0.12824950000000002,-0.15397555555555553,-0.12473555555555571,0.0,1.0
mean,50,16,scincl,50,-0.14571777777777778,-0.1445633333333332,-0.1582293333333334,-0.1366804444444444,-0.16274222222222223,-0.13412444444444427,0.0,1.0
mean,50,16,scibert,50,0.1583792888888889,0.15852666666666665,0.15052383333333333,0.16572127777777784,0.14784444444444444,0.16636444444444443,1.0,0.0
mean,50,16,bert,50,0.12001613333333333,0.12065111111111121,0.11121205555555558,0.12806138888888893,0.11082888888888887,0.12844222222222224,1.0,0.0
mean,50,16,mpnet,50,-0.14682062222222222,-0.14737222222222224,-0.15516855555555556,-0.1382492777777778,-0.15802222222222229,-0.13677777777777778,0.0,1.0
mean,50,16,minilm,50,-0.09742453333333334,-0.09667555555555563,-0.10726177777777775,-0.08737894444444437,-0.10810666666666668,-0.08514888888888872,0.0,1.0
mean,50,16,pubmedbert,50,0.11091991111111112,0.10990555555555559,0.10357733333333337,0.11792216666666669,0.10275777777777784,0.12139999999999995,1.0,0.0
mean,50,16,biobert,50,0.12968453333333335,0.12956888888888896,0.12485544444444448,0.13649905555555555,0.12464444444444445,0.13711333333333342,1.0,0.0
mean,50,16,simcse,50,0.07629693333333334,0.07649666666666666,0.06893038888888893,0.08304372222222223,0.0683111111111111,0.08451111111111109,1.0,0.0
cls,25,16,specter,50,-0.1544883555555555,-0.15531555555555554,-0.16450599999999999,-0.14089733333333332,-0.17526666666666657,-0.13871999999999995,0.0,1.0
cls,25,16,specter2,50,-0.16519644444444445,-0.16528444444444446,-0.17503399999999997,-0.15431777777777778,-0.18144888888888888,-0.1524133333333334,0.0,1.0
cls,25,16,scincl,50,-0.1704054222222222,-0.16967111111111116,-0.1827188888888889,-0.161163,-0.1853422222222223,-0.15892000000000006,0.0,1.0
cls,25,16,scibert,50,0.0863206222222222,0.08564666666666654,0.08111733333333322,0.09261333333333334,0.08046222222222232,0.09355999999999998,1.0,0.0
cls,25,16,bert,50,0.0943127111111111,0.09433555555555562,0.08673011111111105,0.09954566666666663,0.08597777777777771,0.09988444444444444,1.0,0.0
cls,25,16,mpnet,50,-0.1911888888888889,-0.19034222222222225,-0.2013103333333333,-0.17901577777777783,-0.2044044444444444,-0.17484444444444447,0.0,1.0
cls,25,16,minilm,50,-0.14028773333333333,-0.13995333333333337,-0.15020477777777783,-0.13159966666666664,-0.1512933333333334,-0.1275911111111111,0.0,1.0
cls,25,16,pubmedbert,50,0.09993946666666666,0.09977999999999998,0.0945054444444444,0.1073596666666667,0.09339999999999993,0.10979555555555542,1.0,0.0
cls,25,16,biobert,50,0.09745573333333332,0.09730000000000005,0.09239522222222218,0.10322322222222219,0.09189333333333338,0.10738222222222216,1.0,0.0
cls,25,16,simcse,50,0.04491031111111111,0.045328888888888974,0.036922555555555445,0.05152677777777785,0.036640000000000006,0.05348888888888892,1.0,0.0
sep,25,16,specter,50,-0.12316017777777778,-0.12423777777777772,-0.13401566666666664,-0.10941855555555556,-0.1441377777777778,-0.10590222222222212,0.0,1.0
sep,25,16,specter2,50,-0.13858097777777778,-0.1390244444444445,-0.1488137777777777,-0.12748611111111108,-0.15487111111111107,-0.12624888888888897,0.0,1.0
sep,25,16,scincl,50,-0.14135066666666668,-0.14049111111111112,-0.1533624444444444,-0.13141455555555556,-0.15458666666666676,-0.13040000000000007,0.0,1.0
sep,25,16,scibert,50,0.07315866666666668,0.07311111111111118,0.06779944444444444,0.07897722222222228,0.0639466666666666,0.07938222222222224,1.0,0.0
sep,25,16,bert,50,0.057442577777777754,0.057275555555555524,0.051306333333333315,0.06449277777777769,0.049435555555555455,0.06515111111111105,1.0,0.0
sep,25,16,mpnet,50,-0.1599297777777778,-0.1590044444444445,-0.1702444444444444,-0.1490614444444444,-0.17378222222222217,-0.14431555555555553,0.0,1.0
sep,25,16,minilm,50,-0.1110863111111111,-0.11042666666666673,-0.12105500000000008,-0.10329022222222213,-0.12232888888888893,-0.09905333333333333,0.0,1.0
sep,25,16,pubmedbert,50,0.04712168888888888,0.046202222222222256,0.04028611111111115,0.05765366666666659,0.03998222222222214,0.06055999999999995,1.0,0.0
sep,25,16,biobert,50,0.03454942222222221,0.0345355555555556,0.027480444444444425,0.04227666666666657,0.024142222222222065,0.042537777777777785,1.0,0.0
sep,25,16,simcse,50,0.052874222222222204,0.05325999999999992,0.04472800000000002,0.05953566666666663,0.04396,0.060084444444444496,1.0,0.0
mean,10,17,specter,50,-0.06372066666666666,-0.06231666666666669,-0.07591583333333322,-0.05244388888888883,-0.0778888888888889,-0.04754444444444439,0.0,1.0
mean,10,17,specter2,50,-0.06819355555555555,-0.06706666666666672,-0.08171638888888888,-0.0577458333333333,-0.0828888888888889,-0.05355555555555547,0.0,1.0
mean,10,17,scincl,50,-0.09839488888888889,-0.09699444444444438,-0.11509222222222228,-0.08634388888888886,-0.11677777777777787,-0.0803666666666667,0.0,1.0
mean,10,17,scibert,50,0.14628911111111112,0.1464166666666667,0.1393894444444445,0.15534277777777777,0.13906666666666667,0.15741111111111106,1.0,0.0
mean,10,17,bert,50,0.14326977777777775,0.14287222222222218,0.13461722222222214,0.1504397222222222,0.1338222222222223,0.15110000000000012,1.0,0.0
mean,10,17,mpnet,50,-0.10277066666666668,-0.10236666666666666,-0.11804805555555553,-0.091701388888889,-0.11995555555555559,-0.09156666666666669,0.0,1.0
mean,10,17,minilm,50,-0.06634244444444443,-0.06696111111111114,-0.08301166666666672,-0.05348194444444443,-0.0848333333333332,-0.0470222222222223,0.0,1.0
mean,10,17,pubmedbert,50,0.1630331111111111,0.16312777777777782,0.15739722222222227,0.16820277777777776,0.15541111111111117,0.16872222222222222,1.0,0.0
mean,10,17,biobert,50,0.16712022222222223,0.1673944444444444,0.1573772222222222,0.175035,0.1557777777777778,0.1781555555555555,1.0,0.0
mean,10,17,simcse,50,0.0855751111111111,0.08571666666666661,0.07670388888888885,0.09426805555555552,0.07594444444444448,0.09587777777777784,1.0,0.0
mean,25,17,specter,50,-0.07600408888888889,-0.07613333333333328,-0.08573977777777787,-0.06547233333333338,-0.08940000000000003,-0.06380444444444455,0.0,1.0
mean,25,17,specter2,50,-0.08234435555555557,-0.08156666666666662,-0.0968023333333334,-0.07069122222222224,-0.09825777777777778,-0.06952444444444428,0.0,1.0
mean,25,17,scincl,50,-0.10324506666666668,-0.10189333333333334,-0.12119544444444445,-0.09294922222222225,-0.12298222222222222,-0.08975555555555559,0.0,1.0
mean,25,17,scibert,50,0.14309333333333335,0.14281333333333335,0.13754822222222232,0.1509565555555555,0.1353022222222222,0.1515466666666666,1.0,0.0
mean,25,17,bert,50,0.13696435555555556,0.13742222222222222,0.12828911111111113,0.14425022222222217,0.12739999999999996,0.14645333333333344,1.0,0.0
mean,25,17,mpnet,50,-0.10559431111111107,-0.10615111111111103,-0.11674144444444445,-0.09587366666666665,-0.11994222222222228,-0.09456888888888892,0.0,1.0
mean,25,17,minilm,50,-0.0711505777777778,-0.07017777777777778,-0.08127944444444442,-0.06299377777777786,-0.08974666666666664,-0.06264444444444428,0.0,1.0
mean,25,17,pubmedbert,50,0.16679155555555553,0.16681111111111113,0.16173733333333334,0.17127055555555548,0.16158666666666677,0.17472888888888882,1.0,0.0
mean,25,17,biobert,50,0.17484737777777773,0.1746666666666667,0.16803922222222223,0.18510811111111106,0.1663244444444446,0.18825333333333327,1.0,0.0
mean,25,17,simcse,50,0.08118462222222222,0.0821466666666667,0.07400155555555564,0.0877341111111111,0.07109333333333345,0.09038222222222214,1.0,0.0
mean,50,17,specter,50,-0.08308395555555555,-0.08313999999999999,-0.09126577777777789,-0.0743332222222222,-0.0943666666666666,-0.07226444444444435,0.0,1.0
mean,50,17,specter2,50,-0.088812,-0.08884444444444439,-0.10143372222222223,-0.07905616666666668,-0.10253777777777773,-0.07822222222222219,0.0,1.0
mean,50,17,scincl,50,-0.10840164444444446,-0.10783777777777775,-0.12678922222222225,-0.09622311111111105,-0.12851777777777784,-0.09610000000000007,0.0,1.0
mean,50,17,scibert,50,0.13518386666666665,0.13592666666666675,0.12784266666666663,0.1423251111111111,0.12718666666666667,0.14378222222222214,1.0,0.0
mean,50,17,bert,50,0.12618671111111113,0.12587777777777776,0.1191639999999999,0.13325694444444453,0.11500444444444446,0.13641111111111104,1.0,0.0
mean,50,17,mpnet,50,-0.10804040000000001,-0.10799222222222232,-0.11800588888888891,-0.09989099999999992,-0.11946222222222225,-0.0985866666666666,0.0,1.0
mean,50,17,minilm,50,-0.07269462222222223,-0.07218999999999998,-0.08335211111111118,-0.06545594444444452,-0.08598666666666677,-0.05952444444444449,0.0,1.0
mean,50,17,pubmedbert,50,0.16541484444444443,0.1655822222222222,0.15958277777777788,0.17246772222222223,0.15845555555555557,0.1726399999999999,1.0,0.0
mean,50,17,biobert,50,0.18049600000000002,0.18089777777777777,0.17348811111111107,0.18746533333333346,0.1714199999999999,0.1919022222222222,1.0,0.0
mean,50,17,simcse,50,0.07150702222222223,0.0720277777777778,0.06393261111111122,0.0779865555555556,0.06286666666666674,0.07927777777777789,1.0,0.0
cls,25,17,specter,50,-0.11712480000000002,-0.11738444444444446,-0.1267625555555555,-0.10842577777777787,-0.1293333333333333,-0.10526666666666662,0.0,1.0
cls,25,17,specter2,50,-0.12210337777777779,-0.12204666666666669,-0.1366278888888889,-0.10884055555555555,-0.1375333333333334,-0.10848444444444427,0.0,1.0
cls,25,17,scincl,50,-0.1425521777777778,-0.14147333333333334,-0.1595056666666666,-0.13137222222222225,-0.1609733333333333,-0.12716000000000005,0.0,1.0
cls,25,17,scibert,50,0.07714595555555553,0.07716222222222219,0.07075400000000004,0.08422233333333339,0.06974222222222226,0.08656000000000008,1.0,0.0
cls,25,17,bert,50,0.09773484444444445,0.09783111111111109,0.0923576666666666,0.10265355555555553,0.09047555555555553,0.10381777777777768,1.0,0.0
cls,25,17,mpnet,50,-0.1525234666666667,-0.1531422222222223,-0.1627873333333333,-0.14307433333333344,-0.16796,-0.14217777777777785,0.0,1.0
cls,25,17,minilm,50,-0.12077937777777777,-0.1204088888888889,-0.1300838888888889,-0.11187388888888894,-0.13812888888888886,-0.10990666666666671,0.0,1.0
cls,25,17,pubmedbert,50,0.1276734222222222,0.12788444444444447,0.12285433333333338,0.1323767777777778,0.11995999999999996,0.13247555555555568,1.0,0.0
cls,25,17,biobert,50,0.12844382222222225,0.12869333333333327,0.12230911111111116,0.13406355555555557,0.11968888888888884,0.13667111111111108,1.0,0.0
cls,25,17,simcse,50,0.023092266666666666,0.023580000000000045,0.014814111111111125,0.029460999999999973,0.013826666666666765,0.03262666666666658,1.0,0.0
sep,25,17,specter,50,-0.08665884444444444,-0.08656222222222215,-0.09611900000000005,-0.0765558888888889,-0.09866222222222243,-0.07551555555555567,0.0,1.0
sep,25,17,specter2,50,-0.09291742222222224,-0.09283555555555556,-0.10728977777777773,-0.08083877777777772,-0.10766222222222221,-0.07933777777777773,0.0,1.0
sep,25,17,scincl,50,-0.1130041777777778,-0.11196444444444442,-0.1306196666666666,-0.10241655555555565,-0.13196444444444444,-0.09980000000000011,0.0,1.0
sep,25,17,scibert,50,0.06601075555555555,0.06613999999999998,0.06037588888888891,0.07244511111111117,0.0595822222222222,0.0736444444444444,1.0,0.0
sep,25,17,bert,50,0.08743831111111111,0.08711333333333321,0.08199211111111103,0.09315788888888896,0.08008888888888888,0.09398666666666666,1.0,0.0
sep,25,17,mpnet,50,-0.11780773333333334,-0.118228888888889,-0.1282696666666667,-0.10784955555555557,-0.13343555555555564,-0.10742666666666678,0.0,1.0
sep,25,17,minilm,50,-0.0846456,-0.08422888888888891,-0.09436833333333323,-0.07665144444444451,-0.1024799999999999,-0.07660444444444447,0.0,1.0
sep,25,17,pubmedbert,50,0.12891617777777778,0.13012222222222225,0.12092122222222225,0.13625433333333326,0.11993777777777781,0.1384266666666666,1.0,0.0
sep,25,17,biobert,50,0.1208864,0.12077777777777782,0.1145505555555556,0.12732011111111105,0.11180000000000001,0.12900444444444448,1.0,0.0
sep,25,17,simcse,50,0.05460382222222224,0.05517555555555553,0.047226444444444404,0.06055677777777783,0.04548888888888902,0.06481333333333339,1.0,0.0
mean,10,18,specter,50,-0.03048222222222224,-0.030505555555555564,-0.04351333333333331,-0.019141944444444496,-0.04753333333333343,-0.009744444444444555,0.0,1.0
mean,10,18,specter2,50,-0.05750133333333336,-0.05852222222222231,-0.0685263888888889,-0.044982222222222236,-0.0703555555555554,-0.043233333333333235,0.0,1.0
mean,10,18,scincl,50,-0.05456666666666667,-0.054066666666666596,-0.06759555555555558,-0.040660555555555575,-0.06930000000000003,-0.04007777777777777,0.0,1.0
mean,10,18,scibert,50,0.1718311111111111,0.17236666666666667,0.16331166666666674,0.18081388888888894,0.1627222222222222,0.1818777777777778,1.0,0.0
mean,10,18,bert,50,0.14946711111111108,0.1496722222222222,0.14302888888888884,0.15612027777777776,0.14249999999999996,0.15661111111111115,1.0,0.0
mean,10,18,mpnet,50,-0.09707977777777778,-0.0970111111111111,-0.10886222222222224,-0.08294638888888879,-0.11031111111111114,-0.07805555555555554,0.0,1.0
mean,10,18,minilm,50,-0.055503555555555556,-0.055427777777777854,-0.06760888888888887,-0.04440138888888885,-0.06923333333333337,-0.04283333333333339,0.0,1.0
mean,10,18,pubmedbert,50,0.16619933333333337,0.16598333333333337,0.15773722222222214,0.17475694444444448,0.15738888888888902,0.17647777777777773,1.0,0.0
mean,10,18,biobert,50,0.1703413333333334,0.1705166666666667,0.1624561111111111,0.1810491666666666,0.15870000000000006,0.18237777777777775,1.0,0.0
mean,10,18,simcse,50,0.08785466666666668,0.08835555555555558,0.0786172222222222,0.09472361111111106,0.07482222222222223,0.09656666666666658,1.0,0.0
mean,25,18,specter,50,-0.04587795555555555,-0.04525555555555555,-0.0548433333333334,-0.03584711111111121,-0.05678666666666665,-0.03444444444444461,0.0,1.0
mean,25,18,specter2,50,-0.06609582222222223,-0.06594888888888889,-0.07587611111111103,-0.05421988888888886,-0.07805777777777778,-0.053279999999999994,0.0,1.0
mean,25,18,scincl,50,-0.06301066666666669,-0.06438666666666665,-0.07631388888888893,-0.04855633333333333,-0.0769644444444445,-0.04627111111111126,0.0,1.0
mean,25,18,scibert,50,0.17370826666666667,0.17321777777777775,0.1685512222222223,0.18104666666666666,0.16761333333333328,0.18445777777777772,1.0,0.0
mean,25,18,bert,50,0.14846746666666666,0.14800444444444438,0.14172022222222222,0.15498288888888878,0.14109777777777788,0.15834666666666664,1.0,0.0
mean,25,18,mpnet,50,-0.1042271111111111,-0.10338444444444445,-0.115396,-0.09653833333333328,-0.11892444444444439,-0.08342222222222218,0.0,1.0
mean,25,18,minilm,50,-0.06221066666666668,-0.06230222222222226,-0.07174266666666664,-0.049681444444444445,-0.07264000000000015,-0.04798222222222215,0.0,1.0
mean,25,18,pubmedbert,50,0.17390160000000002,0.17362444444444447,0.16712233333333343,0.18192822222222224,0.16493777777777774,0.18354222222222227,1.0,0.0
mean,25,18,biobert,50,0.17999644444444446,0.17984444444444442,0.16880955555555552,0.19043555555555552,0.16793333333333327,0.19205777777777788,1.0,0.0
mean,25,18,simcse,50,0.08655982222222222,0.08662888888888892,0.0781788888888889,0.09484466666666674,0.07786666666666675,0.09501333333333328,1.0,0.0
mean,50,18,specter,50,-0.054834666666666684,-0.05507111111111118,-0.06331416666666669,-0.04548227777777778,-0.06472000000000011,-0.04463111111111118,0.0,1.0
mean,50,18,specter2,50,-0.07593586666666667,-0.07545444444444444,-0.0884703333333334,-0.06441005555555564,-0.0913733333333333,-0.06358444444444433,0.0,1.0
mean,50,18,scincl,50,-0.0696184888888889,-0.07077222222222218,-0.079241611111111,-0.05703655555555552,-0.08514888888888894,-0.05442888888888897,0.0,1.0
mean,50,18,scibert,50,0.1667190666666667,0.1666466666666666,0.16011616666666667,0.17434377777777776,0.15883333333333338,0.17609333333333332,1.0,0.0
mean,50,18,bert,50,0.13667795555555556,0.13624999999999998,0.1282966666666668,0.14545777777777785,0.1268488888888888,0.14627777777777784,1.0,0.0
mean,50,18,mpnet,50,-0.10767253333333335,-0.10676555555555556,-0.1175605555555556,-0.09971116666666678,-0.12058888888888897,-0.08872888888888886,0.0,1.0
mean,50,18,minilm,50,-0.06531164444444446,-0.06530555555555562,-0.07412572222222223,-0.05391316666666668,-0.07493555555555553,-0.0485066666666667,0.0,1.0
mean,50,18,pubmedbert,50,0.17046773333333334,0.17046444444444442,0.16402322222222226,0.1778951666666667,0.163588888888889,0.17967333333333324,1.0,0.0
mean,50,18,biobert,50,0.18212782222222224,0.18280111111111114,0.1730571111111111,0.19151383333333324,0.1725199999999999,0.19238,1.0,0.0
mean,50,18,simcse,50,0.07688577777777778,0.07666111111111112,0.06807199999999992,0.08412077777777767,0.06636888888888892,0.08431555555555559,1.0,0.0
cls,25,18,specter,50,-0.08207262222222222,-0.0819555555555555,-0.09098133333333334,-0.071815888888889,-0.0921333333333334,-0.0699955555555557,0.0,1.0
cls,25,18,specter2,50,-0.10249057777777777,-0.10247777777777789,-0.11257055555555558,-0.09150999999999997,-0.11275111111111114,-0.08897333333333324,0.0,1.0
cls,25,18,scincl,50,-0.09875413333333334,-0.09998666666666661,-0.11190188888888891,-0.08512733333333324,-0.11269777777777779,-0.0811644444444446,0.0,1.0
cls,25,18,scibert,50,0.09145466666666667,0.09065333333333336,0.08584911111111108,0.09839755555555559,0.08519999999999994,0.10335555555555553,1.0,0.0
cls,25,18,bert,50,0.10085733333333335,0.10052666666666665,0.09368488888888878,0.10638822222222223,0.09309777777777772,0.10688888888888892,1.0,0.0
cls,25,18,mpnet,50,-0.14698435555555556,-0.1466622222222223,-0.1562713333333334,-0.1384113333333334,-0.1602755555555555,-0.12626222222222216,0.0,1.0
cls,25,18,minilm,50,-0.10728346666666667,-0.10695111111111105,-0.11673366666666658,-0.09434688888888895,-0.11740444444444442,-0.09352000000000005,0.0,1.0
cls,25,18,pubmedbert,50,0.13131057777777777,0.13153555555555552,0.12345588888888898,0.1365367777777776,0.12210222222222222,0.137,1.0,0.0
cls,25,18,biobert,50,0.1289245333333333,0.12922444444444442,0.12089777777777769,0.13533833333333337,0.11985777777777773,0.13782222222222218,1.0,0.0
cls,25,18,simcse,50,0.03163031111111111,0.03140444444444446,0.02335999999999996,0.039572666666666687,0.02262222222222221,0.040000000000000036,1.0,0.0
sep,25,18,specter,50,-0.05552275555555557,-0.055602222222222164,-0.06364688888888896,-0.04533822222222219,-0.0663866666666666,-0.04352444444444448,0.0,1.0
sep,25,18,specter2,50,-0.07756728888888889,-0.07732222222222229,-0.08766700000000002,-0.06606422222222225,-0.08892888888888884,-0.06425777777777764,0.0,1.0
sep,25,18,scincl,50,-0.07204675555555556,-0.07330222222222221,-0.08500600000000014,-0.05884166666666672,-0.08675555555555559,-0.055035555555555726,0.0,1.0
sep,25,18,scibert,50,0.08188444444444443,0.0815777777777778,0.0769074444444444,0.0878651111111111,0.07574222222222216,0.08819555555555558,1.0,0.0
sep,25,18,bert,50,0.09069528888888888,0.09061111111111109,0.08331100000000004,0.09628344444444449,0.07794222222222225,0.09637333333333331,1.0,0.0
sep,25,18,mpnet,50,-0.11623946666666667,-0.11573333333333341,-0.12716333333333335,-0.10761122222222225,-0.1309555555555555,-0.09552444444444441,0.0,1.0
sep,25,18,minilm,50,-0.07602888888888888,-0.07666000000000006,-0.08436800000000007,-0.06298799999999992,-0.08635555555555563,-0.06155111111111111,0.0,1.0
sep,25,18,pubmedbert,50,0.12992924444444445,0.1300222222222222,0.12219766666666669,0.1392056666666666,0.12110666666666658,0.14029333333333327,1.0,0.0
sep,25,18,biobert,50,0.11677635555555556,0.11681333333333338,0.10797100000000005,0.12327388888888884,0.10367555555555552,0.1274088888888889,1.0,0.0
sep,25,18,simcse,50,0.05674764444444444,0.05653777777777785,0.048406333333333454,0.06476444444444453,0.048137777777777724,0.06621777777777771,1.0,0.0
mean,10,19,specter,50,-0.02683666666666669,-0.026588888888888884,-0.038502499999999946,-0.015155555555555627,-0.04386666666666672,-0.012066666666666892,0.0,1.0
mean,10,19,specter2,50,-0.06104755555555555,-0.06046111111111119,-0.07460000000000001,-0.04762666666666672,-0.0781777777777779,-0.045188888888888834,0.0,1.0
mean,10,19,scincl,50,-0.045930666666666654,-0.04576111111111114,-0.05960472222222221,-0.03172416666666658,-0.06282222222222222,-0.02750000000000008,0.0,1.0
mean,10,19,scibert,50,0.18895866666666666,0.18773888888888884,0.17864805555555557,0.19918638888888887,0.17774444444444448,0.2014111111111112,1.0,0.0
mean,10,19,bert,50,0.15069066666666667,0.15050000000000008,0.1422961111111111,0.16041166666666662,0.14173333333333327,0.16518888888888894,1.0,0.0
mean,10,19,mpnet,50,-0.11485399999999998,-0.11494444444444435,-0.12839388888888892,-0.10063805555555556,-0.12915555555555558,-0.09644444444444444,0.0,1.0
mean,10,19,minilm,50,-0.049954888888888896,-0.04985555555555554,-0.06312083333333335,-0.03940916666666675,-0.06382222222222234,-0.03775555555555565,0.0,1.0
mean,10,19,pubmedbert,50,0.1717273333333333,0.1718055555555555,0.1642227777777777,0.17933444444444432,0.1589222222222223,0.17948888888888892,1.0,0.0
mean,10,19,biobert,50,0.18148955555555552,0.18148888888888898,0.17244111111111118,0.1913169444444445,0.1722111111111112,0.19327777777777777,1.0,0.0
mean,10,19,simcse,50,0.1059757777777778,0.10615000000000008,0.09807249999999998,0.1147891666666667,0.0975555555555555,0.12003333333333321,1.0,0.0
mean,25,19,specter,50,-0.03901555555555558,-0.03929777777777782,-0.04940077777777771,-0.026722111111111065,-0.051408888888888726,-0.02433777777777779,0.0,1.0
mean,25,19,specter2,50,-0.07013466666666668,-0.06987111111111122,-0.08334077777777783,-0.060145777777777805,-0.08633333333333326,-0.058137777777777844,0.0,1.0
mean,25,19,scincl,50,-0.057965600000000006,-0.05900888888888889,-0.06890611111111117,-0.045350777777777775,-0.0697333333333332,-0.0410488888888888,0.0,1.0
mean,25,19,scibert,50,0.18008079999999999,0.1798111111111112,0.17187211111111114,0.18997166666666668,0.17119555555555555,0.1929200000000001,1.0,0.0
mean,25,19,bert,50,0.14379795555555552,0.14339111111111102,0.1361033333333333,0.1545551111111111,0.1347288888888888,0.1567733333333332,1.0,0.0
mean,25,19,mpnet,50,-0.11643493333333332,-0.11643777777777775,-0.12916055555555553,-0.1064943333333333,-0.1307288888888889,-0.10565333333333338,0.0,1.0
mean,25,19,minilm,50,-0.050104711111111117,-0.04996222222222224,-0.060766222222222145,-0.040667444444444395,-0.06100888888888889,-0.037217777777777905,0.0,1.0
mean,25,19,pubmedbert,50,0.16825831111111114,0.1681955555555555,0.1617082222222222,0.17531933333333338,0.16112888888888888,0.17712444444444453,1.0,0.0
mean,25,19,biobert,50,0.18091057777777778,0.17967111111111117,0.17213322222222216,0.19153833333333337,0.17111999999999994,0.19212444444444454,1.0,0.0
mean,25,19,simcse,50,0.10480924444444444,0.10488888888888886,0.09496444444444439,0.11266233333333331,0.09420888888888879,0.1151955555555555,1.0,0.0
mean,50,19,specter,50,-0.04980346666666666,-0.04905333333333328,-0.06141616666666669,-0.039299444444444484,-0.0667644444444444,-0.0343,0.0,1.0
mean,50,19,specter2,50,-0.07559911111111109,-0.07524444444444439,-0.0875492777777778,-0.06609183333333335,-0.09104444444444448,-0.064551111111111,0.0,1.0
mean,50,19,scincl,50,-0.07071817777777778,-0.07126333333333329,-0.08145011111111107,-0.05895105555555555,-0.08480444444444446,-0.05548444444444456,0.0,1.0
mean,50,19,scibert,50,0.1681496444444444,0.16726666666666667,0.16133572222222217,0.17842094444444434,0.16031111111111118,0.18195555555555565,1.0,0.0
mean,50,19,bert,50,0.12904062222222223,0.12849333333333335,0.12185105555555555,0.13701016666666668,0.12124666666666672,0.1379622222222222,1.0,0.0
mean,50,19,mpnet,50,-0.11334102222222221,-0.11339333333333335,-0.12354694444444445,-0.10529738888888884,-0.12450444444444442,-0.10406000000000015,0.0,1.0
mean,50,19,minilm,50,-0.049481688888888896,-0.04931777777777785,-0.05854933333333342,-0.04056327777777769,-0.06037111111111115,-0.039140000000000064,0.0,1.0
mean,50,19,pubmedbert,50,0.15774168888888887,0.15740666666666675,0.1498831111111111,0.1659400000000001,0.1496466666666667,0.1672688888888889,1.0,0.0
mean,50,19,biobert,50,0.17610808888888888,0.1753222222222222,0.16953594444444448,0.18627727777777772,0.16849111111111115,0.18796666666666673,1.0,0.0
mean,50,19,simcse,50,0.09604244444444446,0.09633555555555556,0.08845927777777775,0.10225694444444444,0.08609555555555559,0.10535777777777788,1.0,0.0
cls,25,19,specter,50,-0.09296480000000001,-0.09294888888888886,-0.10307977777777777,-0.07978822222222229,-0.1054222222222222,-0.07855111111111113,0.0,1.0
cls,25,19,specter2,50,-0.1144400888888889,-0.11380444444444437,-0.1284205555555556,-0.1047271111111111,-0.12971555555555547,-0.10115555555555555,0.0,1.0
cls,25,19,scincl,50,-0.10988888888888891,-0.11038666666666663,-0.12078111111111103,-0.09738544444444447,-0.1215466666666668,-0.09273333333333333,0.0,1.0
cls,25,19,scibert,50,0.08774782222222222,0.0877177777777779,0.08126711111111112,0.09453877777777767,0.08047999999999988,0.09544444444444444,1.0,0.0
cls,25,19,bert,50,0.11585502222222221,0.11614444444444444,0.10949044444444439,0.12141744444444437,0.10862666666666665,0.12193333333333334,1.0,0.0
cls,25,19,mpnet,50,-0.17156346666666672,-0.1717777777777778,-0.18313711111111114,-0.163593,-0.18484,-0.1627466666666666,0.0,1.0
cls,25,19,minilm,50,-0.10564684444444444,-0.10607333333333335,-0.11479444444444441,-0.09655688888888884,-0.1149066666666666,-0.09366222222222231,0.0,1.0
cls,25,19,pubmedbert,50,0.12202382222222223,0.12225777777777774,0.11530477777777771,0.1276551111111112,0.11353333333333337,0.12980000000000003,1.0,0.0
cls,25,19,biobert,50,0.1255032888888889,0.1250844444444445,0.11628755555555556,0.1333374444444444,0.11579555555555554,0.1346088888888889,1.0,0.0
cls,25,19,simcse,50,0.04977964444444444,0.05020000000000013,0.04039077777777782,0.05754933333333337,0.03840444444444435,0.058355555555555494,1.0,0.0
sep,25,19,specter,50,-0.056296266666666685,-0.05650000000000005,-0.06641088888888891,-0.04415688888888886,-0.06926222222222211,-0.04080000000000006,0.0,1.0
sep,25,19,specter2,50,-0.08272604444444445,-0.08253111111111117,-0.09626688888888883,-0.07318033333333332,-0.09857777777777776,-0.06900000000000006,0.0,1.0
sep,25,19,scincl,50,-0.0734791111111111,-0.07424666666666663,-0.08400699999999992,-0.06037300000000006,-0.08488444444444443,-0.05540444444444448,0.0,1.0
sep,25,19,scibert,50,0.10142293333333333,0.10101555555555553,0.09393955555555554,0.10929333333333335,0.09320000000000006,0.10966222222222233,1.0,0.0
sep,25,19,bert,50,0.06932604444444446,0.06906000000000007,0.06171877777777776,0.07782266666666669,0.05676888888888898,0.07875555555555547,1.0,0.0
sep,25,19,mpnet,50,-0.13030382222222225,-0.1303333333333333,-0.14194288888888892,-0.12098822222222219,-0.1440177777777778,-0.12046666666666661,0.0,1.0
sep,25,19,minilm,50,-0.06671137777777777,-0.06696666666666667,-0.07661255555555536,-0.05806988888888885,-0.0777822222222222,-0.054106666666666636,0.0,1.0
sep,25,19,pubmedbert,50,0.11986168888888889,0.11995111111111112,0.11091866666666664,0.1282241111111111,0.11053777777777785,0.12890666666666661,1.0,0.0
sep,25,19,biobert,50,0.10277599999999998,0.10233333333333333,0.09416066666666657,0.11023400000000001,0.09277333333333326,0.11119999999999985,1.0,0.0
sep,25,19,simcse,50,0.07270346666666669,0.07270444444444446,0.06304366666666668,0.08094199999999999,0.06152000000000002,0.08145333333333327,1.0,0.0
mean,10,20,specter,50,-0.042797555555555554,-0.04236666666666672,-0.053543888888888856,-0.03330750000000003,-0.05473333333333341,-0.027877777777777668,0.0,1.0
mean,10,20,specter2,50,-0.07564044444444445,-0.07436111111111099,-0.08569333333333323,-0.06405777777777777,-0.09764444444444453,-0.05627777777777765,0.0,1.0
mean,10,20,scincl,50,-0.06719377777777778,-0.06711666666666671,-0.07995583333333336,-0.05342722222222235,-0.08095555555555556,-0.05224444444444443,0.0,1.0
mean,10,20,scibert,50,0.1674526666666667,0.16740555555555547,0.15806444444444445,0.17665499999999992,0.1569111111111111,0.17724444444444454,1.0,0.0
mean,10,20,bert,50,0.14086555555555558,0.14056111111111114,0.1326586111111112,0.148286111111111,0.13025555555555557,0.15073333333333339,1.0,0.0
mean,10,20,mpnet,50,-0.12630133333333332,-0.12608333333333344,-0.13564277777777767,-0.11724611111111108,-0.1359555555555556,-0.11687777777777775,0.0,1.0
mean,10,20,minilm,50,-0.0601068888888889,-0.0615222222222222,-0.06923416666666664,-0.048149722222222184,-0.06957777777777774,-0.045633333333333415,0.0,1.0
mean,10,20,pubmedbert,50,0.15678622222222222,0.15692222222222219,0.14827305555555553,0.1653705555555556,0.14763333333333328,0.16633333333333333,1.0,0.0
mean,10,20,biobert,50,0.15367711111111113,0.15316666666666667,0.14599666666666664,0.1607277777777778,0.144388888888889,0.1616333333333333,1.0,0.0
mean,10,20,simcse,50,0.09010888888888889,0.08976111111111112,0.08276472222222225,0.09915583333333339,0.08044444444444443,0.1010888888888889,1.0,0.0
mean,25,20,specter,50,-0.056600000000000004,-0.05694222222222234,-0.06679144444444443,-0.04654444444444446,-0.06816888888888895,-0.043319999999999914,0.0,1.0
mean,25,20,specter2,50,-0.07710266666666668,-0.07820888888888883,-0.09095288888888894,-0.06482788888888882,-0.10202666666666671,-0.057248888888888794,0.0,1.0
mean,25,20,scincl,50,-0.07552542222222225,-0.07608000000000004,-0.08689155555555562,-0.06239755555555559,-0.08967111111111126,-0.06108888888888897,0.0,1.0
mean,25,20,scibert,50,0.1698267555555556,0.17068666666666665,0.1605894444444444,0.17541688888888893,0.15761333333333327,0.1815688888888889,1.0,0.0
mean,25,20,bert,50,0.13951893333333332,0.13967111111111108,0.13140899999999991,0.14746788888888887,0.12791555555555556,0.14997777777777788,1.0,0.0
mean,25,20,mpnet,50,-0.12995155555555557,-0.13064888888888887,-0.13874966666666674,-0.11970366666666671,-0.13899111111111118,-0.11826666666666663,0.0,1.0
mean,25,20,minilm,50,-0.06920444444444446,-0.06946000000000002,-0.07745199999999998,-0.05971577777777778,-0.07809333333333335,-0.05390666666666666,0.0,1.0
mean,25,20,pubmedbert,50,0.1656519111111111,0.1655422222222223,0.16006311111111104,0.17231888888888874,0.157471111111111,0.17483555555555563,1.0,0.0
mean,25,20,biobert,50,0.16071866666666668,0.16057999999999995,0.15236977777777777,0.16855344444444437,0.15220888888888873,0.16904000000000008,1.0,0.0
mean,25,20,simcse,50,0.0881159111111111,0.08808888888888894,0.0812697777777778,0.09345299999999993,0.0797066666666667,0.10121333333333327,1.0,0.0
mean,50,20,specter,50,-0.0675232,-0.06809888888888888,-0.07783372222222222,-0.05527872222222218,-0.07840666666666662,-0.05464666666666662,0.0,1.0
mean,50,20,specter2,50,-0.08091613333333333,-0.08084111111111103,-0.0989148888888889,-0.06662377777777777,-0.10151999999999994,-0.06204444444444446,0.0,1.0
mean,50,20,scincl,50,-0.08253048888888888,-0.08244111111111102,-0.0942971666666667,-0.06994077777777778,-0.09805777777777769,-0.06267777777777783,0.0,1.0
mean,50,20,scibert,50,0.16610111111111114,0.16628222222222216,0.15912861111111118,0.17421500000000004,0.15203777777777772,0.17529777777777777,1.0,0.0
mean,50,20,bert,50,0.13411066666666666,0.1337355555555556,0.12410966666666659,0.1424664444444445,0.12337777777777781,0.14280222222222227,1.0,0.0
mean,50,20,mpnet,50,-0.12566435555555555,-0.1262077777777777,-0.13336144444444434,-0.11544099999999996,-0.13736888888888887,-0.11485333333333336,0.0,1.0
mean,50,20,minilm,50,-0.06795075555555555,-0.06835999999999998,-0.0763072777777778,-0.05948383333333331,-0.0772799999999999,-0.05263777777777778,0.0,1.0
mean,50,20,pubmedbert,50,0.17062266666666667,0.17057555555555554,0.16523066666666664,0.1768381666666666,0.16123999999999994,0.18032888888888898,1.0,0.0
mean,50,20,biobert,50,0.16292057777777783,0.1630922222222223,0.15306288888888894,0.17062205555555565,0.15181333333333336,0.17192000000000007,1.0,0.0
mean,50,20,simcse,50,0.08465902222222223,0.08436222222222223,0.07666283333333328,0.092977,0.07463111111111098,0.09673333333333334,1.0,0.0
cls,25,20,specter,50,-0.08844524444444446,-0.08946222222222228,-0.09752233333333334,-0.07726333333333335,-0.09987999999999997,-0.07525777777777776,0.0,1.0
cls,25,20,specter2,50,-0.1091966222222222,-0.11042666666666667,-0.12273766666666672,-0.09687411111111122,-0.1323955555555556,-0.08850222222222215,0.0,1.0
cls,25,20,scincl,50,-0.10732266666666668,-0.10796444444444453,-0.11851255555555557,-0.09433977777777784,-0.12080888888888897,-0.09355555555555561,0.0,1.0
cls,25,20,scibert,50,0.09289013333333332,0.09285777777777776,0.0867323333333333,0.09831677777777782,0.08186222222222217,0.09880000000000011,1.0,0.0
cls,25,20,bert,50,0.09871928888888888,0.09785555555555564,0.09284744444444443,0.10573111111111105,0.09251555555555568,0.10696000000000006,1.0,0.0
cls,25,20,mpnet,50,-0.1674627555555556,-0.16796000000000005,-0.17589333333333337,-0.15728588888888884,-0.17699555555555557,-0.15575555555555554,0.0,1.0
cls,25,20,minilm,50,-0.1076609777777778,-0.10840222222222223,-0.11499077777777775,-0.09846566666666662,-0.11727999999999994,-0.09480888888888894,0.0,1.0
cls,25,20,pubmedbert,50,0.12665822222222223,0.12622666666666665,0.12071388888888886,0.13182988888888894,0.11770222222222226,0.13237777777777782,1.0,0.0
cls,25,20,biobert,50,0.1322392,0.1322311111111112,0.12632688888888893,0.13707177777777793,0.1248177777777778,0.13721777777777777,1.0,0.0
cls,25,20,simcse,50,0.03738648888888889,0.03712888888888893,0.02987877777777769,0.043920666666666726,0.029239999999999933,0.04815999999999998,1.0,0.0
sep,25,20,specter,50,-0.06909413333333334,-0.06971777777777782,-0.07848277777777775,-0.05858200000000008,-0.08051555555555556,-0.05591999999999997,0.0,1.0
sep,25,20,specter2,50,-0.08928968888888887,-0.0901688888888888,-0.10408399999999998,-0.07716411111111116,-0.11279555555555565,-0.06819555555555545,0.0,1.0
sep,25,20,scincl,50,-0.08834817777777779,-0.08895333333333333,-0.09987844444444445,-0.07456855555555567,-0.10264444444444454,-0.07408888888888898,0.0,1.0
sep,25,20,scibert,50,0.08006257777777778,0.08049999999999996,0.0728921111111111,0.08646488888888888,0.07212444444444455,0.0873733333333333,1.0,0.0
sep,25,20,bert,50,0.06275893333333334,0.0628466666666666,0.0571575555555556,0.06915377777777772,0.05637777777777775,0.07059555555555552,1.0,0.0
sep,25,20,mpnet,50,-0.14317475555555553,-0.1437622222222223,-0.15209088888888894,-0.1334614444444444,-0.15365777777777778,-0.1311244444444445,0.0,1.0
sep,25,20,minilm,50,-0.08374728888888888,-0.08397555555555558,-0.09130177777777777,-0.0749308888888888,-0.09242222222222218,-0.06906222222222214,0.0,1.0
sep,25,20,pubmedbert,50,0.1190856,0.11930444444444444,0.11221411111111111,0.12658966666666666,0.10882666666666674,0.12748000000000004,1.0,0.0
sep,25,20,biobert,50,0.10415982222222223,0.1039222222222222,0.09703844444444443,0.11348355555555557,0.0932400000000001,0.11634222222222224,1.0,0.0
sep,25,20,simcse,50,0.05498995555555557,0.05518444444444448,0.047773222222222314,0.06156655555555558,0.046706666666666674,0.06761777777777778,1.0,0.0
mean,10,21,specter,50,-0.03932333333333332,-0.03945555555555552,-0.05072555555555554,-0.02394888888888887,-0.05745555555555559,-0.019944444444444542,0.0,1.0
mean,10,21,specter2,50,-0.09185022222222222,-0.09183333333333332,-0.10343138888888896,-0.08066138888888899,-0.1077555555555556,-0.07568888888888892,0.0,1.0
mean,10,21,scincl,50,-0.08503822222222222,-0.08431111111111106,-0.09603055555555554,-0.07258055555555563,-0.09660000000000013,-0.0709333333333334,0.0,1.0
mean,10,21,scibert,50,0.175976,0.1762611111111111,0.16379194444444448,0.18423638888888885,0.16186666666666671,0.18534444444444453,1.0,0.0
mean,10,21,bert,50,0.14552555555555557,0.14468888888888892,0.13847388888888887,0.15529555555555563,0.13822222222222225,0.15614444444444442,1.0,0.0
mean,10,21,mpnet,50,-0.12125466666666666,-0.12148333333333328,-0.13159444444444446,-0.10784611111111114,-0.13545555555555544,-0.10595555555555558,0.0,1.0
mean,10,21,minilm,50,-0.07156511111111112,-0.07213888888888886,-0.08109888888888887,-0.059245833333333324,-0.08681111111111106,-0.05369999999999997,0.0,1.0
mean,10,21,pubmedbert,50,0.16176155555555552,0.16168333333333335,0.15185611111111114,0.17018472222222236,0.15158888888888877,0.1728666666666666,1.0,0.0
mean,10,21,biobert,50,0.1637208888888889,0.1628,0.1563149999999999,0.1714280555555555,0.15449999999999997,0.1723555555555556,1.0,0.0
mean,10,21,simcse,50,0.10019399999999999,0.09941666666666671,0.09286444444444442,0.10838500000000002,0.09131111111111101,0.10956666666666681,1.0,0.0
mean,25,21,specter,50,-0.05276720000000002,-0.05343111111111121,-0.0604735555555556,-0.0405254444444444,-0.06295111111111107,-0.03916888888888892,0.0,1.0
mean,25,21,specter2,50,-0.09821360000000003,-0.09855111111111109,-0.10804622222222228,-0.08716788888888895,-0.1103777777777778,-0.08664000000000005,0.0,1.0
mean,25,21,scincl,50,-0.09978275555555553,-0.10055999999999998,-0.10776844444444447,-0.08842355555555549,-0.10911111111111116,-0.08465333333333336,0.0,1.0
mean,25,21,scibert,50,0.17312951111111108,0.17383333333333334,0.16544744444444434,0.17994222222222228,0.1633822222222222,0.18572,1.0,0.0
mean,25,21,bert,50,0.13976257777777776,0.13958888888888898,0.1325766666666666,0.14686466666666664,0.12882222222222217,0.14740888888888892,1.0,0.0
mean,25,21,mpnet,50,-0.12977039999999998,-0.1309311111111111,-0.13743555555555556,-0.12062788888888885,-0.14248000000000005,-0.11428888888888888,0.0,1.0
mean,25,21,minilm,50,-0.07630275555555555,-0.07668222222222215,-0.08556633333333326,-0.06666955555555573,-0.08649777777777778,-0.06409333333333334,0.0,1.0
mean,25,21,pubmedbert,50,0.15915022222222225,0.1589377777777779,0.15288944444444452,0.1655427777777778,0.15178666666666663,0.16592000000000018,1.0,0.0
mean,25,21,biobert,50,0.16803786666666665,0.16836444444444448,0.1606302222222222,0.17573855555555562,0.15719555555555553,0.1758711111111111,1.0,0.0
mean,25,21,simcse,50,0.09877084444444444,0.09800888888888892,0.09238744444444444,0.10574644444444445,0.08868444444444445,0.11031999999999997,1.0,0.0
mean,50,21,specter,50,-0.06110066666666669,-0.06196777777777779,-0.06863344444444446,-0.04758422222222229,-0.06894666666666671,-0.04510888888888909,0.0,1.0
mean,50,21,specter2,50,-0.09927235555555555,-0.09960444444444444,-0.10760727777777772,-0.09026033333333328,-0.10882888888888875,-0.08856666666666668,0.0,1.0
mean,50,21,scincl,50,-0.10819911111111115,-0.10891666666666666,-0.1162920555555556,-0.09876783333333342,-0.11784666666666666,-0.09674222222222228,0.0,1.0
mean,50,21,scibert,50,0.1607124,0.16107777777777776,0.15268199999999993,0.16699500000000003,0.1489600000000001,0.16800888888888899,1.0,0.0
mean,50,21,bert,50,0.12367137777777776,0.12277777777777776,0.11809994444444452,0.1315465555555555,0.11242444444444433,0.13368666666666673,1.0,0.0
mean,50,21,mpnet,50,-0.12932177777777776,-0.12977444444444453,-0.1358292222222222,-0.11938905555555553,-0.1368422222222222,-0.11756444444444436,0.0,1.0
mean,50,21,minilm,50,-0.0794518222222222,-0.07948555555555559,-0.08453083333333332,-0.07103300000000004,-0.08749333333333331,-0.0699711111111111,0.0,1.0
mean,50,21,pubmedbert,50,0.14799813333333334,0.14874333333333334,0.14190388888888894,0.15306077777777788,0.1413577777777778,0.1557022222222222,1.0,0.0
mean,50,21,biobert,50,0.1688950222222222,0.16924444444444436,0.1612654444444443,0.17711922222222218,0.15798222222222214,0.17781111111111103,1.0,0.0
mean,50,21,simcse,50,0.08975226666666668,0.08945333333333338,0.08209705555555569,0.097308388888889,0.08106888888888886,0.10094888888888887,1.0,0.0
cls,25,21,specter,50,-0.10415866666666666,-0.1048222222222222,-0.11181500000000008,-0.09162499999999998,-0.11347555555555544,-0.09044444444444444,0.0,1.0
cls,25,21,specter2,50,-0.1427758222222222,-0.14236000000000004,-0.1524396666666667,-0.1325448888888889,-0.15344000000000002,-0.12920888888888893,0.0,1.0
cls,25,21,scincl,50,-0.1464768,-0.14738444444444437,-0.1540598888888889,-0.13439211111111107,-0.15415111111111113,-0.13371111111111111,0.0,1.0
cls,25,21,scibert,50,0.08615937777777778,0.08611333333333343,0.08207322222222217,0.09059877777777783,0.08110222222222219,0.09102666666666648,1.0,0.0
cls,25,21,bert,50,0.10549475555555557,0.1053155555555555,0.09900900000000003,0.11253044444444443,0.09778666666666658,0.11302666666666661,1.0,0.0
cls,25,21,mpnet,50,-0.18021315555555553,-0.18119111111111108,-0.18932211111111116,-0.17045666666666656,-0.19023111111111113,-0.16491999999999996,0.0,1.0
cls,25,21,minilm,50,-0.1278399111111111,-0.1283711111111111,-0.1366197777777777,-0.11798511111111118,-0.1370311111111111,-0.1151955555555555,0.0,1.0
cls,25,21,pubmedbert,50,0.12632311111111114,0.12655999999999995,0.12064888888888889,0.13152977777777783,0.11952444444444432,0.13256888888888885,1.0,0.0
cls,25,21,biobert,50,0.1340879111111111,0.13384000000000001,0.12562633333333328,0.14205533333333328,0.12417333333333336,0.14364888888888894,1.0,0.0
cls,25,21,simcse,50,0.04706524444444444,0.046291111111111005,0.040016000000000045,0.05551300000000003,0.0384133333333333,0.0592933333333332,1.0,0.0
sep,25,21,specter,50,-0.06607982222222222,-0.06685111111111103,-0.07394955555555562,-0.05324311111111099,-0.07564888888888888,-0.05215111111111115,0.0,1.0
sep,25,21,specter2,50,-0.11050062222222223,-0.1107622222222222,-0.1207943333333333,-0.10069088888888895,-0.12114666666666674,-0.09771111111111108,0.0,1.0
sep,25,21,scincl,50,-0.11137902222222223,-0.11250444444444441,-0.11833355555555555,-0.09990966666666663,-0.11973777777777783,-0.09649333333333343,0.0,1.0
sep,25,21,scibert,50,0.08215226666666667,0.08255555555555555,0.07579822222222224,0.08760333333333341,0.07542222222222228,0.08779555555555552,1.0,0.0
sep,25,21,bert,50,0.08778995555555558,0.08770666666666671,0.08132988888888887,0.09458899999999998,0.08048444444444447,0.09548444444444448,1.0,0.0
sep,25,21,mpnet,50,-0.14211004444444444,-0.14348222222222223,-0.14966966666666656,-0.1324696666666666,-0.1537155555555556,-0.12768444444444438,0.0,1.0
sep,25,21,minilm,50,-0.09070631111111112,-0.09105555555555556,-0.09960522222222219,-0.08074866666666668,-0.10050222222222227,-0.07760888888888895,0.0,1.0
sep,25,21,pubmedbert,50,0.11727813333333335,0.11762,0.1116248888888889,0.12361955555555558,0.10616000000000003,0.12462666666666655,1.0,0.0
sep,25,21,biobert,50,0.09279244444444444,0.09286222222222218,0.08527700000000005,0.09990511111111099,0.08286222222222217,0.10686666666666678,1.0,0.0
sep,25,21,simcse,50,0.07026977777777778,0.06974444444444439,0.0629982222222222,0.07718833333333329,0.06204888888888893,0.08272888888888885,1.0,0.0
mean,10,22,specter,50,-0.07956688888888891,-0.07972777777777779,-0.09268916666666671,-0.06592777777777792,-0.09768888888888894,-0.0649777777777778,0.0,1.0
mean,10,22,specter2,50,-0.08044533333333331,-0.08111666666666673,-0.09242194444444442,-0.0712302777777777,-0.09311111111111114,-0.06879999999999986,0.0,1.0
mean,10,22,scincl,50,-0.11338777777777778,-0.11280555555555555,-0.13047111111111112,-0.1015547222222222,-0.138,-0.09202222222222223,0.0,1.0
mean,10,22,scibert,50,0.13661022222222224,0.13643333333333324,0.1296147222222222,0.14391694444444442,0.1282333333333333,0.14493333333333336,1.0,0.0
mean,10,22,bert,50,0.131802,0.13210000000000005,0.12081527777777781,0.1390752777777778,0.11849999999999994,0.14136666666666664,1.0,0.0
mean,10,22,mpnet,50,-0.13712777777777777,-0.1374055555555555,-0.15036388888888885,-0.12629194444444444,-0.1529999999999999,-0.12475555555555562,0.0,1.0
mean,10,22,minilm,50,-0.09031999999999998,-0.09142222222222224,-0.10262861111111109,-0.07740472222222229,-0.10641111111111112,-0.07658888888888893,0.0,1.0
mean,10,22,pubmedbert,50,0.14606444444444444,0.14558333333333334,0.13688250000000007,0.15413916666666663,0.13273333333333326,0.15617777777777786,1.0,0.0
mean,10,22,biobert,50,0.15740955555555555,0.15783888888888886,0.14716444444444451,0.16668722222222226,0.13922222222222214,0.16728888888888893,1.0,0.0
mean,10,22,simcse,50,0.0749171111111111,0.07443888888888883,0.06776944444444452,0.08242972222222228,0.06579999999999997,0.08421111111111113,1.0,0.0
mean,25,22,specter,50,-0.09577191111111112,-0.09483333333333333,-0.10856155555555547,-0.08436533333333336,-0.10954666666666668,-0.08072888888888885,0.0,1.0
mean,25,22,specter2,50,-0.09439724444444447,-0.09362666666666669,-0.1050281111111112,-0.08466299999999992,-0.10692000000000002,-0.08436888888888905,0.0,1.0
mean,25,22,scincl,50,-0.12777155555555555,-0.12829333333333331,-0.13939300000000004,-0.11956255555555562,-0.14234222222222215,-0.10882222222222226,0.0,1.0
mean,25,22,scibert,50,0.1283728888888889,0.1283111111111112,0.12165677777777772,0.13610488888888883,0.1204222222222221,0.1372133333333332,1.0,0.0
mean,25,22,bert,50,0.12043679999999998,0.12030888888888885,0.11235988888888891,0.1280704444444444,0.10995555555555558,0.12951999999999997,1.0,0.0
mean,25,22,mpnet,50,-0.1433744,-0.1435644444444445,-0.15267166666666668,-0.13376977777777768,-0.1536977777777777,-0.13237777777777782,0.0,1.0
mean,25,22,minilm,50,-0.0947729777777778,-0.09444888888888886,-0.10437311111111115,-0.08667133333333332,-0.10555555555555551,-0.08530222222222228,0.0,1.0
mean,25,22,pubmedbert,50,0.13891546666666665,0.13810888888888895,0.13162133333333328,0.14688133333333336,0.12883999999999995,0.14810222222222225,1.0,0.0
mean,25,22,biobert,50,0.15982364444444444,0.16066888888888892,0.15197588888888885,0.1686346666666667,0.14687555555555543,0.16984444444444446,1.0,0.0
mean,25,22,simcse,50,0.06489528888888889,0.06499777777777782,0.058217888888888875,0.07197111111111107,0.053551111111111105,0.07484888888888874,1.0,0.0
mean,50,22,specter,50,-0.1088128,-0.10891777777777778,-0.11832511111111108,-0.09848699999999999,-0.11904666666666663,-0.09576444444444432,0.0,1.0
mean,50,22,specter2,50,-0.10754528888888888,-0.10702888888888884,-0.11602494444444447,-0.09647799999999992,-0.11944222222222223,-0.09462666666666664,0.0,1.0
mean,50,22,scincl,50,-0.13809751111111113,-0.13815444444444447,-0.14835133333333334,-0.12879750000000006,-0.15252888888888905,-0.12194666666666654,0.0,1.0
mean,50,22,scibert,50,0.1168716888888889,0.11670222222222221,0.10852344444444437,0.12256644444444442,0.1077800000000001,0.12412000000000012,1.0,0.0
mean,50,22,bert,50,0.10427031111111111,0.10471888888888892,0.09794583333333332,0.11066272222222226,0.09687111111111113,0.11126444444444439,1.0,0.0
mean,50,22,mpnet,50,-0.14511973333333333,-0.14529999999999998,-0.1533576111111112,-0.1374014444444444,-0.15765111111111108,-0.1371511111111111,0.0,1.0
mean,50,22,minilm,50,-0.0972817777777778,-0.09768333333333334,-0.10638411111111117,-0.08977755555555555,-0.10836666666666683,-0.0895866666666667,0.0,1.0
mean,50,22,pubmedbert,50,0.12554257777777778,0.12523555555555554,0.11886238888888893,0.13390450000000004,0.11729777777777795,0.13477777777777766,1.0,0.0
mean,50,22,biobert,50,0.16074475555555556,0.16086222222222218,0.15176933333333334,0.16804355555555553,0.1503444444444445,0.16831555555555544,1.0,0.0
mean,50,22,simcse,50,0.05160897777777779,0.05172222222222228,0.0443502222222222,0.057736444444444424,0.04394444444444445,0.05823777777777772,1.0,0.0
cls,25,22,specter,50,-0.14674106666666667,-0.14604888888888884,-0.15870433333333328,-0.1344426666666667,-0.15935555555555558,-0.13147555555555557,0.0,1.0
cls,25,22,specter2,50,-0.13935137777777779,-0.1385533333333333,-0.14801577777777775,-0.1311856666666667,-0.15184888888888892,-0.12873777777777784,0.0,1.0
cls,25,22,scincl,50,-0.1740922666666666,-0.17419999999999997,-0.18525488888888886,-0.16523577777777768,-0.18788444444444452,-0.15523555555555557,0.0,1.0
cls,25,22,scibert,50,0.05998835555555557,0.0602422222222222,0.05531999999999995,0.06476444444444449,0.0533688888888888,0.06684888888888896,1.0,0.0
cls,25,22,bert,50,0.09749608888888889,0.09734000000000004,0.0928113333333332,0.10197100000000003,0.0915999999999999,0.1038311111111111,1.0,0.0
cls,25,22,mpnet,50,-0.19573226666666665,-0.1956088888888889,-0.20499511111111104,-0.186641,-0.20689333333333348,-0.18469777777777774,0.0,1.0
cls,25,22,minilm,50,-0.14735511111111113,-0.14676888888888878,-0.155281888888889,-0.1394113333333334,-0.15849777777777785,-0.13752444444444445,0.0,1.0
cls,25,22,pubmedbert,50,0.10821253333333333,0.1090133333333333,0.10351944444444447,0.11272488888888882,0.09911999999999999,0.113848888888889,1.0,0.0
cls,25,22,biobert,50,0.1174055111111111,0.11702444444444443,0.11139966666666665,0.12375400000000007,0.11114666666666684,0.1256533333333334,1.0,0.0
cls,25,22,simcse,50,0.010464355555555558,0.010924444444444459,0.004399222222222191,0.01668333333333336,-0.0018488888888889,0.018879999999999897,0.98,0.02
sep,25,22,specter,50,-0.1081216,-0.10711333333333345,-0.120015,-0.09532333333333332,-0.12119111111111125,-0.09355555555555561,0.0,1.0
sep,25,22,specter2,50,-0.10631395555555556,-0.1058088888888889,-0.11509688888888887,-0.09735711111111119,-0.1184088888888889,-0.09719555555555548,0.0,1.0
sep,25,22,scincl,50,-0.13854915555555555,-0.13883777777777784,-0.1498835555555555,-0.13017200000000004,-0.1524266666666666,-0.1191822222222223,0.0,1.0
sep,25,22,scibert,50,0.0655999111111111,0.06542000000000003,0.06152266666666671,0.07173199999999987,0.060897777777777606,0.073768888888889,1.0,0.0
sep,25,22,bert,50,0.07515893333333334,0.07478222222222225,0.06910544444444436,0.08072711111111118,0.0660977777777777,0.08117333333333321,1.0,0.0
sep,25,22,mpnet,50,-0.15642968888888886,-0.1568666666666667,-0.1650697777777778,-0.14668311111111107,-0.1670044444444445,-0.14509777777777777,0.0,1.0
sep,25,22,minilm,50,-0.10905048888888888,-0.10893111111111098,-0.11806500000000003,-0.10149477777777775,-0.12001777777777778,-0.09914222222222224,0.0,1.0
sep,25,22,pubmedbert,50,0.10192835555555554,0.10213777777777783,0.09321933333333333,0.11199155555555555,0.08834666666666657,0.11400444444444446,1.0,0.0
sep,25,22,biobert,50,0.08800666666666666,0.08823999999999993,0.07984555555555552,0.09858722222222213,0.07655111111111113,0.09944888888888892,1.0,0.0
sep,25,22,simcse,50,0.03764115555555555,0.038084444444444365,0.03112811111111099,0.044139444444444474,0.026284444444444444,0.045546666666666624,1.0,0.0
mean,10,23,specter,50,-0.052563555555555544,-0.05200555555555558,-0.06328055555555556,-0.042307500000000116,-0.06658888888888881,-0.04023333333333334,0.0,1.0
mean,10,23,specter2,50,-0.09067399999999998,-0.09051111111111104,-0.10092194444444438,-0.08088166666666671,-0.10215555555555567,-0.08031111111111111,0.0,1.0
mean,10,23,scincl,50,-0.08579177777777776,-0.0841944444444444,-0.10166555555555552,-0.07502888888888891,-0.10617777777777793,-0.07466666666666666,0.0,1.0
mean,10,23,scibert,50,0.17773244444444447,0.1768055555555556,0.16970055555555547,0.1876444444444444,0.16664444444444448,0.19084444444444448,1.0,0.0
mean,10,23,bert,50,0.137566,0.13846666666666668,0.12688805555555557,0.14764972222222217,0.124611111111111,0.14907777777777786,1.0,0.0
mean,10,23,mpnet,50,-0.12715444444444446,-0.12691111111111114,-0.1388880555555555,-0.11895333333333337,-0.14096666666666668,-0.11746666666666661,0.0,1.0
mean,10,23,minilm,50,-0.07003999999999999,-0.07034999999999997,-0.07857305555555558,-0.05802055555555563,-0.0797444444444445,-0.05401111111111123,0.0,1.0
mean,10,23,pubmedbert,50,0.14899488888888887,0.14928333333333327,0.1392216666666666,0.15739944444444448,0.13845555555555555,0.16136666666666666,1.0,0.0
mean,10,23,biobert,50,0.16654933333333333,0.16665555555555556,0.15864027777777773,0.17521555555555568,0.155688888888889,0.1787777777777777,1.0,0.0
mean,10,23,simcse,50,0.0969711111111111,0.09701666666666675,0.09093888888888882,0.10458694444444437,0.08441111111111099,0.10751111111111111,1.0,0.0
mean,25,23,specter,50,-0.06870906666666665,-0.06954666666666659,-0.07843711111111105,-0.06033355555555542,-0.07907999999999993,-0.05956888888888889,0.0,1.0
mean,25,23,specter2,50,-0.09943884444444445,-0.09949999999999998,-0.10926955555555554,-0.09056944444444448,-0.10989777777777776,-0.09004444444444437,0.0,1.0
mean,25,23,scincl,50,-0.10225537777777781,-0.10164666666666666,-0.11481933333333329,-0.0932658888888888,-0.1210622222222223,-0.08920888888888878,0.0,1.0
mean,25,23,scibert,50,0.1649942222222222,0.16478222222222233,0.15844344444444444,0.1722383333333333,0.1560488888888888,0.17275111111111108,1.0,0.0
mean,25,23,bert,50,0.12333137777777775,0.12311999999999995,0.11468055555555552,0.13087977777777784,0.11399111111111115,0.1324711111111111,1.0,0.0
mean,25,23,mpnet,50,-0.1279648,-0.1276977777777778,-0.13693388888888888,-0.1195347777777778,-0.13942222222222211,-0.11904444444444429,0.0,1.0
mean,25,23,minilm,50,-0.0720647111111111,-0.07238444444444436,-0.07896644444444444,-0.06405066666666658,-0.07973777777777769,-0.0627955555555556,0.0,1.0
mean,25,23,pubmedbert,50,0.14213804444444444,0.1425311111111111,0.136668,0.1488433333333333,0.1342444444444445,0.14903111111111123,1.0,0.0
mean,25,23,biobert,50,0.16700977777777776,0.1671133333333334,0.15753977777777778,0.17557488888888886,0.15672888888888892,0.1808088888888889,1.0,0.0
mean,25,23,simcse,50,0.09204079999999998,0.09129333333333334,0.08554877777777775,0.09975122222222228,0.08279111111111115,0.10055999999999998,1.0,0.0
mean,50,23,specter,50,-0.07972311111111113,-0.07991999999999999,-0.08745972222222222,-0.07163938888888872,-0.0921155555555555,-0.07103555555555552,0.0,1.0
mean,50,23,specter2,50,-0.1070810666666667,-0.10632666666666668,-0.11810322222222244,-0.0981325,-0.11991777777777779,-0.09631111111111113,0.0,1.0
mean,50,23,scincl,50,-0.1126568,-0.11186111111111113,-0.12146927777777784,-0.10523172222222223,-0.12773999999999996,-0.10313333333333341,0.0,1.0
mean,50,23,scibert,50,0.154784,0.15402777777777787,0.14835494444444436,0.1620879999999999,0.14701555555555557,0.1630866666666666,1.0,0.0
mean,50,23,bert,50,0.10422186666666665,0.1050933333333332,0.09676433333333327,0.11069438888888901,0.09507555555555558,0.11200444444444435,1.0,0.0
mean,50,23,mpnet,50,-0.1280108,-0.1282477777777778,-0.13448477777777773,-0.12221883333333336,-0.13744222222222235,-0.11869111111111097,0.0,1.0
mean,50,23,minilm,50,-0.07455284444444445,-0.0743333333333333,-0.08027755555555553,-0.06792750000000007,-0.08171777777777778,-0.06765999999999994,0.0,1.0
mean,50,23,pubmedbert,50,0.13293062222222224,0.13290111111111103,0.12695344444444448,0.13950033333333328,0.12517333333333336,0.14472888888888902,1.0,0.0
mean,50,23,biobert,50,0.16706826666666663,0.1670799999999999,0.1587422777777778,0.17546505555555553,0.15632666666666672,0.17900444444444452,1.0,0.0
mean,50,23,simcse,50,0.08158106666666667,0.08102999999999999,0.07469738888888891,0.08876533333333327,0.07087111111111122,0.09003111111111106,1.0,0.0
cls,25,23,specter,50,-0.11574799999999998,-0.11664666666666673,-0.12440855555555555,-0.10662844444444446,-0.1266355555555555,-0.10549777777777769,0.0,1.0
cls,25,23,specter2,50,-0.14070933333333333,-0.1402355555555555,-0.14969688888888882,-0.13214288888888895,-0.15105333333333326,-0.13144444444444447,0.0,1.0
cls,25,23,scincl,50,-0.14765928888888888,-0.14721333333333336,-0.15912866666666664,-0.13875833333333337,-0.16565333333333332,-0.1353644444444444,0.0,1.0
cls,25,23,scibert,50,0.0753248888888889,0.07547999999999999,0.0694796666666666,0.08099377777777779,0.06774666666666662,0.08139555555555555,1.0,0.0
cls,25,23,bert,50,0.10252835555555556,0.10244888888888881,0.09686744444444449,0.10846866666666666,0.09592888888888884,0.10977333333333328,1.0,0.0
cls,25,23,mpnet,50,-0.17761751111111113,-0.17742444444444433,-0.18623022222222219,-0.16998266666666662,-0.1894933333333334,-0.1695022222222221,0.0,1.0
cls,25,23,minilm,50,-0.12272559999999996,-0.12284222222222219,-0.12964122222222219,-0.11590311111111114,-0.13056444444444448,-0.11568888888888884,0.0,1.0
cls,25,23,pubmedbert,50,0.11114746666666667,0.11073111111111111,0.10692533333333341,0.11687855555555547,0.10282222222222215,0.11733777777777776,1.0,0.0
cls,25,23,biobert,50,0.11503928888888888,0.11504222222222216,0.1074328888888889,0.12227511111111117,0.10655111111111126,0.1247111111111111,1.0,0.0
cls,25,23,simcse,50,0.04029431111111111,0.04032222222222226,0.0349963333333333,0.04773322222222225,0.030857777777777873,0.048884444444444286,1.0,0.0
sep,25,23,specter,50,-0.0782895111111111,-0.07915777777777777,-0.08778099999999996,-0.06927899999999998,-0.08920444444444442,-0.06793777777777776,0.0,1.0
sep,25,23,specter2,50,-0.10848053333333335,-0.10790888888888889,-0.11724799999999998,-0.09989444444444444,-0.11965333333333328,-0.09957333333333329,0.0,1.0
sep,25,23,scincl,50,-0.11105760000000002,-0.11062,-0.12355344444444437,-0.10168466666666673,-0.1292444444444445,-0.09759999999999991,0.0,1.0
sep,25,23,scibert,50,0.08880328888888889,0.08888888888888885,0.08245900000000002,0.09447477777777777,0.08224888888888904,0.09945333333333328,1.0,0.0
sep,25,23,bert,50,0.07709075555555557,0.07732444444444453,0.07026966666666673,0.08459500000000002,0.0643733333333334,0.08653777777777771,1.0,0.0
sep,25,23,mpnet,50,-0.1363238222222222,-0.13586000000000004,-0.14464477777777768,-0.12877533333333332,-0.1479288888888889,-0.1278044444444445,0.0,1.0
sep,25,23,minilm,50,-0.0841046222222222,-0.0841977777777777,-0.09054311111111105,-0.07680788888888893,-0.09234666666666669,-0.07598666666666665,0.0,1.0
sep,25,23,pubmedbert,50,0.09800897777777777,0.09836888888888884,0.08883411111111118,0.10530777777777771,0.08821333333333325,0.1059377777777778,1.0,0.0
sep,25,23,biobert,50,0.0877064,0.08694666666666662,0.08093455555555558,0.09695511111111116,0.0776311111111111,0.09845777777777764,1.0,0.0
sep,25,23,simcse,50,0.06409137777777779,0.06394000000000011,0.057896222222222314,0.0715384444444444,0.05547111111111114,0.07172444444444437,1.0,0.0
mean,10,24,specter,50,-0.09912822222222221,-0.09810000000000002,-0.10832444444444445,-0.09230138888888888,-0.11505555555555558,-0.09057777777777776,0.0,1.0
mean,10,24,specter2,50,-0.1490291111111111,-0.14819444444444452,-0.1601947222222222,-0.13689083333333338,-0.16703333333333326,-0.13150000000000006,0.0,1.0
mean,10,24,scincl,50,-0.16429022222222223,-0.16392222222222225,-0.17631638888888898,-0.15475638888888885,-0.1788777777777778,-0.14964444444444447,0.0,1.0
mean,10,24,scibert,50,0.15285666666666667,0.1533,0.14540722222222216,0.1593788888888888,0.14359999999999995,0.16036666666666666,1.0,0.0
mean,10,24,bert,50,0.11049955555555557,0.11068888888888889,0.10196166666666677,0.11846861111111112,0.10093333333333332,0.1197111111111111,1.0,0.0
mean,10,24,mpnet,50,-0.18843777777777773,-0.18794444444444441,-0.20378388888888893,-0.1729336111111111,-0.20481111111111117,-0.16971111111111115,0.0,1.0
mean,10,24,minilm,50,-0.12824355555555556,-0.12766111111111111,-0.1407116666666666,-0.1177122222222223,-0.14235555555555557,-0.11725555555555556,0.0,1.0
mean,10,24,pubmedbert,50,0.09960622222222222,0.10015000000000002,0.09108444444444444,0.10811527777777773,0.09086666666666665,0.10834444444444447,1.0,0.0
mean,10,24,biobert,50,0.12164755555555555,0.12113333333333337,0.11534972222222221,0.12982861111111108,0.11502222222222214,0.13365555555555553,1.0,0.0
mean,10,24,simcse,50,0.07300644444444444,0.07325000000000004,0.06357722222222227,0.08023722222222229,0.06303333333333339,0.08153333333333324,1.0,0.0
mean,25,24,specter,50,-0.11784168888888889,-0.11734,-0.1285584444444444,-0.10786911111111114,-0.12957333333333332,-0.10411999999999988,0.0,1.0
mean,25,24,specter2,50,-0.1652281777777778,-0.16624222222222218,-0.1747481111111112,-0.15668322222222222,-0.17747111111111114,-0.15370222222222218,0.0,1.0
mean,25,24,scincl,50,-0.17942266666666665,-0.18000222222222217,-0.18743211111111116,-0.17164544444444438,-0.1895555555555556,-0.16951555555555564,0.0,1.0
mean,25,24,scibert,50,0.14789715555555558,0.14746222222222222,0.1401255555555555,0.15510855555555556,0.13860444444444442,0.16027111111111114,1.0,0.0
mean,25,24,bert,50,0.09900968888888889,0.09833333333333344,0.09331611111111104,0.10578855555555552,0.09057777777777787,0.10998666666666668,1.0,0.0
mean,25,24,mpnet,50,-0.18768168888888886,-0.1874488888888889,-0.20056322222222223,-0.1755693333333333,-0.2011777777777779,-0.1735066666666666,0.0,1.0
mean,25,24,minilm,50,-0.13228453333333332,-0.13177111111111117,-0.1413045555555554,-0.12374266666666671,-0.14633777777777768,-0.12097333333333327,0.0,1.0
mean,25,24,pubmedbert,50,0.09095422222222224,0.09168222222222228,0.08306244444444437,0.09725033333333336,0.08271555555555565,0.09815111111111108,1.0,0.0
mean,25,24,biobert,50,0.1250194666666667,0.1251444444444444,0.1170871111111112,0.13333555555555554,0.11639111111111111,0.13434666666666661,1.0,0.0
mean,25,24,simcse,50,0.06785875555555557,0.06835777777777785,0.060249111111111135,0.07657566666666671,0.059222222222222176,0.07878222222222231,1.0,0.0
mean,50,24,specter,50,-0.12819648888888888,-0.1280655555555555,-0.1360870555555555,-0.11883094444444439,-0.13827777777777772,-0.11459333333333344,0.0,1.0
mean,50,24,specter2,50,-0.17304968888888891,-0.17201444444444447,-0.18187538888888882,-0.1645192777777778,-0.19106888888888895,-0.16322888888888887,0.0,1.0
mean,50,24,scincl,50,-0.18220786666666666,-0.1827022222222222,-0.19124972222222225,-0.17308483333333327,-0.1920844444444444,-0.17172888888888882,0.0,1.0
mean,50,24,scibert,50,0.14445062222222224,0.14448222222222223,0.13562616666666666,0.15269205555555554,0.13504000000000005,0.15521333333333343,1.0,0.0
mean,50,24,bert,50,0.08468488888888892,0.08453,0.0773716666666667,0.0921853333333334,0.07547777777777775,0.09533111111111114,1.0,0.0
mean,50,24,mpnet,50,-0.17788355555555557,-0.17754000000000014,-0.18702061111111107,-0.1673908333333333,-0.18763555555555556,-0.1663177777777778,0.0,1.0
mean,50,24,minilm,50,-0.12489133333333331,-0.12425111111111109,-0.13285116666666658,-0.11665416666666663,-0.1340244444444445,-0.11468444444444437,0.0,1.0
mean,50,24,pubmedbert,50,0.08598422222222223,0.08625333333333335,0.07820683333333338,0.0927268888888889,0.07777999999999996,0.09335777777777776,1.0,0.0
mean,50,24,biobert,50,0.1297967111111111,0.12986888888888887,0.12290711111111106,0.13665466666666662,0.12106444444444431,0.1394399999999999,1.0,0.0
mean,50,24,simcse,50,0.05989831111111112,0.05946666666666667,0.053131611111111074,0.0681666666666666,0.05232888888888887,0.07141555555555557,1.0,0.0
cls,25,24,specter,50,-0.16960364444444445,-0.1695822222222223,-0.18008455555555558,-0.15880899999999992,-0.18125777777777774,-0.1554444444444445,0.0,1.0
cls,25,24,specter2,50,-0.20979937777777777,-0.21020222222222223,-0.2191036666666666,-0.2016062222222222,-0.22068888888888882,-0.19979555555555562,0.0,1.0
cls,25,24,scincl,50,-0.2260696,-0.2266177777777778,-0.23387655555555556,-0.21837277777777772,-0.2345422222222222,-0.21597333333333335,0.0,1.0
cls,25,24,scibert,50,0.05878026666666667,0.058333333333333404,0.05434966666666665,0.06410833333333334,0.05197333333333343,0.06478222222222219,1.0,0.0
cls,25,24,bert,50,0.07823733333333335,0.07816666666666677,0.07118111111111103,0.0839241111111111,0.06956444444444443,0.08430222222222228,1.0,0.0
cls,25,24,mpnet,50,-0.23507582222222226,-0.23417777777777776,-0.24712755555555566,-0.22269899999999998,-0.24863999999999997,-0.2219955555555555,0.0,1.0
cls,25,24,minilm,50,-0.18001368888888888,-0.1795155555555557,-0.19007055555555546,-0.17155788888888893,-0.1939955555555556,-0.1691999999999998,0.0,1.0
cls,25,24,pubmedbert,50,0.07268435555555557,0.07264444444444446,0.0663971111111111,0.07860188888888883,0.06451555555555566,0.08209333333333335,1.0,0.0
cls,25,24,biobert,50,0.0657288,0.06556000000000001,0.059627666666666614,0.07191188888888887,0.05944444444444441,0.07528000000000001,1.0,0.0
cls,25,24,simcse,50,0.022708800000000008,0.022857777777777755,0.014979777777777734,0.030804111111111115,0.013128888888888857,0.034466666666666756,1.0,0.0
sep,25,24,specter,50,-0.12097519999999998,-0.12074888888888885,-0.13099055555555558,-0.10978144444444443,-0.13291999999999993,-0.10709333333333326,0.0,1.0
sep,25,24,specter2,50,-0.1700815111111111,-0.17074,-0.1805585555555555,-0.16166222222222212,-0.18166222222222217,-0.15831111111111107,0.0,1.0
sep,25,24,scincl,50,-0.1808141333333333,-0.1808555555555556,-0.18880877777777788,-0.17356388888888882,-0.19048888888888893,-0.1714444444444445,0.0,1.0
sep,25,24,scibert,50,0.05626853333333333,0.05591555555555566,0.05128155555555545,0.06167866666666668,0.04899555555555557,0.06204888888888893,1.0,0.0
sep,25,24,bert,50,0.07004773333333332,0.06938444444444442,0.0657517777777778,0.07694588888888883,0.0650666666666666,0.07838222222222224,1.0,0.0
sep,25,24,mpnet,50,-0.18953920000000005,-0.18885333333333337,-0.20254855555555562,-0.17859577777777783,-0.2026133333333333,-0.17619555555555544,0.0,1.0
sep,25,24,minilm,50,-0.1372992888888889,-0.13675333333333334,-0.14738899999999988,-0.12840955555555564,-0.15091999999999994,-0.1264711111111111,0.0,1.0
sep,25,24,pubmedbert,50,0.02519795555555555,0.025219999999999965,0.013991444444444445,0.03361544444444439,0.011168888888888784,0.03412000000000015,1.0,0.0
sep,25,24,biobert,50,0.014252622222222218,0.014499999999999902,0.004938111111111132,0.021158222222222207,0.0037822222222222424,0.021586666666666643,1.0,0.0
sep,25,24,simcse,50,0.0444136888888889,0.04440444444444447,0.03696511111111113,0.05219111111111117,0.03643111111111108,0.056008888888888886,1.0,0.0
mean,10,25,specter,50,-0.0798328888888889,-0.07930555555555557,-0.091398888888889,-0.06964277777777766,-0.09536666666666671,-0.06763333333333332,0.0,1.0
mean,10,25,specter2,50,-0.0970557777777778,-0.09737777777777773,-0.10913472222222227,-0.08792750000000009,-0.10981111111111108,-0.0838888888888889,0.0,1.0
mean,10,25,scincl,50,-0.11955066666666667,-0.11941111111111108,-0.1335416666666667,-0.10748694444444444,-0.13422222222222224,-0.10644444444444434,0.0,1.0
mean,10,25,scibert,50,0.15534377777777778,0.15552777777777788,0.14847666666666667,0.1611480555555557,0.14677777777777767,0.1620555555555555,1.0,0.0
mean,10,25,bert,50,0.12129488888888888,0.12136666666666673,0.1132844444444444,0.12744833333333339,0.11101111111111106,0.12814444444444428,1.0,0.0
mean,10,25,mpnet,50,-0.16929266666666667,-0.16960555555555562,-0.18339749999999996,-0.15565833333333337,-0.18593333333333328,-0.15483333333333327,0.0,1.0
mean,10,25,minilm,50,-0.1260208888888889,-0.1263555555555555,-0.13643138888888878,-0.11563944444444453,-0.13873333333333326,-0.10972222222222228,0.0,1.0
mean,10,25,pubmedbert,50,0.1234022222222222,0.12330000000000002,0.11540388888888889,0.13213916666666667,0.11476666666666668,0.13554444444444425,1.0,0.0
mean,10,25,biobert,50,0.12975577777777775,0.12866111111111117,0.11873888888888887,0.14046249999999996,0.11828888888888889,0.14124444444444428,1.0,0.0
mean,10,25,simcse,50,0.0726728888888889,0.07221666666666676,0.06466805555555548,0.07952583333333325,0.06463333333333343,0.08024444444444445,1.0,0.0
mean,25,25,specter,50,-0.09262568888888889,-0.0925644444444444,-0.10233466666666671,-0.08331977777777783,-0.10523555555555553,-0.08247555555555552,0.0,1.0
mean,25,25,specter2,50,-0.10892657777777776,-0.10937555555555556,-0.1186666666666667,-0.09837522222222218,-0.12257777777777779,-0.09665777777777773,0.0,1.0
mean,25,25,scincl,50,-0.131048,-0.1304466666666667,-0.14290577777777771,-0.12038233333333327,-0.14564,-0.11912444444444448,0.0,1.0
mean,25,25,scibert,50,0.15600035555555555,0.1559511111111111,0.14862777777777783,0.16160866666666665,0.14814222222222218,0.16180444444444453,1.0,0.0
mean,25,25,bert,50,0.12112471111111109,0.12164000000000003,0.11378211111111111,0.12962122222222225,0.11351999999999984,0.13071111111111122,1.0,0.0
mean,25,25,mpnet,50,-0.16824720000000004,-0.16842888888888885,-0.18002744444444452,-0.15456677777777775,-0.1817955555555556,-0.1534133333333333,0.0,1.0
mean,25,25,minilm,50,-0.12396293333333333,-0.12419999999999998,-0.13201266666666675,-0.1132766666666667,-0.13267111111111096,-0.11036888888888885,0.0,1.0
mean,25,25,pubmedbert,50,0.12188373333333331,0.1215133333333333,0.11545166666666663,0.1292576666666667,0.11350222222222217,0.12930666666666668,1.0,0.0
mean,25,25,biobert,50,0.13470035555555554,0.13471777777777777,0.12551877777777784,0.14184111111111117,0.12389777777777766,0.14822666666666662,1.0,0.0
mean,25,25,simcse,50,0.07447973333333334,0.07445555555555555,0.06722977777777774,0.08197411111111103,0.061782222222222294,0.08346666666666669,1.0,0.0
mean,50,25,specter,50,-0.09956586666666667,-0.09937000000000001,-0.10898461111111102,-0.08935794444444452,-0.11224888888888884,-0.08682222222222225,0.0,1.0
mean,50,25,specter2,50,-0.11772853333333336,-0.11822666666666681,-0.12635666666666664,-0.10916172222222219,-0.12683999999999995,-0.10842888888888902,0.0,1.0
mean,50,25,scincl,50,-0.13877977777777775,-0.13907333333333333,-0.14835044444444437,-0.12840133333333326,-0.15347333333333335,-0.12594222222222218,0.0,1.0
mean,50,25,scibert,50,0.15068804444444442,0.15073666666666663,0.14473933333333325,0.15583866666666657,0.14195111111111103,0.15617333333333328,1.0,0.0
mean,50,25,bert,50,0.11414662222222222,0.11470222222222226,0.10641972222222229,0.12058038888888879,0.10569777777777778,0.1251955555555555,1.0,0.0
mean,50,25,mpnet,50,-0.16100404444444444,-0.16179888888888888,-0.1713106111111111,-0.14807544444444456,-0.17503333333333326,-0.14297777777777776,0.0,1.0
mean,50,25,minilm,50,-0.11873324444444446,-0.11875888888888886,-0.1277614444444445,-0.10956122222222221,-0.13432444444444436,-0.10745111111111116,0.0,1.0
mean,50,25,pubmedbert,50,0.1162468,0.11603333333333327,0.10960544444444445,0.1244738888888889,0.10846444444444436,0.12707999999999997,1.0,0.0
mean,50,25,biobert,50,0.13545431111111111,0.13552111111111104,0.12871533333333338,0.14256383333333336,0.12657999999999991,0.14747333333333335,1.0,0.0
mean,50,25,simcse,50,0.06909786666666666,0.0695966666666667,0.06068511111111111,0.07691105555555552,0.0581044444444444,0.07764222222222228,1.0,0.0
cls,25,25,specter,50,-0.14482951111111111,-0.14452444444444434,-0.1550862222222223,-0.1342102222222223,-0.15691999999999984,-0.13188444444444447,0.0,1.0
cls,25,25,specter2,50,-0.15423902222222222,-0.15457333333333328,-0.16448266666666664,-0.1436325555555556,-0.16581777777777784,-0.14273333333333338,0.0,1.0
cls,25,25,scincl,50,-0.17793902222222224,-0.17802,-0.18833900000000006,-0.16837200000000008,-0.1916622222222223,-0.16489333333333334,0.0,1.0
cls,25,25,scibert,50,0.0713928888888889,0.07165111111111111,0.0659265555555556,0.0758674444444444,0.06528888888888884,0.0766311111111111,1.0,0.0
cls,25,25,bert,50,0.08695946666666668,0.08737777777777772,0.08083144444444444,0.09265199999999994,0.08013333333333328,0.09353333333333336,1.0,0.0
cls,25,25,mpnet,50,-0.21711760000000002,-0.21649555555555555,-0.22725977777777773,-0.20449311111111115,-0.22890222222222223,-0.20106222222222225,0.0,1.0
cls,25,25,minilm,50,-0.17332871111111112,-0.17373333333333324,-0.17996966666666678,-0.16162222222222225,-0.18059111111111104,-0.16100444444444428,0.0,1.0
cls,25,25,pubmedbert,50,0.0995385777777778,0.09929999999999994,0.09600155555555558,0.10353144444444447,0.09271555555555555,0.10435111111111106,1.0,0.0
cls,25,25,biobert,50,0.09765253333333336,0.09723777777777781,0.09235533333333337,0.10298544444444442,0.09156888888888892,0.10444000000000009,1.0,0.0
cls,25,25,simcse,50,0.02732897777777775,0.02719777777777771,0.02050788888888884,0.03497911111111105,0.01382222222222218,0.035386666666666566,1.0,0.0
sep,25,25,specter,50,-0.10308355555555558,-0.10279111111111111,-0.11259888888888893,-0.09329588888888889,-0.1146488888888888,-0.09164888888888889,0.0,1.0
sep,25,25,specter2,50,-0.11889351111111113,-0.11887777777777775,-0.1288602222222223,-0.10892822222222229,-0.13251111111111102,-0.1075422222222222,0.0,1.0
sep,25,25,scincl,50,-0.1398624888888889,-0.13911111111111113,-0.15043644444444446,-0.13055655555555568,-0.15369333333333335,-0.12762666666666667,0.0,1.0
sep,25,25,scibert,50,0.06982577777777779,0.06959777777777781,0.06503344444444444,0.07540077777777775,0.06464000000000014,0.07576000000000005,1.0,0.0
sep,25,25,bert,50,0.0647272,0.06487111111111116,0.059365000000000015,0.06995777777777776,0.0587644444444444,0.07116888888888884,1.0,0.0
sep,25,25,mpnet,50,-0.17659768888888888,-0.17662444444444458,-0.18727566666666676,-0.16408244444444442,-0.18924444444444444,-0.16148444444444454,0.0,1.0
sep,25,25,minilm,50,-0.13435617777777778,-0.13407999999999998,-0.14151455555555553,-0.12356311111111112,-0.14258666666666675,-0.12156888888888884,0.0,1.0
sep,25,25,pubmedbert,50,0.06949644444444444,0.06958888888888892,0.06300444444444447,0.07652588888888884,0.060946666666666705,0.0817822222222222,1.0,0.0
sep,25,25,biobert,50,0.05159457777777778,0.051742222222222245,0.04309144444444445,0.05783422222222216,0.04198666666666673,0.0597955555555556,1.0,0.0
sep,25,25,simcse,50,0.04725680000000001,0.04691777777777778,0.0394289999999999,0.054914444444444495,0.03548444444444454,0.055644444444444496,1.0,0.0
mean,10,26,specter,50,-0.03920577777777779,-0.03848333333333337,-0.05233194444444448,-0.02612777777777786,-0.055844444444444474,-0.022888888888888848,0.0,1.0
mean,10,26,specter2,50,-0.05008688888888889,-0.05011666666666659,-0.06175222222222219,-0.03648166666666667,-0.06342222222222216,-0.025722222222222313,0.0,1.0
mean,10,26,scincl,50,-0.08402177777777776,-0.08448888888888889,-0.09792500000000001,-0.07066944444444442,-0.10127777777777769,-0.06803333333333339,0.0,1.0
mean,10,26,scibert,50,0.15715333333333337,0.15676666666666667,0.1486338888888889,0.16518083333333325,0.1473000000000001,0.16600000000000004,1.0,0.0
mean,10,26,bert,50,0.147158,0.14727222222222225,0.13958027777777782,0.15603194444444443,0.13870000000000005,0.15741111111111106,1.0,0.0
mean,10,26,mpnet,50,-0.10017066666666669,-0.1003944444444444,-0.11191111111111106,-0.08892388888888893,-0.11473333333333324,-0.08704444444444448,0.0,1.0
mean,10,26,minilm,50,-0.06603422222222222,-0.0661666666666666,-0.08050750000000002,-0.052983611111111134,-0.08353333333333346,-0.05204444444444434,0.0,1.0
mean,10,26,pubmedbert,50,0.1477302222222222,0.14788333333333337,0.1413886111111111,0.1544461111111111,0.1392,0.15641111111111106,1.0,0.0
mean,10,26,biobert,50,0.1454091111111111,0.1461,0.1360805555555556,0.1545027777777778,0.13490000000000002,0.15931111111111107,1.0,0.0
mean,10,26,simcse,50,0.08253266666666667,0.08178333333333337,0.07335777777777777,0.0922327777777778,0.0731222222222222,0.09307777777777781,1.0,0.0
mean,25,26,specter,50,-0.03753484444444443,-0.036748888888888886,-0.050528555555555514,-0.025808111111111098,-0.051204444444444386,-0.02055555555555555,0.0,1.0
mean,25,26,specter2,50,-0.054862400000000006,-0.05538444444444446,-0.06370844444444437,-0.04432677777777788,-0.06392444444444445,-0.03948888888888891,0.0,1.0
mean,25,26,scincl,50,-0.08261715555555556,-0.08243111111111112,-0.09738733333333346,-0.068701,-0.10155111111111115,-0.061648888888888864,0.0,1.0
mean,25,26,scibert,50,0.17003848888888887,0.17031333333333332,0.16175966666666666,0.17830500000000002,0.1595644444444444,0.17916888888888882,1.0,0.0
mean,25,26,bert,50,0.15168035555555556,0.1517755555555556,0.14379588888888892,0.15714766666666677,0.1423066666666667,0.15911999999999993,1.0,0.0
mean,25,26,mpnet,50,-0.10916764444444443,-0.10979555555555548,-0.12056977777777782,-0.09788744444444447,-0.12170666666666674,-0.09766666666666668,0.0,1.0
mean,25,26,minilm,50,-0.06876808888888888,-0.06852888888888886,-0.07940733333333337,-0.057085000000000094,-0.08439555555555567,-0.05478222222222218,0.0,1.0
mean,25,26,pubmedbert,50,0.15987742222222223,0.15994666666666674,0.15016722222222229,0.16603311111111105,0.1487777777777778,0.16632888888888886,1.0,0.0
mean,25,26,biobert,50,0.16358497777777778,0.16295999999999988,0.1530137777777779,0.1738373333333333,0.14960444444444432,0.1744622222222223,1.0,0.0
mean,25,26,simcse,50,0.08746044444444445,0.08719777777777776,0.07895422222222231,0.09696299999999997,0.07727111111111107,0.09918222222222217,1.0,0.0
mean,50,26,specter,50,-0.0461776888888889,-0.04578555555555558,-0.06041994444444447,-0.03369205555555561,-0.061277777777777764,-0.02993333333333348,0.0,1.0
mean,50,26,specter2,50,-0.06256688888888888,-0.062351111111111135,-0.07274422222222227,-0.05140966666666667,-0.07489777777777784,-0.04957777777777772,0.0,1.0
mean,50,26,scincl,50,-0.08414746666666666,-0.08459777777777788,-0.09791844444444443,-0.06808883333333343,-0.10375333333333325,-0.06147333333333316,0.0,1.0
mean,50,26,scibert,50,0.17477404444444444,0.17520555555555556,0.1669120555555556,0.1806140555555555,0.1664066666666667,0.1829155555555556,1.0,0.0
mean,50,26,bert,50,0.1480586222222222,0.14830888888888882,0.14140733333333336,0.1557898333333333,0.1368355555555555,0.1564133333333334,1.0,0.0
mean,50,26,mpnet,50,-0.10738199999999999,-0.10713,-0.11701572222222234,-0.09885911111111113,-0.11755111111111105,-0.09647777777777777,0.0,1.0
mean,50,26,minilm,50,-0.07017564444444443,-0.06917999999999996,-0.0818221111111111,-0.061839833333333406,-0.08210000000000006,-0.06027333333333318,0.0,1.0
mean,50,26,pubmedbert,50,0.16592888888888888,0.16576000000000002,0.1570056111111111,0.1740531666666666,0.1552422222222224,0.17435111111111112,1.0,0.0
mean,50,26,biobert,50,0.17396822222222222,0.1745855555555556,0.1616509444444444,0.18508466666666668,0.1610288888888889,0.18950222222222213,1.0,0.0
mean,50,26,simcse,50,0.08948786666666664,0.08913222222222222,0.0805857777777778,0.09909377777777778,0.07517777777777768,0.102408888888889,1.0,0.0
cls,25,26,specter,50,-0.07227075555555554,-0.07119333333333333,-0.08580077777777778,-0.06057722222222222,-0.08775999999999995,-0.05593333333333328,0.0,1.0
cls,25,26,specter2,50,-0.08806604444444446,-0.08866222222222214,-0.0963982222222222,-0.07683166666666671,-0.09730666666666665,-0.07381777777777787,0.0,1.0
cls,25,26,scincl,50,-0.12002568888888891,-0.1195444444444444,-0.1341255555555556,-0.10622766666666666,-0.13847555555555557,-0.09989777777777786,0.0,1.0
cls,25,26,scibert,50,0.09076426666666666,0.09046000000000004,0.0867784444444445,0.09506433333333332,0.0859644444444444,0.09851555555555558,1.0,0.0
cls,25,26,bert,50,0.11153795555555554,0.11166000000000004,0.10664999999999998,0.11737644444444453,0.10430666666666666,0.11830666666666678,1.0,0.0
cls,25,26,mpnet,50,-0.15121457777777775,-0.15113555555555547,-0.16211311111111099,-0.14100011111111116,-0.16244888888888886,-0.13736888888888887,0.0,1.0
cls,25,26,minilm,50,-0.11378195555555555,-0.11381333333333327,-0.1262194444444445,-0.10263911111111115,-0.12918666666666667,-0.09801777777777776,0.0,1.0
cls,25,26,pubmedbert,50,0.12167120000000001,0.12170444444444439,0.1167736666666667,0.12649055555555555,0.11451555555555548,0.12759555555555568,1.0,0.0
cls,25,26,biobert,50,0.12433475555555557,0.12405111111111106,0.11720166666666666,0.1304804444444445,0.11456444444444458,0.13726666666666654,1.0,0.0
cls,25,26,simcse,50,0.035902311111111106,0.03612000000000004,0.027882999999999967,0.04535488888888883,0.02661777777777774,0.0461866666666666,1.0,0.0
sep,25,26,specter,50,-0.05368595555555553,-0.05269777777777779,-0.0673709999999999,-0.04211533333333336,-0.06905777777777777,-0.03720000000000001,0.0,1.0
sep,25,26,specter2,50,-0.07092604444444445,-0.07161555555555554,-0.07891533333333328,-0.06025077777777776,-0.07984888888888886,-0.057302222222222254,0.0,1.0
sep,25,26,scincl,50,-0.10004035555555557,-0.09984666666666675,-0.11419366666666673,-0.08532755555555561,-0.11927555555555569,-0.07882666666666671,0.0,1.0
sep,25,26,scibert,50,0.08135324444444446,0.08121333333333336,0.0769284444444445,0.08585466666666661,0.07662222222222226,0.08982222222222225,1.0,0.0
sep,25,26,bert,50,0.06637546666666666,0.06630888888888886,0.06121577777777776,0.07203744444444443,0.05802666666666667,0.07318666666666662,1.0,0.0
sep,25,26,mpnet,50,-0.12908568888888888,-0.12901111111111108,-0.13961588888888887,-0.11936222222222236,-0.1411555555555556,-0.11629777777777783,0.0,1.0
sep,25,26,minilm,50,-0.09122328888888889,-0.09176888888888884,-0.10316722222222222,-0.07901344444444452,-0.10600888888888882,-0.07631555555555547,0.0,1.0
sep,25,26,pubmedbert,50,0.10240924444444445,0.1024822222222222,0.09505811111111112,0.10829844444444445,0.09291555555555564,0.11377777777777776,1.0,0.0
sep,25,26,biobert,50,0.09814746666666664,0.09742444444444448,0.08924366666666671,0.108565,0.0882222222222222,0.1087688888888888,1.0,0.0
sep,25,26,simcse,50,0.04942995555555557,0.04966666666666664,0.041456888888888876,0.059233222222222215,0.040782222222222164,0.059462222222222194,1.0,0.0
mean,10,27,specter,50,-0.16854888888888886,-0.16748888888888885,-0.18140333333333325,-0.15779805555555546,-0.18314444444444444,-0.15691111111111122,0.0,1.0
mean,10,27,specter2,50,-0.1816024444444444,-0.18196111111111107,-0.1932266666666667,-0.16971249999999996,-0.19937777777777776,-0.16327777777777785,0.0,1.0
mean,10,27,scincl,50,-0.20027844444444443,-0.19982777777777783,-0.21281666666666665,-0.18541138888888894,-0.2173222222222222,-0.18424444444444443,0.0,1.0
mean,10,27,scibert,50,0.14429,0.14438333333333336,0.13535472222222217,0.15353722222222219,0.1344777777777778,0.1542444444444444,1.0,0.0
mean,10,27,bert,50,0.09942155555555557,0.09911666666666663,0.09096361111111109,0.10640055555555553,0.08804444444444448,0.10687777777777774,1.0,0.0
mean,10,27,mpnet,50,-0.21238977777777773,-0.21081111111111106,-0.2257544444444444,-0.20079083333333336,-0.23143333333333338,-0.1988444444444445,0.0,1.0
mean,10,27,minilm,50,-0.156194,-0.1557722222222222,-0.1690561111111111,-0.14641611111111114,-0.17357777777777772,-0.14385555555555551,0.0,1.0
mean,10,27,pubmedbert,50,0.10495244444444446,0.1056333333333333,0.09789472222222227,0.11339833333333324,0.09771111111111119,0.11480000000000001,1.0,0.0
mean,10,27,biobert,50,0.12072422222222222,0.12084444444444448,0.1118361111111111,0.12903444444444442,0.11066666666666647,0.13037777777777781,1.0,0.0
mean,10,27,simcse,50,0.06305133333333333,0.06244444444444447,0.05223388888888887,0.07109750000000001,0.05146666666666666,0.07406666666666673,1.0,0.0
mean,25,27,specter,50,-0.1826407111111111,-0.18227333333333323,-0.19393611111111106,-0.1723981111111112,-0.19457777777777785,-0.1711733333333333,0.0,1.0
mean,25,27,specter2,50,-0.19558275555555554,-0.19569555555555557,-0.21022266666666667,-0.18279955555555552,-0.21484000000000003,-0.18075999999999992,0.0,1.0
mean,25,27,scincl,50,-0.2105349333333333,-0.2111711111111111,-0.22071355555555566,-0.19928955555555553,-0.2215288888888889,-0.19357777777777774,0.0,1.0
mean,25,27,scibert,50,0.14146373333333334,0.1418488888888889,0.13391311111111118,0.14842411111111106,0.13220444444444446,0.1498533333333334,1.0,0.0
mean,25,27,bert,50,0.08680568888888889,0.08753333333333324,0.07795166666666674,0.09410288888888894,0.07469333333333339,0.09486222222222218,1.0,0.0
mean,25,27,mpnet,50,-0.21648799999999999,-0.21691555555555558,-0.2258183333333334,-0.20603822222222215,-0.22624,-0.20525777777777787,0.0,1.0
mean,25,27,minilm,50,-0.15837786666666667,-0.15825999999999996,-0.16922922222222223,-0.14810711111111116,-0.17248444444444455,-0.14543555555555543,0.0,1.0
mean,25,27,pubmedbert,50,0.1055144,0.10525333333333331,0.09965244444444436,0.11306099999999998,0.09905333333333333,0.11483111111111122,1.0,0.0
mean,25,27,biobert,50,0.1287510222222222,0.12847111111111115,0.12336088888888892,0.13550644444444448,0.12144888888888883,0.13626222222222228,1.0,0.0
mean,25,27,simcse,50,0.05791973333333333,0.05762222222222224,0.04856544444444445,0.06573633333333337,0.044075555555555535,0.06646666666666656,1.0,0.0
mean,50,27,specter,50,-0.18939573333333332,-0.18957111111111113,-0.20031588888888882,-0.17782294444444446,-0.2012733333333332,-0.17717777777777777,0.0,1.0
mean,50,27,specter2,50,-0.20206902222222226,-0.20276111111111111,-0.21458316666666669,-0.18752916666666664,-0.2203533333333334,-0.18654222222222228,0.0,1.0
mean,50,27,scincl,50,-0.20736084444444444,-0.207101111111111,-0.21831827777777776,-0.19693599999999997,-0.22010444444444444,-0.1909466666666667,0.0,1.0
mean,50,27,scibert,50,0.1414703111111111,0.14148111111111117,0.1336378333333333,0.15056022222222218,0.1314466666666666,0.15343111111111118,1.0,0.0
mean,50,27,bert,50,0.07257617777777776,0.07316777777777772,0.06422411111111104,0.0817687777777778,0.0631288888888889,0.08314444444444435,1.0,0.0
mean,50,27,mpnet,50,-0.21543453333333332,-0.21564777777777783,-0.2223873888888889,-0.20681183333333342,-0.22394888888888898,-0.2060333333333333,0.0,1.0
mean,50,27,minilm,50,-0.15679608888888885,-0.15640777777777776,-0.16477927777777773,-0.14998644444444445,-0.16790000000000005,-0.149911111111111,0.0,1.0
mean,50,27,pubmedbert,50,0.10446631111111111,0.10462777777777782,0.09809205555555547,0.11255899999999991,0.09522444444444456,0.11315777777777769,1.0,0.0
mean,50,27,biobert,50,0.13622724444444445,0.1362233333333333,0.13058938888888896,0.14355344444444443,0.13053333333333328,0.1440311111111111,1.0,0.0
mean,50,27,simcse,50,0.04864911111111111,0.04853999999999992,0.04075572222222218,0.05644538888888888,0.03618888888888894,0.05695777777777766,1.0,0.0
cls,25,27,specter,50,-0.22581484444444444,-0.2251777777777777,-0.23779177777777782,-0.21619844444444455,-0.23850666666666664,-0.2135422222222223,0.0,1.0
cls,25,27,specter2,50,-0.23163662222222225,-0.2325488888888888,-0.24614388888888888,-0.21830266666666664,-0.25075111111111115,-0.21571555555555555,0.0,1.0
cls,25,27,scincl,50,-0.24977191111111113,-0.2504577777777778,-0.26028011111111116,-0.2391062222222222,-0.26097777777777775,-0.23502222222222224,0.0,1.0
cls,25,27,scibert,50,0.060392266666666666,0.06019333333333332,0.05592688888888896,0.06525144444444445,0.055439999999999934,0.06583555555555543,1.0,0.0
cls,25,27,bert,50,0.07249342222222221,0.07270666666666664,0.06732299999999998,0.07858055555555568,0.06415555555555552,0.08072444444444438,1.0,0.0
cls,25,27,mpnet,50,-0.25841919999999996,-0.25868222222222226,-0.2671938888888889,-0.24839622222222218,-0.2678666666666666,-0.24772888888888878,0.0,1.0
cls,25,27,minilm,50,-0.20187271111111116,-0.20132888888888895,-0.21255655555555558,-0.19121711111111106,-0.21436888888888894,-0.1894755555555555,0.0,1.0
cls,25,27,pubmedbert,50,0.07568906666666667,0.07567333333333337,0.07167744444444439,0.08102677777777781,0.0706,0.08247555555555564,1.0,0.0
cls,25,27,biobert,50,0.06946328888888889,0.06920888888888899,0.06273699999999999,0.0743286666666666,0.06095111111111107,0.07672888888888874,1.0,0.0
cls,25,27,simcse,50,0.011130222222222222,0.011382222222222238,0.0019336666666666309,0.01848511111111109,-0.0021999999999999797,0.01955555555555566,0.98,0.02
sep,25,27,specter,50,-0.17870284444444448,-0.1781355555555555,-0.19036400000000006,-0.169729,-0.19096888888888897,-0.16549333333333338,0.0,1.0
sep,25,27,specter2,50,-0.19326231111111108,-0.1943866666666666,-0.20808711111111114,-0.18003833333333327,-0.2135555555555556,-0.17592444444444444,0.0,1.0
sep,25,27,scincl,50,-0.20530391111111113,-0.20597555555555558,-0.21499777777777784,-0.19415500000000002,-0.21648888888888895,-0.1892933333333333,0.0,1.0
sep,25,27,scibert,50,0.05532293333333334,0.05549333333333328,0.04988811111111119,0.060119222222222234,0.04848444444444444,0.06155999999999995,1.0,0.0
sep,25,27,bert,50,0.0542335111111111,0.05484222222222218,0.04791488888888887,0.05943555555555552,0.04601333333333335,0.06053333333333333,1.0,0.0
sep,25,27,mpnet,50,-0.21168204444444444,-0.21169999999999994,-0.2203931111111111,-0.20209000000000002,-0.2207377777777778,-0.2001155555555556,0.0,1.0
sep,25,27,minilm,50,-0.15841875555555557,-0.15770444444444437,-0.16951244444444447,-0.14724455555555563,-0.17183111111111116,-0.145591111111111,0.0,1.0
sep,25,27,pubmedbert,50,0.040679644444444454,0.0406644444444445,0.032445000000000015,0.047820666666666685,0.03051999999999999,0.05134666666666665,1.0,0.0
sep,25,27,biobert,50,0.002735111111111115,0.0031688888888889433,-0.0053857777777778,0.009774444444444344,-0.006199999999999983,0.015462222222222155,0.7,0.3
sep,25,27,simcse,50,0.0322808888888889,0.03256444444444445,0.023083444444444413,0.039937666666666656,0.018564444444444494,0.04090666666666676,1.0,0.0
mean,10,28,specter,50,-0.06422822222222221,-0.06339444444444442,-0.0790211111111111,-0.05411166666666657,-0.08124444444444445,-0.05181111111111114,0.0,1.0
mean,10,28,specter2,50,-0.08611466666666669,-0.08608333333333329,-0.09871111111111115,-0.07490750000000002,-0.10491111111111107,-0.07405555555555554,0.0,1.0
mean,10,28,scincl,50,-0.10470311111111108,-0.1051833333333333,-0.11669416666666657,-0.09165944444444454,-0.1195666666666666,-0.07879999999999998,0.0,1.0
mean,10,28,scibert,50,0.17284555555555553,0.17313333333333336,0.164435,0.17922722222222226,0.16134444444444462,0.18552222222222237,1.0,0.0
mean,10,28,bert,50,0.13438288888888889,0.13524444444444444,0.12498333333333343,0.1410094444444444,0.1220888888888888,0.14135555555555557,1.0,0.0
mean,10,28,mpnet,50,-0.11087666666666668,-0.11215555555555556,-0.12080027777777773,-0.10021138888888892,-0.12367777777777778,-0.09282222222222214,0.0,1.0
mean,10,28,minilm,50,-0.06437888888888889,-0.06477777777777782,-0.07484999999999996,-0.054357222222222217,-0.07599999999999996,-0.04861111111111094,0.0,1.0
mean,10,28,pubmedbert,50,0.1300242222222222,0.1307111111111111,0.1211927777777778,0.1383538888888889,0.11698888888888892,0.14045555555555544,1.0,0.0
mean,10,28,biobert,50,0.1643731111111111,0.16423333333333334,0.15752611111111114,0.17095888888888897,0.15623333333333334,0.17865555555555546,1.0,0.0
mean,10,28,simcse,50,0.09414711111111113,0.09387777777777778,0.0871463888888889,0.10137388888888885,0.0861333333333334,0.10244444444444434,1.0,0.0
mean,25,28,specter,50,-0.0695976888888889,-0.06825555555555551,-0.08189833333333323,-0.06039899999999997,-0.08365777777777772,-0.059853333333333314,0.0,1.0
mean,25,28,specter2,50,-0.09581653333333331,-0.09563333333333324,-0.10360466666666665,-0.08689133333333326,-0.10832444444444433,-0.0863600000000001,0.0,1.0
mean,25,28,scincl,50,-0.11345786666666667,-0.11388222222222216,-0.12377166666666668,-0.10209677777777772,-0.12770222222222227,-0.09769777777777777,0.0,1.0
mean,25,28,scibert,50,0.17524302222222224,0.17523111111111112,0.16791711111111104,0.18393466666666666,0.16716888888888892,0.18647111111111103,1.0,0.0
mean,25,28,bert,50,0.12693093333333333,0.1270222222222222,0.12005022222222228,0.13472299999999998,0.11748000000000003,0.13632,1.0,0.0
mean,25,28,mpnet,50,-0.11676533333333333,-0.1164311111111111,-0.12547944444444442,-0.10764133333333331,-0.12560888888888888,-0.10686666666666655,0.0,1.0
mean,25,28,minilm,50,-0.06347111111111112,-0.0636355555555555,-0.07342455555555569,-0.05501433333333328,-0.07664000000000004,-0.05447555555555561,0.0,1.0
mean,25,28,pubmedbert,50,0.12629946666666667,0.12625333333333327,0.12022099999999997,0.13356655555555555,0.1166355555555556,0.1353511111111111,1.0,0.0
mean,25,28,biobert,50,0.17543813333333336,0.17559333333333332,0.16748577777777784,0.18296366666666664,0.1632622222222222,0.1842222222222223,1.0,0.0
mean,25,28,simcse,50,0.09126835555555556,0.09088444444444449,0.08467822222222228,0.09990733333333329,0.08417777777777768,0.10160444444444439,1.0,0.0
mean,50,28,specter,50,-0.07490715555555555,-0.07364222222222222,-0.08650566666666663,-0.06719722222222223,-0.087311111111111,-0.06588000000000005,0.0,1.0
mean,50,28,specter2,50,-0.10428293333333336,-0.10402111111111112,-0.11234649999999995,-0.09628022222222218,-0.11304444444444439,-0.09565111111111113,0.0,1.0
mean,50,28,scincl,50,-0.11689453333333333,-0.11693111111111115,-0.12626188888888887,-0.1080245,-0.12697777777777774,-0.10425333333333342,0.0,1.0
mean,50,28,scibert,50,0.16908773333333335,0.1691988888888889,0.16131938888888894,0.17732255555555554,0.16065555555555566,0.17938666666666658,1.0,0.0
mean,50,28,bert,50,0.11043760000000001,0.11012444444444452,0.10446105555555557,0.11924733333333333,0.1015044444444444,0.12040222222222219,1.0,0.0
mean,50,28,mpnet,50,-0.11963004444444446,-0.11981666666666674,-0.12988,-0.11031961111111115,-0.13125333333333344,-0.10970888888888886,0.0,1.0
mean,50,28,minilm,50,-0.06553613333333334,-0.06484333333333336,-0.07393905555555556,-0.0576367222222222,-0.07634444444444444,-0.05468666666666655,0.0,1.0
mean,50,28,pubmedbert,50,0.11920439999999999,0.11959333333333333,0.11130888888888882,0.1264763333333334,0.10875111111111113,0.12878888888888906,1.0,0.0
mean,50,28,biobert,50,0.17600884444444442,0.17612666666666665,0.16840566666666668,0.1840546666666666,0.16634888888888888,0.18587333333333333,1.0,0.0
mean,50,28,simcse,50,0.08169960000000001,0.0815933333333334,0.0747265,0.09066566666666669,0.07451555555555545,0.09120444444444431,1.0,0.0
cls,25,28,specter,50,-0.12349555555555555,-0.12266444444444452,-0.13596533333333333,-0.1148116666666667,-0.13644888888888884,-0.11313333333333342,0.0,1.0
cls,25,28,specter2,50,-0.14678711111111112,-0.14590000000000003,-0.15537566666666663,-0.1384274444444445,-0.15717777777777764,-0.13690222222222226,0.0,1.0
cls,25,28,scincl,50,-0.16398595555555556,-0.16393777777777774,-0.17503933333333335,-0.15299088888888895,-0.17754222222222216,-0.14875555555555564,0.0,1.0
cls,25,28,scibert,50,0.07226213333333334,0.07202666666666668,0.06516711111111109,0.07765999999999994,0.0634622222222222,0.07942222222222217,1.0,0.0
cls,25,28,bert,50,0.09473022222222223,0.09499777777777785,0.08962766666666667,0.10087411111111114,0.08954666666666655,0.10194666666666663,1.0,0.0
cls,25,28,mpnet,50,-0.17032684444444443,-0.17008666666666655,-0.17858644444444446,-0.1616336666666667,-0.17936000000000007,-0.16088888888888886,0.0,1.0
cls,25,28,minilm,50,-0.11759715555555555,-0.11742222222222226,-0.12780655555555573,-0.10916633333333335,-0.13023555555555555,-0.10833777777777776,0.0,1.0
cls,25,28,pubmedbert,50,0.0911568,0.09107555555555558,0.08404100000000007,0.09646522222222222,0.08350666666666662,0.09801777777777776,1.0,0.0
cls,25,28,biobert,50,0.10116453333333335,0.10062444444444446,0.09295555555555554,0.11050066666666669,0.09122666666666668,0.11166222222222233,1.0,0.0
cls,25,28,simcse,50,0.03778933333333335,0.03726444444444438,0.031206222222222312,0.04565366666666667,0.03108444444444458,0.04846666666666666,1.0,0.0
sep,25,28,specter,50,-0.07464604444444445,-0.07388444444444442,-0.08649455555555552,-0.06564777777777782,-0.08756000000000008,-0.0641911111111112,0.0,1.0
sep,25,28,specter2,50,-0.10166675555555557,-0.10104444444444449,-0.10970755555555539,-0.09345377777777775,-0.112831111111111,-0.09174666666666664,0.0,1.0
sep,25,28,scincl,50,-0.11646888888888889,-0.11645111111111112,-0.12667744444444454,-0.10528944444444434,-0.1296799999999999,-0.09994222222222227,0.0,1.0
sep,25,28,scibert,50,0.08132044444444445,0.08110888888888884,0.0755175555555555,0.088420111111111,0.0740533333333333,0.08930666666666665,1.0,0.0
sep,25,28,bert,50,0.09473324444444446,0.09469333333333335,0.08699633333333338,0.10053977777777778,0.08527111111111108,0.10158222222222213,1.0,0.0
sep,25,28,mpnet,50,-0.1210666666666667,-0.12076888888888887,-0.1290304444444445,-0.11283211111111116,-0.12988,-0.11101333333333341,0.0,1.0
sep,25,28,minilm,50,-0.07046524444444444,-0.07076888888888894,-0.08002855555555559,-0.06126977777777777,-0.08196888888888887,-0.060719999999999996,0.0,1.0
sep,25,28,pubmedbert,50,0.08426337777777776,0.08446222222222227,0.07559577777777776,0.09329933333333332,0.07419111111111121,0.09437333333333331,1.0,0.0
sep,25,28,biobert,50,0.05419217777777776,0.052891111111111055,0.04549011111111116,0.06518733333333336,0.04300000000000015,0.06684000000000001,1.0,0.0
sep,25,28,simcse,50,0.06835013333333334,0.06783777777777772,0.06231711111111117,0.07633722222222222,0.062040000000000095,0.07811111111111102,1.0,0.0
mean,10,29,specter,50,-0.10643022222222223,-0.10607777777777777,-0.1204597222222222,-0.09580777777777785,-0.12312222222222224,-0.09485555555555558,0.0,1.0
mean,10,29,specter2,50,-0.13953155555555555,-0.13883888888888885,-0.1533894444444445,-0.1288441666666667,-0.15462222222222233,-0.12774444444444444,0.0,1.0
mean,10,29,scincl,50,-0.1264008888888889,-0.12456666666666671,-0.14155416666666665,-0.11581222222222222,-0.14522222222222203,-0.1110000000000001,0.0,1.0
mean,10,29,scibert,50,0.17693155555555556,0.17675555555555555,0.16856,0.18422222222222226,0.16485555555555553,0.18848888888888882,1.0,0.0
mean,10,29,bert,50,0.1341622222222222,0.13374444444444444,0.1267347222222221,0.14246277777777783,0.12225555555555556,0.14617777777777774,1.0,0.0
mean,10,29,mpnet,50,-0.17847044444444446,-0.17950555555555558,-0.19079722222222215,-0.16572555555555557,-0.19232222222222228,-0.1652,0.0,1.0
mean,10,29,minilm,50,-0.13531022222222222,-0.13513333333333333,-0.1495372222222222,-0.1230280555555556,-0.15242222222222224,-0.12246666666666661,0.0,1.0
mean,10,29,pubmedbert,50,0.133188,0.13278333333333336,0.12437194444444441,0.1411563888888889,0.1227111111111111,0.14382222222222218,1.0,0.0
mean,10,29,biobert,50,0.15800266666666668,0.1577055555555556,0.1509852777777778,0.1679455555555556,0.14911111111111108,0.16837777777777785,1.0,0.0
mean,10,29,simcse,50,0.09684999999999996,0.09654444444444449,0.08697916666666665,0.1105527777777778,0.08514444444444436,0.11344444444444435,1.0,0.0
mean,25,29,specter,50,-0.1210256888888889,-0.12139111111111106,-0.1303397777777778,-0.11170022222222221,-0.13584444444444443,-0.11059555555555567,0.0,1.0
mean,25,29,specter2,50,-0.1447413333333333,-0.1437266666666666,-0.15756044444444442,-0.13617233333333337,-0.15815111111111113,-0.13455555555555554,0.0,1.0
mean,25,29,scincl,50,-0.14273626666666667,-0.14221555555555548,-0.15455611111111106,-0.13185200000000005,-0.16311555555555557,-0.12681333333333333,0.0,1.0
mean,25,29,scibert,50,0.1736582222222222,0.1741355555555555,0.16587166666666653,0.18043222222222233,0.16552444444444447,0.18088888888888888,1.0,0.0
mean,25,29,bert,50,0.11847084444444445,0.11834222222222224,0.11116844444444451,0.1260775555555555,0.10897333333333337,0.12620444444444456,1.0,0.0
mean,25,29,mpnet,50,-0.1866088,-0.18716222222222223,-0.19466922222222224,-0.17597577777777781,-0.19585333333333332,-0.17019555555555554,0.0,1.0
mean,25,29,minilm,50,-0.13988826666666665,-0.14023555555555556,-0.1507895555555556,-0.12972500000000006,-0.15139999999999998,-0.1290311111111111,0.0,1.0
mean,25,29,pubmedbert,50,0.11922933333333333,0.12019777777777779,0.11060788888888885,0.12527511111111114,0.10823555555555553,0.12696444444444444,1.0,0.0
mean,25,29,biobert,50,0.16148248888888886,0.16209555555555555,0.1540128888888888,0.16683644444444448,0.15335555555555558,0.1680533333333335,1.0,0.0
mean,25,29,simcse,50,0.08956373333333334,0.08891777777777776,0.08186599999999997,0.09951211111111104,0.08048444444444436,0.10064444444444454,1.0,0.0
mean,50,29,specter,50,-0.12692324444444444,-0.1271533333333334,-0.13650150000000003,-0.1183121666666667,-0.13914222222222228,-0.11272222222222228,0.0,1.0
mean,50,29,specter2,50,-0.15035542222222226,-0.15009333333333336,-0.15983788888888892,-0.14344705555555556,-0.1608288888888889,-0.13700222222222236,0.0,1.0
mean,50,29,scincl,50,-0.14454506666666667,-0.14328333333333337,-0.15585238888888872,-0.13348633333333332,-0.16165333333333343,-0.13323555555555566,0.0,1.0
mean,50,29,scibert,50,0.16628817777777777,0.1666644444444444,0.15952338888888898,0.17440994444444455,0.15940888888888882,0.1750422222222221,1.0,0.0
mean,50,29,bert,50,0.09481506666666664,0.0949077777777777,0.08748122222222227,0.10162516666666666,0.08416000000000001,0.1042844444444444,1.0,0.0
mean,50,29,mpnet,50,-0.18712351111111108,-0.1878366666666666,-0.19634494444444445,-0.17619438888888894,-0.19731333333333323,-0.17548888888888892,0.0,1.0
mean,50,29,minilm,50,-0.13685386666666666,-0.13567555555555544,-0.14724566666666666,-0.1275484999999999,-0.14788444444444426,-0.12537555555555546,0.0,1.0
mean,50,29,pubmedbert,50,0.1067312888888889,0.10673888888888883,0.09936411111111101,0.11273566666666664,0.09909111111111113,0.1130511111111111,1.0,0.0
mean,50,29,biobert,50,0.16754871111111114,0.16690888888888888,0.16191599999999992,0.17339700000000005,0.16170666666666667,0.174991111111111,1.0,0.0
mean,50,29,simcse,50,0.08119199999999999,0.08157444444444428,0.07152038888888883,0.0901158333333334,0.0704244444444444,0.09044444444444444,1.0,0.0
cls,25,29,specter,50,-0.17022284444444444,-0.1695066666666667,-0.1789702222222222,-0.15979011111111105,-0.18642666666666663,-0.1588222222222222,0.0,1.0
cls,25,29,specter2,50,-0.18856133333333333,-0.18791777777777768,-0.19956022222222228,-0.17903244444444447,-0.2012044444444444,-0.17821333333333333,0.0,1.0
cls,25,29,scincl,50,-0.1876921777777778,-0.18777555555555558,-0.19709144444444446,-0.17749277777777778,-0.2091333333333334,-0.1726088888888888,0.0,1.0
cls,25,29,scibert,50,0.07177822222222222,0.07225999999999999,0.06535333333333333,0.07894455555555561,0.06471555555555553,0.08080444444444446,1.0,0.0
cls,25,29,bert,50,0.09806853333333335,0.09807777777777776,0.09274533333333346,0.10319377777777784,0.09228888888888898,0.10470666666666661,1.0,0.0
cls,25,29,mpnet,50,-0.23322808888888885,-0.23442000000000002,-0.24036933333333338,-0.22231077777777783,-0.24338222222222217,-0.21690666666666658,0.0,1.0
cls,25,29,minilm,50,-0.1876338666666667,-0.18800666666666654,-0.19732888888888886,-0.17802966666666664,-0.19847111111111115,-0.17636444444444432,0.0,1.0
cls,25,29,pubmedbert,50,0.0925848888888889,0.09263111111111116,0.08624955555555561,0.09766699999999996,0.08553333333333335,0.09913777777777777,1.0,0.0
cls,25,29,biobert,50,0.09778391111111112,0.09708666666666671,0.09138799999999993,0.10485744444444442,0.0911955555555557,0.10669333333333342,1.0,0.0
cls,25,29,simcse,50,0.035540088888888884,0.03504888888888891,0.029428666666666596,0.0450044444444444,0.02643111111111096,0.04677333333333333,1.0,0.0
sep,25,29,specter,50,-0.1268728,-0.12689111111111112,-0.13580155555555554,-0.11765655555555553,-0.1412577777777777,-0.11528888888888889,0.0,1.0
sep,25,29,specter2,50,-0.15145217777777778,-0.1507155555555556,-0.1628504444444445,-0.14209522222222232,-0.1648711111111112,-0.14178666666666673,0.0,1.0
sep,25,29,scincl,50,-0.14720568888888888,-0.14695999999999998,-0.1571483333333332,-0.13666066666666665,-0.16756888888888888,-0.1326533333333333,0.0,1.0
sep,25,29,scibert,50,0.07394222222222224,0.07389777777777778,0.06665522222222225,0.08156688888888894,0.06481333333333328,0.08231555555555548,1.0,0.0
sep,25,29,bert,50,0.07176924444444446,0.07149555555555548,0.0667291111111111,0.07901322222222235,0.06603111111111104,0.07952888888888887,1.0,0.0
sep,25,29,mpnet,50,-0.19116702222222223,-0.1921822222222222,-0.19763377777777782,-0.18073566666666668,-0.20065333333333346,-0.17359999999999998,0.0,1.0
sep,25,29,minilm,50,-0.14863573333333333,-0.1492777777777778,-0.15942033333333328,-0.13984455555555556,-0.16061777777777775,-0.13759999999999994,0.0,1.0
sep,25,29,pubmedbert,50,0.06470595555555554,0.06430888888888886,0.05741911111111104,0.07333355555555557,0.0566888888888889,0.0741155555555556,1.0,0.0
sep,25,29,biobert,50,0.054743644444444454,0.054217777777777754,0.04607999999999995,0.062271333333333415,0.04556888888888899,0.06286222222222215,1.0,0.0
sep,25,29,simcse,50,0.061771555555555545,0.0615444444444444,0.05429433333333343,0.07087122222222222,0.05150666666666659,0.0724933333333333,1.0,0.0
mean,10,30,specter,50,-0.1047648888888889,-0.10543888888888897,-0.11601750000000007,-0.09370333333333343,-0.11838888888888888,-0.0931777777777778,0.0,1.0
mean,10,30,specter2,50,-0.13759844444444444,-0.13813333333333339,-0.14610277777777786,-0.1254908333333333,-0.15366666666666673,-0.12453333333333338,0.0,1.0
mean,10,30,scincl,50,-0.12934511111111113,-0.12944444444444453,-0.14378305555555548,-0.11844222222222225,-0.1444333333333333,-0.11201111111111117,0.0,1.0
mean,10,30,scibert,50,0.17224399999999998,0.1721555555555555,0.16413305555555555,0.1805763888888888,0.1635333333333333,0.1835,1.0,0.0
mean,10,30,bert,50,0.1264297777777778,0.12696666666666673,0.11704361111111102,0.13356250000000003,0.11592222222222226,0.1344333333333334,1.0,0.0
mean,10,30,mpnet,50,-0.1525188888888889,-0.1510777777777778,-0.16580027777777778,-0.1438911111111111,-0.1685888888888889,-0.14312222222222215,0.0,1.0
mean,10,30,minilm,50,-0.10607799999999999,-0.10557222222222223,-0.11587888888888893,-0.09474111111111108,-0.11885555555555549,-0.09418888888888888,0.0,1.0
mean,10,30,pubmedbert,50,0.12038133333333334,0.12044444444444447,0.11068722222222224,0.13108222222222224,0.10864444444444443,0.13187777777777776,1.0,0.0
mean,10,30,biobert,50,0.1375102222222222,0.13670555555555552,0.13034694444444442,0.1478030555555556,0.12493333333333334,0.15218888888888893,1.0,0.0
mean,10,30,simcse,50,0.08804177777777777,0.08799999999999997,0.07930333333333332,0.09677861111111107,0.07530000000000003,0.09736666666666671,1.0,0.0
mean,25,30,specter,50,-0.11846542222222223,-0.11859111111111109,-0.1273504444444444,-0.10880099999999993,-0.1278622222222222,-0.1083155555555555,0.0,1.0
mean,25,30,specter2,50,-0.1457416,-0.14572666666666673,-0.15606488888888892,-0.1330563333333333,-0.15929777777777776,-0.1302888888888888,0.0,1.0
mean,25,30,scincl,50,-0.14604328888888887,-0.14597333333333334,-0.15647266666666662,-0.13649066666666668,-0.15943555555555544,-0.13217333333333325,0.0,1.0
mean,25,30,scibert,50,0.17200737777777783,0.17140666666666676,0.16278977777777776,0.18222111111111108,0.16039555555555562,0.18364888888888886,1.0,0.0
mean,25,30,bert,50,0.1182191111111111,0.11749111111111105,0.11095999999999995,0.12548199999999995,0.11009777777777774,0.12573777777777784,1.0,0.0
mean,25,30,mpnet,50,-0.15540586666666667,-0.15495333333333333,-0.16892511111111125,-0.1458555555555556,-0.17002666666666666,-0.1434266666666666,0.0,1.0
mean,25,30,minilm,50,-0.10625093333333333,-0.10576666666666656,-0.11738822222222232,-0.09743188888888894,-0.1192266666666667,-0.09671111111111119,0.0,1.0
mean,25,30,pubmedbert,50,0.11203111111111114,0.11052444444444448,0.10608711111111095,0.12213822222222226,0.09912444444444435,0.12338222222222217,1.0,0.0
mean,25,30,biobert,50,0.13806275555555556,0.1374622222222222,0.13111722222222225,0.14742677777777766,0.12709777777777775,0.15405777777777785,1.0,0.0
mean,25,30,simcse,50,0.08491182222222221,0.08547555555555553,0.07834500000000005,0.09259666666666669,0.07555999999999996,0.0942977777777777,1.0,0.0
mean,50,30,specter,50,-0.12108657777777777,-0.12161444444444447,-0.12856405555555564,-0.11201955555555553,-0.13010888888888894,-0.11191333333333331,0.0,1.0
mean,50,30,specter2,50,-0.1489658222222222,-0.14911000000000008,-0.15953188888888886,-0.13616572222222223,-0.1609044444444444,-0.13248888888888888,0.0,1.0
mean,50,30,scincl,50,-0.15040484444444446,-0.15070555555555554,-0.16137750000000006,-0.14224255555555557,-0.1629355555555554,-0.13596666666666668,0.0,1.0
mean,50,30,scibert,50,0.16347675555555555,0.1633655555555555,0.15688066666666658,0.1715798333333334,0.1508733333333333,0.17231333333333343,1.0,0.0
mean,50,30,bert,50,0.10148431111111111,0.10185222222222223,0.0931868333333333,0.10924188888888894,0.0919066666666668,0.10972666666666664,1.0,0.0
mean,50,30,mpnet,50,-0.15147968888888888,-0.15126111111111112,-0.16162355555555546,-0.14151311111111117,-0.16459333333333337,-0.1407555555555554,0.0,1.0
mean,50,30,minilm,50,-0.10423613333333334,-0.10442333333333331,-0.11610844444444444,-0.09323427777777789,-0.11691777777777779,-0.0925355555555556,0.0,1.0
mean,50,30,pubmedbert,50,0.09919857777777778,0.09840888888888882,0.0894578333333334,0.10931261111111117,0.08832888888888879,0.11006444444444452,1.0,0.0
mean,50,30,biobert,50,0.14022382222222224,0.13923444444444444,0.1331396666666667,0.1500261111111111,0.13027777777777783,0.15009111111111118,1.0,0.0
mean,50,30,simcse,50,0.07817404444444448,0.07808888888888893,0.07080350000000009,0.08480516666666668,0.07070444444444446,0.08811333333333338,1.0,0.0
cls,25,30,specter,50,-0.16440471111111116,-0.16402444444444447,-0.17328655555555553,-0.1552798888888889,-0.17342666666666662,-0.15393777777777784,0.0,1.0
cls,25,30,specter2,50,-0.1867563555555556,-0.18659777777777786,-0.19680266666666665,-0.17590733333333344,-0.20092444444444446,-0.1729466666666667,0.0,1.0
cls,25,30,scincl,50,-0.18774088888888887,-0.1878422222222223,-0.19759566666666661,-0.17928733333333322,-0.20086222222222216,-0.17567999999999995,0.0,1.0
cls,25,30,scibert,50,0.07831635555555556,0.0788666666666667,0.07055811111111107,0.08426044444444451,0.06904888888888905,0.08596888888888898,1.0,0.0
cls,25,30,bert,50,0.09639351111111112,0.0964288888888889,0.09069355555555558,0.10186477777777775,0.0890577777777779,0.10289777777777787,1.0,0.0
cls,25,30,mpnet,50,-0.20217226666666668,-0.20202222222222227,-0.21416555555555564,-0.1930114444444444,-0.21467999999999998,-0.19036888888888892,0.0,1.0
cls,25,30,minilm,50,-0.15349875555555553,-0.15313999999999994,-0.16245266666666655,-0.14519977777777787,-0.16723555555555547,-0.14505333333333348,0.0,1.0
cls,25,30,pubmedbert,50,0.09291315555555556,0.09294888888888891,0.08625800000000006,0.09866899999999992,0.08588444444444454,0.09904888888888896,1.0,0.0
cls,25,30,biobert,50,0.08798213333333332,0.0877822222222222,0.08050011111111116,0.09490299999999993,0.07944888888888879,0.09516000000000002,1.0,0.0
cls,25,30,simcse,50,0.03674719999999998,0.036875555555555495,0.030169555555555595,0.044420111111111084,0.02903111111111112,0.04535111111111101,1.0,0.0
sep,25,30,specter,50,-0.12693200000000002,-0.12632222222222228,-0.1359072222222223,-0.1171941111111111,-0.1366977777777778,-0.1167422222222223,0.0,1.0
sep,25,30,specter2,50,-0.15460480000000001,-0.15419777777777782,-0.16425522222222225,-0.14326266666666662,-0.16796888888888883,-0.13983999999999996,0.0,1.0
sep,25,30,scincl,50,-0.15343448888888891,-0.1529422222222222,-0.16354122222222212,-0.14458844444444446,-0.1670044444444444,-0.14232888888888884,0.0,1.0
sep,25,30,scibert,50,0.07333848888888887,0.07324666666666674,0.06796400000000004,0.07948433333333324,0.06779555555555561,0.08004444444444447,1.0,0.0
sep,25,30,bert,50,0.07295644444444445,0.07297111111111115,0.06625611111111109,0.07814488888888886,0.06278666666666677,0.0825244444444444,1.0,0.0
sep,25,30,mpnet,50,-0.16519324444444447,-0.1653933333333334,-0.1766365555555556,-0.1566296666666667,-0.17893333333333328,-0.15453777777777788,0.0,1.0
sep,25,30,minilm,50,-0.11875040000000002,-0.11871333333333339,-0.12942299999999995,-0.11103444444444457,-0.13204000000000005,-0.1107111111111112,0.0,1.0
sep,25,30,pubmedbert,50,0.044764799999999993,0.04496222222222229,0.037191666666666665,0.05317188888888892,0.03539999999999999,0.0537333333333333,1.0,0.0
sep,25,30,biobert,50,0.04318764444444447,0.042808888888888896,0.036345111111111154,0.051626555555555606,0.03504888888888891,0.05216888888888893,1.0,0.0
sep,25,30,simcse,50,0.05601271111111109,0.056566666666666765,0.04897299999999994,0.06491011111111106,0.047693333333333254,0.06540444444444438,1.0,0.0
mean,10,31,specter,50,-0.02366955555555556,-0.023511111111111205,-0.03795305555555554,-0.007254166666666623,-0.03954444444444449,-0.002577777777777679,0.0,1.0
mean,10,31,specter2,50,-0.025625555555555554,-0.025244444444444514,-0.0381391666666667,-0.011511944444444379,-0.04138888888888881,-0.009655555555555528,0.0,1.0
mean,10,31,scincl,50,-0.06075999999999999,-0.06219999999999992,-0.07133833333333335,-0.04967916666666656,-0.07505555555555554,-0.043200000000000016,0.0,1.0
mean,10,31,scibert,50,0.1667648888888889,0.16716666666666663,0.15869055555555564,0.1747900000000001,0.15784444444444445,0.17648888888888892,1.0,0.0
mean,10,31,bert,50,0.160454,0.16095555555555552,0.15116888888888896,0.17061583333333333,0.14997777777777777,0.1721555555555555,1.0,0.0
mean,10,31,mpnet,50,-0.0776311111111111,-0.0789055555555555,-0.08928749999999999,-0.06715500000000003,-0.08975555555555559,-0.062344444444444425,0.0,1.0
mean,10,31,minilm,50,-0.03654422222222223,-0.03723888888888882,-0.04766305555555552,-0.025732222222222236,-0.04921111111111098,-0.024155555555555486,0.0,1.0
mean,10,31,pubmedbert,50,0.16386622222222222,0.16428333333333334,0.1551605555555556,0.17212277777777776,0.15478888888888886,0.17317777777777765,1.0,0.0
mean,10,31,biobert,50,0.16985111111111112,0.1690388888888889,0.1630736111111112,0.18135472222222218,0.16008888888888895,0.18172222222222234,1.0,0.0
mean,10,31,simcse,50,0.10078288888888888,0.10064999999999996,0.0929625,0.11051249999999994,0.08679999999999999,0.11212222222222212,1.0,0.0
mean,25,31,specter,50,-0.03157662222222223,-0.030873333333333364,-0.04202877777777778,-0.01806466666666679,-0.0440044444444444,-0.0145777777777778,0.0,1.0
mean,25,31,specter2,50,-0.04105404444444445,-0.04062888888888888,-0.05288866666666654,-0.027529111111111202,-0.053391111111111056,-0.025951111111111036,0.0,1.0
mean,25,31,scincl,50,-0.06624497777777778,-0.06719111111111115,-0.07604033333333338,-0.05538088888888892,-0.07781333333333329,-0.05422222222222217,0.0,1.0
mean,25,31,scibert,50,0.16109208888888887,0.16131111111111118,0.15358599999999997,0.16860733333333333,0.15206666666666657,0.17133333333333334,1.0,0.0
mean,25,31,bert,50,0.16204844444444447,0.16223333333333328,0.1528405555555556,0.16990988888888883,0.15138666666666667,0.16999555555555568,1.0,0.0
mean,25,31,mpnet,50,-0.07139813333333332,-0.07230666666666657,-0.08102355555555549,-0.05894677777777769,-0.08112444444444444,-0.058653333333333335,0.0,1.0
mean,25,31,minilm,50,-0.028837511111111106,-0.02927111111111108,-0.038295888888888914,-0.019537777777777772,-0.04228444444444446,-0.019297777777777747,0.0,1.0
mean,25,31,pubmedbert,50,0.16771591111111106,0.16742666666666667,0.1607712222222223,0.17561344444444435,0.15669777777777782,0.1771866666666666,1.0,0.0
mean,25,31,biobert,50,0.17644968888888887,0.1768244444444444,0.16910211111111112,0.1864615555555556,0.16807111111111128,0.19024444444444433,1.0,0.0
mean,25,31,simcse,50,0.101936,0.10177111111111103,0.09190122222222223,0.1108486666666666,0.08810666666666678,0.1123155555555555,1.0,0.0
mean,50,31,specter,50,-0.03926893333333334,-0.03998555555555561,-0.048757722222222195,-0.028740777777777875,-0.05106444444444447,-0.028253333333333353,0.0,1.0
mean,50,31,specter2,50,-0.05409191111111109,-0.05478777777777777,-0.06528061111111097,-0.04230611111111115,-0.06701999999999986,-0.042080000000000006,0.0,1.0
mean,50,31,scincl,50,-0.07604853333333335,-0.07637777777777782,-0.0865349444444443,-0.06552961111111101,-0.09156222222222221,-0.06381999999999999,0.0,1.0
mean,50,31,scibert,50,0.14751360000000002,0.1480588888888888,0.14012650000000007,0.1554052777777778,0.1395088888888889,0.15689999999999993,1.0,0.0
mean,50,31,bert,50,0.15067377777777777,0.15059888888888884,0.1423661111111111,0.16063922222222232,0.13896222222222232,0.16161777777777775,1.0,0.0
mean,50,31,mpnet,50,-0.06824804444444445,-0.06787777777777776,-0.07946788888888892,-0.05751322222222232,-0.07985999999999993,-0.05578666666666676,0.0,1.0
mean,50,31,minilm,50,-0.023453822222222212,-0.023199999999999943,-0.03409122222222233,-0.013601833333333372,-0.03604222222222209,-0.012191111111111153,0.0,1.0
mean,50,31,pubmedbert,50,0.16187173333333335,0.16199999999999992,0.1507897777777778,0.1693882222222223,0.14864,0.17111999999999994,1.0,0.0
mean,50,31,biobert,50,0.17902746666666666,0.17888888888888893,0.16902977777777783,0.19105716666666664,0.16838666666666668,0.19238222222222223,1.0,0.0
mean,50,31,simcse,50,0.09870635555555556,0.09900555555555562,0.08928711111111118,0.10850050000000006,0.08648444444444436,0.10979777777777788,1.0,0.0
cls,25,31,specter,50,-0.08204933333333335,-0.08149333333333342,-0.09263588888888898,-0.06896777777777788,-0.09359111111111107,-0.06739555555555554,0.0,1.0
cls,25,31,specter2,50,-0.0825856,-0.0825622222222222,-0.09279277777777768,-0.07008277777777781,-0.09447555555555553,-0.06751111111111108,0.0,1.0
cls,25,31,scincl,50,-0.11549493333333333,-0.11594444444444435,-0.12429600000000006,-0.10488055555555562,-0.12566222222222212,-0.10389333333333328,0.0,1.0
cls,25,31,scibert,50,0.08413031111111115,0.08391333333333334,0.07943188888888897,0.09117955555555558,0.07904000000000011,0.09218222222222228,1.0,0.0
cls,25,31,bert,50,0.11264142222222223,0.11222444444444452,0.10640744444444443,0.11960022222222227,0.10513777777777777,0.12035555555555544,1.0,0.0
cls,25,31,mpnet,50,-0.12294204444444443,-0.12408444444444444,-0.13173477777777776,-0.11116677777777777,-0.1330755555555555,-0.10990666666666671,0.0,1.0
cls,25,31,minilm,50,-0.08047191111111111,-0.0804644444444444,-0.08893455555555552,-0.07050644444444448,-0.09363111111111122,-0.06999111111111112,0.0,1.0
cls,25,31,pubmedbert,50,0.1322960888888889,0.13291999999999998,0.12671966666666665,0.13796444444444447,0.12355555555555564,0.1388977777777778,1.0,0.0
cls,25,31,biobert,50,0.13729466666666668,0.1371977777777778,0.13151433333333334,0.14303611111111117,0.13116444444444453,0.1444133333333334,1.0,0.0
cls,25,31,simcse,50,0.056371644444444445,0.05614000000000002,0.046525444444444494,0.06518133333333331,0.04393777777777785,0.06590666666666667,1.0,0.0
sep,25,31,specter,50,-0.047814933333333365,-0.04682000000000003,-0.05856044444444441,-0.03434455555555561,-0.05892888888888892,-0.03217777777777786,0.0,1.0
sep,25,31,specter2,50,-0.054103111111111095,-0.0541266666666666,-0.0649787777777778,-0.042337111111111186,-0.06604888888888893,-0.03969777777777772,0.0,1.0
sep,25,31,scincl,50,-0.08137608888888888,-0.08254666666666671,-0.09027000000000003,-0.07031333333333337,-0.0934177777777776,-0.06962666666666661,0.0,1.0
sep,25,31,scibert,50,0.08741973333333332,0.08743555555555549,0.08206133333333326,0.09425844444444442,0.08088444444444454,0.09589777777777775,1.0,0.0
sep,25,31,bert,50,0.08566844444444445,0.08517111111111103,0.0793955555555556,0.09194811111111112,0.0786755555555555,0.09275555555555548,1.0,0.0
sep,25,31,mpnet,50,-0.0865585777777778,-0.0872844444444445,-0.09566088888888886,-0.07507766666666663,-0.09665777777777773,-0.07439555555555555,0.0,1.0
sep,25,31,minilm,50,-0.045763111111111116,-0.04611777777777781,-0.05509844444444436,-0.03612566666666677,-0.05936444444444444,-0.03500888888888887,0.0,1.0
sep,25,31,pubmedbert,50,0.11628959999999999,0.1167933333333333,0.1086676666666666,0.12534066666666668,0.10829333333333324,0.12783555555555548,1.0,0.0
sep,25,31,biobert,50,0.09986711111111109,0.09987555555555555,0.09149155555555545,0.10996133333333341,0.08493777777777778,0.11068444444444447,1.0,0.0
sep,25,31,simcse,50,0.07131875555555556,0.07061333333333342,0.061467666666666615,0.07953255555555559,0.057666666666666755,0.07983111111111107,1.0,0.0
mean,10,32,specter,50,-0.06511177777777777,-0.06605555555555559,-0.07749027777777774,-0.05367166666666675,-0.07941111111111121,-0.05221111111111121,0.0,1.0
mean,10,32,specter2,50,-0.0853602222222222,-0.08474444444444446,-0.09940305555555559,-0.0740124999999999,-0.10050000000000014,-0.0728333333333332,0.0,1.0
mean,10,32,scincl,50,-0.10303422222222221,-0.1016277777777777,-0.1182233333333333,-0.09154694444444454,-0.11954444444444456,-0.08947777777777777,0.0,1.0
mean,10,32,scibert,50,0.17023355555555553,0.1708,0.16198305555555553,0.1783388888888889,0.1616777777777778,0.18024444444444443,1.0,0.0
mean,10,32,bert,50,0.13351177777777778,0.1331,0.1268577777777779,0.14198777777777782,0.12541111111111125,0.14227777777777773,1.0,0.0
mean,10,32,mpnet,50,-0.17308999999999997,-0.17377777777777775,-0.18884333333333342,-0.16184555555555546,-0.1907444444444445,-0.1614888888888889,0.0,1.0
mean,10,32,minilm,50,-0.11077044444444444,-0.11171666666666663,-0.12445499999999993,-0.09568861111111113,-0.12670000000000003,-0.0952777777777779,0.0,1.0
mean,10,32,pubmedbert,50,0.1476735555555555,0.14749444444444443,0.14016444444444442,0.15634444444444442,0.13941111111111115,0.15797777777777777,1.0,0.0
mean,10,32,biobert,50,0.16101688888888888,0.1606833333333334,0.15210138888888888,0.1705494444444445,0.14990000000000003,0.17324444444444442,1.0,0.0
mean,10,32,simcse,50,0.08003555555555555,0.08025000000000004,0.0706111111111111,0.08879999999999995,0.07050000000000001,0.08971111111111107,1.0,0.0
mean,25,32,specter,50,-0.0733063111111111,-0.07229111111111114,-0.08517399999999994,-0.0658011111111111,-0.08562222222222227,-0.06516444444444447,0.0,1.0
mean,25,32,specter2,50,-0.09221724444444446,-0.09179555555555552,-0.10333277777777773,-0.08274188888888886,-0.10409333333333326,-0.08247555555555552,0.0,1.0
mean,25,32,scincl,50,-0.11008684444444444,-0.10976888888888903,-0.11972966666666668,-0.09880722222222223,-0.123,-0.09857777777777776,0.0,1.0
mean,25,32,scibert,50,0.1737912,0.1742999999999999,0.1664726666666668,0.18203999999999992,0.16294222222222232,0.1822355555555556,1.0,0.0
mean,25,32,bert,50,0.13100951111111112,0.1308822222222223,0.12384544444444454,0.13726633333333335,0.12159555555555568,0.13863111111111115,1.0,0.0
mean,25,32,mpnet,50,-0.16980986666666667,-0.17048444444444444,-0.18044333333333337,-0.15886822222222222,-0.18157333333333325,-0.15886222222222213,0.0,1.0
mean,25,32,minilm,50,-0.10728195555555557,-0.10800444444444446,-0.11920455555555558,-0.09339333333333338,-0.12308444444444444,-0.08935111111111105,0.0,1.0
mean,25,32,pubmedbert,50,0.1481977777777778,0.14786444444444452,0.1421397777777777,0.15592366666666665,0.14182222222222207,0.15986222222222224,1.0,0.0
mean,25,32,biobert,50,0.16573084444444444,0.16514888888888896,0.15888277777777776,0.1733544444444445,0.1569288888888889,0.17660444444444445,1.0,0.0
mean,25,32,simcse,50,0.08151946666666668,0.08154000000000011,0.07270666666666672,0.0881618888888888,0.07139555555555566,0.09009333333333336,1.0,0.0
mean,50,32,specter,50,-0.08144337777777777,-0.0801911111111111,-0.0937551666666667,-0.07400449999999985,-0.09536444444444436,-0.07348666666666659,0.0,1.0
mean,50,32,specter2,50,-0.09919577777777777,-0.09846777777777782,-0.10951616666666658,-0.09134988888888886,-0.10978666666666648,-0.08670666666666649,0.0,1.0
mean,50,32,scincl,50,-0.11547164444444444,-0.11567555555555559,-0.12401088888888877,-0.10613811111111109,-0.12646000000000002,-0.1046111111111111,0.0,1.0
mean,50,32,scibert,50,0.17171742222222222,0.1718655555555556,0.16359116666666665,0.17922511111111114,0.16262222222222222,0.18089999999999995,1.0,0.0
mean,50,32,bert,50,0.12201866666666668,0.12269666666666662,0.1141521666666667,0.13044066666666657,0.11206444444444441,0.13251999999999997,1.0,0.0
mean,50,32,mpnet,50,-0.1562500888888889,-0.15644444444444439,-0.16590872222222225,-0.1474803888888888,-0.16885111111111117,-0.14134000000000002,0.0,1.0
mean,50,32,minilm,50,-0.09915551111111114,-0.09955333333333333,-0.10942438888888893,-0.08813955555555558,-0.110951111111111,-0.08755555555555561,0.0,1.0
mean,50,32,pubmedbert,50,0.14513364444444446,0.14524222222222216,0.13869555555555554,0.15189377777777785,0.13640444444444444,0.1529733333333333,1.0,0.0
mean,50,32,biobert,50,0.16991711111111116,0.16926333333333332,0.16260361111111102,0.17966338888888886,0.16187555555555555,0.18053777777777769,1.0,0.0
mean,50,32,simcse,50,0.07594942222222222,0.07610111111111112,0.06755050000000003,0.08364722222222214,0.0673422222222223,0.08397333333333334,1.0,0.0
cls,25,32,specter,50,-0.11090159999999998,-0.10973111111111111,-0.12253144444444433,-0.10330733333333336,-0.1231511111111111,-0.1030888888888889,0.0,1.0
cls,25,32,specter2,50,-0.13051866666666664,-0.1299155555555555,-0.14108599999999996,-0.1221106666666667,-0.1414133333333335,-0.121,0.0,1.0
cls,25,32,scincl,50,-0.14544417777777777,-0.1456711111111112,-0.15443133333333334,-0.13418777777777782,-0.15764888888888884,-0.1336844444444445,0.0,1.0
cls,25,32,scibert,50,0.09077813333333334,0.09145555555555557,0.08501755555555549,0.09585811111111107,0.0838133333333333,0.09851555555555558,1.0,0.0
cls,25,32,bert,50,0.09517120000000003,0.0949133333333333,0.08900088888888895,0.10221244444444454,0.08815555555555554,0.10302222222222213,1.0,0.0
cls,25,32,mpnet,50,-0.20871164444444446,-0.2099333333333333,-0.21911255555555556,-0.19895911111111111,-0.22120444444444443,-0.19794666666666672,0.0,1.0
cls,25,32,minilm,50,-0.14949795555555562,-0.14953111111111106,-0.1597176666666668,-0.13489366666666674,-0.16686666666666672,-0.13283999999999996,0.0,1.0
cls,25,32,pubmedbert,50,0.11605688888888889,0.11586444444444438,0.10988655555555554,0.12236611111111112,0.10843999999999998,0.12313333333333332,1.0,0.0
cls,25,32,biobert,50,0.1084190222222222,0.1085422222222222,0.10200244444444445,0.11391522222222211,0.10107999999999984,0.114951111111111,1.0,0.0
cls,25,32,simcse,50,0.02438711111111111,0.024655555555555597,0.01788755555555551,0.030785777777777763,0.015199999999999991,0.03209333333333331,1.0,0.0
sep,25,32,specter,50,-0.07944319999999998,-0.07862666666666662,-0.09049522222222214,-0.07237966666666663,-0.09281777777777778,-0.07142666666666664,0.0,1.0
sep,25,32,specter2,50,-0.0986535111111111,-0.09837777777777779,-0.10874477777777782,-0.0899942222222222,-0.11027555555555546,-0.08943999999999996,0.0,1.0
sep,25,32,scincl,50,-0.115016,-0.11514000000000002,-0.12407122222222217,-0.10389299999999996,-0.1277288888888889,-0.10369777777777778,0.0,1.0
sep,25,32,scibert,50,0.0829424,0.08302888888888893,0.07811511111111114,0.08783833333333324,0.0775555555555556,0.08928444444444439,1.0,0.0
sep,25,32,bert,50,0.08810835555555556,0.08802888888888893,0.08263600000000007,0.0955182222222223,0.07973333333333332,0.09609333333333347,1.0,0.0
sep,25,32,mpnet,50,-0.1742607111111111,-0.1751288888888889,-0.18474688888888888,-0.16363999999999992,-0.18569333333333338,-0.16349333333333338,0.0,1.0
sep,25,32,minilm,50,-0.11550746666666667,-0.11597999999999997,-0.12640855555555558,-0.10104288888888889,-0.1316666666666667,-0.0984044444444444,0.0,1.0
sep,25,32,pubmedbert,50,0.10723848888888889,0.10764666666666667,0.09803266666666675,0.11399844444444439,0.09770222222222225,0.11635555555555555,1.0,0.0
sep,25,32,biobert,50,0.07944835555555554,0.07964444444444446,0.07323533333333337,0.0861126666666667,0.06936444444444434,0.08645333333333327,1.0,0.0
sep,25,32,simcse,50,0.052965422222222246,0.053159999999999985,0.04491800000000004,0.0595213333333332,0.04417777777777787,0.06046666666666667,1.0,0.0
mean,10,33,specter,50,-0.023383777777777764,-0.023177777777777686,-0.037337500000000065,-0.009808888888888888,-0.037622222222222224,-0.006844444444444431,0.0,1.0
mean,10,33,specter2,50,-0.05732799999999999,-0.0573277777777777,-0.0726941666666666,-0.044996944444444506,-0.0741222222222222,-0.04335555555555548,0.0,1.0
mean,10,33,scincl,50,-0.03059911111111112,-0.030333333333333268,-0.04843694444444452,-0.017775555555555548,-0.0522111111111111,-0.009766666666666701,0.0,1.0
mean,10,33,scibert,50,0.16929088888888888,0.1694722222222222,0.16188749999999985,0.17597749999999995,0.16066666666666674,0.17672222222222222,1.0,0.0
mean,10,33,bert,50,0.13616533333333336,0.13532777777777782,0.12965305555555556,0.1441525,0.12929999999999986,0.14647777777777782,1.0,0.0
mean,10,33,mpnet,50,-0.11618422222222223,-0.11558888888888891,-0.13366611111111118,-0.10460388888888902,-0.1370111111111112,-0.10347777777777789,0.0,1.0
mean,10,33,minilm,50,-0.058405999999999986,-0.05658333333333332,-0.07238388888888884,-0.04724111111111118,-0.07301111111111092,-0.04153333333333342,0.0,1.0
mean,10,33,pubmedbert,50,0.16460466666666668,0.16369999999999996,0.1578466666666666,0.1715233333333333,0.1577333333333334,0.17252222222222224,1.0,0.0
mean,10,33,biobert,50,0.15919444444444447,0.15911111111111104,0.15122749999999993,0.16904555555555553,0.14938888888888902,0.17022222222222227,1.0,0.0
mean,10,33,simcse,50,0.10139288888888885,0.10134999999999994,0.09027361111111112,0.10994638888888887,0.08872222222222215,0.11368888888888884,1.0,0.0
mean,25,33,specter,50,-0.040158400000000025,-0.03845777777777781,-0.05250877777777786,-0.02859333333333344,-0.05414666666666679,-0.028244444444444627,0.0,1.0
mean,25,33,specter2,50,-0.059482399999999984,-0.05942000000000003,-0.07442988888888882,-0.04696433333333329,-0.07600444444444454,-0.04493333333333338,0.0,1.0
mean,25,33,scincl,50,-0.03832373333333334,-0.0379977777777778,-0.050262666666666594,-0.026475333333333326,-0.056413333333333426,-0.025422222222222124,0.0,1.0
mean,25,33,scibert,50,0.1720840888888889,0.17188222222222227,0.16394877777777783,0.1793505555555556,0.16365333333333332,0.1800044444444444,1.0,0.0
mean,25,33,bert,50,0.12863555555555556,0.12825333333333333,0.1222221111111112,0.1372017777777777,0.12204000000000015,0.13857333333333333,1.0,0.0
mean,25,33,mpnet,50,-0.11791297777777779,-0.11937111111111115,-0.13131055555555546,-0.1062372222222223,-0.1317288888888889,-0.10492000000000001,0.0,1.0
mean,25,33,minilm,50,-0.060970933333333345,-0.05998666666666663,-0.07476977777777777,-0.051224000000000006,-0.07617333333333332,-0.049057777777777756,0.0,1.0
mean,25,33,pubmedbert,50,0.16403137777777782,0.16373111111111116,0.15767177777777772,0.17230955555555566,0.15576888888888885,0.17410222222222216,1.0,0.0
mean,25,33,biobert,50,0.16675697777777782,0.16640222222222223,0.15905911111111104,0.17512166666666656,0.15831111111111118,0.17892444444444433,1.0,0.0
mean,25,33,simcse,50,0.09841262222222222,0.09818444444444452,0.08927422222222225,0.10659766666666673,0.08655555555555561,0.1082844444444444,1.0,0.0
mean,50,33,specter,50,-0.056000622222222234,-0.05524222222222225,-0.06958816666666652,-0.044459,-0.0710911111111111,-0.0442111111111112,0.0,1.0
mean,50,33,specter2,50,-0.06478835555555557,-0.06470888888888898,-0.07709622222222222,-0.05206949999999998,-0.07728666666666673,-0.04926222222222232,0.0,1.0
mean,50,33,scincl,50,-0.047410266666666666,-0.04595444444444452,-0.05954577777777777,-0.037149666666666734,-0.06472444444444447,-0.03511111111111109,0.0,1.0
mean,50,33,scibert,50,0.1675278666666667,0.16750555555555557,0.16146577777777765,0.17632877777777778,0.16048666666666667,0.17883555555555553,1.0,0.0
mean,50,33,bert,50,0.11765066666666668,0.1183055555555555,0.10950349999999996,0.12619111111111112,0.10882000000000003,0.12835555555555556,1.0,0.0
mean,50,33,mpnet,50,-0.11564093333333332,-0.11595333333333335,-0.1247965555555555,-0.10391216666666658,-0.1312822222222222,-0.10259111111111108,0.0,1.0
mean,50,33,minilm,50,-0.06331039999999999,-0.06293222222222222,-0.0734658888888888,-0.053099388888888856,-0.07523555555555561,-0.05254666666666663,0.0,1.0
mean,50,33,pubmedbert,50,0.16161568888888891,0.1623211111111112,0.1541049444444445,0.1695387777777778,0.15360888888888902,0.17296444444444448,1.0,0.0
mean,50,33,biobert,50,0.17313439999999997,0.17205888888888893,0.16640749999999999,0.18074972222222221,0.16410000000000013,0.18187333333333322,1.0,0.0
mean,50,33,simcse,50,0.09467666666666666,0.09386333333333335,0.08594344444444446,0.10202400000000006,0.08549111111111118,0.1034155555555556,1.0,0.0
cls,25,33,specter,50,-0.06933893333333337,-0.06803555555555557,-0.08195788888888886,-0.05874377777777785,-0.08367111111111114,-0.058479999999999976,0.0,1.0
cls,25,33,specter2,50,-0.0870012444444444,-0.08644444444444443,-0.10066955555555553,-0.07489133333333328,-0.10353333333333337,-0.07382222222222223,0.0,1.0
cls,25,33,scincl,50,-0.0667426666666667,-0.06682222222222223,-0.07787222222222226,-0.054939888888888865,-0.08443555555555549,-0.054266666666666685,0.0,1.0
cls,25,33,scibert,50,0.09527884444444444,0.09536444444444447,0.08982977777777779,0.09999477777777775,0.08770222222222224,0.10149333333333344,1.0,0.0
cls,25,33,bert,50,0.09182764444444443,0.09138666666666673,0.08562155555555548,0.09833844444444444,0.0834488888888889,0.09903111111111107,1.0,0.0
cls,25,33,mpnet,50,-0.15405751111111113,-0.15474444444444446,-0.16736266666666663,-0.14326377777777788,-0.16769333333333325,-0.1426088888888889,0.0,1.0
cls,25,33,minilm,50,-0.09782524444444446,-0.09713333333333335,-0.11177877777777781,-0.08864544444444446,-0.11327555555555557,-0.08553333333333346,0.0,1.0
cls,25,33,pubmedbert,50,0.1285736,0.12859111111111116,0.12322366666666659,0.13287288888888885,0.12284444444444453,0.13637333333333335,1.0,0.0
cls,25,33,biobert,50,0.1255898666666667,0.12639111111111118,0.11957177777777771,0.13099822222222227,0.11797777777777774,0.13222222222222224,1.0,0.0
cls,25,33,simcse,50,0.044689955555555556,0.045319999999999916,0.03621599999999999,0.05256033333333331,0.034937777777777845,0.05291111111111113,1.0,0.0
sep,25,33,specter,50,-0.050424444444444466,-0.04947333333333337,-0.062982,-0.039629666666666695,-0.06432888888888899,-0.03805333333333338,0.0,1.0
sep,25,33,specter2,50,-0.06829742222222222,-0.06816888888888895,-0.08274833333333335,-0.056379111111111116,-0.08367111111111114,-0.05423111111111101,0.0,1.0
sep,25,33,scincl,50,-0.04791262222222223,-0.047802222222222246,-0.05902255555555547,-0.03597433333333333,-0.06505777777777766,-0.03517777777777786,0.0,1.0
sep,25,33,scibert,50,0.07878684444444446,0.07861999999999997,0.0729047777777777,0.0848661111111112,0.0724622222222221,0.0868888888888888,1.0,0.0
sep,25,33,bert,50,0.059575288888888904,0.05993555555555563,0.052289666666666665,0.06577388888888888,0.050973333333333315,0.06750222222222224,1.0,0.0
sep,25,33,mpnet,50,-0.12900728888888888,-0.12966666666666665,-0.14215066666666668,-0.11792111111111113,-0.14273777777777763,-0.11711111111111117,0.0,1.0
sep,25,33,minilm,50,-0.07410053333333334,-0.07278666666666672,-0.08766577777777779,-0.06526044444444443,-0.08907555555555546,-0.06219555555555556,0.0,1.0
sep,25,33,pubmedbert,50,0.10397920000000001,0.10351999999999995,0.09458588888888908,0.11273200000000004,0.09346222222222222,0.11446222222222213,1.0,0.0
sep,25,33,biobert,50,0.09125075555555558,0.09053111111111117,0.08394655555555558,0.09881800000000004,0.08275111111111122,0.10029777777777782,1.0,0.0
sep,25,33,simcse,50,0.06305653333333333,0.06336666666666657,0.05473811111111105,0.07039766666666668,0.05281333333333327,0.07213333333333327,1.0,0.0
mean,10,34,specter,50,-0.09550533333333334,-0.09565000000000007,-0.1081794444444445,-0.08312361111111112,-0.10902222222222213,-0.08174444444444451,0.0,1.0
mean,10,34,specter2,50,-0.13639466666666666,-0.1369611111111112,-0.14822694444444448,-0.12231388888888893,-0.1500555555555556,-0.11888888888888893,0.0,1.0
mean,10,34,scincl,50,-0.11431266666666669,-0.11337222222222226,-0.12875027777777776,-0.10413250000000004,-0.12921111111111117,-0.10240000000000005,0.0,1.0
mean,10,34,scibert,50,0.17855288888888887,0.17933888888888888,0.17129583333333337,0.18442777777777764,0.16908888888888896,0.1869222222222222,1.0,0.0
mean,10,34,bert,50,0.12535733333333332,0.12562777777777778,0.116123611111111,0.13431527777777777,0.11459999999999992,0.13653333333333328,1.0,0.0
mean,10,34,mpnet,50,-0.16809266666666667,-0.16723333333333334,-0.17995888888888895,-0.15985249999999993,-0.1851666666666668,-0.1590666666666667,0.0,1.0
mean,10,34,minilm,50,-0.11910111111111112,-0.12012777777777778,-0.13293805555555563,-0.10546444444444447,-0.1337666666666666,-0.10485555555555548,0.0,1.0
mean,10,34,pubmedbert,50,0.1253773333333333,0.12513333333333337,0.11928472222222213,0.13297388888888884,0.11554444444444434,0.13458888888888887,1.0,0.0
mean,10,34,biobert,50,0.15127600000000002,0.15176666666666672,0.14341527777777782,0.16019833333333336,0.14321111111111107,0.16222222222222227,1.0,0.0
mean,10,34,simcse,50,0.09619155555555559,0.09709444444444443,0.08886500000000008,0.10429250000000002,0.08837777777777789,0.1046555555555555,1.0,0.0
mean,25,34,specter,50,-0.11497297777777778,-0.11468888888888884,-0.12292399999999994,-0.10665433333333328,-0.12377777777777788,-0.1054355555555555,0.0,1.0
mean,25,34,specter2,50,-0.15019715555555557,-0.15005111111111108,-0.1596696666666666,-0.14112266666666654,-0.16344000000000014,-0.13624000000000003,0.0,1.0
mean,25,34,scincl,50,-0.1310214222222222,-0.12953555555555563,-0.14151722222222218,-0.12318633333333329,-0.1438533333333334,-0.12244,0.0,1.0
mean,25,34,scibert,50,0.17727742222222223,0.17766666666666664,0.16964533333333326,0.1835104444444445,0.16670666666666667,0.18529333333333342,1.0,0.0
mean,25,34,bert,50,0.11203795555555555,0.11239777777777782,0.10396522222222225,0.12022722222222215,0.10316000000000003,0.12205333333333335,1.0,0.0
mean,25,34,mpnet,50,-0.18175955555555556,-0.18079111111111118,-0.1945668888888889,-0.17323500000000008,-0.195871111111111,-0.17272444444444446,0.0,1.0
mean,25,34,minilm,50,-0.13505395555555558,-0.13568666666666673,-0.146585,-0.12280477777777779,-0.14995111111111104,-0.12124000000000001,0.0,1.0
mean,25,34,pubmedbert,50,0.11822586666666664,0.1181511111111111,0.11078477777777768,0.124267,0.10750222222222228,0.1270622222222223,1.0,0.0
mean,25,34,biobert,50,0.15365013333333333,0.15408666666666648,0.14599477777777778,0.16088522222222215,0.1434399999999999,0.16195555555555552,1.0,0.0
mean,25,34,simcse,50,0.08775057777777777,0.08768000000000004,0.08037377777777785,0.09422155555555554,0.07904444444444458,0.09454666666666656,1.0,0.0
mean,50,34,specter,50,-0.1271690666666667,-0.12702000000000002,-0.13653938888888895,-0.1179878333333334,-0.1374066666666668,-0.11268888888888884,0.0,1.0
mean,50,34,specter2,50,-0.15540915555555557,-0.15622222222222226,-0.16567633333333331,-0.14366844444444443,-0.1663199999999999,-0.14253555555555553,0.0,1.0
mean,50,34,scincl,50,-0.14308644444444446,-0.14329777777777775,-0.15185150000000008,-0.1364107222222222,-0.15359999999999996,-0.13338444444444453,0.0,1.0
mean,50,34,scibert,50,0.16769768888888895,0.1678188888888889,0.16176422222222217,0.17383011111111124,0.15432222222222236,0.17613111111111124,1.0,0.0
mean,50,34,bert,50,0.09103604444444445,0.09147666666666665,0.08148733333333322,0.097999611111111,0.07961777777777801,0.10109777777777773,1.0,0.0
mean,50,34,mpnet,50,-0.19113013333333334,-0.19124000000000002,-0.20141933333333334,-0.1817455000000001,-0.20516444444444448,-0.18050888888888894,0.0,1.0
mean,50,34,minilm,50,-0.14565853333333334,-0.1457666666666667,-0.1568443333333334,-0.13570227777777777,-0.15734222222222227,-0.13322222222222213,0.0,1.0
mean,50,34,pubmedbert,50,0.11237257777777777,0.11247111111111113,0.1057282222222222,0.1185991111111112,0.1039444444444445,0.11975111111111114,1.0,0.0
mean,50,34,biobert,50,0.1552874222222222,0.15527333333333332,0.14858949999999996,0.16184455555555552,0.1472822222222222,0.16611333333333345,1.0,0.0
mean,50,34,simcse,50,0.07748515555555556,0.07836333333333328,0.0703068333333334,0.08468422222222226,0.06998000000000004,0.08768666666666669,1.0,0.0
cls,25,34,specter,50,-0.16999946666666665,-0.1689844444444445,-0.17849911111111105,-0.1621896666666666,-0.17904888888888892,-0.15924888888888888,0.0,1.0
cls,25,34,specter2,50,-0.19551164444444447,-0.1959733333333334,-0.2059484444444444,-0.1855882222222222,-0.20747555555555564,-0.18196,0.0,1.0
cls,25,34,scincl,50,-0.17892737777777776,-0.17809999999999998,-0.1903165555555556,-0.17081666666666662,-0.1910400000000001,-0.17058666666666666,0.0,1.0
cls,25,34,scibert,50,0.06988248888888889,0.06986000000000003,0.06467688888888894,0.07498066666666665,0.06381777777777775,0.07606666666666662,1.0,0.0
cls,25,34,bert,50,0.09535039999999999,0.09559111111111107,0.08849411111111101,0.1021688888888888,0.08703111111111106,0.10302222222222224,1.0,0.0
cls,25,34,mpnet,50,-0.2305699555555556,-0.23017333333333334,-0.241269111111111,-0.22341444444444453,-0.24468444444444448,-0.22108000000000017,0.0,1.0
cls,25,34,minilm,50,-0.1843406222222222,-0.18418888888888885,-0.19679833333333333,-0.1739035555555556,-0.19759555555555552,-0.1704444444444445,0.0,1.0
cls,25,34,pubmedbert,50,0.09017760000000001,0.08987111111111118,0.08589233333333332,0.09475244444444444,0.08556888888888892,0.09815555555555555,1.0,0.0
cls,25,34,biobert,50,0.0930881777777778,0.09317555555555557,0.08602855555555557,0.09942244444444451,0.08412444444444445,0.10347111111111118,1.0,0.0
cls,25,34,simcse,50,0.032528533333333325,0.032277777777777794,0.025602111111111076,0.03834111111111115,0.023831111111111247,0.03867999999999994,1.0,0.0
sep,25,34,specter,50,-0.12188595555555555,-0.12090000000000001,-0.1300758888888889,-0.11414122222222223,-0.13114666666666674,-0.11166222222222222,0.0,1.0
sep,25,34,specter2,50,-0.15684666666666666,-0.1568977777777778,-0.16704022222222215,-0.14714488888888888,-0.16895555555555564,-0.14264,0.0,1.0
sep,25,34,scincl,50,-0.1350512888888889,-0.13373555555555555,-0.14616388888888893,-0.12681955555555557,-0.14774222222222222,-0.1256977777777778,0.0,1.0
sep,25,34,scibert,50,0.07561013333333333,0.07628222222222225,0.06921455555555563,0.08079822222222229,0.06861333333333341,0.08237333333333341,1.0,0.0
sep,25,34,bert,50,0.07211368888888886,0.07235999999999998,0.06524399999999998,0.0788556666666667,0.06372444444444436,0.0797199999999999,1.0,0.0
sep,25,34,mpnet,50,-0.1855630222222222,-0.18465333333333334,-0.19767422222222222,-0.17813600000000004,-0.19855999999999996,-0.17601777777777772,0.0,1.0
sep,25,34,minilm,50,-0.14163066666666665,-0.14152666666666663,-0.15444022222222215,-0.13014511111111104,-0.15656888888888887,-0.12762666666666667,0.0,1.0
sep,25,34,pubmedbert,50,0.06252213333333331,0.06198888888888887,0.05719755555555557,0.06891366666666669,0.05622666666666676,0.0694488888888889,1.0,0.0
sep,25,34,biobert,50,0.05579857777777777,0.05529555555555549,0.04654533333333342,0.06322044444444454,0.04443555555555556,0.06504444444444457,1.0,0.0
sep,25,34,simcse,50,0.05881262222222222,0.05883777777777771,0.05147188888888894,0.06410900000000001,0.050582222222222306,0.06442666666666674,1.0,0.0
mean,10,35,specter,50,-0.06959400000000002,-0.0696,-0.07798611111111121,-0.05745694444444446,-0.0882777777777779,-0.05186666666666684,0.0,1.0
mean,10,35,specter2,50,-0.1217791111111111,-0.12101666666666666,-0.13320055555555554,-0.10930861111111104,-0.13807777777777774,-0.1025999999999998,0.0,1.0
mean,10,35,scincl,50,-0.11168422222222221,-0.11286111111111113,-0.12308194444444441,-0.10020055555555557,-0.12369999999999992,-0.09171111111111108,0.0,1.0
mean,10,35,scibert,50,0.18399622222222223,0.1836944444444445,0.1763469444444445,0.19174833333333335,0.1749222222222222,0.19452222222222226,1.0,0.0
mean,10,35,bert,50,0.14353488888888888,0.14363333333333334,0.1365999999999999,0.14993888888888876,0.1287111111111111,0.1567222222222222,1.0,0.0
mean,10,35,mpnet,50,-0.12186177777777775,-0.12213888888888874,-0.13367499999999993,-0.10790111111111117,-0.13557777777777769,-0.09921111111111114,0.0,1.0
mean,10,35,minilm,50,-0.08209622222222221,-0.08148888888888894,-0.09619555555555553,-0.06941083333333337,-0.09763333333333324,-0.06408888888888886,0.0,1.0
mean,10,35,pubmedbert,50,0.12377933333333335,0.12367777777777772,0.11468027777777787,0.1322388888888889,0.11373333333333335,0.133388888888889,1.0,0.0
mean,10,35,biobert,50,0.1472357777777778,0.14716111111111113,0.13788361111111108,0.1574727777777777,0.13639999999999997,0.1584888888888888,1.0,0.0
mean,10,35,simcse,50,0.10359088888888891,0.10357222222222218,0.09410916666666672,0.11178249999999997,0.08903333333333341,0.11447777777777768,1.0,0.0
mean,25,35,specter,50,-0.08453146666666665,-0.08505555555555555,-0.0966151111111111,-0.07066111111111108,-0.09784888888888899,-0.06641777777777769,0.0,1.0
mean,25,35,specter2,50,-0.13347493333333332,-0.1338644444444445,-0.14326111111111114,-0.1195886666666667,-0.1475644444444444,-0.11594222222222217,0.0,1.0
mean,25,35,scincl,50,-0.12456106666666666,-0.12491999999999992,-0.1347373333333334,-0.11172177777777777,-0.13504888888888888,-0.10932888888888892,0.0,1.0
mean,25,35,scibert,50,0.19276613333333334,0.19209333333333334,0.1856383333333334,0.20121822222222221,0.1846577777777778,0.20173333333333332,1.0,0.0
mean,25,35,bert,50,0.14037742222222221,0.1413266666666667,0.13111955555555563,0.1469983333333334,0.12939111111111112,0.14881333333333324,1.0,0.0
mean,25,35,mpnet,50,-0.12579937777777778,-0.12619555555555556,-0.1378452222222222,-0.11476755555555551,-0.14488888888888884,-0.11405333333333334,0.0,1.0
mean,25,35,minilm,50,-0.08248755555555556,-0.08189333333333326,-0.09509588888888885,-0.07306700000000005,-0.09627555555555556,-0.06900444444444442,0.0,1.0
mean,25,35,pubmedbert,50,0.12295555555555557,0.1224933333333334,0.11599722222222213,0.12937111111111116,0.11344888888888893,0.13007111111111114,1.0,0.0
mean,25,35,biobert,50,0.1570200888888889,0.15714222222222224,0.14635800000000007,0.16691166666666665,0.14447111111111122,0.16835111111111112,1.0,0.0
mean,25,35,simcse,50,0.1051120888888889,0.10506888888888893,0.09631199999999997,0.11275555555555557,0.09386222222222229,0.11477777777777787,1.0,0.0
mean,50,35,specter,50,-0.0951931111111111,-0.09503777777777767,-0.10429499999999997,-0.08228661111111117,-0.10657111111111117,-0.08097777777777782,0.0,1.0
mean,50,35,specter2,50,-0.14539808888888886,-0.14556444444444439,-0.15422205555555554,-0.13354527777777778,-0.15547333333333324,-0.13115333333333334,0.0,1.0
mean,50,35,scincl,50,-0.13415946666666667,-0.13430999999999998,-0.1454736666666666,-0.12566955555555565,-0.14718666666666658,-0.1222333333333333,0.0,1.0
mean,50,35,scibert,50,0.19271715555555552,0.19292333333333334,0.18412794444444444,0.2000191666666667,0.1834177777777778,0.20253999999999994,1.0,0.0
mean,50,35,bert,50,0.12975142222222222,0.12886999999999998,0.1214755555555555,0.13728466666666675,0.11913555555555555,0.13743777777777777,1.0,0.0
mean,50,35,mpnet,50,-0.12465382222222222,-0.12410555555555552,-0.1381467777777779,-0.11669033333333337,-0.1383066666666667,-0.11519777777777795,0.0,1.0
mean,50,35,minilm,50,-0.08354204444444445,-0.0834333333333333,-0.09438194444444442,-0.07509122222222223,-0.09581555555555554,-0.07179111111111114,0.0,1.0
mean,50,35,pubmedbert,50,0.11788159999999998,0.1178555555555556,0.1094362777777777,0.12526438888888886,0.10648222222222226,0.1256288888888888,1.0,0.0
mean,50,35,biobert,50,0.16205564444444445,0.1619477777777778,0.15280833333333327,0.17270122222222234,0.15062888888888903,0.1739288888888888,1.0,0.0
mean,50,35,simcse,50,0.10323884444444444,0.10336111111111113,0.09547266666666664,0.11043805555555561,0.09510444444444432,0.11165333333333327,1.0,0.0
cls,25,35,specter,50,-0.14294364444444446,-0.14300666666666662,-0.15484733333333334,-0.12988900000000003,-0.15670666666666677,-0.12481333333333333,0.0,1.0
cls,25,35,specter2,50,-0.18186231111111112,-0.1823711111111111,-0.19160811111111123,-0.17045044444444454,-0.1962933333333332,-0.16719111111111107,0.0,1.0
cls,25,35,scincl,50,-0.17903173333333336,-0.17866888888888893,-0.1882748888888889,-0.16742233333333328,-0.1889466666666666,-0.16307555555555553,0.0,1.0
cls,25,35,scibert,50,0.07072933333333334,0.07083999999999996,0.06396966666666672,0.076185888888889,0.060733333333333306,0.0769644444444445,1.0,0.0
cls,25,35,bert,50,0.09520675555555554,0.09547999999999995,0.08884911111111113,0.0997558888888889,0.08811999999999998,0.10308444444444431,1.0,0.0
cls,25,35,mpnet,50,-0.18128719999999998,-0.18101777777777772,-0.19199366666666662,-0.1703245555555555,-0.20149777777777778,-0.16944000000000004,0.0,1.0
cls,25,35,minilm,50,-0.1383162666666667,-0.13787333333333346,-0.15062166666666665,-0.12776277777777778,-0.15186222222222223,-0.12605333333333346,0.0,1.0
cls,25,35,pubmedbert,50,0.09219102222222222,0.09210888888888896,0.08606377777777773,0.09797255555555559,0.0844977777777779,0.10042222222222219,1.0,0.0
cls,25,35,biobert,50,0.08510657777777779,0.08465111111111112,0.07775066666666663,0.09289533333333334,0.07679111111111114,0.09322666666666679,1.0,0.0
cls,25,35,simcse,50,0.04335191111111111,0.043602222222222264,0.035973222222222184,0.0508296666666667,0.03249777777777774,0.051093333333333324,1.0,0.0
sep,25,35,specter,50,-0.09451697777777777,-0.09529111111111116,-0.10636322222222229,-0.0814211111111111,-0.10739111111111121,-0.07678666666666667,0.0,1.0
sep,25,35,specter2,50,-0.1430097777777778,-0.1429555555555556,-0.15235344444444449,-0.13048788888888907,-0.1561111111111111,-0.12640444444444443,0.0,1.0
sep,25,35,scincl,50,-0.1328625777777778,-0.13293555555555564,-0.1421885555555555,-0.12127855555555556,-0.14352888888888904,-0.11695555555555548,0.0,1.0
sep,25,35,scibert,50,0.07603022222222221,0.07666444444444448,0.0691386666666667,0.08200733333333336,0.06578666666666666,0.08226666666666671,1.0,0.0
sep,25,35,bert,50,0.07698133333333335,0.07737777777777782,0.07206177777777786,0.0817893333333334,0.06987555555555558,0.08226222222222224,1.0,0.0
sep,25,35,mpnet,50,-0.13373324444444445,-0.1336688888888889,-0.14443466666666657,-0.12312333333333328,-0.1534133333333333,-0.12185777777777773,0.0,1.0
sep,25,35,minilm,50,-0.09370097777777778,-0.09359777777777784,-0.10615555555555552,-0.08360888888888887,-0.10727555555555557,-0.08068888888888892,0.0,1.0
sep,25,35,pubmedbert,50,0.07418471111111112,0.07492666666666659,0.06485022222222221,0.08170255555555565,0.06248888888888893,0.08315555555555554,1.0,0.0
sep,25,35,biobert,50,0.05623857777777777,0.05628666666666665,0.046142000000000016,0.06261111111111113,0.045102222222222155,0.06498666666666675,1.0,0.0
sep,25,35,simcse,50,0.07477617777777777,0.07510444444444436,0.06655144444444451,0.08084355555555556,0.0646311111111112,0.08358222222222222,1.0,0.0
mean,10,36,specter,50,-0.07041355555555558,-0.07119999999999999,-0.08461416666666663,-0.057654722222222246,-0.08815555555555565,-0.05588888888888888,0.0,1.0
mean,10,36,specter2,50,-0.10191644444444446,-0.10149444444444444,-0.11595861111111111,-0.08566083333333332,-0.12351111111111113,-0.08554444444444442,0.0,1.0
mean,10,36,scincl,50,-0.11044133333333335,-0.11086666666666667,-0.12127416666666666,-0.09555083333333339,-0.1286333333333335,-0.09275555555555559,0.0,1.0
mean,10,36,scibert,50,0.16461644444444445,0.1648722222222223,0.15705500000000006,0.1730952777777778,0.15506666666666669,0.1735444444444445,1.0,0.0
mean,10,36,bert,50,0.13232644444444444,0.1319777777777778,0.12444222222222232,0.14050694444444434,0.12353333333333327,0.14518888888888892,1.0,0.0
mean,10,36,mpnet,50,-0.1596971111111111,-0.1583666666666667,-0.17322222222222214,-0.147515,-0.17607777777777778,-0.14662222222222232,0.0,1.0
mean,10,36,minilm,50,-0.09691000000000001,-0.09743888888888891,-0.11114111111111112,-0.08035166666666672,-0.11255555555555563,-0.07815555555555553,0.0,1.0
mean,10,36,pubmedbert,50,0.14278666666666667,0.14261111111111108,0.13587277777777776,0.1499930555555556,0.1357666666666667,0.15216666666666678,1.0,0.0
mean,10,36,biobert,50,0.1521188888888889,0.15190555555555546,0.14459000000000005,0.15966055555555553,0.14092222222222228,0.16110000000000002,1.0,0.0
mean,10,36,simcse,50,0.09213622222222223,0.09207777777777781,0.08573527777777774,0.10174194444444437,0.08397777777777782,0.1025555555555554,1.0,0.0
mean,25,36,specter,50,-0.08638568888888887,-0.08706222222222221,-0.0988861111111111,-0.07256611111111112,-0.10191555555555554,-0.07017777777777778,0.0,1.0
mean,25,36,specter2,50,-0.1149504,-0.11507333333333336,-0.1291115555555555,-0.10106266666666663,-0.13061777777777783,-0.10015555555555555,0.0,1.0
mean,25,36,scincl,50,-0.119892,-0.12024000000000007,-0.13417000000000004,-0.10679533333333338,-0.13666222222222224,-0.10546666666666671,0.0,1.0
mean,25,36,scibert,50,0.16527004444444443,0.1657711111111111,0.1579248888888889,0.17145188888888896,0.1563688888888889,0.17267999999999994,1.0,0.0
mean,25,36,bert,50,0.12582657777777778,0.12554666666666658,0.11912166666666664,0.1355107777777778,0.11582222222222216,0.13760000000000006,1.0,0.0
mean,25,36,mpnet,50,-0.16267226666666665,-0.1615444444444445,-0.17551055555555545,-0.1529378888888889,-0.17711555555555558,-0.15043111111111107,0.0,1.0
mean,25,36,minilm,50,-0.09745857777777779,-0.09885333333333335,-0.10827588888888895,-0.08582688888888887,-0.11412444444444447,-0.08388444444444454,0.0,1.0
mean,25,36,pubmedbert,50,0.14148897777777777,0.14102000000000003,0.13532799999999998,0.1476221111111111,0.13274666666666657,0.1542311111111111,1.0,0.0
mean,25,36,biobert,50,0.15448897777777776,0.15429333333333334,0.14734677777777766,0.1608524444444445,0.14584888888888892,0.16090666666666664,1.0,0.0
mean,25,36,simcse,50,0.08860373333333332,0.0890177777777778,0.08294344444444444,0.09467499999999998,0.08259555555555553,0.09481777777777778,1.0,0.0
mean,50,36,specter,50,-0.09708871111111109,-0.09853555555555554,-0.10864250000000003,-0.084365,-0.1092022222222222,-0.08310222222222219,0.0,1.0
mean,50,36,specter2,50,-0.12276,-0.1222044444444444,-0.13533405555555553,-0.11113088888888889,-0.14024222222222216,-0.11078222222222223,0.0,1.0
mean,50,36,scincl,50,-0.126076,-0.12684111111111113,-0.13592772222222235,-0.1130264444444445,-0.14270888888888877,-0.1110622222222224,0.0,1.0
mean,50,36,scibert,50,0.16106213333333333,0.16089888888888898,0.15436688888888903,0.16845950000000004,0.15120444444444459,0.16912222222222228,1.0,0.0
mean,50,36,bert,50,0.11524871111111111,0.1148466666666666,0.10755144444444455,0.12388894444444447,0.10430666666666655,0.12652666666666668,1.0,0.0
mean,50,36,mpnet,50,-0.1590794222222222,-0.15855000000000014,-0.17152583333333338,-0.14806366666666665,-0.17285111111111107,-0.14649333333333336,0.0,1.0
mean,50,36,minilm,50,-0.09631635555555555,-0.09759999999999996,-0.10660616666666672,-0.08407955555555559,-0.10977111111111115,-0.0810644444444445,0.0,1.0
mean,50,36,pubmedbert,50,0.13636782222222224,0.13633111111111113,0.1296084444444445,0.14299972222222218,0.12722888888888884,0.1479488888888889,1.0,0.0
mean,50,36,biobert,50,0.15431808888888887,0.15456444444444445,0.14825122222222212,0.15988872222222222,0.14688888888888885,0.16050888888888892,1.0,0.0
mean,50,36,simcse,50,0.08025791111111111,0.08047555555555552,0.07446366666666668,0.08654227777777779,0.07325111111111104,0.08734888888888892,1.0,0.0
cls,25,36,specter,50,-0.1194318222222222,-0.11910222222222222,-0.13345400000000002,-0.10519711111111112,-0.13426222222222228,-0.1036933333333333,0.0,1.0
cls,25,36,specter2,50,-0.14440755555555554,-0.14490222222222232,-0.1565248888888888,-0.13054222222222234,-0.15979111111111122,-0.1298933333333333,0.0,1.0
cls,25,36,scincl,50,-0.14907235555555556,-0.14947777777777776,-0.16363366666666668,-0.13560966666666668,-0.16604444444444444,-0.134928888888889,0.0,1.0
cls,25,36,scibert,50,0.08137626666666668,0.08154444444444442,0.07705844444444437,0.08639700000000006,0.07411999999999996,0.08664444444444441,1.0,0.0
cls,25,36,bert,50,0.09050622222222221,0.09006888888888887,0.0852896666666667,0.09711211111111115,0.08303111111111117,0.09822222222222221,1.0,0.0
cls,25,36,mpnet,50,-0.19802480000000003,-0.19682444444444436,-0.21074677777777776,-0.18829511111111108,-0.21351555555555557,-0.18511999999999984,0.0,1.0
cls,25,36,minilm,50,-0.1344472888888889,-0.1352977777777778,-0.14505688888888885,-0.12258988888888886,-0.14955555555555566,-0.11995555555555559,0.0,1.0
cls,25,36,pubmedbert,50,0.10971884444444445,0.11001777777777783,0.1034047777777778,0.11501622222222217,0.10302666666666671,0.11693333333333322,1.0,0.0
cls,25,36,biobert,50,0.10055466666666664,0.10016222222222221,0.09468033333333326,0.10754922222222223,0.09419111111111111,0.10872888888888887,1.0,0.0
cls,25,36,simcse,50,0.03455484444444445,0.034871111111111186,0.028869555555555572,0.041442111111111034,0.02832888888888896,0.041968888888888944,1.0,0.0
sep,25,36,specter,50,-0.0913766222222222,-0.0919266666666666,-0.10427311111111108,-0.0774714444444445,-0.10652444444444442,-0.07553777777777781,0.0,1.0
sep,25,36,specter2,50,-0.11908177777777777,-0.11897777777777774,-0.13265255555555555,-0.10557544444444449,-0.13496444444444444,-0.1042088888888889,0.0,1.0
sep,25,36,scincl,50,-0.1232366222222222,-0.12353777777777786,-0.13870344444444452,-0.10993133333333333,-0.13957333333333333,-0.10927999999999993,0.0,1.0
sep,25,36,scibert,50,0.07170773333333333,0.07177111111111106,0.0659575555555555,0.0766425555555555,0.06558222222222221,0.07740000000000002,1.0,0.0
sep,25,36,bert,50,0.07145635555555556,0.07143777777777782,0.06621733333333335,0.07749744444444437,0.0654622222222222,0.07883111111111107,1.0,0.0
sep,25,36,mpnet,50,-0.16575013333333335,-0.16459777777777773,-0.1786299999999999,-0.15637355555555552,-0.17910666666666675,-0.15267999999999993,0.0,1.0
sep,25,36,minilm,50,-0.10483857777777779,-0.10550222222222227,-0.11507088888888897,-0.09385266666666668,-0.12043111111111127,-0.09055111111111114,0.0,1.0
sep,25,36,pubmedbert,50,0.09315502222222222,0.09265999999999996,0.08649044444444438,0.1019359999999999,0.08554666666666666,0.10302222222222224,1.0,0.0
sep,25,36,biobert,50,0.06496933333333331,0.06485333333333332,0.05648522222222226,0.07083299999999994,0.055506666666666704,0.074057777777778,1.0,0.0
sep,25,36,simcse,50,0.057585333333333315,0.0573088888888888,0.052227333333333334,0.06334233333333328,0.05094222222222222,0.06401777777777773,1.0,0.0
