field_id,metric,model,input_condition,model_change_at_full,input_change_from_full,model_minus_input
11,cka,specter,title,0.36090062315558125,0.17769024905847264,0.1832103740971086
11,cka,specter,abstract,0.36090062315558125,0.04344819811591161,0.31745242503966964
11,cka,specter2,title,0.3980715706974956,0.1853157870111306,0.212755783686365
11,cka,specter2,abstract,0.3980715706974956,0.04973152190797636,0.34834004878951924
11,cka,scincl,title,0.36329924693620325,0.1841946457543151,0.17910460118188815
11,cka,scincl,abstract,0.36329924693620325,0.029428812161955253,0.333870434774248
11,cka,scibert,title,0.3664411427340908,0.5574630991115107,-0.19102195637741992
11,cka,scibert,abstract,0.3664411427340908,0.0163435196833549,0.3500976230507359
11,cka,bert,title,0.3692818789639112,0.42532107049949697,-0.056039191535585786
11,cka,bert,abstract,0.3692818789639112,0.01310997394415958,0.3561719050197516
11,cka,mpnet,title,0.36331053280961345,0.16745567494660918,0.19585485786300427
11,cka,mpnet,abstract,0.36331053280961345,0.026856601509236522,0.33645393130037693
11,cka,minilm,title,0.38036869191950684,0.23523841275744228,0.14513027916206456
11,cka,minilm,abstract,0.38036869191950684,0.037385846502761,0.34298284541674584
11,cka,pubmedbert,title,0.41354440401547515,0.5333890226298301,-0.11984461861435497
11,cka,pubmedbert,abstract,0.41354440401547515,0.017881078483884538,0.3956633255315906
11,cka,biobert,title,0.38667835961108654,0.6671734288788893,-0.28049506926780277
11,cka,biobert,abstract,0.38667835961108654,0.021666084227677462,0.3650122753834091
11,cka,simcse,title,0.44180733750259393,0.5220569941852973,-0.08024965668270334
11,cka,simcse,abstract,0.44180733750259393,0.029342594423902857,0.4124647430786911
11,rsa,specter,title,0.46658919987997305,0.224048461256123,0.24254073862385006
11,rsa,specter,abstract,0.46658919987997305,0.048098946385751296,0.41849025349422175
11,rsa,specter2,title,0.6074869298655502,0.23047822370119397,0.3770087061643562
11,rsa,specter2,abstract,0.6074869298655502,0.0654123284745296,0.5420746013910206
11,rsa,scincl,title,0.47440430322934407,0.19956356837640854,0.27484073485293553
11,rsa,scincl,abstract,0.47440430322934407,0.03053567849233574,0.44386862473700833
11,rsa,scibert,title,0.44631839735296314,0.6782503792026268,-0.23193198184966363
11,rsa,scibert,abstract,0.44631839735296314,0.01379651887349409,0.43252187847946905
11,rsa,bert,title,0.42362056451438534,0.42628625573471535,-0.002665691220330002
11,rsa,bert,abstract,0.42362056451438534,0.010484994320209773,0.41313557019417557
11,rsa,mpnet,title,0.4341782402161119,0.1793642436074142,0.2548139966086977
11,rsa,mpnet,abstract,0.4341782402161119,0.03197204482242744,0.40220619539368446
11,rsa,minilm,title,0.43376080102973497,0.23182924418907525,0.20193155684065972
11,rsa,minilm,abstract,0.43376080102973497,0.0371955561479872,0.39656524488174777
11,rsa,pubmedbert,title,0.4527063231569325,0.5930120226245326,-0.14030569946760008
11,rsa,pubmedbert,abstract,0.4527063231569325,0.015805244924015027,0.43690107823291746
11,rsa,biobert,title,0.44703381837608486,0.6217230891228078,-0.17468927074672297
11,rsa,biobert,abstract,0.44703381837608486,0.02171633678728646,0.4253174815887984
11,rsa,simcse,title,0.5067592268963976,0.48425644011914193,0.0225027867772557
11,rsa,simcse,abstract,0.5067592268963976,0.01991525569978747,0.48684397119661016
11,neighbors25,specter,title,0.6187244444444444,0.5152000000000001,0.10352444444444431
11,neighbors25,specter,abstract,0.6187244444444444,0.27056,0.3481644444444444
11,neighbors25,specter2,title,0.6670666666666667,0.54452,0.12254666666666669
11,neighbors25,specter2,abstract,0.6670666666666667,0.2872,0.3798666666666667
11,neighbors25,scincl,title,0.6232933333333333,0.50392,0.11937333333333322
11,neighbors25,scincl,abstract,0.6232933333333333,0.21736,0.40593333333333326
11,neighbors25,scibert,title,0.6176266666666667,0.7986,-0.18097333333333332
11,neighbors25,scibert,abstract,0.6176266666666667,0.13796000000000008,0.4796666666666666
11,neighbors25,bert,title,0.6444177777777778,0.7702,-0.12578222222222224
11,neighbors25,bert,abstract,0.6444177777777778,0.1522,0.49221777777777775
11,neighbors25,mpnet,title,0.6118888888888888,0.46084,0.1510488888888888
11,neighbors25,mpnet,abstract,0.6118888888888888,0.16571999999999998,0.44616888888888884
11,neighbors25,minilm,title,0.6370622222222222,0.5436,0.09346222222222222
11,neighbors25,minilm,abstract,0.6370622222222222,0.21336,0.4237022222222222
11,neighbors25,pubmedbert,title,0.6302444444444445,0.75748,-0.12723555555555555
11,neighbors25,pubmedbert,abstract,0.6302444444444445,0.14476,0.4854844444444445
11,neighbors25,biobert,title,0.6205955555555556,0.78836,-0.16776444444444438
11,neighbors25,biobert,abstract,0.6205955555555556,0.16156000000000004,0.45903555555555553
11,neighbors25,simcse,title,0.7025822222222221,0.7973600000000001,-0.09477777777777796
11,neighbors25,simcse,abstract,0.7025822222222221,0.23236,0.4702222222222221
12,cka,specter,title,0.45890049836150915,0.35663234893841966,0.10226814942308948
12,cka,specter,abstract,0.45890049836150915,0.07007637851671711,0.38882411984479204
12,cka,specter2,title,0.44118704741942555,0.3061721145590307,0.13501493286039484
12,cka,specter2,abstract,0.44118704741942555,0.10182708051337275,0.3393599669060528
12,cka,scincl,title,0.4165888128129311,0.3930010879924617,0.02358772482046939
12,cka,scincl,abstract,0.4165888128129311,0.04222659438562215,0.37436221842730893
12,cka,scibert,title,0.3875597654452851,0.6568258882477072,-0.26926612280242207
12,cka,scibert,abstract,0.3875597654452851,0.020209116946062866,0.3673506484992222
12,cka,bert,title,0.37430873999688985,0.5801533493692279,-0.20584460937233806
12,cka,bert,abstract,0.37430873999688985,0.01685004172302318,0.35745869827386667
12,cka,mpnet,title,0.44200861963713556,0.2771997757374537,0.16480884389968187
12,cka,mpnet,abstract,0.44200861963713556,0.03826367313412282,0.40374494650301274
12,cka,minilm,title,0.4407097149948881,0.33702103926770965,0.10368867572717844
12,cka,minilm,abstract,0.4407097149948881,0.04416779653002256,0.39654191846486553
12,cka,pubmedbert,title,0.4501533864393841,0.6722232683812958,-0.22206988194191168
12,cka,pubmedbert,abstract,0.4501533864393841,0.027988767241613588,0.4221646191977705
12,cka,biobert,title,0.4317078641515502,0.730776973899399,-0.2990691097478488
12,cka,biobert,abstract,0.4317078641515502,0.024346758528656864,0.40736110562289335
12,cka,simcse,title,0.4228498662686311,0.599929682707019,-0.17707981643838788
12,cka,simcse,abstract,0.4228498662686311,0.026761047803393945,0.39608881846523714
12,rsa,specter,title,0.4737473217927014,0.26076620252041194,0.21298111927228947
12,rsa,specter,abstract,0.4737473217927014,0.050461256614649286,0.4232860651780521
12,rsa,specter2,title,0.5126465344992828,0.2701115010962758,0.24253503340300697
12,rsa,specter2,abstract,0.5126465344992828,0.0931699271989227,0.41947660730036007
12,rsa,scincl,title,0.4851661980435811,0.2794468668806176,0.20571933116296348
12,rsa,scincl,abstract,0.4851661980435811,0.028486851731219676,0.4566793463123614
12,rsa,scibert,title,0.4193676124407517,0.660152642808381,-0.24078503036762933
12,rsa,scibert,abstract,0.4193676124407517,0.012718334544296828,0.4066492778964549
12,rsa,bert,title,0.44772499476731276,0.6013677814594195,-0.15364278669210674
12,rsa,bert,abstract,0.44772499476731276,0.01179173439547998,0.4359332603718328
12,rsa,mpnet,title,0.4551651801220793,0.28443816937809274,0.17072701074398655
12,rsa,mpnet,abstract,0.4551651801220793,0.04699282040748598,0.4081723597145933
12,rsa,minilm,title,0.44160964494319,0.3032566089291413,0.1383530360140487
12,rsa,minilm,abstract,0.44160964494319,0.0361656128479213,0.4054440320952687
12,rsa,pubmedbert,title,0.4226876798182188,0.658464864761164,-0.23577718494294514
12,rsa,pubmedbert,abstract,0.4226876798182188,0.016590891153973608,0.4060967886642452
12,rsa,biobert,title,0.45175259595954714,0.7316072075030178,-0.27985461154347063
12,rsa,biobert,abstract,0.45175259595954714,0.019821774198048092,0.43193082176149905
12,rsa,simcse,title,0.5459161596761235,0.6024171502215414,-0.056500990545417906
12,rsa,simcse,abstract,0.5459161596761235,0.02658652957696983,0.5193296300991537
12,neighbors25,specter,title,0.7545733333333333,0.73964,0.014933333333333354
12,neighbors25,specter,abstract,0.7545733333333333,0.37076,0.38381333333333334
12,neighbors25,specter2,title,0.7543733333333333,0.7014400000000001,0.05293333333333328
12,neighbors25,specter2,abstract,0.7543733333333333,0.43372,0.32065333333333335
12,neighbors25,scincl,title,0.7377466666666668,0.75336,-0.015613333333333257
12,neighbors25,scincl,abstract,0.7377466666666668,0.28171999999999997,0.4560266666666668
12,neighbors25,scibert,title,0.68844,0.87128,-0.18284
12,neighbors25,scibert,abstract,0.68844,0.16792000000000007,0.52052
12,neighbors25,bert,title,0.6746266666666666,0.79776,-0.12313333333333343
12,neighbors25,bert,abstract,0.6746266666666666,0.14288,0.5317466666666666
12,neighbors25,mpnet,title,0.7064577777777779,0.5951599999999999,0.11129777777777794
12,neighbors25,mpnet,abstract,0.7064577777777779,0.2138,0.49265777777777786
12,neighbors25,minilm,title,0.7051244444444444,0.65596,0.049164444444444455
12,neighbors25,minilm,abstract,0.7051244444444444,0.238,0.46712444444444445
12,neighbors25,pubmedbert,title,0.695231111111111,0.86952,-0.17428888888888894
12,neighbors25,pubmedbert,abstract,0.695231111111111,0.17855999999999994,0.5166711111111111
12,neighbors25,biobert,title,0.6846933333333333,0.86304,-0.17834666666666676
12,neighbors25,biobert,abstract,0.6846933333333333,0.18656000000000006,0.4981333333333332
12,neighbors25,simcse,title,0.7114444444444445,0.81368,-0.10223555555555541
12,neighbors25,simcse,abstract,0.7114444444444445,0.19924000000000008,0.5122044444444445
13,cka,specter,title,0.3856432788872373,0.17310557868213905,0.21253770020509827
13,cka,specter,abstract,0.3856432788872373,0.04072179782294694,0.3449214810642904
13,cka,specter2,title,0.4313879481802684,0.19478267632537138,0.236605271854897
13,cka,specter2,abstract,0.4313879481802684,0.04295056319594881,0.38843738498431957
13,cka,scincl,title,0.3776492261715269,0.16642490021222844,0.21122432595929846
13,cka,scincl,abstract,0.3776492261715269,0.02648803807914113,0.3511611880923858
13,cka,scibert,title,0.3781633600322249,0.5267719172753289,-0.148608557243104
13,cka,scibert,abstract,0.3781633600322249,0.013598118275182536,0.36456524175704236
13,cka,bert,title,0.3994914938671104,0.35394890454280215,0.04554258932430827
13,cka,bert,abstract,0.3994914938671104,0.010489793731863206,0.3890017001352472
13,cka,mpnet,title,0.3880488106725368,0.19466311907608846,0.19338569159644836
13,cka,mpnet,abstract,0.3880488106725368,0.02054777150533793,0.3675010391671989
13,cka,minilm,title,0.40345086326356744,0.2493699266323407,0.15408093663122674
13,cka,minilm,abstract,0.40345086326356744,0.03386522009892601,0.36958564316464143
13,cka,pubmedbert,title,0.4074695993087078,0.4713718382438793,-0.0639022389351715
13,cka,pubmedbert,abstract,0.4074695993087078,0.012151083396929607,0.3953185159117782
13,cka,biobert,title,0.37073315251700145,0.6097138235130888,-0.23898067099608733
13,cka,biobert,abstract,0.37073315251700145,0.016797726653184353,0.3539354258638171
13,cka,simcse,title,0.46695895127493714,0.4841836660752795,-0.017224714800342378
13,cka,simcse,abstract,0.46695895127493714,0.032692161193032976,0.43426679008190416
13,rsa,specter,title,0.49753939350051557,0.21487720954969614,0.28266218395081943
13,rsa,specter,abstract,0.49753939350051557,0.04864670359211598,0.4488926899083996
13,rsa,specter2,title,0.5658384629929301,0.23017717890544587,0.3356612840874842
13,rsa,specter2,abstract,0.5658384629929301,0.05388348872220583,0.5119549742707242
13,rsa,scincl,title,0.4987973671414933,0.2019030589462617,0.2968943081952316
13,rsa,scincl,abstract,0.4987973671414933,0.030780102102448414,0.4680172650390449
13,rsa,scibert,title,0.44085889314364757,0.6359388243523466,-0.19507993120869904
13,rsa,scibert,abstract,0.44085889314364757,0.012528797491322519,0.42833009565232505
13,rsa,bert,title,0.4269927943913152,0.3354485574571213,0.09154423693419389
13,rsa,bert,abstract,0.4269927943913152,0.008242161812609505,0.4187506325787057
13,rsa,mpnet,title,0.44724795763428676,0.20513965944284418,0.24210829819144258
13,rsa,mpnet,abstract,0.44724795763428676,0.020134411899834004,0.42711354573445276
13,rsa,minilm,title,0.4447513196002117,0.25252209203380505,0.19222922756640665
13,rsa,minilm,abstract,0.4447513196002117,0.03381379477553437,0.4109375248246773
13,rsa,pubmedbert,title,0.4591398935126838,0.5554940178882362,-0.09635412437555235
13,rsa,pubmedbert,abstract,0.4591398935126838,0.010520016683302047,0.44861987682938176
13,rsa,biobert,title,0.4328718436493464,0.5725387248318456,-0.13966688118249926
13,rsa,biobert,abstract,0.4328718436493464,0.013123073486811965,0.4197487701625344
13,rsa,simcse,title,0.5434702681256756,0.47890389801926014,0.06456637010641542
13,rsa,simcse,abstract,0.5434702681256756,0.023412185691030207,0.5200580824346454
13,neighbors25,specter,title,0.6293733333333332,0.48960000000000004,0.1397733333333332
13,neighbors25,specter,abstract,0.6293733333333332,0.24219999999999997,0.38717333333333326
13,neighbors25,specter2,title,0.6843022222222221,0.52248,0.1618222222222221
13,neighbors25,specter2,abstract,0.6843022222222221,0.25644,0.42786222222222214
13,neighbors25,scincl,title,0.6332666666666666,0.46492,0.16834666666666664
13,neighbors25,scincl,abstract,0.6332666666666666,0.19191999999999998,0.44134666666666666
13,neighbors25,scibert,title,0.6256222222222223,0.76528,-0.13965777777777766
13,neighbors25,scibert,abstract,0.6256222222222223,0.12344,0.5021822222222223
13,neighbors25,bert,title,0.6775866666666667,0.7734,-0.0958133333333333
13,neighbors25,bert,abstract,0.6775866666666667,0.14944000000000002,0.5281466666666667
13,neighbors25,mpnet,title,0.6258266666666668,0.47331999999999996,0.1525066666666668
13,neighbors25,mpnet,abstract,0.6258266666666668,0.14727999999999997,0.4785466666666668
13,neighbors25,minilm,title,0.6412355555555557,0.5428,0.09843555555555572
13,neighbors25,minilm,abstract,0.6412355555555557,0.20188000000000006,0.4393555555555556
13,neighbors25,pubmedbert,title,0.6434,0.73672,-0.09332000000000007
13,neighbors25,pubmedbert,abstract,0.6434,0.11647999999999992,0.52692
13,neighbors25,biobert,title,0.6219111111111111,0.74672,-0.12480888888888897
13,neighbors25,biobert,abstract,0.6219111111111111,0.13676,0.4851511111111111
13,neighbors25,simcse,title,0.7425511111111112,0.8043199999999999,-0.06176888888888876
13,neighbors25,simcse,abstract,0.7425511111111112,0.2586400000000001,0.48391111111111107
14,cka,specter,title,0.4385544512098597,0.2648402368885914,0.17371421432126832
14,cka,specter,abstract,0.4385544512098597,0.052030264006157956,0.38652418720370174
14,cka,specter2,title,0.4023313085672806,0.23684890419310534,0.16548240437417527
14,cka,specter2,abstract,0.4023313085672806,0.06490297424511726,0.33742833432216335
14,cka,scincl,title,0.41543879775114306,0.2821726871428082,0.13326611060833488
14,cka,scincl,abstract,0.41543879775114306,0.0385512347309247,0.37688756302021836
14,cka,scibert,title,0.4193825892568433,0.6088929950103776,-0.18951040575353434
14,cka,scibert,abstract,0.4193825892568433,0.014460930986176623,0.4049216582706667
14,cka,bert,title,0.407413346964692,0.590012812667001,-0.182599465702309
14,cka,bert,abstract,0.407413346964692,0.01854288432135187,0.38887046264334013
14,cka,mpnet,title,0.3954127043725667,0.22408244547544232,0.1713302588971244
14,cka,mpnet,abstract,0.3954127043725667,0.023726582669619023,0.3716861217029477
14,cka,minilm,title,0.408665817848857,0.2859961016105883,0.12266971623826872
14,cka,minilm,abstract,0.408665817848857,0.02923258916646465,0.3794332286823924
14,cka,pubmedbert,title,0.45900685614665193,0.682044351686113,-0.22303749553946106
14,cka,pubmedbert,abstract,0.45900685614665193,0.02487497463138333,0.4341318815152686
14,cka,biobert,title,0.4350213285082808,0.7346358663311725,-0.2996145378228917
14,cka,biobert,abstract,0.4350213285082808,0.03463242111995901,0.4003889073883218
14,cka,simcse,title,0.44354795686690957,0.5585086689009693,-0.11496071203405972
14,cka,simcse,abstract,0.44354795686690957,0.030888495595009502,0.41265946127190006
14,rsa,specter,title,0.49282464498506073,0.3056042732615061,0.18722037172355466
14,rsa,specter,abstract,0.49282464498506073,0.06015101922337407,0.43267362576168666
14,rsa,specter2,title,0.49226470734382843,0.2932045820665138,0.19906012527731465
14,rsa,specter2,abstract,0.49226470734382843,0.0725765423354473,0.41968816500838113
14,rsa,scincl,title,0.49820151137050306,0.2939171789547933,0.20428433241570976
14,rsa,scincl,abstract,0.49820151137050306,0.038553860884884994,0.45964765048561806
14,rsa,scibert,title,0.44155063206121,0.6817082402492693,-0.24015760818805937
14,rsa,scibert,abstract,0.44155063206121,0.012800934843501977,0.428749697217708
14,rsa,bert,title,0.4179445646225278,0.5218110791455296,-0.10386651452300177
14,rsa,bert,abstract,0.4179445646225278,0.013941235042855382,0.40400332957967244
14,rsa,mpnet,title,0.4126665862619991,0.2218008688810008,0.19086571738099828
14,rsa,mpnet,abstract,0.4126665862619991,0.023545895595369126,0.38912069066662996
14,rsa,minilm,title,0.41985516695597064,0.27769075219322437,0.14216441476274627
14,rsa,minilm,abstract,0.41985516695597064,0.027414500348536763,0.3924406666074339
14,rsa,pubmedbert,title,0.45852293504280706,0.6218190712565462,-0.16329613621373917
14,rsa,pubmedbert,abstract,0.45852293504280706,0.018329869848827895,0.44019306519397916
14,rsa,biobert,title,0.44375039112387604,0.7018803454137008,-0.25812995428982477
14,rsa,biobert,abstract,0.44375039112387604,0.029696104242738164,0.4140542868811379
14,rsa,simcse,title,0.4685639419559096,0.499600280681498,-0.031036338725588364
14,rsa,simcse,abstract,0.4685639419559096,0.02270190103325087,0.44586204092265874
14,neighbors25,specter,title,0.6904711111111111,0.6166400000000001,0.07383111111111107
14,neighbors25,specter,abstract,0.6904711111111111,0.29584,0.39463111111111115
14,neighbors25,specter2,title,0.6856488888888889,0.5724400000000001,0.1132088888888888
14,neighbors25,specter2,abstract,0.6856488888888889,0.32052,0.36512888888888884
14,neighbors25,scincl,title,0.6766311111111111,0.59044,0.08619111111111111
14,neighbors25,scincl,abstract,0.6766311111111111,0.23036,0.44627111111111106
14,neighbors25,scibert,title,0.6866444444444445,0.8357600000000001,-0.14911555555555556
14,neighbors25,scibert,abstract,0.6866444444444445,0.1602800000000001,0.5263644444444444
14,neighbors25,bert,title,0.6880133333333334,0.82704,-0.13902666666666663
14,neighbors25,bert,abstract,0.6880133333333334,0.17452,0.5134933333333334
14,neighbors25,mpnet,title,0.6472177777777778,0.504,0.14321777777777778
14,neighbors25,mpnet,abstract,0.6472177777777778,0.16012000000000004,0.48709777777777774
14,neighbors25,minilm,title,0.6562622222222222,0.56304,0.0932222222222222
14,neighbors25,minilm,abstract,0.6562622222222222,0.18823999999999996,0.46802222222222223
14,neighbors25,pubmedbert,title,0.7016355555555556,0.85072,-0.14908444444444446
14,neighbors25,pubmedbert,abstract,0.7016355555555556,0.17359999999999998,0.5280355555555556
14,neighbors25,biobert,title,0.6967866666666667,0.84944,-0.1526533333333333
14,neighbors25,biobert,abstract,0.6967866666666667,0.21939999999999993,0.47738666666666674
14,neighbors25,simcse,title,0.7124133333333333,0.8029200000000001,-0.09050666666666674
14,neighbors25,simcse,abstract,0.7124133333333333,0.23031999999999997,0.4820933333333334
15,cka,specter,title,0.25513604842138904,0.1350849587232057,0.12005108969818334
15,cka,specter,abstract,0.25513604842138904,0.04201584643596412,0.21312020198542492
15,cka,specter2,title,0.29634340314908403,0.17149460766950297,0.12484879547958105
15,cka,specter2,abstract,0.29634340314908403,0.03929017387877931,0.2570532292703047
15,cka,scincl,title,0.2752587969129741,0.13931655324469183,0.13594224366828228
15,cka,scincl,abstract,0.2752587969129741,0.024803441957736982,0.25045535495523713
15,cka,scibert,title,0.2892262445248823,0.4354075596323017,-0.14618131510741939
15,cka,scibert,abstract,0.2892262445248823,0.015484529247896117,0.2737417152769862
15,cka,bert,title,0.3033648316194917,0.2983807389744655,0.004984092645026195
15,cka,bert,abstract,0.3033648316194917,0.01317341050472931,0.29019142111476237
15,cka,mpnet,title,0.27134015521657084,0.13495818493203748,0.13638197028453336
15,cka,mpnet,abstract,0.27134015521657084,0.017413020209065988,0.25392713500750486
15,cka,minilm,title,0.29189706754096506,0.17629833813285056,0.1155987294081145
15,cka,minilm,abstract,0.29189706754096506,0.02643107904099684,0.2654659884999682
15,cka,pubmedbert,title,0.31493117917675106,0.42697756269516507,-0.112046383518414
15,cka,pubmedbert,abstract,0.31493117917675106,0.018012894894864795,0.29691828428188627
15,cka,biobert,title,0.2767529197157371,0.5591575162483248,-0.28240459653258765
15,cka,biobert,abstract,0.2767529197157371,0.026402676103532308,0.2503502436122048
15,cka,simcse,title,0.3273355977372631,0.39454737240161264,-0.06721177466434952
15,cka,simcse,abstract,0.3273355977372631,0.026353137781765512,0.3009824599554976
15,rsa,specter,title,0.36065659813714185,0.20913033244732548,0.15152626568981636
15,rsa,specter,abstract,0.36065659813714185,0.060208551737016336,0.3004480464001255
15,rsa,specter2,title,0.4408156950108723,0.2682843299732146,0.1725313650376577
15,rsa,specter2,abstract,0.4408156950108723,0.05568294758220693,0.3851327474286654
15,rsa,scincl,title,0.41045281282329893,0.17486536976766542,0.2355874430556335
15,rsa,scincl,abstract,0.41045281282329893,0.031593939062483645,0.3788588737608153
15,rsa,scibert,title,0.3740701240983424,0.5321606617529024,-0.15809053765456005
15,rsa,scibert,abstract,0.3740701240983424,0.01617038838293028,0.3578997357154121
15,rsa,bert,title,0.3518676498511698,0.3958196390320501,-0.04395198918088028
15,rsa,bert,abstract,0.3518676498511698,0.012826110303560845,0.33904153954760896
15,rsa,mpnet,title,0.3549154886934551,0.17210560225026716,0.1828098864431879
15,rsa,mpnet,abstract,0.3549154886934551,0.02328766583972175,0.3316278228537333
15,rsa,minilm,title,0.36351945463279883,0.21415350016788715,0.1493659544649117
15,rsa,minilm,abstract,0.36351945463279883,0.032080054899702226,0.3314393997330966
15,rsa,pubmedbert,title,0.38288228852687284,0.4968598882381505,-0.11397759971127769
15,rsa,pubmedbert,abstract,0.38288228852687284,0.015982948323959856,0.366899340202913
15,rsa,biobert,title,0.3700790326178641,0.564177016561943,-0.19409798394407884
15,rsa,biobert,abstract,0.3700790326178641,0.02421249310703233,0.3458665395108318
15,rsa,simcse,title,0.41222863709723834,0.4454070742070182,-0.03317843710977986
15,rsa,simcse,abstract,0.41222863709723834,0.025629307804070578,0.38659932929316776
15,neighbors25,specter,title,0.6118,0.54352,0.06828000000000001
15,neighbors25,specter,abstract,0.6118,0.3244,0.2874
15,neighbors25,specter2,title,0.6421866666666668,0.5726,0.0695866666666668
15,neighbors25,specter2,abstract,0.6421866666666668,0.27608,0.3661066666666668
15,neighbors25,scincl,title,0.6172888888888889,0.5276,0.08968888888888893
15,neighbors25,scincl,abstract,0.6172888888888889,0.2555200000000001,0.3617688888888888
15,neighbors25,scibert,title,0.6110177777777778,0.7954,-0.18438222222222223
15,neighbors25,scibert,abstract,0.6110177777777778,0.15127999999999997,0.4597377777777778
15,neighbors25,bert,title,0.6391466666666666,0.78376,-0.14461333333333337
15,neighbors25,bert,abstract,0.6391466666666666,0.17559999999999998,0.46354666666666666
15,neighbors25,mpnet,title,0.5965644444444445,0.4741599999999999,0.12240444444444454
15,neighbors25,mpnet,abstract,0.5965644444444445,0.17343999999999993,0.4231244444444445
15,neighbors25,minilm,title,0.6095333333333333,0.52172,0.0878133333333333
15,neighbors25,minilm,abstract,0.6095333333333333,0.21184000000000003,0.39769333333333323
15,neighbors25,pubmedbert,title,0.6159333333333333,0.766,-0.15006666666666668
15,neighbors25,pubmedbert,abstract,0.6159333333333333,0.14883999999999997,0.46709333333333336
15,neighbors25,biobert,title,0.6031111111111112,0.77304,-0.1699288888888888
15,neighbors25,biobert,abstract,0.6031111111111112,0.18596000000000001,0.41715111111111114
15,neighbors25,simcse,title,0.6769022222222223,0.78196,-0.1050577777777777
15,neighbors25,simcse,abstract,0.6769022222222223,0.23828000000000005,0.43862222222222225
16,cka,specter,title,0.29080942651861796,0.1383025622902987,0.15250686422831927
16,cka,specter,abstract,0.29080942651861796,0.057787911871875375,0.2330215146467426
16,cka,specter2,title,0.34726088159123797,0.19299705182568128,0.1542638297655567
16,cka,specter2,abstract,0.34726088159123797,0.057272712720828234,0.28998816887040973
16,cka,scincl,title,0.3485791530807857,0.17603869749000345,0.17254045559078224
16,cka,scincl,abstract,0.3485791530807857,0.050013746790187885,0.2985654062905978
16,cka,scibert,title,0.2865610670735222,0.43122079178692585,-0.14465972471340366
16,cka,scibert,abstract,0.2865610670735222,0.02143988444346534,0.26512118263005685
16,cka,bert,title,0.3267156919811992,0.3321354365679918,-0.005419744586792619
16,cka,bert,abstract,0.3267156919811992,0.018315785458894673,0.30839990652230453
16,cka,mpnet,title,0.329674948828895,0.1851793422163649,0.14449560661253008
16,cka,mpnet,abstract,0.329674948828895,0.032696618527867205,0.29697833030102777
16,cka,minilm,title,0.3443796203912656,0.24722284023296992,0.09715678015829565
16,cka,minilm,abstract,0.3443796203912656,0.044776738150765105,0.29960288224050047
16,cka,pubmedbert,title,0.30380653769910637,0.3849207474863857,-0.08111420978727935
16,cka,pubmedbert,abstract,0.30380653769910637,0.021260352032651975,0.2825461856664544
16,cka,biobert,title,0.2950417688636511,0.4370580958483271,-0.14201632698467603
16,cka,biobert,abstract,0.2950417688636511,0.028460583394469885,0.2665811854691812
16,cka,simcse,title,0.3775561023631395,0.44328644373579495,-0.06573034137265543
16,cka,simcse,abstract,0.3775561023631395,0.03804898559097425,0.3395071167721653
16,rsa,specter,title,0.39323195482074713,0.1605633700164073,0.23266858480433983
16,rsa,specter,abstract,0.39323195482074713,0.05358450780196522,0.3396474470187819
16,rsa,specter2,title,0.4985228576963066,0.22698480380746378,0.27153805388884283
16,rsa,specter2,abstract,0.4985228576963066,0.06193880313784472,0.4365840545584619
16,rsa,scincl,title,0.4616855140548807,0.126501223013754,0.3351842910411267
16,rsa,scincl,abstract,0.4616855140548807,0.032428832821574716,0.42925668123330596
16,rsa,scibert,title,0.3987296789411567,0.5258539219686355,-0.12712424302747877
16,rsa,scibert,abstract,0.3987296789411567,0.02395129759638359,0.3747783813447731
16,rsa,bert,title,0.35721876215138004,0.3469606627849009,0.010258099366479145
16,rsa,bert,abstract,0.35721876215138004,0.02341111471202728,0.33380764743935276
16,rsa,mpnet,title,0.38489436690623646,0.15333153379282616,0.2315628331134103
16,rsa,mpnet,abstract,0.38489436690623646,0.023630185793073744,0.3612641811131627
16,rsa,minilm,title,0.3951560407432228,0.21043505874859092,0.18472098199463188
16,rsa,minilm,abstract,0.3951560407432228,0.033433614085082164,0.36172242665814064
16,rsa,pubmedbert,title,0.43223872945992997,0.48046998814767494,-0.04823125868774497
16,rsa,pubmedbert,abstract,0.43223872945992997,0.026693602307236497,0.4055451271526935
16,rsa,biobert,title,0.4488625553936561,0.5135630861924059,-0.06470053079874977
16,rsa,biobert,abstract,0.4488625553936561,0.0367467087168688,0.4121158466767873
16,rsa,simcse,title,0.4485466636921998,0.41643229179007946,0.03211437190212035
16,rsa,simcse,abstract,0.4485466636921998,0.035076065649692345,0.41347059804250746
16,neighbors25,specter,title,0.6638088888888888,0.5592,0.10460888888888875
16,neighbors25,specter,abstract,0.6638088888888888,0.37136,0.29244888888888876
16,neighbors25,specter2,title,0.71364,0.5824400000000001,0.13119999999999998
16,neighbors25,specter2,abstract,0.71364,0.31688000000000005,0.39676
16,neighbors25,scincl,title,0.6762711111111112,0.54524,0.1310311111111112
16,neighbors25,scincl,abstract,0.6762711111111112,0.32104,0.35523111111111116
16,neighbors25,scibert,title,0.6259422222222222,0.7900400000000001,-0.1640977777777779
16,neighbors25,scibert,abstract,0.6259422222222222,0.1800799999999999,0.44586222222222227
16,neighbors25,bert,title,0.6816133333333334,0.80388,-0.12226666666666663
16,neighbors25,bert,abstract,0.6816133333333334,0.22111999999999998,0.4604933333333334
16,neighbors25,mpnet,title,0.658088888888889,0.50864,0.14944888888888896
16,neighbors25,mpnet,abstract,0.658088888888889,0.2192400000000001,0.43884888888888884
16,neighbors25,minilm,title,0.6784933333333334,0.57616,0.10233333333333339
16,neighbors25,minilm,abstract,0.6784933333333334,0.2636799999999999,0.4148133333333335
16,neighbors25,pubmedbert,title,0.6327022222222223,0.75364,-0.1209377777777777
16,neighbors25,pubmedbert,abstract,0.6327022222222223,0.17331999999999992,0.45938222222222236
16,neighbors25,biobert,title,0.6250311111111111,0.75564,-0.13060888888888889
16,neighbors25,biobert,abstract,0.6250311111111111,0.1976,0.4274311111111111
16,neighbors25,simcse,title,0.7356266666666667,0.81688,-0.0812533333333334
16,neighbors25,simcse,abstract,0.7356266666666667,0.2956399999999999,0.43998666666666675
17,cka,specter,title,0.39165640401298357,0.22909027877124577,0.1625661252417378
17,cka,specter,abstract,0.39165640401298357,0.04305690202869372,0.34859950198428985
17,cka,specter2,title,0.36908830235500084,0.21262664922036323,0.1564616531346376
17,cka,specter2,abstract,0.36908830235500084,0.03462224541336345,0.3344660569416374
17,cka,scincl,title,0.3722892463183458,0.2168385607000224,0.15545068561832343
17,cka,scincl,abstract,0.3722892463183458,0.022634527415797523,0.3496547189025483
17,cka,scibert,title,0.38900480873782617,0.5206821267578312,-0.13167731802000504
17,cka,scibert,abstract,0.38900480873782617,0.011927832213859846,0.3770769765239663
17,cka,bert,title,0.37142488681685437,0.4562210287249302,-0.08479614190807583
17,cka,bert,abstract,0.37142488681685437,0.010793904385501096,0.3606309824313533
17,cka,mpnet,title,0.36708837270299366,0.23215409567707612,0.13493427702591754
17,cka,mpnet,abstract,0.36708837270299366,0.021536429021665304,0.34555194368132836
17,cka,minilm,title,0.37868757209934645,0.2669036903406651,0.11178388175868137
17,cka,minilm,abstract,0.37868757209934645,0.025014988599541987,0.35367258349980446
17,cka,pubmedbert,title,0.38601254131555707,0.5883955376257204,-0.20238299631016332
17,cka,pubmedbert,abstract,0.38601254131555707,0.015843603343289603,0.37016893797226746
17,cka,biobert,title,0.38222447254703396,0.6718937708831338,-0.2896692983360999
17,cka,biobert,abstract,0.38222447254703396,0.02052908126515718,0.3616953912818768
17,cka,simcse,title,0.4045849393522828,0.46776101656490154,-0.06317607721261875
17,cka,simcse,abstract,0.4045849393522828,0.022687785723720877,0.3818971536285619
17,rsa,specter,title,0.5611293655206573,0.27878993556097365,0.28233942995968364
17,rsa,specter,abstract,0.5611293655206573,0.05762600904456705,0.5035033564760902
17,rsa,specter2,title,0.5658147940980374,0.29281347730053453,0.27300131679750284
17,rsa,specter2,abstract,0.5658147940980374,0.05910893821127339,0.506705855886764
17,rsa,scincl,title,0.6277739606401018,0.27987226146367683,0.347901699176425
17,rsa,scincl,abstract,0.6277739606401018,0.030950400408877088,0.5968235602312247
17,rsa,scibert,title,0.476276054624856,0.5990342383970847,-0.12275818377222869
17,rsa,scibert,abstract,0.476276054624856,0.01125894028615193,0.4650171143387041
17,rsa,bert,title,0.46282445731006105,0.43895449187788727,0.02386996543217379
17,rsa,bert,abstract,0.46282445731006105,0.008591481588478445,0.4542329757215826
17,rsa,mpnet,title,0.49549273731356586,0.2711484449368735,0.22434429237669234
17,rsa,mpnet,abstract,0.49549273731356586,0.02316666302641457,0.4723260742871513
17,rsa,minilm,title,0.4776197088167161,0.3038588636826446,0.17376084513407153
17,rsa,minilm,abstract,0.4776197088167161,0.02827530452119098,0.44934440429552513
17,rsa,pubmedbert,title,0.47119806983999496,0.569907000247267,-0.09870893040727208
17,rsa,pubmedbert,abstract,0.47119806983999496,0.011487840804226046,0.4597102290357689
17,rsa,biobert,title,0.4647854119829634,0.6204596551576482,-0.1556742431746848
17,rsa,biobert,abstract,0.4647854119829634,0.013936754343347957,0.45084865763961546
17,rsa,simcse,title,0.522357702702894,0.4108977614787451,0.11145994122414882
17,rsa,simcse,abstract,0.522357702702894,0.01821695240004817,0.5041407503028458
17,neighbors25,specter,title,0.6484177777777778,0.56864,0.07977777777777773
17,neighbors25,specter,abstract,0.6484177777777778,0.24751999999999996,0.4008977777777778
17,neighbors25,specter2,title,0.6379422222222222,0.56584,0.07210222222222218
17,neighbors25,specter2,abstract,0.6379422222222222,0.23812,0.3998222222222222
17,neighbors25,scincl,title,0.6255111111111111,0.53784,0.08767111111111114
17,neighbors25,scincl,abstract,0.6255111111111111,0.17196,0.4535511111111111
17,neighbors25,scibert,title,0.6379777777777779,0.78372,-0.1457422222222221
17,neighbors25,scibert,abstract,0.6379777777777779,0.13312000000000002,0.5048577777777778
17,neighbors25,bert,title,0.6634977777777779,0.79956,-0.1360622222222222
17,neighbors25,bert,abstract,0.6634977777777779,0.15572000000000008,0.5077777777777778
17,neighbors25,mpnet,title,0.5991777777777778,0.50548,0.09369777777777777
17,neighbors25,mpnet,abstract,0.5991777777777778,0.14427999999999996,0.45489777777777785
17,neighbors25,minilm,title,0.6108666666666667,0.54576,0.06510666666666665
17,neighbors25,minilm,abstract,0.6108666666666667,0.1602,0.45066666666666666
17,neighbors25,pubmedbert,title,0.6666533333333333,0.84024,-0.17358666666666667
17,neighbors25,pubmedbert,abstract,0.6666533333333333,0.1562,0.5104533333333333
17,neighbors25,biobert,title,0.6683688888888889,0.84476,-0.17639111111111105
17,neighbors25,biobert,abstract,0.6683688888888889,0.18059999999999998,0.4877688888888889
17,neighbors25,simcse,title,0.70148,0.77724,-0.07576000000000005
17,neighbors25,simcse,abstract,0.70148,0.2072799999999999,0.4942000000000001
18,cka,specter,title,0.3959433526363877,0.260189605728819,0.1357537469075687
18,cka,specter,abstract,0.3959433526363877,0.05274647165010771,0.34319688098628
18,cka,specter2,title,0.37226326697071715,0.23697159215764363,0.13529167481307353
18,cka,specter2,abstract,0.37226326697071715,0.04977531112147793,0.3224879558492392
18,cka,scincl,title,0.3704358244933989,0.24450226875619496,0.12593355573720394
18,cka,scincl,abstract,0.3704358244933989,0.029678157291000096,0.3407576672023988
18,cka,scibert,title,0.38575605311357936,0.5759677957280889,-0.19021174261450952
18,cka,scibert,abstract,0.38575605311357936,0.013540413678038044,0.3722156394355413
18,cka,bert,title,0.3734489708539585,0.4802655510833548,-0.10681658022939627
18,cka,bert,abstract,0.3734489708539585,0.012835179832327293,0.3606137910216312
18,cka,mpnet,title,0.35834997825142373,0.2266388486271561,0.13171112962426762
18,cka,mpnet,abstract,0.35834997825142373,0.024568783286027962,0.33378119496539577
18,cka,minilm,title,0.37898941540064,0.2780230984530224,0.1009663169476176
18,cka,minilm,abstract,0.37898941540064,0.028455105434448735,0.3505343099661913
18,cka,pubmedbert,title,0.3996140812155695,0.6118750761261595,-0.21226099491059003
18,cka,pubmedbert,abstract,0.3996140812155695,0.018357136962877996,0.3812569442526915
18,cka,biobert,title,0.3838755821411443,0.6880209220501547,-0.30414533990901044
18,cka,biobert,abstract,0.3838755821411443,0.02964999793616241,0.3542255842049819
18,cka,simcse,title,0.4121269602358914,0.48277956369527175,-0.07065260345938035
18,cka,simcse,abstract,0.4121269602358914,0.025649485257271176,0.38647747497862023
18,rsa,specter,title,0.5735970704721596,0.3110141545495255,0.26258291592263405
18,rsa,specter,abstract,0.5735970704721596,0.07083379528358558,0.502763275188574
18,rsa,specter2,title,0.5416875591657185,0.2905014083197367,0.25118615084598184
18,rsa,specter2,abstract,0.5416875591657185,0.06716921302792167,0.47451834613779686
18,rsa,scincl,title,0.5741816167279536,0.2689420331438308,0.30523958358412284
18,rsa,scincl,abstract,0.5741816167279536,0.03739416484248115,0.5367874518854725
18,rsa,scibert,title,0.4741672864350845,0.6609081821856452,-0.1867408957505607
18,rsa,scibert,abstract,0.4741672864350845,0.016010365430526585,0.4581569210045579
18,rsa,bert,title,0.4512199377222166,0.5145676758682336,-0.06334773814601702
18,rsa,bert,abstract,0.4512199377222166,0.01459815505999873,0.43662178266221785
18,rsa,mpnet,title,0.4502592418114815,0.2596472290508419,0.1906120127606396
18,rsa,mpnet,abstract,0.4502592418114815,0.028006912015015484,0.42225232979646604
18,rsa,minilm,title,0.46634030119768355,0.3139381152758388,0.15240218592184474
18,rsa,minilm,abstract,0.46634030119768355,0.03127628935519555,0.435064011842488
18,rsa,pubmedbert,title,0.4766325461485807,0.6299549609059995,-0.15332241475741876
18,rsa,pubmedbert,abstract,0.4766325461485807,0.01694398353035631,0.4596885626182244
18,rsa,biobert,title,0.47502688256523357,0.6838925707053618,-0.20886568814012824
18,rsa,biobert,abstract,0.47502688256523357,0.02763535845758902,0.44739152410764454
18,rsa,simcse,title,0.5106908882727271,0.46589045696302644,0.04480043130970068
18,rsa,simcse,abstract,0.5106908882727271,0.020984200585460355,0.4897066876872668
18,neighbors25,specter,title,0.64872,0.59988,0.048839999999999995
18,neighbors25,specter,abstract,0.64872,0.27748000000000006,0.3712399999999999
18,neighbors25,specter2,title,0.6447022222222222,0.57456,0.07014222222222222
18,neighbors25,specter2,abstract,0.6447022222222222,0.28132,0.36338222222222216
18,neighbors25,scincl,title,0.6310711111111111,0.56028,0.07079111111111114
18,neighbors25,scincl,abstract,0.6310711111111111,0.20191999999999988,0.42915111111111126
18,neighbors25,scibert,title,0.6524533333333333,0.8223199999999999,-0.1698666666666666
18,neighbors25,scibert,abstract,0.6524533333333333,0.14936000000000005,0.5030933333333333
18,neighbors25,bert,title,0.6654266666666666,0.81308,-0.14765333333333341
18,neighbors25,bert,abstract,0.6654266666666666,0.15715999999999997,0.5082666666666666
18,neighbors25,mpnet,title,0.6008444444444445,0.49972000000000005,0.10112444444444446
18,neighbors25,mpnet,abstract,0.6008444444444445,0.14959999999999996,0.45124444444444456
18,neighbors25,minilm,title,0.6126400000000001,0.54728,0.06536000000000008
18,neighbors25,minilm,abstract,0.6126400000000001,0.17132000000000003,0.44132000000000005
18,neighbors25,pubmedbert,title,0.6642622222222223,0.8364,-0.17213777777777772
18,neighbors25,pubmedbert,abstract,0.6642622222222223,0.15752,0.5067422222222223
18,neighbors25,biobert,title,0.6595733333333333,0.84016,-0.18058666666666667
18,neighbors25,biobert,abstract,0.6595733333333333,0.19043999999999994,0.4691333333333334
18,neighbors25,simcse,title,0.6947155555555555,0.78252,-0.08780444444444446
18,neighbors25,simcse,abstract,0.6947155555555555,0.21420000000000006,0.4805155555555555
19,cka,specter,title,0.306809677896325,0.20279710227757786,0.10401257561874716
19,cka,specter,abstract,0.306809677896325,0.04542091991359476,0.26138875798273026
19,cka,specter2,title,0.3401971016085481,0.22554469989285508,0.11465240171569302
19,cka,specter2,abstract,0.3401971016085481,0.04641882925946039,0.2937782723490877
19,cka,scincl,title,0.31222848595372954,0.19399434183860775,0.11823414411512179
19,cka,scincl,abstract,0.31222848595372954,0.0263747499704019,0.28585373598332764
19,cka,scibert,title,0.31216018493943937,0.46066376468531,-0.14850357974587064
19,cka,scibert,abstract,0.31216018493943937,0.012607332049254127,0.29955285289018524
19,cka,bert,title,0.28517613048519885,0.3574868778451248,-0.07231074735992593
19,cka,bert,abstract,0.28517613048519885,0.010434803875855825,0.27474132660934303
19,cka,mpnet,title,0.3182311982572965,0.1783758331657218,0.1398553650915747
19,cka,mpnet,abstract,0.3182311982572965,0.019026696438006474,0.29920450181929004
19,cka,minilm,title,0.32577517427849295,0.24369123096229184,0.08208394331620111
19,cka,minilm,abstract,0.32577517427849295,0.029090249157704418,0.29668492512078853
19,cka,pubmedbert,title,0.31603048615657253,0.4322470084911796,-0.11621652233460705
19,cka,pubmedbert,abstract,0.31603048615657253,0.01646390054274005,0.2995665856138325
19,cka,biobert,title,0.3305765005421823,0.6336638172630782,-0.3030873167208959
19,cka,biobert,abstract,0.3305765005421823,0.02900658844495496,0.30156991209722733
19,cka,simcse,title,0.3692803218015242,0.46408790867092986,-0.09480758686940566
19,cka,simcse,abstract,0.3692803218015242,0.026580280505282716,0.3427000412962415
19,rsa,specter,title,0.39823758406776083,0.23616731897791343,0.1620702650898474
19,rsa,specter,abstract,0.39823758406776083,0.05088404533021629,0.34735353873754454
19,rsa,specter2,title,0.5435693578777564,0.29207776271519514,0.25149159516256125
19,rsa,specter2,abstract,0.5435693578777564,0.06252051529979763,0.48104884257795877
19,rsa,scincl,title,0.4534716113018459,0.19266234009615812,0.26080927120568775
19,rsa,scincl,abstract,0.4534716113018459,0.029275181104185144,0.42419643019766073
19,rsa,scibert,title,0.40959214267914673,0.6223985486344956,-0.2128064059553489
19,rsa,scibert,abstract,0.40959214267914673,0.014303351515254747,0.395288791163892
19,rsa,bert,title,0.3847192869537983,0.42263499247108904,-0.03791570551729073
19,rsa,bert,abstract,0.3847192869537983,0.010711657265783159,0.37400762968801515
19,rsa,mpnet,title,0.40607337890535034,0.19248859163522036,0.21358478727012997
19,rsa,mpnet,abstract,0.40607337890535034,0.02148232591620669,0.38459105298914364
19,rsa,minilm,title,0.4021658686639153,0.23853922319185106,0.16362664547206424
19,rsa,minilm,abstract,0.4021658686639153,0.02963330282458365,0.37253256583933164
19,rsa,pubmedbert,title,0.3916953911334043,0.5324137978460323,-0.14071840671262797
19,rsa,pubmedbert,abstract,0.3916953911334043,0.01533343554383948,0.3763619555895648
19,rsa,biobert,title,0.411518181431629,0.6245015672517514,-0.21298338582012244
19,rsa,biobert,abstract,0.411518181431629,0.02084311690460594,0.39067506452702305
19,rsa,simcse,title,0.47811920478096454,0.4744938668922295,0.0036253378887350363
19,rsa,simcse,abstract,0.47811920478096454,0.022543054281858876,0.45557615049910566
19,neighbors25,specter,title,0.6192044444444444,0.5795600000000001,0.03964444444444437
19,neighbors25,specter,abstract,0.6192044444444444,0.28879999999999995,0.3304044444444445
19,neighbors25,specter2,title,0.6514266666666667,0.58764,0.06378666666666666
19,neighbors25,specter2,abstract,0.6514266666666667,0.2756399999999999,0.3757866666666668
19,neighbors25,scincl,title,0.6130133333333334,0.5564,0.056613333333333404
19,neighbors25,scincl,abstract,0.6130133333333334,0.21792,0.3950933333333334
19,neighbors25,scibert,title,0.5973377777777779,0.78632,-0.18898222222222216
19,neighbors25,scibert,abstract,0.5973377777777779,0.13647999999999993,0.4608577777777779
19,neighbors25,bert,title,0.6022222222222222,0.74912,-0.1468977777777778
19,neighbors25,bert,abstract,0.6022222222222222,0.13084000000000007,0.47138222222222215
19,neighbors25,mpnet,title,0.59748,0.47851999999999995,0.11896000000000007
19,neighbors25,mpnet,abstract,0.59748,0.15232,0.44516
19,neighbors25,minilm,title,0.6102266666666666,0.56108,0.04914666666666656
19,neighbors25,minilm,abstract,0.6102266666666666,0.19840000000000002,0.41182666666666656
19,neighbors25,pubmedbert,title,0.6036444444444444,0.78108,-0.17743555555555557
19,neighbors25,pubmedbert,abstract,0.6036444444444444,0.14248000000000005,0.4611644444444444
19,neighbors25,biobert,title,0.6102933333333334,0.8016,-0.19130666666666662
19,neighbors25,biobert,abstract,0.6102933333333334,0.16947999999999996,0.4408133333333334
19,neighbors25,simcse,title,0.67076,0.7814,-0.11063999999999996
19,neighbors25,simcse,abstract,0.67076,0.21567999999999998,0.45508000000000004
20,cka,specter,title,0.43252869282909523,0.28910406885403517,0.14342462397506006
20,cka,specter,abstract,0.43252869282909523,0.05587111655283894,0.3766575762762563
20,cka,specter2,title,0.4012686974186357,0.2611797729017086,0.14008892451692712
20,cka,specter2,abstract,0.4012686974186357,0.06681467552531029,0.3344540218933254
20,cka,scincl,title,0.4038142199943443,0.28844444920745593,0.11536977078688837
20,cka,scincl,abstract,0.4038142199943443,0.037960467604352566,0.36585375238999174
20,cka,scibert,title,0.3931321764939657,0.5985527542799556,-0.20542057778598988
20,cka,scibert,abstract,0.3931321764939657,0.014709449653722895,0.3784227268402428
20,cka,bert,title,0.38388087431555834,0.5671830905770836,-0.18330221626152526
20,cka,bert,abstract,0.38388087431555834,0.01768996743622986,0.3661909068793285
20,cka,mpnet,title,0.39371246789204906,0.24680875285610904,0.14690371503594002
20,cka,mpnet,abstract,0.39371246789204906,0.02563573057325652,0.36807673731879254
20,cka,minilm,title,0.40973588267354394,0.31410089086475146,0.09563499180879248
20,cka,minilm,abstract,0.40973588267354394,0.033143832168662346,0.3765920505048816
20,cka,pubmedbert,title,0.4511094511111699,0.6795546952687133,-0.22844524415754336
20,cka,pubmedbert,abstract,0.4511094511111699,0.02660507083553354,0.42450438027563636
20,cka,biobert,title,0.45128504809727116,0.7465261824472478,-0.2952411343499766
20,cka,biobert,abstract,0.45128504809727116,0.04825415038610148,0.4030308977111697
20,cka,simcse,title,0.43167711113447954,0.543125541794034,-0.11144843065955451
20,cka,simcse,abstract,0.43167711113447954,0.03258356422993425,0.3990935469045453
20,rsa,specter,title,0.4807506196403774,0.3130802985372022,0.1676703211031752
20,rsa,specter,abstract,0.4807506196403774,0.05853595219434138,0.42221466744603603
20,rsa,specter2,title,0.5096557121664742,0.30675429972038815,0.20290141244608606
20,rsa,specter2,abstract,0.5096557121664742,0.07612424551630836,0.43353146665016584
20,rsa,scincl,title,0.48035730525405934,0.27554177175035466,0.20481553350370468
20,rsa,scincl,abstract,0.48035730525405934,0.035278790722195086,0.44507851453186426
20,rsa,scibert,title,0.43486701385700116,0.6841972918384915,-0.24933027798149038
20,rsa,scibert,abstract,0.43486701385700116,0.012873148602679407,0.42199386525432175
20,rsa,bert,title,0.42338434207629394,0.5411479455733706,-0.11776360349707671
20,rsa,bert,abstract,0.42338434207629394,0.013272126997677214,0.4101122150786167
20,rsa,mpnet,title,0.42060112711800407,0.26291360226028027,0.1576875248577238
20,rsa,mpnet,abstract,0.42060112711800407,0.027121433173795118,0.39347969394420895
20,rsa,minilm,title,0.4223525689665489,0.30014230824035804,0.12221026072619084
20,rsa,minilm,abstract,0.4223525689665489,0.030789754830470528,0.39156281413607835
20,rsa,pubmedbert,title,0.4387970545031596,0.6556387717360967,-0.21684171723293716
20,rsa,pubmedbert,abstract,0.4387970545031596,0.01613682452383991,0.4226602299793197
20,rsa,biobert,title,0.4393774699532773,0.7131721856844297,-0.27379471573115244
20,rsa,biobert,abstract,0.4393774699532773,0.02520435027000767,0.41417311968326964
20,rsa,simcse,title,0.4881170510271258,0.4885164511667883,-0.000399400139662498
20,rsa,simcse,abstract,0.4881170510271258,0.023074909893683104,0.4650421411334427
20,neighbors25,specter,title,0.6890444444444445,0.6442399999999999,0.044804444444444536
20,neighbors25,specter,abstract,0.6890444444444445,0.2984399999999999,0.39060444444444453
20,neighbors25,specter2,title,0.6878355555555556,0.62572,0.06211555555555559
20,neighbors25,specter2,abstract,0.6878355555555556,0.33928,0.3485555555555556
20,neighbors25,scincl,title,0.6786888888888888,0.62124,0.05744888888888877
20,neighbors25,scincl,abstract,0.6786888888888888,0.23992000000000002,0.43876888888888876
20,neighbors25,scibert,title,0.6650444444444444,0.8412,-0.1761555555555555
20,neighbors25,scibert,abstract,0.6650444444444444,0.15516000000000008,0.5098844444444444
20,neighbors25,bert,title,0.6661955555555555,0.81004,-0.14384444444444444
20,neighbors25,bert,abstract,0.6661955555555555,0.16079999999999994,0.5053955555555556
20,neighbors25,mpnet,title,0.6466311111111112,0.5256799999999999,0.12095111111111123
20,neighbors25,mpnet,abstract,0.6466311111111112,0.16408,0.48255111111111115
20,neighbors25,minilm,title,0.6536133333333334,0.5944,0.05921333333333334
20,neighbors25,minilm,abstract,0.6536133333333334,0.19499999999999995,0.45861333333333343
20,neighbors25,pubmedbert,title,0.68596,0.85628,-0.17032000000000003
20,neighbors25,pubmedbert,abstract,0.68596,0.16959999999999997,0.51636
20,neighbors25,biobert,title,0.6878888888888889,0.85068,-0.1627911111111111
20,neighbors25,biobert,abstract,0.6878888888888889,0.2120399999999999,0.475848888888889
20,neighbors25,simcse,title,0.7086533333333334,0.79548,-0.08682666666666661
20,neighbors25,simcse,abstract,0.7086533333333334,0.23224,0.47641333333333336
21,cka,specter,title,0.19942172677306733,0.11938350458598035,0.08003822218708698
21,cka,specter,abstract,0.19942172677306733,0.030616533991989048,0.16880519278107828
21,cka,specter2,title,0.22726545985013613,0.11483790982711861,0.11242755002301752
21,cka,specter2,abstract,0.22726545985013613,0.030218271544738218,0.1970471883053979
21,cka,scincl,title,0.22356732141115213,0.11130285494405445,0.11226446646709767
21,cka,scincl,abstract,0.22356732141115213,0.02157860359939545,0.20198871781175667
21,cka,scibert,title,0.22015549925817635,0.3051119161325113,-0.08495641687433497
21,cka,scibert,abstract,0.22015549925817635,0.008848687281937884,0.21130681197623846
21,cka,bert,title,0.21510817844450772,0.21180390287644457,0.0033042755680631475
21,cka,bert,abstract,0.21510817844450772,0.008409481041014577,0.20669869740349314
21,cka,mpnet,title,0.2116452377000628,0.10742252484261594,0.10422271285744686
21,cka,mpnet,abstract,0.2116452377000628,0.016288264826761267,0.19535697287330153
21,cka,minilm,title,0.23154931762242914,0.1499433205395807,0.08160599708284844
21,cka,minilm,abstract,0.23154931762242914,0.019345290977622387,0.21220402664480675
21,cka,pubmedbert,title,0.22684475982059904,0.2989639444464337,-0.07211918462583466
21,cka,pubmedbert,abstract,0.22684475982059904,0.011192115110909007,0.21565264470969003
21,cka,biobert,title,0.21528682942939115,0.49276311125332306,-0.2774762818239319
21,cka,biobert,abstract,0.21528682942939115,0.025349863530364836,0.1899369658990263
21,cka,simcse,title,0.2775445047055283,0.33715767669856267,-0.05961317199303434
21,cka,simcse,abstract,0.2775445047055283,0.018538863319816246,0.2590056413857121
21,rsa,specter,title,0.30982414645839407,0.17132480524581284,0.13849934121258123
21,rsa,specter,abstract,0.30982414645839407,0.0406077437455139,0.26921640271288017
21,rsa,specter2,title,0.37868089196870214,0.16901531136704318,0.20966558060165896
21,rsa,specter2,abstract,0.37868089196870214,0.04660217748699902,0.3320787144817031
21,rsa,scincl,title,0.3717243904883117,0.1531271999718139,0.21859719051649779
21,rsa,scincl,abstract,0.3717243904883117,0.026979250414453815,0.34474514007385787
21,rsa,scibert,title,0.3299203680411325,0.43632214854180973,-0.10640178050067722
21,rsa,scibert,abstract,0.3299203680411325,0.012784987630962141,0.31713538041017036
21,rsa,bert,title,0.30961519609587,0.2630353317230908,0.04657986437277922
21,rsa,bert,abstract,0.30961519609587,0.01240571733701823,0.2972094787588518
21,rsa,mpnet,title,0.3048108929376948,0.13881733266204677,0.16599356027564804
21,rsa,mpnet,abstract,0.3048108929376948,0.02110007667175473,0.2837108162659401
21,rsa,minilm,title,0.32216464549174534,0.17944677532062048,0.14271787017112486
21,rsa,minilm,abstract,0.32216464549174534,0.022948680825375156,0.2992159646663702
21,rsa,pubmedbert,title,0.32104262352660656,0.41717443303393675,-0.09613180950733019
21,rsa,pubmedbert,abstract,0.32104262352660656,0.013188168509971065,0.3078544550166355
21,rsa,biobert,title,0.32856534861857967,0.5248677795986689,-0.19630243098008926
21,rsa,biobert,abstract,0.32856534861857967,0.028582111946452993,0.2999832366721267
21,rsa,simcse,title,0.42047011690400793,0.3262550021591367,0.09421511474487121
21,rsa,simcse,abstract,0.42047011690400793,0.01873007404682614,0.4017400428571818
21,neighbors25,specter,title,0.5982355555555556,0.5444800000000001,0.053755555555555556
21,neighbors25,specter,abstract,0.5982355555555556,0.30452,0.2937155555555556
21,neighbors25,specter2,title,0.6294577777777778,0.52916,0.10029777777777782
21,neighbors25,specter2,abstract,0.6294577777777778,0.2774,0.3520577777777778
21,neighbors25,scincl,title,0.5969599999999999,0.49492,0.10203999999999991
21,neighbors25,scincl,abstract,0.5969599999999999,0.23495999999999995,0.362
21,neighbors25,scibert,title,0.5949955555555556,0.77112,-0.17612444444444442
21,neighbors25,scibert,abstract,0.5949955555555556,0.13568000000000002,0.4593155555555556
21,neighbors25,bert,title,0.6186799999999999,0.7618,-0.14312000000000014
21,neighbors25,bert,abstract,0.6186799999999999,0.16280000000000006,0.45587999999999984
21,neighbors25,mpnet,title,0.5773733333333334,0.45475999999999994,0.12261333333333346
21,neighbors25,mpnet,abstract,0.5773733333333334,0.17303999999999997,0.40433333333333343
21,neighbors25,minilm,title,0.5890888888888889,0.5196000000000001,0.06948888888888882
21,neighbors25,minilm,abstract,0.5890888888888889,0.18896000000000002,0.40012888888888887
21,neighbors25,pubmedbert,title,0.6009866666666667,0.76376,-0.16277333333333333
21,neighbors25,pubmedbert,abstract,0.6009866666666667,0.14651999999999998,0.4544666666666667
21,neighbors25,biobert,title,0.6020933333333334,0.77284,-0.1707466666666666
21,neighbors25,biobert,abstract,0.6020933333333334,0.18891999999999998,0.4131733333333334
21,neighbors25,simcse,title,0.6657288888888888,0.77068,-0.10495111111111122
21,neighbors25,simcse,abstract,0.6657288888888888,0.22251999999999994,0.4432088888888889
22,cka,specter,title,0.371698823195716,0.202104079964749,0.16959474323096702
22,cka,specter,abstract,0.371698823195716,0.045734048279084005,0.325964774916632
22,cka,specter2,title,0.36934263057491606,0.2076711054505379,0.16167152512437816
22,cka,specter2,abstract,0.36934263057491606,0.04066229290313039,0.32868033767178567
22,cka,scincl,title,0.36341430333346253,0.1918099827165871,0.17160432061687542
22,cka,scincl,abstract,0.36341430333346253,0.024609333439188807,0.3388049698942737
22,cka,scibert,title,0.38063660198958904,0.4748166251431035,-0.09418002315351448
22,cka,scibert,abstract,0.38063660198958904,0.01322923348349836,0.3674073685060907
22,cka,bert,title,0.3634348161302895,0.3956544169176551,-0.03221960078736563
22,cka,bert,abstract,0.3634348161302895,0.013614077160324256,0.34982073896996524
22,cka,mpnet,title,0.36886584749762036,0.19836659524973665,0.1704992522478837
22,cka,mpnet,abstract,0.36886584749762036,0.023999890421777526,0.34486595707584283
22,cka,minilm,title,0.39764821721167115,0.2541933558010391,0.14345486141063207
22,cka,minilm,abstract,0.39764821721167115,0.030533459932071905,0.36711475727959925
22,cka,pubmedbert,title,0.3721388192250084,0.49491485333360574,-0.12277603410859733
22,cka,pubmedbert,abstract,0.3721388192250084,0.01837125413097762,0.3537675650940308
22,cka,biobert,title,0.36198919541692415,0.6292870852579047,-0.2672978898409805
22,cka,biobert,abstract,0.36198919541692415,0.02652349916688601,0.33546569625003814
22,cka,simcse,title,0.40639228790530296,0.426339529555089,-0.019947241649786063
22,cka,simcse,abstract,0.40639228790530296,0.02687470910161982,0.37951757880368314
22,rsa,specter,title,0.5023398526803494,0.2518043221825156,0.25053553049783384
22,rsa,specter,abstract,0.5023398526803494,0.06072800298932235,0.44161184969102707
22,rsa,specter2,title,0.5423229623749747,0.2505721680684284,0.29175079430654627
22,rsa,specter2,abstract,0.5423229623749747,0.05508149146771235,0.48724147090726233
22,rsa,scincl,title,0.5780513700457948,0.1969458641778682,0.3811055058679266
22,rsa,scincl,abstract,0.5780513700457948,0.026474009635682028,0.5515773604101127
22,rsa,scibert,title,0.48004488629677966,0.5729763927899381,-0.0929315064931584
22,rsa,scibert,abstract,0.48004488629677966,0.015935354193843954,0.4641095321029357
22,rsa,bert,title,0.45952542301031357,0.4341910648629774,0.025334358147336145
22,rsa,bert,abstract,0.45952542301031357,0.013252547392632374,0.4462728756176812
22,rsa,mpnet,title,0.49384235308677266,0.23885908273514456,0.2549832703516281
22,rsa,mpnet,abstract,0.49384235308677266,0.02760824087102176,0.4662341122157509
22,rsa,minilm,title,0.5086469418182832,0.2859508646573756,0.22269607716090756
22,rsa,minilm,abstract,0.5086469418182832,0.035667966528661776,0.4729789752896214
22,rsa,pubmedbert,title,0.473869359728341,0.562717844014293,-0.08884848428595205
22,rsa,pubmedbert,abstract,0.473869359728341,0.01723904764759676,0.4566303120807442
22,rsa,biobert,title,0.47351581750162336,0.6030147212610351,-0.1294989037594117
22,rsa,biobert,abstract,0.47351581750162336,0.025162343270907384,0.448353474230716
22,rsa,simcse,title,0.5301419517831877,0.44488709249621583,0.08525485928697185
22,rsa,simcse,abstract,0.5301419517831877,0.024938384949843795,0.5052035668333439
22,neighbors25,specter,title,0.6281066666666667,0.5360400000000001,0.09206666666666663
22,neighbors25,specter,abstract,0.6281066666666667,0.25756,0.3705466666666667
22,neighbors25,specter2,title,0.6475244444444443,0.5618399999999999,0.08568444444444445
22,neighbors25,specter2,abstract,0.6475244444444443,0.24715999999999994,0.4003644444444444
22,neighbors25,scincl,title,0.6239688888888889,0.49948000000000004,0.12448888888888887
22,neighbors25,scincl,abstract,0.6239688888888889,0.18803999999999998,0.4359288888888889
22,neighbors25,scibert,title,0.6335022222222222,0.76264,-0.1291377777777778
22,neighbors25,scibert,abstract,0.6335022222222222,0.14288,0.4906222222222222
22,neighbors25,bert,title,0.6483333333333334,0.77432,-0.12598666666666658
22,neighbors25,bert,abstract,0.6483333333333334,0.1557599999999999,0.49257333333333353
22,neighbors25,mpnet,title,0.6011644444444444,0.46076000000000006,0.14040444444444433
22,neighbors25,mpnet,abstract,0.6011644444444444,0.15000000000000002,0.45116444444444437
22,neighbors25,minilm,title,0.6156666666666666,0.5232399999999999,0.09242666666666666
22,neighbors25,minilm,abstract,0.6156666666666666,0.17415999999999998,0.4415066666666666
22,neighbors25,pubmedbert,title,0.6435866666666668,0.78688,-0.14329333333333327
22,neighbors25,pubmedbert,abstract,0.6435866666666668,0.15232,0.49126666666666674
22,neighbors25,biobert,title,0.6455777777777778,0.80508,-0.1595022222222222
22,neighbors25,biobert,abstract,0.6455777777777778,0.18196,0.4636177777777778
22,neighbors25,simcse,title,0.6945866666666666,0.7658,-0.07121333333333346
22,neighbors25,simcse,abstract,0.6945866666666666,0.2194799999999999,0.4751066666666667
23,cka,specter,title,0.34062386437307635,0.19446648961235047,0.14615737476072588
23,cka,specter,abstract,0.34062386437307635,0.03786303797079127,0.3027608264022851
23,cka,specter2,title,0.3475466744250689,0.19706635253633042,0.1504803218887385
23,cka,specter2,abstract,0.3475466744250689,0.04201913587083028,0.30552753855423864
23,cka,scincl,title,0.33793755253450775,0.18556692045214263,0.15237063208236512
23,cka,scincl,abstract,0.33793755253450775,0.022628704031047886,0.31530884850345986
23,cka,scibert,title,0.3451665930227723,0.4914971854914687,-0.1463305924686964
23,cka,scibert,abstract,0.3451665930227723,0.011760966530482753,0.33340562649228955
23,cka,bert,title,0.3162870189862114,0.38346914424497913,-0.06718212525876771
23,cka,bert,abstract,0.3162870189862114,0.009807199965679358,0.30647981902053206
23,cka,mpnet,title,0.335338245729766,0.1744176142420556,0.1609206314877104
23,cka,mpnet,abstract,0.335338245729766,0.016458187304713934,0.31888005842505207
23,cka,minilm,title,0.3496567547855966,0.23354616660694139,0.11611058817865522
23,cka,minilm,abstract,0.3496567547855966,0.02595302030240121,0.3237037344831954
23,cka,pubmedbert,title,0.35888174008513307,0.4786265193198702,-0.11974477923473714
23,cka,pubmedbert,abstract,0.35888174008513307,0.014336511413544528,0.34454522867158854
23,cka,biobert,title,0.3411404421447692,0.6456898158636972,-0.30454937371892804
23,cka,biobert,abstract,0.3411404421447692,0.022112414650594436,0.31902802749417475
23,cka,simcse,title,0.3899854750628238,0.4758293832762567,-0.08584390821343285
23,cka,simcse,abstract,0.3899854750628238,0.023120459629153434,0.3668650154336704
23,rsa,specter,title,0.43560765202868634,0.22497692602574537,0.21063072600294097
23,rsa,specter,abstract,0.43560765202868634,0.04112542182080969,0.39448223020787665
23,rsa,specter2,title,0.5464669921906675,0.23522730315463303,0.3112396890360345
23,rsa,specter2,abstract,0.5464669921906675,0.05427398782568493,0.4921930043649826
23,rsa,scincl,title,0.46859020081080893,0.18994137931733102,0.2786488214934779
23,rsa,scincl,abstract,0.46859020081080893,0.022621251479558624,0.4459689493312503
23,rsa,scibert,title,0.43296086223273517,0.6021364927808452,-0.16917563054811008
23,rsa,scibert,abstract,0.43296086223273517,0.012319222562298004,0.42064163967043716
23,rsa,bert,title,0.38857489129277023,0.4193056470879222,-0.030730755795151943
23,rsa,bert,abstract,0.38857489129277023,0.0096239446230596,0.37895094666971063
23,rsa,mpnet,title,0.4134417809191042,0.1899335747288179,0.22350820619028633
23,rsa,mpnet,abstract,0.4134417809191042,0.01750420024675603,0.3959375806723482
23,rsa,minilm,title,0.41334685628403495,0.2390049772070888,0.17434187907694615
23,rsa,minilm,abstract,0.41334685628403495,0.024172423914435304,0.38917443236959964
23,rsa,pubmedbert,title,0.41629694764624214,0.5186582140489928,-0.10236126640275067
23,rsa,pubmedbert,abstract,0.41629694764624214,0.01320753751801751,0.40308941012822463
23,rsa,biobert,title,0.41837099301509395,0.5908546402188688,-0.17248364720377485
23,rsa,biobert,abstract,0.41837099301509395,0.017331519173829912,0.40103947384126404
23,rsa,simcse,title,0.48327538870152176,0.4615812309346913,0.02169415776683048
23,rsa,simcse,abstract,0.48327538870152176,0.019501542450744203,0.46377384625077755
23,neighbors25,specter,title,0.6201066666666666,0.5446,0.07550666666666661
23,neighbors25,specter,abstract,0.6201066666666666,0.26212,0.35798666666666656
23,neighbors25,specter2,title,0.6549066666666666,0.56124,0.09366666666666668
23,neighbors25,specter2,abstract,0.6549066666666666,0.27168000000000003,0.3832266666666666
23,neighbors25,scincl,title,0.6169999999999999,0.5124,0.10459999999999992
23,neighbors25,scincl,abstract,0.6169999999999999,0.19947999999999988,0.41752
23,neighbors25,scibert,title,0.6097333333333333,0.78132,-0.17158666666666667
23,neighbors25,scibert,abstract,0.6097333333333333,0.12927999999999995,0.4804533333333334
23,neighbors25,bert,title,0.6133200000000001,0.7434799999999999,-0.13015999999999983
23,neighbors25,bert,abstract,0.6133200000000001,0.13032,0.4830000000000001
23,neighbors25,mpnet,title,0.5913111111111111,0.47048,0.12083111111111111
23,neighbors25,mpnet,abstract,0.5913111111111111,0.14544,0.4458711111111111
23,neighbors25,minilm,title,0.6093111111111111,0.54416,0.06515111111111116
23,neighbors25,minilm,abstract,0.6093111111111111,0.18328,0.42603111111111114
23,neighbors25,pubmedbert,title,0.6101866666666667,0.7554799999999999,-0.14529333333333327
23,neighbors25,pubmedbert,abstract,0.6101866666666667,0.12871999999999995,0.4814666666666667
23,neighbors25,biobert,title,0.6077644444444444,0.7828,-0.1750355555555556
23,neighbors25,biobert,abstract,0.6077644444444444,0.16135999999999995,0.4464044444444445
23,neighbors25,simcse,title,0.6742,0.76684,-0.09263999999999994
23,neighbors25,simcse,abstract,0.6742,0.20775999999999994,0.4664400000000001
24,cka,specter,title,0.37329823907257986,0.18024649130815362,0.19305174776442624
24,cka,specter,abstract,0.37329823907257986,0.03788784426917724,0.3354103948034026
24,cka,specter2,title,0.40570429381680084,0.17122050110337828,0.23448379271342257
24,cka,specter2,abstract,0.40570429381680084,0.036483685305256475,0.36922060851154437
24,cka,scincl,title,0.3708870127155825,0.16278819424627666,0.20809881846930584
24,cka,scincl,abstract,0.3708870127155825,0.022990332024357185,0.3478966806912253
24,cka,scibert,title,0.36110152361984116,0.534517393461498,-0.1734158698416568
24,cka,scibert,abstract,0.36110152361984116,0.011462326133235945,0.3496391974866052
24,cka,bert,title,0.3878891577518394,0.36886785416961754,0.01902130358222187
24,cka,bert,abstract,0.3878891577518394,0.009826565237212592,0.3780625925146268
24,cka,mpnet,title,0.3674892381403672,0.16726248911783503,0.20022674902253218
24,cka,mpnet,abstract,0.3674892381403672,0.015468209943859001,0.3520210281965082
24,cka,minilm,title,0.37613680293772545,0.2175735543546614,0.15856324858306403
24,cka,minilm,abstract,0.37613680293772545,0.02810580073395319,0.34803100220377226
24,cka,pubmedbert,title,0.39740503385283155,0.520367994207126,-0.12296296035429444
24,cka,pubmedbert,abstract,0.39740503385283155,0.010824096062025945,0.3865809377908056
24,cka,biobert,title,0.40001717059508013,0.6550635002474594,-0.2550463296523793
24,cka,biobert,abstract,0.40001717059508013,0.013044159029447222,0.3869730115656329
24,cka,simcse,title,0.4546454856725337,0.4943441132719234,-0.03969862759938969
24,cka,simcse,abstract,0.4546454856725337,0.032875144715230675,0.42177034095730304
24,rsa,specter,title,0.46354326858335804,0.23546780111317267,0.22807546747018537
24,rsa,specter,abstract,0.46354326858335804,0.04718646989797348,0.41635679868538455
24,rsa,specter2,title,0.5809648696799123,0.2424818241077088,0.33848304557220354
24,rsa,specter2,abstract,0.5809648696799123,0.051300210066751006,0.5296646596131613
24,rsa,scincl,title,0.48197191012892926,0.19927601890219226,0.282695891226737
24,rsa,scincl,abstract,0.48197191012892926,0.027508640500275905,0.45446326962865335
24,rsa,scibert,title,0.44357798677361265,0.6634243159240611,-0.2198463291504485
24,rsa,scibert,abstract,0.44357798677361265,0.012150246715877389,0.43142774005773527
24,rsa,bert,title,0.4353577767517279,0.3687391947908497,0.06661858196087816
24,rsa,bert,abstract,0.4353577767517279,0.008670432621677548,0.42668734413005033
24,rsa,mpnet,title,0.4532942836909027,0.19219019721797304,0.26110408647292965
24,rsa,mpnet,abstract,0.4532942836909027,0.018110974249774592,0.4351833094411281
24,rsa,minilm,title,0.4369631178074076,0.24103866046909506,0.19592445733831254
24,rsa,minilm,abstract,0.4369631178074076,0.031491327750730824,0.4054717900566768
24,rsa,pubmedbert,title,0.466508579589772,0.5895387028493461,-0.12303012325957408
24,rsa,pubmedbert,abstract,0.466508579589772,0.011401680919502333,0.45510689867026966
24,rsa,biobert,title,0.44421689066054193,0.5943020650417554,-0.1500851743812135
24,rsa,biobert,abstract,0.44421689066054193,0.015181498899452306,0.4290353917610896
24,rsa,simcse,title,0.5522764152035251,0.4898689758831709,0.0624074393203542
24,rsa,simcse,abstract,0.5522764152035251,0.026366327045916127,0.525910088157609
24,neighbors25,specter,title,0.6413777777777778,0.5232399999999999,0.1181377777777779
24,neighbors25,specter,abstract,0.6413777777777778,0.24951999999999996,0.39185777777777786
24,neighbors25,specter2,title,0.6823066666666667,0.51864,0.16366666666666674
24,neighbors25,specter2,abstract,0.6823066666666667,0.24751999999999996,0.43478666666666677
24,neighbors25,scincl,title,0.6403511111111111,0.46264000000000005,0.17771111111111104
24,neighbors25,scincl,abstract,0.6403511111111111,0.18159999999999998,0.4587511111111111
24,neighbors25,scibert,title,0.6452933333333334,0.79556,-0.15026666666666666
24,neighbors25,scibert,abstract,0.6452933333333334,0.128,0.5172933333333334
24,neighbors25,bert,title,0.7017955555555555,0.79556,-0.09376444444444454
24,neighbors25,bert,abstract,0.7017955555555555,0.16276000000000002,0.5390355555555555
24,neighbors25,mpnet,title,0.6367733333333334,0.45843999999999996,0.17833333333333345
24,neighbors25,mpnet,abstract,0.6367733333333334,0.14024000000000003,0.4965333333333334
24,neighbors25,minilm,title,0.6527911111111111,0.5236000000000001,0.12919111111111103
24,neighbors25,minilm,abstract,0.6527911111111111,0.19079999999999997,0.46199111111111113
24,neighbors25,pubmedbert,title,0.6633777777777778,0.75988,-0.09650222222222216
24,neighbors25,pubmedbert,abstract,0.6633777777777778,0.12128000000000005,0.5420977777777778
24,neighbors25,biobert,title,0.63984,0.76208,-0.12224000000000002
24,neighbors25,biobert,abstract,0.63984,0.14203999999999994,0.4978
24,neighbors25,simcse,title,0.7633466666666666,0.83116,-0.06781333333333339
24,neighbors25,simcse,abstract,0.7633466666666666,0.28659999999999997,0.47674666666666665
25,cka,specter,title,0.3640398760319068,0.21525396642662742,0.14878590960527938
25,cka,specter,abstract,0.3640398760319068,0.05643538835850359,0.3076044876734032
25,cka,specter2,title,0.39047856150709503,0.22178335803937954,0.1686952034677155
25,cka,specter2,abstract,0.39047856150709503,0.048603593545408774,0.34187496796168626
25,cka,scincl,title,0.36675461473258464,0.18998937218835066,0.17676524254423398
25,cka,scincl,abstract,0.36675461473258464,0.03222862414641092,0.3345259905861737
25,cka,scibert,title,0.3582436126690306,0.5315442012933066,-0.173300588624276
25,cka,scibert,abstract,0.3582436126690306,0.01830696072003113,0.33993665194899947
25,cka,bert,title,0.40327846568711134,0.473127990061332,-0.06984952437422065
25,cka,bert,abstract,0.40327846568711134,0.017992852689975858,0.3852856129971355
25,cka,mpnet,title,0.3683312457221264,0.19814238398677597,0.17018886173535042
25,cka,mpnet,abstract,0.3683312457221264,0.023342390267500956,0.34498885545462543
25,cka,minilm,title,0.3904585324584371,0.24782370004558518,0.1426348324128519
25,cka,minilm,abstract,0.3904585324584371,0.03476616427933088,0.3556923681791062
25,cka,pubmedbert,title,0.3720665917664926,0.5135624530276417,-0.1414958612611491
25,cka,pubmedbert,abstract,0.3720665917664926,0.02167430849345353,0.35039228327303906
25,cka,biobert,title,0.3543140169385552,0.6016088551971808,-0.24729483825862558
25,cka,biobert,abstract,0.3543140169385552,0.03254080187743136,0.32177321506112383
25,cka,simcse,title,0.45679005185012944,0.537556102968408,-0.0807660511182785
25,cka,simcse,abstract,0.45679005185012944,0.03565127876087126,0.4211387730892582
25,rsa,specter,title,0.41870848578243813,0.23674096917235243,0.1819675166100857
25,rsa,specter,abstract,0.41870848578243813,0.06339057533797654,0.3553179104444616
25,rsa,specter2,title,0.531429766191241,0.26682373081156296,0.2646060353796781
25,rsa,specter2,abstract,0.531429766191241,0.0668310040220752,0.46459876216916585
25,rsa,scincl,title,0.4602173210803766,0.17934720799336956,0.28087011308700705
25,rsa,scincl,abstract,0.4602173210803766,0.032212587746529575,0.42800473333384703
25,rsa,scibert,title,0.4125645853894126,0.5607726414834286,-0.14820805609401605
25,rsa,scibert,abstract,0.4125645853894126,0.017345904691368985,0.3952186806980436
25,rsa,bert,title,0.40290395528309353,0.41239382375148337,-0.00948986846838984
25,rsa,bert,abstract,0.40290395528309353,0.022604593783009164,0.38029936150008437
25,rsa,mpnet,title,0.4277196274289659,0.21207061588567555,0.21564901154329036
25,rsa,mpnet,abstract,0.4277196274289659,0.02422973339457124,0.40348989403439467
25,rsa,minilm,title,0.43158710176480103,0.26552709021231824,0.1660600115524828
25,rsa,minilm,abstract,0.43158710176480103,0.03349679194624511,0.3980903098185559
25,rsa,pubmedbert,title,0.4150413764856048,0.5093843265299607,-0.09434295004435589
25,rsa,pubmedbert,abstract,0.4150413764856048,0.020158216062891254,0.39488316042271354
25,rsa,biobert,title,0.4230200998248832,0.5458945777092414,-0.12287447788435824
25,rsa,biobert,abstract,0.4230200998248832,0.03195042428738293,0.39106967553750027
25,rsa,simcse,title,0.48546232759648944,0.4811899873754739,0.004272340221015525
25,rsa,simcse,abstract,0.48546232759648944,0.027601965676502083,0.45786036191998736
25,neighbors25,specter,title,0.6560222222222222,0.56856,0.08746222222222222
25,neighbors25,specter,abstract,0.6560222222222222,0.30147999999999997,0.3545422222222222
25,neighbors25,specter2,title,0.6910844444444444,0.58436,0.1067244444444444
25,neighbors25,specter2,abstract,0.6910844444444444,0.2782800000000001,0.4128044444444443
25,neighbors25,scincl,title,0.6540088888888889,0.52044,0.13356888888888885
25,neighbors25,scincl,abstract,0.6540088888888889,0.23963999999999996,0.4143688888888889
25,neighbors25,scibert,title,0.6529066666666667,0.8074,-0.15449333333333326
25,neighbors25,scibert,abstract,0.6529066666666667,0.1604000000000001,0.49250666666666665
25,neighbors25,bert,title,0.6929244444444445,0.82148,-0.12855555555555553
25,neighbors25,bert,abstract,0.6929244444444445,0.19267999999999996,0.5002444444444445
25,neighbors25,mpnet,title,0.6427288888888889,0.47307999999999995,0.16964888888888896
25,neighbors25,mpnet,abstract,0.6427288888888889,0.16579999999999995,0.47692888888888896
25,neighbors25,minilm,title,0.6573422222222222,0.53264,0.12470222222222216
25,neighbors25,minilm,abstract,0.6573422222222222,0.20796000000000003,0.4493822222222221
25,neighbors25,pubmedbert,title,0.6572311111111113,0.78464,-0.12740888888888868
25,neighbors25,pubmedbert,abstract,0.6572311111111113,0.1654000000000001,0.4918311111111112
25,neighbors25,biobert,title,0.6524266666666666,0.7928,-0.14037333333333335
25,neighbors25,biobert,abstract,0.6524266666666666,0.19331999999999994,0.45910666666666666
25,neighbors25,simcse,title,0.7454133333333333,0.81972,-0.07430666666666674
25,neighbors25,simcse,abstract,0.7454133333333333,0.26132,0.48409333333333326
26,cka,specter,title,0.33113026207208207,0.2152502021701863,0.11588005990189576
26,cka,specter,abstract,0.33113026207208207,0.04487811729885616,0.2862521447732259
26,cka,specter2,title,0.3224491816745055,0.18260149559223193,0.13984768608227355
26,cka,specter2,abstract,0.3224491816745055,0.03583101113462528,0.2866181705398802
26,cka,scincl,title,0.32360605726757774,0.20642366209655316,0.11718239517102458
26,cka,scincl,abstract,0.32360605726757774,0.023626373916700416,0.2999796833508773
26,cka,scibert,title,0.2955577586910267,0.4650969096736115,-0.16953915098258482
26,cka,scibert,abstract,0.2955577586910267,0.014444810222465354,0.28111294846856133
26,cka,bert,title,0.3130493840471956,0.31345741847078523,-0.0004080344235896094
26,cka,bert,abstract,0.3130493840471956,0.008098304524274402,0.3049510795229212
26,cka,mpnet,title,0.35112543880006275,0.20691235433308885,0.1442130844669739
26,cka,mpnet,abstract,0.35112543880006275,0.02299838286651057,0.3281270559335522
26,cka,minilm,title,0.3559564881088681,0.2453870669645103,0.1105694211443578
26,cka,minilm,abstract,0.3559564881088681,0.028200016451670806,0.3277564716571973
26,cka,pubmedbert,title,0.33889028170165325,0.5656449916669847,-0.22675470996533142
26,cka,pubmedbert,abstract,0.33889028170165325,0.018756415466643528,0.3201338662350097
26,cka,biobert,title,0.37791405454234817,0.675163538190626,-0.29724948364827786
26,cka,biobert,abstract,0.37791405454234817,0.025552840633661256,0.3523612139086869
26,cka,simcse,title,0.34413091776005167,0.4592595387386331,-0.11512862097858145
26,cka,simcse,abstract,0.34413091776005167,0.026730500708954996,0.3174004170510967
26,rsa,specter,title,0.4290333498179179,0.21207877839069278,0.21695457142722513
26,rsa,specter,abstract,0.4290333498179179,0.04812514439431803,0.3809082054235999
26,rsa,specter2,title,0.4481934899684838,0.20578980866247387,0.24240368130600992
26,rsa,specter2,abstract,0.4481934899684838,0.04724953830412981,0.400943951664354
26,rsa,scincl,title,0.41858570823096497,0.19507688611219265,0.22350882211877232
26,rsa,scincl,abstract,0.41858570823096497,0.02231700229229061,0.39626870593867436
26,rsa,scibert,title,0.40961804144637814,0.5701258975353165,-0.16050785608893836
26,rsa,scibert,abstract,0.40961804144637814,0.015610589007019504,0.39400745243935864
26,rsa,bert,title,0.3434272504375676,0.3852398209156004,-0.04181257047803277
26,rsa,bert,abstract,0.3434272504375676,0.008644335477608234,0.3347829149599594
26,rsa,mpnet,title,0.44239850378866374,0.2488958165937365,0.19350268719492725
26,rsa,mpnet,abstract,0.44239850378866374,0.03146919160116923,0.4109293121874945
26,rsa,minilm,title,0.43937178939876265,0.27878564723646004,0.1605861421623026
26,rsa,minilm,abstract,0.43937178939876265,0.034542878129360854,0.4048289112694018
26,rsa,pubmedbert,title,0.40350226820392243,0.6475582231008958,-0.2440559548969734
26,rsa,pubmedbert,abstract,0.40350226820392243,0.019195049881488457,0.384307218322434
26,rsa,biobert,title,0.4315485480597053,0.6325307477193272,-0.20098219965962189
26,rsa,biobert,abstract,0.4315485480597053,0.025478898408697104,0.40606964965100817
26,rsa,simcse,title,0.4229748864876048,0.45027560036168723,-0.02730071387408245
26,rsa,simcse,abstract,0.4229748864876048,0.025935605758833802,0.397039280728771
26,neighbors25,specter,title,0.6758355555555556,0.63516,0.04067555555555569
26,neighbors25,specter,abstract,0.6758355555555556,0.32355999999999996,0.3522755555555557
26,neighbors25,specter2,title,0.6816577777777779,0.62684,0.054817777777777965
26,neighbors25,specter2,abstract,0.6816577777777779,0.30072,0.38093777777777793
26,neighbors25,scincl,title,0.6543244444444444,0.5735600000000001,0.0807644444444443
26,neighbors25,scincl,abstract,0.6543244444444444,0.23007999999999995,0.4242444444444444
26,neighbors25,scibert,title,0.6354444444444444,0.79864,-0.16319555555555565
26,neighbors25,scibert,abstract,0.6354444444444444,0.16635999999999995,0.4690844444444444
26,neighbors25,bert,title,0.6618666666666668,0.81104,-0.14917333333333316
26,neighbors25,bert,abstract,0.6618666666666668,0.18123999999999996,0.48062666666666687
26,neighbors25,mpnet,title,0.6244977777777777,0.51816,0.10633777777777775
26,neighbors25,mpnet,abstract,0.6244977777777777,0.16900000000000004,0.45549777777777767
26,neighbors25,minilm,title,0.6293022222222222,0.5608,0.06850222222222224
26,neighbors25,minilm,abstract,0.6293022222222222,0.18400000000000005,0.44530222222222215
26,neighbors25,pubmedbert,title,0.6713244444444445,0.8326,-0.1612755555555555
26,neighbors25,pubmedbert,abstract,0.6713244444444445,0.19720000000000004,0.47412444444444446
26,neighbors25,biobert,title,0.68036,0.84384,-0.16348000000000007
26,neighbors25,biobert,abstract,0.68036,0.23659999999999992,0.44376000000000004
26,neighbors25,simcse,title,0.7144533333333334,0.79916,-0.0847066666666666
26,neighbors25,simcse,abstract,0.7144533333333334,0.24231999999999998,0.4721333333333334
27,cka,specter,title,0.42867208904939,0.1720490103086152,0.25662307874077483
27,cka,specter,abstract,0.42867208904939,0.032558932867300494,0.39611315618208953
27,cka,specter2,title,0.45142532933998186,0.17590017697822724,0.2755251523617546
27,cka,specter2,abstract,0.45142532933998186,0.04075483336694408,0.4106704959730378
27,cka,scincl,title,0.4312151534799818,0.1675488670845443,0.2636662863954375
27,cka,scincl,abstract,0.4312151534799818,0.020392047739718477,0.4108231057402633
27,cka,scibert,title,0.430795927278246,0.6210539413785747,-0.19025801410032872
27,cka,scibert,abstract,0.430795927278246,0.011120365004281596,0.4196755622739644
27,cka,bert,title,0.43668187262186087,0.41656395880329655,0.020117913818564315
27,cka,bert,abstract,0.43668187262186087,0.009870994025352187,0.4268108785965087
27,cka,mpnet,title,0.42972202792074987,0.17149339312901002,0.25822863479173985
27,cka,mpnet,abstract,0.42972202792074987,0.017688356012823925,0.41203367190792595
27,cka,minilm,title,0.44272973735451776,0.23045993333326886,0.2122698040212489
27,cka,minilm,abstract,0.44272973735451776,0.029706365928088396,0.41302337142642936
27,cka,pubmedbert,title,0.46982661543776466,0.5942985151772983,-0.1244718997395336
27,cka,pubmedbert,abstract,0.46982661543776466,0.011044746036853903,0.45878186940091076
27,cka,biobert,title,0.42863723135603,0.6909104011911325,-0.26227316983510246
27,cka,biobert,abstract,0.42863723135603,0.018800204140828947,0.40983702721520104
27,cka,simcse,title,0.49398601859439734,0.5356641521344003,-0.04167813354000299
27,cka,simcse,abstract,0.49398601859439734,0.02989322874887468,0.46409278984552266
27,rsa,specter,title,0.5226044617956777,0.2295256629953114,0.29307879880036625
27,rsa,specter,abstract,0.5226044617956777,0.04219130991197917,0.4804131518836985
27,rsa,specter2,title,0.6073787872681139,0.2216545614786335,0.3857242257894804
27,rsa,specter2,abstract,0.6073787872681139,0.056595914641990985,0.5507828726261229
27,rsa,scincl,title,0.5555336968325011,0.20605079092412681,0.3494829059083743
27,rsa,scincl,abstract,0.5555336968325011,0.027131519151333716,0.5284021776811674
27,rsa,scibert,title,0.49194804035937106,0.6837243348188093,-0.19177629445943828
27,rsa,scibert,abstract,0.49194804035937106,0.011309689460774153,0.4806383508985969
27,rsa,bert,title,0.4658848780602123,0.382156736474893,0.08372814158531927
27,rsa,bert,abstract,0.4658848780602123,0.007527931337315774,0.4583569467228965
27,rsa,mpnet,title,0.5057717342830954,0.20476740826691942,0.301004326016176
27,rsa,mpnet,abstract,0.5057717342830954,0.021551857619867887,0.4842198766632275
27,rsa,minilm,title,0.49646666649150006,0.2686077119425193,0.22785895454898075
27,rsa,minilm,abstract,0.49646666649150006,0.033007316778018714,0.46345934971348135
27,rsa,pubmedbert,title,0.5153984873983304,0.6179600919163987,-0.10256160451806828
27,rsa,pubmedbert,abstract,0.5153984873983304,0.010457948331643374,0.504940539066687
27,rsa,biobert,title,0.5099840665344604,0.6441761907234389,-0.13419212418897852
27,rsa,biobert,abstract,0.5099840665344604,0.014720404122797404,0.495263662411663
27,rsa,simcse,title,0.5641517914768799,0.4978081862305207,0.06634360524635918
27,rsa,simcse,abstract,0.5641517914768799,0.019271949285186163,0.5448798421916937
27,neighbors25,specter,title,0.6496044444444444,0.47143999999999997,0.17816444444444446
27,neighbors25,specter,abstract,0.6496044444444444,0.2045999999999999,0.44500444444444454
27,neighbors25,specter2,title,0.7050222222222222,0.50476,0.20026222222222223
27,neighbors25,specter2,abstract,0.7050222222222222,0.27316000000000007,0.43186222222222215
27,neighbors25,scincl,title,0.6522133333333333,0.44704,0.20517333333333332
27,neighbors25,scincl,abstract,0.6522133333333333,0.15264,0.4995733333333333
27,neighbors25,scibert,title,0.6672977777777778,0.80504,-0.1377422222222222
27,neighbors25,scibert,abstract,0.6672977777777778,0.12284000000000006,0.5444577777777777
27,neighbors25,bert,title,0.7127422222222223,0.79472,-0.0819777777777777
27,neighbors25,bert,abstract,0.7127422222222223,0.15304000000000006,0.5597022222222222
27,neighbors25,mpnet,title,0.6395377777777778,0.42964,0.20989777777777774
27,neighbors25,mpnet,abstract,0.6395377777777778,0.13032,0.5092177777777778
27,neighbors25,minilm,title,0.6563377777777777,0.49936,0.15697777777777766
27,neighbors25,minilm,abstract,0.6563377777777777,0.18275999999999992,0.47357777777777776
27,neighbors25,pubmedbert,title,0.6826088888888889,0.78832,-0.10571111111111109
27,neighbors25,pubmedbert,abstract,0.6826088888888889,0.11447999999999992,0.568128888888889
27,neighbors25,biobert,title,0.6602933333333333,0.7864,-0.1261066666666667
27,neighbors25,biobert,abstract,0.6602933333333333,0.13756000000000002,0.5227333333333333
27,neighbors25,simcse,title,0.7606711111111112,0.81408,-0.05340888888888884
27,neighbors25,simcse,abstract,0.7606711111111112,0.24963999999999997,0.5110311111111112
28,cka,specter,title,0.34445537148661715,0.1947990118075057,0.14965635967911145
28,cka,specter,abstract,0.34445537148661715,0.034967935921498716,0.30948743556511843
28,cka,specter2,title,0.34022519855795336,0.1792116937623256,0.16101350479562776
28,cka,specter2,abstract,0.34022519855795336,0.029410698313194428,0.31081450024475893
28,cka,scincl,title,0.3228980571376611,0.17054846303095317,0.15234959410670795
28,cka,scincl,abstract,0.3228980571376611,0.018213017725365988,0.30468503941229513
28,cka,scibert,title,0.3394667470545287,0.5250463246017787,-0.18557957754725002
28,cka,scibert,abstract,0.3394667470545287,0.00967476402852152,0.32979198302600715
28,cka,bert,title,0.3372336575858416,0.3261709222398136,0.01106273534602803
28,cka,bert,abstract,0.3372336575858416,0.007041794142695013,0.3301918634431466
28,cka,mpnet,title,0.31729129913938603,0.16908741593974375,0.14820388319964228
28,cka,mpnet,abstract,0.31729129913938603,0.012804581937106985,0.30448671720227904
28,cka,minilm,title,0.33272419342730625,0.2331474368265387,0.09957675660076754
28,cka,minilm,abstract,0.33272419342730625,0.022168162967156624,0.3105560304601496
28,cka,pubmedbert,title,0.3542175012304828,0.43554590555985906,-0.08132840432937627
28,cka,pubmedbert,abstract,0.3542175012304828,0.00831541891035259,0.3459020823201302
28,cka,biobert,title,0.2983885273859164,0.5852498590553348,-0.28686133166941835
28,cka,biobert,abstract,0.2983885273859164,0.012358159207111252,0.28603036817880517
28,cka,simcse,title,0.409691755341224,0.4822891444059012,-0.07259738906467722
28,cka,simcse,abstract,0.409691755341224,0.024652404672295902,0.3850393506689281
28,rsa,specter,title,0.48597254410876417,0.2322348801585884,0.2537376639501758
28,rsa,specter,abstract,0.48597254410876417,0.042054936235636386,0.4439176078731278
28,rsa,specter2,title,0.5094570723666421,0.24298068796645345,0.2664763844001886
28,rsa,specter2,abstract,0.5094570723666421,0.046566832902917854,0.4628902394637242
28,rsa,scincl,title,0.4683808660717864,0.19545243536512846,0.27292843070665795
28,rsa,scincl,abstract,0.4683808660717864,0.023741686799349737,0.4446391792724367
28,rsa,scibert,title,0.44003923775776427,0.655678763593194,-0.21563952583542972
28,rsa,scibert,abstract,0.44003923775776427,0.01061339924203053,0.42942583851573374
28,rsa,bert,title,0.39952715549298456,0.3888180658995447,0.010709089593439858
28,rsa,bert,abstract,0.39952715549298456,0.007317232612790603,0.39220992288019396
28,rsa,mpnet,title,0.40663275491341516,0.1871149603677934,0.21951779454562176
28,rsa,mpnet,abstract,0.40663275491341516,0.015183646308461585,0.3914491086049536
28,rsa,minilm,title,0.397887273724219,0.24342938777207268,0.15445788595214632
28,rsa,minilm,abstract,0.397887273724219,0.02257065610292741,0.3753166176212916
28,rsa,pubmedbert,title,0.4265808129039512,0.5454033568650086,-0.1188225439610574
28,rsa,pubmedbert,abstract,0.4265808129039512,0.009616349149541903,0.4169644637544093
28,rsa,biobert,title,0.405018182861045,0.5852443857996112,-0.18022620293856623
28,rsa,biobert,abstract,0.405018182861045,0.012834207944085962,0.39218397491695905
28,rsa,simcse,title,0.5159006620682515,0.4761822394134527,0.039718422654798746
28,rsa,simcse,abstract,0.5159006620682515,0.018163516689408077,0.4977371453788434
28,neighbors25,specter,title,0.6028266666666666,0.53736,0.06546666666666667
28,neighbors25,specter,abstract,0.6028266666666666,0.23516000000000004,0.3676666666666666
28,neighbors25,specter2,title,0.6136222222222222,0.52624,0.08738222222222214
28,neighbors25,specter2,abstract,0.6136222222222222,0.21648,0.3971422222222222
28,neighbors25,scincl,title,0.5873199999999998,0.474,0.11331999999999987
28,neighbors25,scincl,abstract,0.5873199999999998,0.16108,0.42623999999999984
28,neighbors25,scibert,title,0.6018977777777779,0.77956,-0.17766222222222217
28,neighbors25,scibert,abstract,0.6018977777777779,0.11580000000000001,0.48609777777777785
28,neighbors25,bert,title,0.6519688888888889,0.78148,-0.12951111111111102
28,neighbors25,bert,abstract,0.6519688888888889,0.13763999999999998,0.514328888888889
28,neighbors25,mpnet,title,0.5773022222222222,0.46819999999999995,0.10910222222222221
28,neighbors25,mpnet,abstract,0.5773022222222222,0.12244,0.45486222222222217
28,neighbors25,minilm,title,0.5958933333333333,0.5342,0.06169333333333327
28,neighbors25,minilm,abstract,0.5958933333333333,0.16635999999999995,0.4295333333333333
28,neighbors25,pubmedbert,title,0.6123288888888889,0.73704,-0.1247111111111111
28,neighbors25,pubmedbert,abstract,0.6123288888888889,0.10768,0.5046488888888889
28,neighbors25,biobert,title,0.5883777777777779,0.76712,-0.17874222222222214
28,neighbors25,biobert,abstract,0.5883777777777779,0.12528000000000006,0.46309777777777783
28,neighbors25,simcse,title,0.6968088888888889,0.78764,-0.09083111111111108
28,neighbors25,simcse,abstract,0.6968088888888889,0.2192400000000001,0.4775688888888888
29,cka,specter,title,0.3057150776336187,0.13287828239774901,0.1728367952358697
29,cka,specter,abstract,0.3057150776336187,0.030749215615937908,0.2749658620176808
29,cka,specter2,title,0.3401138174756295,0.1436549540729518,0.1964588634026777
29,cka,specter2,abstract,0.3401138174756295,0.03792073695920428,0.30219308051642524
29,cka,scincl,title,0.3136945661091335,0.14175519928699332,0.17193936682214017
29,cka,scincl,abstract,0.3136945661091335,0.020774881862758887,0.2929196842463746
29,cka,scibert,title,0.33333685066537355,0.5147953439722491,-0.18145849330687558
29,cka,scibert,abstract,0.33333685066537355,0.010232728504889321,0.32310412216048423
29,cka,bert,title,0.33266043048095295,0.32693165898747645,0.005728771493476503
29,cka,bert,abstract,0.33266043048095295,0.00800399892560355,0.3246564315553494
29,cka,mpnet,title,0.3070922040361619,0.11729415281068123,0.18979805122548066
29,cka,mpnet,abstract,0.3070922040361619,0.019511660142244813,0.2875805438939171
29,cka,minilm,title,0.32186061384216763,0.17235032463143984,0.1495102892107278
29,cka,minilm,abstract,0.32186061384216763,0.02633696795185747,0.29552364589031016
29,cka,pubmedbert,title,0.3760664266726482,0.4915104594612978,-0.11544403278864956
29,cka,pubmedbert,abstract,0.3760664266726482,0.01035327815163567,0.36571314852101255
29,cka,biobert,title,0.33260054513306353,0.6387754576958848,-0.3061749125628213
29,cka,biobert,abstract,0.33260054513306353,0.01775743808832486,0.31484310704473867
29,cka,simcse,title,0.3635511978230545,0.4355482757974095,-0.071997077974355
29,cka,simcse,abstract,0.3635511978230545,0.023944661097611064,0.33960653672544344
29,rsa,specter,title,0.4408027658263399,0.19376593529931296,0.24703683052702696
29,rsa,specter,abstract,0.4408027658263399,0.04468347813520579,0.39611928769113414
29,rsa,specter2,title,0.5176051848950132,0.20689836902465364,0.31070681587035953
29,rsa,specter2,abstract,0.5176051848950132,0.05979171539647776,0.4578134694985354
29,rsa,scincl,title,0.44198247659828965,0.16427802459506635,0.2777044520032233
29,rsa,scincl,abstract,0.44198247659828965,0.025564585605913348,0.4164178909923763
29,rsa,scibert,title,0.4209615046222378,0.6705823351844602,-0.2496208305622224
29,rsa,scibert,abstract,0.4209615046222378,0.011344782398870046,0.40961672222336776
29,rsa,bert,title,0.38247058701534287,0.3860815157852462,-0.003610928769903321
29,rsa,bert,abstract,0.38247058701534287,0.00958409497645718,0.3728864920388857
29,rsa,mpnet,title,0.3983524699585472,0.13296330500650677,0.2653891649520404
29,rsa,mpnet,abstract,0.3983524699585472,0.022691037026723815,0.37566143293182336
29,rsa,minilm,title,0.39248058000770214,0.19711920911270076,0.19536137089500138
29,rsa,minilm,abstract,0.39248058000770214,0.02757464779343466,0.3649059322142675
29,rsa,pubmedbert,title,0.44578871327280506,0.5954141688632355,-0.14962545559043045
29,rsa,pubmedbert,abstract,0.44578871327280506,0.010218552184553364,0.4355701610882517
29,rsa,biobert,title,0.42985502984730445,0.5956315827457741,-0.16577655289846965
29,rsa,biobert,abstract,0.42985502984730445,0.013739958724348189,0.41611507112295626
29,rsa,simcse,title,0.46697247440826534,0.4638330561529306,0.0031394182553347583
29,rsa,simcse,abstract,0.46697247440826534,0.017754586037388442,0.4492178883708769
29,neighbors25,specter,title,0.5901600000000001,0.4696,0.12056000000000011
29,neighbors25,specter,abstract,0.5901600000000001,0.2358,0.3543600000000001
29,neighbors25,specter2,title,0.6230133333333333,0.48663999999999996,0.13637333333333335
29,neighbors25,specter2,abstract,0.6230133333333333,0.25683999999999996,0.36617333333333335
29,neighbors25,scincl,title,0.5902177777777777,0.45136,0.13885777777777775
29,neighbors25,scincl,abstract,0.5902177777777777,0.18176000000000003,0.4084577777777777
29,neighbors25,scibert,title,0.5975822222222221,0.77552,-0.17793777777777786
29,neighbors25,scibert,abstract,0.5975822222222221,0.11848000000000003,0.4791022222222221
29,neighbors25,bert,title,0.6320577777777777,0.75716,-0.12510222222222234
29,neighbors25,bert,abstract,0.6320577777777777,0.13879999999999992,0.4932577777777778
29,neighbors25,mpnet,title,0.5812977777777777,0.38991999999999993,0.19137777777777776
29,neighbors25,mpnet,abstract,0.5812977777777777,0.14424000000000003,0.43705777777777766
29,neighbors25,minilm,title,0.5926577777777777,0.45740000000000003,0.1352577777777777
29,neighbors25,minilm,abstract,0.5926577777777777,0.17647999999999997,0.41617777777777776
29,neighbors25,pubmedbert,title,0.6167066666666666,0.74264,-0.12593333333333334
29,neighbors25,pubmedbert,abstract,0.6167066666666666,0.11447999999999992,0.5022266666666667
29,neighbors25,biobert,title,0.5998888888888888,0.7646,-0.16471111111111114
29,neighbors25,biobert,abstract,0.5998888888888888,0.13871999999999995,0.46116888888888885
29,neighbors25,simcse,title,0.6762222222222223,0.77416,-0.09793777777777768
29,neighbors25,simcse,abstract,0.6762222222222223,0.21608000000000005,0.46014222222222223
30,cka,specter,title,0.32244168005742296,0.16995904832689612,0.15248263173052684
30,cka,specter,abstract,0.32244168005742296,0.0410295542520992,0.28141212580532377
30,cka,specter2,title,0.3694715101383196,0.1805542573436777,0.1889172527946419
30,cka,specter2,abstract,0.3694715101383196,0.04337116197083024,0.32610034816748934
30,cka,scincl,title,0.34851404975880146,0.15492792495066754,0.19358612480813392
30,cka,scincl,abstract,0.34851404975880146,0.02455851821292765,0.3239555315458738
30,cka,scibert,title,0.3348627628955133,0.4817482903646202,-0.14688552746910688
30,cka,scibert,abstract,0.3348627628955133,0.013327849913523537,0.3215349129819898
30,cka,bert,title,0.36972083964193175,0.3504089177159957,0.01931192192593606
30,cka,bert,abstract,0.36972083964193175,0.012057489898778417,0.35766334974315334
30,cka,mpnet,title,0.3320850076348722,0.14768363310825083,0.18440137452662136
30,cka,mpnet,abstract,0.3320850076348722,0.019722114151455528,0.31236289348341667
30,cka,minilm,title,0.35882412850316825,0.22166828350926082,0.13715584499390743
30,cka,minilm,abstract,0.35882412850316825,0.03374737909034764,0.3250767494128206
30,cka,pubmedbert,title,0.3550823709405532,0.43264721389936467,-0.07756484295881144
30,cka,pubmedbert,abstract,0.3550823709405532,0.013771521626456895,0.34131084931409633
30,cka,biobert,title,0.3238448279577619,0.5534209090181923,-0.22957608106043037
30,cka,biobert,abstract,0.3238448279577619,0.018832529742950466,0.30501229821481146
30,cka,simcse,title,0.4083149182956555,0.4560195696565089,-0.04770465136085339
30,cka,simcse,abstract,0.4083149182956555,0.026248944075830893,0.38206597421982463
30,rsa,specter,title,0.4508377473342617,0.2443273043658205,0.20651044296844118
30,rsa,specter,abstract,0.4508377473342617,0.05906117703365166,0.39177657030061
30,rsa,specter2,title,0.5158815063812037,0.23682741203806645,0.2790540943431372
30,rsa,specter2,abstract,0.5158815063812037,0.05419028180897789,0.4616912245722258
30,rsa,scincl,title,0.4980760068248564,0.20583172977457598,0.29224427705028044
30,rsa,scincl,abstract,0.4980760068248564,0.033724303252810284,0.46435170357204614
30,rsa,scibert,title,0.4198106451770285,0.5483346266398375,-0.12852398146280897
30,rsa,scibert,abstract,0.4198106451770285,0.013797482123991567,0.4060131630530369
30,rsa,bert,title,0.3938176222665444,0.34870995507777214,0.04510766718877224
30,rsa,bert,abstract,0.3938176222665444,0.010163296876404049,0.3836543253901403
30,rsa,mpnet,title,0.3996951830727389,0.15645158565262673,0.24324359742011215
30,rsa,mpnet,abstract,0.3996951830727389,0.020259123700149262,0.3794360593725896
30,rsa,minilm,title,0.40122998817690764,0.23371668795378997,0.16751330022311767
30,rsa,minilm,abstract,0.40122998817690764,0.03065848059014631,0.37057150758676133
30,rsa,pubmedbert,title,0.42601138208419576,0.45864102477509994,-0.03262964269090418
30,rsa,pubmedbert,abstract,0.42601138208419576,0.012172987713435224,0.41383839437076053
30,rsa,biobert,title,0.42066043012965126,0.5650187445460507,-0.14435831441639946
30,rsa,biobert,abstract,0.42066043012965126,0.015602896680015466,0.4050575334496358
30,rsa,simcse,title,0.49035242265288204,0.41304458765461005,0.07730783499827198
30,rsa,simcse,abstract,0.49035242265288204,0.017644745586610333,0.4727076770662717
30,neighbors25,specter,title,0.6063777777777779,0.50044,0.10593777777777791
30,neighbors25,specter,abstract,0.6063777777777779,0.25848000000000004,0.34789777777777786
30,neighbors25,specter2,title,0.6549999999999999,0.51484,0.14015999999999995
30,neighbors25,specter2,abstract,0.6549999999999999,0.26280000000000003,0.3921999999999999
30,neighbors25,scincl,title,0.6129155555555557,0.47595999999999994,0.13695555555555572
30,neighbors25,scincl,abstract,0.6129155555555557,0.21140000000000003,0.4015155555555556
30,neighbors25,scibert,title,0.5933955555555556,0.76952,-0.17612444444444442
30,neighbors25,scibert,abstract,0.5933955555555556,0.12848000000000004,0.4649155555555555
30,neighbors25,bert,title,0.6361244444444445,0.76076,-0.1246355555555555
30,neighbors25,bert,abstract,0.6361244444444445,0.16412000000000004,0.47200444444444445
30,neighbors25,mpnet,title,0.6042666666666666,0.45799999999999996,0.14626666666666666
30,neighbors25,mpnet,abstract,0.6042666666666666,0.16932000000000003,0.4349466666666666
30,neighbors25,minilm,title,0.6221022222222222,0.52784,0.09426222222222225
30,neighbors25,minilm,abstract,0.6221022222222222,0.21511999999999998,0.40698222222222225
30,neighbors25,pubmedbert,title,0.6081777777777777,0.72256,-0.11438222222222227
30,neighbors25,pubmedbert,abstract,0.6081777777777777,0.12504000000000004,0.48313777777777767
30,neighbors25,biobert,title,0.5914844444444446,0.7236,-0.13211555555555543
30,neighbors25,biobert,abstract,0.5914844444444446,0.15188000000000001,0.4396044444444446
30,neighbors25,simcse,title,0.6875777777777778,0.77104,-0.0834622222222221
30,neighbors25,simcse,abstract,0.6875777777777778,0.23995999999999995,0.4476177777777779
31,cka,specter,title,0.3298745098158435,0.21701240151753642,0.11286210829830706
31,cka,specter,abstract,0.3298745098158435,0.04448659776595332,0.28538791204989017
31,cka,specter2,title,0.36367808715426864,0.2243995143582147,0.13927857279605393
31,cka,specter2,abstract,0.36367808715426864,0.03624738732576138,0.32743069982850725
31,cka,scincl,title,0.3343512109798875,0.2250560453618664,0.1092951656180211
31,cka,scincl,abstract,0.3343512109798875,0.026986916061992328,0.3073642949178952
31,cka,scibert,title,0.30226991635449346,0.4189047989484068,-0.11663488259391336
31,cka,scibert,abstract,0.30226991635449346,0.011621399893739226,0.29064851646075424
31,cka,bert,title,0.3234953089051247,0.42222100429132003,-0.09872569538619536
31,cka,bert,abstract,0.3234953089051247,0.012768877862769812,0.31072643104235487
31,cka,mpnet,title,0.3246875156043106,0.23117760535982035,0.09350991024449024
31,cka,mpnet,abstract,0.3246875156043106,0.021358094550598117,0.30332942105371247
31,cka,minilm,title,0.34988751643032595,0.289769305568193,0.060118210862132926
31,cka,minilm,abstract,0.34988751643032595,0.030978702355940024,0.3189088140743859
31,cka,pubmedbert,title,0.34026269938866277,0.509867228705363,-0.16960452931670028
31,cka,pubmedbert,abstract,0.34026269938866277,0.017332134668107124,0.32293056472055565
31,cka,biobert,title,0.33129631080124905,0.56010621844988,-0.2288099076486309
31,cka,biobert,abstract,0.33129631080124905,0.018261893674171303,0.31303441712707775
31,cka,simcse,title,0.41740779878622325,0.5087290063650587,-0.09132120757883544
31,cka,simcse,abstract,0.41740779878622325,0.03076366319563606,0.3866441355905872
31,rsa,specter,title,0.4748708338811773,0.2797343945988363,0.19513643928234098
31,rsa,specter,abstract,0.4748708338811773,0.06546070195665299,0.4094101319245243
31,rsa,specter2,title,0.5597799399902829,0.2862180738720467,0.2735618661182362
31,rsa,specter2,abstract,0.5597799399902829,0.055000504315002474,0.5047794356752804
31,rsa,scincl,title,0.4667159359291224,0.20066508126965577,0.26605085465946665
31,rsa,scincl,abstract,0.4667159359291224,0.02753950012184747,0.43917643580727495
31,rsa,scibert,title,0.43239986402733344,0.5578218195625531,-0.12542195553521962
31,rsa,scibert,abstract,0.43239986402733344,0.013749953792874803,0.41864991023445863
31,rsa,bert,title,0.41024822168812025,0.4534531994576335,-0.043204977769513264
31,rsa,bert,abstract,0.41024822168812025,0.012444387224608833,0.3978038344635114
31,rsa,mpnet,title,0.4351447586220277,0.23201366099203047,0.20313109762999726
31,rsa,mpnet,abstract,0.4351447586220277,0.023791735719978502,0.4113530229020492
31,rsa,minilm,title,0.4644806866775348,0.29302700486456856,0.17145368181296622
31,rsa,minilm,abstract,0.4644806866775348,0.030256656467136045,0.43422403021039874
31,rsa,pubmedbert,title,0.42512734006898445,0.5848213556950521,-0.15969401562606766
31,rsa,pubmedbert,abstract,0.42512734006898445,0.019018041949048214,0.40610929811993624
31,rsa,biobert,title,0.41658026433545137,0.6133692068284258,-0.1967889424929744
31,rsa,biobert,abstract,0.41658026433545137,0.020542944891356885,0.3960373194440945
31,rsa,simcse,title,0.5064671734565012,0.500377987885443,0.006089185571058198
31,rsa,simcse,abstract,0.5064671734565012,0.028004289335516575,0.4784628841209846
31,neighbors25,specter,title,0.6241155555555556,0.5885199999999999,0.035595555555555713
31,neighbors25,specter,abstract,0.6241155555555556,0.28752,0.33659555555555565
31,neighbors25,specter2,title,0.6617244444444444,0.62536,0.03636444444444442
31,neighbors25,specter2,abstract,0.6617244444444444,0.26316000000000006,0.3985644444444444
31,neighbors25,scincl,title,0.6139644444444445,0.54688,0.0670844444444445
31,neighbors25,scincl,abstract,0.6139644444444445,0.20584000000000002,0.4081244444444445
31,neighbors25,scibert,title,0.6001022222222222,0.76456,-0.1644577777777778
31,neighbors25,scibert,abstract,0.6001022222222222,0.13780000000000003,0.46230222222222217
31,neighbors25,bert,title,0.6447422222222223,0.80748,-0.16273777777777765
31,neighbors25,bert,abstract,0.6447422222222223,0.15879999999999994,0.4859422222222224
31,neighbors25,mpnet,title,0.6003733333333332,0.53864,0.061733333333333196
31,neighbors25,mpnet,abstract,0.6003733333333332,0.16323999999999994,0.43713333333333326
31,neighbors25,minilm,title,0.6172799999999999,0.58952,0.027759999999999896
31,neighbors25,minilm,abstract,0.6172799999999999,0.18855999999999995,0.42872
31,neighbors25,pubmedbert,title,0.6249822222222222,0.7969999999999999,-0.17201777777777771
31,neighbors25,pubmedbert,abstract,0.6249822222222222,0.15156000000000003,0.4734222222222222
31,neighbors25,biobert,title,0.6166711111111112,0.795,-0.17832888888888887
31,neighbors25,biobert,abstract,0.6166711111111112,0.16264,0.45403111111111116
31,neighbors25,simcse,title,0.7192177777777778,0.8232,-0.1039822222222222
31,neighbors25,simcse,abstract,0.7192177777777778,0.24072000000000005,0.4784977777777778
32,cka,specter,title,0.4084321455696195,0.2292664065203308,0.17916573904928867
32,cka,specter,abstract,0.4084321455696195,0.03675075946443884,0.37168138610518064
32,cka,specter2,title,0.3868228607003189,0.2132178013881546,0.1736050593121643
32,cka,specter2,abstract,0.3868228607003189,0.04233930492850613,0.3444835557718128
32,cka,scincl,title,0.3894063016853761,0.21785698418141186,0.17154931750396424
32,cka,scincl,abstract,0.3894063016853761,0.02447266149918592,0.3649336401861902
32,cka,scibert,title,0.3819079287662889,0.595927726851829,-0.21401979808554017
32,cka,scibert,abstract,0.3819079287662889,0.011571874293294537,0.37033605447299434
32,cka,bert,title,0.38400558308564975,0.4767615798945476,-0.09275599680889784
32,cka,bert,abstract,0.38400558308564975,0.011230606442492741,0.372774976643157
32,cka,mpnet,title,0.3874706148194965,0.19828894229860328,0.18918167252089324
32,cka,mpnet,abstract,0.3874706148194965,0.0180059841074921,0.3694646307120044
32,cka,minilm,title,0.3826839059635538,0.2559255208173642,0.1267583851461896
32,cka,minilm,abstract,0.3826839059635538,0.025953247106760724,0.35673065885679306
32,cka,pubmedbert,title,0.418744413176438,0.5128233910301778,-0.09407897785373981
32,cka,pubmedbert,abstract,0.418744413176438,0.01368271849637448,0.40506169468006353
32,cka,biobert,title,0.3749152805205461,0.6442343907463972,-0.2693191102258511
32,cka,biobert,abstract,0.3749152805205461,0.017770218827056983,0.35714506169348914
32,cka,simcse,title,0.4168929715774073,0.5315950776538432,-0.11470210607643588
32,cka,simcse,abstract,0.4168929715774073,0.02475471908034199,0.3921382524970653
32,rsa,specter,title,0.5218398411220998,0.26242700491857285,0.25941283620352695
32,rsa,specter,abstract,0.5218398411220998,0.044775360393936814,0.477064480728163
32,rsa,specter2,title,0.553287320297884,0.25139715079199765,0.3018901695058863
32,rsa,specter2,abstract,0.553287320297884,0.054584119693462,0.49870320060442197
32,rsa,scincl,title,0.53428269222004,0.22485200108213033,0.30943069113790966
32,rsa,scincl,abstract,0.53428269222004,0.02674113131035294,0.507541560909687
32,rsa,scibert,title,0.4776975461635771,0.7050206862255495,-0.22732314006197235
32,rsa,scibert,abstract,0.4776975461635771,0.011818465508553588,0.46587908065502354
32,rsa,bert,title,0.46303540968608853,0.4716732412381819,-0.008637831552093356
32,rsa,bert,abstract,0.46303540968608853,0.008139819374348156,0.45489559031174037
32,rsa,mpnet,title,0.464769913557758,0.22102865536407612,0.24374125819368186
32,rsa,mpnet,abstract,0.464769913557758,0.02108623021221434,0.44368368334554364
32,rsa,minilm,title,0.4427912348459777,0.2838093885780214,0.1589818462679563
32,rsa,minilm,abstract,0.4427912348459777,0.027116151877786487,0.4156750829681912
32,rsa,pubmedbert,title,0.4822201250398836,0.6240329067420824,-0.14181278170219885
32,rsa,pubmedbert,abstract,0.4822201250398836,0.012046560943614781,0.4701735640962688
32,rsa,biobert,title,0.4682376834682608,0.6550564891886397,-0.1868188057203789
32,rsa,biobert,abstract,0.4682376834682608,0.016468304141162737,0.45176937932709804
32,rsa,simcse,title,0.5228964774487417,0.5040433819756072,0.018853095473134518
32,rsa,simcse,abstract,0.5228964774487417,0.01675254168738327,0.5061439357613584
32,neighbors25,specter,title,0.6594755555555556,0.5868800000000001,0.07259555555555552
32,neighbors25,specter,abstract,0.6594755555555556,0.24912,0.4103555555555556
32,neighbors25,specter2,title,0.6590622222222222,0.56212,0.09694222222222226
32,neighbors25,specter2,abstract,0.6590622222222222,0.26304000000000005,0.39602222222222216
32,neighbors25,scincl,title,0.6506755555555555,0.5384800000000001,0.11219555555555538
32,neighbors25,scincl,abstract,0.6506755555555555,0.19011999999999996,0.4605555555555555
32,neighbors25,scibert,title,0.6579333333333333,0.83904,-0.18110666666666675
32,neighbors25,scibert,abstract,0.6579333333333333,0.13507999999999998,0.5228533333333333
32,neighbors25,bert,title,0.6718533333333334,0.8004,-0.1285466666666666
32,neighbors25,bert,abstract,0.6718533333333334,0.1481999999999999,0.5236533333333335
32,neighbors25,mpnet,title,0.6294044444444444,0.45568,0.17372444444444446
32,neighbors25,mpnet,abstract,0.6294044444444444,0.138,0.4914044444444444
32,neighbors25,minilm,title,0.6376933333333333,0.52988,0.10781333333333332
32,neighbors25,minilm,abstract,0.6376933333333333,0.16920000000000002,0.4684933333333333
32,neighbors25,pubmedbert,title,0.6722177777777777,0.81956,-0.14734222222222226
32,neighbors25,pubmedbert,abstract,0.6722177777777777,0.137,0.5352177777777777
32,neighbors25,biobert,title,0.6540355555555555,0.82252,-0.16848444444444455
32,neighbors25,biobert,abstract,0.6540355555555555,0.15483999999999998,0.4991955555555555
32,neighbors25,simcse,title,0.7105911111111111,0.7949200000000001,-0.08432888888888901
32,neighbors25,simcse,abstract,0.7105911111111111,0.22084000000000004,0.489751111111111
33,cka,specter,title,0.4269051803256853,0.2964345614245415,0.1304706189011438
33,cka,specter,abstract,0.4269051803256853,0.05830307103603172,0.3686021092896536
33,cka,specter2,title,0.40222798803423543,0.2710897025231541,0.1311382855110813
33,cka,specter2,abstract,0.40222798803423543,0.08587292755586384,0.3163550604783716
33,cka,scincl,title,0.39297667498936123,0.33867857583296657,0.054298099156394664
33,cka,scincl,abstract,0.39297667498936123,0.04192378874140956,0.35105288624795167
33,cka,scibert,title,0.37970755132564715,0.6212288297903054,-0.2415212784646582
33,cka,scibert,abstract,0.37970755132564715,0.015596231458419707,0.36411131986722745
33,cka,bert,title,0.3647183694410569,0.5415354596360406,-0.17681709019498365
33,cka,bert,abstract,0.3647183694410569,0.01795179219590859,0.3467665772451483
33,cka,mpnet,title,0.3854060321688333,0.24407251135265529,0.141333520816178
33,cka,mpnet,abstract,0.3854060321688333,0.03377026952640383,0.35163576264242946
33,cka,minilm,title,0.40259731899439255,0.3103606428645205,0.09223667612987207
33,cka,minilm,abstract,0.40259731899439255,0.039538309463148735,0.3630590095312438
33,cka,pubmedbert,title,0.4339771645497107,0.6373629331590683,-0.20338576860935764
33,cka,pubmedbert,abstract,0.4339771645497107,0.02719834434502222,0.4067788202046885
33,cka,biobert,title,0.3865376111301321,0.6860756534373722,-0.2995380423072401
33,cka,biobert,abstract,0.3865376111301321,0.028112485788030495,0.3584251253421016
33,cka,simcse,title,0.4005474714202328,0.5556627786015723,-0.15511530718133953
33,cka,simcse,abstract,0.4005474714202328,0.02721044925021232,0.37333702217002046
33,rsa,specter,title,0.543416640255875,0.3048650194246669,0.23855162083120807
33,rsa,specter,abstract,0.543416640255875,0.0643895653099752,0.4790270749458998
33,rsa,specter2,title,0.5654851980570461,0.302450142604623,0.2630350554524231
33,rsa,specter2,abstract,0.5654851980570461,0.1060154509630371,0.459469747094009
33,rsa,scincl,title,0.5682861061472153,0.2981450475793658,0.27014105856784953
33,rsa,scincl,abstract,0.5682861061472153,0.04025464491313879,0.5280314612340765
33,rsa,scibert,title,0.4797663095245819,0.7565943409034857,-0.27682803137890377
33,rsa,scibert,abstract,0.4797663095245819,0.014495035603731221,0.46527127392085066
33,rsa,bert,title,0.49201957728071477,0.6186810862712036,-0.12666150899048878
33,rsa,bert,abstract,0.49201957728071477,0.014907844249263946,0.4771117330314508
33,rsa,mpnet,title,0.4766679936390039,0.2704289733760704,0.2062390202629335
33,rsa,mpnet,abstract,0.4766679936390039,0.03877958161895079,0.43788841202005313
33,rsa,minilm,title,0.48859793785399386,0.33005799265214497,0.1585399452018489
33,rsa,minilm,abstract,0.48859793785399386,0.04269896306124432,0.44589897479274954
33,rsa,pubmedbert,title,0.47930935646743994,0.7139180451852973,-0.2346086887178574
33,rsa,pubmedbert,abstract,0.47930935646743994,0.021661760863649904,0.45764759560379004
33,rsa,biobert,title,0.48100818199135426,0.7591079871137704,-0.2780998051224161
33,rsa,biobert,abstract,0.48100818199135426,0.025346808057363113,0.45566137393399114
33,rsa,simcse,title,0.5483676200940857,0.5953752892714403,-0.04700766917735466
33,rsa,simcse,abstract,0.5483676200940857,0.027019496319050762,0.5213481237750349
33,neighbors25,specter,title,0.7182666666666667,0.67696,0.041306666666666714
33,neighbors25,specter,abstract,0.7182666666666667,0.33536,0.38290666666666673
33,neighbors25,specter2,title,0.7084044444444444,0.64712,0.061284444444444364
33,neighbors25,specter2,abstract,0.7084044444444444,0.38976,0.3186444444444444
33,neighbors25,scincl,title,0.7056311111111112,0.6657200000000001,0.03991111111111112
33,neighbors25,scincl,abstract,0.7056311111111112,0.262,0.4436311111111112
33,neighbors25,scibert,title,0.6618088888888889,0.83612,-0.17431111111111108
33,neighbors25,scibert,abstract,0.6618088888888889,0.1628400000000001,0.4989688888888888
33,neighbors25,bert,title,0.6542933333333333,0.7818,-0.12750666666666677
33,neighbors25,bert,abstract,0.6542933333333333,0.16371999999999998,0.4905733333333333
33,neighbors25,mpnet,title,0.6566444444444444,0.5447599999999999,0.11188444444444445
33,neighbors25,mpnet,abstract,0.6566444444444444,0.18767999999999996,0.4689644444444444
33,neighbors25,minilm,title,0.6649422222222222,0.614,0.05094222222222222
33,neighbors25,minilm,abstract,0.6649422222222222,0.2142400000000001,0.4507022222222221
33,neighbors25,pubmedbert,title,0.6672933333333333,0.8317599999999999,-0.16446666666666665
33,neighbors25,pubmedbert,abstract,0.6672933333333333,0.17968000000000006,0.48761333333333323
33,neighbors25,biobert,title,0.6603422222222223,0.82944,-0.16909777777777768
33,neighbors25,biobert,abstract,0.6603422222222223,0.19023999999999996,0.4701022222222223
33,neighbors25,simcse,title,0.6920088888888889,0.79192,-0.09991111111111106
33,neighbors25,simcse,abstract,0.6920088888888889,0.2138,0.4782088888888889
34,cka,specter,title,0.3627871926272317,0.16901745066849905,0.19376974195873264
34,cka,specter,abstract,0.3627871926272317,0.03997675396993483,0.32281043865729686
34,cka,specter2,title,0.3938757740454699,0.16384593176415707,0.23002984228131285
34,cka,specter2,abstract,0.3938757740454699,0.03708223756880491,0.356793536476665
34,cka,scincl,title,0.3689115200456059,0.1594736230441831,0.2094378970014228
34,cka,scincl,abstract,0.3689115200456059,0.025503565733654976,0.3434079543119509
34,cka,scibert,title,0.3933000214811123,0.6027391604777217,-0.20943913899660938
34,cka,scibert,abstract,0.3933000214811123,0.018635722982154546,0.37466429849895777
34,cka,bert,title,0.3853918351272258,0.4204260500213908,-0.03503421489416497
34,cka,bert,abstract,0.3853918351272258,0.013722459731182024,0.3716693753960438
34,cka,mpnet,title,0.37423423184517113,0.13907218938460542,0.2351620424605657
34,cka,mpnet,abstract,0.37423423184517113,0.01628072593996499,0.35795350590520614
34,cka,minilm,title,0.38527541844709756,0.20670996974175648,0.17856544870534108
34,cka,minilm,abstract,0.38527541844709756,0.028157652162582925,0.35711776628451464
34,cka,pubmedbert,title,0.445571158523391,0.5848079700382729,-0.13923681151488188
34,cka,pubmedbert,abstract,0.445571158523391,0.01642352763495747,0.42914763088843355
34,cka,biobert,title,0.3751630620091497,0.6754087366802508,-0.30024567467110114
34,cka,biobert,abstract,0.3751630620091497,0.02040223503850558,0.3547608269706441
34,cka,simcse,title,0.4518619483984954,0.5289668248383681,-0.07710487643987268
34,cka,simcse,abstract,0.4518619483984954,0.028393828157504464,0.42346812024099095
34,rsa,specter,title,0.48886849626767037,0.22800326554051242,0.26086523072715795
34,rsa,specter,abstract,0.48886849626767037,0.05042223027005399,0.4384462659976164
34,rsa,specter2,title,0.6142627359213231,0.2515329597078373,0.3627297762134858
34,rsa,specter2,abstract,0.6142627359213231,0.059828995027074505,0.5544337408942486
34,rsa,scincl,title,0.5256944933940702,0.21281323682053344,0.3128812565735367
34,rsa,scincl,abstract,0.5256944933940702,0.03617826046544226,0.4895162329286279
34,rsa,scibert,title,0.48239108299631145,0.6820081091905199,-0.19961702619420846
34,rsa,scibert,abstract,0.48239108299631145,0.012827093963061698,0.46956398903324975
34,rsa,bert,title,0.4743043353710939,0.4672347328390911,0.007069602532002783
34,rsa,bert,abstract,0.4743043353710939,0.009990103899978897,0.464314231471115
34,rsa,mpnet,title,0.4834204598718838,0.18218957751247222,0.3012308823594116
34,rsa,mpnet,abstract,0.4834204598718838,0.023021033232550114,0.4603994266393337
34,rsa,minilm,title,0.4789740339589351,0.260609454713024,0.21836457924591113
34,rsa,minilm,abstract,0.4789740339589351,0.036969392139922896,0.4420046418190122
34,rsa,pubmedbert,title,0.497187945541637,0.6141836200854598,-0.11699567454382281
34,rsa,pubmedbert,abstract,0.497187945541637,0.010711322050271255,0.4864766234913657
34,rsa,biobert,title,0.4820203800052176,0.655991943595978,-0.17397156359076044
34,rsa,biobert,abstract,0.4820203800052176,0.019618710970048525,0.46240166903516905
34,rsa,simcse,title,0.5864198606690496,0.5464679044271707,0.03995195624187886
34,rsa,simcse,abstract,0.5864198606690496,0.019470765152180936,0.5669490955168687
34,neighbors25,specter,title,0.6087111111111112,0.4998,0.10891111111111118
34,neighbors25,specter,abstract,0.6087111111111112,0.25824,0.3504711111111112
34,neighbors25,specter2,title,0.6533733333333333,0.51044,0.14293333333333325
34,neighbors25,specter2,abstract,0.6533733333333333,0.25016000000000005,0.4032133333333332
34,neighbors25,scincl,title,0.6118000000000001,0.47607999999999995,0.13572000000000017
34,neighbors25,scincl,abstract,0.6118000000000001,0.19879999999999998,0.41300000000000014
34,neighbors25,scibert,title,0.6257199999999999,0.8011199999999999,-0.1754
34,neighbors25,scibert,abstract,0.6257199999999999,0.13019999999999998,0.49551999999999996
34,neighbors25,bert,title,0.6553466666666667,0.7662,-0.11085333333333325
34,neighbors25,bert,abstract,0.6553466666666667,0.15236000000000005,0.5029866666666667
34,neighbors25,mpnet,title,0.6072933333333334,0.42852,0.17877333333333334
34,neighbors25,mpnet,abstract,0.6072933333333334,0.14603999999999995,0.4612533333333334
34,neighbors25,minilm,title,0.6172,0.48656,0.13063999999999998
34,neighbors25,minilm,abstract,0.6172,0.1875199999999999,0.42968000000000006
34,neighbors25,pubmedbert,title,0.6374088888888889,0.75936,-0.12195111111111112
34,neighbors25,pubmedbert,abstract,0.6374088888888889,0.121,0.5164088888888889
34,neighbors25,biobert,title,0.6206533333333333,0.77516,-0.15450666666666668
34,neighbors25,biobert,abstract,0.6206533333333333,0.14615999999999996,0.4744933333333333
34,neighbors25,simcse,title,0.7055155555555557,0.79024,-0.08472444444444438
34,neighbors25,simcse,abstract,0.7055155555555557,0.24195999999999995,0.4635555555555557
35,cka,specter,title,0.3548196798826187,0.19496008633941764,0.15985959354320106
35,cka,specter,abstract,0.3548196798826187,0.03889670672337753,0.31592297315924117
35,cka,specter2,title,0.3790751368974756,0.18435636365728048,0.1947187732401951
35,cka,specter2,abstract,0.3790751368974756,0.04897180751482455,0.330103329382651
35,cka,scincl,title,0.36738860995416023,0.18207328843308823,0.185315321521072
35,cka,scincl,abstract,0.36738860995416023,0.025204197518846172,0.34218441243531406
35,cka,scibert,title,0.37659059268446654,0.6291136407575268,-0.2525230480730603
35,cka,scibert,abstract,0.37659059268446654,0.010743946920465874,0.36584664576400067
35,cka,bert,title,0.3718589929113371,0.4813024126315094,-0.1094434197201723
35,cka,bert,abstract,0.3718589929113371,0.011534186303972516,0.3603248066073646
35,cka,mpnet,title,0.3598987758772233,0.17674106877392026,0.18315770710330304
35,cka,mpnet,abstract,0.3598987758772233,0.022544293173900054,0.33735448270332324
35,cka,minilm,title,0.377271074563374,0.23688364994322153,0.14038742462015247
35,cka,minilm,abstract,0.377271074563374,0.03308790469109413,0.34418316987227987
35,cka,pubmedbert,title,0.409456034051626,0.5505533038060066,-0.14109726975438064
35,cka,pubmedbert,abstract,0.409456034051626,0.010810613764230759,0.39864542028739525
35,cka,biobert,title,0.3663881257106313,0.6653350087523632,-0.2989468830417319
35,cka,biobert,abstract,0.3663881257106313,0.018148502646006093,0.3482396230646252
35,cka,simcse,title,0.42403599835033606,0.5421798430024807,-0.11814384465214461
35,cka,simcse,abstract,0.42403599835033606,0.027070750796929,0.39696524755340706
35,rsa,specter,title,0.4147165789199588,0.22327401768018962,0.19144256123976916
35,rsa,specter,abstract,0.4147165789199588,0.044315771219793354,0.3704008077001654
35,rsa,specter2,title,0.5648534901362994,0.27460923875202514,0.29024425138427423
35,rsa,specter2,abstract,0.5648534901362994,0.07640191719950218,0.4884515729367972
35,rsa,scincl,title,0.46102096927155223,0.22450607304476922,0.236514896226783
35,rsa,scincl,abstract,0.46102096927155223,0.03249951379075078,0.42852145548080145
35,rsa,scibert,title,0.40957574844360517,0.6159344160878374,-0.20635866764423222
35,rsa,scibert,abstract,0.40957574844360517,0.010159797211393262,0.3994159512322119
35,rsa,bert,title,0.41746318458765747,0.5263776610114447,-0.10891447642378721
35,rsa,bert,abstract,0.41746318458765747,0.009634596973581377,0.4078285876140761
35,rsa,mpnet,title,0.40090253642792306,0.2511804728754543,0.14972206355246875
35,rsa,mpnet,abstract,0.40090253642792306,0.03956726012841871,0.36133527629950435
35,rsa,minilm,title,0.41681396014736855,0.32623038059957843,0.09058357954779012
35,rsa,minilm,abstract,0.41681396014736855,0.0424973400462455,0.37431662010112304
35,rsa,pubmedbert,title,0.4322031592428401,0.5319955048149891,-0.09979234557214905
35,rsa,pubmedbert,abstract,0.4322031592428401,0.008382141002953425,0.42382101823988666
35,rsa,biobert,title,0.41416487960074566,0.613310232958777,-0.1991453533580313
35,rsa,biobert,abstract,0.41416487960074566,0.014843256233607716,0.39932162336713795
35,rsa,simcse,title,0.48792738753115156,0.5763847095894596,-0.08845732205830809
35,rsa,simcse,abstract,0.48792738753115156,0.019708226134269036,0.4682191613968825
35,neighbors25,specter,title,0.6285377777777779,0.5458000000000001,0.0827377777777778
35,neighbors25,specter,abstract,0.6285377777777779,0.26908,0.3594577777777779
35,neighbors25,specter2,title,0.6745511111111112,0.5436799999999999,0.13087111111111127
35,neighbors25,specter2,abstract,0.6745511111111112,0.28567999999999993,0.3888711111111113
35,neighbors25,scincl,title,0.6285244444444446,0.49607999999999997,0.1324444444444446
35,neighbors25,scincl,abstract,0.6285244444444446,0.2026,0.42592444444444455
35,neighbors25,scibert,title,0.6347422222222222,0.8308800000000001,-0.19613777777777786
35,neighbors25,scibert,abstract,0.6347422222222222,0.12919999999999998,0.5055422222222222
35,neighbors25,bert,title,0.6660622222222222,0.8046800000000001,-0.13861777777777784
35,neighbors25,bert,abstract,0.6660622222222222,0.15647999999999995,0.5095822222222223
35,neighbors25,mpnet,title,0.617488888888889,0.4926400000000001,0.1248488888888889
35,neighbors25,mpnet,abstract,0.617488888888889,0.1701999999999999,0.44728888888888907
35,neighbors25,minilm,title,0.6320355555555556,0.5460799999999999,0.08595555555555567
35,neighbors25,minilm,abstract,0.6320355555555556,0.2092400000000001,0.4227955555555555
35,neighbors25,pubmedbert,title,0.6401022222222221,0.76692,-0.12681777777777792
35,neighbors25,pubmedbert,abstract,0.6401022222222221,0.12075999999999998,0.5193422222222221
35,neighbors25,biobert,title,0.63096,0.78928,-0.15832000000000002
35,neighbors25,biobert,abstract,0.63096,0.15063999999999989,0.4803200000000001
35,neighbors25,simcse,title,0.7056977777777776,0.80912,-0.1034222222222223
35,neighbors25,simcse,abstract,0.7056977777777776,0.24260000000000004,0.4630977777777776
36,cka,specter,title,0.4323397621639616,0.2654754083612578,0.16686435380270376
36,cka,specter,abstract,0.4323397621639616,0.046923887022338295,0.3854158751416233
36,cka,specter2,title,0.42584186155179726,0.22969771631647806,0.1961441452353192
36,cka,specter2,abstract,0.42584186155179726,0.06177737492772839,0.3640644866240689
36,cka,scincl,title,0.43982341924530516,0.24746257155659868,0.19236084768870648
36,cka,scincl,abstract,0.43982341924530516,0.03355815921691607,0.4062652600283891
36,cka,scibert,title,0.41929952992737196,0.62110111089224,-0.201801580964868
36,cka,scibert,abstract,0.41929952992737196,0.010880132422642186,0.4084193975047298
36,cka,bert,title,0.4059823731948365,0.5319722018503413,-0.12598982865550484
36,cka,bert,abstract,0.4059823731948365,0.01160966522609097,0.3943727079687455
36,cka,mpnet,title,0.4152979065572478,0.22435877655989045,0.19093912999735735
36,cka,mpnet,abstract,0.4152979065572478,0.02337161806549981,0.391926288491748
36,cka,minilm,title,0.42151833070739175,0.2915735620634665,0.12994476864392523
36,cka,minilm,abstract,0.42151833070739175,0.03262320573103261,0.38889512497635914
36,cka,pubmedbert,title,0.4472957001735419,0.5843355723615634,-0.1370398721880215
36,cka,pubmedbert,abstract,0.4472957001735419,0.014140878538334456,0.43315482163520747
36,cka,biobert,title,0.4149121247206147,0.6353588453991343,-0.22044672067851967
36,cka,biobert,abstract,0.4149121247206147,0.018091723237979362,0.3968204014826353
36,cka,simcse,title,0.44364459913081306,0.5783898210656897,-0.13474522193487665
36,cka,simcse,abstract,0.44364459913081306,0.02430090541632013,0.4193436937144929
36,rsa,specter,title,0.5315477686828697,0.22640219722100907,0.3051455714618606
36,rsa,specter,abstract,0.5315477686828697,0.04235205680938825,0.48919571187348143
36,rsa,specter2,title,0.6016933661207337,0.2588102054510283,0.34288316066970537
36,rsa,specter2,abstract,0.6016933661207337,0.07737942994645619,0.5243139361742775
36,rsa,scincl,title,0.5745911130614779,0.2690622063366531,0.3055289067248248
36,rsa,scincl,abstract,0.5745911130614779,0.03802837263357439,0.5365627404279035
36,rsa,scibert,title,0.4967086307666046,0.6874224162685573,-0.19071378550195267
36,rsa,scibert,abstract,0.4967086307666046,0.01121362614252941,0.4854950046240752
36,rsa,bert,title,0.4792897027860578,0.49400229342200674,-0.01471259063594893
36,rsa,bert,abstract,0.4792897027860578,0.009754465104384269,0.46953523768167355
36,rsa,mpnet,title,0.47941254988619886,0.21698221294595343,0.2624303369402454
36,rsa,mpnet,abstract,0.47941254988619886,0.02312833647231638,0.4562842134138825
36,rsa,minilm,title,0.4671328703054992,0.27490143052975224,0.19223143977574697
36,rsa,minilm,abstract,0.4671328703054992,0.029830776518578794,0.4373020937869204
36,rsa,pubmedbert,title,0.5046616675718201,0.6171201237323016,-0.11245845616048156
36,rsa,pubmedbert,abstract,0.5046616675718201,0.013037438441590443,0.49162422913022963
36,rsa,biobert,title,0.501477885132528,0.6122773293066919,-0.11079944417416387
36,rsa,biobert,abstract,0.501477885132528,0.01537896845944764,0.48609891667308036
36,rsa,simcse,title,0.5645787484302802,0.5557342650258364,0.00884448340444377
36,rsa,simcse,abstract,0.5645787484302802,0.01713759212934618,0.547441156300934
36,neighbors25,specter,title,0.6739155555555556,0.59236,0.0815555555555556
36,neighbors25,specter,abstract,0.6739155555555556,0.26996,0.4039555555555556
36,neighbors25,specter2,title,0.6874444444444444,0.56436,0.12308444444444444
36,neighbors25,specter2,abstract,0.6874444444444444,0.3226,0.3648444444444444
36,neighbors25,scincl,title,0.6648355555555556,0.55284,0.11199555555555563
36,neighbors25,scincl,abstract,0.6648355555555556,0.20843999999999996,0.45639555555555567
36,neighbors25,scibert,title,0.6736177777777778,0.83876,-0.1651422222222222
36,neighbors25,scibert,abstract,0.6736177777777778,0.13151999999999997,0.5420977777777778
36,neighbors25,bert,title,0.6850888888888889,0.80328,-0.11819111111111114
36,neighbors25,bert,abstract,0.6850888888888889,0.14659999999999995,0.5384888888888889
36,neighbors25,mpnet,title,0.6398266666666667,0.48063999999999996,0.1591866666666667
36,neighbors25,mpnet,abstract,0.6398266666666667,0.1458799999999999,0.49394666666666676
36,neighbors25,minilm,title,0.653071111111111,0.5584,0.09467111111111104
36,neighbors25,minilm,abstract,0.653071111111111,0.19108000000000003,0.461991111111111
36,neighbors25,pubmedbert,title,0.6770222222222222,0.82088,-0.14385777777777786
36,neighbors25,pubmedbert,abstract,0.6770222222222222,0.13260000000000005,0.5444222222222221
36,neighbors25,biobert,title,0.6654755555555556,0.81464,-0.14916444444444443
36,neighbors25,biobert,abstract,0.6654755555555556,0.14968000000000004,0.5157955555555556
36,neighbors25,simcse,title,0.7198355555555556,0.81008,-0.09024444444444446
36,neighbors25,simcse,abstract,0.7198355555555556,0.21444000000000007,0.5053955555555555
