outcome,field_id,model,mean_agreement_other_nine,pair_and_field_adjusted_residual
cka_primary,11,specter,0.6382310235681111,0.01188647256522626
cka_primary,11,specter2,0.5993436612580691,-0.015091025861002342
cka_primary,11,scincl,0.6359324324069001,0.008545711792683437
cka_primary,11,scibert,0.6358569192956242,0.00330589014885041
cka_primary,11,bert,0.6323396850948602,0.003211832067599094
cka_primary,11,mpnet,0.6382052098586459,0.007125947646398944
cka_primary,11,minilm,0.6212285032344635,0.004898623272931446
cka_primary,11,pubmedbert,0.5992335030774152,-0.004281693688120863
cka_primary,11,biobert,0.6199601533411752,-0.005717602478650312
cka_primary,11,simcse,0.5642930254989754,-0.013884155465915728
cka_primary,12,specter,0.5556121937627847,-0.036195573035414444
cka_primary,12,specter2,0.5658438287037278,-0.014054074210657888
cka_primary,12,scincl,0.5896056480282417,-0.003244288381289231
cka_primary,12,scibert,0.6198783788265897,0.021864133884501726
cka_primary,12,bert,0.6379993850911346,0.04340831626855943
cka_primary,12,mpnet,0.5685855664157294,-0.02795691159183189
cka_primary,12,minilm,0.5656353903675017,-0.016157705389344676
cka_primary,12,pubmedbert,0.5657468827354365,-0.003231529825413662
cka_primary,12,biobert,0.5784847460917116,-0.012656225523428218
cka_primary,12,simcse,0.5918642545645232,0.04822385780431784
cka_primary,13,specter,0.625091895332599,0.007023730512818522
cka_primary,13,specter2,0.582469220131498,-0.02368908080446898
cka_primary,13,scincl,0.6321506936770851,0.01304035924597291
cka_primary,13,scibert,0.6300417453551411,0.005767102391471934
cka_primary,13,bert,0.6128089849066036,-0.008042481937552895
cka_primary,13,mpnet,0.6222495408562403,-0.0005533351729022362
cka_primary,13,minilm,0.6080350059881199,-1.848779030781215e-05
cka_primary,13,pubmedbert,0.6070302557566158,0.011791445174184314
cka_primary,13,biobert,0.636694858329846,0.019293488693124788
cka_primary,13,simcse,0.5452880544694468,-0.02461274031233973
cka_primary,14,specter,0.5632804950986918,-0.024987536755085235
cka_primary,14,specter2,0.6017183295805361,0.02536016161057233
cka_primary,14,scincl,0.5822916524798604,-0.0070185489852484274
cka_primary,14,scibert,0.590094001733487,-0.0043805082641789304
cka_primary,14,bert,0.5933563003210002,0.002304966442847081
cka_primary,14,mpnet,0.6071590119850916,0.014156268921952332
cka_primary,14,minilm,0.588242952489837,0.00998959167741282
cka_primary,14,pubmedbert,0.5423838174086996,-0.02305486020772856
cka_primary,14,biobert,0.5708551386506949,-0.016746098020022693
cka_primary,14,simcse,0.5644772253952629,0.024376563579479555
cka_primary,15,specter,0.7410112285939576,0.027555090409474473
cka_primary,15,specter2,0.7002875464165552,-0.0012587278841145312
cka_primary,15,scincl,0.7197554247867359,0.00525711699092108
cka_primary,15,scibert,0.7089017047352326,-0.010760911593139287
cka_primary,15,bert,0.6872390821759842,-0.02900035803287504
cka_primary,15,mpnet,0.7257052871344456,0.0075144377406003195
cka_primary,15,minilm,0.7060781262153947,0.0026366590722644145
cka_primary,15,pubmedbert,0.6857370948361506,-0.004889689110983432
cka_primary,15,biobert,0.7167605649513152,0.003971221949891425
cka_primary,15,simcse,0.6642639286044498,-0.001024839542039419
cka_primary,16,specter,0.7127852787342742,0.026925746877849703
cka_primary,16,specter2,0.6527207365568658,-0.02122893141574527
cka_primary,16,scincl,0.6581472171528403,-0.02875448431491602
cka_primary,16,scibert,0.7158974101283019,0.023831400127988605
cka_primary,16,bert,0.6827572932876275,-0.005885540593173083
cka_primary,16,mpnet,0.6738876941862191,-0.016706548879567486
cka_primary,16,minilm,0.6552037187789747,-0.020641142036097078
cka_primary,16,pubmedbert,0.6988028586811242,0.03577268106204867
cka_primary,16,biobert,0.7024347228986989,0.017241986225333843
cka_primary,16,simcse,0.6271369947647093,-0.01055516705372154
cka_primary,17,specter,0.6209340705199187,-0.015008703718600056
cka_primary,17,specter2,0.6415424663461285,0.017509555991423058
cka_primary,17,scincl,0.6372283011196154,0.00024335726976495073
cka_primary,17,scibert,0.6252119736184009,-0.016937278764006698
cka_primary,17,bert,0.6325059575526449,-0.006220118710249929
cka_primary,17,mpnet,0.6427833824417407,0.0021058969938598914
cka_primary,17,minilm,0.6320607108126642,0.006132607615498214
cka_primary,17,pubmedbert,0.6207270487388001,0.007613628737630347
cka_primary,17,biobert,0.6251341020689237,-0.010141876986535594
cka_primary,17,simcse,0.6024783357717404,0.014702931571215395
cka_primary,18,specter,0.6162826867781728,-0.020150152857314436
cka_primary,18,specter2,0.6407072212118041,0.01618424546013027
cka_primary,18,scincl,0.642534956125992,0.005059946879173068
cka_primary,18,scibert,0.6278189686520944,-0.014820349127281744
cka_primary,18,bert,0.6338536895177528,-0.005362452142110581
cka_primary,18,mpnet,0.6500167983749858,0.00884924753013642
cka_primary,18,minilm,0.6279026644060521,0.001484495811917736
cka_primary,18,pubmedbert,0.614335906425677,0.000732421027538726
cka_primary,18,biobert,0.6326761992278022,-0.0030898452246257055
cka_primary,18,simcse,0.5993779122399309,0.011112442642437381
cka_primary,19,specter,0.6915928239445871,0.006659428695672758
cka_primary,19,specter2,0.6590902677542725,-0.013933263610828374
cka_primary,19,scincl,0.6871625788844351,0.001187014024189143
cka_primary,19,scibert,0.6898500785244007,-0.001289794868402404
cka_primary,19,bert,0.7121250444592486,0.024408347185958253
cka_primary,19,mpnet,0.680013325807176,-0.00965478065110048
cka_primary,19,minilm,0.6726026276660325,-0.0023160965415289533
cka_primary,19,pubmedbert,0.6818440285335537,0.01973998752198843
cka_primary,19,biobert,0.6650200054987072,-0.01924659456714771
cka_primary,19,simcse,0.6312117780221201,-0.005554247188800364
cka_primary,20,specter,0.5764999026525712,-0.02795040380346963
cka_primary,20,specter2,0.6084231374573578,0.015882694885130094
cka_primary,20,scincl,0.6036232595600208,-0.0018692165073518835
cka_primary,20,scibert,0.6208320381892004,0.010175253589270739
cka_primary,20,bert,0.6293164704275108,0.02208286194709372
cka_primary,20,mpnet,0.6188259963178759,0.009640978652472931
cka_primary,20,minilm,0.6016377368223117,0.007202101407623624
cka_primary,20,pubmedbert,0.5563887785693468,-0.02523217364934523
cka_primary,20,biobert,0.5711037788584977,-0.032679732414483915
cka_primary,20,simcse,0.5790305723111067,0.02274763589305948
cka_primary,21,specter,0.8081966046059978,0.017139436657606248
cka_primary,21,specter2,0.7817956426913226,0.002648338626744431
cka_primary,21,scincl,0.7841819377553475,-0.007917399804375842
cka_primary,21,scibert,0.7870379653851061,-0.010225680707174433
cka_primary,21,bert,0.7955770525542855,0.0017365825815177773
cka_primary,21,mpnet,0.7962580025544113,0.0004661233966574881
cka_primary,21,minilm,0.7780024115298543,-0.003040085377184488
cka_primary,21,pubmedbert,0.7753090679029508,0.007081254191908217
cka_primary,21,biobert,0.7934665914296801,0.0030762186643478926
cka_primary,21,simcse,0.7319250096803507,-0.010964788230047047
cka_primary,22,specter,0.629261876327291,-0.0017637829985339569
cka_primary,22,specter2,0.6307009277465982,0.011585132304586588
cka_primary,22,scincl,0.634031584647866,0.0019637557107092065
cka_primary,22,scibert,0.6203693212312419,-0.016862816238471953
cka_primary,22,bert,0.6373590473419269,0.003550085991725781
cka_primary,22,mpnet,0.6279405788259913,-0.00781979170919579
cka_primary,22,minilm,0.6026189153827561,-0.01839207290171606
cka_primary,22,pubmedbert,0.6199787658007301,0.011782460712254035
cka_primary,22,biobert,0.6333627453155104,0.0030038811727447984
cka_primary,22,simcse,0.5958114372437295,0.012953147955898216
cka_primary,23,specter,0.6569430980711398,0.0014094467801638465
cka_primary,23,specter2,0.6493850043228891,0.005761216915726532
cka_primary,23,scincl,0.6603261632575985,0.003750342355290765
cka_primary,23,scibert,0.6498044176158224,-0.011935711819042405
cka_primary,23,bert,0.6766804492724696,0.01836349595711744
cka_primary,23,mpnet,0.6622904404643114,0.0020220779639733813
cka_primary,23,minilm,0.6497061325907941,0.004187152341171051
cka_primary,23,pubmedbert,0.6320512317102432,-0.0006530653433837679
cka_primary,23,biobert,0.6423944305434869,-0.01247242556442977
cka_primary,23,simcse,0.5969337516663954,-0.010432529586586704
cka_primary,24,specter,0.6563180744601307,0.006483791361605768
cka_primary,24,specter2,0.6249334942983258,-0.012990924916385748
cka_primary,24,scincl,0.6592170549625489,0.008340602252692139
cka_primary,24,scibert,0.6687467332196255,0.012705971977211584
cka_primary,24,bert,0.6327121718442461,-0.019905413278655002
cka_primary,24,mpnet,0.6580965297465349,0.0035275354386477492
cka_primary,24,minilm,0.6503073077610504,0.010487695703878173
cka_primary,24,pubmedbert,0.632306279715734,0.005301350854557987
cka_primary,24,biobert,0.668664376992611,0.01949688907714542
cka_primary,24,simcse,0.5682194145898332,-0.033447498470697945
cka_primary,25,specter,0.6483028230983572,0.010498524516873485
cka_primary,25,specter2,0.6226310457748139,-0.0032633889228563437
cka_primary,25,scincl,0.6423921325806936,0.003545664387878166
cka_primary,25,scibert,0.6565317373714299,0.01252096064605738
cka_primary,25,bert,0.6120029600308327,-0.028584640575027062
cka_primary,25,mpnet,0.6434083519723841,0.0008693421815382488
cka_primary,25,minilm,0.618962882377752,-0.008826745162378876
cka_primary,25,pubmedbert,0.6403892680690949,0.025414323724960084
cka_primary,25,biobert,0.6581777353711987,0.021040231972774406
cka_primary,25,simcse,0.55642265577367,-0.03321427276981978
cka_primary,26,specter,0.6746118979670676,-0.004622654120320381
cka_primary,26,specter2,0.6840368564723343,0.016712168268759528
cka_primary,26,scincl,0.6805381909812491,0.0002614692825293474
cka_primary,26,scibert,0.7091406556202745,0.0236996253889976
cka_primary,26,bert,0.6905296996314978,0.008511845519733682
cka_primary,26,mpnet,0.6571300483957918,-0.026839214900958332
cka_primary,26,minilm,0.6521750875391247,-0.01704479350691051
cka_primary,26,pubmedbert,0.6671070559985626,0.010701858148523424
cka_primary,26,biobert,0.6351928725185121,-0.04337488438581653
cka_primary,26,simcse,0.6630617623548561,0.031994580305462
cka_primary,27,specter,0.5705251322669838,0.00884097486404107
cka_primary,27,specter2,0.5494103457730931,-0.00036394774603646746
cka_primary,27,scincl,0.5669036320026162,0.004177304988341605
cka_primary,27,scibert,0.5649868502372795,-0.00290378530955224
cka_primary,27,bert,0.5677405109199245,0.003273051492605619
cka_primary,27,mpnet,0.565840712879858,-0.0005781557324470166
cka_primary,27,minilm,0.5560332545675665,0.004363768205976454
cka_primary,27,pubmedbert,0.5268021149071446,-0.012052688258449443
cka_primary,27,biobert,0.5602261503028754,-0.0007912119170082363
cka_primary,27,simcse,0.509551476777479,-0.003965310587470159
cka_primary,28,specter,0.6563398291730508,-0.007706001057532398
cka_primary,28,specter2,0.6572382915444138,0.005102325197643975
cka_primary,28,scincl,0.6718140030847538,0.006726003242838847
cka_primary,28,scibert,0.6555728691854057,-0.014679439189066371
cka_primary,28,bert,0.656076589472233,-0.010752542782726218
cka_primary,28,mpnet,0.6801548020327806,0.011374260592835183
cka_primary,28,minilm,0.6622764791894808,0.00824532000025053
cka_primary,28,pubmedbert,0.6412115527086512,-4.9232845831495255e-06
cka_primary,28,biobert,0.6924688030235736,0.02908976797604981
cka_primary,28,simcse,0.5884836894968787,-0.027394770695710675
cka_primary,29,specter,0.6933704159174555,0.017268799894849234
cka_primary,29,specter2,0.6614624103838292,-0.002729341754963668
cka_primary,29,scincl,0.6872127598703012,0.01006897423636303
cka_primary,29,scibert,0.6664267299693099,-0.015881364197185357
cka_primary,29,bert,0.6670587223769958,-0.01182619566998671
cka_primary,29,mpnet,0.6924004953793372,0.01156416814736869
cka_primary,29,minilm,0.6770535561269766,0.010966611145723048
cka_primary,29,pubmedbert,0.6284223218408844,-0.02484993994437306
cka_primary,29,biobert,0.6762208873372053,0.0007860664976583579
cka_primary,29,simcse,0.6325664676291587,0.004632221644546192
cka_primary,30,specter,0.6837253987894764,0.02678245793659917
cka_primary,30,specter2,0.6319675692900667,-0.013065507678997144
cka_primary,30,scincl,0.657285951395007,-0.000699159069201865
cka_primary,30,scibert,0.6687167181640589,0.0055672991672928536
cka_primary,30,bert,0.6321504238702015,-0.027575819007051774
cka_primary,30,mpnet,0.6658989700943354,0.0042213180320960835
cka_primary,30,minilm,0.6424437683942077,-0.004484501417316637
cka_primary,30,pubmedbert,0.6458044010143983,0.011690814398870035
cka_primary,30,biobert,0.6704457439846789,0.014169598314861075
cka_primary,30,simcse,0.592169070137733,-0.01660650067715044
cka_primary,31,specter,0.6807961826903502,0.006280216052830665
cka_primary,31,specter2,0.6413144562601967,-0.021291646493509602
cka_primary,31,scincl,0.6756932193123529,0.00013508306350153
cka_primary,31,scibert,0.704467733194574,0.02374528841316544
cka_primary,31,bert,0.6827733647786491,0.005474096116753375
cka_primary,31,mpnet,0.6813906983571637,0.0021400205102818986
cka_primary,31,minilm,0.6590759518443161,-0.005425343751850886
cka_primary,31,pubmedbert,0.6726334536168507,0.020946841216679987
cka_primary,31,biobert,0.6756219224779292,0.001772751023468892
cka_primary,31,simcse,0.5925712904482038,-0.033777306151322045
cka_primary,32,specter,0.5936403634820818,-0.022238387582844823
cka_primary,32,specter2,0.6163950838510625,0.012426196669949128
cka_primary,32,scincl,0.6114141212356424,-0.005506799440616124
cka_primary,32,scibert,0.6189661984455544,-0.0031190307632611436
cka_primary,32,bert,0.619394421658465,0.0007323685691621081
cka_primary,32,mpnet,0.6167465815551967,-0.0038668807190921856
cka_primary,32,minilm,0.6187187065370892,0.012854626513515037
cka_primary,32,pubmedbert,0.5780747285185933,-0.014974668308984541
cka_primary,32,biobert,0.6191091602662842,0.0038972043844168005
cka_primary,32,simcse,0.587506751704689,0.019795370677756014
cka_primary,33,specter,0.5726600892204061,-0.04063657630235957
cka_primary,33,specter2,0.6019308544953925,0.0005440528564402013
cka_primary,33,scincl,0.6039240228411575,-0.010414812292940032
cka_primary,33,scibert,0.6298193419322773,0.0103161982656228
cka_primary,33,bert,0.6349958507543422,0.018915883207200376
cka_primary,33,mpnet,0.6163710179644379,-0.0016603587676899585
cka_primary,33,minilm,0.5991804297729925,-0.004101564708420491
cka_primary,33,pubmedbert,0.5851764869326194,-0.005290824352797485
cka_primary,33,biobert,0.6117634337324511,-0.0008664366072553461
cka_primary,33,simcse,0.5983237341869717,0.0331944387021998
cka_primary,34,specter,0.6526069149918131,0.022551090651537303
cka_primary,34,specter2,0.6223297484505111,0.004183787994048628
cka_primary,34,scincl,0.6454390356001075,0.014341041648499833
cka_primary,34,scibert,0.6218455334460147,-0.014416769038149998
cka_primary,34,bert,0.629370359081628,-0.003468767283023983
cka_primary,34,mpnet,0.6389617383607527,0.004171202811114654
cka_primary,34,minilm,0.6266234729282486,0.006582319629325502
cka_primary,34,pubmedbert,0.5814353534219219,-0.02579111668100504
cka_primary,34,biobert,0.6390260989223425,0.00963706976512604
cka_primary,34,simcse,0.5640985948048095,-0.017789859497472596
cka_primary,35,specter,0.6571282341212412,0.01444362670181291
cka_primary,35,specter2,0.6331516636383046,0.0023769201026895034
cka_primary,35,scincl,0.6453079257547216,0.0015811487239614725
cka_primary,35,scibert,0.6388137766511106,-0.01007730891220662
cka_primary,35,bert,0.6395196363216678,-0.005948273122136823
cka_primary,35,mpnet,0.6528089413814774,0.005389622752686902
cka_primary,35,minilm,0.6353660727267294,0.0026961363486538315
cka_primary,35,pubmedbert,0.6058709750018397,-0.013984278180239717
cka_primary,35,biobert,0.6490897300916857,0.007071917855316628
cka_primary,35,simcse,0.5909677251108968,-0.0035495122705377913
cka_primary,36,specter,0.5781987085482416,-0.010489062247485728
cka_primary,36,specter2,0.5834609713276356,0.006683064415721505
cka_primary,36,scincl,0.5669297531076894,-0.02280018729936986
cka_primary,36,scibert,0.5896858737303051,-0.005208375209311006
cka_primary,36,bert,0.5980699426067992,0.006598869786695734
cka_primary,36,mpnet,0.5939200108172541,0.000497528812164484
cka_primary,36,minilm,0.5863939295912902,0.0077208298369155276
cka_primary,36,pubmedbert,0.5555808006226415,-0.010277615935736938
cka_primary,36,biobert,0.5922556157298141,0.004234640117146051
cka_primary,36,simcse,0.5635607084809952,0.023040307723261537
rsa_spearman_primary,11,specter,0.5533157005378171,0.01473419478825513
rsa_spearman_primary,11,specter2,0.3998634588132284,-0.06570277060755506
rsa_spearman_primary,11,scincl,0.5441259754956734,0.028143733707700267
rsa_spearman_primary,11,scibert,0.5636342896395097,-0.0019806526849435796
rsa_spearman_primary,11,bert,0.5831026244380513,-2.1492220311188543e-05
rsa_spearman_primary,11,mpnet,0.5802635231706547,0.009639553964023927
rsa_spearman_primary,11,minilm,0.5811379460763751,0.012170673196120653
rsa_spearman_primary,11,pubmedbert,0.5626952932851618,0.0006470538993375512
rsa_spearman_primary,11,biobert,0.5610844300770679,-0.0013336291174562574
rsa_spearman_primary,11,simcse,0.5030630672493074,0.0037033350748282537
rsa_spearman_primary,12,specter,0.5269161000407137,-0.006030932732306766
rsa_spearman_primary,12,specter2,0.47592187765831884,0.015990121214076874
rsa_spearman_primary,12,scincl,0.5248221584643472,0.014474389652915538
rsa_spearman_primary,12,scibert,0.5768010941189312,0.01682062477101955
rsa_spearman_primary,12,bert,0.557031972524174,-0.020457671157646778
rsa_spearman_primary,12,mpnet,0.5554021766825975,-0.009587319547491653
rsa_spearman_primary,12,minilm,0.562334822064166,-0.0009979778395469647
rsa_spearman_primary,12,pubmedbert,0.5771710723462904,0.020757305937007635
rsa_spearman_primary,12,biobert,0.551387925858394,-0.005395660359588704
rsa_spearman_primary,12,simcse,0.4681523792594972,-0.025572879938440336
rsa_spearman_primary,13,specter,0.5101645329916453,-0.018748317608118778
rsa_spearman_primary,13,specter2,0.44854053264708466,-0.007357041623900915
rsa_spearman_primary,13,scincl,0.5161643859140113,0.00985079927583616
rsa_spearman_primary,13,scibert,0.5569919399536469,0.0010456527789916878
rsa_spearman_primary,13,bert,0.5822381342105623,0.008782672701997852
rsa_spearman_primary,13,mpnet,0.5608020632432384,-0.0001532508135942967
rsa_spearman_primary,13,minilm,0.5631715520073955,0.0038729342769391207
rsa_spearman_primary,13,pubmedbert,0.5552576405152444,0.0028780562792180614
rsa_spearman_primary,13,biobert,0.574650137705425,0.021900733660698717
rsa_spearman_primary,13,simcse,0.4676188380966133,-0.02207223892806778
rsa_spearman_primary,14,specter,0.5089371056293097,-0.02192345745642367
rsa_spearman_primary,14,specter2,0.4934031897242416,0.0355579029672867
rsa_spearman_primary,14,scincl,0.4950052667352479,-0.013256032388896574
rsa_spearman_primary,14,scibert,0.5492759985776685,-0.008618001082956024
rsa_spearman_primary,14,bert,0.5651095608486072,-0.010293613145926608
rsa_spearman_primary,14,mpnet,0.5750722880981233,0.012169261555321213
rsa_spearman_primary,14,minilm,0.5669020471611647,0.005655716944738851
rsa_spearman_primary,14,pubmedbert,0.5319093314725163,-0.022417965249479293
rsa_spearman_primary,14,biobert,0.5435139519667451,-0.011183164563950323
rsa_spearman_primary,14,simcse,0.5259481419309353,0.03430935242028484
rsa_spearman_primary,15,specter,0.6274309065653259,0.030773062268655147
rsa_spearman_primary,15,specter2,0.5345115761901724,0.010869008222280171
rsa_spearman_primary,15,scincl,0.5809565350826338,0.006897954747551943
rsa_spearman_primary,15,scibert,0.6089871236626493,-0.014704157208912617
rsa_spearman_primary,15,bert,0.6313548955877415,-0.00984555961772957
rsa_spearman_primary,15,mpnet,0.633899448109802,0.005199140356062664
rsa_spearman_primary,15,minilm,0.6233052623248131,-0.0037383491025502324
rsa_spearman_primary,15,pubmedbert,0.6020354089669682,-0.018089168965964894
rsa_spearman_primary,15,biobert,0.6053397915387642,-0.015154606202868792
rsa_spearman_primary,15,simcse,0.565228746225063,0.007792675503475233
rsa_spearman_primary,16,specter,0.6100195211252152,0.0309276587970105
rsa_spearman_primary,16,specter2,0.5004045567520783,-0.00567202924734785
rsa_spearman_primary,16,scincl,0.5486352056567878,-0.007857392709828073
rsa_spearman_primary,16,scibert,0.6077659696266486,0.001640670723552932
rsa_spearman_primary,16,bert,0.6469871875024339,0.023352714265428905
rsa_spearman_primary,16,mpnet,0.6155637488261095,0.004429423040835995
rsa_spearman_primary,16,minilm,0.6086161082355067,-0.0008615212233905353
rsa_spearman_primary,16,pubmedbert,0.5850466800941834,-0.01751191587028347
rsa_spearman_primary,16,biobert,0.5541946307755202,-0.048733784997646544
rsa_spearman_primary,16,simcse,0.5601562659747904,0.020286177221668644
rsa_spearman_primary,17,specter,0.46078509052972916,-0.04066412965210228
rsa_spearman_primary,17,specter2,0.4487855814841304,0.020351637631077377
rsa_spearman_primary,17,scincl,0.40164449561714416,-0.07720546060309841
rsa_spearman_primary,17,scibert,0.5404631209745911,0.011980464217868518
rsa_spearman_primary,17,bert,0.5564337992798509,0.010441968189219017
rsa_spearman_primary,17,mpnet,0.5230465757438499,-0.010445107895050364
rsa_spearman_primary,17,minilm,0.5346224361088561,0.0027874487963320447
rsa_spearman_primary,17,pubmedbert,0.5465499824961422,0.021634028678048263
rsa_spearman_primary,17,biobert,0.5486399849913007,0.023354211364507056
rsa_spearman_primary,17,simcse,0.4999923858799477,0.037764939273199155
rsa_spearman_primary,18,specter,0.44849009381189187,-0.06691438014472101
rsa_spearman_primary,18,specter2,0.479502196044189,0.037112998416354466
rsa_spearman_primary,18,scincl,0.4629742893000356,-0.02983092069498863
rsa_spearman_primary,18,scibert,0.5432657397884313,0.0008278292569271484
rsa_spearman_primary,18,bert,0.5684954069337051,0.008548322068291765
rsa_spearman_primary,18,mpnet,0.5609854072654638,0.013538469851781816
rsa_spearman_primary,18,minilm,0.5471537441807509,0.0013635030934453383
rsa_spearman_primary,18,pubmedbert,0.545452201203164,0.006580993610288608
rsa_spearman_primary,18,biobert,0.5467193194610648,0.00747829205948959
rsa_spearman_primary,18,simcse,0.4974775928646612,0.021294892483131014
rsa_spearman_primary,19,specter,0.603606480292516,0.026824268963218816
rsa_spearman_primary,19,specter2,0.46854945782807333,-0.035217477172445416
rsa_spearman_primary,19,scincl,0.5617960072350558,0.007613059867347517
rsa_spearman_primary,19,scibert,0.5976122248136645,-0.006203423090524056
rsa_spearman_primary,19,bert,0.6215319225974965,0.0002071003593988103
rsa_spearman_primary,19,mpnet,0.602424844102461,-0.006399830683905039
rsa_spearman_primary,19,minilm,0.6095829279307907,0.0024149494708009226
rsa_spearman_primary,19,pubmedbert,0.6216374384089604,0.021388493443400783
rsa_spearman_primary,19,biobert,0.6009866945186668,0.00036792974440722246
rsa_spearman_primary,19,simcse,0.5265653668525141,-0.010995070901700278
rsa_spearman_primary,20,specter,0.5317724661299978,-0.02180669193789855
rsa_spearman_primary,20,specter2,0.48551938393426486,0.004955502195146917
rsa_spearman_primary,20,scincl,0.5404123361197312,0.009432442013423525
rsa_spearman_primary,20,scibert,0.5810520557656297,0.00043946112284213673
rsa_spearman_primary,20,bert,0.5897555451781561,-0.008366223798540746
rsa_spearman_primary,20,mpnet,0.5911992337649978,0.005577612240032664
rsa_spearman_primary,20,minilm,0.586505825919398,0.002540900720808913
rsa_spearman_primary,20,pubmedbert,0.5759542423702523,-0.001091649333906523
rsa_spearman_primary,20,biobert,0.5742025667532397,-0.0032131447596189305
rsa_spearman_primary,20,simcse,0.5258891760305231,0.011531791537709581
rsa_spearman_primary,21,specter,0.6993355662491392,0.03226580600938304
rsa_spearman_primary,21,specter2,0.6335347493057691,0.039480265394791526
rsa_spearman_primary,21,scincl,0.6455732962382994,0.001102799960132122
rsa_spearman_primary,21,scibert,0.6835814275732203,-0.01052176924142709
rsa_spearman_primary,21,bert,0.7012835357414762,-0.010328835407080314
rsa_spearman_primary,21,mpnet,0.7077865697974666,0.008674346100641562
rsa_spearman_primary,21,minilm,0.6905838427000269,-0.006871684670421725
rsa_spearman_primary,21,pubmedbert,0.6840154370013053,-0.0065210568747131915
rsa_spearman_primary,21,biobert,0.6815735071466671,-0.009332806538051174
rsa_spearman_primary,21,simcse,0.5899009219314189,-0.03794706473325433
rsa_spearman_primary,22,specter,0.5017673613695516,0.007081383995128439
rsa_spearman_primary,22,specter2,0.4567543837612522,0.03508368271560755
rsa_spearman_primary,22,scincl,0.42950108380838614,-0.04258562960444818
rsa_spearman_primary,22,scibert,0.5319577582212942,0.010238344271979734
rsa_spearman_primary,22,bert,0.5421783061869454,0.0029497179037217577
rsa_spearman_primary,22,mpnet,0.511087114320918,-0.01564132651057399
rsa_spearman_primary,22,minilm,0.494987102358734,-0.030084642146381783
rsa_spearman_primary,22,pubmedbert,0.5298877545579526,0.011735043547266979
rsa_spearman_primary,22,biobert,0.5289300417806581,0.010407510961272681
rsa_spearman_primary,22,simcse,0.46628011866576674,0.01081591486642648
rsa_spearman_primary,23,specter,0.5603304929096931,0.014336450181986087
rsa_spearman_primary,23,specter2,0.44750713795613467,-0.025471628442793777
rsa_spearman_primary,23,scincl,0.5364533098319002,0.013058531065782253
rsa_spearman_primary,23,scibert,0.5648117231250629,-0.008215756177535252
rsa_spearman_primary,23,bert,0.5965813782455867,0.006044724609079381
rsa_spearman_primary,23,mpnet,0.5805906801923103,0.0025541740075346597
rsa_spearman_primary,23,minilm,0.5863588266488304,0.009979016790431117
rsa_spearman_primary,23,pubmedbert,0.5762995856787492,0.006838809314779882
rsa_spearman_primary,23,biobert,0.5701743922209019,0.00034379604823279547
rsa_spearman_primary,23,simcse,0.48730415175512704,-0.01946811739749695
rsa_spearman_primary,24,specter,0.5725688376920224,0.02075210959197195
rsa_spearman_primary,24,specter2,0.4624113308066948,-0.016390120964577086
rsa_spearman_primary,24,scincl,0.5549035731755929,0.025686109037131297
rsa_spearman_primary,24,scibert,0.5888159451500062,0.009965780475064757
rsa_spearman_primary,24,bert,0.5931525053744812,-0.0032068336343696385
rsa_spearman_primary,24,mpnet,0.5799433043894252,-0.003915887167694026
rsa_spearman_primary,24,minilm,0.5898096825894246,0.007607187358681723
rsa_spearman_primary,24,pubmedbert,0.5665207951273687,-0.008762666608944005
rsa_spearman_primary,24,biobert,0.5856626593474238,0.01000937780241121
rsa_spearman_primary,24,simcse,0.4708498986352912,-0.04174505588967633
rsa_spearman_primary,25,specter,0.5916551902879045,0.020684215791668632
rsa_spearman_primary,25,specter2,0.48639740031159345,-0.011558297855863967
rsa_spearman_primary,25,scincl,0.5656424807269729,0.017270770192325827
rsa_spearman_primary,25,scibert,0.6029760959767404,0.004971684905613277
rsa_spearman_primary,25,bert,0.6092603264524175,-0.006253258952618888
rsa_spearman_primary,25,mpnet,0.5932297231874746,-0.009783714765830114
rsa_spearman_primary,25,minilm,0.5821298448572909,-0.01922689676963749
rsa_spearman_primary,25,pubmedbert,0.59999724556806,0.005559537435561849
rsa_spearman_primary,25,biobert,0.5993948127143869,0.004587284773188717
rsa_spearman_primary,25,simcse,0.5254978761667451,-0.0062513247544078165
rsa_spearman_primary,26,specter,0.5780720847143468,-0.0028395720191275453
rsa_spearman_primary,26,specter2,0.5634949322686039,0.05559855186390799
rsa_spearman_primary,26,scincl,0.5804271776183674,0.022114784846481755
rsa_spearman_primary,26,scibert,0.5965387163110139,-0.011406376997351734
rsa_spearman_primary,26,bert,0.6575892298260064,0.03213496218373149
rsa_spearman_primary,26,mpnet,0.5581106773017767,-0.05484344288876656
rsa_spearman_primary,26,minilm,0.5679079846402364,-0.04338943922393049
rsa_spearman_primary,26,pubmedbert,0.6026094080032567,-0.0017689823664800801
rsa_spearman_primary,26,biobert,0.574258884534781,-0.03048932564365561
rsa_spearman_primary,26,simcse,0.5765787234035805,0.034888840245188936
rsa_spearman_primary,27,specter,0.45665802895011204,-0.0072658457333394134
rsa_spearman_primary,27,specter2,0.3686734675704835,-0.02223513078418942
rsa_spearman_primary,27,scincl,0.4363596866037991,-0.004964924118063559
rsa_spearman_primary,27,scibert,0.4966985619089131,0.005741250650570333
rsa_spearman_primary,27,bert,0.5277457977762317,0.019279312183979696
rsa_spearman_primary,27,mpnet,0.47986060112748496,-0.01610573701303524
rsa_spearman_primary,27,minilm,0.49272599582971455,-0.001583645984429369
rsa_spearman_primary,27,pubmedbert,0.49156262756613966,0.004172019246425919
rsa_spearman_primary,27,biobert,0.4962062283507479,0.008445800222334258
rsa_spearman_primary,27,simcse,0.4392190024381139,0.014516901329745332
rsa_spearman_primary,28,specter,0.5248595060903486,-0.03506307152191965
rsa_spearman_primary,28,specter2,0.4962873098197185,0.009380008536228644
rsa_spearman_primary,28,scincl,0.548532750763665,0.01120943711298561
rsa_spearman_primary,28,scibert,0.5690304462753428,-0.017925567911816813
rsa_spearman_primary,28,bert,0.6078561254755406,0.003390936954471858
rsa_spearman_primary,28,mpnet,0.6029985676117628,0.011033526542425787
rsa_spearman_primary,28,minilm,0.6042567357977756,0.013948391054814787
rsa_spearman_primary,28,pubmedbert,0.580266279209399,-0.003123032039131767
rsa_spearman_primary,28,biobert,0.6060726140119818,0.022313482954751204
rsa_spearman_primary,28,simcse,0.5055366923543755,-0.015164111682809992
rsa_spearman_primary,29,specter,0.5815938943812625,0.0032135771811820676
rsa_spearman_primary,29,specter2,0.49037182855261285,-0.014993212318689046
rsa_spearman_primary,29,scincl,0.5861913574048256,0.030410304166334057
rsa_spearman_primary,29,scibert,0.590184857302501,-0.01522889647247061
rsa_spearman_primary,29,bert,0.6255478423361173,0.002624914227236455
rsa_spearman_primary,29,mpnet,0.625696567160466,0.015273786503316702
rsa_spearman_primary,29,minilm,0.6234672283085583,0.014701143977785361
rsa_spearman_primary,29,pubmedbert,0.5768899765533946,-0.024957074282948244
rsa_spearman_primary,29,biobert,0.5928805753707772,-0.00933629527426532
rsa_spearman_primary,29,simcse,0.5374502959175169,-0.0017082477074805826
rsa_spearman_primary,30,specter,0.5655227480135071,-0.0020884724236896407
rsa_spearman_primary,30,specter2,0.4888628494262244,-0.005733094682193728
rsa_spearman_primary,30,scincl,0.5221171874053262,-0.02289476907028154
rsa_spearman_primary,30,scibert,0.6001615620980707,0.0055169050859827555
rsa_spearman_primary,30,bert,0.6136883778038545,0.0015345464578574812
rsa_spearman_primary,30,mpnet,0.6118330171858823,0.012179333291616924
rsa_spearman_primary,30,minilm,0.6045984908378963,0.006601503270007069
rsa_spearman_primary,30,pubmedbert,0.5954123745526312,0.004334420479172195
rsa_spearman_primary,30,biobert,0.6009544760531861,0.00950670217102714
rsa_spearman_primary,30,simcse,0.5194323722826144,-0.008957074579499371
rsa_spearman_primary,31,specter,0.5432915315943284,0.0027812950380180254
rsa_spearman_primary,31,specter2,0.4454813737488036,-0.022013586478728395
rsa_spearman_primary,31,scincl,0.5342245589978611,0.016313586403139655
rsa_spearman_primary,31,scibert,0.5743446179550611,0.006800944823859413
rsa_spearman_primary,31,bert,0.5905223796317393,0.005469532166628445
rsa_spearman_primary,31,mpnet,0.5714537207978339,-0.0010989792155453593
rsa_spearman_primary,31,minilm,0.5451939606984507,-0.025702042988552127
rsa_spearman_primary,31,pubmedbert,0.5771181441489618,0.013141173956389066
rsa_spearman_primary,31,biobert,0.5776937746077675,0.013346984606494762
rsa_spearman_primary,31,simcse,0.4922495546695237,-0.009038908311703866
rsa_spearman_primary,32,specter,0.5018837371667427,-0.011371621560970614
rsa_spearman_primary,32,specter2,0.4594378472300614,0.019197764831126465
rsa_spearman_primary,32,scincl,0.48081019054985874,-0.009845904216265855
rsa_spearman_primary,32,scibert,0.5275986942576635,-0.012690101044941195
rsa_spearman_primary,32,bert,0.5486805416660011,-0.009117427970512812
rsa_spearman_primary,32,mpnet,0.5464367314706585,0.0011389092858763192
rsa_spearman_primary,32,minilm,0.5621305853869596,0.01848945952855368
rsa_spearman_primary,32,pubmedbert,0.5237769656526419,-0.012945126711333842
rsa_spearman_primary,32,biobert,0.5347075567853684,-0.002384355387307228
rsa_spearman_primary,32,simcse,0.4935619883984048,0.019528403245774192
rsa_spearman_primary,33,specter,0.46103382991345154,-0.029857270361978074
rsa_spearman_primary,33,specter2,0.4370278018224364,0.019151977875785195
rsa_spearman_primary,33,scincl,0.4449169794482262,-0.02337485686561458
rsa_spearman_primary,33,scibert,0.5368721841777475,0.018947647327426646
rsa_spearman_primary,33,bert,0.5160672035025012,-0.019366507681728776
rsa_spearman_primary,33,mpnet,0.5304061766126487,0.007472612880150208
rsa_spearman_primary,33,minilm,0.5222030930658413,0.0009262256597192388
rsa_spearman_primary,33,pubmedbert,0.5298618536425881,0.015504019730895954
rsa_spearman_primary,33,biobert,0.5253805146688513,0.01065286094845931
rsa_spearman_primary,33,simcse,0.45161261718723167,-5.6709513115161934e-05
rsa_spearman_primary,34,specter,0.5378110741628108,0.03136552800583655
rsa_spearman_primary,34,specter2,0.41030159719454384,-0.023128672633652012
rsa_spearman_primary,34,scincl,0.5080034495032807,0.024157167307895116
rsa_spearman_primary,34,scibert,0.535541128799397,0.0020621460675315107
rsa_spearman_primary,34,bert,0.5420917323351585,-0.008896424730616173
rsa_spearman_primary,34,mpnet,0.5360319652307619,-0.002456044383281175
rsa_spearman_primary,34,minilm,0.5408000057300852,0.003968692442418351
rsa_spearman_primary,34,pubmedbert,0.5248609648345919,-0.005051314958644724
rsa_spearman_primary,34,biobert,0.5318121474935898,0.001530047891653415
rsa_spearman_primary,34,simcse,0.4436726475727504,-0.0235511250091411
rsa_spearman_primary,35,specter,0.5901192554398542,0.03129408656315237
rsa_spearman_primary,35,specter2,0.43411541508554147,-0.051694477462381955
rsa_spearman_primary,35,scincl,0.5526663667133804,0.01644046179826739
rsa_spearman_primary,35,scibert,0.5983522782214649,0.012493672769871789
rsa_spearman_primary,35,bert,0.5881285552876269,-0.015239224497875355
rsa_spearman_primary,35,mpnet,0.5977149330529777,0.006847300719207016
rsa_spearman_primary,35,minilm,0.5915823807928103,0.0023714447854159427
rsa_spearman_primary,35,pubmedbert,0.5730777479880077,-0.009214154524956417
rsa_spearman_primary,35,biobert,0.584872510223486,0.002210787901821967
rsa_spearman_primary,35,simcse,0.5240934972490955,0.004490101947476615
rsa_spearman_primary,36,specter,0.4874607768480517,-0.0024598740228716776
rsa_spearman_primary,36,specter2,0.42134349295279205,0.004438118410647081
rsa_spearman_primary,36,scincl,0.4449609460255693,-0.022360440883765265
rsa_spearman_primary,36,scibert,0.5149557101095896,-0.001998377336225087
rsa_spearman_primary,36,bert,0.5310949103236372,-0.0033683514560865985
rsa_spearman_primary,36,mpnet,0.5366663048739324,0.01470319054594019
rsa_spearman_primary,36,minilm,0.5433634265834423,0.02305700858182645
rsa_spearman_primary,36,pubmedbert,0.5096705367361768,-0.0037168477710089773
rsa_spearman_primary,36,biobert,0.5038581740495446,-0.009899030266341079
rsa_spearman_primary,36,simcse,0.45230348149372485,0.0016046041978843603
procrustes_similarity_primary,11,specter,0.6674259548599516,0.00817090782466755
procrustes_similarity_primary,11,specter2,0.6401504806743041,-0.010670969676571503
procrustes_similarity_primary,11,scincl,0.6743067163572086,0.005949049898116411
procrustes_similarity_primary,11,scibert,0.6927575124025735,0.0025098208889792564
procrustes_similarity_primary,11,bert,0.6753323440717774,0.003800190326900722
procrustes_similarity_primary,11,mpnet,0.6452867915998524,-0.0023641172713969962
procrustes_similarity_primary,11,minilm,0.6119738259638621,-0.008212714387751828
procrustes_similarity_primary,11,pubmedbert,0.6760122069827874,0.003888279376908474
procrustes_similarity_primary,11,biobert,0.6702972480494473,0.0011723051006434042
procrustes_similarity_primary,11,simcse,0.6276754376193779,-0.004242752080495442
procrustes_similarity_primary,12,specter,0.6208404324399598,-0.02085337288458104
procrustes_similarity_primary,12,specter2,0.6235090903722417,-0.009751118267890609
procrustes_similarity_primary,12,scincl,0.6404798577468885,-0.010316567001460355
procrustes_similarity_primary,12,scibert,0.6745954445845581,0.001908994781707079
procrustes_similarity_primary,12,bert,0.6804547788761116,0.026483866841977937
procrustes_similarity_primary,12,mpnet,0.6197620893387744,-0.010327577821731672
procrustes_similarity_primary,12,minilm,0.5995758131161684,-0.0030494855247021396
procrustes_similarity_primary,12,pubmedbert,0.6531384531056267,-0.0014242327895090082
procrustes_similarity_primary,12,biobert,0.6518603725429091,0.00029667130484843803
procrustes_similarity_primary,12,simcse,0.6413897693504722,0.02703282136134196
procrustes_similarity_primary,13,specter,0.6587017179847208,0.01070326637053366
procrustes_similarity_primary,13,specter2,0.6359282845857624,-0.003636570344016247
procrustes_similarity_primary,13,scincl,0.6692072897291879,0.012106218691192513
procrustes_similarity_primary,13,scibert,0.6868590656638094,0.007867969571312083
procrustes_similarity_primary,13,bert,0.6489214358989801,-0.011354122424799705
procrustes_similarity_primary,13,mpnet,0.6311396032054087,-0.005254710244743826
procrustes_similarity_primary,13,minilm,0.5991116685236872,-0.009818276406829628
procrustes_similarity_primary,13,pubmedbert,0.6701546544542372,0.009287322269455143
procrustes_similarity_primary,13,biobert,0.6704128355428388,0.012544488015131786
procrustes_similarity_primary,13,simcse,0.5982160087815405,-0.02244558549723605
procrustes_similarity_primary,14,specter,0.6514175065790383,-0.011232861763134587
procrustes_similarity_primary,14,specter2,0.6665254957521525,0.01230872409438799
procrustes_similarity_primary,14,scincl,0.6634394347394879,-0.00831355302649333
procrustes_similarity_primary,14,scibert,0.6864176492284345,-0.007225363592048815
procrustes_similarity_primary,14,bert,0.6821005426044153,0.0071730675526496075
procrustes_similarity_primary,14,mpnet,0.6573935265727501,0.006347296394611747
procrustes_similarity_primary,14,minilm,0.6356935031630863,0.012111641504583512
procrustes_similarity_primary,14,pubmedbert,0.6599537145348413,-0.01556553437792644
procrustes_similarity_primary,14,biobert,0.6562838877411203,-0.01623637651457251
procrustes_similarity_primary,14,simcse,0.6559464707347045,0.02063295972794219
procrustes_similarity_primary,15,specter,0.693944405690162,0.005683733557923608
procrustes_similarity_primary,15,specter2,0.6758844391434732,-0.003942636304356712
procrustes_similarity_primary,15,scincl,0.6976590953762641,0.0002958038202175069
procrustes_similarity_primary,15,scibert,0.7139834385887941,-0.005269878021754493
procrustes_similarity_primary,15,bert,0.6945914395306236,-0.005946339311207644
procrustes_similarity_primary,15,mpnet,0.6824046423059792,0.005748108337775516
procrustes_similarity_primary,15,minilm,0.648501261276562,-0.0006909041720061854
procrustes_similarity_primary,15,pubmedbert,0.70129123183751,0.00016167913467672138
procrustes_similarity_primary,15,biobert,0.7019548773617144,0.003824309315956046
procrustes_similarity_primary,15,simcse,0.6610599384396039,0.00013612364277605494
procrustes_similarity_primary,16,specter,0.6721001638110443,0.007276305380290831
procrustes_similarity_primary,16,specter2,0.6452106519297189,-0.011179609816626123
procrustes_similarity_primary,16,scincl,0.6685371795137238,-0.0053892983408379
procrustes_similarity_primary,16,scibert,0.7062737059612962,0.010457203052232336
procrustes_similarity_primary,16,bert,0.6741411249714164,-0.0029598401689298307
procrustes_similarity_primary,16,mpnet,0.644024099840311,-0.009195620426407992
procrustes_similarity_primary,16,minilm,0.6115121627388936,-0.014243189008189636
procrustes_similarity_primary,16,pubmedbert,0.6932154724954848,0.015522733494136366
procrustes_similarity_primary,16,biobert,0.691230322992276,0.016536568648002584
procrustes_similarity_primary,16,simcse,0.6306617482816725,-0.006825252813670413
procrustes_similarity_primary,17,specter,0.6392163556935327,-0.0066171555684161575
procrustes_similarity_primary,17,specter2,0.6563262406435784,0.01892632606603786
procrustes_similarity_primary,17,scincl,0.6567072208667892,0.0017710901810321768
procrustes_similarity_primary,17,scibert,0.676607770558126,-0.00021838518213312952
procrustes_similarity_primary,17,bert,0.6574776603143904,-0.0006329576571514092
procrustes_similarity_primary,17,mpnet,0.6271321216444913,-0.007097251453422869
procrustes_similarity_primary,17,minilm,0.6140710214190045,0.007306016840725836
procrustes_similarity_primary,17,pubmedbert,0.6514836780418995,-0.0072187137906440935
procrustes_similarity_primary,17,biobert,0.6418703849550088,-0.013833022220459876
procrustes_similarity_primary,17,simcse,0.6261107067109694,0.00761405278443107
procrustes_similarity_primary,18,specter,0.6676373950486508,-0.009561451932990381
procrustes_similarity_primary,18,specter2,0.6800922840500861,0.011327033752853488
procrustes_similarity_primary,18,scincl,0.6820107505739319,-0.004290715831517387
procrustes_similarity_primary,18,scibert,0.700730632134919,-0.007460859325032352
procrustes_similarity_primary,18,bert,0.690189291938793,0.0007133382475592217
procrustes_similarity_primary,18,mpnet,0.672767424926922,0.0071727161093156295
procrustes_similarity_primary,18,minilm,0.6488466536750637,0.010716313377092704
procrustes_similarity_primary,18,pubmedbert,0.6807367795857918,-0.009330947966444169
procrustes_similarity_primary,18,biobert,0.6762770763489339,-0.010791666546227072
procrustes_similarity_primary,18,simcse,0.6613682297616221,0.011506240115391598
procrustes_similarity_primary,19,specter,0.6888724533498143,0.00042848939485129467
procrustes_similarity_primary,19,specter2,0.6644254747540232,-0.015584892516531156
procrustes_similarity_primary,19,scincl,0.6955783125482424,-0.0019682708305287016
procrustes_similarity_primary,19,scibert,0.7190038393885777,-0.00043276904469554306
procrustes_similarity_primary,19,bert,0.7154026050045973,0.01468153434004154
procrustes_similarity_primary,19,mpnet,0.6772275588153555,0.000387733024427048
procrustes_similarity_primary,19,minilm,0.6458879879242935,-0.0034874693469993203
procrustes_similarity_primary,19,pubmedbert,0.7060659449685107,0.004753100442952913
procrustes_similarity_primary,19,biobert,0.694088408782688,-0.0042254510857949
procrustes_similarity_primary,19,simcse,0.666555102241828,0.0054479956222756405
procrustes_similarity_primary,20,specter,0.6574396320158543,-0.013363150447871211
procrustes_similarity_primary,20,specter2,0.665028855009734,0.002659669230416951
procrustes_similarity_primary,20,scincl,0.672743437861459,-0.007161964026074792
procrustes_similarity_primary,20,scibert,0.6993631152087894,-0.002432311733246465
procrustes_similarity_primary,20,bert,0.6978455603657019,0.014765671192383652
procrustes_similarity_primary,20,mpnet,0.6630119417744577,0.0038132974747667994
procrustes_similarity_primary,20,minilm,0.6413164836165977,0.009582207836542364
procrustes_similarity_primary,20,pubmedbert,0.6712720966648925,-0.012399566369427826
procrustes_similarity_primary,20,biobert,0.6660994556814747,-0.014573222695770672
procrustes_similarity_primary,20,simcse,0.6625752946665954,0.01910936953828051
procrustes_similarity_primary,21,specter,0.7121168384954654,0.004167355047286504
procrustes_similarity_primary,21,specter2,0.6968498076923489,-0.0026660790714213936
procrustes_similarity_primary,21,scincl,0.7172601289222305,0.00020802605024347918
procrustes_similarity_primary,21,scibert,0.7332650432923589,-0.005677084634130241
procrustes_similarity_primary,21,bert,0.7226456941144194,0.0024191039566477824
procrustes_similarity_primary,21,mpnet,0.7010650591229478,0.0047197138388038245
procrustes_similarity_primary,21,minilm,0.6693208502877865,0.0004398735232779992
procrustes_similarity_primary,21,pubmedbert,0.7199328066488097,-0.0008855573699639482
procrustes_similarity_primary,21,biobert,0.7139484166510403,-0.0038709627106583927
procrustes_similarity_primary,21,simcse,0.6817582374826839,0.0011456113699156692
procrustes_similarity_primary,22,specter,0.6356033632691406,0.0005286579294674971
procrustes_similarity_primary,22,specter2,0.636717598818469,0.01007649016320432
procrustes_similarity_primary,22,scincl,0.6492651662337806,0.005087841470299244
procrustes_similarity_primary,22,scibert,0.669649688407586,0.003582338589602515
procrustes_similarity_primary,22,bert,0.6488395108201012,0.0014876987708352602
procrustes_similarity_primary,22,mpnet,0.6119247423659613,-0.011545824809677117
procrustes_similarity_primary,22,minilm,0.5863252271933066,-0.009680971462696296
procrustes_similarity_primary,22,pubmedbert,0.6484633783660414,0.00051979245577337
procrustes_similarity_primary,22,biobert,0.639475642534947,-0.005468958718246079
procrustes_similarity_primary,22,simcse,0.6131507836157003,0.005412935611437704
procrustes_similarity_primary,23,specter,0.674611295594347,0.0013592753199862405
procrustes_similarity_primary,23,specter2,0.6578856248461946,-0.006932798743757629
procrustes_similarity_primary,23,scincl,0.6835461430810378,0.0011915033828688735
procrustes_similarity_primary,23,scibert,0.7015976131361364,-0.002647051616534656
procrustes_similarity_primary,23,bert,0.6941124823058527,0.008583355321899121
procrustes_similarity_primary,23,mpnet,0.662264580216854,0.0006166981065279057
procrustes_similarity_primary,23,minilm,0.6317860115763082,-0.00239750201438238
procrustes_similarity_primary,23,pubmedbert,0.6874039829679669,0.0012830821230113882
procrustes_similarity_primary,23,biobert,0.6795390430375363,-0.0035828731503442113
procrustes_similarity_primary,23,simcse,0.6484414742096758,0.002526311270725717
procrustes_similarity_primary,24,specter,0.6831882826538158,0.011647827874725378
procrustes_similarity_primary,24,specter2,0.6627061881431082,-0.0004006699515738399
procrustes_similarity_primary,24,scincl,0.6869427238350021,0.006299649632103425
procrustes_similarity_primary,24,scibert,0.7077912933084499,0.0052581940510491275
procrustes_similarity_primary,24,bert,0.6674859243451954,-0.016331637143487968
procrustes_similarity_primary,24,mpnet,0.6638278980409793,0.0038915814259234097
procrustes_similarity_primary,24,minilm,0.6318039884754372,-0.0006679596199830668
procrustes_similarity_primary,24,pubmedbert,0.6898891236869787,0.0054797883372933575
procrustes_similarity_primary,24,biobert,0.6932942709223355,0.011883920229725212
procrustes_similarity_primary,24,simcse,0.6171429026079055,-0.027060694835774494
procrustes_similarity_primary,25,specter,0.6652844706017964,0.00403654625666805
procrustes_similarity_primary,25,specter2,0.6532321907299291,0.0004178630692091999
procrustes_similarity_primary,25,scincl,0.6730334918656885,0.0026829480967519212
procrustes_similarity_primary,25,scibert,0.6958280995015942,0.0035875306781555124
procrustes_similarity_primary,25,bert,0.6633215660669837,-0.01020346498773751
procrustes_similarity_primary,25,mpnet,0.6484788327829257,-0.0011649533981679732
procrustes_similarity_primary,25,minilm,0.6177926534199714,-0.004386764241486849
procrustes_similarity_primary,25,pubmedbert,0.6823595997057622,0.008242794790039
procrustes_similarity_primary,25,biobert,0.6785010536362821,0.0073832333776338264
procrustes_similarity_primary,25,simcse,0.6233153333686515,-0.01059573364106619
procrustes_similarity_primary,26,specter,0.6485891401399095,-0.008966826881508516
procrustes_similarity_primary,26,specter2,0.6541686686256852,0.005046298288675582
procrustes_similarity_primary,26,scincl,0.666514164758717,-0.00014442168650920085
procrustes_similarity_primary,26,scibert,0.6961017133178735,0.0075531018181451935
procrustes_similarity_primary,26,bert,0.6783013353274012,0.008468261596390457
procrustes_similarity_primary,26,mpnet,0.6400786721169391,-0.005873156740444221
procrustes_similarity_primary,26,minilm,0.6219990707083656,0.003511610370617757
procrustes_similarity_primary,26,pubmedbert,0.6677385341437098,-0.002686313448303205
procrustes_similarity_primary,26,biobert,0.6517778657750275,-0.01564799715991045
procrustes_similarity_primary,26,simcse,0.6389585535288554,0.00873944384284796
procrustes_similarity_primary,27,specter,0.6361103114589692,0.013237156529228016
procrustes_similarity_primary,27,specter2,0.6215761645665656,0.007136606321232968
procrustes_similarity_primary,27,scincl,0.6430864505381849,0.01111067618463562
procrustes_similarity_primary,27,scibert,0.6609298743989506,0.007064074990899178
procrustes_similarity_primary,27,bert,0.6196519641738445,-0.015498297465489499
procrustes_similarity_primary,27,mpnet,0.6046981950133711,-0.006570821752335365
procrustes_similarity_primary,27,minilm,0.5767114819252313,-0.007093166320839734
procrustes_similarity_primary,27,pubmedbert,0.6412834949683337,0.005541459467997691
procrustes_similarity_primary,27,biobert,0.6408965474221691,0.00815349657890807
procrustes_similarity_primary,27,simcse,0.5724551130600936,-0.023081184534236947
procrustes_similarity_primary,28,specter,0.6865752329507598,-0.0005940140304936516
procrustes_similarity_primary,28,specter2,0.6863939520165401,0.007658301719695171
procrustes_similarity_primary,28,scincl,0.7008554184399693,0.004583552034907641
procrustes_similarity_primary,28,scibert,0.7144230395929817,-0.0037388518665821082
procrustes_similarity_primary,28,bert,0.6859796098815489,-0.013466743809297292
procrustes_similarity_primary,28,mpnet,0.6814225462323313,0.005857437415112503
procrustes_similarity_primary,28,minilm,0.6500507732480174,0.0019500329504341662
procrustes_similarity_primary,28,pubmedbert,0.7022142290516953,0.0021761014998471
procrustes_similarity_primary,28,biobert,0.7064610412390492,0.009421898344275944
procrustes_similarity_primary,28,simcse,0.645984675387943,-0.013847714257899867
procrustes_similarity_primary,29,specter,0.6987824903844848,0.009145211568744371
procrustes_similarity_primary,29,specter2,0.6786276505039045,-0.0025760316274272676
procrustes_similarity_primary,29,scincl,0.7033729070661934,0.004633008826644907
procrustes_similarity_primary,29,scibert,0.7160086956829651,-0.0046212276110855705
procrustes_similarity_primary,29,bert,0.6926955376841745,-0.00921884784115871
procrustes_similarity_primary,29,mpnet,0.685045243360357,0.00701210270865138
procrustes_similarity_primary,29,minilm,0.653880193360657,0.0033114212285868406
procrustes_similarity_primary,29,pubmedbert,0.6993635905971236,-0.003142568789211634
procrustes_similarity_primary,29,biobert,0.7003998025803602,0.0008926278511000153
procrustes_similarity_primary,29,simcse,0.6568647251654859,-0.005435696314843839
procrustes_similarity_primary,30,specter,0.6822021261361698,0.008904480340674628
procrustes_similarity_primary,30,specter2,0.6552790246689603,-0.009585024442126425
procrustes_similarity_primary,30,scincl,0.6843806144083385,0.0019803491890351627
procrustes_similarity_primary,30,scibert,0.709867740967892,0.0055774506940865255
procrustes_similarity_primary,30,bert,0.6775563438879031,-0.0080184086171847
procrustes_similarity_primary,30,mpnet,0.6615064168183505,-0.00018709081310991978
procrustes_similarity_primary,30,minilm,0.6261764080130761,-0.00805273109874887
procrustes_similarity_primary,30,pubmedbert,0.6942723904372912,0.00810586407120115
procrustes_similarity_primary,30,biobert,0.6938153880410378,0.010647846332022846
procrustes_similarity_primary,30,simcse,0.6365880528042344,-0.009372735655850197
procrustes_similarity_primary,31,specter,0.6682040873334415,-0.0004788767121408262
procrustes_similarity_primary,31,specter2,0.6529156471607497,-0.007333720200424036
procrustes_similarity_primary,31,scincl,0.6784591688971856,0.0006735854277950784
procrustes_similarity_primary,31,scibert,0.7082259677027949,0.008550359178902369
procrustes_similarity_primary,31,bert,0.6822595190922236,0.0012994483370485982
procrustes_similarity_primary,31,mpnet,0.6560494501637595,-0.0010293757177881613
procrustes_similarity_primary,31,minilm,0.6273317675581169,-0.0022826898037950657
procrustes_similarity_primary,31,pubmedbert,0.6874436348350631,0.005891790218885874
procrustes_similarity_primary,31,biobert,0.6822597667983956,0.0037069068392935087
procrustes_similarity_primary,31,simcse,0.6323486791423953,-0.008997427567776254
procrustes_similarity_primary,32,specter,0.6664577617505295,-0.007977739300721716
procrustes_similarity_primary,32,specter2,0.6763382521097766,0.010336347742934052
procrustes_similarity_primary,32,scincl,0.6776884724405277,-0.005849648034531622
procrustes_similarity_primary,32,scibert,0.6978298199086896,-0.007598325620871827
procrustes_similarity_primary,32,bert,0.6884321315852945,0.0017195238244505579
procrustes_similarity_primary,32,mpnet,0.6640821749162118,0.0012508120289953146
procrustes_similarity_primary,32,minilm,0.6444228242889312,0.009055829921350147
procrustes_similarity_primary,32,pubmedbert,0.680173996374256,-0.007130385247590033
procrustes_similarity_primary,32,biobert,0.6816265523529043,-0.0026788446118668117
procrustes_similarity_primary,32,simcse,0.6559710730136925,0.008872429297852012
procrustes_similarity_primary,33,specter,0.6263082424291923,-0.016097913907675874
procrustes_similarity_primary,33,specter2,0.6344800465536513,0.0005074869011916721
procrustes_similarity_primary,33,scincl,0.6427533541584595,-0.008755421602216798
procrustes_similarity_primary,33,scibert,0.670292831527306,-0.0031059692878725206
procrustes_similarity_primary,33,bert,0.6710171643004966,0.016333901254035776
procrustes_similarity_primary,33,mpnet,0.6259248085640549,-0.004877209608778614
procrustes_similarity_primary,33,minilm,0.6071642377071154,0.0038265880539175446
procrustes_similarity_primary,33,pubmedbert,0.6505007994581467,-0.004774237449316253
procrustes_similarity_primary,33,biobert,0.6483921503336938,-0.003883901916694311
procrustes_similarity_primary,33,simcse,0.6358959765648662,0.020826677563408662
procrustes_similarity_primary,34,specter,0.6900917971260068,0.008856349587458635
procrustes_similarity_primary,34,specter2,0.6729185501000923,0.00011669924595262653
procrustes_similarity_primary,34,scincl,0.6934683418773937,0.00313027491503738
procrustes_similarity_primary,34,scibert,0.7079156981907698,-0.004312393826088588
procrustes_similarity_primary,34,bert,0.6860568147075217,-0.007455739540619264
procrustes_similarity_primary,34,mpnet,0.6765168211891626,0.006885511814649075
procrustes_similarity_primary,34,minilm,0.6461023465022755,0.003935405647397559
procrustes_similarity_primary,34,pubmedbert,0.6909598689043033,-0.0031444592048396705
procrustes_similarity_primary,34,biobert,0.6951908962729373,0.004085552820869198
procrustes_similarity_primary,34,simcse,0.6418013887433193,-0.012097201459818185
procrustes_similarity_primary,35,specter,0.6839678041640638,0.007315113245700246
procrustes_similarity_primary,35,specter2,0.6613420686823567,-0.00687702555159823
procrustes_similarity_primary,35,scincl,0.6875312965348122,0.0017759861926404355
procrustes_similarity_primary,35,scibert,0.7048615354135869,-0.002783799983086915
procrustes_similarity_primary,35,bert,0.6820880527060081,-0.006841744921948161
procrustes_similarity_primary,35,mpnet,0.6710263624414403,0.005977809687111517
procrustes_similarity_primary,35,minilm,0.6395824651655673,0.0019982809308740513
procrustes_similarity_primary,35,pubmedbert,0.6900894745706458,0.0005679030816876004
procrustes_similarity_primary,35,biobert,0.6908034437602883,0.004280856928404976
procrustes_similarity_primary,35,simcse,0.6439024539731679,-0.005413379609784879
procrustes_similarity_primary,36,specter,0.6697901893693573,-0.0057173127986730465
procrustes_similarity_primary,36,specter2,0.6716932054021517,0.004619299918529878
procrustes_similarity_primary,36,scincl,0.6733204179784864,-0.011289703613351984
procrustes_similarity_primary,36,scibert,0.7001073796964316,-0.00639276694990888
procrustes_similarity_primary,36,bert,0.6877837912038152,-8.176738078846668e-07
procrustes_similarity_primary,36,mpnet,0.6697102556953286,0.005806891691333033
procrustes_similarity_primary,36,minilm,0.6427575967073704,0.006318601223010349
procrustes_similarity_primary,36,pubmedbert,0.6846572087779362,-0.003719173960688956
procrustes_similarity_primary,36,biobert,0.6853399937252802,-3.7404356270062974e-05
procrustes_similarity_primary,36,simcse,0.6585830313524464,0.010412386519826764
cka_raw,11,specter,0.6267802303420045,0.0120127837031493
cka_raw,11,specter2,0.5910013490643253,-0.013900319780917596
cka_raw,11,scincl,0.6261077693281677,0.009646003943332124
cka_raw,11,scibert,0.6076928667083256,0.00021818309989091796
cka_raw,11,bert,0.6150236294096761,0.0006886871385835361
cka_raw,11,mpnet,0.6276636155128659,0.008536964369867518
cka_raw,11,minilm,0.6056310959126814,0.005543136856628957
cka_raw,11,pubmedbert,0.5930511084898735,-0.003328279578210346
cka_raw,11,biobert,0.6033186017474733,-0.006759546758924527
cka_raw,11,simcse,0.5568182922407714,-0.012657612993399243
cka_raw,12,specter,0.5450296799658382,-0.03528064651860022
cka_raw,12,specter2,0.5594262547670367,-0.011018293923789588
cka_raw,12,scincl,0.578661822414888,-0.003342822815530913
cka_raw,12,scibert,0.5908959900041356,0.017878426550117683
cka_raw,12,bert,0.6252912281711934,0.045413406054517554
cka_raw,12,mpnet,0.5567416544252164,-0.027927876563365213
cka_raw,12,minilm,0.5491669417937095,-0.01646389710792621
cka_raw,12,pubmedbert,0.5584366809140409,-0.003485586999626447
cka_raw,12,biobert,0.5638873632423091,-0.01173366510967201
cka_raw,12,simcse,0.5809797415136283,0.04596095643387435
cka_raw,13,specter,0.6159009891890642,0.006122403413223725
cka_raw,13,specter2,0.5759125433528627,-0.0240002646293656
cka_raw,13,scincl,0.6245600748748315,0.013087170353010595
cka_raw,13,scibert,0.6047885072774418,0.0023026845320218703
cka_raw,13,bert,0.602824696075743,-0.006521385332335051
cka_raw,13,mpnet,0.6120876152685115,-0.0020501750114721748
cka_raw,13,minilm,0.598569905622025,0.003470807428987076
cka_raw,13,pubmedbert,0.6028377438418158,0.011447216636746404
cka_raw,13,biobert,0.6239290129837439,0.018839725340360713
cka_raw,13,simcse,0.5417888616399784,-0.02269818273117763
cka_raw,14,specter,0.5550123822910302,-0.024962996144489245
cka_raw,14,specter2,0.5955989260394288,0.02548932539752143
cka_raw,14,scincl,0.5745634719767186,-0.007106225204781238
cka_raw,14,scibert,0.5704134956607017,-0.0022691197443974126
cka_raw,14,bert,0.5816918845558328,0.0021490104880757346
cka_raw,14,mpnet,0.5986546577296601,0.014320074789997342
cka_raw,14,minilm,0.575906907632732,0.010611016780015168
cka_raw,14,pubmedbert,0.5379371067582566,-0.023650213106491846
cka_raw,14,biobert,0.5582522787763556,-0.017033801526706735
cka_raw,14,simcse,0.5571367653020918,0.02245292827125658
cka_raw,15,specter,0.7331740616276762,0.027891370034478575
cka_raw,15,specter2,0.6940589217612044,-0.0013579920383811246
cka_raw,15,scincl,0.7113109999450284,0.004333989605850384
cka_raw,15,scibert,0.6872983620597624,-0.010691566503014763
cka_raw,15,bert,0.6767793505176526,-0.02807083670778243
cka_raw,15,mpnet,0.7173141070731003,0.007672210975759504
cka_raw,15,minilm,0.68895373473511,-0.0016494692752849144
cka_raw,15,pubmedbert,0.6816221147344141,-0.005272518288012364
cka_raw,15,biobert,0.7088744413436893,0.008281047882948958
cka_raw,15,simcse,0.6588549145019518,-0.0011362356865613056
cka_raw,16,specter,0.7057164175838402,0.028921970878357017
cka_raw,16,specter2,0.6450647172942071,-0.021863951617663992
cka_raw,16,scincl,0.6496268822314093,-0.028861883220054327
cka_raw,16,scibert,0.6945545396338753,0.025052855958812657
cka_raw,16,bert,0.669369503094347,-0.006992439243373721
cka_raw,16,mpnet,0.6653228463409361,-0.015830804868690485
cka_raw,16,minilm,0.6401562546915804,-0.021958704431100103
cka_raw,16,pubmedbert,0.6947054411228453,0.03629905298813323
cka_raw,16,biobert,0.6889324565099133,0.016827307936887397
cka_raw,16,simcse,0.6199095009194913,-0.011593404381307503
cka_raw,17,specter,0.612546009987366,-0.014060712273658607
cka_raw,17,specter2,0.6341742892407499,0.017433344773337626
cka_raw,17,scincl,0.6295259379397435,0.0012248969327387504
cka_raw,17,scibert,0.6060978101360655,-0.013216149094538436
cka_raw,17,bert,0.6131338407358938,-0.013040377157368006
cka_raw,17,mpnet,0.6338088320608195,0.0028429052956517997
cka_raw,17,minilm,0.6153522619157157,0.0034250272374938273
cka_raw,17,pubmedbert,0.6155525992351328,0.007333935544879451
cka_raw,17,biobert,0.6160351676113024,-0.005882256517264829
cka_raw,17,simcse,0.5952545661150672,0.013939385258727165
cka_raw,18,specter,0.6074291628139634,-0.020410428026118786
cka_raw,18,specter2,0.6340148280077015,0.01604101496123162
cka_raw,18,scincl,0.6345409976098912,0.005007088023828741
cka_raw,18,scibert,0.6072639913081121,-0.013282836501549255
cka_raw,18,bert,0.6197226847581118,-0.00768440171420775
cka_raw,18,mpnet,0.6424990520028846,0.010300256658659338
cka_raw,18,minilm,0.6145672527940109,0.001407149536731489
cka_raw,18,pubmedbert,0.6101081615426177,0.0006566292733068105
cka_raw,18,biobert,0.6225937851613795,-0.0005565075462453785
cka_raw,18,simcse,0.5910700847697609,0.008522035334363342
cka_raw,19,specter,0.6791754570384325,0.006255541083894108
cka_raw,19,specter2,0.6487755414407471,-0.014278596720179159
cka_raw,19,scincl,0.6743977427633874,-0.0002164919371313455
cka_raw,19,scibert,0.6617696151548444,-0.003857537769273408
cka_raw,19,bert,0.6990158357940536,0.02652842420727772
cka_raw,19,mpnet,0.6685284271713577,-0.008750693287323894
cka_raw,19,minilm,0.6592140311076936,0.0009736027359578249
cka_raw,19,pubmedbert,0.6783628419012504,0.023830984517483098
cka_raw,19,biobert,0.6425415034856459,-0.025689114336435417
cka_raw,19,simcse,0.6228322560555853,-0.004796118494268691
cka_raw,20,specter,0.5663987411423592,-0.025944959340452958
cka_raw,20,specter2,0.5995794164576584,0.017101493768458424
cka_raw,20,scincl,0.5932675929041884,-0.0007704263246041244
cka_raw,20,scibert,0.5974804952568117,0.012429557804420073
cka_raw,20,bert,0.6152497767073691,0.023338580592319486
cka_raw,20,mpnet,0.6066753581362193,0.009972453149263847
cka_raw,20,minilm,0.5877685262887384,0.01010431338872887
cka_raw,20,pubmedbert,0.5498848740682608,-0.024070767843780323
cka_raw,20,biobert,0.5441229584643686,-0.04353144388598625
cka_raw,20,simcse,0.5684233577697608,0.021371198691633078
cka_raw,21,specter,0.8014953333265373,0.016963812365661565
cka_raw,21,specter2,0.7777449140337693,0.003079170866505776
cka_raw,21,scincl,0.7776778596379912,-0.008547980068864825
cka_raw,21,scibert,0.7708199002245827,-0.0064188577058724595
cka_raw,21,bert,0.7878245800855247,0.0037255634924115125
cka_raw,21,mpnet,0.7881812502528347,-0.0007094752121842789
cka_raw,21,minilm,0.7648156665822161,-0.005036366795856851
cka_raw,21,pubmedbert,0.771348700340891,0.0052052379507863495
cka_raw,21,biobert,0.7845348031006998,0.004692580272281329
cka_raw,21,simcse,0.7262862943913222,-0.012953685164869179
cka_raw,22,specter,0.6211688999122932,-0.0022852813039524714
cka_raw,22,specter2,0.6241164530151263,0.010528049592492785
cka_raw,22,scincl,0.625963442026691,0.0008149420644649124
cka_raw,22,scibert,0.6017247702534722,-0.014436647932352874
cka_raw,22,bert,0.6255747072500688,0.00255303040158561
cka_raw,22,mpnet,0.6205574481074504,-0.007255937612938486
cka_raw,22,minilm,0.5922176732649442,-0.016557020368498834
cka_raw,22,pubmedbert,0.616211692456411,0.011145569810936506
cka_raw,22,biobert,0.6234615451920397,0.004696662108251259
cka_raw,22,simcse,0.5889592730515736,0.010796633240012307
cka_raw,23,specter,0.6440028865262153,0.0015919818101580842
cka_raw,23,specter2,0.6391225745707889,0.0065774476483437695
cka_raw,23,scincl,0.6483315703546189,0.004226346892581106
cka_raw,23,scibert,0.6207058144361535,-0.014412327249483282
cka_raw,23,bert,0.6611647589547994,0.01918635860650471
cka_raw,23,mpnet,0.650790984747962,0.00402087552776156
cka_raw,23,minilm,0.6353610330533324,0.00762961592007769
cka_raw,23,pubmedbert,0.6263016073720795,0.002278761226793392
cka_raw,23,biobert,0.6167952225807068,-0.020926384002893136
cka_raw,23,simcse,0.5869466869315283,-0.010172676379844585
cka_raw,24,specter,0.6481353842114062,0.005211526653836705
cka_raw,24,specter2,0.6188697605098485,-0.014188319254108708
cka_raw,24,scincl,0.6525923037604042,0.007974127456854453
cka_raw,24,scibert,0.645945760395026,0.010314665867877203
cka_raw,24,bert,0.6250801712841964,-0.017411181905610466
cka_raw,24,mpnet,0.6481580837124334,0.0008750216507206939
cka_raw,24,minilm,0.642207430741346,0.013963060766579173
cka_raw,24,pubmedbert,0.6289447788596063,0.004408979872808107
cka_raw,24,biobert,0.6578712177576294,0.019636658332517352
cka_raw,24,simcse,0.5668477767114108,-0.030784539441474093
cka_raw,25,specter,0.6410347288920715,0.010501217801493847
cka_raw,25,specter2,0.6162957213424581,-0.004372011954507328
cka_raw,25,scincl,0.6352390419160082,0.0030112120794501727
cka_raw,25,scibert,0.6367878196541716,0.013547071594014767
cka_raw,25,bert,0.6031018280893072,-0.026999178633507894
cka_raw,25,mpnet,0.6358019785724794,0.0009092629777586551
cka_raw,25,minilm,0.6059238610248577,-0.009930162482917239
cka_raw,25,pubmedbert,0.6365664034389592,0.02442095091915264
cka_raw,25,biobert,0.6476847698270608,0.0218405568689404
cka_raw,25,simcse,0.5523130505160148,-0.03292891916987836
cka_raw,26,specter,0.6630934094542867,-0.005480873747721524
cka_raw,26,specter2,0.6755191851405674,0.016810679732171357
cka_raw,26,scincl,0.6684695760559376,-0.0017990258920509057
cka_raw,26,scibert,0.6909401301484231,0.029658609976835486
cka_raw,26,bert,0.6790713583701218,0.010929579535876132
cka_raw,26,mpnet,0.6453697487614443,-0.027563738944707192
cka_raw,26,minilm,0.6309509115142253,-0.022943884104980286
cka_raw,26,pubmedbert,0.661410474427147,0.011224249795909734
cka_raw,26,biobert,0.6226931769059736,-0.041191808163577384
cka_raw,26,simcse,0.6536389536095689,0.030356211812245223
cka_raw,27,specter,0.5614324562347434,0.008329005985344485
cka_raw,27,specter2,0.5424658795952384,-0.0007717928605482803
cka_raw,27,scincl,0.5594308679125705,0.004633098917191115
cka_raw,27,scibert,0.5412466753626413,-0.004564011856337147
cka_raw,27,bert,0.558833570487623,0.006162624605986673
cka_raw,27,mpnet,0.556238735264095,-0.0012239194894470254
cka_raw,27,minilm,0.5444396791732422,0.006015716506646069
cka_raw,27,pubmedbert,0.5214682274589243,-0.013247164219703548
cka_raw,27,biobert,0.5450794915198761,-0.00333466059706559
cka_raw,27,simcse,0.5058130118526475,-0.0019988969920670487
cka_raw,28,specter,0.6472935551423521,-0.008616917277778172
cka_raw,28,specter2,0.6510812547991714,0.0050365601726533905
cka_raw,28,scincl,0.6647973556118446,0.007192564445734079
cka_raw,28,scibert,0.630278452735858,-0.018339256653851523
cka_raw,28,bert,0.646284280562746,-0.009193687489621634
cka_raw,28,mpnet,0.6701516022674617,0.009881925343188288
cka_raw,28,minilm,0.6513149648652233,0.010083980027895826
cka_raw,28,pubmedbert,0.6365269585213724,-0.0009954553279865668
cka_raw,28,biobert,0.6813598954981441,0.030138721210471217
cka_raw,28,simcse,0.5854304965647401,-0.025188434450705597
cka_raw,29,specter,0.6828505966842099,0.01773924601098716
cka_raw,29,specter2,0.6532159149336102,-0.002029657946000284
cka_raw,29,scincl,0.6784521887314302,0.011646519312227092
cka_raw,29,scibert,0.642754651253544,-0.015063936389258218
cka_raw,29,bert,0.64495008863884,-0.019728757666620238
cka_raw,29,mpnet,0.6814513788151884,0.011980823637822281
cka_raw,29,minilm,0.6588682923245235,0.00843642923410342
cka_raw,29,pubmedbert,0.6227460268675691,-0.02397726523488254
cka_raw,29,biobert,0.6651525800186717,0.004730527477906131
cka_raw,29,simcse,0.6260858808322529,0.006266071563714603
cka_raw,30,specter,0.6736975001579908,0.027551922681143568
cka_raw,30,specter2,0.6245559911731546,-0.011723808510080529
cka_raw,30,scincl,0.6486526536652389,0.0008127574424113456
cka_raw,30,scibert,0.6466919736830392,0.00783915923661254
cka_raw,30,bert,0.6161957605154398,-0.029517312593644887
cka_raw,30,mpnet,0.6539269106676453,0.003422128686654788
cka_raw,30,minilm,0.6278950815282286,-0.003571008365816006
cka_raw,30,pubmedbert,0.6401052523247784,0.012347733418702274
cka_raw,30,biobert,0.6511445288802048,0.009688249535814783
cka_raw,30,simcse,0.584004214540366,-0.016849821531796816
cka_raw,31,specter,0.6707591080918831,0.004476730013459582
cka_raw,31,specter2,0.6326380058524341,-0.023778594432377263
cka_raw,31,scincl,0.6666992771270354,-0.0012774196973684981
cka_raw,31,scibert,0.6830442802965265,0.024054665248523534
cka_raw,31,bert,0.6732219343434742,0.007372060632813149
cka_raw,31,mpnet,0.6718456172477233,0.0012040346651565675
cka_raw,31,minilm,0.6451717288692258,-0.006431161626395034
cka_raw,31,pubmedbert,0.6701006903933707,0.02220637088571832
cka_raw,31,biobert,0.6675621789873989,0.005969099041432637
cka_raw,31,simcse,0.5871950519427767,-0.0337957847309625
cka_raw,32,specter,0.5863039162475501,-0.02204521003726308
cka_raw,32,specter2,0.6102207998856813,0.011737451394480446
cka_raw,32,scincl,0.6044373728378162,-0.005606072192977176
cka_raw,32,scibert,0.5984100632486485,-0.002646300005743865
cka_raw,32,bert,0.6104504208853884,0.002533798968337781
cka_raw,32,mpnet,0.6091091628833036,-0.003599167905652672
cka_raw,32,minilm,0.6055177175971587,0.01184807889514821
cka_raw,32,pubmedbert,0.5733870583447089,-0.016574009369332968
cka_raw,32,biobert,0.6079218963603217,0.004262068207965893
cka_raw,32,simcse,0.5831469469251652,0.020089362045036616
cka_raw,33,specter,0.5629077680449295,-0.03969065530337691
cka_raw,33,specter2,0.5951134515019738,0.0023808059472795926
cka_raw,33,scincl,0.5942204248231664,-0.010072317271120457
cka_raw,33,scibert,0.6050316353597994,0.009725975041913562
cka_raw,33,bert,0.6205356089416326,0.018369689961088724
cka_raw,33,mpnet,0.6049889990451387,-0.0019686288073109803
cka_raw,33,minilm,0.5846224603851697,-0.0032964753803341124
cka_raw,33,pubmedbert,0.5786171158698756,-0.005593248907659578
cka_raw,33,biobert,0.596288548642562,-0.001620576573287205
cka_raw,33,simcse,0.5890723132364303,0.03176543129280832
cka_raw,34,specter,0.6444263758870539,0.02214601791310881
cka_raw,34,specter2,0.6152635416261218,0.002848961445788895
cka_raw,34,scincl,0.6380177289085864,0.014043052188660816
cka_raw,34,scibert,0.5974001462846203,-0.017587448658904256
cka_raw,34,bert,0.6210754993327,-0.000772354273482582
cka_raw,34,mpnet,0.6317074400218382,0.0050678775437498335
cka_raw,34,minilm,0.6129940155257108,0.00539314513456832
cka_raw,34,pubmedbert,0.5772811503686868,-0.02661114903448727
cka_raw,34,biobert,0.6290199146301879,0.011428854788699951
cka_raw,34,simcse,0.5610318595215591,-0.0159569570477017
cka_raw,35,specter,0.6467170331475689,0.014350886373540254
cka_raw,35,specter2,0.6242312398467137,0.0017308708662972455
cka_raw,35,scincl,0.6363035489902114,0.0022430834702023127
cka_raw,35,scibert,0.6128111372946573,-0.012262246448950735
cka_raw,35,bert,0.625238107109274,-0.006695535296992122
cka_raw,35,mpnet,0.6418204313359023,0.005095080057730344
cka_raw,35,minilm,0.6191896541298434,0.0015029949386173734
cka_raw,35,pubmedbert,0.6003727627826935,-0.013605325420564104
cka_raw,35,biobert,0.6366576963927586,0.008980847751187189
cka_raw,35,simcse,0.5857339490782763,-0.0013406562910680542
cka_raw,36,specter,0.569907139971713,-0.011287736748424895
cka_raw,36,specter2,0.5778175260278829,0.006488427101357219
cka_raw,36,scincl,0.5605930069620637,-0.02229618850405462
cka_raw,36,scibert,0.5699285012922035,-0.0039736123975138765
cka_raw,36,bert,0.5844390056815445,0.00367663332916901
cka_raw,36,mpnet,0.5863326035976306,0.0007785223733493983
cka_raw,36,minilm,0.5739454636882665,0.007430074550931131
cka_raw,36,pubmedbert,0.5504121286387487,-0.012394689510618173
cka_raw,36,biobert,0.5847524368500747,0.008246858262394055
cka_raw,36,simcse,0.5592350468588646,0.023331711543411095
cka_cls,11,specter,0.5830735792210011,0.01539090351071014
cka_cls,11,specter2,0.5417063677297823,-0.016311589320012126
cka_cls,11,scincl,0.5787561197336104,0.010451516303155724
cka_cls,11,scibert,0.4646200450048046,-0.0021219411460927156
cka_cls,11,bert,0.4551407677127392,0.005378213009057226
cka_cls,11,mpnet,0.5807872100842068,0.008451158279939018
cka_cls,11,minilm,0.5583493024579532,0.002092331401451387
cka_cls,11,pubmedbert,0.4595005456726075,-0.013959185216970186
cka_cls,11,biobert,0.5362280052412819,0.0029750835786644825
cka_cls,11,simcse,0.5132039106964675,-0.012346490399902606
cka_cls,12,specter,0.5155237396566668,-0.03464090763385097
cka_cls,12,specter2,0.5242432296728609,-0.016256698957160285
cka_cls,12,scincl,0.5436714747681362,-0.007115100242545112
cka_cls,12,scibert,0.46850601274479714,0.019282055013673274
cka_cls,12,bert,0.46601128178323026,0.033766755499321684
cka_cls,12,mpnet,0.5269427941937262,-0.02787522919076821
cka_cls,12,minilm,0.5205762239771352,-0.018162718659593315
cka_cls,12,pubmedbert,0.4800907227048876,0.024149020235083325
cka_cls,12,biobert,0.51061804859861,-0.005116844644233959
cka_cls,12,simcse,0.5400020412566708,0.03196966858007402
cka_cls,13,specter,0.5615522891389337,0.007286204787937684
cka_cls,13,specter2,0.5207231641490561,-0.02387820154144328
cka_cls,13,scincl,0.5649840386176808,0.010096026546521296
cka_cls,13,scibert,0.45844591774836985,0.005120522956767681
cka_cls,13,bert,0.4498075131905115,0.013461549846124514
cka_cls,13,mpnet,0.5568600077259357,-0.00205945271903702
cka_cls,13,minilm,0.5404665701591074,-0.002373809538099526
cka_cls,13,pubmedbert,0.4515914783913564,-0.00845166113892616
cka_cls,13,biobert,0.5408218076706498,0.020985477367327515
cka_cls,13,simcse,0.4919471531699029,-0.020186656567172088
cka_cls,14,specter,0.5120704450026763,-0.022783635578618955
cka_cls,14,specter2,0.5473112122956005,0.02212185037480196
cka_cls,14,scincl,0.5298335448676245,-0.005642463433834245
cka_cls,14,scibert,0.4389086307010941,0.004995239679192699
cka_cls,14,bert,0.4091324656006244,-0.0078014939740616756
cka_cls,14,mpnet,0.5544245378732636,0.014917081197991684
cka_cls,14,minilm,0.5346459106345277,0.011217534707021613
cka_cls,14,pubmedbert,0.43612639901345607,-0.0045047367471256795
cka_cls,14,biobert,0.4773047891876735,-0.023119537345947898
cka_cls,14,simcse,0.5033219670879545,0.010600161120580277
cka_cls,15,specter,0.6510064381115782,0.03170839954883996
cka_cls,15,specter2,0.6221446999176545,0.012511380015413028
cka_cls,15,scincl,0.6358812031720591,0.015961236889157467
cka_cls,15,scibert,0.48909995170290327,-0.029257397300441152
cka_cls,15,bert,0.4729305820970042,-0.02844733545912485
cka_cls,15,mpnet,0.6409226217599864,0.01697120710327154
cka_cls,15,minilm,0.6194227552808859,0.011550421371936872
cka_cls,15,pubmedbert,0.4921915451052539,-0.032883548636770774
cka_cls,15,biobert,0.5733452256198253,-0.011523058895239167
cka_cls,15,simcse,0.5905744593117737,0.013408695362956512
cka_cls,16,specter,0.6554942427540396,0.019409748400348377
cka_cls,16,specter2,0.6055265380385462,-0.020893237654648344
cka_cls,16,scincl,0.6107468980373117,-0.025959524036542964
cka_cls,16,scibert,0.5643924276433012,0.029248622849003886
cka_cls,16,bert,0.5134698626046914,-0.0046945107423906896
cka_cls,16,mpnet,0.6251935279765246,-0.015544342471143323
cka_cls,16,minilm,0.6019140264800271,-0.022744763219875046
cka_cls,16,pubmedbert,0.5713251658960922,0.029463616363114467
cka_cls,16,biobert,0.6225994129482415,0.020944672642224174
cka_cls,16,simcse,0.5847219376096782,-0.00923028213009209
cka_cls,17,specter,0.5639207926115117,-0.017582248259603663
cka_cls,17,specter2,0.5870678650215245,0.015229542810905704
cka_cls,17,scincl,0.5803878428294876,-0.0017371257617913643
cka_cls,17,scibert,0.4825768752986365,0.002014523986914923
cka_cls,17,bert,0.45095317385951034,-0.012629746004996075
cka_cls,17,mpnet,0.5845322168417026,-0.001624200123389473
cka_cls,17,minilm,0.5737600680121512,0.003682731794824886
cka_cls,17,pubmedbert,0.5107842737088969,0.023504177658494853
cka_cls,17,biobert,0.535804122226182,-0.011269164597259808
cka_cls,17,simcse,0.5397822747530934,0.00041150849589883306
cka_cls,18,specter,0.5640198652788028,-0.017088396932333143
cka_cls,18,specter2,0.5864250315118908,0.01498148796125165
cka_cls,18,scincl,0.5879487602531043,0.0062185703218048515
cka_cls,18,scibert,0.48177421655566,0.0016066439039179716
cka_cls,18,bert,0.4507071196730669,-0.012481021531459753
cka_cls,18,mpnet,0.5951921066864947,0.009430468381382038
cka_cls,18,minilm,0.573444385836217,0.0037618282788702707
cka_cls,18,pubmedbert,0.4934857379280376,0.0066004205376152016
cka_cls,18,biobert,0.5376685289808321,-0.009009979182629975
cka_cls,18,simcse,0.5349559658587956,-0.0040200217384192116
cka_cls,19,specter,0.6205185812317127,0.00772496133121371
cka_cls,19,specter2,0.5986446558456318,-0.004484245394370447
cka_cls,19,scincl,0.6188577908322643,0.005442243211601953
cka_cls,19,scibert,0.5058535179302781,-0.005999412410826848
cka_cls,19,bert,0.49166333121657246,-0.003210167677317336
cka_cls,19,mpnet,0.6146427923166292,-0.0028042036778463705
cka_cls,19,minilm,0.602974151266023,0.0016062360193133858
cka_cls,19,pubmedbert,0.5322617925636051,0.013691117483819633
cka_cls,19,biobert,0.564657088044798,-0.01370677780802713
cka_cls,19,simcse,0.5724015942090168,0.0017402489224389583
cka_cls,20,specter,0.5325929519240349,-0.027796944375210433
cka_cls,20,specter2,0.5636501651825071,0.01292498754375839
cka_cls,20,scincl,0.5562378857131525,-0.004773938306256362
cka_cls,20,scibert,0.4821633431598015,0.022714136419950032
cka_cls,20,bert,0.44330783293985765,0.0008380576472214463
cka_cls,20,mpnet,0.5726591381731931,0.007615865779971192
cka_cls,20,minilm,0.5542103626984586,0.005246171053002408
cka_cls,20,pubmedbert,0.4711363516086813,0.004969400130149435
cka_cls,20,biobert,0.49794597921332023,-0.02801416303825129
cka_cls,20,simcse,0.5245340488309898,0.006276427145665465
cka_cls,21,specter,0.7448751653827284,0.011884143543891132
cka_cls,21,specter2,0.7237515634386051,0.00042526026026454587
cka_cls,21,scincl,0.7221596086018124,-0.011453340957188307
cka_cls,21,scibert,0.6499551134290221,0.01790478114957883
cka_cls,21,bert,0.597469875786758,-0.017601025045470058
cka_cls,21,mpnet,0.7349534222680882,-0.00269097566472566
cka_cls,21,minilm,0.7161635411912523,-0.005401775993795753
cka_cls,21,pubmedbert,0.6537363024584775,0.014968225440353762
cka_cls,21,biobert,0.6971263419644065,-0.0014349258267568055
cka_cls,21,simcse,0.6842583803187645,-0.006600366906151622
cka_cls,22,specter,0.5590678311021053,-0.001086398761265027
cka_cls,22,specter2,0.565218066765009,0.01472855556213539
cka_cls,22,scincl,0.5631539526301472,0.002377795046613371
cka_cls,22,scibert,0.4609143877038366,0.0017008473998600948
cka_cls,22,bert,0.42035284773019166,-0.021881261126569494
cka_cls,22,mpnet,0.5586329637664007,-0.006174642190946334
cka_cls,22,minilm,0.5335975105575314,-0.015131014652049727
cka_cls,22,pubmedbert,0.48061696741646287,0.01468568237380602
cka_cls,22,biobert,0.5259349174690053,0.00021044165330873376
cka_cls,22,simcse,0.528591949944556,0.01056999469510684
cka_cls,23,specter,0.5987213482744462,0.0008044425434181725
cka_cls,23,specter2,0.5928421533933214,0.004589966322789938
cka_cls,23,scincl,0.6015074057149364,0.0029685722637448186
cka_cls,23,scibert,0.4901604252320457,-0.006815790939588544
cka_cls,23,bert,0.4848198966488091,0.004823111924390135
cka_cls,23,mpnet,0.606316498123467,0.0037462162984622546
cka_cls,23,minilm,0.5890674360455519,0.0025762349683129773
cka_cls,23,pubmedbert,0.5049846949739528,0.0012907340636381227
cka_cls,23,biobert,0.5627970176976613,-0.0006901339856930274
cka_cls,23,simcse,0.5424912776576322,-0.013293353459474947
cka_cls,24,specter,0.5756962374210768,0.007696733057145984
cka_cls,24,specter2,0.5473895846250696,-0.010945201078364632
cka_cls,24,scincl,0.5782792565873502,0.009657824503255918
cka_cls,24,scibert,0.4608446130111196,-0.006214201793417399
cka_cls,24,bert,0.4615864751459853,0.011507091788663444
cka_cls,24,mpnet,0.5766127412990751,0.0039598608411675435
cka_cls,24,minilm,0.5652352166647758,0.00866141695463406
cka_cls,24,pubmedbert,0.4518724861295851,-0.021904073413632368
cka_cls,24,biobert,0.5476074016120317,0.014037651295774623
cka_cls,24,simcse,0.5094101275947828,-0.01645710215522715
cka_cls,25,specter,0.5703921039385544,0.012564742744020443
cka_cls,25,specter2,0.5514778868009692,0.0033152442669317863
cka_cls,25,scincl,0.5695400649267026,0.011090776012005052
cka_cls,25,scibert,0.4703471351068823,0.013460463471742167
cka_cls,25,bert,0.40534493286329987,-0.034562307324625036
cka_cls,25,mpnet,0.5661719514629224,0.003691214174411724
cka_cls,25,minilm,0.5416295983936927,-0.004772058147052258
cka_cls,25,pubmedbert,0.46729686644140056,0.003692450067579974
cka_cls,25,biobert,0.5366079781796317,0.013210371032771414
cka_cls,25,simcse,0.49400419028282894,-0.02169089629778414
cka_cls,26,specter,0.6363000088011567,-0.012106558299723316
cka_cls,26,specter2,0.6476406882006058,0.008898839760222543
cka_cls,26,scincl,0.6418567752734169,-0.007171719547626663
cka_cls,26,scibert,0.5825821223436752,0.03511624480218905
cka_cls,26,bert,0.5627000379805849,0.03221359188631394
cka_cls,26,mpnet,0.6213219349010095,-0.031738008293847146
cka_cls,26,minilm,0.6149416217038295,-0.022039240743261444
cka_cls,26,pubmedbert,0.5628803839335935,0.008696761653426859
cka_cls,26,biobert,0.5892079480167957,-0.02476886503641044
cka_cls,26,simcse,0.6191732463056749,0.012898953818715912
cka_cls,27,specter,0.5066315171066548,0.0038661727650057204
cka_cls,27,specter2,0.4873773219968142,-0.005723303684338192
cka_cls,27,scincl,0.5018116526361607,-0.0015756194256517765
cka_cls,27,scibert,0.39711708366759074,-0.004707571114664429
cka_cls,27,bert,0.4067236027771257,0.021878379442085802
cka_cls,27,mpnet,0.5023006670210659,-0.005118053414559854
cka_cls,27,minilm,0.49143768344833,9.804376047006791e-05
cka_cls,27,pubmedbert,0.3988821516168398,-0.009660247904095797
cka_cls,27,biobert,0.4703349752589649,0.0019993849649896367
cka_cls,27,simcse,0.45957588433848645,-0.0010571853892415747
cka_cls,28,specter,0.5810786992422883,-0.0011700379012914122
cka_cls,28,specter2,0.5763320212735666,0.003748002790483571
cka_cls,28,scincl,0.588998758982159,0.0061280941184157995
cka_cls,28,scibert,0.46649900973133285,-0.014809037852853072
cka_cls,28,bert,0.4539464544108788,-0.010382161726091842
cka_cls,28,mpnet,0.596897575522593,0.009995462285036573
cka_cls,28,minilm,0.5805954377533317,0.009772405263541105
cka_cls,28,pubmedbert,0.46615892397197495,-0.021866868350891404
cka_cls,28,biobert,0.5743260361226661,0.026507053026760055
cka_cls,28,simcse,0.5321935508765496,-0.007922911653109148
cka_cls,29,specter,0.6290647499541058,0.019919103894192287
cka_cls,29,specter2,0.597693486719161,-0.0017874406802559485
cka_cls,29,scincl,0.6234728587907831,0.01370528501070604
cka_cls,29,scibert,0.4789666483935753,-0.029238308106944402
cka_cls,29,bert,0.4974173931647814,0.006191868111476984
cka_cls,29,mpnet,0.6262167250945913,0.012417702940701079
cka_cls,29,minilm,0.6096128882024043,0.011892946796279995
cka_cls,29,pubmedbert,0.47328178130604914,-0.04164091993315092
cka_cls,29,biobert,0.5768556007166664,0.0021397087044267324
cka_cls,29,simcse,0.5734134247085607,0.006400053262568194
cka_cls,30,specter,0.620576180089156,0.020936974452198318
cka_cls,30,specter2,0.5735530598706675,-0.016421427105793578
cka_cls,30,scincl,0.5953441097640518,-0.004917023593069336
cka_cls,30,scibert,0.5101032224969146,0.011404706419350732
cka_cls,30,bert,0.47947921792385034,-0.0022398667064982896
cka_cls,30,mpnet,0.6013722930443489,-0.0029202886865854604
cka_cls,30,minilm,0.5782629479695558,-0.009950553013612806
cka_cls,30,pubmedbert,0.5027453848769237,-0.0026708759393206196
cka_cls,30,biobert,0.5841196538542941,0.018910202265010074
cka_cls,30,simcse,0.545375082931357,-0.012131848091679776
cka_cls,31,specter,0.6151908695259379,0.005198011924741304
cka_cls,31,specter2,0.5877477637270843,-0.012580375213615626
cka_cls,31,scincl,0.6083959695170454,-0.002218815804314705
cka_cls,31,scibert,0.5321186154594489,0.023066447417646217
cka_cls,31,bert,0.46733711195073546,-0.024735624643852025
cka_cls,31,mpnet,0.6158120939838823,0.001165860288708989
cka_cls,31,minilm,0.5946170429501175,-0.003950109997289946
cka_cls,31,pubmedbert,0.5418100281902759,0.02604011540979268
cka_cls,31,biobert,0.5888764060539455,0.013313302500422754
cka_cls,31,simcse,0.5425617711050346,-0.02529881188224105
cka_cls,32,specter,0.5404516002535913,-0.017339241878335538
cka_cls,32,specter2,0.5560707037800068,0.0079445803085766
cka_cls,32,scincl,0.5516827204984635,-0.006730049353626903
cka_cls,32,scibert,0.4543091379201348,-0.002541014652398224
cka_cls,32,bert,0.44002604789569166,0.00015532677037383765
cka_cls,32,mpnet,0.5602217490288469,-0.002222469197056561
cka_cls,32,minilm,0.5607452908912816,0.014380153413143767
cka_cls,32,pubmedbert,0.46296050105239384,-0.0006073962588195468
cka_cls,32,biobert,0.516561144572508,-0.006799943511745127
cka_cls,32,simcse,0.5294186218778938,0.013760054359887943
cka_cls,33,specter,0.5267107331445913,-0.04147348755468732
cka_cls,33,specter2,0.5543739940592064,-0.004145507979575617
cka_cls,33,scincl,0.5536448457973917,-0.015161302622050375
cka_cls,33,scibert,0.47685476699498924,0.009611235855104323
cka_cls,33,bert,0.4711846291598481,0.020920529467178556
cka_cls,33,mpnet,0.5702248451915919,-0.0026127516016633484
cka_cls,33,minilm,0.5506511683574997,-0.00610734768798994
cka_cls,33,pubmedbert,0.4926079371120385,0.018646661233473274
cka_cls,33,biobert,0.5338750014959752,0.00012053484437031987
cka_cls,33,simcse,0.546253382131198,0.020201436045840324
cka_cls,34,specter,0.5762684792703977,0.022523037696644543
cka_cls,34,specter2,0.5503656646996479,0.0062849417863913605
cka_cls,34,scincl,0.5713812880648359,0.017013918770919192
cka_cls,34,scibert,0.4174568441317652,-0.035347907882594086
cka_cls,34,bert,0.4381777438401183,0.0023524232729742714
cka_cls,34,mpnet,0.5660162034599852,0.007617385792255312
cka_cls,34,minilm,0.5506914412737639,0.00837170435379992
cka_cls,34,pubmedbert,0.4340434852880872,-0.025479011464952524
cka_cls,34,biobert,0.528705973994923,0.009390286468843718
cka_cls,34,simcse,0.49888638816555136,-0.012726778794280795
cka_cls,35,specter,0.5616421764826198,0.017109771623259884
cka_cls,35,specter2,0.5415676054327052,0.006699919233841957
cka_cls,35,scincl,0.5511462442968124,0.00599191171728888
cka_cls,35,scibert,0.39215872759044695,-0.05143298770951921
cka_cls,35,bert,0.4337447314362397,0.00713244758348883
cka_cls,35,mpnet,0.5553134892534521,0.006127708300115418
cka_cls,35,minilm,0.5418966584888092,0.008789958283238352
cka_cls,35,pubmedbert,0.43790774296468177,-0.012401717073964745
cka_cls,35,biobert,0.5016898526320186,-0.008412798179667644
cka_cls,35,simcse,0.5227959164673573,0.0203957862219184
cka_cls,36,specter,0.5238225307164253,-0.010955494648647436
cka_cls,36,specter2,0.5241359763163843,-0.0009773303881916995
cka_cls,36,scincl,0.5127522054545437,-0.022647747630692452
cka_cls,36,scibert,0.4250764353901262,-0.008760900415552577
cka_cls,36,bert,0.43690508007224993,0.02004717571378646
cka_cls,36,mpnet,0.5367088270272025,-0.0027225744318468198
cka_cls,36,minilm,0.5302855939440622,0.006933273232778641
cka_cls,36,pubmedbert,0.44618693997263315,0.005631859428273983
cka_cls,36,biobert,0.4994702930243662,-0.0008779782930326737
cka_cls,36,simcse,0.5069754681842762,0.014329717433124476
cka_sep,11,specter,0.6221196615703499,0.011024824564803125
cka_sep,11,specter2,0.5784852348681823,-0.020491598806659985
cka_sep,11,scincl,0.6192774297006413,0.005882848925403966
cka_sep,11,scibert,0.467428632911934,0.0009404960896269237
cka_sep,11,bert,0.2157585069136961,0.011213473154318162
cka_sep,11,mpnet,0.6190333231323735,0.0028877181479699163
cka_sep,11,minilm,0.5933733586683111,-0.003651784762127402
cka_sep,11,pubmedbert,0.6346355445513275,0.009064983024719907
cka_sep,11,biobert,0.6101037898171742,0.0034801535944528864
cka_sep,11,simcse,0.5075234105113968,-0.02035111393250639
cka_sep,12,specter,0.5228887485764803,-0.025558875245374073
cka_sep,12,specter2,0.5313812401687062,-0.0049483803224435585
cka_sep,12,scincl,0.5521081798299803,0.0013608122384355997
cka_sep,12,scibert,0.4082690819997482,0.004428158361133676
cka_sep,12,bert,0.15812489539474608,0.016227074819060754
cka_sep,12,mpnet,0.532082041992608,-0.02141634980810298
cka_sep,12,minilm,0.5263881948563395,-0.007989735390406335
cka_sep,12,pubmedbert,0.5402615045546749,-0.022661843788240234
cka_sep,12,biobert,0.550867161241465,0.00689073820243639
cka_sep,12,simcse,0.5188957121937114,0.05366840093350095
cka_sep,13,specter,0.6084294172390651,0.001331214254755057
cka_sep,13,specter2,0.567712331107044,-0.027267868546561318
cka_sep,13,scincl,0.6133856799491254,0.0039877331951251194
cka_sep,13,scibert,0.46138407286448196,-0.001107429936588263
cka_sep,13,bert,0.24377172341847267,0.04322332368033172
cka_sep,13,mpnet,0.6055984552710337,-0.006550515692132842
cka_sep,13,minilm,0.5850917973435275,-0.00793671206567407
cka_sep,13,pubmedbert,0.6332782674391505,0.01170433993377974
cka_sep,13,biobert,0.6220009352673621,0.019373933065877924
cka_sep,13,simcse,0.4871198725337533,-0.03675801788891289
cka_sep,14,specter,0.5334128567493782,-0.021330446624177886
cka_sep,14,specter2,0.5654340286570156,0.02280872861416403
cka_sep,14,scincl,0.5514675394473854,-0.005575507695861206
cka_sep,14,scibert,0.40899466022400227,-0.0011419429663140728
cka_sep,14,bert,0.1783774045147783,0.030183904387391065
cka_sep,14,mpnet,0.5723887990224316,0.012594727670018593
cka_sep,14,minilm,0.5517998041100006,0.01112619431155278
cka_sep,14,pubmedbert,0.52503352396622,-0.044185503928397055
cka_sep,14,biobert,0.5196577625324986,-0.030614340058231812
cka_sep,14,simcse,0.4976571771017693,0.026134186289856944
cka_sep,15,specter,0.6954766074410341,0.026586658377138472
cka_sep,15,specter2,0.6616344311476108,0.004862485414419792
cka_sep,15,scincl,0.6819774043318492,0.010787711498262976
cka_sep,15,scibert,0.505901811701874,-0.018381437178781837
cka_sep,15,bert,0.17788957703578948,-0.08445056878193721
cka_sep,15,mpnet,0.6874029653750022,0.013462248332249824
cka_sep,15,minilm,0.6642178793932884,0.009397623904501174
cka_sep,15,pubmedbert,0.6990248877401302,0.015659214155173757
cka_sep,15,biobert,0.675199503342261,0.010780755061190979
cka_sep,15,simcse,0.5969649457200341,0.0112953092177822
cka_sep,16,specter,0.6761412786136104,0.020119839542054912
cka_sep,16,specter2,0.6257926769775698,-0.01811075876328133
cka_sep,16,scincl,0.6316207405713377,-0.026700442269908347
cka_sep,16,scibert,0.555172026893035,0.04375728800471919
cka_sep,16,bert,0.2299458486985889,-0.01952578712679778
cka_sep,16,mpnet,0.6456056864232763,-0.015466520627136049
cka_sep,16,minilm,0.6210150220959225,-0.020936723400524746
cka_sep,16,pubmedbert,0.6860902642270094,0.015593100634392874
cka_sep,16,biobert,0.6772435607259439,0.02569332243721402
cka_sep,16,simcse,0.5683778080791803,-0.004423318430731664
cka_sep,17,specter,0.5892455860449802,-0.02015504127893318
cka_sep,17,specter2,0.6081525853293712,0.010869961336162446
cka_sep,17,scincl,0.6065136588978439,-0.005186712195759811
cka_sep,17,scibert,0.45435286181486145,-0.010441065325812127
cka_sep,17,bert,0.2440975577070995,0.041246733629355055
cka_sep,17,mpnet,0.609709068753171,-0.004742326549599089
cka_sep,17,minilm,0.5985862658779197,0.0032553321291147125
cka_sep,17,pubmedbert,0.6200452313289435,-0.003831120516030659
cka_sep,17,biobert,0.5778837346020916,-0.027045691938995912
cka_sep,17,simcse,0.5422102454727692,0.016029930710499494
cka_sep,18,specter,0.5870813423646678,-0.02075026775314881
cka_sep,18,specter2,0.6074255130817143,0.011711906294602269
cka_sep,18,scincl,0.6128035190841323,0.0026721651966253373
cka_sep,18,scibert,0.471782213893123,0.008557303958546222
cka_sep,18,bert,0.2273086818049823,0.026026874933334665
cka_sep,18,mpnet,0.6181964712255719,0.005314093128898572
cka_sep,18,minilm,0.5943151563110841,0.0005532397683759695
cka_sep,18,pubmedbert,0.5941282992162008,-0.02817903542267661
cka_sep,18,biobert,0.5867768931809804,-0.01658351615401057
cka_sep,18,simcse,0.5352885336056272,0.010677236049454315
cka_sep,19,specter,0.6447472187053996,0.005542363100091041
cka_sep,19,specter2,0.6188908501719095,-0.008196002102694567
cka_sep,19,scincl,0.6463097104000993,0.004805111025100333
cka_sep,19,scibert,0.5009603117986114,0.006362156376542607
cka_sep,19,bert,0.2159137332418555,-0.016741319117284145
cka_sep,19,mpnet,0.6403313150923178,-0.003924308491847501
cka_sep,19,minilm,0.6284911313535297,0.0033559693233294638
cka_sep,19,pubmedbert,0.6612020673112288,0.007521487184859331
cka_sep,19,biobert,0.6291040612767436,-0.005629593545739257
cka_sep,19,simcse,0.5628886792913077,0.006904136247642893
cka_sep,20,specter,0.5496064275291523,-0.02373813770997209
cka_sep,20,specter2,0.5761327225149769,0.01490616060655704
cka_sep,20,scincl,0.5736809518954552,-0.0019633571133596353
cka_sep,20,scibert,0.45078560599265294,0.02204774093676825
cka_sep,20,bert,0.17656800479521395,0.009773242802258466
cka_sep,20,mpnet,0.5861467156836555,0.0077513824656743795
cka_sep,20,minilm,0.5674394728256484,0.008164601161632349
cka_sep,20,pubmedbert,0.5577858164227822,-0.030034473337403056
cka_sep,20,biobert,0.5358127056741306,-0.03306065878216813
cka_sep,20,simcse,0.5162777516474935,0.02615349897001267
cka_sep,21,specter,0.7591123179800658,0.010685614039451488
cka_sep,21,specter2,0.7345633012847991,-0.0017453993251106475
cka_sep,21,scincl,0.7402310677738053,-0.010495379936499318
cka_sep,21,scibert,0.6562503524709635,0.052430348713589
cka_sep,21,bert,0.2818946376921685,-0.05998226300227684
cka_sep,21,mpnet,0.7511187096378189,-0.0023587622816521664
cka_sep,21,minilm,0.7322112661589264,-0.0021457442065796225
cka_sep,21,pubmedbert,0.7636717965011723,0.000769368039497145
cka_sep,21,biobert,0.7514988458887573,0.007543342730968584
cka_sep,21,simcse,0.6705052666075847,0.0052988752286141395
cka_sep,22,specter,0.592729228954934,-0.0025800845351161314
cka_sep,22,specter2,0.5922304815979073,0.009039171438561774
cka_sep,22,scincl,0.6004360851932576,0.002827027933517178
cka_sep,22,scibert,0.45079768410098026,9.507079416995159e-05
cka_sep,22,bert,0.1805973308807658,-0.008162179363115314
cka_sep,22,mpnet,0.590608361851601,-0.009751719617305674
cka_sep,22,minilm,0.5651196872007003,-0.016119932714241454
cka_sep,22,pubmedbert,0.6235107873879087,0.01372574937679769
cka_sep,22,biobert,0.5818642268550644,-0.00897388585215987
cka_sep,22,simcse,0.5319897834672991,0.01990078253889284
cka_sep,23,specter,0.6355361639889183,-0.007056437308615197
cka_sep,23,specter2,0.6253165599124766,-0.00515803805435253
cka_sep,23,scincl,0.6410993365451678,-0.003793008522056144
cka_sep,23,scibert,0.5024556304537999,0.004469729339506068
cka_sep,23,bert,0.27356782694791587,0.03752502889655121
cka_sep,23,mpnet,0.6425999893538082,-0.005043379922581994
cka_sep,23,minilm,0.6245609692912201,-0.00396193843120507
cka_sep,23,pubmedbert,0.6630019074434315,0.005933581624836944
cka_sep,23,biobert,0.6327781647094066,-0.005343235805301173
cka_sep,23,simcse,0.5417999869191085,-0.01757230181678139
cka_sep,24,specter,0.6336358311564332,0.001300885564986001
cka_sep,24,specter2,0.6022215446767772,-0.017995397583965414
cka_sep,24,scincl,0.6364007723141701,0.0017660829530324637
cka_sep,24,scibert,0.4653127562484812,-0.022415489159726368
cka_sep,24,bert,0.2668511810113929,0.041066038666114545
cka_sep,24,mpnet,0.6344734618178369,-0.0029122517524670347
cka_sep,24,minilm,0.6203523341934952,0.0020870821771564246
cka_sep,24,pubmedbert,0.6605602714864812,0.013749601373973087
cka_sep,24,biobert,0.6521662991122207,0.02430255430359901
cka_sep,24,simcse,0.5081655264870997,-0.040949106542703805
cka_sep,25,specter,0.6090587718596618,0.014110383115146908
cka_sep,25,specter2,0.5869661764888839,0.004135791075073608
cka_sep,25,scincl,0.6086525525373845,0.011404420023179207
cka_sep,25,scibert,0.45906050635646356,0.008718817795188362
cka_sep,25,bert,0.12587750798127417,-0.0625210775170718
cka_sep,25,mpnet,0.6084092020436445,0.008410045320272761
cka_sep,25,minilm,0.5805461469690218,-0.00033254820038466606
cka_sep,25,pubmedbert,0.6358628685916613,0.02643875532608543
cka_sep,25,biobert,0.6078892065148315,0.017412018553142228
cka_sep,25,simcse,0.4839514706922386,-0.027776605490632558
cka_sep,26,specter,0.6334749670833855,-0.000242632200611813
cka_sep,26,specter2,0.6395358008272141,0.017936204873921353
cka_sep,26,scincl,0.6392497858268794,0.003232442773191815
cka_sep,26,scibert,0.5360392472317133,0.046928348130955776
cka_sep,26,bert,0.22967186310175525,0.00250406706392693
cka_sep,26,mpnet,0.6191485008526395,-0.019619866410214452
cka_sep,26,minilm,0.6108129984845473,-0.008834907224341604
cka_sep,26,pubmedbert,0.591231251438355,-0.056962072366703045
cka_sep,26,biobert,0.6019616266743908,-0.02728477182678077
cka_sep,26,simcse,0.5928404739090112,0.042343187186657714
cka_sep,27,specter,0.5616218312570599,0.012365560201106204
cka_sep,27,specter2,0.5414393351865299,0.004301067461280561
cka_sep,27,scincl,0.5570889355523944,0.005532920726750095
cka_sep,27,scibert,0.3665190858507539,-0.03813048502196011
cka_sep,27,bert,0.15750305988130253,0.014796592071517697
cka_sep,27,mpnet,0.5568439684952549,0.0025369294604443457
cka_sep,27,minilm,0.5380103863228577,0.0028238088420123753
cka_sep,27,pubmedbert,0.5811506035786816,0.01741860800166691
cka_sep,27,biobert,0.5475823689422232,0.0027972986690950486
cka_sep,27,simcse,0.4415936580823958,-0.02444230041191421
cka_sep,28,specter,0.6308493841756897,-0.01402857518994042
cka_sep,28,specter2,0.62984202372479,-0.0029179323101355217
cka_sep,28,scincl,0.644326131199364,-0.002851571935956581
cka_sep,28,scibert,0.48424463313184685,-0.016026626050543565
cka_sep,28,bert,0.28314430622313225,0.04481615010367099
cka_sep,28,mpnet,0.6515940750573086,0.0016653477128216743
cka_sep,28,minilm,0.630654176916742,-0.00015408887377973043
cka_sep,28,pubmedbert,0.6592485218554338,-0.00010516203125724803
cka_sep,28,biobert,0.6580052404195701,0.01759848183676552
cka_sep,28,simcse,0.5336616235423408,-0.027996023261645592
cka_sep,29,specter,0.6788660226678758,0.01349727724238661
cka_sep,29,specter2,0.6440538052729279,-0.00919693682185669
cka_sep,29,scincl,0.6736320837569213,0.005963594561741756
cka_sep,29,scibert,0.49431785416656077,-0.026444191075688652
cka_sep,29,bert,0.25971528207312367,0.0008963398938034316
cka_sep,29,mpnet,0.6762773743214046,0.005857860917058767
cka_sep,29,minilm,0.6550544321098032,0.003755380259422409
cka_sep,29,pubmedbert,0.6868436787393359,0.006999208792785951
cka_sep,29,biobert,0.6674071428407033,0.006509598198039954
cka_sep,29,simcse,0.5743103008961525,-0.007838131967692896
cka_sep,30,specter,0.6529423837016183,0.022024562636199452
cka_sep,30,specter2,0.6075903713326727,-0.011209446402041665
cka_sep,30,scincl,0.6318001922868446,-0.0014173725482646343
cka_sep,30,scibert,0.5010240312445369,0.014712910362357914
cka_sep,30,bert,0.19604856185399377,-0.028319455965256066
cka_sep,30,mpnet,0.6366295085062286,0.0006609194619530751
cka_sep,30,minilm,0.606817826691926,-0.010030300798384517
cka_sep,30,pubmedbert,0.6656836869571863,0.020290141370706602
cka_sep,30,biobert,0.6408291685345237,0.014382548251930478
cka_sep,30,simcse,0.5266030021345756,-0.02109450636919943
cka_sep,31,specter,0.627873589596505,0.013362605929388094
cka_sep,31,specter2,0.5925082123619038,-0.009884767974508638
cka_sep,31,scincl,0.6245715334850561,0.007760806048248803
cka_sep,31,scibert,0.5237088278612614,0.053804544377384224
cka_sep,31,bert,0.1480293173604233,-0.059931863060524705
cka_sep,31,mpnet,0.6310770474806232,0.01151529583464962
cka_sep,31,minilm,0.6063785897334547,0.00593729964144607
cka_sep,31,pubmedbert,0.614389426958607,-0.014597281229570824
cka_sep,31,biobert,0.616551423819739,0.006511640935447772
cka_sep,31,simcse,0.516812390603513,-0.01447828050196023
cka_sep,32,specter,0.5743010031499982,-0.020715759705428924
cka_sep,32,specter2,0.5918079387409776,0.00890917921625504
cka_sep,32,scincl,0.5891082250478425,-0.008208281577275009
cka_sep,32,scibert,0.43901007702289746,-0.01139998564928995
cka_sep,32,bert,0.2199634890019836,0.03149652939272541
cka_sep,32,mpnet,0.5957422947711278,-0.004325236063155873
cka_sep,32,minilm,0.5907925024033903,0.00984543312307156
cka_sep,32,pubmedbert,0.6090591048901038,-0.000433382486384088
cka_sep,32,biobert,0.5740152142133682,-0.016530347859233338
cka_sep,32,simcse,0.5231583019024985,0.011361851608715038
cka_sep,33,specter,0.5428187090887244,-0.03332179747786362
cka_sep,33,specter2,0.5658482913998701,0.0018257881639866093
cka_sep,33,scincl,0.569636261720323,-0.008803988615955414
cka_sep,33,scibert,0.43436274057994884,0.0028289341966005375
cka_sep,33,bert,0.177701263663048,0.008110560342628866
cka_sep,33,mpnet,0.5809449442672985,-0.0002463302781462451
cka_sep,33,minilm,0.5620778829100324,7.069918552692221e-06
cka_sep,33,pubmedbert,0.5862135663588391,-0.004402664728809878
cka_sep,33,biobert,0.5674987560871094,-0.004170549696652907
cka_sep,33,simcse,0.5310931721806031,0.038172978175658887
cka_sep,34,specter,0.6322420334464993,0.023497164802583386
cka_sep,34,specter2,0.6044984181320934,0.007871552818881942
cka_sep,34,scincl,0.6283712624485839,0.01732665003497755
cka_sep,34,scibert,0.4113476052372859,-0.0527905632233903
cka_sep,34,bert,0.1964814543683646,-0.005713611029382393
cka_sep,34,mpnet,0.622861703848627,0.009066067225854395
cka_sep,34,minilm,0.6012402805990829,0.00656510553027529
cka_sep,34,pubmedbert,0.635495660253977,0.012275067089000205
cka_sep,34,biobert,0.6151943851505677,0.01092071728947751
cka_sep,34,simcse,0.49650640554399433,-0.029018150538277904
cka_sep,35,specter,0.6291613979823215,0.02263317379008625
cka_sep,35,specter2,0.6042806637072143,0.00987044284568365
cka_sep,35,scincl,0.6171275131550129,0.008299545193087213
cka_sep,35,scibert,0.40477496511656924,-0.05714655889242627
cka_sep,35,bert,0.16000474188137515,-0.039973679064691146
cka_sep,35,mpnet,0.6228468182363786,0.01126782606528661
cka_sep,35,minilm,0.6014818978296419,0.009023367212515003
cka_sep,35,pubmedbert,0.6474774988623784,0.02647355014908222
cka_sep,35,biobert,0.6172939512112889,0.015236927801879439
cka_sep,35,simcse,0.5176233165300889,-0.0056845951005026025
cka_sep,36,specter,0.5579802729259926,-0.008604072130992298
cka_sep,36,specter2,0.5625404285803418,0.008074086854061437
cka_sep,36,scincl,0.5502698389108933,-0.01861424991578204
cka_sep,36,scibert,0.40732157191717816,-0.014656072956566976
cka_sep,36,bert,0.18625041200216522,0.026215870191349237
cka_sep,36,mpnet,0.5750022187870312,0.003367105751189592
cka_sep,36,minilm,0.5587115602465694,0.006196908764692933
cka_sep,36,pubmedbert,0.5828358533361614,0.0017757837581155516
cka_sep,36,biobert,0.5479157048619167,-0.01419743941224267
cka_sep,36,simcse,0.4938061115915164,0.010442079096175252
cka_quality,11,specter,0.6554307709476899,0.011024687445085272
cka_quality,11,specter2,0.616643497362122,-0.014916210103605838
cka_quality,11,scincl,0.6526975573629914,0.006425870691941881
cka_quality,11,scibert,0.6534277673110598,0.0011346200716354628
cka_quality,11,bert,0.6460269762296561,0.0020130160910290457
cka_quality,11,mpnet,0.6559098191045635,0.006800272045521521
cka_quality,11,minilm,0.636621187514309,0.002521666954815433
cka_quality,11,pubmedbert,0.6261949205201669,-0.0020812169015542357
cka_quality,11,biobert,0.65887261942922,0.002061040128194722
cka_quality,11,simcse,0.577766331026139,-0.014983746423063708
cka_quality,12,specter,0.5996117554601608,-0.03492182038728306
cka_quality,12,specter2,0.6094970003542015,-0.012190199456365545
cka_quality,12,scincl,0.6357987655189132,-0.0006004134969754086
cka_quality,12,scibert,0.6649257555176383,0.022505115933374762
cka_quality,12,bert,0.6717523865723656,0.03761093408889925
cka_quality,12,mpnet,0.6118053123875379,-0.027431727016343308
cka_quality,12,minilm,0.6030478035023925,-0.021179209401940253
cka_quality,12,pubmedbert,0.6171154366709514,-0.0012881930956090137
cka_quality,12,biobert,0.645976580273659,-0.0009624913722054984
cka_quality,12,simcse,0.6213355739984903,0.038458004204448254
cka_quality,13,specter,0.6331439684780341,0.006253049724698003
cka_quality,13,specter2,0.5896952682732758,-0.024349274443183615
cka_quality,13,scincl,0.640806891857752,0.0120503699359708
cka_quality,13,scibert,0.6435828256544208,0.008804843164264923
cka_quality,13,bert,0.6183811344671682,-0.00811766092219045
cka_quality,13,mpnet,0.6309687426103089,-0.0006256396994646702
cka_quality,13,minilm,0.6155764353468465,-0.0010079204633786458
cka_quality,13,pubmedbert,0.6208772173591461,0.010116244686693402
cka_quality,13,biobert,0.6592638141938064,0.019967399642049594
cka_quality,13,simcse,0.5521435010744753,-0.023091411625459
cka_quality,14,specter,0.5823139053039967,-0.023416121474270437
cka_quality,14,specter2,0.616911901198821,0.02402825045743066
cka_quality,14,scincl,0.601970150431917,-0.0056254795147951215
cka_quality,14,scibert,0.6072443236985156,-0.0063727668165713585
cka_quality,14,bert,0.6078302195364618,0.0024923161221721063
cka_quality,14,mpnet,0.6227455219498822,0.0123120316151777
cka_quality,14,minilm,0.6083469694891473,0.012923505653991264
cka_quality,14,pubmedbert,0.5659299205553477,-0.02367016014203592
cka_quality,14,biobert,0.6024385020401122,-0.015697020536575623
cka_quality,14,simcse,0.5770994653603432,0.02302544463547789
cka_quality,15,specter,0.7547794903882424,0.025988754309109765
cka_quality,15,specter2,0.7158615062739819,-8.285376827390747e-05
cka_quality,15,scincl,0.7354772162465719,0.004820876998994349
cka_quality,15,scibert,0.7249397756158009,-0.011738024200151452
cka_quality,15,bert,0.7026285159701564,-0.025770096744998812
cka_quality,15,mpnet,0.7423788540214697,0.00888465438589968
cka_quality,15,minilm,0.7224446285362328,0.003960455400211159
cka_quality,15,pubmedbert,0.7077311687334984,-0.004929621264750778
cka_quality,15,biobert,0.7380791087109652,-0.0031171231665880266
cka_quality,15,simcse,0.6791177080762794,0.001982978050548639
cka_quality,16,specter,0.7082000336091006,0.024017719913376607
cka_quality,16,specter2,0.6515843324293686,-0.019751605229478632
cka_quality,16,scincl,0.6554930522166362,-0.030554864647532678
cka_quality,16,scibert,0.7167278841583593,0.024658506725815696
cka_quality,16,bert,0.6763382726186395,-0.007451917713106986
cka_quality,16,mpnet,0.6784320630108748,-0.010453714241286629
cka_quality,16,minilm,0.6595422686140112,-0.014333482138601798
cka_quality,16,pubmedbert,0.697510620304608,0.029458252689767452
cka_quality,16,biobert,0.7089593131019002,0.01237150360775553
cka_quality,16,simcse,0.6245659086756137,-0.007960398966708316
cka_quality,17,specter,0.6310306762913309,-0.014859348098023238
cka_quality,17,specter2,0.6524677209075295,0.019424072555052123
cka_quality,17,scincl,0.6505565231801423,0.002800895622343252
cka_quality,17,scibert,0.6349984798963355,-0.018778608229838407
cka_quality,17,bert,0.6411273729485972,-0.004370528076779401
cka_quality,17,mpnet,0.6549151027241239,0.0043216147783323965
cka_quality,17,minilm,0.646076028689477,0.010492567243233886
cka_quality,17,pubmedbert,0.6337077005720428,0.003947622263572259
cka_quality,17,biobert,0.6408037405063086,-0.01749177968146614
cka_quality,17,simcse,0.6087475099595268,0.014513491623574626
cka_quality,18,specter,0.6275943439693666,-0.020077871290443878
cka_quality,18,specter2,0.6509128340138105,0.016086994790876757
cka_quality,18,scincl,0.6557461312514357,0.006208312823180141
cka_quality,18,scibert,0.6403976019874462,-0.015161677009184225
cka_quality,18,bert,0.6440036318146638,-0.0032764600811691943
cka_quality,18,mpnet,0.6622219779761127,0.00984629915986484
cka_quality,18,minilm,0.6420035473861992,0.004637895069499681
cka_quality,18,pubmedbert,0.6296013905915405,-0.0019408785873865878
cka_quality,18,biobert,0.651353265575398,-0.008724445482833318
cka_quality,18,simcse,0.6084180398140036,0.012401830607594897
cka_quality,19,specter,0.7110974942462994,0.006086891476708674
cka_quality,19,specter2,0.6758258852090925,-0.016338341523621458
cka_quality,19,scincl,0.7068268121834335,-4.93937546022474e-05
cka_quality,19,scibert,0.7121520759426515,-0.0007455905637589158
cka_quality,19,bert,0.7277588280979531,0.023140348692339965
cka_quality,19,mpnet,0.6980483852316004,-0.011665681094427746
cka_quality,19,minilm,0.6907757415335223,-0.003928298292957439
cka_quality,19,pubmedbert,0.7075120206741738,0.01863136398546656
cka_quality,19,biobert,0.7105097478357494,-0.006906350732261905
cka_quality,19,simcse,0.6451296485233052,-0.008224948192883615
cka_quality,20,specter,0.6017609489161644,-0.028565665966788136
cka_quality,20,specter2,0.6335926057200573,0.016112366873981456
cka_quality,20,scincl,0.6302354848263401,-0.0019567332250574054
cka_quality,20,scibert,0.6457296211935888,0.007515942573816529
cka_quality,20,bert,0.645576112477297,0.01564162095832189
cka_quality,20,mpnet,0.6418399491884844,0.00680987074909456
cka_quality,20,minilm,0.626077228627863,0.006057176688021439
cka_quality,20,pubmedbert,0.5979689586306051,-0.01622771017146401
cka_quality,20,biobert,0.620018375600315,-0.02271373508105814
cka_quality,20,simcse,0.595997475430683,0.017326866601132387
cka_quality,21,specter,0.8195861071971133,0.017648094427251397
cka_quality,21,specter2,0.7908766170446504,0.0017849803116652223
cka_quality,21,scincl,0.7958780050310923,-0.0079256109072148
cka_quality,21,scibert,0.7993601686529621,-0.010464907853719698
cka_quality,21,bert,0.8053185737188489,0.0037726843129644396
cka_quality,21,mpnet,0.8069222166248103,0.0002807402985109582
cka_quality,21,minilm,0.7896212052167161,-0.002010244610035011
cka_quality,21,pubmedbert,0.7926034153119815,0.006795348623003091
cka_quality,21,biobert,0.8111682789866699,-0.0031752295816128706
cka_quality,21,simcse,0.7435761516956484,-0.006705855020811693
cka_quality,22,specter,0.6432184085218486,-0.0010220109156992255
cka_quality,22,specter2,0.6410933837731528,0.009699340372481694
cka_quality,22,scincl,0.6481746956447878,0.002068673038794914
cka_quality,22,scibert,0.634094465464432,-0.01803301770993558
cka_quality,22,bert,0.6503219283682485,0.006473632294678122
cka_quality,22,mpnet,0.6405249003705511,-0.00841898262343409
cka_quality,22,minilm,0.6172625483462968,-0.016671308148139982
cka_quality,22,pubmedbert,0.6388914230408389,0.010780949684174571
cka_quality,22,biobert,0.6549441673872155,-0.0017017478487530127
cka_quality,22,simcse,0.6094088852399794,0.016824471855833505
cka_quality,23,specter,0.6754231491154941,0.001228268310316601
cka_quality,23,specter2,0.6649842972639669,0.0036357924956660964
cka_quality,23,scincl,0.6782114959105923,0.002151011936969637
cka_quality,23,scibert,0.667397570436532,-0.014684374105465229
cka_quality,23,bert,0.6912176775213896,0.017414920080189633
cka_quality,23,mpnet,0.6797250800220848,0.0008267356604698436
cka_quality,23,minilm,0.6667784052177678,0.002890087355701226
cka_quality,23,pubmedbert,0.6590231075003833,0.0009581727760891415
cka_quality,23,biobert,0.6854762102369228,-0.0011241663666754374
cka_quality,23,simcse,0.6092424266085136,-0.013296448143262054
cka_quality,24,specter,0.6646851938009863,0.005789008183234295
cka_quality,24,specter2,0.6322043399409172,-0.013845469639958054
cka_quality,24,scincl,0.6677174367905994,0.006955648004402354
cka_quality,24,scibert,0.6824764695043688,0.01569322014979704
cka_quality,24,bert,0.6397565945180104,-0.018747467735764117
cka_quality,24,mpnet,0.6667203609922043,0.003120711818014864
cka_quality,24,minilm,0.6583662782076156,0.0097766555329746
cka_quality,24,pubmedbert,0.6477101457572636,0.004943906220395027
cka_quality,24,biobert,0.6886358897136617,0.017334208297489034
cka_quality,24,simcse,0.5762197587337656,-0.03102042083058438
cka_quality,25,specter,0.6571706773018244,0.01024466441150862
cka_quality,25,specter2,0.6319474181821652,-0.002132218671273889
cka_quality,25,scincl,0.6527604509556455,0.0039688348968846855
cka_quality,25,scibert,0.6675227011671321,0.012709624539996491
cka_quality,25,bert,0.618386574981681,-0.028147314544657256
cka_quality,25,mpnet,0.6535561495228233,0.0019266730760699982
cka_quality,25,minilm,0.6287616619588913,-0.007857787988313554
cka_quality,25,pubmedbert,0.6569767482170712,0.02618068140763885
cka_quality,25,biobert,0.6748584099835946,0.015526901294858132
cka_quality,25,simcse,0.5628499484142023,-0.03242005842271171
cka_quality,26,specter,0.7233079014451154,-0.002072596547783973
cka_quality,26,specter2,0.7266639365568798,0.014129814600857209
cka_quality,26,scincl,0.7308494101357116,0.0036033089743672374
cka_quality,26,scibert,0.7506995771282267,0.017432015398507597
cka_quality,26,bert,0.7267565377804073,0.0017681631514855356
cka_quality,26,mpnet,0.6993765063924484,-0.030707455156888233
cka_quality,26,minilm,0.6965978404295312,-0.01847609462025717
cka_quality,26,pubmedbert,0.7213470765412078,0.012096524629191887
cka_quality,26,biobert,0.705487233776369,-0.03229876001495105
cka_quality,26,simcse,0.7082495715249695,0.03452507958547197
cka_quality,27,specter,0.5819100028030689,0.008963638543637723
cka_quality,27,specter2,0.5597959302205032,-0.0003040580020511206
cka_quality,27,scincl,0.5784493618187156,0.0036373943908395803
cka_quality,27,scibert,0.5803471421030789,-0.0004862858931718512
cka_quality,27,bert,0.5750443358408136,0.0024900949453600107
cka_quality,27,mpnet,0.5779185357833867,0.000268707967518125
cka_quality,27,minilm,0.5663840366888183,0.0037442353724980292
cka_quality,27,pubmedbert,0.5433495363475207,-0.013466881831027004
cka_quality,27,biobert,0.5846601696551459,-0.0006916904027059899
cka_quality,27,simcse,0.5171352031151332,-0.004155155090896072
cka_quality,28,specter,0.6660446442075568,-0.007463095689749196
cka_quality,28,specter2,0.6664356684957161,0.005774304635287004
cka_quality,28,scincl,0.6818481892473756,0.006474846181624676
cka_quality,28,scibert,0.6699266173253583,-0.01146818630876751
cka_quality,28,bert,0.6634269924272267,-0.009688624106101718
cka_quality,28,mpnet,0.6905723969701971,0.01236119351645378
cka_quality,28,minilm,0.6711693478593408,0.007968170905145813
cka_quality,28,pubmedbert,0.6552449293894802,-0.0021328644269423824
cka_quality,28,biobert,0.7107494482359812,0.0248362125402545
cka_quality,28,simcse,0.5951897765967001,-0.02666195724720393
cka_quality,29,specter,0.7059219291551341,0.016836592904302988
cka_quality,29,specter2,0.6721931603672161,-0.004045799846738264
cka_quality,29,scincl,0.7002121097026742,0.009261170283398075
cka_quality,29,scibert,0.6827279248871986,-0.014244475100452335
cka_quality,29,bert,0.6809729464980708,-0.0077202663887828826
cka_quality,29,mpnet,0.7046169869974716,0.010828187190203089
cka_quality,29,minilm,0.6875407980711978,0.008762024763477613
cka_quality,29,pubmedbert,0.6496698669978024,-0.023285523172145186
cka_quality,29,biobert,0.7011315678246216,-0.0003592642246302106
cka_quality,29,simcse,0.641396683788797,0.003967353591367708
cka_quality,30,specter,0.67870068624836,0.025208896037551522
cka_quality,30,specter2,0.6320353580760878,-0.008610056097843734
cka_quality,30,scincl,0.6579563747723137,0.0025989813930604364
cka_quality,30,scibert,0.6682959117100856,0.006917057762457459
cka_quality,30,bert,0.622557525474037,-0.030542141372793936
cka_quality,30,mpnet,0.665252407665139,0.007057153897893187
cka_quality,30,minilm,0.6411306609294061,-0.0020545663382914242
cka_quality,30,pubmedbert,0.643192783455492,0.005830939325567047
cka_quality,30,biobert,0.6757815847505011,0.009884298741272021
cka_quality,30,simcse,0.5855452208085341,-0.016290563348872453
cka_quality,31,specter,0.6983370063568217,0.007534246981537571
cka_quality,31,specter2,0.6586993639937275,-0.01925701934468
cka_quality,31,scincl,0.6926327566006083,-3.560594312097049e-05
cka_quality,31,scibert,0.7227854826364157,0.024095659524311648
cka_quality,31,bert,0.6977316243019355,0.007320988290628759
cka_quality,31,mpnet,0.6995638860697677,0.004057663138046107
cka_quality,31,minilm,0.6755581541112256,-0.004938042320947756
cka_quality,31,pubmedbert,0.6930609206997645,0.018388107405363785
cka_quality,31,biobert,0.6986400614823145,-0.0045681936913903876
cka_quality,31,simcse,0.6065489492821349,-0.03259780403974755
cka_quality,32,specter,0.6071653232846719,-0.022618552336709657
cka_quality,32,specter2,0.6297149706136107,0.012777471029105932
cka_quality,32,scincl,0.6250525714264787,-0.00659690736334775
cka_quality,32,scibert,0.6357159603543142,-0.0019549790038871175
cka_quality,32,bert,0.630309115955428,0.0009173636980240504
cka_quality,32,mpnet,0.6303227490786776,-0.0041645900991413975
cka_quality,32,minilm,0.631579649523031,0.012102336844760439
cka_quality,32,pubmedbert,0.5994781057334233,-0.014175823807074705
cka_quality,32,biobert,0.646620702370603,0.004431330950800789
cka_quality,32,simcse,0.5974102196554494,0.019282350087469886
cka_quality,33,specter,0.5993619174394957,-0.04021649393494861
cka_quality,33,specter2,0.6242012379369117,-0.002530797400655834
cka_quality,33,scincl,0.6314504277843509,-0.009993586758538417
cka_quality,33,scibert,0.6565072741803033,0.009041799069039026
cka_quality,33,bert,0.6586576245308193,0.019471336520352624
cka_quality,33,mpnet,0.6376105382859198,-0.006671336644961951
cka_quality,33,minilm,0.6227947015101359,-0.006477146921197435
cka_quality,33,pubmedbert,0.6223471213843761,-0.0011013439091849264
cka_quality,33,biobert,0.6593280657023717,0.007344158529506626
cka_quality,33,simcse,0.6190558167716319,0.031133411450589392
cka_quality,34,specter,0.6639483164186569,0.022520221139808647
cka_quality,34,specter2,0.6330177920497371,0.004436072807765578
cka_quality,34,scincl,0.6570891644330772,0.013795465985783998
cka_quality,34,scibert,0.6371648606862681,-0.012150298329399832
cka_quality,34,bert,0.6366930459200824,-0.004342925994788459
cka_quality,34,mpnet,0.6510737796748903,0.004942220839604556
cka_quality,34,minilm,0.6374693473797676,0.006347815044030283
cka_quality,34,pubmedbert,0.60253178656449,-0.022766362633474882
cka_quality,34,biobert,0.6588101772393571,0.004976586162088046
cka_quality,34,simcse,0.5720132942040288,-0.017758795021417514
cka_quality,35,specter,0.6719526908315245,0.015030937793895218
cka_quality,35,specter2,0.6473853598936224,0.003309982892869903
cka_quality,35,scincl,0.6600263727700956,0.0012390165640213545
cka_quality,35,scibert,0.6543378286182399,-0.010470988156209123
cka_quality,35,bert,0.6540658764214142,-0.0024637532522375403
cka_quality,35,mpnet,0.6681501849149438,0.006524968320877221
cka_quality,35,minilm,0.6477617783551655,0.0011465882606471129
cka_quality,35,pubmedbert,0.6280945261130846,-0.012697280843661321
cka_quality,35,biobert,0.6697473939418015,0.00042014510575156324
cka_quality,35,simcse,0.6032261302982734,-0.002039616685953797
cka_quality,36,specter,0.5962062418408883,-0.009142094960323822
cka_quality,36,specter2,0.5996564204690263,0.007154459704690851
cka_quality,36,scincl,0.582491857858266,-0.024722082111391055
cka_quality,36,scibert,0.6094811749055297,-0.0037542256325022727
cka_quality,36,bert,0.6150679511241617,0.010111737686926957
cka_quality,36,mpnet,0.6090212284760468,-0.0010305718816027893
cka_quality,36,minilm,0.6006446940131565,0.00560292015505522
cka_quality,36,pubmedbert,0.5808541378097183,-0.00836425291061048
cka_quality,36,biobert,0.6181320457833217,0.00037821318368879016
cka_quality,36,simcse,0.5774582275138789,0.0237658967660686
cka_equal2048,11,specter,0.6381960104281371,0.011980667335118551
cka_equal2048,11,specter2,0.5992252039511204,-0.015053947656404085
cka_equal2048,11,scincl,0.6358112442107764,0.00850098470137433
cka_equal2048,11,scibert,0.6358326807018888,0.003406006770190009
cka_equal2048,11,bert,0.6323511968250742,0.0033736664716814938
cka_equal2048,11,mpnet,0.6379420301464882,0.0069833930972748775
cka_equal2048,11,minilm,0.621064140799132,0.004828601454491636
cka_equal2048,11,pubmedbert,0.5989367190001427,-0.004467738743403362
cka_equal2048,11,biobert,0.6201457852335877,-0.005454052833278637
cka_equal2048,11,simcse,0.5639946319966006,-0.014097580597045677
cka_equal2048,12,specter,0.5555649249300396,-0.036357283485292186
cka_equal2048,12,specter2,0.5660177320864699,-0.013968284843368008
cka_equal2048,12,scincl,0.5897045178419281,-0.0033126069897871555
cka_equal2048,12,scibert,0.6199781529677967,0.021844613713784617
cka_equal2048,12,bert,0.6381529995262853,0.04346860385057927
cka_equal2048,12,mpnet,0.5688960587128451,-0.027769443658681406
cka_equal2048,12,minilm,0.5658176438694235,-0.016124760797530186
cka_equal2048,12,pubmedbert,0.5658949779626962,-0.003216345103163277
cka_equal2048,12,biobert,0.5785260262338277,-0.012780677155352027
cka_equal2048,12,simcse,0.5920152623847694,0.0482161844688096
cka_equal2048,13,specter,0.6246779406168865,0.00678514929893095
cka_equal2048,13,specter2,0.5822639201357083,-0.023692679696753555
cka_equal2048,13,scincl,0.6319215835287071,0.012933875794368024
cka_equal2048,13,scibert,0.6298525860088838,0.005748463852247958
cka_equal2048,13,bert,0.6123947052046161,-0.0082602733737137
cka_equal2048,13,mpnet,0.6220050886522291,-0.0006309966219211081
cka_equal2048,13,minilm,0.607882632719218,-3.0354850359317867e-05
cka_equal2048,13,pubmedbert,0.6068030141079563,0.011721108139473198
cka_equal2048,13,biobert,0.6373307446303844,0.020053458338581003
cka_equal2048,13,simcse,0.5451419099377289,-0.024627750880854584
cka_equal2048,14,specter,0.5630938028703831,-0.024872086968960778
cka_equal2048,14,specter2,0.6014820508363073,0.02545235248245745
cka_equal2048,14,scincl,0.582153529516928,-0.006907276738799329
cka_equal2048,14,scibert,0.5897209069738802,-0.0044563137041438005
cka_equal2048,14,bert,0.5929996085206656,0.002271531420947665
cka_equal2048,14,mpnet,0.6070276185023443,0.01431843470680574
cka_equal2048,14,minilm,0.5882824613846213,0.010296375293655556
cka_equal2048,14,pubmedbert,0.5419573170956419,-0.023197687394229487
cka_equal2048,14,biobert,0.5699419826847423,-0.017408402128449223
cka_equal2048,14,simcse,0.5643458323706865,0.024503073030714848
cka_equal2048,15,specter,0.7410175986184171,0.027598933413884776
cka_equal2048,15,specter2,0.7003220059984666,-0.0011604677205719277
cka_equal2048,15,scincl,0.7197459458760266,0.005232364255110644
cka_equal2048,15,scibert,0.7088596549599118,-0.010770341083300907
cka_equal2048,15,bert,0.6871101609181307,-0.029070691546775947
cka_equal2048,15,mpnet,0.725698337646083,0.0075363784853559445
cka_equal2048,15,minilm,0.7060697774528841,0.0026309159967298212
cka_equal2048,15,pubmedbert,0.685744663622322,-0.004863116232738089
cka_equal2048,15,biobert,0.7166854815048,0.003882321326419771
cka_equal2048,15,simcse,0.6642792378110453,-0.0010162968941150503
cka_equal2048,16,specter,0.7126548758168614,0.026974483833362168
cka_equal2048,16,specter2,0.6524648042660977,-0.021279396231907752
cka_equal2048,16,scincl,0.6580696242513265,-0.02870568414855612
cka_equal2048,16,scibert,0.7157338553658976,0.023842132543718093
cka_equal2048,16,bert,0.6824682012970292,-0.0059743779468440904
cka_equal2048,16,mpnet,0.6738087489819719,-0.016614936957721958
cka_equal2048,16,minilm,0.6551056247903202,-0.020594963444800815
cka_equal2048,16,pubmedbert,0.6986115353905317,0.03574202875650492
cka_equal2048,16,biobert,0.7022225826238101,0.017157695666463215
cka_equal2048,16,simcse,0.6270102794139081,-0.010546982070218869
cka_equal2048,17,specter,0.6216156344021108,-0.014670473877861467
cka_equal2048,17,specter2,0.6416811253450745,0.017331208550596174
cka_equal2048,17,scincl,0.6377991047898012,0.0004180800934454116
cka_equal2048,17,scibert,0.6252856472665314,-0.017211791852121
cka_equal2048,17,bert,0.6321841476600897,-0.0068641478802567
cka_equal2048,17,mpnet,0.6430745161824457,0.0020451139462787835
cka_equal2048,17,minilm,0.6324215438183765,0.00611523928678242
cka_equal2048,17,pubmedbert,0.6213233884948259,0.007848165564326215
cka_equal2048,17,biobert,0.6258220693476813,-0.009848533906138626
cka_equal2048,17,simcse,0.6030001178555484,0.01483714007494837
cka_equal2048,18,specter,0.6161539174126972,-0.020119559537705375
cka_equal2048,18,specter2,0.6405051133975899,0.01616782793268111
cka_equal2048,18,scincl,0.6423777423603422,0.005009348993555996
cka_equal2048,18,scibert,0.62768967267214,-0.014795135116942871
cka_equal2048,18,bert,0.6337094343954421,-0.005326229815334729
cka_equal2048,18,mpnet,0.6499396658692518,0.008922894962654391
cka_equal2048,18,minilm,0.627760053724918,0.0014663805228933846
cka_equal2048,18,pubmedbert,0.6141833975216847,0.0007208059207543712
cka_equal2048,18,biobert,0.6324908454197131,-0.0031671265045373088
cka_equal2048,18,simcse,0.5992711390930103,0.011120792641979774
cka_equal2048,19,specter,0.6917021400427231,0.006681932506997372
cka_equal2048,19,specter2,0.6591174209255626,-0.013966595124669245
cka_equal2048,19,scincl,0.6872299962151867,0.0011148722630773945
cka_equal2048,19,scibert,0.6897798196841848,-0.001451718690221192
cka_equal2048,19,bert,0.712267024622315,0.024484629826215007
cka_equal2048,19,mpnet,0.6800654686430321,-0.009698032848888347
cka_equal2048,19,minilm,0.6727294722603243,-0.0023109315270232684
cka_equal2048,19,pubmedbert,0.6819171728291499,0.01970785064289646
cka_equal2048,19,biobert,0.6652808227175001,-0.01912387979207343
cka_equal2048,19,simcse,0.6314589497800412,-0.005438127256312381
cka_equal2048,20,specter,0.5763787633435525,-0.028060378810931413
cka_equal2048,20,specter2,0.6083894191740427,0.01588646850505256
cka_equal2048,20,scincl,0.6035886459309839,-0.0019454126398836074
cka_equal2048,20,scibert,0.6207787015700401,0.010128228576875885
cka_equal2048,20,bert,0.6291997475355293,0.02199841812067112
cka_equal2048,20,mpnet,0.6187595231732512,0.00957708706257253
cka_equal2048,20,minilm,0.601739392918995,0.00728005451288918
cka_equal2048,20,pubmedbert,0.5566161796304246,-0.025012077174586977
cka_equal2048,20,biobert,0.5712662986338858,-0.032557338494446024
cka_equal2048,20,simcse,0.579020961996897,0.022704950341785064
cka_equal2048,21,specter,0.8081341724523051,0.01716892307743355
cka_equal2048,21,specter2,0.7817236397053469,0.0026945818159691917
cka_equal2048,21,scincl,0.7840942497365907,-0.007965916054664322
cka_equal2048,21,scibert,0.7869558678656655,-0.010220712347886228
cka_equal2048,21,bert,0.7955867319263632,0.0018592952911174404
cka_equal2048,21,mpnet,0.7961686722743332,0.00046012894326695627
cka_equal2048,21,minilm,0.7779440291038965,-0.0030414165225969908
cka_equal2048,21,pubmedbert,0.7751482282999779,0.006993864274578771
cka_equal2048,21,biobert,0.7933212011692623,0.0029714568205429196
cka_equal2048,21,simcse,0.731921913577739,-0.010920205297760574
cka_equal2048,22,specter,0.6299511330194307,-0.0016957161636442662
cka_equal2048,22,specter2,0.6309746518416502,0.011263994144068954
cka_equal2048,22,scincl,0.6346581012581824,0.0019163356587238445
cka_equal2048,22,scibert,0.6213729140525405,-0.01648526596921492
cka_equal2048,22,bert,0.6379295183439619,0.0035204819005126226
cka_equal2048,22,mpnet,0.6282931720677307,-0.008096971071539049
cka_equal2048,22,minilm,0.6032053859328337,-0.018461659501863355
cka_equal2048,22,pubmedbert,0.6207275165983629,0.011891552764760208
cka_equal2048,22,biobert,0.6341296466608298,0.003098302503906833
cka_equal2048,22,simcse,0.5965726644179906,0.013048945734287646
cka_equal2048,23,specter,0.656877709808358,0.0012838838801532508
cka_equal2048,23,specter2,0.6493671527502907,0.005709518307579807
cka_equal2048,23,scincl,0.6605037719303083,0.003815029585720072
cka_equal2048,23,scibert,0.6499833287200865,-0.011821828046798457
cka_equal2048,23,bert,0.6768064224431811,0.018450409254602188
cka_equal2048,23,mpnet,0.66239404524536,0.0020569253609607177
cka_equal2048,23,minilm,0.649930195188976,0.0043161730091494255
cka_equal2048,23,pubmedbert,0.6320633906332457,-0.0007195499454866442
cka_equal2048,23,biobert,0.6423827390273478,-0.0125955818747047
cka_equal2048,23,simcse,0.5969757158976546,-0.010494979531177975
cka_equal2048,24,specter,0.6562607833357919,0.006563757696909373
cka_equal2048,24,specter2,0.6249564828565927,-0.012804351296795876
cka_equal2048,24,scincl,0.6590719577221142,0.008280015666848304
cka_equal2048,24,scibert,0.6685683445279392,0.012659988050376578
cka_equal2048,24,bert,0.6326842868739834,-0.0197749260252732
cka_equal2048,24,mpnet,0.6579786966654176,0.0035383770703405234
cka_equal2048,24,minilm,0.6501990646185973,0.010481842728093037
cka_equal2048,24,pubmedbert,0.6321837547017416,0.0052976144123316376
cka_equal2048,24,biobert,0.6682570687723897,0.019175548159659456
cka_equal2048,24,simcse,0.5681560286770202,-0.033417866462490134
cka_equal2048,25,specter,0.6484144170402879,0.010371969773924591
cka_equal2048,25,specter2,0.6225645359007402,-0.003541719880129141
cka_equal2048,25,scincl,0.6425940173854781,0.003456653702731269
cka_equal2048,25,scibert,0.6570161599575539,0.012762381852510477
cka_equal2048,25,bert,0.6122703523497102,-0.028534282177027335
cka_equal2048,25,mpnet,0.6435295631058716,0.0007438218833135668
cka_equal2048,25,minilm,0.6192896722893092,-0.00877297122867604
cka_equal2048,25,pubmedbert,0.6406390323876594,0.02540747047076851
cka_equal2048,25,biobert,0.6588279053377409,0.021400963097529938
cka_equal2048,25,simcse,0.5566250292720432,-0.03329428749494803
cka_equal2048,26,specter,0.6746172971195233,-0.0046086013480174624
cka_equal2048,26,specter2,0.6840040305154768,0.01671432353342987
cka_equal2048,26,scincl,0.6805329671191447,0.00021215223522033335
cka_equal2048,26,scibert,0.7090296014034682,0.02359237209724716
cka_equal2048,26,bert,0.6905303005602832,0.008542214832368302
cka_equal2048,26,mpnet,0.6571471817978282,-0.02682201062590719
cka_equal2048,26,minilm,0.6522282817062508,-0.01701781301291183
cka_equal2048,26,pubmedbert,0.6671531727341145,0.010738159616045925
cka_equal2048,26,biobert,0.635247862765485,-0.043362530675903774
cka_equal2048,26,simcse,0.6631145013165964,0.03201173334842769
cka_equal2048,27,specter,0.570296166764551,0.008600024550850786
cka_equal2048,27,specter2,0.549209769953094,-0.0005501807751122757
cka_equal2048,27,scincl,0.5672972701959723,0.004506211565888559
cka_equal2048,27,scibert,0.5648751468890939,-0.003032326163286562
cka_equal2048,27,bert,0.5678455996429548,0.0033872701688804074
cka_equal2048,27,mpnet,0.5658466033140932,-0.0005928328558016949
cka_equal2048,27,minilm,0.5559144997952304,0.004198161329908332
cka_equal2048,27,pubmedbert,0.5266556557758411,-0.012229601088386789
cka_equal2048,27,biobert,0.5606585996559228,-0.0004220375316251499
cka_equal2048,27,simcse,0.509708322513011,-0.00386468920131702
cka_equal2048,28,specter,0.6563594326566782,-0.007668770217636456
cka_equal2048,28,specter2,0.6572222340810826,0.0051302226922617595
cka_equal2048,28,scincl,0.6718479547935363,0.006724835502838077
cka_equal2048,28,scibert,0.6555793650908572,-0.01466016862213774
cka_equal2048,28,bert,0.6561498594127844,-0.010640530721904481
cka_equal2048,28,mpnet,0.6801317997938859,0.01136030296337646
cka_equal2048,28,minilm,0.6622813746010445,0.008232975475107953
cka_equal2048,28,pubmedbert,0.6411476181929434,-6.969933189891907e-05
cka_equal2048,28,biobert,0.6923417679332677,0.028929070085105257
cka_equal2048,28,simcse,0.5885668345498293,-0.02733823782511329
cka_equal2048,29,specter,0.6934524663773283,0.01726543366897289
cka_equal2048,29,specter2,0.6616348473815842,-0.0026159938412773703
cka_equal2048,29,scincl,0.6874102585808732,0.010128309456134275
cka_equal2048,29,scibert,0.6665510859165473,-0.015847277630488408
cka_equal2048,29,bert,0.667231676507491,-0.011717543461238619
cka_equal2048,29,mpnet,0.6925355656070209,0.011605238942470762
cka_equal2048,29,minilm,0.6771423260496044,0.01093509708962718
cka_equal2048,29,pubmedbert,0.6284224766707552,-0.02495367068812784
cka_equal2048,29,biobert,0.6763388026577494,0.0007672749755460728
cka_equal2048,29,simcse,0.6324970336973629,0.004433131488379575
cka_equal2048,30,specter,0.6837598249319385,0.026836491171479744
cka_equal2048,30,specter2,0.6318818914724997,-0.013105250802465286
cka_equal2048,30,scincl,0.6572791666351239,-0.0007390835417183537
cka_equal2048,30,scibert,0.6687030108096322,0.005568346210493254
cka_equal2048,30,bert,0.6323276592283934,-0.027357861792439472
cka_equal2048,30,mpnet,0.6658988175935445,0.004232189876891088
cka_equal2048,30,minilm,0.6423476662901492,-0.0045958637219313874
cka_equal2048,30,pubmedbert,0.6458109486603822,0.011698500249395807
cka_equal2048,30,biobert,0.6702752161151085,0.013967387380801907
cka_equal2048,30,simcse,0.592295348230579,-0.016504855030507568
cka_equal2048,31,specter,0.6813207712277026,0.006393058092248364
cka_equal2048,31,specter2,0.6417742722618398,-0.02121724938812068
cka_equal2048,31,scincl,0.6762333680963836,0.00021073854454583478
cka_equal2048,31,scibert,0.7048431909872179,0.023704147013083494
cka_equal2048,31,bert,0.6829642874414575,0.005274387045628992
cka_equal2048,31,mpnet,0.6818507629359586,0.002179755844309603
cka_equal2048,31,minilm,0.6594125651419588,-0.005535344245117406
cka_equal2048,31,pubmedbert,0.6732629280754364,0.021146100289454517
cka_equal2048,31,biobert,0.6762652311651632,0.001953023055861215
cka_equal2048,31,simcse,0.5926959663841869,-0.03410861625189524
cka_equal2048,32,specter,0.5935315868053808,-0.02234863655276857
cka_equal2048,32,specter2,0.6163475971789327,0.012403565306277077
cka_equal2048,32,scincl,0.6114398748601452,-0.0055352649143877285
cka_equal2048,32,scibert,0.6189814902860541,-0.0031100639107755563
cka_equal2048,32,bert,0.6194372662092732,0.0007948555907495806
cka_equal2048,32,mpnet,0.6167540850315614,-0.003869432282782581
cka_equal2048,32,minilm,0.618843172332031,0.012942752722259816
cka_equal2048,32,pubmedbert,0.5779593051918241,-0.015110032816852846
cka_equal2048,32,biobert,0.6193783215517341,0.004113603219736812
cka_equal2048,32,simcse,0.5874757464973203,0.019718653638543034
cka_equal2048,33,specter,0.5722239152094355,-0.04067865943968295
cka_equal2048,33,specter2,0.6016783722268322,0.000711989063207599
cka_equal2048,33,scincl,0.6035690441027186,-0.010428446962783408
cka_equal2048,33,scibert,0.6294160001364807,0.010302094648682
cka_equal2048,33,bert,0.6343678369715525,0.01870307506205994
cka_equal2048,33,mpnet,0.6159941867638272,-0.001651681841486008
cka_equal2048,33,minilm,0.5986372338092834,-0.004285537091456935
cka_equal2048,33,pubmedbert,0.5853366939543968,-0.004754995345249246
cka_equal2048,33,biobert,0.6112107567371076,-0.0010763128858586077
cka_equal2048,33,simcse,0.5979379189423123,0.03315847479256611
cka_equal2048,34,specter,0.6524593525855598,0.02263379889487184
cka_equal2048,34,specter2,0.6222067922696621,0.004317430064468041
cka_equal2048,34,scincl,0.6453312380347598,0.01441076792768835
cka_equal2048,34,scibert,0.6215885644141113,-0.014448320115256923
cka_equal2048,34,bert,0.6291407081338347,-0.003447032817227432
cka_equal2048,34,mpnet,0.6388047020867023,0.00423585443981964
cka_equal2048,34,minilm,0.6264094926569658,0.006563742714656034
cka_equal2048,34,pubmedbert,0.5810311423834164,-0.025983525957799156
cka_equal2048,34,biobert,0.6385637588066679,0.00935371014213213
cka_equal2048,34,simcse,0.5640659978979624,-0.01763642529335331
cka_equal2048,35,specter,0.6569916742368341,0.014496570234370405
cka_equal2048,35,specter2,0.632974933370114,0.0024160208531442346
cka_equal2048,35,scincl,0.6451630956996698,0.0015730752808225236
cka_equal2048,35,scibert,0.6386211400578959,-0.010085294783247996
cka_equal2048,35,bert,0.6394724868921893,-0.005784804370648556
cka_equal2048,35,mpnet,0.6526487886352754,0.0054103906766171566
cka_equal2048,35,minilm,0.6352631697894792,0.002747869535393558
cka_equal2048,35,pubmedbert,0.6055281952205758,-0.01415602343241551
cka_equal2048,35,biobert,0.6487510717146319,0.00687147273832045
cka_equal2048,35,simcse,0.5908826967707336,-0.0034892767323580673
cka_equal2048,36,specter,0.5781931562225124,-0.010554911027010548
cka_equal2048,36,specter2,0.5835684897704079,0.006756614006378812
cka_equal2048,36,scincl,0.5669390244283897,-0.02290395923751671
cka_equal2048,36,scibert,0.5897971807948124,-0.005162217293390701
cka_equal2048,36,bert,0.5981341176025639,0.006623863092666802
cka_equal2048,36,mpnet,0.594031411708137,0.0005400505024194535
cka_equal2048,36,minilm,0.5865036977737712,0.00773543427262645
cka_equal2048,36,pubmedbert,0.5557580240530948,-0.010179157846955778
cka_equal2048,36,biobert,0.5922337484951294,0.00410118627175873
cka_equal2048,36,simcse,0.5636680340091732,0.023043097259022427
neighbors_all_k10,11,specter,0.2742491083802837,0.003708675335741818
neighbors_all_k10,11,specter2,0.24408675388533607,-0.012987024243407376
neighbors_all_k10,11,scincl,0.2809870654356426,-0.0018436496676345953
neighbors_all_k10,11,scibert,0.2853471901704807,0.009868800151574895
neighbors_all_k10,11,bert,0.25552344744673805,0.009211013654701727
neighbors_all_k10,11,mpnet,0.28890954163991167,-0.00997301378891808
neighbors_all_k10,11,minilm,0.2691122261388903,-0.017704158898706086
neighbors_all_k10,11,pubmedbert,0.2759942359180194,0.012819017178342836
neighbors_all_k10,11,biobert,0.2804180508157064,0.010736321562833174
neighbors_all_k10,11,simcse,0.19981611882449263,-0.0038359812845281485
neighbors_all_k10,12,specter,0.17926564374170498,-0.03925931722371026
neighbors_all_k10,12,specter2,0.1802110041567584,-0.024847301892858407
neighbors_all_k10,12,scincl,0.1953831233040656,-0.035432119720084955
neighbors_all_k10,12,scibert,0.23095384645474148,0.007490928514962337
neighbors_all_k10,12,bert,0.24225643033670238,0.04795946862379277
neighbors_all_k10,12,mpnet,0.22445984944682015,-0.022407233902882916
neighbors_all_k10,12,minilm,0.22235949373354,-0.012441419224929655
neighbors_all_k10,12,pubmedbert,0.2220290724785161,0.010869325817966183
neighbors_all_k10,12,biobert,0.2296592197680004,0.011992962594253816
neighbors_all_k10,12,simcse,0.2077113344433852,0.05607470641349108
neighbors_all_k10,13,specter,0.2859558014146877,0.016530720846159596
neighbors_all_k10,13,specter2,0.25034176967726685,-0.005616655975462746
neighbors_all_k10,13,scincl,0.2947258744595751,0.013010511832311694
neighbors_all_k10,13,scibert,0.28313423616973865,0.008771198626846666
neighbors_all_k10,13,bert,0.22446506742312616,-0.020732013892896306
neighbors_all_k10,13,mpnet,0.29680638383315733,-0.0009608191196585594
neighbors_all_k10,13,minilm,0.2774686305657935,-0.008232401995788945
neighbors_all_k10,13,pubmedbert,0.2735318741536858,0.011472007890022997
neighbors_all_k10,13,biobert,0.2884365278437004,0.019870151066840945
neighbors_all_k10,13,simcse,0.1684240483546314,-0.03411269927837559
neighbors_all_k10,14,specter,0.2363462990021698,-0.006781251454096144
neighbors_all_k10,14,specter2,0.24798923927748417,0.018328343737016608
neighbors_all_k10,14,scincl,0.25652601521176543,0.001108182696764144
neighbors_all_k10,14,scibert,0.22997749674873147,-0.01808801068189836
neighbors_all_k10,14,bert,0.2256110009008005,0.006711449697040172
neighbors_all_k10,14,mpnet,0.27919657239820767,0.007726899557653865
neighbors_all_k10,14,minilm,0.2728358932212473,0.013432390771926919
neighbors_all_k10,14,pubmedbert,0.21476556414757567,-0.020996772003824993
neighbors_all_k10,14,biobert,0.21464398873552534,-0.027624857929071975
neighbors_all_k10,14,simcse,0.20242284312923473,0.026183625608489875
neighbors_all_k10,15,specter,0.27839232584384943,-0.000936830698433684
neighbors_all_k10,15,specter2,0.26330563250230843,-0.0025568691241762667
neighbors_all_k10,15,scincl,0.28268390273930444,-0.00893553586171402
neighbors_all_k10,15,scibert,0.28909715809992814,0.004830044583281216
neighbors_all_k10,15,bert,0.2541469170001026,-0.0009542402896748471
neighbors_all_k10,15,mpnet,0.3012844977941931,-0.006386781132377845
neighbors_all_k10,15,minilm,0.286580486303478,-0.009024622231859538
neighbors_all_k10,15,pubmedbert,0.28154098697034985,0.009577044732932046
neighbors_all_k10,15,biobert,0.2909705550425772,0.012500102291962757
neighbors_all_k10,15,simcse,0.21432851133682163,0.001887687730059626
neighbors_all_k10,16,specter,0.24970555042577203,-0.003410207121948564
neighbors_all_k10,16,specter2,0.22231353236893403,-0.01733557026298814
neighbors_all_k10,16,scincl,0.24967682363804247,-0.015729215968413472
neighbors_all_k10,16,scibert,0.28074279265415003,0.022689078132065513
neighbors_all_k10,16,bert,0.2290222632604904,0.00013450496527543808
neighbors_all_k10,16,mpnet,0.2627003180465784,-0.01875756188543
neighbors_all_k10,16,minilm,0.24886631784138713,-0.02052539169938794
neighbors_all_k10,16,pubmedbert,0.27724017646455323,0.031489633221697906
neighbors_all_k10,16,biobert,0.28191853903765257,0.029661485281600633
neighbors_all_k10,16,simcse,0.17801066994972814,-0.008216754662471383
neighbors_all_k10,17,specter,0.2528002423390675,0.006456891030128895
neighbors_all_k10,17,specter2,0.25805562146747674,0.025178925074336497
neighbors_all_k10,17,scincl,0.27723628941798456,0.01860265605031053
neighbors_all_k10,17,scibert,0.23643572257006185,-0.014845585713240763
neighbors_all_k10,17,bert,0.2092106927780328,-0.012904659278400269
neighbors_all_k10,17,mpnet,0.2950238622114971,0.020338388518270648
neighbors_all_k10,17,minilm,0.28656113636776914,0.023941833065776033
neighbors_all_k10,17,pubmedbert,0.20951960494648422,-0.029458532057589144
neighbors_all_k10,17,biobert,0.20693654481709256,-0.038548102700177486
neighbors_all_k10,17,simcse,0.18069320438400213,0.0012381860105845509
neighbors_all_k10,18,specter,0.2842033446188571,-0.0026118076144077992
neighbors_all_k10,18,specter2,0.28998255873602136,0.016634061418554877
neighbors_all_k10,18,scincl,0.3046455319585514,0.005540097666551135
neighbors_all_k10,18,scibert,0.27734687596183444,-0.014406233245794368
neighbors_all_k10,18,bert,0.2606668718580076,-0.0019202811227516658
neighbors_all_k10,18,mpnet,0.3276033651379912,0.012446090520438456
neighbors_all_k10,18,minilm,0.319034574740946,0.01594347051462662
neighbors_all_k10,18,pubmedbert,0.25806607161177797,-0.021383866316621605
neighbors_all_k10,18,biobert,0.2622027290448343,-0.02375371939676195
neighbors_all_k10,18,simcse,0.23343900687390992,0.013512187576166117
neighbors_all_k10,19,specter,0.2762624397250436,-0.013545223024277483
neighbors_all_k10,19,specter2,0.2611408638555453,-0.015200143977977356
neighbors_all_k10,19,scincl,0.28880681235251876,-0.013291132455537698
neighbors_all_k10,19,scibert,0.3057402277623884,0.01099460803870344
neighbors_all_k10,19,bert,0.2963455422181184,0.030765878721302937
neighbors_all_k10,19,mpnet,0.30656714886631786,-0.011582636267291094
neighbors_all_k10,19,minilm,0.2925525802811121,-0.013531034461263398
neighbors_all_k10,19,pubmedbert,0.2967805478608803,0.014338099416424503
neighbors_all_k10,19,biobert,0.2927916281932903,0.003842669235637789
neighbors_all_k10,19,simcse,0.2301282445880784,0.007208914774278402
neighbors_all_k10,20,specter,0.2458128117650729,-0.014747428777099829
neighbors_all_k10,20,specter2,0.25177026503400707,0.004676679407632849
neighbors_all_k10,20,scincl,0.26345864141334635,-0.009391881187561636
neighbors_all_k10,20,scibert,0.2599515431092041,-0.00554665440733243
neighbors_all_k10,20,bert,0.2583021332506798,0.02196989196101274
neighbors_all_k10,20,mpnet,0.29220091694204314,0.0032985540155826155
neighbors_all_k10,20,minilm,0.28599122617693373,0.009155033641706568
neighbors_all_k10,20,pubmedbert,0.2386417678333904,-0.01455325840391702
neighbors_all_k10,20,biobert,0.2381277790309235,-0.02157375771958058
neighbors_all_k10,20,simcse,0.22038472907620804,0.026712821469556433
neighbors_all_k10,21,specter,0.28437570534523443,-0.0005317829914469114
neighbors_all_k10,21,specter2,0.2691074176669745,-0.002333415753908472
neighbors_all_k10,21,scincl,0.29235354468041447,-0.00484422571500221
neighbors_all_k10,21,scibert,0.29045757669026373,0.000612131379218444
neighbors_all_k10,21,bert,0.26516364009438803,0.004484151010212311
neighbors_all_k10,21,mpnet,0.31395916692315584,0.0007095562021866564
neighbors_all_k10,21,minilm,0.3010495537088336,-0.000133886620902283
neighbors_all_k10,21,pubmedbert,0.27898327690571456,0.0014410028738985276
neighbors_all_k10,21,biobert,0.28063609315686877,-0.0034126913881439413
neighbors_all_k10,21,simcse,0.22202831640504772,0.004009161003887473
neighbors_all_k10,22,specter,0.23248610855647478,0.005995777923738257
neighbors_all_k10,22,specter2,0.22398999513892115,0.010966319421983077
neighbors_all_k10,22,scincl,0.2491341387477673,0.010353526056295421
neighbors_all_k10,22,scibert,0.2203175476950173,-0.011110739912083119
neighbors_all_k10,22,bert,0.19498237715941913,-0.007279954220811747
neighbors_all_k10,22,mpnet,0.2691263079711837,0.014293854954159342
neighbors_all_k10,22,minilm,0.25701604090122904,0.014249758275438111
neighbors_all_k10,22,pubmedbert,0.20437828238908237,-0.014746833938788832
neighbors_all_k10,22,biobert,0.20357212273536995,-0.022059504105697916
neighbors_all_k10,22,simcse,0.15893979324298327,-0.0006622044542321762
neighbors_all_k10,23,specter,0.27573687820097703,-0.003712902332900509
neighbors_all_k10,23,specter2,0.2523742455451428,-0.01360888007293627
neighbors_all_k10,23,scincl,0.28714886642557225,-0.004591196167040599
neighbors_all_k10,23,scibert,0.2854590362201552,0.001071298711913804
neighbors_all_k10,23,bert,0.2704056490927015,0.01518386781132957
neighbors_all_k10,23,mpnet,0.30642987686795636,-0.0013620260502090291
neighbors_all_k10,23,minilm,0.28975764030670015,-0.00596809222023177
neighbors_all_k10,23,pubmedbert,0.27822044971277343,0.0061358834837611665
neighbors_all_k10,23,biobert,0.28146709035197587,0.002876013609766933
neighbors_all_k10,23,simcse,0.21653748082490287,0.003976033226546426
neighbors_all_k10,24,specter,0.2972258130706884,0.018525978371023644
neighbors_all_k10,24,specter2,0.2704278239458295,0.005194644161963139
neighbors_all_k10,24,scincl,0.3060993126090079,0.015109195850607791
neighbors_all_k10,24,scibert,0.28846927259669647,0.0048314809226677686
neighbors_all_k10,24,bert,0.2282979378270237,-0.02617389762013543
neighbors_all_k10,24,mpnet,0.31010875141069044,0.0030667943267378736
neighbors_all_k10,24,minilm,0.29220067713142506,-0.002775109561294145
neighbors_all_k10,24,pubmedbert,0.27694059710680213,0.0056059767120026326
neighbors_all_k10,24,biobert,0.294093567251462,0.016252436343465872
neighbors_all_k10,24,simcse,0.17217400225710475,-0.03963749950703892
neighbors_all_k10,25,specter,0.2650641764931485,0.007724154693241604
neighbors_all_k10,25,specter2,0.24743516931956233,0.0035618024354538177
neighbors_all_k10,25,scincl,0.27591194132708974,0.006281637468447525
neighbors_all_k10,25,scibert,0.2643952305870568,0.002117251812785973
neighbors_all_k10,25,bert,0.2157633373551987,-0.017348685192202548
neighbors_all_k10,25,mpnet,0.289112739241898,0.0034305950577033137
neighbors_all_k10,25,minilm,0.27625049516930794,0.0026345213763465628
neighbors_all_k10,25,pubmedbert,0.25771955772982447,0.007744750234782886
neighbors_all_k10,25,biobert,0.26031844724090336,0.0038371292326650516
neighbors_all_k10,25,simcse,0.17046853174516174,-0.019983157119224073
neighbors_all_k10,26,specter,0.23078998666256284,-0.015466224358021172
neighbors_all_k10,26,specter2,0.22761259874833284,-0.005176957356452784
neighbors_all_k10,26,scincl,0.2538801682568995,-0.0046663248224198105
neighbors_all_k10,26,scibert,0.2594357238124551,0.008241555817507216
neighbors_all_k10,26,bert,0.23338770903867856,0.011359497270600165
neighbors_all_k10,26,mpnet,0.2803118908382067,0.005713557433334749
neighbors_all_k10,26,minilm,0.2768718580075921,0.01433969499395362
neighbors_all_k10,26,pubmedbert,0.2335610957217606,-0.005329900993958164
neighbors_all_k10,26,biobert,0.2250764337744947,-0.020321073454420684
neighbors_all_k10,26,simcse,0.19067405355494,0.011306175469877068
neighbors_all_k10,27,specter,0.24771316413271746,0.02290192312512091
neighbors_all_k10,27,specter2,0.22038046710084208,0.00903588100904398
neighbors_all_k10,27,scincl,0.2591274032376709,0.022025880171339017
neighbors_all_k10,27,scibert,0.22126996827786424,-0.008479229704096166
neighbors_all_k10,27,bert,0.1669604123275622,-0.03362282942752871
neighbors_all_k10,27,mpnet,0.2649613943398961,0.011808030948011706
neighbors_all_k10,27,minilm,0.2490663057435024,0.007979112742851393
neighbors_all_k10,27,pubmedbert,0.21336216924373472,-0.004083857458996513
neighbors_all_k10,27,biobert,0.22723918475167382,0.0032866475357459296
neighbors_all_k10,27,simcse,0.12707134913058393,-0.030851558941491483
neighbors_all_k10,28,specter,0.3181902123730379,0.012421125595810748
neighbors_all_k10,28,specter2,0.3072494100748948,0.014946978213466161
neighbors_all_k10,28,scincl,0.331978044526521,0.013918675690558538
neighbors_all_k10,28,scibert,0.30707191956499436,-0.0036351241865966474
neighbors_all_k10,28,bert,0.2536842105263158,-0.02785687699840568
neighbors_all_k10,28,mpnet,0.34064532676721043,0.006534117605695496
neighbors_all_k10,28,minilm,0.3234205396532267,0.0013755008829451107
neighbors_all_k10,28,pubmedbert,0.2959710680209295,-0.002432804451432279
neighbors_all_k10,28,biobert,0.3158253821688725,0.010914999183313984
neighbors_all_k10,28,simcse,0.21269416230635063,-0.026186591535355328
neighbors_all_k10,29,specter,0.3086200882322766,0.008669817501012284
neighbors_all_k10,29,specter2,0.28978865291884687,0.0033050371033809377
neighbors_all_k10,29,scincl,0.31755206730275976,0.0053115145127601605
neighbors_all_k10,29,scibert,0.30603980712013956,0.0011515794145113402
neighbors_all_k10,29,bert,0.2658725761772853,-0.009849695301473345
neighbors_all_k10,29,mpnet,0.32528162511542014,-0.0030107680001320147
neighbors_all_k10,29,minilm,0.3122355596593824,-0.003990663064936358
neighbors_all_k10,29,pubmedbert,0.2916641017749051,-0.0009209546514939129
neighbors_all_k10,29,biobert,0.3054468041448651,0.006355237205269417
neighbors_all_k10,29,simcse,0.22604083307684414,-0.007021104718899033
neighbors_all_k10,30,specter,0.297149892274546,0.009323557113200697
neighbors_all_k10,30,specter2,0.26412742382271465,-0.010232256422832233
neighbors_all_k10,30,scincl,0.29723504668103007,-0.0028815705390506097
neighbors_all_k10,30,scibert,0.3058202523853493,0.013055960249640123
neighbors_all_k10,30,bert,0.2585328819123833,-0.005065453996456391
neighbors_all_k10,30,mpnet,0.301287575664307,-0.01488088188132621
neighbors_all_k10,30,minilm,0.2891258848876578,-0.014976402266742017
neighbors_all_k10,30,pubmedbert,0.29579973325125675,0.015338612394776765
neighbors_all_k10,30,biobert,0.3064789165897199,0.019511285220043202
neighbors_all_k10,30,simcse,0.21174515235457067,-0.00919284987125358
neighbors_all_k10,31,specter,0.2679162675652977,-0.0018101427632189594
neighbors_all_k10,31,specter2,0.24160905698346383,-0.014650698429254365
neighbors_all_k10,31,scincl,0.28605893933916354,0.004042246951911571
neighbors_all_k10,31,scibert,0.28744623704842326,0.012781869745542808
neighbors_all_k10,31,bert,0.2438987990046545,-0.0015996120713564611
neighbors_all_k10,31,mpnet,0.3030252028424842,0.004956670129679698
neighbors_all_k10,31,minilm,0.29074751167349777,0.004745149351926742
neighbors_all_k10,31,pubmedbert,0.26749762395408827,0.0051364279304370285
neighbors_all_k10,31,biobert,0.2701703144063575,0.0013026078695095927
neighbors_all_k10,31,simcse,0.18793355867781777,-0.014904518715177728
neighbors_all_k10,32,specter,0.2649563646091348,-0.003973031724636367
neighbors_all_k10,32,specter2,0.27031446508118856,0.014851723663215875
neighbors_all_k10,32,scincl,0.28197502919162154,0.0007553507991150954
neighbors_all_k10,32,scibert,0.2593628716480238,-0.014504481660111245
neighbors_all_k10,32,bert,0.24670204968332232,0.0020006526020568466
neighbors_all_k10,32,mpnet,0.29964093823615034,0.00236941951809139
neighbors_all_k10,32,minilm,0.2933835732023647,0.008178224875539113
neighbors_all_k10,32,pubmedbert,0.24926839741874052,-0.012295784610165296
neighbors_all_k10,32,biobert,0.26108691550364865,-0.006983777038453894
neighbors_all_k10,32,simcse,0.21164276697359835,0.009601703575348338
neighbors_all_k10,33,specter,0.1820941561704552,-0.028554506697116972
neighbors_all_k10,33,specter2,0.19425559017647726,-0.002926417775296499
neighbors_all_k10,33,scincl,0.20102880960249542,-0.021910135323812092
neighbors_all_k10,33,scibert,0.2090644967764367,-0.006522123065499343
neighbors_all_k10,33,bert,0.21495340602987234,0.028532742414805808
neighbors_all_k10,33,mpnet,0.23435772003251618,-0.004633065219343834
neighbors_all_k10,33,minilm,0.2294950275117961,0.0025704126511694797
neighbors_all_k10,33,pubmedbert,0.2008875538805682,-0.0023958946821386854
neighbors_all_k10,33,biobert,0.2062854669114157,-0.003504492164487875
neighbors_all_k10,33,simcse,0.18310380979377097,0.03934347986171988
neighbors_all_k10,34,specter,0.32430900204741153,0.015077319542855726
neighbors_all_k10,34,specter2,0.2980507775116925,0.0022857499229351087
neighbors_all_k10,34,scincl,0.33040738631961375,0.008885421756322568
neighbors_all_k10,34,scibert,0.31364163972049436,-0.0005279997584253453
neighbors_all_k10,34,bert,0.2757042880014482,-0.009299395250601979
neighbors_all_k10,34,mpnet,0.33424661914094017,-0.0033271857479034903
neighbors_all_k10,34,minilm,0.31754911311611017,-0.007958521381500125
neighbors_all_k10,34,pubmedbert,0.30030056929934745,-0.0015658989003431033
neighbors_all_k10,34,biobert,0.3194113325803333,0.011038353867446076
neighbors_all_k10,34,simcse,0.22773550551824912,-0.014607844050785579
neighbors_all_k10,35,specter,0.3047359507313318,0.011110048083004623
neighbors_all_k10,35,specter2,0.2756263792661022,-0.0045328684664266115
neighbors_all_k10,35,scincl,0.30860662047729026,0.0026904357702277
neighbors_all_k10,35,scibert,0.29885963561714146,0.0002957759944503227
neighbors_all_k10,35,bert,0.2624285347703361,-0.00696936862548538
neighbors_all_k10,35,mpnet,0.31936669232743137,-0.0026013327051836515
neighbors_all_k10,35,minilm,0.3048252501924557,-0.005076604448925887
neighbors_all_k10,35,pubmedbert,0.2904069797279959,0.004146291384534006
neighbors_all_k10,35,biobert,0.2984839620220682,0.00571676316540969
neighbors_all_k10,35,simcse,0.22195842956120093,-0.004779140151605132
neighbors_all_k10,36,specter,0.27046376420139456,-0.0031053323797242682
neighbors_all_k10,36,specter2,0.26314135585031473,0.0030389141849943135
neighbors_all_k10,36,scincl,0.28174103279460216,-0.004118345845251935
neighbors_all_k10,36,scibert,0.26736967379488835,-0.011137379760594352
neighbors_all_k10,36,bert,0.25260494188466315,0.0032638445560499935
neighbors_all_k10,36,mpnet,0.30510199587851705,0.003190776913110433
neighbors_all_k10,36,minilm,0.2936382535064353,0.0037932049322620307
neighbors_all_k10,36,pubmedbert,0.2602541674739436,-0.005949714802309864
neighbors_all_k10,36,biobert,0.2707972034204812,-0.001913189368968973
neighbors_all_k10,36,simcse,0.21961798521603004,0.012937221570432346
neighbors_all_k25,11,specter,0.31663225160099007,0.006460664069207343
neighbors_all_k25,11,specter2,0.27863638726827367,-0.013255065357561638
neighbors_all_k25,11,scincl,0.32069197577666203,-0.00018662434480093415
neighbors_all_k25,11,scibert,0.326716254839471,0.009123701521363166
neighbors_all_k25,11,bert,0.2967693669441831,0.008254043895927142
neighbors_all_k25,11,mpnet,0.3287857545279105,-0.008345299800469682
neighbors_all_k25,11,minilm,0.3073279315712433,-0.017129180995999384
neighbors_all_k25,11,pubmedbert,0.3145081261209628,0.010139716697323338
neighbors_all_k25,11,biobert,0.3212701446149513,0.009407492930327376
neighbors_all_k25,11,simcse,0.23849363372535295,-0.004469448615316378
neighbors_all_k25,12,specter,0.21663429098251707,-0.04236744419866222
neighbors_all_k25,12,specter2,0.2142422707169682,-0.026479329558263646
neighbors_all_k25,12,scincl,0.23316533678170343,-0.03654341098915612
neighbors_all_k25,12,scibert,0.27429936120462206,0.007876660237117559
neighbors_all_k25,12,bert,0.287539373711757,0.05019390301410447
neighbors_all_k25,12,mpnet,0.262190625058124,-0.023770576919652717
neighbors_all_k25,12,minilm,0.2600747768764792,-0.01321248334016006
neighbors_all_k25,12,pubmedbert,0.26544267381551967,0.012244116742483609
neighbors_all_k25,12,biobert,0.27419777632447484,0.013504976990454436
neighbors_all_k25,12,simcse,0.25034681801180053,0.058553588021734666
neighbors_all_k25,13,specter,0.32188358016273977,0.017685653033659727
neighbors_all_k25,13,specter2,0.2795550666762325,-0.006362725546900106
neighbors_all_k25,13,scincl,0.32775439866076334,0.012849458942003024
neighbors_all_k25,13,scibert,0.32185751892531095,0.010238626009905764
neighbors_all_k25,13,bert,0.2617708713131596,-0.02077079133239358
neighbors_all_k25,13,mpnet,0.3304203410997712,-0.0007370528259062974
neighbors_all_k25,13,minilm,0.30959784576401445,-0.008885606400525523
neighbors_all_k25,13,pubmedbert,0.30948635263188023,0.011091603610943449
neighbors_all_k25,13,biobert,0.32668028594314813,0.020791294661226905
neighbors_all_k25,13,simcse,0.20108896178595304,-0.035900460152013564
neighbors_all_k25,14,specter,0.26997697943991145,-0.00988544591712245
neighbors_all_k25,14,specter2,0.2817989638978414,0.020216673446754953
neighbors_all_k25,14,scincl,0.2895753775768741,-0.0009940603698400479
neighbors_all_k25,14,scibert,0.2704590374684582,-0.016824353674900833
neighbors_all_k25,14,bert,0.2657600750383404,0.007553914164833346
neighbors_all_k25,14,mpnet,0.31319218060972576,0.006370288456094355
neighbors_all_k25,14,minilm,0.30607084109227933,0.011922890699785534
neighbors_all_k25,14,pubmedbert,0.25335150622127317,-0.02070774102761746
neighbors_all_k25,14,biobert,0.2552220920382233,-0.026331397471651734
neighbors_all_k25,14,simcse,0.24133315185958473,0.02867923169366424
neighbors_all_k25,15,specter,0.33407530522211965,0.0013882238734859104
neighbors_all_k25,15,specter2,0.31198030163127116,-0.0024266448114150796
neighbors_all_k25,15,scincl,0.3355202626449164,-0.007873831293397594
neighbors_all_k25,15,scibert,0.34253452344311064,0.002426476308151848
neighbors_all_k25,15,bert,0.30826059300297526,-0.002770223862131629
neighbors_all_k25,15,mpnet,0.35433179439827645,-0.00531475374695475
neighbors_all_k25,15,minilm,0.33872206832871654,-0.00825053805537709
neighbors_all_k25,15,pubmedbert,0.3359400841284497,0.009056180887959318
neighbors_all_k25,15,biobert,0.3466051092643891,0.012226963762914192
neighbors_all_k25,15,simcse,0.2670167230942854,0.0015381469367651587
neighbors_all_k25,16,specter,0.3012951677439212,-0.0009946221304126936
neighbors_all_k25,16,specter2,0.263859649122807,-0.020150005845579404
neighbors_all_k25,16,scincl,0.2958994562429466,-0.017097346221067605
neighbors_all_k25,16,scibert,0.33286098286652305,0.02315022720586399
neighbors_all_k25,16,bert,0.2801477377654663,-0.00048578762534081293
neighbors_all_k25,16,mpnet,0.3106289114599364,-0.018620345210994968
neighbors_all_k25,16,minilm,0.29421401456858515,-0.022361300341208604
neighbors_all_k25,16,pubmedbert,0.330143018364625,0.03365640659843438
neighbors_all_k25,16,biobert,0.33594131527649534,0.031960461249320275
neighbors_all_k25,16,simcse,0.2260235970042064,-0.009057687679014041
neighbors_all_k25,17,specter,0.2875558495212272,0.004705115600605405
neighbors_all_k25,17,specter2,0.2939206836196891,0.029350084605014766
neighbors_all_k25,17,scincl,0.31190425380908204,0.01834650729877991
neighbors_all_k25,17,scibert,0.27616809692929906,-0.014103602777647927
neighbors_all_k25,17,bert,0.2478418414615512,-0.013352627975543763
neighbors_all_k25,17,mpnet,0.33085735938974825,0.02104715867252897
neighbors_all_k25,17,minilm,0.3221475405900166,0.025011281633934894
neighbors_all_k25,17,pubmedbert,0.24647600550159657,-0.030571550310881983
neighbors_all_k25,17,biobert,0.24375354334189334,-0.04078825473156965
neighbors_all_k25,17,simcse,0.2159981167142883,0.0003558879847799358
neighbors_all_k25,18,specter,0.3277041140863856,-0.004651460131849133
neighbors_all_k25,18,specter2,0.3350868985328819,0.021011459220594695
neighbors_all_k25,18,scincl,0.34946958038370785,0.006406993575792867
neighbors_all_k25,18,scibert,0.32408166615368833,-0.0156948738508715
neighbors_all_k25,18,bert,0.3069387503847338,-0.0037605593499740833
neighbors_all_k25,18,mpnet,0.37379542423309736,0.014480383218265268
neighbors_all_k25,18,minilm,0.36365568892992717,0.0170145896762326
neighbors_all_k25,18,pubmedbert,0.30380219554734794,-0.022750200562743517
neighbors_all_k25,18,biobert,0.3085018980199036,-0.025544740351172286
neighbors_all_k25,18,simcse,0.27863547758284607,0.013488408555724783
neighbors_all_k25,19,specter,0.33095803837078075,-0.010659544670681574
neighbors_all_k25,19,specter2,0.30602893197907055,-0.01730851615644436
neighbors_all_k25,19,scincl,0.3413530317020622,-0.01097156392908041
neighbors_all_k25,19,scibert,0.35787585923874016,0.008837310410952684
neighbors_all_k25,19,bert,0.3511332717759311,0.031171953217995558
neighbors_all_k25,19,mpnet,0.3579891248589309,-0.010587924979128792
neighbors_all_k25,19,minilm,0.343202216066482,-0.012700892010440243
neighbors_all_k25,19,pubmedbert,0.3507093464655792,0.01489494153226012
neighbors_all_k25,19,biobert,0.34523730378578027,0.0019286565914767727
neighbors_all_k25,19,simcse,0.279804657843439,0.005395579993090131
neighbors_all_k25,20,specter,0.2853348708619821,-0.01729287464666625
neighbors_all_k25,20,specter2,0.28986880123360026,0.005521190630899305
neighbors_all_k25,20,scincl,0.3038385038125381,-0.009496254285790614
neighbors_all_k25,20,scibert,0.3046396566344689,-0.0054090546605046015
neighbors_all_k25,20,bert,0.30306308061441284,0.02209159958929125
neighbors_all_k25,20,mpnet,0.33254116983946935,0.0029539575342234937
neighbors_all_k25,20,minilm,0.32769181919433366,0.010778548650225397
neighbors_all_k25,20,pubmedbert,0.28216002263235246,-0.014664544768152661
neighbors_all_k25,20,biobert,0.28179260809914386,-0.022526201562345707
neighbors_all_k25,20,simcse,0.263462873836355,0.028043633518820093
neighbors_all_k25,21,specter,0.34192264286447105,0.00034601601465752665
neighbors_all_k25,21,specter2,0.3236281932902431,0.0003317013463770249
neighbors_all_k25,21,scincl,0.34842679798912485,-0.003856841450368989
neighbors_all_k25,21,scibert,0.3480947983995075,-0.0009027942366311745
neighbors_all_k25,21,bert,0.3225866420437058,0.0026662796774190034
neighbors_all_k25,21,mpnet,0.3692307376628706,0.0006946440164596149
neighbors_all_k25,21,minilm,0.3564226941623064,0.000560542277032863
neighbors_all_k25,21,pubmedbert,0.33790212373037865,0.002128674988708248
neighbors_all_k25,21,biobert,0.3391480455524777,-0.004119645450177049
neighbors_all_k25,21,simcse,0.2765195444752232,0.002151422816523005
neighbors_all_k25,22,specter,0.2642852685897413,0.0062623727633448235
neighbors_all_k25,22,specter2,0.25160952068765197,0.011866759767202948
neighbors_all_k25,22,scincl,0.27950655380436457,0.010776645388287789
neighbors_all_k25,22,scibert,0.255013990282025,-0.010429871330696623
neighbors_all_k25,22,bert,0.229249633301176,-0.007116998041693658
neighbors_all_k25,22,mpnet,0.2987493950167084,0.013767032393714499
neighbors_all_k25,22,minilm,0.2861343464072268,0.013825925545370413
neighbors_all_k25,22,pubmedbert,0.23769049901880906,-0.014529218699444131
neighbors_all_k25,22,biobert,0.2366598190460799,-0.02305414093315771
neighbors_all_k25,22,simcse,0.18944588378235502,-0.001368506852928016
neighbors_all_k25,23,specter,0.3174832025987939,-0.0025143271586475224
neighbors_all_k25,23,specter2,0.2873989437552893,-0.014318451096204764
neighbors_all_k25,23,scincl,0.32624189775056006,-0.004462644596561661
neighbors_all_k25,23,scibert,0.3275588846611367,0.00014038911737009516
neighbors_all_k25,23,bert,0.3137193079292426,0.015378042655327884
neighbors_all_k25,23,mpnet,0.34659427823855216,-0.0003627183154867813
neighbors_all_k25,23,minilm,0.3283962596173671,-0.00588679517553423
neighbors_all_k25,23,pubmedbert,0.3204538164006161,0.006259464751317901
neighbors_all_k25,23,biobert,0.32425591567555956,0.002567321765276847
neighbors_all_k25,23,simcse,0.25598874261947013,0.003199718053142083
neighbors_all_k25,24,specter,0.3331466092130912,0.01976294430028384
neighbors_all_k25,24,specter2,0.2999060223658562,0.0048024923589962505
neighbors_all_k25,24,scincl,0.33907787011388124,0.014987192611393573
neighbors_all_k25,24,scibert,0.3263925310351903,0.005587900336057796
neighbors_all_k25,24,bert,0.26565507335590444,-0.026072327073376176
neighbors_all_k25,24,mpnet,0.3428172771109059,0.0024741454015010994
neighbors_all_k25,24,minilm,0.3239963065558633,-0.0036728833924039336
neighbors_all_k25,24,pubmedbert,0.3140002051913409,0.006419718386676796
neighbors_all_k25,24,biobert,0.33153585718682677,0.016461128121178163
neighbors_all_k25,24,simcse,0.20542484867138608,-0.040750311050307866
neighbors_all_k25,25,specter,0.3037457517706419,0.007919971002576224
neighbors_all_k25,25,specter2,0.2808326879345474,0.003287042072429142
neighbors_all_k25,25,scincl,0.3118679798840792,0.0053351865263332405
neighbors_all_k25,25,scibert,0.30644222261842124,0.003195476064030379
neighbors_all_k25,25,bert,0.25674563870806116,-0.017423877576477745
neighbors_all_k25,25,mpnet,0.3244387736952478,0.0016535261305847075
neighbors_all_k25,25,minilm,0.3101571639230521,4.585811952650337e-05
neighbors_all_k25,25,pubmedbert,0.30076737120216324,0.01074476854224078
neighbors_all_k25,25,biobert,0.3030166663475313,0.005499821426624418
neighbors_all_k25,25,simcse,0.2083595032690847,-0.02025777230786758
neighbors_all_k25,26,specter,0.27486365035395505,-0.019124672402291234
neighbors_all_k25,26,specter2,0.2705016928285626,-0.005206495021736208
neighbors_all_k25,26,scincl,0.29891946239868683,-0.0057758729472397775
neighbors_all_k25,26,scibert,0.3133345644813789,0.01192527593880747
neighbors_all_k25,26,bert,0.2857638247665949,0.013431766493875385
neighbors_all_k25,26,mpnet,0.32631455832563866,0.005366768772794905
neighbors_all_k25,26,minilm,0.32236052118600594,0.014086673394299766
neighbors_all_k25,26,pubmedbert,0.2828505181081359,-0.005334626539967185
neighbors_all_k25,26,biobert,0.27422550528367706,-0.021453881625410405
neighbors_all_k25,26,simcse,0.23886488150200064,0.012085063936867764
neighbors_all_k25,27,specter,0.2703506388992131,0.02335330751617587
neighbors_all_k25,27,specter2,0.2373714611544258,0.008654264677336031
neighbors_all_k25,27,scincl,0.2795512836676768,0.021846939694959266
neighbors_all_k25,27,scibert,0.2464079269942713,-0.00801037017509109
neighbors_all_k25,27,bert,0.19125411093174816,-0.03408695596776224
neighbors_all_k25,27,mpnet,0.285660074045235,0.011703275865600339
neighbors_all_k25,27,minilm,0.26921152620766975,0.007928669789172647
neighbors_all_k25,27,pubmedbert,0.2368407850668296,-0.004353368208064368
neighbors_all_k25,27,biobert,0.2532753174620058,0.004586921926127406
neighbors_all_k25,27,simcse,0.14816614107347043,-0.03162268511845334
neighbors_all_k25,28,specter,0.361799117677234,0.01053081133629494
neighbors_all_k25,28,specter2,0.3485930029752744,0.015604831540282835
neighbors_all_k25,28,scincl,0.3754484456755925,0.013473126744973172
neighbors_all_k25,28,scibert,0.35484313121986255,-0.0038461409074016578
neighbors_all_k25,28,bert,0.3029957935775111,-0.02661624827990121
neighbors_all_k25,28,mpnet,0.38454293628808867,0.006315163150552145
neighbors_all_k25,28,minilm,0.36526315789473685,-0.00029067348166211815
neighbors_all_k25,28,pubmedbert,0.34387360213398993,-0.0015915260988058498
neighbors_all_k25,28,biobert,0.3653238945316508,0.012364524037870552
neighbors_all_k25,28,simcse,0.2581159331076229,-0.02594386804220277
neighbors_all_k25,29,specter,0.35778516466605115,0.011426758807311619
neighbors_all_k25,29,specter2,0.3321986252180158,0.00412035426522378
neighbors_all_k25,29,scincl,0.3635842823432851,0.006518863894865384
neighbors_all_k25,29,scibert,0.35354098697034986,-0.00023838467471477677
neighbors_all_k25,29,bert,0.31296686159844056,-0.011735279776772127
neighbors_all_k25,29,mpnet,0.37126828767826,-0.002049584977076931
neighbors_all_k25,29,minilm,0.3583605211860059,-0.0022834097081934376
neighbors_all_k25,29,pubmedbert,0.33703129167949114,-0.00352393607110509
neighbors_all_k25,29,biobert,0.35313963270749976,0.0050901626959191214
neighbors_all_k25,29,simcse,0.2718243562121679,-0.007325544455458182
neighbors_all_k25,30,specter,0.3487341746178311,0.011634494520864588
neighbors_all_k25,30,specter2,0.3050472966040833,-0.013772248586935765
neighbors_all_k25,30,scincl,0.3455635580178516,-0.0022431346687951537
neighbors_all_k25,30,scibert,0.35852426387606445,0.014003617992772789
neighbors_all_k25,30,bert,0.31009869703498505,-0.0053447185784546
neighbors_all_k25,30,mpnet,0.34875469375192364,-0.015304453141640318
neighbors_all_k25,30,minilm,0.3354829178208679,-0.015902287311558468
neighbors_all_k25,30,pubmedbert,0.3470126192674669,0.015716117278643645
neighbors_all_k25,30,biobert,0.3589596799015082,0.020168935651700463
neighbors_all_k25,30,simcse,0.2609348517492562,-0.008956323156596934
neighbors_all_k25,31,specter,0.31752545786380115,-0.000725128405339189
neighbors_all_k25,31,specter2,0.2871121197856257,-0.012858331577567229
neighbors_all_k25,31,scincl,0.3339114031903892,0.004953804331568525
neighbors_all_k25,31,scibert,0.340903912049313,0.015232359993847446
neighbors_all_k25,31,bert,0.29494677292970783,-0.0016475488559056844
neighbors_all_k25,31,mpnet,0.34885773381856516,0.003647680752827398
neighbors_all_k25,31,minilm,0.33584027524316595,0.0033041639385656715
neighbors_all_k25,31,pubmedbert,0.31797082759113954,0.0055234194301423956
neighbors_all_k25,31,biobert,0.32102697074651043,0.0010853203245289168
neighbors_all_k25,31,simcse,0.23252634114535897,-0.01851573993266798
neighbors_all_k25,32,specter,0.30157345356559256,-0.005445945990262158
neighbors_all_k25,32,specter2,0.30420182112584404,0.015462556475936782
neighbors_all_k25,32,scincl,0.31632987171263754,-0.001396540432897417
neighbors_all_k25,32,scibert,0.30023302102811483,-0.014207344314065026
neighbors_all_k25,32,bert,0.2881034259921641,0.0027402909198362413
neighbors_all_k25,32,mpnet,0.33590355642687164,0.0019246900744194588
neighbors_all_k25,32,minilm,0.329793450729504,0.008488526138189357
neighbors_all_k25,32,pubmedbert,0.288760477243363,-0.012455744204348442
neighbors_all_k25,32,biobert,0.3030686508826918,-0.005641812826004055
neighbors_all_k25,32,simcse,0.25034221852393684,0.010531324159195603
neighbors_all_k25,33,specter,0.2104188661983464,-0.032801089490289786
neighbors_all_k25,33,specter2,0.22137124029869037,-0.0035685804839983353
neighbors_all_k25,33,scincl,0.22941262180932195,-0.024514346468994506
neighbors_all_k25,33,scibert,0.24574075251993108,-0.00490016895503021
neighbors_all_k25,33,bert,0.25142574542045176,0.029862054215342396
neighbors_all_k25,33,mpnet,0.26494878464357785,-0.005230637841655783
neighbors_all_k25,33,minilm,0.25965754572145056,0.002152064997354489
neighbors_all_k25,33,pubmedbert,0.23705718792586636,-0.0003595896546265563
neighbors_all_k25,33,biobert,0.24314948997605804,-0.0017615298654193188
neighbors_all_k25,33,simcse,0.21713327404483973,0.04112182354731699
neighbors_all_k25,34,specter,0.3644967431205812,0.017268166979092434
neighbors_all_k25,34,specter2,0.32945520997637456,0.0005067687408332744
neighbors_all_k25,34,scincl,0.36809261266153787,0.010157023930368788
neighbors_all_k25,34,scibert,0.3521433181430136,-0.0025062237848002666
neighbors_all_k25,34,bert,0.317195544836322,-0.008376766821639927
neighbors_all_k25,34,mpnet,0.3714863041888178,-0.002701738749268453
neighbors_all_k25,34,minilm,0.3565366101395325,-0.004977491037416188
neighbors_all_k25,34,pubmedbert,0.337009919935097,-0.004415478098248511
neighbors_all_k25,34,biobert,0.3577044673187771,0.00878482702444715
neighbors_all_k25,34,simcse,0.2662809827670076,-0.013739088183367708
neighbors_all_k25,35,specter,0.3457687451886067,0.011594638533909586
neighbors_all_k25,35,specter2,0.30808314087759814,-0.007810830871151401
neighbors_all_k25,35,scincl,0.34933661791121373,0.004455498666836477
neighbors_all_k25,35,scibert,0.3394147292789325,-0.0021803431620896485
neighbors_all_k25,35,bert,0.3055983577110598,-0.0069194844601104194
neighbors_all_k25,35,mpnet,0.3580399281498588,-0.0030936453014356324
neighbors_all_k25,35,minilm,0.3439823453938928,-0.004477286296264173
neighbors_all_k25,35,pubmedbert,0.33224736977161917,0.003876441225065431
neighbors_all_k25,35,biobert,0.3416207338978702,0.005755563090331965
neighbors_all_k25,35,simcse,0.2657650500384911,-0.0012005514250924307
neighbors_all_k25,36,specter,0.3031216770056995,-0.003876583209245283
neighbors_all_k25,36,specter2,0.29149917107487444,0.002781045765877177
neighbors_all_k25,36,scincl,0.31301050319645446,-0.00469476960817052
neighbors_all_k25,36,scibert,0.30193473136947424,-0.012484494631795677
neighbors_all_k25,36,bert,0.2884783434649424,0.0031363477335244285
neighbors_all_k25,36,mpnet,0.3376777443816467,0.003720017370104504
neighbors_all_k25,36,minilm,0.32619487793745783,0.00491109268705321
neighbors_all_k25,36,pubmedbert,0.2947010356786077,-0.006494046428193783
neighbors_all_k25,36,biobert,0.3077265569349688,-0.0009627674328170355
neighbors_all_k25,36,simcse,0.2537539127774938,0.013964157753662535
neighbors_all_k50,11,specter,0.3541081485161041,0.00893548819527324
neighbors_all_k50,11,specter2,0.3108899894080079,-0.012450128970341121
neighbors_all_k50,11,scincl,0.3548777334662466,0.0010913011296580016
neighbors_all_k50,11,scibert,0.36155368067977856,0.007662315898057233
neighbors_all_k50,11,bert,0.3333202173077968,0.0069202994931467955
neighbors_all_k50,11,mpnet,0.36391438394274694,-0.006610327921197503
neighbors_all_k50,11,minilm,0.3416580541103706,-0.01567713590212635
neighbors_all_k50,11,pubmedbert,0.34869701245942025,0.008408426550154292
neighbors_all_k50,11,biobert,0.3565722447267332,0.00791207799158783
neighbors_all_k50,11,simcse,0.272936075613844,-0.006192316464212773
neighbors_all_k50,12,specter,0.25323703729264774,-0.04412177354216227
neighbors_all_k50,12,specter2,0.2483934724407214,-0.027132796451606753
neighbors_all_k50,12,scincl,0.269583202077028,-0.03638938077353984
neighbors_all_k50,12,scibert,0.3148258205057942,0.008748305210093689
neighbors_all_k50,12,bert,0.3290256886741229,0.050439620345493624
neighbors_all_k50,12,mpnet,0.29847751839552344,-0.024233343982400197
neighbors_all_k50,12,minilm,0.29606227620786363,-0.013459064318612483
neighbors_all_k50,12,pubmedbert,0.3055886184522548,0.013113882029009656
neighbors_all_k50,12,biobert,0.3152919649330081,0.01444564768388348
neighbors_all_k50,12,simcse,0.2899034463918778,0.05858890379984188
neighbors_all_k50,13,specter,0.35030648398359215,0.017868628132460762
neighbors_all_k50,13,specter2,0.30304116922342256,-0.007564144685226975
neighbors_all_k50,13,scincl,0.35324069599734664,0.012189068130457404
neighbors_all_k50,13,scibert,0.35180922750385013,0.010652667191828231
neighbors_all_k50,13,bert,0.2942390808842363,-0.019426032460714344
neighbors_all_k50,13,mpnet,0.3573628466654447,-0.00042706072880030786
neighbors_all_k50,13,minilm,0.3360319340050737,-0.008568451537723775
neighbors_all_k50,13,pubmedbert,0.3382435757147374,0.01068979427517083
neighbors_all_k50,13,biobert,0.3568022816705183,0.02087691940507234
neighbors_all_k50,13,simcse,0.23010219988583375,-0.03629138772252358
neighbors_all_k50,14,specter,0.300248285963861,-0.0125754044719258
neighbors_all_k50,14,specter2,0.31211542148630644,0.021124272993001496
neighbors_all_k50,14,scincl,0.3183293185091362,-0.003108143942408406
neighbors_all_k50,14,scibert,0.30642581227234844,-0.01511658262432893
neighbors_all_k50,14,bert,0.3020962121555284,0.008045264225922352
neighbors_all_k50,14,mpnet,0.3431169329312824,0.00494119095238196
neighbors_all_k50,14,minilm,0.33521986495572226,0.010233644828269297
neighbors_all_k50,14,pubmedbert,0.2885741941291086,-0.019365421895113383
neighbors_all_k50,14,biobert,0.2918817933852193,-0.0244294034648821
neighbors_all_k50,14,simcse,0.2770300055920961,0.03025058339908332
neighbors_all_k50,15,specter,0.38694100748948396,0.004638562974870888
neighbors_all_k50,15,specter2,0.35835067200164156,-0.00211923057048972
neighbors_all_k50,15,scincl,0.3841526623576485,-0.0067635541727223535
neighbors_all_k50,15,scibert,0.39087493587770594,-0.0001462130977976465
neighbors_all_k50,15,bert,0.35866810300605306,-0.00486159900237919
neighbors_all_k50,15,mpnet,0.40380075920796143,-0.003853736849765298
neighbors_all_k50,15,minilm,0.387870729455217,-0.006594244751062202
neighbors_all_k50,15,pubmedbert,0.3848558530829999,0.007437482979951627
neighbors_all_k50,15,biobert,0.39697589001744127,0.011185939088513588
neighbors_all_k50,15,simcse,0.3173347696727198,0.0010765934008807752
neighbors_all_k50,16,specter,0.34548332820354977,0.000779365273013878
neighbors_all_k50,16,specter2,0.3010514004309018,-0.021820020557152306
neighbors_all_k50,16,scincl,0.3339815327793167,-0.019336202166977026
neighbors_all_k50,16,scibert,0.3772414076125988,0.0238187402211723
neighbors_all_k50,16,bert,0.32528306145480657,-0.0006481589695485685
neighbors_all_k50,16,mpnet,0.3517599261311173,-0.01829608834253231
neighbors_all_k50,16,minilm,0.33357894736842103,-0.023287545253781003
neighbors_all_k50,16,pubmedbert,0.37428029137170415,0.034460402852732976
neighbors_all_k50,16,biobert,0.3808786293218426,0.03268715997699209
neighbors_all_k50,16,simcse,0.2703020416538422,-0.008357653033919658
neighbors_all_k50,17,specter,0.3154224672019226,0.0026389787454762195
neighbors_all_k50,17,specter2,0.32264640010891654,0.03169545359495201
neighbors_all_k50,17,scincl,0.3390589141489604,0.01766165367675626
neighbors_all_k50,17,scibert,0.3080573281121718,-0.013444864805165145
neighbors_all_k50,17,bert,0.28080322564946797,-0.013207520300797637
neighbors_all_k50,17,mpnet,0.35850532886789765,0.020369788868337686
neighbors_all_k50,17,minilm,0.35003418332994884,0.025088165181836423
neighbors_all_k50,17,pubmedbert,0.2783000957147965,-0.02959931833008505
neighbors_all_k50,17,biobert,0.27542688936929777,-0.04084410550146318
neighbors_all_k50,17,simcse,0.24638098908382475,-0.0003582311298475391
neighbors_all_k50,18,specter,0.36230511952395605,-0.007212139805471831
neighbors_all_k50,18,specter2,0.37130542731096744,0.023620709924021335
neighbors_all_k50,18,scincl,0.38539324920488355,0.007262217859697779
neighbors_all_k50,18,scibert,0.36140515030265724,-0.016830813487661262
neighbors_all_k50,18,bert,0.3454078177900892,-0.005336699033157939
neighbors_all_k50,18,mpnet,0.409955883861701,0.01508657298915943
neighbors_all_k50,18,minilm,0.398687801374782,0.017008012353687887
neighbors_all_k50,18,pubmedbert,0.342979378270237,-0.02165380664762613
neighbors_all_k50,18,biobert,0.3480445265209808,-0.02496023922276174
neighbors_all_k50,18,simcse,0.3164891761567662,0.013016185070112294
neighbors_all_k50,19,specter,0.3786073663691392,-0.007003460211750763
neighbors_all_k50,19,specter2,0.34557156048014775,-0.018206724158260443
neighbors_all_k50,19,scincl,0.38530214424951265,-0.008922454347135147
neighbors_all_k50,19,scibert,0.40016887247358157,0.0058393414318010746
neighbors_all_k50,19,bert,0.3968589309531138,0.030020846878404544
neighbors_all_k50,19,mpnet,0.4012426387606443,-0.009720239363359343
neighbors_all_k50,19,minilm,0.3873879142300195,-0.010385442042536608
neighbors_all_k50,19,pubmedbert,0.3946104442392531,0.013883692069927924
neighbors_all_k50,19,biobert,0.38878978147122195,-0.00030855152398266233
neighbors_all_k50,19,simcse,0.32436954960500664,0.004802991266890698
neighbors_all_k50,20,specter,0.31805153461666275,-0.01915531517573127
neighbors_all_k50,20,specter2,0.3218891654464273,0.006514857596515131
neighbors_all_k50,20,scincl,0.33703206974774624,-0.008788552060405526
neighbors_all_k50,20,scibert,0.3411742634523389,-0.004751290800945607
neighbors_all_k50,20,bert,0.34038873330048103,0.021954626014267856
neighbors_all_k50,20,mpnet,0.36515851680197936,0.002599615466471713
neighbors_all_k50,20,minilm,0.3595164461580987,0.010147066674038537
neighbors_all_k50,20,pubmedbert,0.31838971187205006,-0.013933063508779117
neighbors_all_k50,20,biobert,0.3189348368196929,-0.021759519387015678
neighbors_all_k50,20,simcse,0.2983341567312046,0.02717157518158464
neighbors_all_k50,21,specter,0.3966849286960091,0.0018955240911117666
neighbors_all_k50,21,specter2,0.37575828460038985,0.002801421937974391
neighbors_all_k50,21,scincl,0.4013930440135427,-0.0020101326071124445
neighbors_all_k50,21,scibert,0.40064840463732426,-0.002859704428463524
neighbors_all_k50,21,bert,0.3774100748948394,0.0013934127961229158
neighbors_all_k50,21,mpnet,0.4213409254129476,0.0011994692649366428
neighbors_all_k50,21,minilm,0.4088505181081359,0.0018985838115724235
neighbors_all_k50,21,pubmedbert,0.3911158305119524,0.00121050031861993
neighbors_all_k50,21,biobert,0.39255196470708936,-0.005724946312122509
neighbors_all_k50,21,simcse,0.32894100748948385,0.000195871127360704
neighbors_all_k50,22,specter,0.2909593162293915,0.0064242262878667945
neighbors_all_k50,22,specter2,0.27568620616106576,0.012983658162022916
neighbors_all_k50,22,scincl,0.3044447725956399,0.011295910638357486
neighbors_all_k50,22,scibert,0.2834137647341885,-0.009840029668226748
neighbors_all_k50,22,bert,0.2581341402543257,-0.007628207181018248
neighbors_all_k50,22,mpnet,0.3234642012908513,0.013577059806212956
neighbors_all_k50,22,minilm,0.31025374005645456,0.013556120423263726
neighbors_all_k50,22,pubmedbert,0.2651902965625987,-0.014460718967361187
neighbors_all_k50,22,biobert,0.26450349361110437,-0.02351910274473497
neighbors_all_k50,22,simcse,0.21610190494236836,-0.002388916756382278
neighbors_all_k50,23,specter,0.35390909544749477,-0.0012396280080526007
neighbors_all_k50,23,specter2,0.3189078470237853,-0.014408334489280361
neighbors_all_k50,23,scincl,0.3601654604561493,-0.003597035015156026
neighbors_all_k50,23,scibert,0.3625353875867906,-0.0013320403296474116
neighbors_all_k50,23,bert,0.3514269097092575,0.015050928759890843
neighbors_all_k50,23,mpnet,0.38100285901525255,0.0005020840165914889
neighbors_all_k50,23,minilm,0.36244508980963386,-0.004866163337579628
neighbors_all_k50,23,pubmedbert,0.3565759842101692,0.00631133516618655
neighbors_all_k50,23,biobert,0.36079725177838534,0.002161021908523365
neighbors_all_k50,23,simcse,0.29052228654129725,0.0014178313285238677
neighbors_all_k50,24,specter,0.36470031804657843,0.019346842445477155
neighbors_all_k50,24,specter2,0.3269112547450498,0.0033903210864303
neighbors_all_k50,24,scincl,0.36812393556991896,0.014156687953059867
neighbors_all_k50,24,scibert,0.36130296501487635,0.007230784952884539
neighbors_all_k50,24,bert,0.3024423925310352,-0.024138340563885325
neighbors_all_k50,24,mpnet,0.3721116240894634,0.0014060969452485016
neighbors_all_k50,24,minilm,0.3522047809582436,-0.005311224334523825
neighbors_all_k50,24,pubmedbert,0.3467216579460347,0.006252256756498185
neighbors_all_k50,24,biobert,0.36560336513799113,0.016762383122575268
neighbors_all_k50,24,simcse,0.2402133989945624,-0.0390958083637648
neighbors_all_k50,25,specter,0.33855715637355943,0.007795246554024267
neighbors_all_k50,25,specter2,0.3114859229896714,0.0025565551126180666
neighbors_all_k50,25,scincl,0.34424470699343424,0.004869025158141169
neighbors_all_k50,25,scibert,0.3437185085950351,0.004237894314609321
neighbors_all_k50,25,bert,0.29501251916035887,-0.016976648152995575
neighbors_all_k50,25,mpnet,0.3560134803634314,-0.00010048099921746958
neighbors_all_k50,25,minilm,0.3405719757493611,-0.0023524637618402597
neighbors_all_k50,25,pubmedbert,0.3383836381517242,0.012505802743753772
neighbors_all_k50,25,biobert,0.34151854684231675,0.007269130608466913
neighbors_all_k50,25,simcse,0.24491357999920105,-0.01980406157756012
neighbors_all_k50,26,specter,0.31921657946034676,-0.021525713212674064
neighbors_all_k50,26,specter2,0.3151414794295681,-0.003768271300970948
neighbors_all_k50,26,scincl,0.34317964501898024,-0.006176419669798452
neighbors_all_k50,26,scibert,0.36404144865086696,0.014580451516955565
neighbors_all_k50,26,bert,0.336550117985021,0.014580567818180944
neighbors_all_k50,26,mpnet,0.370112650046168,0.00401830583003356
neighbors_all_k50,26,minilm,0.3662921924694778,0.013387370104790804
neighbors_all_k50,26,pubmedbert,0.3307953216374269,-0.005062896624029127
neighbors_all_k50,26,biobert,0.32127526418385144,-0.02295453490348398
neighbors_all_k50,26,simcse,0.28761916487124245,0.012921140440995675
neighbors_all_k50,27,specter,0.288365892705846,0.023125884275783368
neighbors_all_k50,27,specter2,0.251745672619591,0.008338206132010183
neighbors_all_k50,27,scincl,0.29545759305367114,0.021603812607850673
neighbors_all_k50,27,scibert,0.267029268707452,-0.006929444183501221
neighbors_all_k50,27,bert,0.21236269090257243,-0.034104575021309494
neighbors_all_k50,27,mpnet,0.30201513480786857,0.011423074834692324
neighbors_all_k50,27,minilm,0.2850881049061489,0.007685566784420135
neighbors_all_k50,27,pubmedbert,0.2558175124059946,-0.004538421612503273
neighbors_all_k50,27,biobert,0.27404222833192127,0.005314713487544
neighbors_all_k50,27,simcse,0.16727692288230267,-0.031918817304985934
neighbors_all_k50,28,specter,0.3985080537601313,0.007934223178010192
neighbors_all_k50,28,specter2,0.38390356006976506,0.015162271430125766
neighbors_all_k50,28,scincl,0.41131137785985433,0.01212377526197542
neighbors_all_k50,28,scibert,0.3953253308710372,-0.003967204171974418
neighbors_all_k50,28,bert,0.3470713039909716,-0.02472978408496878
neighbors_all_k50,28,mpnet,0.4211814917410486,0.005255609615813777
neighbors_all_k50,28,minilm,0.4023822714681441,-0.0003540888056431688
neighbors_all_k50,28,pubmedbert,0.3845655073355905,-0.0011242488349658747
neighbors_all_k50,28,biobert,0.4083814507027803,0.014320113706344624
neighbors_all_k50,28,simcse,0.29990889504462914,-0.024620667294717943
neighbors_all_k50,29,specter,0.4032748538011696,0.014005465611579622
neighbors_all_k50,29,specter2,0.37164153072740336,0.004204684480295157
neighbors_all_k50,29,scincl,0.4070245203652406,0.009141360159892802
neighbors_all_k50,29,scibert,0.3954831230122089,-0.002504969638271638
neighbors_all_k50,29,bert,0.35782558736021347,-0.012671058323195816
neighbors_all_k50,29,mpnet,0.41430511952395604,-0.00031632020874753736
neighbors_all_k50,29,minilm,0.39985862316610243,-0.001573294715153723
neighbors_all_k50,29,pubmedbert,0.378993126090079,-0.0053921876879461685
neighbors_all_k50,29,biobert,0.39549563968400536,0.0027387450801007584
neighbors_all_k50,29,simcse,0.31559269518826305,-0.007632424758552864
neighbors_all_k50,30,specter,0.3960759207961424,0.013189624840060045
neighbors_all_k50,30,specter2,0.3459817379706577,-0.015072016042942874
neighbors_all_k50,30,scincl,0.3897287370472966,-0.001771330924543525
neighbors_all_k50,30,scibert,0.4055567867036011,0.01395178628662823
neighbors_all_k50,30,bert,0.3576622550528368,-0.00645129839706482
neighbors_all_k50,30,mpnet,0.3944138709346466,-0.013824476564549437
neighbors_all_k50,30,minilm,0.37952354570637126,-0.015525279941377293
neighbors_all_k50,30,pubmedbert,0.39241715399610144,0.014414932451583842
neighbors_all_k50,30,biobert,0.4055052836770288,0.019131481306631885
neighbors_all_k50,30,simcse,0.3087986046988817,-0.008043423014426584
neighbors_all_k50,31,specter,0.36329336785377436,0.001556454580647404
neighbors_all_k50,31,specter2,0.32836411879910077,-0.01154025253154438
neighbors_all_k50,31,scincl,0.3759779065997055,0.005627221310820706
neighbors_all_k50,31,scibert,0.3872081521498836,0.016752534415866074
neighbors_all_k50,31,bert,0.3406953187658642,-0.00226885200108203
neighbors_all_k50,31,mpnet,0.3905166586757758,0.0034276938595352423
neighbors_all_k50,31,minilm,0.3760675674232472,0.0021681244584541137
neighbors_all_k50,31,pubmedbert,0.36241349047579247,0.005560651614230373
neighbors_all_k50,31,biobert,0.36633103036749076,0.0011066106800492039
neighbors_all_k50,31,simcse,0.27330245864337654,-0.022390186386976263
neighbors_all_k50,32,specter,0.3320997186012522,-0.007643756855987104
neighbors_all_k50,32,specter2,0.33302088712150674,0.015109953606749204
neighbors_all_k50,32,scincl,0.3448638119506726,-0.0034934355223245677
neighbors_all_k50,32,scibert,0.3358062771948996,-0.012655902723230257
neighbors_all_k50,32,bert,0.3245682581584221,0.0035975252073635056
neighbors_all_k50,32,mpnet,0.36581214412017565,0.0007166171198226576
neighbors_all_k50,32,minilm,0.3595776342967897,0.007671629147884156
neighbors_all_k50,32,pubmedbert,0.3233316582390564,-0.011527742806618125
neighbors_all_k50,32,biobert,0.3402570825154366,-0.0029738993561173412
neighbors_all_k50,32,simcse,0.2848982193969232,0.01119901218245791
neighbors_all_k50,33,specter,0.2356181654642463,-0.035825952686256185
neighbors_all_k50,33,specter2,0.24577926717654405,-0.0038323090314765712
neighbors_all_k50,33,scincl,0.25428690824841765,-0.0257709819178426
neighbors_all_k50,33,scibert,0.27656633471507214,-0.0035964878963209066
neighbors_all_k50,33,bert,0.28202204653714236,0.02935067089282065
neighbors_all_k50,33,mpnet,0.2918774039976066,-0.004918765696009599
neighbors_all_k50,33,minilm,0.286025812795391,0.0024191649532223883
neighbors_all_k50,33,pubmedbert,0.26790320668852907,0.001343162949591365
neighbors_all_k50,33,biobert,0.27477104873890973,-0.000160575825907351
neighbors_all_k50,33,simcse,0.24639192416590758,0.04099207425817916
neighbors_all_k50,34,specter,0.3997794860312322,0.01844872642896621
neighbors_all_k50,34,specter2,0.35912385230867505,-0.0003743653511091232
neighbors_all_k50,34,scincl,0.40051870570230524,0.010574174084281455
neighbors_all_k50,34,scibert,0.38593591471622346,-0.004113549346933075
neighbors_all_k50,34,bert,0.3556602118588748,-0.006897805237210453
neighbors_all_k50,34,mpnet,0.40394949449715206,-0.002733316648227593
neighbors_all_k50,34,minilm,0.39038315232187265,-0.0031101369720594493
neighbors_all_k50,34,pubmedbert,0.37021236858335754,-0.006234316607343643
neighbors_all_k50,34,biobert,0.3913069766240622,0.006488710607481598
neighbors_all_k50,34,simcse,0.30323837040164664,-0.012048120957845299
neighbors_all_k50,35,specter,0.38354036438285866,0.012404291803377647
neighbors_all_k50,35,specter2,0.338036848858096,-0.011266681778903201
neighbors_all_k50,35,scincl,0.38481580703104956,0.005065962435810768
neighbors_all_k50,35,scibert,0.37642986913010007,-0.0034249079102714403
neighbors_all_k50,35,bert,0.3467105978958173,-0.005652732177482917
neighbors_all_k50,35,mpnet,0.3934585578650245,-0.0030295662575702265
neighbors_all_k50,35,minilm,0.37886025147549396,-0.004438350795653128
neighbors_all_k50,35,pubmedbert,0.36934298178085706,0.0030909836129408685
neighbors_all_k50,35,biobert,0.379632948421863,0.005009369428067425
neighbors_all_k50,35,simcse,0.3073334359763921,0.0022416316396851785
neighbors_all_k50,36,specter,0.3300616907246526,-0.004684389447987288
neighbors_all_k50,36,specter2,0.31496644809274765,0.002052909862589535
neighbors_all_k50,36,scincl,0.3368253049016046,-0.006534547286793067
neighbors_all_k50,36,scibert,0.33150396830637413,-0.011960816327156263
neighbors_all_k50,36,bert,0.3196188861416563,0.0036455484751971765
neighbors_all_k50,36,mpnet,0.3636386757088934,0.0035405439931398244
neighbors_all_k50,36,minilm,0.3511480476125389,0.0042394377482329205
neighbors_all_k50,36,pubmedbert,0.3240708429130955,-0.005791162847979561
neighbors_all_k50,36,biobert,0.33845844074759157,0.00022485416063702492
neighbors_all_k50,36,simcse,0.28396943359998605,0.015267621670120265
neighbors_2048_mean_k10,11,specter,0.296162109375,0.004254306891025634
neighbors_2048_mean_k10,11,specter2,0.26307183159722225,-0.013923861511752142
neighbors_2048_mean_k10,11,scincl,0.3022189670138889,-0.0012846804887820405
neighbors_2048_mean_k10,11,scibert,0.3079557291666667,0.009710202991453008
neighbors_2048_mean_k10,11,bert,0.27837890625,0.009299671140491473
neighbors_2048_mean_k10,11,mpnet,0.31009765625,-0.009709117922008546
neighbors_2048_mean_k10,11,minilm,0.2894346788194444,-0.018101545806623955
neighbors_2048_mean_k10,11,pubmedbert,0.2974869791666667,0.012064970619658135
neighbors_2048_mean_k10,11,biobert,0.30398220486111116,0.011548394097222229
neighbors_2048_mean_k10,11,simcse,0.22124565972222224,-0.0038583400106837473
neighbors_2048_mean_k10,12,specter,0.18571614583333335,-0.03985593616452992
neighbors_2048_mean_k10,12,specter2,0.18679796006944444,-0.023862012553418785
neighbors_2048_mean_k10,12,scincl,0.2017154947916667,-0.03545243222489314
neighbors_2048_mean_k10,12,scibert,0.2380783420138889,0.006168536324786351
neighbors_2048_mean_k10,12,bert,0.25045138888888885,0.04770787426549147
neighbors_2048_mean_k10,12,mpnet,0.23201280381944445,-0.021458249866452967
neighbors_2048_mean_k10,12,minilm,0.22948242187500004,-0.011718082264957254
neighbors_2048_mean_k10,12,pubmedbert,0.2295464409722222,0.010460152911324825
neighbors_2048_mean_k10,12,biobert,0.23751193576388888,0.011413845486111142
neighbors_2048_mean_k10,12,simcse,0.21536458333333333,0.056596304086538485
neighbors_2048_mean_k10,13,specter,0.3127777777777778,0.01813386418269229
neighbors_2048_mean_k10,13,specter2,0.270458984375,-0.009272819845085477
neighbors_2048_mean_k10,13,scincl,0.31869791666666664,0.012458158052884622
neighbors_2048_mean_k10,13,scibert,0.3128439670138889,0.011862329727564081
neighbors_2048_mean_k10,13,bert,0.2521929253472222,-0.019622420873397425
neighbors_2048_mean_k10,13,mpnet,0.3214019097222222,-0.0011409755608974435
neighbors_2048_mean_k10,13,minilm,0.3008799913194445,-0.009392344417735034
neighbors_2048_mean_k10,13,pubmedbert,0.29961697048611113,0.011458850827991453
neighbors_2048_mean_k10,13,biobert,0.3168229166666667,0.021652994791666668
neighbors_2048_mean_k10,13,simcse,0.19170247395833334,-0.036137636885683735
neighbors_2048_mean_k10,14,specter,0.243623046875,-0.007284972622863317
neighbors_2048_mean_k10,14,specter2,0.25546006944444444,0.019464159321581128
neighbors_2048_mean_k10,14,scincl,0.26428168402777774,0.0017778195112179058
neighbors_2048_mean_k10,14,scibert,0.23807400173611112,-0.019171741452991505
neighbors_2048_mean_k10,14,bert,0.2340549045138889,0.005975452390491409
neighbors_2048_mean_k10,14,mpnet,0.28703450520833335,0.008227514022435847
neighbors_2048_mean_k10,14,minilm,0.28027669270833333,0.013740251068376008
neighbors_2048_mean_k10,14,pubmedbert,0.2229264322916667,-0.02149579326923079
neighbors_2048_mean_k10,14,biobert,0.22310438368055557,-0.028329644097222266
neighbors_2048_mean_k10,14,simcse,0.211201171875,0.0270969551282051
neighbors_2048_mean_k10,15,specter,0.2799945746527778,-0.0009123597756410498
neighbors_2048_mean_k10,15,specter2,0.2650520833333333,-0.0009427417200854604
neighbors_2048_mean_k10,15,scincl,0.2845540364583333,-0.007948742988782046
neighbors_2048_mean_k10,15,scibert,0.2908517795138889,0.003607121394230787
neighbors_2048_mean_k10,15,bert,0.2561013454861112,-0.0019770215678418584
neighbors_2048_mean_k10,15,mpnet,0.3029676649305555,-0.00583824118589743
neighbors_2048_mean_k10,15,minilm,0.2880425347222222,-0.00849282184829062
neighbors_2048_mean_k10,15,pubmedbert,0.2835264756944445,0.009105335202991486
neighbors_2048_mean_k10,15,biobert,0.2928656684027778,0.011432725694444467
neighbors_2048_mean_k10,15,simcse,0.21606987847222223,0.001966746794871811
neighbors_2048_mean_k10,16,specter,0.2527799479166667,-0.003068175747863321
neighbors_2048_mean_k10,16,specter2,0.22487304687500004,-0.01606296741452998
neighbors_2048_mean_k10,16,scincl,0.25270290798611117,-0.014741060697115442
neighbors_2048_mean_k10,16,scibert,0.2835872395833333,0.021401392227564042
neighbors_2048_mean_k10,16,bert,0.2321017795138889,-0.000917776776175272
neighbors_2048_mean_k10,16,mpnet,0.26516167534722224,-0.018585420005341927
neighbors_2048_mean_k10,16,minilm,0.25179253472222224,-0.01968401108440178
neighbors_2048_mean_k10,16,pubmedbert,0.2802994791666667,0.030937149439102522
neighbors_2048_mean_k10,16,biobert,0.2850770399305556,0.028702907986111057
neighbors_2048_mean_k10,16,simcse,0.18106228298611116,-0.007982037927350472
neighbors_2048_mean_k10,17,specter,0.2904817708333333,0.004530131543803408
neighbors_2048_mean_k10,17,specter2,0.2967209201388889,0.025681390224358995
neighbors_2048_mean_k10,17,scincl,0.31376844618055555,0.016220961872329083
neighbors_2048_mean_k10,17,scibert,0.2801649305555556,-0.012124432425213648
neighbors_2048_mean_k10,17,bert,0.25286892361111113,-0.010254148303952961
neighbors_2048_mean_k10,17,mpnet,0.3334157986111111,0.019565187633547025
neighbors_2048_mean_k10,17,minilm,0.3254318576388889,0.023851796207264978
neighbors_2048_mean_k10,17,pubmedbert,0.2510666232638889,-0.028399222088675166
neighbors_2048_mean_k10,17,biobert,0.24797526041666668,-0.03850238715277776
neighbors_2048_mean_k10,17,simcse,0.21857855902777779,-0.0005692775106837275
neighbors_2048_mean_k10,18,specter,0.28513671874999996,-0.002950554220085543
neighbors_2048_mean_k10,18,specter2,0.2914724392361111,0.01829727564102558
neighbors_2048_mean_k10,18,scincl,0.30620442708333334,0.006521309094551231
neighbors_2048_mean_k10,18,scibert,0.2790668402777778,-0.015358156383547051
neighbors_2048_mean_k10,18,bert,0.26226236979166667,-0.0029963358039530132
neighbors_2048_mean_k10,18,mpnet,0.3290473090277778,0.013061064369658053
neighbors_2048_mean_k10,18,minilm,0.32040690104166664,0.01669120592948709
neighbors_2048_mean_k10,18,pubmedbert,0.25922634548611106,-0.022375133547008597
neighbors_2048_mean_k10,18,biobert,0.2639550781250001,-0.024658203125000024
neighbors_2048_mean_k10,18,simcse,0.23505099826388895,0.013767528044871762
neighbors_2048_mean_k10,19,specter,0.27891384548611114,-0.013247863247863189
neighbors_2048_mean_k10,19,specter2,0.2634809027777778,-0.013768696581196541
neighbors_2048_mean_k10,19,scincl,0.29114149305555553,-0.01261606069711531
neighbors_2048_mean_k10,19,scibert,0.30853732638888887,0.01003789396367527
neighbors_2048_mean_k10,19,bert,0.29930881076388893,0.0299756694043804
neighbors_2048_mean_k10,19,mpnet,0.30903320312500004,-0.011027477297008478
neighbors_2048_mean_k10,19,minilm,0.2947352430555556,-0.013054887820512775
neighbors_2048_mean_k10,19,pubmedbert,0.29957682291666665,0.013900908119658193
neighbors_2048_mean_k10,19,biobert,0.2956163194444444,0.002928602430555612
neighbors_2048_mean_k10,19,simcse,0.23222981770833334,0.006871911725427424
neighbors_2048_mean_k10,20,specter,0.2507194010416667,-0.013891960470085488
neighbors_2048_mean_k10,20,specter2,0.2559830729166667,0.0062838207799145234
neighbors_2048_mean_k10,20,scincl,0.2679470486111111,-0.008260157919337603
neighbors_2048_mean_k10,20,scibert,0.26377278645833324,-0.0071762987446581505
neighbors_2048_mean_k10,20,bert,0.26224826388888883,0.02046546975160257
neighbors_2048_mean_k10,20,mpnet,0.2966666666666667,0.004156333466880358
neighbors_2048_mean_k10,20,minilm,0.2902962239583333,0.010056440304487177
neighbors_2048_mean_k10,20,pubmedbert,0.24266818576388893,-0.01545738181089744
neighbors_2048_mean_k10,20,biobert,0.2422417534722222,-0.02289561631944446
neighbors_2048_mean_k10,20,simcse,0.22452690972222225,0.026719350961538473
neighbors_2048_mean_k10,21,specter,0.28679796006944447,-0.0005180455395299988
neighbors_2048_mean_k10,21,specter2,0.27134982638888894,-0.0010540698450855295
neighbors_2048_mean_k10,21,scincl,0.2948318142361111,-0.004080036391559911
neighbors_2048_mean_k10,21,scibert,0.2931119791666667,-0.0005417501335470822
neighbors_2048_mean_k10,21,bert,0.26810438368055556,0.0036169454460469783
neighbors_2048_mean_k10,21,mpnet,0.3163422309027778,0.0011272536057691826
neighbors_2048_mean_k10,21,minilm,0.303293185763889,0.00034875801282044063
neighbors_2048_mean_k10,21,pubmedbert,0.28203776041666667,0.0012075487446580725
neighbors_2048_mean_k10,21,biobert,0.2832964409722222,-0.004545572916666703
neighbors_2048_mean_k10,21,simcse,0.22495117187500002,0.004438969017093983
neighbors_2048_mean_k10,22,specter,0.29470703125,0.008059211404914514
neighbors_2048_mean_k10,22,specter2,0.27798394097222223,0.00624823050213673
neighbors_2048_mean_k10,22,scincl,0.30644748263888894,0.008203817775106826
neighbors_2048_mean_k10,22,scibert,0.2860926649305556,-0.006892878605769247
neighbors_2048_mean_k10,22,bert,0.2609006076388889,-0.002918644831730747
neighbors_2048_mean_k10,22,mpnet,0.32462022569444443,0.010073434161324767
neighbors_2048_mean_k10,22,minilm,0.31129340277777784,0.009017160790598278
neighbors_2048_mean_k10,22,pubmedbert,0.26785915798611115,-0.01230286792200854
neighbors_2048_mean_k10,22,biobert,0.26719618055555555,-0.019977647569444448
neighbors_2048_mean_k10,22,simcse,0.2203342013888889,0.0004901842948718168
neighbors_2048_mean_k10,23,specter,0.2978049045138889,-0.0027567608173077276
neighbors_2048_mean_k10,23,specter2,0.2713368055555556,-0.014312750400641049
neighbors_2048_mean_k10,23,scincl,0.3074088541666667,-0.004748656183226495
neighbors_2048_mean_k10,23,scibert,0.30694878472222226,4.93956997862921e-05
neighbors_2048_mean_k10,23,bert,0.29371961805555563,0.01598652009882478
neighbors_2048_mean_k10,23,mpnet,0.32799262152777775,-0.00046801549145302087
neighbors_2048_mean_k10,23,minilm,0.31084743923611113,-0.005342648237179541
neighbors_2048_mean_k10,23,pubmedbert,0.3000802951388889,0.0060044237446581
neighbors_2048_mean_k10,23,biobert,0.30357964409722227,0.002491970486111106
neighbors_2048_mean_k10,23,simcse,0.23685438368055559,0.003096521100427333
neighbors_2048_mean_k10,24,specter,0.2985015190972222,0.018421624599358956
neighbors_2048_mean_k10,24,specter2,0.2718370225694444,0.006669237446581187
neighbors_2048_mean_k10,24,scincl,0.30771484374999997,0.016039104233440175
neighbors_2048_mean_k10,24,scibert,0.290283203125,0.0038655849358974113
neighbors_2048_mean_k10,24,bert,0.2300043402777778,-0.02724698684561965
neighbors_2048_mean_k10,24,mpnet,0.3116232638888889,0.0036443977029914643
neighbors_2048_mean_k10,24,minilm,0.2939800347222222,-0.0017282819177350589
neighbors_2048_mean_k10,24,pubmedbert,0.2785959201388889,0.005001819577991454
neighbors_2048_mean_k10,24,biobert,0.2957996961805555,0.015193793402777774
neighbors_2048_mean_k10,24,simcse,0.17341579861111112,-0.039860293135683754
neighbors_2048_mean_k10,25,specter,0.27630859375,0.00755096487713677
neighbors_2048_mean_k10,25,specter2,0.2580284288194445,0.004182909321581231
neighbors_2048_mean_k10,25,scincl,0.2873166232638889,0.006963149372329098
neighbors_2048_mean_k10,25,scibert,0.277138671875,0.002043319310897493
neighbors_2048_mean_k10,25,bert,0.22749457465277778,-0.018434486845619616
neighbors_2048_mean_k10,25,mpnet,0.29950086805555554,0.0028442674946581345
neighbors_2048_mean_k10,25,minilm,0.28691406249999996,0.0025280114850427435
neighbors_2048_mean_k10,25,pubmedbert,0.2716080729166667,0.009336237980769293
neighbors_2048_mean_k10,25,biobert,0.27267903645833336,0.003395399305555599
neighbors_2048_mean_k10,25,simcse,0.18154405381944447,-0.02040977230235036
neighbors_2048_mean_k10,26,specter,0.23215820312499996,-0.01574569310897444
neighbors_2048_mean_k10,26,specter2,0.22922200520833336,-0.0037697816506410842
neighbors_2048_mean_k10,26,scincl,0.2553331163194444,-0.004166624933226553
neighbors_2048_mean_k10,26,scibert,0.26162109375,0.007379473824786274
neighbors_2048_mean_k10,26,bert,0.23547960069444449,0.010404271834935851
neighbors_2048_mean_k10,26,mpnet,0.2823350694444444,0.0065322015224358355
neighbors_2048_mean_k10,26,minilm,0.27863389756944446,0.015101579193375998
neighbors_2048_mean_k10,26,pubmedbert,0.23563910590277778,-0.00577899639423082
neighbors_2048_mean_k10,26,biobert,0.22707356770833334,-0.021356336805555612
neighbors_2048_mean_k10,26,simcse,0.1925,0.011399906517093975
neighbors_2048_mean_k10,27,specter,0.29326931423611113,0.02353121661324781
neighbors_2048_mean_k10,27,specter2,0.2548687065972222,4.271834935892782e-05
neighbors_2048_mean_k10,27,scincl,0.2985818142361111,0.01724787159455123
neighbors_2048_mean_k10,27,scibert,0.2729296875000001,-0.0031461338141025954
neighbors_2048_mean_k10,27,bert,0.21895941840277777,-0.027950111845619678
neighbors_2048_mean_k10,27,mpnet,0.3052983940972222,0.007661324786324721
neighbors_2048_mean_k10,27,minilm,0.2881955295138889,0.0028290097489315647
neighbors_2048_mean_k10,27,pubmedbert,0.26163194444444443,-0.001620359241453009
neighbors_2048_mean_k10,27,biobert,0.2803483072916666,0.01008420138888886
neighbors_2048_mean_k10,27,simcse,0.17425455729166667,-0.02867973758012822
neighbors_2048_mean_k10,28,specter,0.32050130208333333,0.012644714877136717
neighbors_2048_mean_k10,28,specter2,0.30907877604166667,0.01613429821047007
neighbors_2048_mean_k10,28,scincl,0.3346310763888889,0.015178644163995732
neighbors_2048_mean_k10,28,scibert,0.30935763888888895,-0.00483667200854702
neighbors_2048_mean_k10,28,bert,0.255830078125,-0.02919794170673076
neighbors_2048_mean_k10,28,mpnet,0.3433072916666666,0.007551732772435895
neighbors_2048_mean_k10,28,minilm,0.3256467013888889,0.0021616920405982953
neighbors_2048_mean_k10,28,pubmedbert,0.2981684027777778,-0.003202390491452964
neighbors_2048_mean_k10,28,biobert,0.31834201388888894,0.009959418402777784
neighbors_2048_mean_k10,28,simcse,0.21465928819444446,-0.026393496260683737
neighbors_2048_mean_k10,29,specter,0.3113932291666667,0.00955074786324784
neighbors_2048_mean_k10,29,specter2,0.29156792534722226,0.004637553418803422
neighbors_2048_mean_k10,29,scincl,0.31951063368055554,0.006072307358440178
neighbors_2048_mean_k10,29,scibert,0.3083420138888889,0.0001618088942307737
neighbors_2048_mean_k10,29,bert,0.26750325520833335,-0.011510658720619633
neighbors_2048_mean_k10,29,mpnet,0.3275857204861111,-0.002155732505341882
neighbors_2048_mean_k10,29,minilm,0.3146354166666667,-0.002835486778846171
neighbors_2048_mean_k10,29,pubmedbert,0.29317491319444444,-0.002181774172008525
neighbors_2048_mean_k10,29,biobert,0.3077669270833334,0.005398437500000007
neighbors_2048_mean_k10,29,simcse,0.22790147569444447,-0.0071372028579059716
neighbors_2048_mean_k10,30,specter,0.29910590277777777,0.00933004473824787
neighbors_2048_mean_k10,30,specter2,0.26553927951388895,-0.009324469150641014
neighbors_2048_mean_k10,30,scincl,0.2990190972222222,-0.0023526058360042517
neighbors_2048_mean_k10,30,scibert,0.308623046875,0.012509465144230791
neighbors_2048_mean_k10,30,bert,0.26100260416666665,-0.005944686498397393
neighbors_2048_mean_k10,30,mpnet,0.30361762152777777,-0.014057208199786293
neighbors_2048_mean_k10,30,minilm,0.2910590277777778,-0.014345252403846135
neighbors_2048_mean_k10,30,pubmedbert,0.2985036892361111,0.015213625133547052
neighbors_2048_mean_k10,30,biobert,0.309111328125,0.018809461805555573
neighbors_2048_mean_k10,30,simcse,0.21313368055555557,-0.009838374732905948
neighbors_2048_mean_k10,31,specter,0.28325629340277786,-0.0017183493589743952
neighbors_2048_mean_k10,31,specter2,0.25588867187500003,-0.014173861511752157
neighbors_2048_mean_k10,31,scincl,0.3008973524305556,0.004326864650106794
neighbors_2048_mean_k10,31,scibert,0.3050238715277778,0.013711505074786304
neighbors_2048_mean_k10,31,bert,0.26043619791666667,-0.0017098774706196807
neighbors_2048_mean_k10,31,mpnet,0.3167317708333333,0.0038581563835469613
neighbors_2048_mean_k10,31,minilm,0.30555664062500004,0.004953575721153801
neighbors_2048_mean_k10,31,pubmedbert,0.28387044270833334,0.005381593883546982
neighbors_2048_mean_k10,31,biobert,0.2859819878472223,0.0004813368055555409
neighbors_2048_mean_k10,31,simcse,0.2030598958333333,-0.015110944177350451
neighbors_2048_mean_k10,32,specter,0.2717361111111112,-0.004221821581196593
neighbors_2048_mean_k10,32,specter2,0.27662000868055553,0.015574185363247858
neighbors_2048_mean_k10,32,scincl,0.28835611979166664,0.0008023420806623833
neighbors_2048_mean_k10,32,scibert,0.26703776041666666,-0.01525789596688032
neighbors_2048_mean_k10,32,bert,0.2547873263888889,0.0016579610710470243
neighbors_2048_mean_k10,32,mpnet,0.3071430121527778,0.003286107772435919
neighbors_2048_mean_k10,32,minilm,0.29981336805555553,0.008227013221153854
neighbors_2048_mean_k10,32,pubmedbert,0.25703342013888886,-0.01243871861645296
neighbors_2048_mean_k10,32,biobert,0.269521484375,-0.00696245659722221
neighbors_2048_mean_k10,32,simcse,0.21848741319444448,0.009333283253205156
neighbors_2048_mean_k10,33,specter,0.21469509548611113,-0.033345302483974375
neighbors_2048_mean_k10,33,specter2,0.22529839409722222,-0.007829894497863248
neighbors_2048_mean_k10,33,scincl,0.23349066840277777,-0.026145574586004274
neighbors_2048_mean_k10,33,scibert,0.2515407986111111,-0.0028373230502136506
neighbors_2048_mean_k10,33,bert,0.25712890624999996,0.031917075654380365
neighbors_2048_mean_k10,33,mpnet,0.26937391493055557,-0.006565454727564094
neighbors_2048_mean_k10,33,minilm,0.264794921875,0.001126101762820501
neighbors_2048_mean_k10,33,pubmedbert,0.24292100694444446,0.0013664029113248006
neighbors_2048_mean_k10,33,biobert,0.25011827256944447,0.001551866319444459
neighbors_2048_mean_k10,33,simcse,0.22199869791666665,0.0407621026976496
neighbors_2048_mean_k10,34,specter,0.32589409722222223,0.01507657251602563
neighbors_2048_mean_k10,34,specter2,0.2994574652777778,0.0035520499465811917
neighbors_2048_mean_k10,34,scincl,0.33203776041666666,0.009624390691773517
neighbors_2048_mean_k10,34,scibert,0.31553927951388894,-0.001615968883546981
neighbors_2048_mean_k10,34,bert,0.2776508246527778,-0.010338132678952961
neighbors_2048_mean_k10,34,mpnet,0.336181640625,-0.002534855769230762
neighbors_2048_mean_k10,34,minilm,0.31982747395833333,-0.006618472889957273
neighbors_2048_mean_k10,34,pubmedbert,0.3021375868055556,-0.002194143963675189
neighbors_2048_mean_k10,34,biobert,0.32140625000000006,0.01006271701388891
neighbors_2048_mean_k10,34,simcse,0.22899956597222224,-0.015014155982905964
neighbors_2048_mean_k10,35,specter,0.30701171875,0.011167935363247875
neighbors_2048_mean_k10,35,specter2,0.27748806423611116,-0.0034436097756409914
neighbors_2048_mean_k10,35,scincl,0.31098849826388886,0.003548869858440187
neighbors_2048_mean_k10,35,scibert,0.3011501736111111,-0.001031333466880323
neighbors_2048_mean_k10,35,bert,0.2650282118055556,-0.007987004206730727
neighbors_2048_mean_k10,35,mpnet,0.3218782552083333,-0.0018644998664529536
neighbors_2048_mean_k10,35,minilm,0.30744683159722225,-0.004025373931623943
neighbors_2048_mean_k10,35,pubmedbert,0.29261827256944445,0.003260283119658147
neighbors_2048_mean_k10,35,biobert,0.30115993923611106,0.004790147569444477
neighbors_2048_mean_k10,35,simcse,0.22462456597222222,-0.00441541466346149
neighbors_2048_mean_k10,36,specter,0.27420247395833336,-0.002733540331196623
neighbors_2048_mean_k10,36,specter2,0.26699761284722223,0.004973707932692275
neighbors_2048_mean_k10,36,scincl,0.2853428819444444,-0.0031889773637820665
neighbors_2048_mean_k10,36,scibert,0.2707562934027778,-0.01251744457799147
neighbors_2048_mean_k10,36,bert,0.25610677083333333,0.0019993239182692357
neighbors_2048_mean_k10,36,mpnet,0.3086512586805556,0.003816272702991471
neighbors_2048_mean_k10,36,minilm,0.29727105034722223,0.004706613915598278
neighbors_2048_mean_k10,36,pubmedbert,0.2631976996527778,-0.007252520699786312
neighbors_2048_mean_k10,36,biobert,0.27479166666666666,-0.0026703559027777854
neighbors_2048_mean_k10,36,simcse,0.22299913194444448,0.012866920405982911
neighbors_2048_mean_k25,11,specter,0.34485850694444453,0.007622382478632438
neighbors_2048_mean_k25,11,specter2,0.3035811631944445,-0.013910803952991472
neighbors_2048_mean_k25,11,scincl,0.34699739583333333,0.00016386551816237481
neighbors_2048_mean_k25,11,scibert,0.3536796875,0.00779798010149572
neighbors_2048_mean_k25,11,bert,0.3253346354166667,0.007791970486111071
neighbors_2048_mean_k25,11,mpnet,0.35650868055555557,-0.007024869791666684
neighbors_2048_mean_k25,11,minilm,0.3341744791666667,-0.016317521367521418
neighbors_2048_mean_k25,11,pubmedbert,0.3416085069444445,0.009274108573717922
neighbors_2048_mean_k25,11,biobert,0.34988802083333337,0.00944057491987177
neighbors_2048_mean_k25,11,simcse,0.2660451388888889,-0.004837686965812006
neighbors_2048_mean_k25,12,specter,0.22624739583333334,-0.042784475160256484
neighbors_2048_mean_k25,12,specter2,0.22360546875000006,-0.02568224492521372
neighbors_2048_mean_k25,12,scincl,0.2428927951388889,-0.03573648170405988
neighbors_2048_mean_k25,12,scibert,0.28477126736111114,0.0070938134348290105
neighbors_2048_mean_k25,12,bert,0.29820920138888896,0.04887078993055552
neighbors_2048_mean_k25,12,mpnet,0.27269053819444444,-0.022638758680555635
neighbors_2048_mean_k25,12,minilm,0.2700190972222222,-0.012268649839743663
neighbors_2048_mean_k25,12,pubmedbert,0.2759409722222223,0.011810827323717897
neighbors_2048_mean_k25,12,biobert,0.28529253472222227,0.013049342280982886
neighbors_2048_mean_k25,12,simcse,0.26096440972222223,0.05828583733974351
neighbors_2048_mean_k25,13,specter,0.35193793402777784,0.01768227831196579
neighbors_2048_mean_k25,13,specter2,0.30394618055555556,-0.010565317841880355
neighbors_2048_mean_k25,13,scincl,0.3544921875,0.010639125934829062
neighbors_2048_mean_k25,13,scibert,0.35519270833333344,0.012291469684829063
neighbors_2048_mean_k25,13,bert,0.29682986111111115,-0.017732335069444452
neighbors_2048_mean_k25,13,mpnet,0.3596571180555556,-0.0008959635416666864
neighbors_2048_mean_k25,13,minilm,0.3375915798611111,-0.009919951923076955
neighbors_2048_mean_k25,13,pubmedbert,0.34044704861111114,0.011093118990384601
neighbors_2048_mean_k25,13,biobert,0.3598168402777778,0.022349863114316273
neighbors_2048_mean_k25,13,simcse,0.2329600694444445,-0.03494228766025643
neighbors_2048_mean_k25,14,specter,0.27829427083333336,-0.010908433493589775
neighbors_2048_mean_k25,14,specter2,0.29028038194444444,0.020821834935897406
neighbors_2048_mean_k25,14,scincl,0.29865581597222224,-0.00014429420405983852
neighbors_2048_mean_k25,14,scibert,0.2805902777777778,-0.017258009481837644
neighbors_2048_mean_k25,14,bert,0.2765117187500001,0.007002473958333311
neighbors_2048_mean_k25,14,mpnet,0.3216627604166667,0.0061626302083333095
neighbors_2048_mean_k25,14,minilm,0.31467491319444446,0.012216332799145265
neighbors_2048_mean_k25,14,pubmedbert,0.2634071180555556,-0.02089386017628208
neighbors_2048_mean_k25,14,biobert,0.2660933159722223,-0.02632070980235042
neighbors_2048_mean_k25,14,simcse,0.2521714409722222,0.02932203525641021
neighbors_2048_mean_k25,15,specter,0.3371558159722222,0.0016757678952991936
neighbors_2048_mean_k25,15,specter2,0.3147608506944445,-0.0009750400641025145
neighbors_2048_mean_k25,15,scincl,0.3386879340277778,-0.006389519898504201
neighbors_2048_mean_k25,15,scibert,0.3458120659722222,0.0016864349626068604
neighbors_2048_mean_k25,15,bert,0.31123828125,-0.004548307291666621
neighbors_2048_mean_k25,15,mpnet,0.3572000868055556,-0.004577387152777723
neighbors_2048_mean_k25,15,minilm,0.3413350694444445,-0.007400854700854664
neighbors_2048_mean_k25,15,pubmedbert,0.33913151041666667,0.0085531884348291
neighbors_2048_mean_k25,15,biobert,0.3498927951388889,0.01120142561431632
neighbors_2048_mean_k25,15,simcse,0.26990104166666673,0.0007742922008547439
neighbors_2048_mean_k25,16,specter,0.3048663194444445,-0.0007333466880341718
neighbors_2048_mean_k25,16,specter2,0.26709592013888894,-0.01875958867521364
neighbors_2048_mean_k25,16,scincl,0.2992174479166667,-0.015979624065170887
neighbors_2048_mean_k25,16,scibert,0.3364991319444445,0.02225388287927354
neighbors_2048_mean_k25,16,bert,0.2839053819444445,-0.0020008246527777516
neighbors_2048_mean_k25,16,mpnet,0.31385329861111116,-0.018043793402777755
neighbors_2048_mean_k25,16,minilm,0.29744878472222225,-0.021406757478632465
neighbors_2048_mean_k25,16,pubmedbert,0.3338211805555556,0.03312324051816242
neighbors_2048_mean_k25,16,biobert,0.33983767361111117,0.031026686030982964
neighbors_2048_mean_k25,16,simcse,0.22976649305555558,-0.009479874465811944
neighbors_2048_mean_k25,17,specter,0.3300894097222222,0.001672903311965827
neighbors_2048_mean_k25,17,specter2,0.3369227430555556,0.028250393963675235
neighbors_2048_mean_k25,17,scincl,0.35234157986111114,0.014327667601495737
neighbors_2048_mean_k25,17,scibert,0.32577994791666676,-0.01128214142628202
neighbors_2048_mean_k25,17,bert,0.2988302951388889,-0.009892751736111106
neighbors_2048_mean_k25,17,mpnet,0.3729926215277779,0.018278689236111104
neighbors_2048_mean_k25,17,minilm,0.3644609375,0.02278855502136752
neighbors_2048_mean_k25,17,pubmedbert,0.2966697048611111,-0.026845075454059824
neighbors_2048_mean_k25,17,biobert,0.2935065104166667,-0.03812131744123929
neighbors_2048_mean_k25,17,simcse,0.2628862847222222,0.0008230769230769202
neighbors_2048_mean_k25,18,specter,0.32915060763888887,-0.005088034188034187
neighbors_2048_mean_k25,18,specter2,0.3370108506944445,0.022516366185897443
neighbors_2048_mean_k25,18,scincl,0.3513246527777778,0.007488605101495762
neighbors_2048_mean_k25,18,scibert,0.32630251736111116,-0.016581707398504262
neighbors_2048_mean_k25,18,bert,0.3092439236111112,-0.005301258680555532
neighbors_2048_mean_k25,18,mpnet,0.37577170138888893,0.015235633680555558
neighbors_2048_mean_k25,18,minilm,0.36573307291666673,0.018238555021367522
neighbors_2048_mean_k25,18,pubmedbert,0.3061080729166667,-0.02322884281517092
neighbors_2048_mean_k25,18,biobert,0.31126258680555563,-0.02618737646901707
neighbors_2048_mean_k25,18,simcse,0.2807934027777778,0.012908059561965834
neighbors_2048_mean_k25,19,specter,0.33483984375000003,-0.009971020299145324
neighbors_2048_mean_k25,19,specter2,0.30891927083333337,-0.016147435897435905
neighbors_2048_mean_k25,19,scincl,0.34458333333333335,-0.00982493656517094
neighbors_2048_mean_k25,19,scibert,0.36142447916666676,0.007968032184829074
neighbors_2048_mean_k25,19,bert,0.35498307291666675,0.02986566840277775
neighbors_2048_mean_k25,19,mpnet,0.36142274305555566,-0.009685546875000037
neighbors_2048_mean_k25,19,minilm,0.3461953125000001,-0.011871427617521382
neighbors_2048_mean_k25,19,pubmedbert,0.35441362847222224,0.014504490518162364
neighbors_2048_mean_k25,19,biobert,0.34865277777777787,0.0006305922809829383
neighbors_2048_mean_k25,19,simcse,0.2829891493055556,0.004531583867521326
neighbors_2048_mean_k25,20,specter,0.29057161458333336,-0.01684897168803425
neighbors_2048_mean_k25,20,specter2,0.29519444444444454,0.00751801549145296
neighbors_2048_mean_k25,20,scincl,0.3089405381944445,-0.008077453926282075
neighbors_2048_mean_k25,20,scibert,0.30937673611111116,-0.006689433092948764
neighbors_2048_mean_k25,20,bert,0.3083524305555556,0.020625303819444427
neighbors_2048_mean_k25,20,mpnet,0.33754687499999997,0.003828862847222176
neighbors_2048_mean_k25,20,minilm,0.3325217013888889,0.011845239049145258
neighbors_2048_mean_k25,20,pubmedbert,0.28685416666666674,-0.01566469350961542
neighbors_2048_mean_k25,20,biobert,0.2868962673611111,-0.023735640357905985
neighbors_2048_mean_k25,20,simcse,0.2682660590277778,0.027198771367521316
neighbors_2048_mean_k25,21,specter,0.3454448784722222,0.0007782852564102346
neighbors_2048_mean_k25,21,specter2,0.3265,0.0015775641025640873
neighbors_2048_mean_k25,21,scincl,0.3517434895833334,-0.002520509481837611
neighbors_2048_mean_k25,21,scibert,0.35131249999999997,-0.001999676148504289
neighbors_2048_mean_k25,21,bert,0.32607335069444443,0.0011002170138888674
neighbors_2048_mean_k25,21,mpnet,0.37233940972222224,0.0013753906249999541
neighbors_2048_mean_k25,21,minilm,0.35964800347222226,0.0017255341880341476
neighbors_2048_mean_k25,21,pubmedbert,0.34157248263888884,0.001807615518162331
neighbors_2048_mean_k25,21,biobert,0.34241579861111116,-0.005462116052350437
neighbors_2048_mean_k25,21,simcse,0.2799309895833334,0.001617694978632468
neighbors_2048_mean_k25,22,specter,0.3390928819444445,0.00839608039529908
neighbors_2048_mean_k25,22,specter2,0.31859982638888895,0.007647182158119591
neighbors_2048_mean_k25,22,scincl,0.3471315104166667,0.006837303018162359
neighbors_2048_mean_k25,22,scibert,0.33142968750000007,-0.00791269698183764
neighbors_2048_mean_k25,22,bert,0.30957031250000006,-0.0014330295138889368
neighbors_2048_mean_k25,22,mpnet,0.36611588541666673,0.009121657986111056
neighbors_2048_mean_k25,22,minilm,0.3519565972222222,0.008003919604700779
neighbors_2048_mean_k25,22,pubmedbert,0.3132252604166667,-0.01256981503739324
neighbors_2048_mean_k25,22,biobert,0.3134908854166667,-0.020417237580128273
neighbors_2048_mean_k25,22,simcse,0.26667013888888896,0.0023266359508546325
neighbors_2048_mean_k25,23,specter,0.34442447916666663,-0.0008536591880341997
neighbors_2048_mean_k25,23,specter2,0.3107473958333334,-0.01478658520299144
neighbors_2048_mean_k25,23,scincl,0.35084548611111116,-0.004030058092948689
neighbors_2048_mean_k25,23,scibert,0.3524075520833334,-0.0015161692040598178
neighbors_2048_mean_k25,23,bert,0.3411410590277778,0.01555638020833332
neighbors_2048_mean_k25,23,mpnet,0.3723472222222223,0.0007716579861111184
neighbors_2048_mean_k25,23,minilm,0.3536571180555556,-0.004876896367521354
neighbors_2048_mean_k25,23,pubmedbert,0.34604253472222224,0.005666122462606831
neighbors_2048_mean_k25,23,biobert,0.3503224826388889,0.0018330228365384855
neighbors_2048_mean_k25,23,simcse,0.28116102430555556,0.0022361845619657816
neighbors_2048_mean_k25,24,specter,0.3351171875000001,0.01990484775641021
neighbors_2048_mean_k25,24,specter2,0.3018441840277778,0.006376001602564068
neighbors_2048_mean_k25,24,scincl,0.3408224826388889,0.016012737045940147
neighbors_2048_mean_k25,24,scibert,0.3289361979166667,0.0050782752403845605
neighbors_2048_mean_k25,24,bert,0.26812282986111113,-0.02739605034722224
neighbors_2048_mean_k25,24,mpnet,0.3445985243055556,0.003088758680555501
neighbors_2048_mean_k25,24,minilm,0.3259444444444444,-0.0025237713675214163
neighbors_2048_mean_k25,24,pubmedbert,0.3158810763888889,0.005570462740384548
neighbors_2048_mean_k25,24,biobert,0.3337816840277778,0.01535802283653842
neighbors_2048_mean_k25,24,simcse,0.20738975694444448,-0.04146928418803423
neighbors_2048_mean_k25,25,specter,0.31782986111111117,0.00809269497863244
neighbors_2048_mean_k25,25,specter2,0.2937881944444445,0.003795185630341844
neighbors_2048_mean_k25,25,scincl,0.32569574652777783,0.006361174545940145
neighbors_2048_mean_k25,25,scibert,0.3213914930555556,0.0030087439903845633
neighbors_2048_mean_k25,25,bert,0.2720954861111112,-0.017948220486111152
neighbors_2048_mean_k25,25,mpnet,0.33721571180555565,0.001181119791666617
neighbors_2048_mean_k25,25,minilm,0.32288107638888897,-0.00011196581196586274
neighbors_2048_mean_k25,25,pubmedbert,0.31605208333333334,0.011216643295940125
neighbors_2048_mean_k25,25,biobert,0.3181809895833334,0.0052325020032051245
neighbors_2048_mean_k25,25,simcse,0.2225559895833334,-0.02082787793803424
neighbors_2048_mean_k25,26,specter,0.27709592013888895,-0.019260082799145286
neighbors_2048_mean_k25,26,specter2,0.2731111111111112,-0.0035007345085469816
neighbors_2048_mean_k25,26,scincl,0.30136241319444446,-0.004590995592948695
neighbors_2048_mean_k25,26,scibert,0.31629904513888896,0.011297459268162415
neighbors_2048_mean_k25,26,bert,0.2885824652777778,0.01191992187500001
neighbors_2048_mean_k25,26,mpnet,0.32900217013888894,0.006348741319444444
neighbors_2048_mean_k25,26,minilm,0.3246349826388889,0.015023103632478656
neighbors_2048_mean_k25,26,pubmedbert,0.28545442708333346,-0.005999849759615372
neighbors_2048_mean_k25,26,biobert,0.27659895833333337,-0.022968366052350413
neighbors_2048_mean_k25,26,simcse,0.24173350694444448,0.011730802617521345
neighbors_2048_mean_k25,27,specter,0.3263185763888889,0.02318974358974354
neighbors_2048_mean_k25,27,specter2,0.2835881076388889,0.00020343215811960722
neighbors_2048_mean_k25,27,scincl,0.3277881944444445,0.015061955795940144
neighbors_2048_mean_k25,27,scibert,0.30825607638888897,-0.003518339342948756
neighbors_2048_mean_k25,27,bert,0.2594756944444445,-0.02395967881944448
neighbors_2048_mean_k25,27,mpnet,0.3363663194444445,0.0069400607638888424
neighbors_2048_mean_k25,27,minilm,0.3181202256944445,0.0017355168269230226
neighbors_2048_mean_k25,27,pubmedbert,0.2949314236111112,-0.0032956830929487843
neighbors_2048_mean_k25,27,biobert,0.3158728298611111,0.009532675614316206
neighbors_2048_mean_k25,27,simcse,0.21088585069444443,-0.025889683493589815
neighbors_2048_mean_k25,28,specter,0.36418012152777784,0.010547816506410242
neighbors_2048_mean_k25,28,specter2,0.35078428819444446,0.016896140491452955
neighbors_2048_mean_k25,28,scincl,0.37780512152777784,0.014575410657051289
neighbors_2048_mean_k25,28,scibert,0.35719661458333335,-0.005081273370726527
neighbors_2048_mean_k25,28,bert,0.3059509548611112,-0.027987890625000005
neighbors_2048_mean_k25,28,mpnet,0.387046875,0.0071171440972222005
neighbors_2048_mean_k25,28,minilm,0.3677035590277778,0.0008153779380341564
neighbors_2048_mean_k25,28,pubmedbert,0.3466966145833334,-0.0020339643429487303
neighbors_2048_mean_k25,28,biobert,0.3683515625,0.011507936030982928
neighbors_2048_mean_k25,28,simcse,0.2609223090277778,-0.026356697382478644
neighbors_2048_mean_k25,29,specter,0.36084027777777783,0.012032972756410212
neighbors_2048_mean_k25,29,specter2,0.3345972222222223,0.005534074519230738
neighbors_2048_mean_k25,29,scincl,0.3661983506944445,0.007793639823717928
neighbors_2048_mean_k25,29,scibert,0.35642100694444445,-0.0010318810096154318
neighbors_2048_mean_k25,29,bert,0.3156458333333334,-0.013468012152777807
neighbors_2048_mean_k25,29,mpnet,0.3740733506944445,-0.0010313802083333952
neighbors_2048_mean_k25,29,minilm,0.3606736111111112,-0.0013895699786325248
neighbors_2048_mean_k25,29,pubmedbert,0.3396002604166667,-0.00430531850961542
neighbors_2048_mean_k25,29,biobert,0.35589670138888896,0.0038780749198717743
neighbors_2048_mean_k25,29,simcse,0.27444140625,-0.008012600160256456
neighbors_2048_mean_k25,30,specter,0.3518142361111112,0.0121571047008547
neighbors_2048_mean_k25,30,specter2,0.30749479166666666,-0.012418182425213704
neighbors_2048_mean_k25,30,scincl,0.3485638020833333,-0.00069073517628203
neighbors_2048_mean_k25,30,scibert,0.3614032118055556,0.013100497462606824
neighbors_2048_mean_k25,30,bert,0.31289887152777784,-0.007064800347222202
neighbors_2048_mean_k25,30,mpnet,0.35167925347222223,-0.014275303819444467
neighbors_2048_mean_k25,30,minilm,0.3377638888888889,-0.015149118589743592
neighbors_2048_mean_k25,30,pubmedbert,0.34983116319444446,0.015075757879273486
neighbors_2048_mean_k25,30,biobert,0.36190147569444453,0.019033022836538478
neighbors_2048_mean_k25,30,simcse,0.26353559027777784,-0.00976824252136753
neighbors_2048_mean_k25,31,specter,0.3385833333333334,0.0009648303952991606
neighbors_2048_mean_k25,31,specter2,0.3046883680555556,-0.013185977564102534
neighbors_2048_mean_k25,31,scincl,0.35236371527777777,0.00514780649038466
neighbors_2048_mean_k25,31,scibert,0.3627721354166667,0.01650804954594022
neighbors_2048_mean_k25,31,bert,0.3164305555555556,-0.0014944878472222009
neighbors_2048_mean_k25,31,mpnet,0.36715017361111113,0.00323424479166668
neighbors_2048_mean_k25,31,minilm,0.3540642361111111,0.0031898571047008465
neighbors_2048_mean_k25,31,pubmedbert,0.3379557291666667,0.0052389523237179915
neighbors_2048_mean_k25,31,biobert,0.34093012152777785,0.00010029714209407952
neighbors_2048_mean_k25,31,simcse,0.2515616319444445,-0.01970357238247863
neighbors_2048_mean_k25,32,specter,0.3096284722222223,-0.006208346688034198
neighbors_2048_mean_k25,32,specter2,0.3127526041666667,0.016659942574786327
neighbors_2048_mean_k25,32,scincl,0.32431510416666665,-0.0011191205929487068
neighbors_2048_mean_k25,32,scibert,0.31017664930555555,-0.014305752537393166
neighbors_2048_mean_k25,32,bert,0.29819921875000005,0.002055859375000012
neighbors_2048_mean_k25,32,mpnet,0.34423567708333336,0.0021014322916666373
neighbors_2048_mean_k25,32,minilm,0.3376558159722223,0.008563120993589721
neighbors_2048_mean_k25,32,pubmedbert,0.29872829861111116,-0.012206794204059852
neighbors_2048_mean_k25,32,biobert,0.3138454861111111,-0.005202654246794873
neighbors_2048_mean_k25,32,simcse,0.2591458333333334,0.009662313034188012
neighbors_2048_mean_k25,33,specter,0.25164973958333337,-0.03745973557692311
neighbors_2048_mean_k25,33,specter2,0.2620672743055556,-0.0072980435363248376
neighbors_2048_mean_k25,33,scincl,0.2707135416666667,-0.027993339342948707
neighbors_2048_mean_k25,33,scibert,0.2963715277777778,-0.001383530315170985
neighbors_2048_mean_k25,33,bert,0.3015802951388889,0.03216427951388886
neighbors_2048_mean_k25,33,mpnet,0.3085868055555556,-0.006820095486111153
neighbors_2048_mean_k25,33,minilm,0.3030017361111112,0.00063638488247858
neighbors_2048_mean_k25,33,pubmedbert,0.2874648437500001,0.003257094684829012
neighbors_2048_mean_k25,33,biobert,0.2957530381944445,0.0034322415865384436
neighbors_2048_mean_k25,33,simcse,0.2642209201388889,0.04146474358974355
neighbors_2048_mean_k25,34,specter,0.36676779513888896,0.017336097756410245
neighbors_2048_mean_k25,34,specter2,0.33179947916666674,0.002111939102564125
neighbors_2048_mean_k25,34,scincl,0.37027039930555555,0.011241296073717988
neighbors_2048_mean_k25,34,scibert,0.35496875,-0.003108530315170937
neighbors_2048_mean_k25,34,bert,0.31961154513888895,-0.010126692708333322
neighbors_2048_mean_k25,34,mpnet,0.3737517361111111,-0.0019773871527778123
neighbors_2048_mean_k25,34,minilm,0.35881163194444443,-0.0038759415064102596
neighbors_2048_mean_k25,34,pubmedbert,0.3394418402777778,-0.005088131009615384
neighbors_2048_mean_k25,34,biobert,0.3602825520833333,0.007639533253205149
neighbors_2048_mean_k25,34,simcse,0.2689262152777778,-0.014152183493589753
neighbors_2048_mean_k25,35,specter,0.34856987847222226,0.011573337339743564
neighbors_2048_mean_k25,35,specter2,0.3104661458333334,-0.006786237980769222
neighbors_2048_mean_k25,35,scincl,0.3519301215277778,0.0053361745459401845
neighbors_2048_mean_k25,35,scibert,0.34262673611111116,-0.0030153879540598303
neighbors_2048_mean_k25,35,bert,0.30893619791666677,-0.008366883680555555
neighbors_2048_mean_k25,35,mpnet,0.3610316840277778,-0.0022622829861111476
neighbors_2048_mean_k25,35,minilm,0.34695008680555556,-0.0033023303952991715
neighbors_2048_mean_k25,35,pubmedbert,0.33529991319444447,0.003205098157051272
neighbors_2048_mean_k25,35,biobert,0.34486414930555553,0.004656286725427357
neighbors_2048_mean_k25,35,simcse,0.26960546875,-0.001037773771367551
neighbors_2048_mean_k25,36,specter,0.30730425347222223,-0.0035110376602564366
neighbors_2048_mean_k25,36,specter2,0.29517925347222224,0.004108119658119648
neighbors_2048_mean_k25,36,scincl,0.31652300347222223,-0.003889693509615402
neighbors_2048_mean_k25,36,scibert,0.3060607638888889,-0.013400110176282084
neighbors_2048_mean_k25,36,bert,0.2928901909722222,0.0017683593749999787
neighbors_2048_mean_k25,36,mpnet,0.3415594618055556,0.004446744791666642
neighbors_2048_mean_k25,36,minilm,0.32970442708333336,0.005633259882478592
neighbors_2048_mean_k25,36,pubmedbert,0.29864887152777775,-0.007264693509615412
neighbors_2048_mean_k25,36,biobert,0.31253993055555557,-0.001486682024572657
neighbors_2048_mean_k25,36,simcse,0.2580577256944445,0.013595733173076897
neighbors_2048_mean_k50,11,specter,0.3886356336805556,0.011204836071047053
neighbors_2048_mean_k50,11,specter2,0.34100238715277775,-0.013149514222756386
neighbors_2048_mean_k50,11,scincl,0.38766254340277784,0.0030865968883546954
neighbors_2048_mean_k50,11,scibert,0.3922118055555556,0.0050599542601495705
neighbors_2048_mean_k50,11,bert,0.36640668402777776,0.005225368923611109
neighbors_2048_mean_k50,11,mpnet,0.3973198784722223,-0.0045879407051281785
neighbors_2048_mean_k50,11,minilm,0.37522612847222225,-0.013366185897435934
neighbors_2048_mean_k50,11,pubmedbert,0.37984483506944444,0.006274363982371751
neighbors_2048_mean_k50,11,biobert,0.38904470486111115,0.006521492721687993
neighbors_2048_mean_k50,11,simcse,0.30685980902777776,-0.006268972021901699
neighbors_2048_mean_k50,12,specter,0.2640635850694445,-0.043712655248397424
neighbors_2048_mean_k50,12,specter2,0.25876019965277774,-0.025737144431089765
neighbors_2048_mean_k50,12,scincl,0.2804596354166667,-0.03446175380608975
neighbors_2048_mean_k50,12,scibert,0.32551671006944444,0.00801941606570511
neighbors_2048_mean_k50,12,bert,0.33999197048611113,0.0484652126736111
neighbors_2048_mean_k50,12,mpnet,0.30879947916666667,-0.02345378271901711
neighbors_2048_mean_k50,12,minilm,0.3066169704861111,-0.012320786591880418
neighbors_2048_mean_k50,12,pubmedbert,0.316044921875,0.012129008079593988
neighbors_2048_mean_k50,12,biobert,0.32666731770833335,0.01379866286057688
neighbors_2048_mean_k50,12,simcse,0.30074804687500006,0.05727382311698717
neighbors_2048_mean_k50,13,specter,0.3838522135416667,0.01667397669604707
neighbors_2048_mean_k50,13,specter2,0.33201041666666664,-0.011888923944978579
neighbors_2048_mean_k50,13,scincl,0.3836744791666667,0.009351093416132538
neighbors_2048_mean_k50,13,scibert,0.38975499131944447,0.012855700787927372
neighbors_2048_mean_k50,13,bert,0.3366792534722223,-0.014249500868055499
neighbors_2048_mean_k50,13,mpnet,0.3901866319444445,-0.0014686264690170758
neighbors_2048_mean_k50,13,minilm,0.3688059895833333,-0.009533764022435899
neighbors_2048_mean_k50,13,pubmedbert,0.3736124131944445,0.010294502871260701
neighbors_2048_mean_k50,13,biobert,0.39282443576388887,0.020553784388354715
neighbors_2048_mean_k50,13,simcse,0.27028797743055555,-0.03258824285523501
neighbors_2048_mean_k50,14,specter,0.3113023003472222,-0.013116952123397467
neighbors_2048_mean_k50,14,specter2,0.3231898871527778,0.02204953091613244
neighbors_2048_mean_k50,14,scincl,0.32927886284722224,-0.0022855385283120245
neighbors_2048_mean_k50,14,scibert,0.31898372395833335,-0.015156582198183825
neighbors_2048_mean_k50,14,bert,0.3147979600694445,0.006628190104166635
neighbors_2048_mean_k50,14,mpnet,0.3540685763888889,0.0051723023504272846
neighbors_2048_mean_k50,14,minilm,0.3463634982638889,0.01078272903311953
neighbors_2048_mean_k50,14,pubmedbert,0.30113172743055555,-0.019427198517628252
neighbors_2048_mean_k50,14,biobert,0.30497200520833334,-0.024539661792200924
neighbors_2048_mean_k50,14,simcse,0.29001041666666666,0.029893180755876016
neighbors_2048_mean_k50,15,specter,0.3912721354166667,0.005171502737713681
neighbors_2048_mean_k50,15,specter2,0.3622150607638889,-0.0006066756810897658
neighbors_2048_mean_k50,15,scincl,0.38852929687500004,-0.004716484708867523
neighbors_2048_mean_k50,15,scibert,0.3949077690972222,-0.0009139172676282392
neighbors_2048_mean_k50,15,bert,0.3628101128472222,-0.007041037326388906
neighbors_2048_mean_k50,15,mpnet,0.40787673611111114,-0.002700918135683782
neighbors_2048_mean_k50,15,minilm,0.3917415364583333,-0.0055206129807692855
neighbors_2048_mean_k50,15,pubmedbert,0.3889383680555556,0.006698061899038414
neighbors_2048_mean_k50,15,biobert,0.40110763888888884,0.009914591680021302
neighbors_2048_mean_k50,15,simcse,0.3215141059027778,-0.00028451021634616643
neighbors_2048_mean_k50,16,specter,0.34939583333333335,0.0011895582932692833
neighbors_2048_mean_k50,16,specter2,0.30489583333333337,-0.020031545472756374
neighbors_2048_mean_k50,16,scincl,0.3375891927083333,-0.017762231236645276
neighbors_2048_mean_k50,16,scibert,0.38113650173611113,0.02320917301014957
neighbors_2048_mean_k50,16,bert,0.32948198784722227,-0.00247480468749998
neighbors_2048_mean_k50,16,mpnet,0.3551087239583333,-0.01757457264957262
neighbors_2048_mean_k50,16,minilm,0.3370115017361111,-0.02235629006410257
neighbors_2048_mean_k50,16,pubmedbert,0.3780397135416667,0.03369376502403846
neighbors_2048_mean_k50,16,biobert,0.38476953124999996,0.031470841680021365
neighbors_2048_mean_k50,16,simcse,0.27454036458333336,-0.009363893896901683
neighbors_2048_mean_k50,17,specter,0.36295355902777776,-0.002029278512286317
neighbors_2048_mean_k50,17,specter2,0.37046636284722223,0.028762421541132472
neighbors_2048_mean_k50,17,scincl,0.38326236979166667,0.011134383346688013
neighbors_2048_mean_k50,17,scibert,0.36315125868055564,-0.011552632545405998
neighbors_2048_mean_k50,17,bert,0.3407805989583334,-0.007952756076388913
neighbors_2048_mean_k50,17,mpnet,0.4057217881944445,0.01626192908653846
neighbors_2048_mean_k50,17,minilm,0.39733506944444447,0.02119071514423071
neighbors_2048_mean_k50,17,pubmedbert,0.3378328993055556,-0.023289611712072673
neighbors_2048_mean_k50,17,biobert,0.3349461805555556,-0.03512907151442311
neighbors_2048_mean_k50,17,simcse,0.30328472222222225,0.002603901241987166
neighbors_2048_mean_k50,18,specter,0.36443749999999997,-0.0073955545539529715
neighbors_2048_mean_k50,18,specter2,0.37345724826388893,0.024903089943910287
neighbors_2048_mean_k50,18,scincl,0.38762044270833335,0.008642239249465802
neighbors_2048_mean_k50,18,scibert,0.3643806423611111,-0.017173465878739334
neighbors_2048_mean_k50,18,bert,0.34832638888888884,-0.007257183159722236
neighbors_2048_mean_k50,18,mpnet,0.4125067274305556,0.016196651308760683
neighbors_2048_mean_k50,18,minilm,0.4010503472222222,0.018055775908119607
neighbors_2048_mean_k50,18,pubmedbert,0.34587717013888897,-0.022095557892628195
neighbors_2048_mean_k50,18,biobert,0.3514016927083334,-0.0255237763755342
neighbors_2048_mean_k50,18,simcse,0.3191788194444445,0.011647781450320496
neighbors_2048_mean_k50,19,specter,0.38307725694444444,-0.006404408720619512
neighbors_2048_mean_k50,19,specter2,0.34920312500000006,-0.016999644431089613
neighbors_2048_mean_k50,19,scincl,0.3893020833333333,-0.007324731236645177
neighbors_2048_mean_k50,19,scibert,0.40457421875,0.0053714993990385635
neighbors_2048_mean_k50,19,bert,0.4012886284722222,0.028056445312500115
neighbors_2048_mean_k50,19,mpnet,0.4054351128472222,-0.008523574385683649
neighbors_2048_mean_k50,19,minilm,0.39124066840277777,-0.009402514022435823
neighbors_2048_mean_k50,19,pubmedbert,0.3991004774305556,0.013479138287927449
neighbors_2048_mean_k50,19,biobert,0.3929852430555556,-0.0015888371394229951
neighbors_2048_mean_k50,19,simcse,0.32851627604166667,0.0033366269364317252
neighbors_2048_mean_k50,20,specter,0.3234950086805556,-0.018916561498397377
neighbors_2048_mean_k50,20,specter2,0.32780338541666665,0.008670711471688082
neighbors_2048_mean_k50,20,scincl,0.3425928819444445,-0.006963837139423045
neighbors_2048_mean_k50,20,scibert,0.3466046006944445,-0.005528023170405966
neighbors_2048_mean_k50,20,bert,0.34636024305555557,0.020198155381944454
neighbors_2048_mean_k50,20,mpnet,0.37036154513888886,0.003472953392094037
neighbors_2048_mean_k50,20,minilm,0.36460590277777777,0.011032815838675183
neighbors_2048_mean_k50,20,pubmedbert,0.32366731770833335,-0.014883925948183755
neighbors_2048_mean_k50,20,biobert,0.32452061631944445,-0.02298336838942306
neighbors_2048_mean_k50,20,simcse,0.3040106336805556,0.025901080061431644
neighbors_2048_mean_k50,21,specter,0.40094487847222227,0.002322370793269277
neighbors_2048_mean_k50,21,specter2,0.3795579427083334,0.004214331263354724
neighbors_2048_mean_k50,21,scincl,0.4053836805555555,-0.0003839760283119658
neighbors_2048_mean_k50,21,scibert,0.4048467881944445,-0.003496773170405988
neighbors_2048_mean_k50,21,bert,0.38181163194444445,-0.0005613932291666327
neighbors_2048_mean_k50,21,mpnet,0.42538693576388886,0.0022874065170940382
neighbors_2048_mean_k50,21,minilm,0.4128368055555556,0.003052781116452963
neighbors_2048_mean_k50,21,pubmedbert,0.39527973090277774,0.0005175497462606642
neighbors_2048_mean_k50,21,biobert,0.39662651909722224,-0.007088403111645307
neighbors_2048_mean_k50,21,simcse,0.3334565972222222,-0.0008638938969017117
neighbors_2048_mean_k50,22,specter,0.3756180555555555,0.007795200654380268
neighbors_2048_mean_k50,22,specter2,0.3525023871527778,0.007958428485576867
neighbors_2048_mean_k50,22,scincl,0.3793767361111111,0.004408732305021312
neighbors_2048_mean_k50,22,scibert,0.3684463975694445,-0.009097511017628283
neighbors_2048_mean_k50,22,bert,0.35147656250000003,-9.680989583340762e-05
neighbors_2048_mean_k50,22,mpnet,0.4004197048611111,0.008119828392093971
neighbors_2048_mean_k50,22,minilm,0.3857769097222222,0.006792538060897308
neighbors_2048_mean_k50,22,pubmedbert,0.35271506076388887,-0.011247467614850546
neighbors_2048_mean_k50,22,biobert,0.3541449652777777,-0.018770304153312087
neighbors_2048_mean_k50,22,simcse,0.30765820312500003,0.004137364783653773
neighbors_2048_mean_k50,23,specter,0.38425846354166665,-9.507712339741471e-05
neighbors_2048_mean_k50,23,specter2,0.34676345486111115,-0.014311189569978622
neighbors_2048_mean_k50,23,scincl,0.3887354600694445,-0.0027632295005342094
neighbors_2048_mean_k50,23,scibert,0.39061132812500005,-0.0034632662259615416
neighbors_2048_mean_k50,23,bert,0.3828255208333334,0.014721462673611099
neighbors_2048_mean_k50,23,mpnet,0.41079296875000004,0.0019624065170940124
neighbors_2048_mean_k50,23,minilm,0.3926362847222223,-0.0028787727029914844
neighbors_2048_mean_k50,23,pubmedbert,0.3858754340277778,0.005382219885149537
neighbors_2048_mean_k50,23,biobert,0.3904782986111111,0.0010323434161324406
neighbors_2048_mean_k50,23,simcse,0.3204646267361111,0.00041310263087605977
neighbors_2048_mean_k50,24,specter,0.36698741319444445,0.019344376001602548
neighbors_2048_mean_k50,24,specter2,0.3290963541666667,0.004732213207799121
neighbors_2048_mean_k50,24,scincl,0.3702584635416667,0.015470277443910238
neighbors_2048_mean_k50,24,scibert,0.3644943576388889,0.007130266760149532
neighbors_2048_mean_k50,24,bert,0.3057248263888889,-0.025668728298611124
neighbors_2048_mean_k50,24,mpnet,0.3744294704861112,0.002309411725427319
neighbors_2048_mean_k50,24,minilm,0.35453993055555555,-0.004264623397435959
neighbors_2048_mean_k50,24,pubmedbert,0.3493179253472222,0.0055352146768161935
neighbors_2048_mean_k50,24,biobert,0.3684229600694444,0.015687508346687966
neighbors_2048_mean_k50,24,simcse,0.24306510416666668,-0.04027591646634617
neighbors_2048_mean_k50,25,specter,0.3556315104166667,0.00837284822382478
neighbors_2048_mean_k50,25,specter2,0.3270071614583333,0.0030273954994657843
neighbors_2048_mean_k50,25,scincl,0.3598246527777778,0.005420841680021345
neighbors_2048_mean_k50,25,scibert,0.36098697916666667,0.0040072632879273005
neighbors_2048_mean_k50,25,bert,0.31386458333333334,-0.017144596354166684
neighbors_2048_mean_k50,25,mpnet,0.37113129340277784,-0.0006043903579060114
neighbors_2048_mean_k50,25,minilm,0.3554025607638889,-0.003017618189102647
neighbors_2048_mean_k50,25,pubmedbert,0.3561803385416667,0.012782002871260658
neighbors_2048_mean_k50,25,biobert,0.35997395833333334,0.007622881610576861
neighbors_2048_mean_k50,25,simcse,0.2624900173611111,-0.020466628271901748
neighbors_2048_mean_k50,26,specter,0.32269856770833333,-0.021178193442841862
neighbors_2048_mean_k50,26,specter2,0.31839431423611114,-0.0022035506810897387
neighbors_2048_mean_k50,26,scincl,0.34655924479166667,-0.004462665264423096
neighbors_2048_mean_k50,26,scibert,0.3676753472222222,0.01407753238514954
neighbors_2048_mean_k50,26,bert,0.34027647569444447,0.012649197048611104
neighbors_2048_mean_k50,26,mpnet,0.3735141059027778,0.005160323183760683
neighbors_2048_mean_k50,26,minilm,0.3697482638888889,0.014709985977564066
neighbors_2048_mean_k50,26,pubmedbert,0.3341525607638889,-0.005863873864850457
neighbors_2048_mean_k50,26,biobert,0.3244442274305556,-0.02452494825053421
neighbors_2048_mean_k50,26,simcse,0.29121093750000004,0.011636192908653845
neighbors_2048_mean_k50,27,specter,0.35543988715277774,0.021455964543269326
neighbors_2048_mean_k50,27,specter2,0.3101228298611111,-0.0005821965144230082
neighbors_2048_mean_k50,27,scincl,0.3537936197916667,0.012664548277243658
neighbors_2048_mean_k50,27,scibert,0.3407035590277778,-0.003001417267628173
neighbors_2048_mean_k50,27,bert,0.298126953125,-0.019607486979166613
neighbors_2048_mean_k50,27,mpnet,0.36398784722222227,0.005526903044871856
neighbors_2048_mean_k50,27,minilm,0.3464600694444445,0.0013146300747863518
neighbors_2048_mean_k50,27,pubmedbert,0.32553276909722223,-0.004590826989850398
neighbors_2048_mean_k50,27,biobert,0.34792382812500006,0.008847490985576948
neighbors_2048_mean_k50,27,simcse,0.247654296875,-0.022027609174679427
neighbors_2048_mean_k50,28,specter,0.40099218749999993,0.007760652043269262
neighbors_2048_mean_k50,28,specter2,0.38620789930555555,0.01625526008279919
neighbors_2048_mean_k50,28,scincl,0.41401974826388893,0.013643063902243612
neighbors_2048_mean_k50,28,scibert,0.39815299479166666,-0.0047995943509615245
neighbors_2048_mean_k50,28,bert,0.3509850260416667,-0.025997026909722182
neighbors_2048_mean_k50,28,mpnet,0.4237256944444444,0.006017137419871816
neighbors_2048_mean_k50,28,minilm,0.4052358940972222,0.0008428418803418566
neighbors_2048_mean_k50,28,pubmedbert,0.3877740885416667,-0.0015971203926281904
neighbors_2048_mean_k50,28,biobert,0.41174305555555557,0.013419105568910263
neighbors_2048_mean_k50,28,simcse,0.30338519965277777,-0.025544319244123894
neighbors_2048_mean_k50,29,specter,0.40706792534722225,0.014639558293269283
neighbors_2048_mean_k50,29,specter2,0.374955078125,0.0058056073050213935
neighbors_2048_mean_k50,29,scincl,0.4107259114583333,0.011152395499465827
neighbors_2048_mean_k50,29,scibert,0.3990316840277778,-0.00311773671207263
neighbors_2048_mean_k50,29,bert,0.3613491753472222,-0.014829709201388867
neighbors_2048_mean_k50,29,mpnet,0.41782096354166665,0.0009155749198718261
neighbors_2048_mean_k50,29,minilm,0.403076171875,-0.0005137119391025827
neighbors_2048_mean_k50,29,pubmedbert,0.3820251736111111,-0.006542866920405985
neighbors_2048_mean_k50,29,biobert,0.3990043402777778,0.00148355869391024
neighbors_2048_mean_k50,29,simcse,0.3191336805555556,-0.008992669938568343
neighbors_2048_mean_k50,30,specter,0.40009092881944447,0.013701320446046975
neighbors_2048_mean_k50,30,specter2,0.34959657118055554,-0.013514140958867568
neighbors_2048_mean_k50,30,scincl,0.3937369791666667,0.00020222188835467003
neighbors_2048_mean_k50,30,scibert,0.4093135850694445,0.013202923010149532
neighbors_2048_mean_k50,30,bert,0.3614945746527778,-0.008645551215277832
neighbors_2048_mean_k50,30,mpnet,0.39829492187500004,-0.012571708066239355
neighbors_2048_mean_k50,30,minilm,0.38313823784722223,-0.0144128872863249
neighbors_2048_mean_k50,30,pubmedbert,0.3962100694444444,0.013680787593482834
neighbors_2048_mean_k50,30,biobert,0.4091996527777778,0.01771762987446575
neighbors_2048_mean_k50,30,simcse,0.31272699652777775,-0.009360595285790647
neighbors_2048_mean_k50,31,specter,0.38686848958333336,0.0037711989182693064
neighbors_2048_mean_k50,31,specter2,0.3483541666666667,-0.011464227764423018
neighbors_2048_mean_k50,31,scincl,0.39568359375,0.005441154180021434
neighbors_2048_mean_k50,31,scibert,0.41037890625,0.01756056189903851
neighbors_2048_mean_k50,31,bert,0.3645375434027778,-0.0023102647569443902
neighbors_2048_mean_k50,31,mpnet,0.4106063368055556,0.0030320245726496286
neighbors_2048_mean_k50,31,minilm,0.3959077690972223,0.0016489616720085519
neighbors_2048_mean_k50,31,pubmedbert,0.3847513020833333,0.005514337940705155
neighbors_2048_mean_k50,31,biobert,0.3887447916666667,0.0005550864716880723
neighbors_2048_mean_k50,31,simcse,0.29504644097222227,-0.023748833133012744
neighbors_2048_mean_k50,32,specter,0.34208680555555554,-0.008331492053952973
neighbors_2048_mean_k50,32,specter2,0.34322439236111113,0.016084990985576933
neighbors_2048_mean_k50,32,scincl,0.3541720920138889,-0.0033913545005342075
neighbors_2048_mean_k50,32,scibert,0.34780707465277777,-0.01233227664262821
neighbors_2048_mean_k50,32,bert,0.3372486979166667,0.003079882812500027
neighbors_2048_mean_k50,32,mpnet,0.3756414930555556,0.0007461738782051116
neighbors_2048_mean_k50,32,minilm,0.36933962673611115,0.007759812366452944
neighbors_2048_mean_k50,32,pubmedbert,0.3352057291666667,-0.011352241920406021
neighbors_2048_mean_k50,32,biobert,0.353025390625,-0.0024853215144231247
neighbors_2048_mean_k50,32,simcse,0.2963381076388889,0.0102218265892094
neighbors_2048_mean_k50,33,specter,0.28740017361111114,-0.039190085803952994
neighbors_2048_mean_k50,33,specter2,0.29684266493055556,-0.006468698250534218
neighbors_2048_mean_k50,33,scincl,0.30451280381944446,-0.029222604500534224
neighbors_2048_mean_k50,33,scibert,0.3366924913194444,0.0003811782184828496
neighbors_2048_mean_k50,33,bert,0.33943901909722224,0.02909824218749997
neighbors_2048_mean_k50,33,mpnet,0.34482400173611116,-0.006243279246794896
neighbors_2048_mean_k50,33,minilm,0.33808962673611115,0.00033785056089734463
neighbors_2048_mean_k50,33,pubmedbert,0.32862586805555555,0.00589593516292727
neighbors_2048_mean_k50,33,biobert,0.33727821180555556,0.005595537860576847
neighbors_2048_mean_k50,33,simcse,0.3021041666666667,0.03981592381143157
neighbors_2048_mean_k50,34,specter,0.4028504774305556,0.018860912459935892
neighbors_2048_mean_k50,34,specter2,0.36188650173611114,0.0011758329994658128
neighbors_2048_mean_k50,34,scincl,0.40338476562500003,0.012250051749465795
neighbors_2048_mean_k50,34,scibert,0.3887369791666667,-0.00497363948985043
neighbors_2048_mean_k50,34,bert,0.35874544270833336,-0.008994639756944435
neighbors_2048_mean_k50,34,mpnet,0.4069967447916667,-0.0014698417467948694
neighbors_2048_mean_k50,34,minilm,0.3934533420138889,-0.001697739716880389
neighbors_2048_mean_k50,34,pubmedbert,0.3731827256944445,-0.00694651275373934
neighbors_2048_mean_k50,34,biobert,0.39412890625,0.0050469267494657865
neighbors_2048_mean_k50,34,simcse,0.3064361979166667,-0.013251350494123935
neighbors_2048_mean_k50,35,specter,0.3872282986111111,0.01262536558493592
neighbors_2048_mean_k50,35,specter2,0.3410855034722223,-0.010238533319978625
neighbors_2048_mean_k50,35,scincl,0.3883031684027778,0.006555086471688022
neighbors_2048_mean_k50,35,scibert,0.3803713107638889,-0.00395267594818377
neighbors_2048_mean_k50,35,bert,0.35098524305555556,-0.007368207465277776
neighbors_2048_mean_k50,35,mpnet,0.3970325520833333,-0.002047402510683749
neighbors_2048_mean_k50,35,minilm,0.38248936631944447,-0.0032750834668803857
neighbors_2048_mean_k50,35,pubmedbert,0.3729348958333334,0.0021922893295939893
neighbors_2048_mean_k50,35,biobert,0.3836395399305556,0.0039441923744657865
neighbors_2048_mean_k50,35,simcse,0.31186588541666665,0.0015649689503205136
neighbors_2048_mean_k50,36,specter,0.33522243923611117,-0.004519382678952941
neighbors_2048_mean_k50,36,specter2,0.32001909722222227,0.0035561715411325124
neighbors_2048_mean_k50,36,scincl,0.3412026909722223,-0.005684279847756379
neighbors_2048_mean_k50,36,scibert,0.3371469184027778,-0.012315957198183755
neighbors_2048_mean_k50,36,bert,0.32556987847222224,0.0020775390624999976
neighbors_2048_mean_k50,36,mpnet,0.3682838541666667,0.004065010683760738
neighbors_2048_mean_k50,36,minilm,0.3559424913194445,0.005039152644230747
neighbors_2048_mean_k50,36,pubmedbert,0.32964952256944446,-0.006231972823183786
neighbors_2048_mean_k50,36,biobert,0.3442562934027778,-0.0005779430422008606
neighbors_2048_mean_k50,36,simcse,0.29003146701388893,0.01459166165865385
neighbors_2048_cls_k10,11,specter,0.25176540798611113,0.003648287259615391
neighbors_2048_cls_k10,11,specter2,0.22668294270833333,-0.010187808827457262
neighbors_2048_cls_k10,11,scincl,0.26195638020833334,0.00025610977564104957
neighbors_2048_cls_k10,11,scibert,0.15406358506944443,0.005714760283119658
neighbors_2048_cls_k10,11,bert,0.13970052083333337,0.0073925697783119824
neighbors_2048_cls_k10,11,mpnet,0.267509765625,-0.0076214943910256445
neighbors_2048_cls_k10,11,minilm,0.2477701822916667,-0.014240626669337616
neighbors_2048_cls_k10,11,pubmedbert,0.16251844618055555,0.002421115451388872
neighbors_2048_cls_k10,11,biobert,0.1889529079861111,0.011094284188034188
neighbors_2048_cls_k10,11,simcse,0.1745594618055556,0.0015228031517094181
neighbors_2048_cls_k10,12,specter,0.1655902777777778,-0.04038404780982907
neighbors_2048_cls_k10,12,specter2,0.166640625,-0.028087331396901713
neighbors_2048_cls_k10,12,scincl,0.18064887152777775,-0.038908603766025646
neighbors_2048_cls_k10,12,scibert,0.1327658420138889,0.026559812366453
neighbors_2048_cls_k10,12,bert,0.1350509982638889,0.044885842347756416
neighbors_2048_cls_k10,12,mpnet,0.20484809027777778,-0.02814037459935899
neighbors_2048_cls_k10,12,minilm,0.20129991319444446,-0.018568100627670957
neighbors_2048_cls_k10,12,pubmedbert,0.14329644097222224,0.025341905381944446
neighbors_2048_cls_k10,12,biobert,0.15360894097222225,0.017893112313034202
neighbors_2048_cls_k10,12,simcse,0.17030164930555555,0.0394077857905983
neighbors_2048_cls_k10,13,specter,0.2626573350694444,0.016095335870726528
neighbors_2048_cls_k10,13,specter2,0.22897135416666664,-0.006344275841346111
neighbors_2048_cls_k10,13,scincl,0.27172309027777775,0.011577941372863292
neighbors_2048_cls_k10,13,scibert,0.14976888020833334,0.002975176949786366
neighbors_2048_cls_k10,13,bert,0.12006727430555558,-0.010685555221687983
neighbors_2048_cls_k10,13,mpnet,0.27345920138888885,-0.00011693709935894605
neighbors_2048_cls_k10,13,minilm,0.25263129340277785,-0.007824394030448668
neighbors_2048_cls_k10,13,pubmedbert,0.16370442708333333,0.005162217881944465
neighbors_2048_cls_k10,13,biobert,0.18966905381944446,0.013365551549145347
neighbors_2048_cls_k10,13,simcse,0.14727647569444446,-0.02420506143162389
neighbors_2048_cls_k10,14,specter,0.21515299479166666,-0.008887954059829105
neighbors_2048_cls_k10,14,specter2,0.22486111111111107,0.012066531450320474
neighbors_2048_cls_k10,14,scincl,0.23623914930555553,-0.001384949252136774
neighbors_2048_cls_k10,14,scibert,0.12018012152777777,-0.004092531383547032
neighbors_2048_cls_k10,14,bert,0.11147894965277777,0.0032471704727563833
neighbors_2048_cls_k10,14,mpnet,0.25470594618055553,0.00365085803952988
neighbors_2048_cls_k10,14,minilm,0.2467296006944444,0.008794963608440128
neighbors_2048_cls_k10,14,pubmedbert,0.12808485243055556,-0.007936306423611159
neighbors_2048_cls_k10,14,biobert,0.1368793402777778,-0.016903111645299167
neighbors_2048_cls_k10,14,simcse,0.16040581597222223,0.011445329193376041
neighbors_2048_cls_k10,15,specter,0.23578993055555555,-0.0014144297542735367
neighbors_2048_cls_k10,15,specter2,0.22462782118055558,-0.0013301699385683942
neighbors_2048_cls_k10,15,scincl,0.24402126736111113,-0.006766242654914551
neighbors_2048_cls_k10,15,scibert,0.14148654513888886,0.004050480769230736
neighbors_2048_cls_k10,15,bert,0.1227658420138889,0.0013706513755341692
neighbors_2048_cls_k10,15,mpnet,0.25947374131944445,-0.004744758279914555
neighbors_2048_cls_k10,15,minilm,0.24497829861111114,-0.006119749933226535
neighbors_2048_cls_k10,15,pubmedbert,0.15358506944444444,0.0044004991319444055
neighbors_2048_cls_k10,15,biobert,0.17197916666666668,0.005033303285256387
neighbors_2048_cls_k10,15,simcse,0.16764431423611112,0.005520415998931601
neighbors_2048_cls_k10,16,specter,0.21598524305555555,-0.007946330795940235
neighbors_2048_cls_k10,16,specter2,0.1921950954861111,-0.020490109174679538
neighbors_2048_cls_k10,16,scincl,0.21891493055555558,-0.018599793002136798
neighbors_2048_cls_k10,16,scibert,0.15065972222222224,0.026496444310897385
neighbors_2048_cls_k10,16,bert,0.12111111111111111,0.01298870693108969
neighbors_2048_cls_k10,16,mpnet,0.22911024305555555,-0.02183547008547014
neighbors_2048_cls_k10,16,minilm,0.21460720486111112,-0.023218057224893226
neighbors_2048_cls_k10,16,pubmedbert,0.16342230902777777,0.027510525173611043
neighbors_2048_cls_k10,16,biobert,0.18167860243055559,0.02800552550747859
neighbors_2048_cls_k10,16,simcse,0.14593967013888892,-0.002911441639957312
neighbors_2048_cls_k10,17,specter,0.25126193576388883,0.0052409521901709034
neighbors_2048_cls_k10,17,specter2,0.2574750434027777,0.022700429019764944
neighbors_2048_cls_k10,17,scincl,0.27515299479166666,0.015548861511752119
neighbors_2048_cls_k10,17,scibert,0.13199327256944446,-0.014259415064102573
neighbors_2048_cls_k10,17,bert,0.11556966145833335,-0.014642152443910265
neighbors_2048_cls_k10,17,mpnet,0.2888780381944444,0.015842915331196566
neighbors_2048_cls_k10,17,minilm,0.2779296875,0.01801501569177348
neighbors_2048_cls_k10,17,pubmedbert,0.14178059895833334,-0.01622059461805559
neighbors_2048_cls_k10,17,biobert,0.14958441840277778,-0.02617806824252138
neighbors_2048_cls_k10,17,simcse,0.16489257812500002,-0.006047943376068383
neighbors_2048_cls_k10,18,specter,0.25070312499999997,0.00024268830128203344
neighbors_2048_cls_k10,18,specter2,0.25460286458333337,0.015388797075320503
neighbors_2048_cls_k10,18,scincl,0.27087131076388893,0.006827724358974354
neighbors_2048_cls_k10,18,scibert,0.1393728298611111,-0.011319310897435906
neighbors_2048_cls_k10,18,bert,0.12776909722222224,-0.006882169805021364
neighbors_2048_cls_k10,18,mpnet,0.28804904513888885,0.010574469150640994
neighbors_2048_cls_k10,18,minilm,0.27697157118055554,0.012617446247329026
neighbors_2048_cls_k10,18,pubmedbert,0.15039388020833336,-0.012046766493055567
neighbors_2048_cls_k10,18,biobert,0.16096028645833338,-0.019241653311965815
neighbors_2048_cls_k10,18,simcse,0.17921875000000004,0.0038387753739316244
neighbors_2048_cls_k10,19,specter,0.2331336805555556,-0.00853508947649572
neighbors_2048_cls_k10,19,specter2,0.22190755208333332,-0.008514848758012838
neighbors_2048_cls_k10,19,scincl,0.24569661458333336,-0.009555305154914519
neighbors_2048_cls_k10,19,scibert,0.1483463541666667,0.006445880074786337
neighbors_2048_cls_k10,19,bert,0.14050021701388887,0.014640616653311967
neighbors_2048_cls_k10,19,mpnet,0.2603938802083333,-0.008289029113247866
neighbors_2048_cls_k10,19,minilm,0.24648003472222227,-0.009082423544337609
neighbors_2048_cls_k10,19,pubmedbert,0.1612076822916667,0.007558702256944438
neighbors_2048_cls_k10,19,biobert,0.1740082465277778,0.0025979734241453026
neighbors_2048_cls_k10,19,simcse,0.17932183159722223,0.012733523637820512
neighbors_2048_cls_k10,20,specter,0.2186154513888889,-0.013195245726495775
neighbors_2048_cls_k10,20,specter2,0.22259874131944446,0.002034413394764922
neighbors_2048_cls_k10,20,scincl,0.23459960937500002,-0.010794237446581235
neighbors_2048_cls_k10,20,scibert,0.13535156250000002,0.003309161324786286
neighbors_2048_cls_k10,20,bert,0.12624891493055557,0.010247387486645268
neighbors_2048_cls_k10,20,mpnet,0.2584939236111111,-0.0003309127938034531
neighbors_2048_cls_k10,20,minilm,0.25043945312500004,0.004735067775106797
neighbors_2048_cls_k10,20,pubmedbert,0.14036349826388891,-0.0034274088541667116
neighbors_2048_cls_k10,20,biobert,0.1524826388888889,-0.009069561298076956
neighbors_2048_cls_k10,20,simcse,0.1732215711805556,0.016491336137820476
neighbors_2048_cls_k10,21,specter,0.24191297743055554,-0.0004929887820513401
neighbors_2048_cls_k10,21,specter2,0.2307834201388889,-0.00037617688301285694
neighbors_2048_cls_k10,21,scincl,0.25202039930555553,-0.003968716613247914
neighbors_2048_cls_k10,21,scibert,0.1432074652777778,0.0005697950053418469
neighbors_2048_cls_k10,21,bert,0.12421223958333336,-0.002384556957799171
neighbors_2048_cls_k10,21,mpnet,0.27043511284722227,0.0010150073450854293
neighbors_2048_cls_k10,21,minilm,0.25727322048611106,0.0009735660389956799
neighbors_2048_cls_k10,21,pubmedbert,0.15342990451388888,-0.0009562717013889462
neighbors_2048_cls_k10,21,biobert,0.17084960937500004,-0.0012978599091880612
neighbors_2048_cls_k10,21,simcse,0.17424370659722224,0.0069182024572649265
neighbors_2048_cls_k10,22,specter,0.24895724826388888,0.006358139690170909
neighbors_2048_cls_k10,22,specter2,0.23615885416666668,0.004806114783653812
neighbors_2048_cls_k10,22,scincl,0.26294487847222225,0.006762620192307667
neighbors_2048_cls_k10,22,scibert,0.13796875,-0.004862062633547024
neighbors_2048_cls_k10,22,bert,0.1184711371527778,-0.008318801749465818
neighbors_2048_cls_k10,22,mpnet,0.27859917534722217,0.00898592748397433
neighbors_2048_cls_k10,22,minilm,0.26405381944444445,0.007561022636217928
neighbors_2048_cls_k10,22,pubmedbert,0.1460590277777778,-0.008520290798611142
neighbors_2048_cls_k10,22,biobert,0.15932183159722224,-0.013018780048076932
neighbors_2048_cls_k10,22,simcse,0.16776475694444445,0.00024611044337604883
neighbors_2048_cls_k10,23,specter,0.2537087673611111,0.0005773237179486573
neighbors_2048_cls_k10,23,specter2,0.2319596354166667,-0.009925439035790656
neighbors_2048_cls_k10,23,scincl,0.2643348524305556,-0.0023797409188034534
neighbors_2048_cls_k10,23,scibert,0.15202907986111114,-0.001334067841880396
neighbors_2048_cls_k10,23,bert,0.14288628472222223,0.005564010750534137
neighbors_2048_cls_k10,23,mpnet,0.2810568576388889,0.000911274706196523
neighbors_2048_cls_k10,23,minilm,0.26382269965277777,-0.0032024322248932293
neighbors_2048_cls_k10,23,pubmedbert,0.16461697048611112,-0.0004946831597222959
neighbors_2048_cls_k10,23,biobert,0.18544270833333334,0.0025697616185896893
neighbors_2048_cls_k10,23,simcse,0.18576497395833333,0.007713992387820457
neighbors_2048_cls_k10,24,specter,0.24739583333333337,0.01523248864850426
neighbors_2048_cls_k10,24,specter2,0.22853298611111109,0.00761601061698715
neighbors_2048_cls_k10,24,scincl,0.26190321180555554,0.01615671741452991
neighbors_2048_cls_k10,24,scibert,0.1276540798611111,-0.0047409688835470315
neighbors_2048_cls_k10,24,bert,0.10096571180555555,-0.015388463207799165
neighbors_2048_cls_k10,24,mpnet,0.2662131076388889,0.007035623664529906
neighbors_2048_cls_k10,24,minilm,0.2482020399305556,0.002145007011217926
neighbors_2048_cls_k10,24,pubmedbert,0.14103732638888888,-0.003106228298611146
neighbors_2048_cls_k10,24,biobert,0.16379665798611112,0.0018918102297008355
neighbors_2048_cls_k10,24,simcse,0.13024088541666667,-0.026841997195512838
neighbors_2048_cls_k10,25,specter,0.22951280381944444,0.003762436565170878
neighbors_2048_cls_k10,25,specter2,0.215830078125,0.0013260800614315646
neighbors_2048_cls_k10,25,scincl,0.24326171875000002,0.003928201789529854
neighbors_2048_cls_k10,25,scibert,0.12742947048611108,0.0014473991720085006
neighbors_2048_cls_k10,25,bert,0.10222005208333335,-0.007721145499465861
neighbors_2048_cls_k10,25,mpnet,0.25572699652777775,0.002962489983974279
neighbors_2048_cls_k10,25,minilm,0.24247612847222216,0.002832072983440095
neighbors_2048_cls_k10,25,pubmedbert,0.1386642795138889,0.0009337022569443817
neighbors_2048_cls_k10,25,biobert,0.15931423611111115,0.0038223657852563663
neighbors_2048_cls_k10,25,simcse,0.13737630208333332,-0.01329360309829065
neighbors_2048_cls_k10,26,specter,0.20433268229166668,-0.015064820379273529
neighbors_2048_cls_k10,26,specter2,0.19977973090277779,-0.008371402577457285
neighbors_2048_cls_k10,26,scincl,0.22459960937499998,-0.008381043002136775
neighbors_2048_cls_k10,26,scibert,0.13117730034722222,0.011548093616452985
neighbors_2048_cls_k10,26,bert,0.11638563368055557,0.01279730068108973
neighbors_2048_cls_k10,26,mpnet,0.24695095486111113,0.0005393129006410017
neighbors_2048_cls_k10,26,minilm,0.24100151909722223,0.007710328191773484
neighbors_2048_cls_k10,26,pubmedbert,0.13514539930555558,0.003767686631944415
neighbors_2048_cls_k10,26,biobert,0.14147135416666667,-0.007667651575854719
neighbors_2048_cls_k10,26,simcse,0.14743923611111112,0.0031221955128204965
neighbors_2048_cls_k10,27,specter,0.25059027777777776,0.019060613648504227
neighbors_2048_cls_k10,27,specter2,0.22064561631944443,0.00036232138087602395
neighbors_2048_cls_k10,27,scincl,0.26157660590277776,0.016463792067307654
neighbors_2048_cls_k10,27,scibert,0.1279340277777778,-0.003827340411324814
neighbors_2048_cls_k10,27,bert,0.10237087673611113,-0.01334961772168806
neighbors_2048_cls_k10,27,mpnet,0.26689236111111103,0.008348557692307607
neighbors_2048_cls_k10,27,minilm,0.2491254340277778,0.003702081663995666
neighbors_2048_cls_k10,27,pubmedbert,0.13808485243055554,-0.005425021701388937
neighbors_2048_cls_k10,27,biobert,0.1624435763888889,0.001172409188034163
neighbors_2048_cls_k10,27,simcse,0.12994140625,-0.02650779580662397
neighbors_2048_cls_k10,28,specter,0.270234375,0.01505410323183751
neighbors_2048_cls_k10,28,specter2,0.2616883680555555,0.017754465478098207
neighbors_2048_cls_k10,28,scincl,0.28701280381944444,0.0182493823450854
neighbors_2048_cls_k10,28,scibert,0.14176866319444448,-0.013643312633547082
neighbors_2048_cls_k10,28,bert,0.11603949652777779,-0.023331605568910316
neighbors_2048_cls_k10,28,mpnet,0.2934299045138889,0.011235493456196491
neighbors_2048_cls_k10,28,minilm,0.2756532118055556,0.006579251802884535
neighbors_2048_cls_k10,28,pubmedbert,0.15453125,-0.012629231770833412
neighbors_2048_cls_k10,28,biobert,0.18217339409722225,-0.00274838074252144
neighbors_2048_cls_k10,28,simcse,0.16357964409722225,-0.016520165598290653
neighbors_2048_cls_k10,29,specter,0.26602213541666664,0.008496160523504187
neighbors_2048_cls_k10,29,specter2,0.2531011284722222,0.006821522769764887
neighbors_2048_cls_k10,29,scincl,0.27846245659722224,0.007353331997863184
neighbors_2048_cls_k10,29,scibert,0.15165473090277776,-0.006102948050213743
neighbors_2048_cls_k10,29,bert,0.1351974826388889,-0.006519322582799201
neighbors_2048_cls_k10,29,mpnet,0.28586805555555556,0.0013279413728631809
neighbors_2048_cls_k10,29,minilm,0.27216362847222225,0.0007439653445512093
neighbors_2048_cls_k10,29,pubmedbert,0.16184570312500002,-0.0076604817708334
neighbors_2048_cls_k10,29,biobert,0.18816623263888893,0.0008987546741452536
neighbors_2048_cls_k10,29,simcse,0.1770865885416667,-0.005358924278846211
neighbors_2048_cls_k10,30,specter,0.25488498263888887,0.006803235176282023
neighbors_2048_cls_k10,30,specter2,0.2286469184027778,-0.008188459869123964
neighbors_2048_cls_k10,30,scincl,0.2585221354166667,-0.003142761752136785
neighbors_2048_cls_k10,30,scibert,0.15784505208333333,0.009531600560897413
neighbors_2048_cls_k10,30,bert,0.13249023437500002,0.00021765658386750498
neighbors_2048_cls_k10,30,mpnet,0.26208333333333333,-0.013012553418803453
neighbors_2048_cls_k10,30,minilm,0.24836263020833338,-0.013612805488782088
neighbors_2048_cls_k10,30,pubmedbert,0.1726291232638889,0.012567165798611078
neighbors_2048_cls_k10,30,biobert,0.19212239583333332,0.014299145299145277
neighbors_2048_cls_k10,30,simcse,0.1675390625,-0.005462222889957285
neighbors_2048_cls_k10,31,specter,0.23775716145833334,-0.001965428018162444
neighbors_2048_cls_k10,31,specter2,0.2170952690972222,-0.011380951188568411
neighbors_2048_cls_k10,31,scincl,0.2546831597222222,0.0013774205395298555
neighbors_2048_cls_k10,31,scibert,0.15039930555555558,0.010445012019230732
neighbors_2048_cls_k10,31,bert,0.1201508246527778,-0.003762595152243626
neighbors_2048_cls_k10,31,mpnet,0.2687228732638889,0.0019861444978631782
neighbors_2048_cls_k10,31,minilm,0.25734917534722224,0.0037328976362178967
neighbors_2048_cls_k10,31,pubmedbert,0.15711914062500001,0.005416341145833287
neighbors_2048_cls_k10,31,biobert,0.17136393229166666,0.001899839743589704
neighbors_2048_cls_k10,31,simcse,0.15689344618055553,-0.007748681223290653
neighbors_2048_cls_k10,32,specter,0.23753038194444448,-0.0015541866987180007
neighbors_2048_cls_k10,32,specter2,0.24189995659722227,0.014061757144764894
neighbors_2048_cls_k10,32,scincl,0.2566796875,0.00401196915064096
neighbors_2048_cls_k10,32,scibert,0.1275,-0.011816272702991494
neighbors_2048_cls_k10,32,bert,0.11814344618055556,-0.005131952791132522
neighbors_2048_cls_k10,32,mpnet,0.2715603298611111,0.005461621928418768
neighbors_2048_cls_k10,32,minilm,0.26209743923611106,0.009119182358440123
neighbors_2048_cls_k10,32,pubmedbert,0.14322916666666669,-0.007835611979166716
neighbors_2048_cls_k10,32,biobert,0.1606043836805556,-0.008221688034188067
neighbors_2048_cls_k10,32,simcse,0.16590928819444448,0.0019051816239315912
neighbors_2048_cls_k10,33,specter,0.1887814670138889,-0.0296360009348291
neighbors_2048_cls_k10,33,specter2,0.19745225694444443,-0.009718841813568404
neighbors_2048_cls_k10,33,scincl,0.2067556423611111,-0.025244975293803443
neighbors_2048_cls_k10,33,scibert,0.12660264756944445,0.007953475560897415
neighbors_2048_cls_k10,33,bert,0.1254611545138889,0.022852856236645278
neighbors_2048_cls_k10,33,mpnet,0.23617947048611113,-0.009252136752136791
neighbors_2048_cls_k10,33,minilm,0.23013780381944443,-0.002173352363782093
neighbors_2048_cls_k10,33,pubmedbert,0.14228407118055555,0.011886393229166632
neighbors_2048_cls_k10,33,biobert,0.15368381076388887,0.005524839743589718
neighbors_2048_cls_k10,33,simcse,0.1711447482638889,0.027807742387820498
neighbors_2048_cls_k10,34,specter,0.2751345486111111,0.014670639690170854
neighbors_2048_cls_k10,34,specter2,0.2569487847222222,0.007731244991987114
neighbors_2048_cls_k10,34,scincl,0.2859928385416667,0.011945779914529855
neighbors_2048_cls_k10,34,scibert,0.14531467013888888,-0.0153809428418804
neighbors_2048_cls_k10,34,bert,0.13744140625,-0.00721333299946586
neighbors_2048_cls_k10,34,mpnet,0.2906401909722222,0.003162142761752069
neighbors_2048_cls_k10,34,minilm,0.2738422309027778,-0.0005153662526710123
neighbors_2048_cls_k10,34,pubmedbert,0.16375217013888888,-0.008691948784722289
neighbors_2048_cls_k10,34,biobert,0.19265625000000003,0.002450838007478584
neighbors_2048_cls_k10,34,simcse,0.17722439236111112,-0.008159054487179549
neighbors_2048_cls_k10,35,specter,0.25382703993055555,0.014308877537393174
neighbors_2048_cls_k10,35,specter2,0.2329361979166667,0.004664404714209434
neighbors_2048_cls_k10,35,scincl,0.2618967013888889,0.008795389289529939
neighbors_2048_cls_k10,35,scibert,0.12265625000000001,-0.01709361645299144
neighbors_2048_cls_k10,35,bert,0.11484049479166668,-0.00886849793002134
neighbors_2048_cls_k10,35,mpnet,0.2723470052083333,0.005814703525641053
neighbors_2048_cls_k10,35,minilm,0.2578125,0.004400649372329051
neighbors_2048_cls_k10,35,pubmedbert,0.14342122395833334,-0.008077148437499999
neighbors_2048_cls_k10,35,biobert,0.1637261284722222,-0.005533536992521345
neighbors_2048_cls_k10,35,simcse,0.16602647569444443,0.0015887753739316501
neighbors_2048_cls_k10,36,specter,0.2419650607638889,-0.00047475961538466044
neighbors_2048_cls_k10,36,specter2,0.2367751736111111,0.005581722422542688
neighbors_2048_cls_k10,36,scincl,0.25589409722222217,-0.00012887286324790427
neighbors_2048_cls_k10,36,scibert,0.1340972222222222,-0.008574302216880365
neighbors_2048_cls_k10,36,bert,0.12462565104166666,-0.0020049996661325054
neighbors_2048_cls_k10,36,mpnet,0.2739431423611111,0.004489182692307676
neighbors_2048_cls_k10,36,minilm,0.26122829861111113,0.004894789997329039
neighbors_2048_cls_k10,36,pubmedbert,0.15048177083333333,-0.003938259548611156
neighbors_2048_cls_k10,36,biobert,0.16954210069444448,-0.0026392227564102674
neighbors_2048_cls_k10,36,simcse,0.1701540798611111,0.0027947215544871598
neighbors_2048_cls_k25,11,specter,0.29771788194444454,0.0070189770299145466
neighbors_2048_cls_k25,11,specter2,0.2651558159722222,-0.010432712339743569
neighbors_2048_cls_k25,11,scincl,0.3038828125000001,0.0013307926014957641
neighbors_2048_cls_k25,11,scibert,0.19591189236111112,0.003892508012820539
neighbors_2048_cls_k25,11,bert,0.18095659722222227,0.007219414396367551
neighbors_2048_cls_k25,11,mpnet,0.31001909722222226,-0.005884485176282043
neighbors_2048_cls_k25,11,minilm,0.2888203125,-0.013149392361111132
neighbors_2048_cls_k25,11,pubmedbert,0.2031901041666667,-0.000633516960470056
neighbors_2048_cls_k25,11,biobert,0.2352677951388889,0.00984269497863249
neighbors_2048_cls_k25,11,simcse,0.2177348090277778,0.000795719818376074
neighbors_2048_cls_k25,12,specter,0.2034227430555556,-0.04232199519230773
neighbors_2048_cls_k25,12,specter2,0.20167578125000002,-0.02895858039529917
neighbors_2048_cls_k25,12,scincl,0.21846223958333336,-0.03913561364850429
neighbors_2048_cls_k25,12,scibert,0.17321875000000003,0.02615353231837606
neighbors_2048_cls_k25,12,bert,0.1751371527777778,0.04635413661858973
neighbors_2048_cls_k25,12,mpnet,0.24242968750000005,-0.028519728231837668
neighbors_2048_cls_k25,12,minilm,0.23872352430555555,-0.018292013888888934
neighbors_2048_cls_k25,12,pubmedbert,0.18483506944444444,0.02596561498397436
neighbors_2048_cls_k25,12,biobert,0.19780034722222226,0.01732941372863245
neighbors_2048_cls_k25,12,simcse,0.21341015625000004,0.04142523370726493
neighbors_2048_cls_k25,13,specter,0.30001692708333333,0.015177744391025597
neighbors_2048_cls_k25,13,specter2,0.26095833333333335,-0.008770472756410285
neighbors_2048_cls_k25,13,scincl,0.3059249131944444,0.009232615518162353
neighbors_2048_cls_k25,13,scibert,0.19036588541666669,0.004206223290598258
neighbors_2048_cls_k25,13,bert,0.15958723958333335,-0.008290221020299185
neighbors_2048_cls_k25,13,mpnet,0.3095364583333333,-0.0005074018429487786
neighbors_2048_cls_k25,13,minilm,0.28743446180555554,-0.008675520833333401
neighbors_2048_cls_k25,13,pubmedbert,0.20405512152777777,0.006091222622863209
neighbors_2048_cls_k25,13,biobert,0.2359565972222223,0.016391219284188
neighbors_2048_cls_k25,13,simcse,0.18622395833333336,-0.024855408653846202
neighbors_2048_cls_k25,14,specter,0.2471506076388889,-0.012206196581196581
neighbors_2048_cls_k25,14,specter2,0.2575538194444445,0.01330739182692309
neighbors_2048_cls_k25,14,scincl,0.26800434027777786,-0.0032055789262820378
neighbors_2048_cls_k25,14,scibert,0.15798958333333335,-0.0026877003205128167
neighbors_2048_cls_k25,14,bert,0.14653342013888893,0.0041383380074786385
neighbors_2048_cls_k25,14,mpnet,0.2869157986111112,0.0023543169070512717
neighbors_2048_cls_k25,14,minilm,0.27820442708333337,0.007576822916666646
neighbors_2048_cls_k25,14,pubmedbert,0.16595225694444446,-0.0065292634882478506
neighbors_2048_cls_k25,14,biobert,0.17825347222222226,-0.015829527243589735
neighbors_2048_cls_k25,14,simcse,0.1986783854166667,0.013081396901709393
neighbors_2048_cls_k25,15,specter,0.28738975694444446,0.002170973557692314
neighbors_2048_cls_k25,15,specter2,0.26913715277777783,-0.0009712540064102474
neighbors_2048_cls_k25,15,scincl,0.29252604166666674,-0.004545856704059813
neighbors_2048_cls_k25,15,scibert,0.18700477430555557,0.0004655114850427485
neighbors_2048_cls_k25,15,bert,0.1665082465277778,-0.0017488147702991329
neighbors_2048_cls_k25,15,mpnet,0.30728559027777785,-0.0031378705929487236
neighbors_2048_cls_k25,15,minilm,0.29142361111111115,-0.005065972222222224
neighbors_2048_cls_k25,15,pubmedbert,0.1994952256944445,0.0011517260950854992
neighbors_2048_cls_k25,15,biobert,0.22445616319444447,0.004511184561965821
neighbors_2048_cls_k25,15,simcse,0.2186293402777778,0.007170372596153851
neighbors_2048_cls_k25,16,specter,0.26392621527777776,-0.0061719083867521375
neighbors_2048_cls_k25,16,specter2,0.23207552083333338,-0.022912226228632444
neighbors_2048_cls_k25,16,scincl,0.26228428819444444,-0.019666950454059796
neighbors_2048_cls_k25,16,scibert,0.19978993055555555,0.028371327457264988
neighbors_2048_cls_k25,16,bert,0.16442751736111114,0.01129111578525645
neighbors_2048_cls_k25,16,mpnet,0.2734162326388889,-0.021886568509615387
neighbors_2048_cls_k25,16,minilm,0.25590581597222223,-0.02546310763888888
neighbors_2048_cls_k25,16,pubmedbert,0.21203168402777778,0.028808844150641062
neighbors_2048_cls_k25,16,biobert,0.23501388888888894,0.030189569978632494
neighbors_2048_cls_k25,16,simcse,0.1937782118055556,-0.002560096153846133
neighbors_2048_cls_k25,17,specter,0.2874418402777778,0.0025791332799145316
neighbors_2048_cls_k25,17,specter2,0.2951115451388889,0.02535921474358975
neighbors_2048_cls_k25,17,scincl,0.31110112847222227,0.014385306490384593
neighbors_2048_cls_k25,17,scibert,0.17329991319444446,-0.01288327323717949
neighbors_2048_cls_k25,17,bert,0.1522061631944445,-0.015694821714743595
neighbors_2048_cls_k25,17,mpnet,0.32491666666666674,0.014849282184829025
neighbors_2048_cls_k25,17,minilm,0.31336718750000003,0.01723368055555553
neighbors_2048_cls_k25,17,pubmedbert,0.18378428819444448,-0.01420313501602564
neighbors_2048_cls_k25,17,biobert,0.19310286458333337,-0.02648603766025644
neighbors_2048_cls_k25,17,simcse,0.20596354166666667,-0.005139349626068385
neighbors_2048_cls_k25,18,specter,0.29151215277777776,-0.002110623664529931
neighbors_2048_cls_k25,18,specter2,0.2978463541666667,0.019333954326923086
neighbors_2048_cls_k25,18,scincl,0.31330642361111116,0.007830532184829079
neighbors_2048_cls_k25,18,scibert,0.1837092013888889,-0.011234054487179469
neighbors_2048_cls_k25,18,bert,0.16663975694444447,-0.010021297409188022
neighbors_2048_cls_k25,18,mpnet,0.33170659722222223,0.01287914329594015
neighbors_2048_cls_k25,18,minilm,0.3194366319444445,0.014543055555555542
neighbors_2048_cls_k25,18,pubmedbert,0.19465017361111114,-0.012097319043803408
neighbors_2048_cls_k25,18,biobert,0.20677647569444446,-0.021572495993589735
neighbors_2048_cls_k25,18,simcse,0.22231206597222228,0.002449105235042739
neighbors_2048_cls_k25,19,specter,0.2840394965277778,-0.005976682692307732
neighbors_2048_cls_k25,19,specter2,0.2655394965277778,-0.009366306089743617
neighbors_2048_cls_k25,19,scincl,0.29508593750000006,-0.006783356704059853
neighbors_2048_cls_k25,19,scibert,0.19731206597222226,0.005975407318376032
neighbors_2048_cls_k25,19,bert,0.18570008680555553,0.012645629674145255
neighbors_2048_cls_k25,19,mpnet,0.3086037326388889,-0.006617124065171003
neighbors_2048_cls_k25,19,minilm,0.29318012152777784,-0.00810685763888893
neighbors_2048_cls_k25,19,pubmedbert,0.20965321180555557,0.006512316372863209
neighbors_2048_cls_k25,19,biobert,0.2248776041666667,0.00013522970085465733
neighbors_2048_cls_k25,19,simcse,0.22783810763888893,0.011581744123931573
neighbors_2048_cls_k25,20,specter,0.2561957465277778,-0.016471734775641015
neighbors_2048_cls_k25,20,specter2,0.26024175347222234,0.002684648771367565
neighbors_2048_cls_k25,20,scincl,0.27367361111111116,-0.010846985176282013
neighbors_2048_cls_k25,20,scibert,0.1786940104166667,0.0047060496794872125
neighbors_2048_cls_k25,20,bert,0.16656380208333335,0.010858042868589792
neighbors_2048_cls_k25,20,mpnet,0.2974600694444444,-0.00041208934294871086
neighbors_2048_cls_k25,20,minilm,0.2909036458333334,0.006965364583333352
neighbors_2048_cls_k25,20,pubmedbert,0.18296918402777781,-0.0028230134882478255
neighbors_2048_cls_k25,20,biobert,0.19659982638888893,-0.0107938501602564
neighbors_2048_cls_k25,20,simcse,0.21504123263888894,0.016133567040598314
neighbors_2048_cls_k25,21,specter,0.2951310763888889,0.0006705395299145822
neighbors_2048_cls_k25,21,specter2,0.28190928819444444,0.0025591279380342558
neighbors_2048_cls_k25,21,scincl,0.3041232638888889,-0.0021903879540597668
neighbors_2048_cls_k25,21,scibert,0.1954947916666667,-0.0002862246260683006
neighbors_2048_cls_k25,21,bert,0.17179991319444446,-0.005698901575854632
neighbors_2048_cls_k25,21,mpnet,0.32137760416666666,0.0017123898237179696
neighbors_2048_cls_k25,21,minilm,0.30805642361111113,0.0023250868055555863
neighbors_2048_cls_k25,21,pubmedbert,0.20491015625000003,-0.0026750968215811274
neighbors_2048_cls_k25,21,biobert,0.22649218750000003,-0.0026945446047007948
neighbors_2048_cls_k25,21,simcse,0.2269787326388889,0.00627801148504279
neighbors_2048_cls_k25,22,specter,0.2891145833333334,0.006278786057692313
neighbors_2048_cls_k25,22,specter2,0.27401302083333334,0.006287600160256433
neighbors_2048_cls_k25,22,scincl,0.30008203125,0.005393118990384641
neighbors_2048_cls_k25,22,scibert,0.18007378472222224,-0.004082491987179461
neighbors_2048_cls_k25,22,bert,0.15591536458333335,-0.009958710603632459
neighbors_2048_cls_k25,22,mpnet,0.31574739583333333,0.00770692107371795
neighbors_2048_cls_k25,22,minilm,0.30075173611111117,0.0066451388888888775
neighbors_2048_cls_k25,22,pubmedbert,0.18806510416666666,-0.007895409321581174
neighbors_2048_cls_k25,22,biobert,0.20424522569444445,-0.013316766826923078
neighbors_2048_cls_k25,22,simcse,0.21201779513888896,0.002941813568376087
neighbors_2048_cls_k25,23,specter,0.29782552083333336,0.002066372863247854
neighbors_2048_cls_k25,23,specter2,0.27001996527777783,-0.010628806089743573
neighbors_2048_cls_k25,23,scincl,0.3058263888888889,-0.001785874065170917
neighbors_2048_cls_k25,23,scibert,0.19563368055555558,-0.0014459468482905862
neighbors_2048_cls_k25,23,bert,0.18482335069444444,0.006025924813034193
neighbors_2048_cls_k25,23,mpnet,0.32256987847222224,0.0016060530181623751
neighbors_2048_cls_k25,23,minilm,0.30402647569444446,-0.003003472222222226
neighbors_2048_cls_k25,23,pubmedbert,0.2078138020833334,-0.0010700620993589636
neighbors_2048_cls_k25,23,biobert,0.23198394097222227,0.0014985977564102458
neighbors_2048_cls_k25,23,simcse,0.22873654513888889,0.0067372128739316105
neighbors_2048_cls_k25,24,specter,0.2819418402777778,0.01607123397435902
neighbors_2048_cls_k25,24,specter2,0.2567430555555556,0.005982825854700922
neighbors_2048_cls_k25,24,scincl,0.2933836805555556,0.015659959268162462
neighbors_2048_cls_k25,24,scibert,0.16419314236111113,-0.002997943376068309
neighbors_2048_cls_k25,24,bert,0.13558984375000002,-0.013319040464743522
neighbors_2048_cls_k25,24,mpnet,0.2966271701388889,0.005551886351495786
neighbors_2048_cls_k25,24,minilm,0.27781684027777787,0.0006754340277778227
neighbors_2048_cls_k25,24,pubmedbert,0.17678515625,-0.002210166266025567
neighbors_2048_cls_k25,24,biobert,0.2047374131944445,0.004140611645299188
neighbors_2048_cls_k25,24,simcse,0.16255598958333337,-0.02955480101495722
neighbors_2048_cls_k25,25,specter,0.26696961805555564,0.004234081196581184
neighbors_2048_cls_k25,25,specter2,0.24850347222222227,0.0008783119658119509
neighbors_2048_cls_k25,25,scincl,0.27807682291666663,0.003488171073717939
neighbors_2048_cls_k25,25,scibert,0.16715407986111114,0.0030980635683760557
neighbors_2048_cls_k25,25,bert,0.1383315972222222,-0.007442217548076946
neighbors_2048_cls_k25,25,mpnet,0.2891710069444444,0.0012307926014956702
neighbors_2048_cls_k25,25,minilm,0.27471354166666667,0.0007072048611110634
neighbors_2048_cls_k25,25,pubmedbert,0.17794618055555556,0.002085927483974339
neighbors_2048_cls_k25,25,biobert,0.20262152777777778,0.0051597956730768885
neighbors_2048_cls_k25,25,simcse,0.1755355902777778,-0.01344013087606841
neighbors_2048_cls_k25,26,specter,0.24592491319444448,-0.016835797275641058
neighbors_2048_cls_k25,26,specter2,0.24202821180555562,-0.005622122061965825
neighbors_2048_cls_k25,26,scincl,0.2670234375,-0.007590387954059853
neighbors_2048_cls_k25,26,scibert,0.17546310763888892,0.011381917735042704
neighbors_2048_cls_k25,26,bert,0.15891493055555558,0.01311594217414527
neighbors_2048_cls_k25,26,mpnet,0.2900520833333334,0.0020866953792734576
neighbors_2048_cls_k25,26,minilm,0.2829943576388889,0.008962847222222185
neighbors_2048_cls_k25,26,pubmedbert,0.17804774305555554,0.002162316372863219
neighbors_2048_cls_k25,26,biobert,0.18603081597222224,-0.0114560897435898
neighbors_2048_cls_k25,26,simcse,0.19279557291666669,0.003794678151709357
neighbors_2048_cls_k25,27,specter,0.2822816840277778,0.01846845619658115
neighbors_2048_cls_k25,27,specter2,0.2481228298611112,-0.0005800213675214346
neighbors_2048_cls_k25,27,scincl,0.28889453125000003,0.013228188434829011
neighbors_2048_cls_k25,27,scibert,0.1620512152777778,-0.0030824919871795375
neighbors_2048_cls_k25,27,bert,0.13740625,-0.009445255742521438
neighbors_2048_cls_k25,27,mpnet,0.2959900173611112,0.006972112045940094
neighbors_2048_cls_k25,27,minilm,0.2767573784722222,0.001673350694444378
neighbors_2048_cls_k25,27,pubmedbert,0.17288628472222228,-0.004051659321581237
neighbors_2048_cls_k25,27,biobert,0.20100130208333336,0.0024618790064101967
neighbors_2048_cls_k25,27,simcse,0.16440885416666667,-0.02564455795940179
neighbors_2048_cls_k25,28,specter,0.31090321180555563,0.012958647168803406
neighbors_2048_cls_k25,28,specter2,0.3005438368055556,0.017709648771367513
neighbors_2048_cls_k25,28,scincl,0.3271102430555556,0.017312563434829058
neighbors_2048_cls_k25,28,scibert,0.1863654513888889,-0.012899592681623951
neighbors_2048_cls_k25,28,bert,0.1579201388888889,-0.02306270365918804
neighbors_2048_cls_k25,28,mpnet,0.33356206597222227,0.010412823851495704
neighbors_2048_cls_k25,28,minilm,0.3145329861111112,0.005317621527777751
neighbors_2048_cls_k25,28,pubmedbert,0.19973177083333335,-0.011337510016025629
neighbors_2048_cls_k25,28,biobert,0.2326809895833334,1.0229700854698839e-05
neighbors_2048_cls_k25,28,simcse,0.20776302083333337,-0.016421728098290594
neighbors_2048_cls_k25,29,specter,0.31280251736111114,0.011107779113247836
neighbors_2048_cls_k25,29,specter2,0.29407595486111116,0.007491593215811958
neighbors_2048_cls_k25,29,scincl,0.32259592013888894,0.00904806690705127
neighbors_2048_cls_k25,29,scibert,0.1946888020833334,-0.008326415598290603
neighbors_2048_cls_k25,29,bert,0.1781063368055556,-0.006626679353632481
neighbors_2048_cls_k25,29,mpnet,0.32924392361111116,0.0023445078792734553
neighbors_2048_cls_k25,29,minilm,0.3148168402777778,0.00185130208333329
neighbors_2048_cls_k25,29,pubmedbert,0.2043151041666667,-0.010504350293803415
neighbors_2048_cls_k25,29,biobert,0.23605902777777782,-0.0003619057158119856
neighbors_2048_cls_k25,29,simcse,0.2219110243055556,-0.006023898237179516
neighbors_2048_cls_k25,30,specter,0.30508376736111115,0.00979692841880341
neighbors_2048_cls_k25,30,specter2,0.26849869791666664,-0.011677764423076935
neighbors_2048_cls_k25,30,scincl,0.3057938368055556,-0.0013461171207264891
neighbors_2048_cls_k25,30,scibert,0.2050980902777778,0.008490771901709406
neighbors_2048_cls_k25,30,bert,0.17785112847222223,-0.0004739883814102545
neighbors_2048_cls_k25,30,mpnet,0.3065342881944445,-0.013957228231837641
neighbors_2048_cls_k25,30,minilm,0.2921653645833333,-0.01439227430555558
neighbors_2048_cls_k25,30,pubmedbert,0.22105989583333335,0.012648340678418813
neighbors_2048_cls_k25,30,biobert,0.2467222222222222,0.01670918803418803
neighbors_2048_cls_k25,30,simcse,0.21572916666666667,-0.005797856570512846
neighbors_2048_cls_k25,31,specter,0.28854991319444445,0.0003475360576923017
neighbors_2048_cls_k25,31,specter2,0.26365581597222226,-0.0094361845619658
neighbors_2048_cls_k25,31,scincl,0.3027031250000001,0.002647632879273523
neighbors_2048_cls_k25,31,scibert,0.20181119791666668,0.012288341346153855
neighbors_2048_cls_k25,31,bert,0.1642035590277778,-0.0070370960202991405
neighbors_2048_cls_k25,31,mpnet,0.31520920138888886,0.0018021467681623498
neighbors_2048_cls_k25,31,minilm,0.3019457465277778,0.0024725694444444088
neighbors_2048_cls_k25,31,pubmedbert,0.20743229166666668,0.006105198317307708
neighbors_2048_cls_k25,31,biobert,0.22526519097222225,0.002336618589743572
neighbors_2048_cls_k25,31,simcse,0.20291579861111111,-0.011526762820512832
neighbors_2048_cls_k25,32,specter,0.2728237847222223,-0.003124252136752181
neighbors_2048_cls_k25,32,specter2,0.27547309027777783,0.0146354300213675
neighbors_2048_cls_k25,32,scincl,0.28969140625,0.0018902544070512524
neighbors_2048_cls_k25,32,scibert,0.16612803819444444,-0.011140478098290626
neighbors_2048_cls_k25,32,bert,0.1552660590277778,-0.003720255742521399
neighbors_2048_cls_k25,32,mpnet,0.30568359375000004,0.004530879407051223
neighbors_2048_cls_k25,32,minilm,0.29664149305555554,0.009422656249999951
neighbors_2048_cls_k25,32,pubmedbert,0.18223871527777782,-0.00683403779380343
neighbors_2048_cls_k25,32,biobert,0.20332031250000002,-0.007353919604700893
neighbors_2048_cls_k25,32,simcse,0.20388194444444446,0.001693723290598251
neighbors_2048_cls_k25,33,specter,0.22372960069444447,-0.0335265090811966
neighbors_2048_cls_k25,33,specter2,0.2324366319444445,-0.009709101228632493
neighbors_2048_cls_k25,33,scincl,0.24213411458333337,-0.02697511017628205
neighbors_2048_cls_k25,33,scibert,0.16716362847222227,0.008587039262820494
neighbors_2048_cls_k25,33,bert,0.16482899305555557,0.024534605368589715
neighbors_2048_cls_k25,33,mpnet,0.2735980902777778,-0.008862696981837646
neighbors_2048_cls_k25,33,minilm,0.2663602430555556,-0.0021666666666667147
neighbors_2048_cls_k25,33,pubmedbert,0.18395703124999999,0.013576205261752107
neighbors_2048_cls_k25,33,biobert,0.19831987847222224,0.00633757345085466
neighbors_2048_cls_k25,33,simcse,0.21170095486111115,0.028204660790598263
neighbors_2048_cls_k25,34,specter,0.31348046875,0.016338508279914562
neighbors_2048_cls_k25,34,specter2,0.28814105902777787,0.006109475160256472
neighbors_2048_cls_k25,34,scincl,0.3223255208333333,0.013330445379273572
neighbors_2048_cls_k25,34,scibert,0.18079817708333337,-0.017664262820512776
neighbors_2048_cls_k25,34,bert,0.1743988715277778,-0.005781366853632425
neighbors_2048_cls_k25,34,mpnet,0.32589192708333337,0.0035452891292735095
neighbors_2048_cls_k25,34,minilm,0.31014019097222223,0.0017274305555555697
neighbors_2048_cls_k25,34,pubmedbert,0.1987934027777778,-0.011473273904914467
neighbors_2048_cls_k25,34,biobert,0.2337881944444445,0.0019200387286325375
neighbors_2048_cls_k25,34,simcse,0.21532986111111113,-0.00805228365384611
neighbors_2048_cls_k25,35,specter,0.2910920138888889,0.014829827724358915
neighbors_2048_cls_k25,35,specter2,0.2632013888888889,0.0020495793269230617
neighbors_2048_cls_k25,35,scincl,0.29837413194444445,0.010258830795940132
neighbors_2048_cls_k25,35,scibert,0.1577230902777778,-0.019859575320512867
neighbors_2048_cls_k25,35,bert,0.15259157986111116,-0.006708884214743634
neighbors_2048_cls_k25,35,mpnet,0.3066002604166667,0.005133396768162314
neighbors_2048_cls_k25,35,minilm,0.29258376736111114,0.005050781249999914
neighbors_2048_cls_k25,35,pubmedbert,0.1810260416666667,-0.008360860710470121
neighbors_2048_cls_k25,35,biobert,0.2037013888888889,-0.007286992521367568
neighbors_2048_cls_k25,35,simcse,0.20739626736111114,0.004893896901709343
neighbors_2048_cls_k25,36,specter,0.27372656250000005,-0.0013698250534187823
neighbors_2048_cls_k25,36,specter2,0.2646627604166667,0.004676749465812008
neighbors_2048_cls_k25,36,scincl,0.2859852430555556,-0.0009642594818375711
neighbors_2048_cls_k25,36,scibert,0.16739062500000004,-0.009026241987179474
neighbors_2048_cls_k25,36,bert,0.1569817708333333,-0.0011528946314102327
neighbors_2048_cls_k25,36,mpnet,0.3053676215277778,0.005066556490384622
neighbors_2048_cls_k25,36,minilm,0.29153211805555557,0.0051649305555555615
neighbors_2048_cls_k25,36,pubmedbert,0.18581206597222225,-0.002409037793803387
neighbors_2048_cls_k25,36,biobert,0.20800086805555557,-0.001821714743589729
neighbors_2048_cls_k25,36,simcse,0.2031723090277778,0.0018357371794872008
neighbors_2048_cls_k50,11,specter,0.3406206597222223,0.010274757946047007
neighbors_2048_cls_k50,11,specter2,0.3020316840277778,-0.010329951255341863
neighbors_2048_cls_k50,11,scincl,0.3439233940972222,0.0038789830395299066
neighbors_2048_cls_k50,11,scibert,0.2368257378472222,0.001990711805555533
neighbors_2048_cls_k50,11,bert,0.22056814236111114,0.005277654246794865
neighbors_2048_cls_k50,11,mpnet,0.35014995659722226,-0.003524136952457272
neighbors_2048_cls_k50,11,minilm,0.32864084201388893,-0.010619372662927371
neighbors_2048_cls_k50,11,pubmedbert,0.24178081597222226,-0.00419051148504276
neighbors_2048_cls_k50,11,biobert,0.2784641927083334,0.00797293336004273
neighbors_2048_cls_k50,11,simcse,0.25874414062499995,-0.0007310680422008677
neighbors_2048_cls_k50,12,specter,0.23961284722222226,-0.042601717748397466
neighbors_2048_cls_k50,12,specter2,0.23593663194444447,-0.028293666533119696
neighbors_2048_cls_k50,12,scincl,0.25415776909722226,-0.037755305154914556
neighbors_2048_cls_k50,12,scibert,0.21108615451388893,0.024382465277777734
neighbors_2048_cls_k50,12,bert,0.21336848958333332,0.04620933827457261
neighbors_2048_cls_k50,12,mpnet,0.2771508246527778,-0.028391932091346186
neighbors_2048_cls_k50,12,minilm,0.2735279947916667,-0.01760088307959407
neighbors_2048_cls_k50,12,pubmedbert,0.22389105902777778,0.026051068376068333
neighbors_2048_cls_k50,12,biobert,0.2395080295138889,0.01714810697115381
neighbors_2048_cls_k50,12,simcse,0.25219639756944445,0.040852525707799105
neighbors_2048_cls_k50,13,specter,0.3323526475694445,0.014105139890491463
neighbors_2048_cls_k50,13,specter2,0.2890034722222222,-0.011259768963675199
neighbors_2048_cls_k50,13,scincl,0.33556423611111114,0.0076182191506410524
neighbors_2048_cls_k50,13,scibert,0.22730620659722225,0.004569574652777766
neighbors_2048_cls_k50,13,bert,0.19800564236111112,-0.005186451655982903
neighbors_2048_cls_k50,13,mpnet,0.34018142361111114,-0.0013942758413461659
neighbors_2048_cls_k50,13,minilm,0.3180818142361111,-0.009080006343482907
neighbors_2048_cls_k50,13,pubmedbert,0.24053428819444445,0.0066613548344017165
neighbors_2048_cls_k50,13,biobert,0.27637174479166665,0.017978879540598274
neighbors_2048_cls_k50,13,simcse,0.2233641493055556,-0.02401266526442307
neighbors_2048_cls_k50,14,specter,0.2783771701388889,-0.014242689970619695
neighbors_2048_cls_k50,14,specter2,0.2894700520833333,0.014834458466880314
neighbors_2048_cls_k50,14,scincl,0.2976994357638889,-0.004618933627136803
neighbors_2048_cls_k50,14,scibert,0.19546028645833335,-0.0016486979166667008
neighbors_2048_cls_k50,14,bert,0.18095855034722225,0.003394103899572639
neighbors_2048_cls_k50,14,mpnet,0.3181156684027778,0.002167616519764912
neighbors_2048_cls_k50,14,minilm,0.30854969618055555,0.007015523170405904
neighbors_2048_cls_k50,14,pubmedbert,0.20279991319444446,-0.005445372596153902
neighbors_2048_cls_k50,14,biobert,0.21734331597222226,-0.015421901709401739
neighbors_2048_cls_k50,14,simcse,0.23571506076388887,0.013965893763354652
neighbors_2048_cls_k50,15,specter,0.33728190104166667,0.00602671107104697
neighbors_2048_cls_k50,15,specter2,0.3133654513888888,9.452791132473647e-05
neighbors_2048_cls_k50,15,scincl,0.3391901041666667,-0.0017635950854700945
neighbors_2048_cls_k50,15,scibert,0.23153971354166666,-0.0042046006944444865
neighbors_2048_cls_k50,15,bert,0.2103402777777778,-0.005859498530982943
neighbors_2048_cls_k50,15,mpnet,0.3538736979166667,-0.0007096838274573106
neighbors_2048_cls_k50,15,minilm,0.33762456597222223,-0.002544936899038514
neighbors_2048_cls_k50,15,pubmedbert,0.24466796875000008,-0.0022126469017094636
neighbors_2048_cls_k50,15,biobert,0.2745470920138889,0.0031465444711538115
neighbors_2048_cls_k50,15,simcse,0.26841167534722227,0.008027178485576887
neighbors_2048_cls_k50,16,specter,0.30726236979166666,-0.004252108373397444
neighbors_2048_cls_k50,16,specter2,0.2685028211805556,-0.025027390491452996
neighbors_2048_cls_k50,16,scincl,0.30040299479166666,-0.02080999265491454
neighbors_2048_cls_k50,16,scibert,0.24516536458333338,0.029161762152777763
neighbors_2048_cls_k50,16,bert,0.20739236111111115,0.010933296607905965
neighbors_2048_cls_k50,16,mpnet,0.3134581163194444,-0.02138455361912394
neighbors_2048_cls_k50,16,minilm,0.2938023003472222,-0.02662649071848293
neighbors_2048_cls_k50,16,pubmedbert,0.2558064236111111,0.02866651976495725
neighbors_2048_cls_k50,16,biobert,0.2830620659722223,0.03140223023504271
neighbors_2048_cls_k50,16,simcse,0.2385805121527778,-0.0020632729033119857
neighbors_2048_cls_k50,17,specter,0.3189995659722223,-0.0012728983039530023
neighbors_2048_cls_k50,17,specter2,0.3285941840277778,0.026305986244658113
neighbors_2048_cls_k50,17,scincl,0.3409984809027778,0.011027507345085459
neighbors_2048_cls_k50,17,scibert,0.21423437500000003,-0.010527213541666667
neighbors_2048_cls_k50,17,bert,0.18997829861111115,-0.015238752003205132
neighbors_2048_cls_k50,17,mpnet,0.3566108940972222,0.013010238047542736
neighbors_2048_cls_k50,17,minilm,0.34492317708333337,0.015736399906517057
neighbors_2048_cls_k50,17,pubmedbert,0.22572330729166667,-0.010174582665598305
neighbors_2048_cls_k50,17,biobert,0.23548090277777783,-0.024936919070512834
neighbors_2048_cls_k50,17,simcse,0.24547200520833334,-0.003929765958867539
neighbors_2048_cls_k50,18,specter,0.3262317708333333,-0.0044526726095085395
neighbors_2048_cls_k50,18,specter2,0.33461610243055556,0.021915925480769278
neighbors_2048_cls_k50,18,scincl,0.34917751736111113,0.008794564636752156
neighbors_2048_cls_k50,18,scibert,0.22535394965277777,-0.009819618055555554
neighbors_2048_cls_k50,18,bert,0.20371744791666668,-0.011911581864316227
neighbors_2048_cls_k50,18,mpnet,0.36771788194444444,0.013705246728098315
neighbors_2048_cls_k50,18,minilm,0.35424327256944443,0.014644516225961524
neighbors_2048_cls_k50,18,pubmedbert,0.23498350694444448,-0.011326362179487175
neighbors_2048_cls_k50,18,biobert,0.24855034722222222,-0.022279453792735025
neighbors_2048_cls_k50,18,simcse,0.2605431857638889,0.0007294354300213709
neighbors_2048_cls_k50,19,specter,0.33030815972222227,-0.002890476428953003
neighbors_2048_cls_k50,19,specter2,0.30533333333333335,-0.00988103632478633
neighbors_2048_cls_k50,19,scincl,0.33832443576388893,-0.004572709668803428
neighbors_2048_cls_k50,19,scibert,0.2427664930555556,0.005078732638888867
neighbors_2048_cls_k50,19,bert,0.22866297743055558,0.010519754941239294
neighbors_2048_cls_k50,19,mpnet,0.35146614583333335,-0.005060682091346185
neighbors_2048_cls_k50,19,minilm,0.336408203125,-0.00570474592681627
neighbors_2048_cls_k50,19,pubmedbert,0.2533927951388889,0.004568733306623903
neighbors_2048_cls_k50,19,biobert,0.27084613715277783,-0.002497856570512843
neighbors_2048_cls_k50,19,simcse,0.2727682291666667,0.010440286124465785
neighbors_2048_cls_k50,20,specter,0.2882513020833334,-0.01826261184561971
neighbors_2048_cls_k50,20,specter2,0.292681640625,0.004151993189102508
neighbors_2048_cls_k50,20,scincl,0.30639279513888895,-0.009819628071581247
neighbors_2048_cls_k50,20,scibert,0.21752039930555558,0.006517361111111046
neighbors_2048_cls_k50,20,bert,0.20172200520833336,0.010263504941239256
neighbors_2048_cls_k50,20,mpnet,0.3295516493055556,-0.0002904563969017652
neighbors_2048_cls_k50,20,minilm,0.32231488715277773,0.006886660323183679
neighbors_2048_cls_k50,20,pubmedbert,0.21984157986111116,-0.0022977597489316926
neighbors_2048_cls_k50,20,biobert,0.23477886284722224,-0.01188040865384622
neighbors_2048_cls_k50,20,simcse,0.25037456597222224,0.014731345152243546
neighbors_2048_cls_k50,21,specter,0.34795464409722227,0.002046112112713728
neighbors_2048_cls_k50,21,specter2,0.33276410590277783,0.004839840411324841
neighbors_2048_cls_k50,21,scincl,0.35548198784722224,-0.00012505341880338547
neighbors_2048_cls_k50,21,scibert,0.24938563368055564,-0.0010120225694444126
neighbors_2048_cls_k50,21,bert,0.22119466145833336,-0.009658456864316187
neighbors_2048_cls_k50,21,mpnet,0.37187456597222224,0.00263784221420946
neighbors_2048_cls_k50,21,minilm,0.35807421875,0.0032513738648504587
neighbors_2048_cls_k50,21,pubmedbert,0.2581052517361111,-0.0034287059294871424
neighbors_2048_cls_k50,21,biobert,0.28174218749999996,-0.004311702056623901
neighbors_2048_cls_k50,21,simcse,0.2807986111111111,0.005760772235576948
neighbors_2048_cls_k50,22,specter,0.32371766493055554,0.005266858640491435
neighbors_2048_cls_k50,22,specter2,0.3076436631944445,0.007177123397435894
neighbors_2048_cls_k50,22,scincl,0.33151974826388897,0.003370432692307696
neighbors_2048_cls_k50,22,scibert,0.21989648437500003,-0.0030434461805555757
neighbors_2048_cls_k50,22,bert,0.1927057291666667,-0.010689663461538459
neighbors_2048_cls_k50,22,mpnet,0.3483138020833334,0.0065348040197649665
neighbors_2048_cls_k50,22,minilm,0.33282595486111116,0.005460835670405938
neighbors_2048_cls_k50,22,pubmedbert,0.2277912326388889,-0.006284999332264969
neighbors_2048_cls_k50,22,biobert,0.2460099826388889,-0.012586181223290619
neighbors_2048_cls_k50,22,simcse,0.2523743489583333,0.004794235777243583
neighbors_2048_cls_k50,23,specter,0.3368459201388889,0.0024003221821581136
neighbors_2048_cls_k50,23,specter2,0.30587912326388894,-0.010582208199786317
neighbors_2048_cls_k50,23,scincl,0.3428146701388889,-0.001329437099359016
neighbors_2048_cls_k50,23,scibert,0.23684396701388888,-0.002090755208333369
neighbors_2048_cls_k50,23,bert,0.22563346354166672,0.006243279246794853
neighbors_2048_cls_k50,23,mpnet,0.3604646267361111,0.0026908370058760602
neighbors_2048_cls_k50,23,minilm,0.3418754340277778,-0.0014844768295940354
neighbors_2048_cls_k50,23,pubmedbert,0.24823958333333337,-0.001831440304487206
neighbors_2048_cls_k50,23,biobert,0.27563802083333333,0.0010470653044871714
neighbors_2048_cls_k50,23,simcse,0.26851171875,0.00493681390224356
neighbors_2048_cls_k50,24,specter,0.3136851128472222,0.015431224959935923
neighbors_2048_cls_k50,24,specter2,0.2837278645833333,0.0034582431891025884
neighbors_2048_cls_k50,24,scincl,0.3222981770833334,0.014345779914529955
neighbors_2048_cls_k50,24,scibert,0.20187825520833333,-0.0008647569444444213
neighbors_2048_cls_k50,24,bert,0.17266124131944446,-0.010537232905982864
neighbors_2048_cls_k50,24,mpnet,0.3253821614583334,0.0038000817975427648
neighbors_2048_cls_k50,24,minilm,0.3052660590277778,-0.0019021417601495598
neighbors_2048_cls_k50,24,pubmedbert,0.21349891493055556,-0.0003803986378204918
neighbors_2048_cls_k50,24,biobert,0.24448784722222225,0.0060886017628205315
neighbors_2048_cls_k50,24,simcse,0.1979437934027778,-0.029439401375534142
neighbors_2048_cls_k50,25,specter,0.3027493489583334,0.004447153779380387
neighbors_2048_cls_k50,25,specter2,0.28052604166666667,0.00020811298076925698
neighbors_2048_cls_k50,25,scincl,0.31057942708333336,0.002578722622863282
neighbors_2048_cls_k50,25,scibert,0.20828038194444445,0.005489062500000024
neighbors_2048_cls_k50,25,bert,0.17639800347222223,-0.0068487780448717546
neighbors_2048_cls_k50,25,mpnet,0.3206082899305555,-0.0010220970219016652
neighbors_2048_cls_k50,25,minilm,0.30517491319444445,-0.0020415948851495633
neighbors_2048_cls_k50,25,pubmedbert,0.21727539062500004,0.0033477697649572954
neighbors_2048_cls_k50,25,biobert,0.24508116319444445,0.006633610443376101
neighbors_2048_cls_k50,25,simcse,0.21463953993055557,-0.012791962139423043
neighbors_2048_cls_k50,26,specter,0.28957682291666664,-0.017135441706730856
neighbors_2048_cls_k50,26,specter2,0.2864188368055556,-0.00230916132478639
neighbors_2048_cls_k50,26,scincl,0.31050108506944446,-0.005909688835470168
neighbors_2048_cls_k50,26,scibert,0.22222439236111116,0.01102300347222215
neighbors_2048_cls_k50,26,bert,0.20401193576388893,0.01235508480235035
neighbors_2048_cls_k50,26,mpnet,0.33248849826388893,0.002448041866987127
neighbors_2048_cls_k50,26,minilm,0.32583051215277786,0.010203934628739246
neighbors_2048_cls_k50,26,pubmedbert,0.22222417534722222,-0.00011351495726504475
neighbors_2048_cls_k50,26,biobert,0.2321430121527778,-0.014714610042735103
neighbors_2048_cls_k50,26,simcse,0.23999392361111116,0.004152352096687961
neighbors_2048_cls_k50,27,specter,0.3111004774305556,0.01676373364049149
neighbors_2048_cls_k50,27,specter2,0.27444292534722226,-0.0019095519497863021
neighbors_2048_cls_k50,27,scincl,0.3143229166666667,0.010287663595085502
neighbors_2048_cls_k50,27,scibert,0.1963793402777778,-0.0024465277777777628
neighbors_2048_cls_k50,27,bert,0.17450217013888888,-0.004779159989316217
neighbors_2048_cls_k50,27,mpnet,0.3224027777777778,0.004737842214209432
neighbors_2048_cls_k50,27,minilm,0.3038897569444445,0.0006387002537393118
neighbors_2048_cls_k50,27,pubmedbert,0.20657378472222226,-0.003388384748931624
neighbors_2048_cls_k50,27,biobert,0.237396484375,0.0029143830128205367
neighbors_2048_cls_k50,27,simcse,0.20064735243055556,-0.022818698250534168
neighbors_2048_cls_k50,28,specter,0.34683289930555555,0.010106138154380329
neighbors_2048_cls_k50,28,specter2,0.33557530381944445,0.01683280916132479
neighbors_2048_cls_k50,28,scincl,0.36223806423611116,0.015812793803418792
neighbors_2048_cls_k50,28,scibert,0.22939214409722228,-0.011823741319444438
neighbors_2048_cls_k50,28,bert,0.20049565972222225,-0.021175687767094022
neighbors_2048_cls_k50,28,mpnet,0.36917382812499994,0.009118875200320497
neighbors_2048_cls_k50,28,minilm,0.35042599826388887,0.004784924212072618
neighbors_2048_cls_k50,28,pubmedbert,0.24224023437499997,-0.010111952457264971
neighbors_2048_cls_k50,28,biobert,0.27901367187500004,0.0021415531517093977
neighbors_2048_cls_k50,28,simcse,0.2501703559027778,-0.01568571213942309
neighbors_2048_cls_k50,29,specter,0.3578142361111112,0.013765816973824828
neighbors_2048_cls_k50,29,specter2,0.33306293402777787,0.006998781383547043
neighbors_2048_cls_k50,29,scincl,0.36541102430555555,0.01166409588675217
neighbors_2048_cls_k50,29,scibert,0.23747374131944443,-0.011063802083333308
neighbors_2048_cls_k50,29,bert,0.22175325520833336,-0.007239750267093991
neighbors_2048_cls_k50,29,mpnet,0.3710611979166667,0.003684587005876113
neighbors_2048_cls_k50,29,minilm,0.3555177951388889,0.002555063100961547
neighbors_2048_cls_k50,29,pubmedbert,0.2467345920138889,-0.012939252804487144
neighbors_2048_cls_k50,29,biobert,0.2835223524305556,-0.0006714242788461074
neighbors_2048_cls_k50,29,simcse,0.2664236111111112,-0.006754114917200817
neighbors_2048_cls_k50,30,specter,0.3524231770833333,0.01153612947382484
neighbors_2048_cls_k50,30,specter2,0.30963888888888896,-0.013263892227564059
neighbors_2048_cls_k50,30,scincl,0.350482421875,-0.00010313501602557396
neighbors_2048_cls_k50,30,scibert,0.25216319444444446,0.006787022569444492
neighbors_2048_cls_k50,30,bert,0.22472178819444444,-0.0011098457532050829
neighbors_2048_cls_k50,30,mpnet,0.35141232638888886,-0.012802912994123887
neighbors_2048_cls_k50,30,minilm,0.335298828125,-0.01450253238514956
neighbors_2048_cls_k50,30,pubmedbert,0.2678055555555556,0.011293082264957307
neighbors_2048_cls_k50,30,biobert,0.2986875,0.01765509481837612
neighbors_2048_cls_k50,30,simcse,0.26452734375,-0.005489010750534139
neighbors_2048_cls_k50,31,specter,0.33433485243055555,0.0024047058627136267
neighbors_2048_cls_k50,31,specter2,0.3067864583333334,-0.007159421741453021
neighbors_2048_cls_k50,31,scincl,0.3451477864583333,0.0035191306089743307
neighbors_2048_cls_k50,31,scibert,0.2502510850694445,0.013831814236111054
neighbors_2048_cls_k50,31,bert,0.20690060763888893,-0.009974125267094057
neighbors_2048_cls_k50,31,mpnet,0.3569364149305556,0.0016780765892093516
neighbors_2048_cls_k50,31,minilm,0.34220421006944446,0.001359750600961465
neighbors_2048_cls_k50,31,pubmedbert,0.25406184895833334,0.006506276709401663
neighbors_2048_cls_k50,31,biobert,0.2746319444444445,0.002556440304487126
neighbors_2048_cls_k50,31,simcse,0.2463368055555556,-0.014722647903312007
neighbors_2048_cls_k50,32,specter,0.30401150173611113,-0.005146943442841852
neighbors_2048_cls_k50,32,specter2,0.30554405381944444,0.014369875133547046
neighbors_2048_cls_k50,32,scincl,0.31849587673611107,-0.0003610777243589676
neighbors_2048_cls_k50,32,scibert,0.2042204861111111,-0.00942708333333332
neighbors_2048_cls_k50,32,bert,0.192482421875,-0.0016206096420939965
neighbors_2048_cls_k50,32,mpnet,0.33609331597222225,0.003606679019764969
neighbors_2048_cls_k50,32,minilm,0.3267486979166667,0.008675939837072643
neighbors_2048_cls_k50,32,pubmedbert,0.21920551215277778,-0.00557835870726495
neighbors_2048_cls_k50,32,biobert,0.24270572916666666,-0.006598073584401682
neighbors_2048_cls_k50,32,simcse,0.2403674045138889,0.0020796524439102727
neighbors_2048_cls_k50,33,specter,0.25810611979166675,-0.0352863531650641
neighbors_2048_cls_k50,33,specter2,0.26658007812500006,-0.008828128338675202
neighbors_2048_cls_k50,33,scincl,0.27527517361111115,-0.02781580862713673
neighbors_2048_cls_k50,33,scibert,0.2065416666666667,0.008660069444444442
neighbors_2048_cls_k50,33,bert,0.20261306423611114,0.024276004941239306
neighbors_2048_cls_k50,33,mpnet,0.30878819444444444,-0.007932470285790586
neighbors_2048_cls_k50,33,minilm,0.300533203125,-0.0017735827323718072
neighbors_2048_cls_k50,33,pubmedbert,0.22369813368055558,0.014680235042735024
neighbors_2048_cls_k50,33,biobert,0.240865234375,0.007327403846153848
neighbors_2048_cls_k50,33,simcse,0.24921440972222225,0.026692629874465815
neighbors_2048_cls_k50,34,specter,0.34884635416666665,0.017773369057158084
neighbors_2048_cls_k50,34,specter2,0.31796223958333336,0.00487352096688033
neighbors_2048_cls_k50,34,scincl,0.3549038628472222,0.014132368456196556
neighbors_2048_cls_k50,34,scibert,0.21557899305555558,-0.019983116319444445
neighbors_2048_cls_k50,34,bert,0.21123328993055557,-0.0047842815170940235
neighbors_2048_cls_k50,34,mpnet,0.35815863715277785,0.0037574602697649537
neighbors_2048_cls_k50,34,minilm,0.34354535590277774,0.0035580578926281722
neighbors_2048_cls_k50,34,pubmedbert,0.2334264322916667,-0.013271978498931636
neighbors_2048_cls_k50,34,biobert,0.27276627604166676,0.0015479333600427409
neighbors_2048_cls_k50,34,simcse,0.2525989583333334,-0.007603333667200864
neighbors_2048_cls_k50,35,specter,0.32745464409722225,0.016157310029380336
neighbors_2048_cls_k50,35,specter2,0.29251345486111113,-0.0007996127136752166
neighbors_2048_cls_k50,35,scincl,0.332322265625,0.01132642227564102
neighbors_2048_cls_k50,35,scibert,0.19354101562500003,-0.02224544270833334
neighbors_2048_cls_k50,35,bert,0.1914377170138889,-0.004804203392094013
neighbors_2048_cls_k50,35,mpnet,0.3394513888888889,0.004825863047542733
neighbors_2048_cls_k50,35,minilm,0.32535894097222223,0.005147294003739293
neighbors_2048_cls_k50,35,pubmedbert,0.21809895833333334,-0.00882380141559831
neighbors_2048_cls_k50,35,biobert,0.2430036892361111,-0.008439002403846152
neighbors_2048_cls_k50,35,simcse,0.24808181423611111,0.0076551732772435765
neighbors_2048_cls_k50,36,specter,0.30168945312500006,-0.002961570178953
neighbors_2048_cls_k50,36,specter2,0.2902493489583333,0.003582592147435911
neighbors_2048_cls_k50,36,scincl,0.3109772135416667,-0.003372319043803393
neighbors_2048_cls_k50,36,scibert,0.20184939236111113,-0.007290755208333364
neighbors_2048_cls_k50,36,bert,0.19154166666666667,0.0019460570245726351
neighbors_2048_cls_k50,36,mpnet,0.3320883246527779,0.004109109575320531
neighbors_2048_cls_k50,36,minilm,0.3175271267361111,0.003961790531517079
neighbors_2048_cls_k50,36,pubmedbert,0.22030143229166668,2.498330662390222e-05
neighbors_2048_cls_k50,36,biobert,0.24357313368055555,-0.0012232471955128295
neighbors_2048_cls_k50,36,simcse,0.2350036892361111,0.0012233590411324657
neighbors_2048_sep_k10,11,specter,0.2889854600694444,0.004280523838140954
neighbors_2048_sep_k10,11,specter2,0.2566710069444445,-0.01303292768429495
neighbors_2048_sep_k10,11,scincl,0.2967339409722222,-0.00040301148504279856
neighbors_2048_sep_k10,11,scibert,0.14855360243055557,0.0059543269230768504
neighbors_2048_sep_k10,11,bert,0.14290581597222224,0.002345219017093947
neighbors_2048_sep_k10,11,mpnet,0.30444661458333333,-0.00869482004540606
neighbors_2048_sep_k10,11,minilm,0.28089843750000004,-0.017567099025106923
neighbors_2048_sep_k10,11,pubmedbert,0.29012586805555557,0.013427450587606773
neighbors_2048_sep_k10,11,biobert,0.2659266493055556,0.0164686915731837
neighbors_2048_sep_k10,11,simcse,0.19698567708333334,-0.0027783536992522073
neighbors_2048_sep_k10,12,specter,0.17830729166666667,-0.03983037025908124
neighbors_2048_sep_k10,12,specter2,0.17955837673611114,-0.023578283587072695
neighbors_2048_sep_k10,12,scincl,0.19467664930555556,-0.03589302884615388
neighbors_2048_sep_k10,12,scibert,0.11240993923611112,0.03637793803418801
neighbors_2048_sep_k10,12,bert,0.12573676215277776,0.0517434395032051
neighbors_2048_sep_k10,12,mpnet,0.22405273437499998,-0.02252142594818381
neighbors_2048_sep_k10,12,minilm,0.21971679687499998,-0.012181465344551314
neighbors_2048_sep_k10,12,pubmedbert,0.19684570312500002,-0.013285440037393197
neighbors_2048_sep_k10,12,biobert,0.1874924045138889,0.00460172108707262
neighbors_2048_sep_k10,12,simcse,0.187763671875,0.054566915397970046
neighbors_2048_sep_k10,13,specter,0.3099142795138889,0.01690574085202993
neighbors_2048_sep_k10,13,specter2,0.2660536024305556,-0.011953934628739307
neighbors_2048_sep_k10,13,scincl,0.3167599826388889,0.011319427751068386
neighbors_2048_sep_k10,13,scibert,0.1474338107638889,-0.003469067174145283
neighbors_2048_sep_k10,13,bert,0.140498046875,-0.008366152510683745
neighbors_2048_sep_k10,13,mpnet,0.31851019965277777,-0.0029348374065170904
neighbors_2048_sep_k10,13,minilm,0.2943131510416667,-0.012455987913995707
neighbors_2048_sep_k10,13,pubmedbert,0.30819552951388896,0.023193509615384647
neighbors_2048_sep_k10,13,biobert,0.2840700954861111,0.026308535323183783
neighbors_2048_sep_k10,13,simcse,0.16952039930555557,-0.03854723390758546
neighbors_2048_sep_k10,14,specter,0.2337185329861111,-0.008289354634081227
neighbors_2048_sep_k10,14,specter2,0.24488715277777778,0.017880266760149546
neighbors_2048_sep_k10,14,scincl,0.2545138888888889,7.398504273504562e-05
neighbors_2048_sep_k10,14,scibert,0.10083658854166667,0.0009343616452991483
neighbors_2048_sep_k10,14,bert,0.10941731770833335,0.011553769364316228
neighbors_2048_sep_k10,14,mpnet,0.2762662760416667,0.005821890024038446
neighbors_2048_sep_k10,14,minilm,0.26846788194444443,0.012699394030448698
neighbors_2048_sep_k10,14,pubmedbert,0.19812934027777782,-0.03587202857905984
neighbors_2048_sep_k10,14,biobert,0.1766916232638889,-0.030069285857371786
neighbors_2048_sep_k10,14,simcse,0.182333984375,0.025267002203525624
neighbors_2048_sep_k10,15,specter,0.2703146701388889,-0.0006925664396367523
neighbors_2048_sep_k10,15,specter2,0.25519205729166666,-0.0008141776842948577
neighbors_2048_sep_k10,15,scincl,0.27658203125,-0.006857221554487153
neighbors_2048_sep_k10,15,scibert,0.1323990885416667,0.003497512686965835
neighbors_2048_sep_k10,15,bert,0.12348198784722225,-0.003380909455128185
neighbors_2048_sep_k10,15,mpnet,0.29465711805555556,-0.004786616920405973
neighbors_2048_sep_k10,15,minilm,0.27783203125,-0.006935805622329063
neighbors_2048_sep_k10,15,pubmedbert,0.2667046440972223,0.0037039262820513013
neighbors_2048_sep_k10,15,biobert,0.24656032986111112,0.01080007178151712
neighbors_2048_sep_k10,15,simcse,0.19153211805555553,0.005465786925747871
neighbors_2048_sep_k10,16,specter,0.24622395833333335,-0.0017220803285256906
neighbors_2048_sep_k10,16,specter2,0.21737413194444444,-0.015570905114850478
neighbors_2048_sep_k10,16,scincl,0.24757812499999998,-0.012799929887820548
neighbors_2048_sep_k10,16,scibert,0.13612955729166668,0.030289179353632442
neighbors_2048_sep_k10,16,bert,0.10265625000000002,-0.0011454493856837957
neighbors_2048_sep_k10,16,mpnet,0.2587966579861111,-0.017585879073183798
neighbors_2048_sep_k10,16,minilm,0.24246636284722223,-0.01924027610844021
neighbors_2048_sep_k10,16,pubmedbert,0.25604709201388887,0.016107572115384577
neighbors_2048_sep_k10,16,biobert,0.23816731770833335,0.02546825754540595
neighbors_2048_sep_k10,16,simcse,0.15920464409722224,-0.003800489115918842
neighbors_2048_sep_k10,17,specter,0.2804893663194445,0.002310254740918798
neighbors_2048_sep_k10,17,specter2,0.28607096354166667,0.022892853565705137
neighbors_2048_sep_k10,17,scincl,0.30432074652777774,0.013709618723290616
neighbors_2048_sep_k10,17,scibert,0.1225217013888889,-0.013551749465811946
neighbors_2048_sep_k10,17,bert,0.13063585069444444,-0.00339892160790595
neighbors_2048_sep_k10,17,mpnet,0.32241861979166664,0.01580300981570513
neighbors_2048_sep_k10,17,minilm,0.31263780381944445,0.02069809194711541
neighbors_2048_sep_k10,17,pubmedbert,0.25003363715277777,-0.02013895566239314
neighbors_2048_sep_k10,17,biobert,0.20545355902777782,-0.037478574051816205
neighbors_2048_sep_k10,17,simcse,0.19239257812500002,-0.0008456280048076784
neighbors_2048_sep_k10,18,specter,0.2757302517361111,-0.002302375467414519
neighbors_2048_sep_k10,18,specter2,0.27960177951388887,0.016570153912927373
neighbors_2048_sep_k10,18,scincl,0.29605577256944443,0.0055911291399572995
neighbors_2048_sep_k10,18,scibert,0.12490993923611111,-0.011017027243589708
neighbors_2048_sep_k10,18,bert,0.13525716145833333,0.0013688735309829354
neighbors_2048_sep_k10,18,mpnet,0.3176204427083333,0.011151317107371807
neighbors_2048_sep_k10,18,minilm,0.3067306857638889,0.014937458266559844
neighbors_2048_sep_k10,18,pubmedbert,0.24528971354166668,-0.024736394898504245
neighbors_2048_sep_k10,18,biobert,0.21771809895833333,-0.025067549746260655
neighbors_2048_sep_k10,18,simcse,0.20659613715277778,0.013504415397970102
neighbors_2048_sep_k10,19,specter,0.2656022135416667,-0.01165155081463677
neighbors_2048_sep_k10,19,specter2,0.25215928819444444,-0.010093474559294916
neighbors_2048_sep_k10,19,scincl,0.27844292534722226,-0.011242855235042738
neighbors_2048_sep_k10,19,scibert,0.14381401909722222,0.00866591546474357
neighbors_2048_sep_k10,19,bert,0.14448676215277778,0.011377337072649556
neighbors_2048_sep_k10,19,mpnet,0.298427734375,-0.007262528378739345
neighbors_2048_sep_k10,19,minilm,0.2814691840277778,-0.009545180622329083
neighbors_2048_sep_k10,19,pubmedbert,0.2825575086805555,0.013310263087606803
neighbors_2048_sep_k10,19,biobert,0.24775824652777778,0.005751460670405955
neighbors_2048_sep_k10,19,simcse,0.20300347222222223,0.010690613314636714
neighbors_2048_sep_k10,20,specter,0.23902886284722225,-0.013021776509081219
neighbors_2048_sep_k10,20,specter2,0.2442447916666667,0.007195153912927323
neighbors_2048_sep_k10,20,scincl,0.2556966145833333,-0.008786040998931639
neighbors_2048_sep_k10,20,scibert,0.11478190104166666,0.004836922409188016
neighbors_2048_sep_k10,20,bert,0.1213791232638889,0.013472823183760668
neighbors_2048_sep_k10,20,mpnet,0.2842567274305556,0.003769589676816232
neighbors_2048_sep_k10,20,minilm,0.27647460937499996,0.01066336972489314
neighbors_2048_sep_k10,20,pubmedbert,0.22228190104166667,-0.02176221955128206
neighbors_2048_sep_k10,20,biobert,0.19382921006944442,-0.02297445078792737
neighbors_2048_sep_k10,20,simcse,0.1937163628472222,0.02660662893963672
neighbors_2048_sep_k10,21,specter,0.2741471354166667,-0.0005940421340812753
neighbors_2048_sep_k10,21,specter2,0.2599782986111111,0.00023812266292729133
neighbors_2048_sep_k10,21,scincl,0.2829177517361111,-0.004255442040598353
neighbors_2048_sep_k10,21,scibert,0.12932291666666668,-0.0033126001602564645
neighbors_2048_sep_k10,21,bert,0.13206922743055557,0.0014723891559828561
neighbors_2048_sep_k10,21,mpnet,0.30451280381944446,0.00133512787126062
neighbors_2048_sep_k10,21,minilm,0.2898361545138889,0.0013343766693375404
neighbors_2048_sep_k10,21,pubmedbert,0.2655729166666667,-0.0011617421207265487
neighbors_2048_sep_k10,21,biobert,0.2356955295138889,-0.0037986695379274107
neighbors_2048_sep_k10,21,simcse,0.19854275173611113,0.008742479634081146
neighbors_2048_sep_k10,22,specter,0.28396375868055557,0.005579568977029831
neighbors_2048_sep_k10,22,specter2,0.2673046875,0.003921499399038371
neighbors_2048_sep_k10,22,scincl,0.2962673611111111,0.00545115518162385
neighbors_2048_sep_k10,22,scibert,0.1340787760416667,-0.0021997529380342485
neighbors_2048_sep_k10,22,bert,0.12617730034722222,-0.00806255008012827
neighbors_2048_sep_k10,22,mpnet,0.3143804253472222,0.007559737246260612
neighbors_2048_sep_k10,22,minilm,0.2992209201388889,0.0070761301415597656
neighbors_2048_sep_k10,22,pubmedbert,0.2664713541666666,-0.0039063167735043465
neighbors_2048_sep_k10,22,biobert,0.22719618055555557,-0.015941030649038516
neighbors_2048_sep_k10,22,simcse,0.19396484375,0.0005215594951922345
neighbors_2048_sep_k10,23,specter,0.28913085937499994,-0.0027850143563034305
neighbors_2048_sep_k10,23,specter2,0.26354275173611114,-0.013372120392628216
neighbors_2048_sep_k10,23,scincl,0.29913085937500006,-0.0052170305822649326
neighbors_2048_sep_k10,23,scibert,0.14986436631944444,5.4153311965818604e-05
neighbors_2048_sep_k10,23,bert,0.152294921875,0.004523387419871797
neighbors_2048_sep_k10,23,mpnet,0.32029079861111115,-6.157351762821494e-05
neighbors_2048_sep_k10,23,minilm,0.30060438368055553,-0.005072090344551299
neighbors_2048_sep_k10,23,pubmedbert,0.2938671875,0.009957832532051276
neighbors_2048_sep_k10,23,biobert,0.26513020833333334,0.00846131310096155
neighbors_2048_sep_k10,23,simcse,0.21048611111111112,0.003511142828525635
neighbors_2048_sep_k10,24,specter,0.2945724826388889,0.016326313768696563
neighbors_2048_sep_k10,24,specter2,0.26671875,0.0034735827323717616
neighbors_2048_sep_k10,24,scincl,0.30588433159722217,0.015206146501068376
neighbors_2048_sep_k10,24,scibert,0.12350151909722223,-0.0126389890491453
neighbors_2048_sep_k10,24,bert,0.12416666666666669,-0.009935162927350432
neighbors_2048_sep_k10,24,mpnet,0.3091026475694445,0.002419980301816227
neighbors_2048_sep_k10,24,minilm,0.28850477430555554,-0.0035019948584401944
neighbors_2048_sep_k10,24,pubmedbert,0.2875206163194444,0.017280966212606816
neighbors_2048_sep_k10,24,biobert,0.2553038194444445,0.012304629073183764
neighbors_2048_sep_k10,24,simcse,0.1523697916666667,-0.04093547175480772
neighbors_2048_sep_k10,25,specter,0.2668587239583333,0.005900966546474253
neighbors_2048_sep_k10,25,specter2,0.2490440538194445,0.0030872980101494837
neighbors_2048_sep_k10,25,scincl,0.2792144097222222,0.005824636084401625
neighbors_2048_sep_k10,25,scibert,0.11983072916666668,0.0009786324786324062
neighbors_2048_sep_k10,25,bert,0.10086154513888891,-0.015951872996794948
neighbors_2048_sep_k10,25,mpnet,0.2925954861111111,0.003201230301816118
neighbors_2048_sep_k10,25,minilm,0.27770399305555554,0.0029856353498930546
neighbors_2048_sep_k10,25,pubmedbert,0.2620345052083333,0.009083266559828987
neighbors_2048_sep_k10,25,biobert,0.2289724392361111,0.0032616603231836894
neighbors_2048_sep_k10,25,simcse,0.15764539930555557,-0.018371452657585555
neighbors_2048_sep_k10,26,specter,0.22128580729166666,-0.01267325220352564
neighbors_2048_sep_k10,26,specter2,0.2161208767361111,-0.002837181156517096
neighbors_2048_sep_k10,26,scincl,0.24296440972222222,-0.0034266659989316086
neighbors_2048_sep_k10,26,scibert,0.11515516493055555,0.023301766159188053
neighbors_2048_sep_k10,26,bert,0.10048936631944445,0.010674646100427367
neighbors_2048_sep_k10,26,mpnet,0.26799153645833335,0.00559597856570512
neighbors_2048_sep_k10,26,minilm,0.2622059461805556,0.01448628639155983
neighbors_2048_sep_k10,26,pubmedbert,0.19874131944444443,-0.027211221287393155
neighbors_2048_sep_k10,26,biobert,0.1762131076388889,-0.022498973357371766
neighbors_2048_sep_k10,26,simcse,0.16360677083333333,0.014588616786858973
neighbors_2048_sep_k10,27,specter,0.2966080729166667,0.022222364115918773
neighbors_2048_sep_k10,27,specter2,0.25696940104166666,-0.0024153061565171077
neighbors_2048_sep_k10,27,scincl,0.30377821180555553,0.016960486778846144
neighbors_2048_sep_k10,27,scibert,0.12414279513888887,-0.008137252938034177
neighbors_2048_sep_k10,27,bert,0.1066449652777778,-0.02359640424679486
neighbors_2048_sep_k10,27,mpnet,0.31014865451388884,0.007326447315705087
neighbors_2048_sep_k10,27,minilm,0.28949001736111113,0.0013437082665598134
neighbors_2048_sep_k10,27,pubmedbert,0.2815483940972222,0.015169204059829057
neighbors_2048_sep_k10,27,biobert,0.249384765625,0.010246035323183763
neighbors_2048_sep_k10,27,simcse,0.15032552083333334,-0.03911928251869659
neighbors_2048_sep_k10,28,specter,0.31610677083333333,0.010918978699252093
neighbors_2048_sep_k10,28,specter2,0.3034765625,0.013289771968482862
neighbors_2048_sep_k10,28,scincl,0.331455078125,0.013835269764957248
neighbors_2048_sep_k10,28,scibert,0.1409299045138889,-0.02215222689636754
neighbors_2048_sep_k10,28,bert,0.1477322048611111,-0.013311247996794904
neighbors_2048_sep_k10,28,mpnet,0.33975043402777777,0.006126143496260629
neighbors_2048_sep_k10,28,minilm,0.3196115451388889,0.0006631527110042464
neighbors_2048_sep_k10,28,pubmedbert,0.30730794270833334,0.010126669337606817
neighbors_2048_sep_k10,28,biobert,0.27743598090277777,0.007495167267628185
neighbors_2048_sep_k10,28,simcse,0.19325520833333332,-0.026991678352029945
neighbors_2048_sep_k10,29,specter,0.3065342881944445,0.00925925647702986
neighbors_2048_sep_k10,29,specter2,0.28656467013888887,0.004290640024038413
neighbors_2048_sep_k10,29,scincl,0.31569118923611106,0.005984141292735011
neighbors_2048_sep_k10,29,scibert,0.14308919270833334,-0.012080178285256434
neighbors_2048_sep_k10,29,bert,0.14365776909722222,-0.009472923344017121
neighbors_2048_sep_k10,29,mpnet,0.32377821180555555,-0.0019333183092949124
neighbors_2048_sep_k10,29,minilm,0.30787217881944445,-0.003163453191773546
neighbors_2048_sep_k10,29,pubmedbert,0.29658745659722224,0.007318943643162361
neighbors_2048_sep_k10,29,biobert,0.2705913628472222,0.008563309628739278
neighbors_2048_sep_k10,29,simcse,0.20356770833333335,-0.008766417935363285
neighbors_2048_sep_k10,30,specter,0.29184461805555556,0.011082173143696599
neighbors_2048_sep_k10,30,specter2,0.25791883680555555,-0.00784260650373931
neighbors_2048_sep_k10,30,scincl,0.29240559895833335,-0.0007888621794871579
neighbors_2048_sep_k10,30,scibert,0.14579535590277778,0.00713857171474362
neighbors_2048_sep_k10,30,bert,0.12541558159722221,-0.0112025240384615
neighbors_2048_sep_k10,30,mpnet,0.29567382812500004,-0.013525115184294861
neighbors_2048_sep_k10,30,minilm,0.28036675347222223,-0.014156291733440154
neighbors_2048_sep_k10,30,pubmedbert,0.2899565972222222,0.017200671073717973
neighbors_2048_sep_k10,30,biobert,0.26589843750000003,0.02038297108707268
neighbors_2048_sep_k10,30,simcse,0.18753255208333336,-0.008288987379807662
neighbors_2048_sep_k10,31,specter,0.2702528211805555,-0.0011849709535256487
neighbors_2048_sep_k10,31,specter2,0.2443532986111111,-0.012083491920405982
neighbors_2048_sep_k10,31,scincl,0.28809136284722225,0.004221554487179474
neighbors_2048_sep_k10,31,scibert,0.14240776909722222,0.013075637686965822
neighbors_2048_sep_k10,31,bert,0.12651475694444445,-0.00077869591346154
neighbors_2048_sep_k10,31,mpnet,0.30398980034722217,0.004115509815705088
neighbors_2048_sep_k10,31,minilm,0.2905881076388888,0.0053897152110042555
neighbors_2048_sep_k10,31,pubmedbert,0.2595258246527778,-0.003905448717948731
neighbors_2048_sep_k10,31,biobert,0.2369422743055556,0.0007514606704059931
neighbors_2048_sep_k10,31,simcse,0.17689561631944448,-0.009601270365918811
neighbors_2048_sep_k10,32,specter,0.2657953559027778,-0.0042847973424145576
neighbors_2048_sep_k10,32,specter2,0.27036892361111114,0.015289771968482864
neighbors_2048_sep_k10,32,scincl,0.28383029513888886,0.0013181256677350125
neighbors_2048_sep_k10,32,scibert,0.11365234375000004,-0.014322148771367529
neighbors_2048_sep_k10,32,bert,0.13321940104166666,0.0072835870726495645
neighbors_2048_sep_k10,32,mpnet,0.30285264756944447,0.004335995926816222
neighbors_2048_sep_k10,32,minilm,0.2928927951388889,0.00905204159989315
neighbors_2048_sep_k10,32,pubmedbert,0.2504600694444445,-0.011613565037393173
neighbors_2048_sep_k10,32,biobert,0.22045247395833337,-0.014380700787927355
neighbors_2048_sep_k10,32,simcse,0.19246093750000004,0.007321689703525637
neighbors_2048_sep_k10,33,specter,0.206318359375,-0.031304111578525654
neighbors_2048_sep_k10,33,specter2,0.21726236979166666,-0.005359099559294885
neighbors_2048_sep_k10,33,scincl,0.2256423611111111,-0.024412126068376075
neighbors_2048_sep_k10,33,scibert,0.10772569444444446,0.01220888421474359
neighbors_2048_sep_k10,33,bert,0.12261284722222222,0.0291347155448718
neighbors_2048_sep_k10,33,mpnet,0.26090277777777776,-0.0051561915731837766
neighbors_2048_sep_k10,33,minilm,0.2547026909722222,0.0033196197248931414
neighbors_2048_sep_k10,33,pubmedbert,0.21807183159722224,-0.011544120592948721
neighbors_2048_sep_k10,33,biobert,0.196298828125,-0.0060766643295940065
neighbors_2048_sep_k10,33,simcse,0.19187065972222223,0.03918909421741453
neighbors_2048_sep_k10,34,specter,0.3189029947916666,0.014704785990918793
neighbors_2048_sep_k10,34,specter2,0.2934798177083333,0.004282610510149572
neighbors_2048_sep_k10,34,scincl,0.3267957899305556,0.010165564903846165
neighbors_2048_sep_k10,34,scibert,0.1439008246527778,-0.01819172342414527
neighbors_2048_sep_k10,34,bert,0.14634331597222225,-0.013710553552350402
neighbors_2048_sep_k10,34,mpnet,0.33178168402777775,-0.0008530231704059816
neighbors_2048_sep_k10,34,minilm,0.3126236979166667,-0.005335111177884603
neighbors_2048_sep_k10,34,pubmedbert,0.3067730034722222,0.010581313434829074
neighbors_2048_sep_k10,34,biobert,0.2837445746527778,0.014793344350961551
neighbors_2048_sep_k10,34,simcse,0.20282009548611113,-0.0164372078659188
neighbors_2048_sep_k10,35,specter,0.29684895833333336,0.012534430088140976
neighbors_2048_sep_k10,35,specter2,0.2688704427083334,-0.0004430839342949084
neighbors_2048_sep_k10,35,scincl,0.30257921006944444,0.0058326655982905585
neighbors_2048_sep_k10,35,scibert,0.12456054687500001,-0.017648320646367552
neighbors_2048_sep_k10,35,bert,0.12262695312500001,-0.017543235844017124
neighbors_2048_sep_k10,35,mpnet,0.31356987847222223,0.0008188518295939862
neighbors_2048_sep_k10,35,minilm,0.2964322916666667,-0.0016428368723291188
neighbors_2048_sep_k10,35,pubmedbert,0.2887575954861111,0.012449586004273467
neighbors_2048_sep_k10,35,biobert,0.258056640625,0.008989090878739277
neighbors_2048_sep_k10,35,simcse,0.19602647569444445,-0.003347147102029947
neighbors_2048_sep_k10,36,specter,0.2695572916666667,-0.0016890942174145607
neighbors_2048_sep_k10,36,specter2,0.2632302517361111,0.006984867454593989
neighbors_2048_sep_k10,36,scincl,0.2822667100694444,-0.001411692040598307
neighbors_2048_sep_k10,36,scibert,0.12054796006944445,-0.008592765090811963
neighbors_2048_sep_k10,36,bert,0.12200846354166667,-0.005093583066239308
neighbors_2048_sep_k10,36,mpnet,0.30561740451388897,0.005934520232371803
neighbors_2048_sep_k10,36,minilm,0.2911555989583333,0.006148612780448725
neighbors_2048_sep_k10,36,pubmedbert,0.25946614583333333,-0.0037737212873931725
neighbors_2048_sep_k10,36,biobert,0.22963758680555557,-0.0063618205795940175
neighbors_2048_sep_k10,36,simcse,0.19416015625000002,0.007854675814636737
neighbors_2048_sep_k25,11,specter,0.3372612847222223,0.007082378472222224
neighbors_2048_sep_k25,11,specter2,0.2968038194444445,-0.013722909989316221
neighbors_2048_sep_k25,11,scincl,0.34072222222222226,-5.9915865384575616e-05
neighbors_2048_sep_k25,11,scibert,0.19238498263888892,0.005193689903846197
neighbors_2048_sep_k25,11,bert,0.17875347222222224,0.0009892127403846411
neighbors_2048_sep_k25,11,mpnet,0.3497673611111112,-0.007160810630341864
neighbors_2048_sep_k25,11,minilm,0.3245082465277778,-0.016792571447649594
neighbors_2048_sep_k25,11,pubmedbert,0.33862282986111114,0.012512934027777804
neighbors_2048_sep_k25,11,biobert,0.31783463541666673,0.016209965945512845
neighbors_2048_sep_k25,11,simcse,0.2402118055555556,-0.004251973157051263
neighbors_2048_sep_k25,12,specter,0.21717968750000002,-0.04135772569444443
neighbors_2048_sep_k25,12,specter2,0.21530859375,-0.023576642628205073
neighbors_2048_sep_k25,12,scincl,0.23350130208333336,-0.03563934294871791
neighbors_2048_sep_k25,12,scibert,0.1493736979166667,0.03382389823717956
neighbors_2048_sep_k25,12,bert,0.15805164930555557,0.05192888287927356
neighbors_2048_sep_k25,12,mpnet,0.2627113715277778,-0.02257530715811964
neighbors_2048_sep_k25,12,minilm,0.2582534722222223,-0.011405852697649552
neighbors_2048_sep_k25,12,pubmedbert,0.2412035590277778,-0.01326484374999995
neighbors_2048_sep_k25,12,biobert,0.2344123263888889,0.004429149973290654
neighbors_2048_sep_k25,12,simcse,0.23046006944444444,0.05763778378739318
neighbors_2048_sep_k25,13,specter,0.34874522569444444,0.015551215277777709
neighbors_2048_sep_k25,13,specter2,0.2991779513888889,-0.014363882211538496
neighbors_2048_sep_k25,13,scincl,0.35263888888888895,0.008841646634615348
neighbors_2048_sep_k25,13,scibert,0.1895724826388889,-0.0006339142628205439
neighbors_2048_sep_k25,13,bert,0.17846831597222224,-0.0023110476762820717
neighbors_2048_sep_k25,13,mpnet,0.3566710069444444,-0.0032722689636752733
neighbors_2048_sep_k25,13,minilm,0.33104036458333336,-0.013275557558760746
neighbors_2048_sep_k25,13,pubmedbert,0.3501375868055556,0.021012586805555525
neighbors_2048_sep_k25,13,biobert,0.3318667534722223,0.027226979834401668
neighbors_2048_sep_k25,13,simcse,0.20870312500000004,-0.03877575787927356
neighbors_2048_sep_k25,14,specter,0.2666640625000001,-0.01117586805555555
neighbors_2048_sep_k25,14,specter2,0.2781736111111111,0.01998585737179491
neighbors_2048_sep_k25,14,scincl,0.28739973958333337,-0.0010434228098290224
neighbors_2048_sep_k25,14,scibert,0.13572005208333338,0.0008677350427350862
neighbors_2048_sep_k25,14,bert,0.13864800347222225,0.0132227196848291
neighbors_2048_sep_k25,14,mpnet,0.30980815972222225,0.005218963675213693
neighbors_2048_sep_k25,14,minilm,0.3012413194444445,0.012279477163461533
neighbors_2048_sep_k25,14,pubmedbert,0.237609375,-0.036161545138888876
neighbors_2048_sep_k25,14,biobert,0.2181176215277778,-0.031168072248931603
neighbors_2048_sep_k25,14,simcse,0.22009895833333337,0.027974155315170963
neighbors_2048_sep_k25,15,specter,0.32647005208333335,0.0020029513888888406
neighbors_2048_sep_k25,15,specter2,0.30348741319444444,-0.0013275106837607156
neighbors_2048_sep_k25,15,scincl,0.3297647569444445,-0.005305575587606877
neighbors_2048_sep_k25,15,scibert,0.1808111979166667,-0.000668289262820507
neighbors_2048_sep_k25,15,bert,0.16192317708333337,-0.010129276842948743
neighbors_2048_sep_k25,15,mpnet,0.3473993055555556,-0.0038170606303419346
neighbors_2048_sep_k25,15,minilm,0.32924739583333335,-0.006341616586538522
neighbors_2048_sep_k25,15,pubmedbert,0.3278741319444445,0.007476041666666637
neighbors_2048_sep_k25,15,biobert,0.30875868055555566,0.01284581663995724
neighbors_2048_sep_k25,15,simcse,0.2440164930555556,0.005264519898504226
neighbors_2048_sep_k25,16,specter,0.2965373263888889,0.001167534722222286
neighbors_2048_sep_k25,16,specter2,0.2585611979166667,-0.01715641693376057
neighbors_2048_sep_k25,16,scincl,0.29291970486111113,-0.013053318643162289
neighbors_2048_sep_k25,16,scibert,0.1837990451388889,0.03141686698717959
neighbors_2048_sep_k25,16,bert,0.1341427951388889,-0.008812349759615288
neighbors_2048_sep_k25,16,mpnet,0.3056957465277778,-0.016423310630341796
neighbors_2048_sep_k25,16,minilm,0.2858585069444444,-0.020633196447649518
neighbors_2048_sep_k25,16,pubmedbert,0.30962456597222227,0.01832378472222232
neighbors_2048_sep_k25,16,biobert,0.2962526041666667,0.029437049278846234
neighbors_2048_sep_k25,16,simcse,0.20538802083333335,-0.00426664329594008
neighbors_2048_sep_k25,17,specter,0.31908723958333335,-0.000733854166666708
neighbors_2048_sep_k25,17,specter2,0.32530555555555557,0.02513663862179485
neighbors_2048_sep_k25,17,scincl,0.34173654513888896,0.011312219551282025
neighbors_2048_sep_k25,17,scibert,0.16462413194444447,-0.0122093482905983
neighbors_2048_sep_k25,17,bert,0.16756380208333332,0.00015735510149569556
neighbors_2048_sep_k25,17,mpnet,0.36041796875,0.013847609508546941
neighbors_2048_sep_k25,17,minilm,0.3502131076388889,0.01927010216346149
neighbors_2048_sep_k25,17,pubmedbert,0.2953294270833334,-0.02042265625000003
neighbors_2048_sep_k25,17,biobert,0.2532447916666667,-0.03802206530448721
neighbors_2048_sep_k25,17,simcse,0.2357699652777778,0.0016639990651708958
neighbors_2048_sep_k25,18,specter,0.3186436631944445,-0.004631250000000062
neighbors_2048_sep_k25,18,specter2,0.32448611111111114,0.020863374732905938
neighbors_2048_sep_k25,18,scincl,0.3404283854166667,0.006550240384615356
neighbors_2048_sep_k25,18,scibert,0.16923350694444447,-0.011053792735042763
neighbors_2048_sep_k25,18,bert,0.1722439236111111,0.0013836571848290236
neighbors_2048_sep_k25,18,mpnet,0.36314322916666675,0.013119050480769152
neighbors_2048_sep_k25,18,minilm,0.35092013888888896,0.016523313969017028
neighbors_2048_sep_k25,18,pubmedbert,0.29145876736111115,-0.027747135416666693
neighbors_2048_sep_k25,18,biobert,0.2671905381944445,-0.027530138221153896
neighbors_2048_sep_k25,18,simcse,0.2500824652777778,0.012522679620726455
neighbors_2048_sep_k25,19,specter,0.3190538194444445,-0.008809114583333314
neighbors_2048_sep_k25,19,specter2,0.2963602430555556,-0.01185051415598286
neighbors_2048_sep_k25,19,scincl,0.3303606770833334,-0.008105488782051227
neighbors_2048_sep_k25,19,scibert,0.1931588541666667,0.008283533653846216
neighbors_2048_sep_k25,19,bert,0.18194053819444445,0.006492250934829086
neighbors_2048_sep_k25,19,mpnet,0.3485855034722223,-0.0060266960470085305
neighbors_2048_sep_k25,19,minilm,0.3307990451388889,-0.008185800614316223
neighbors_2048_sep_k25,19,pubmedbert,0.33900130208333334,0.015207378472222267
neighbors_2048_sep_k25,19,biobert,0.30263671875000003,0.003328021501068411
neighbors_2048_sep_k25,19,simcse,0.25181423611111114,0.009666429620726533
neighbors_2048_sep_k25,20,specter,0.27724392361111116,-0.01575546875
neighbors_2048_sep_k25,20,specter2,0.2821362847222223,0.008789069177350471
neighbors_2048_sep_k25,20,scincl,0.2950785590277778,-0.008524065170940127
neighbors_2048_sep_k25,20,scibert,0.1562578125,0.006246033653846208
neighbors_2048_sep_k25,20,bert,0.1531475694444445,0.012562823851495764
neighbors_2048_sep_k25,20,mpnet,0.32386588541666667,0.004117227564102565
neighbors_2048_sep_k25,20,minilm,0.31699696180555553,0.012875657719017105
neighbors_2048_sep_k25,20,pubmedbert,0.26544401041666665,-0.023486371527777754
neighbors_2048_sep_k25,20,biobert,0.2399748263888889,-0.02447032919337605
neighbors_2048_sep_k25,20,simcse,0.2349296875,0.02764542267628207
neighbors_2048_sep_k25,21,specter,0.3317712673611111,0.0009823784722222673
neighbors_2048_sep_k25,21,specter2,0.31373177083333337,0.0025950587606838387
neighbors_2048_sep_k25,21,scincl,0.33880685763888896,-0.0025852630876067534
neighbors_2048_sep_k25,21,scibert,0.18268706597222223,-0.005114209401709307
neighbors_2048_sep_k25,21,bert,0.1752191840277778,-0.003155058092948656
neighbors_2048_sep_k25,21,mpnet,0.3592560763888889,0.0017179220085470348
neighbors_2048_sep_k25,21,minilm,0.34470225694444445,0.002791456330128234
neighbors_2048_sep_k25,21,pubmedbert,0.32800000000000007,0.0012801215277778628
neighbors_2048_sep_k25,21,biobert,0.29728211805555554,-0.004952534054487102
neighbors_2048_sep_k25,21,simcse,0.2515138888888889,0.006440127537393234
neighbors_2048_sep_k25,22,specter,0.3271080729166667,0.005553819444444404
neighbors_2048_sep_k25,22,specter2,0.3069631076388889,0.0050610309829059695
neighbors_2048_sep_k25,22,scincl,0.3360907118055556,0.00393322649572649
neighbors_2048_sep_k25,22,scibert,0.1782465277777778,-0.0003201121794871679
neighbors_2048_sep_k25,22,bert,0.1609535590277778,-0.008186047676282053
neighbors_2048_sep_k25,22,mpnet,0.35435980902777775,0.006056290064102521
neighbors_2048_sep_k25,22,minilm,0.33876171875000005,0.006085553552350385
neighbors_2048_sep_k25,22,pubmedbert,0.3129713541666667,-0.004513888888888891
neighbors_2048_sep_k25,22,biobert,0.27588064236111115,-0.017119374332264972
neighbors_2048_sep_k25,22,simcse,0.23928862847222224,0.003449502537393142
neighbors_2048_sep_k25,23,specter,0.33541145833333336,-0.0014472222222221677
neighbors_2048_sep_k25,23,specter2,0.30265842013888894,-0.014548083600427234
neighbors_2048_sep_k25,23,scincl,0.34250737847222223,-0.004954533920940067
neighbors_2048_sep_k25,23,scibert,0.19523914930555558,0.0013680822649573513
neighbors_2048_sep_k25,23,bert,0.18983333333333335,0.005389299545940264
neighbors_2048_sep_k25,23,mpnet,0.3641193576388889,0.0005114115918804076
neighbors_2048_sep_k25,23,minilm,0.34240538194444453,-0.005575210336538381
neighbors_2048_sep_k25,23,pubmedbert,0.34239062500000006,0.009600954861111202
neighbors_2048_sep_k25,23,biobert,0.31582421875000005,0.007519774973290668
neighbors_2048_sep_k25,23,simcse,0.25327907986111114,0.002135526842948796
neighbors_2048_sep_k25,24,specter,0.33165798611111114,0.017285416666666706
neighbors_2048_sep_k25,24,specter2,0.2970147569444445,0.00229436431623938
neighbors_2048_sep_k25,24,scincl,0.3396653645833333,0.014689563301282115
neighbors_2048_sep_k25,24,scibert,0.16009765625,-0.0112872996794871
neighbors_2048_sep_k25,24,bert,0.15682986111111114,-0.005128061565170866
neighbors_2048_sep_k25,24,mpnet,0.3424613715277778,0.0013395365918803834
neighbors_2048_sep_k25,24,minilm,0.3207877604166667,-0.004706720753205095
neighbors_2048_sep_k25,24,pubmedbert,0.32729296875,0.0169894097222223
neighbors_2048_sep_k25,24,biobert,0.2986423611111111,0.012824028445512867
neighbors_2048_sep_k25,24,simcse,0.18435720486111112,-0.044300237045940126
neighbors_2048_sep_k25,25,specter,0.3075199652777778,0.006961111111111128
neighbors_2048_sep_k25,25,specter2,0.2836493055555556,0.0027426282051282477
neighbors_2048_sep_k25,25,scincl,0.3167756076388889,0.005613521634615438
neighbors_2048_sep_k25,25,scibert,0.15922309027777778,0.001651849626068427
neighbors_2048_sep_k25,25,bert,0.13188758680555557,-0.016256620592948672
neighbors_2048_sep_k25,25,mpnet,0.3291085069444445,0.0018003872863247808
neighbors_2048_sep_k25,25,minilm,0.3124552951388889,0.0007745292467948737
neighbors_2048_sep_k25,25,pubmedbert,0.3071727430555556,0.010682899305555597
neighbors_2048_sep_k25,25,biobert,0.2768641493055556,0.004859531917735064
neighbors_2048_sep_k25,25,simcse,0.19601388888888893,-0.01882983774038459
neighbors_2048_sep_k25,26,specter,0.2640013020833334,-0.014157725694444389
neighbors_2048_sep_k25,26,specter2,0.2591132812500001,0.0006064302884616316
neighbors_2048_sep_k25,26,scincl,0.28686328125,-0.0018989783653845362
neighbors_2048_sep_k25,26,scibert,0.1590021701388889,0.023830755876068463
neighbors_2048_sep_k25,26,bert,0.13356770833333337,0.007823327323718019
neighbors_2048_sep_k25,26,mpnet,0.3120768229166667,0.007168529647435963
neighbors_2048_sep_k25,26,minilm,0.3052300347222222,0.015949095219017148
neighbors_2048_sep_k25,26,pubmedbert,0.2438953993055556,-0.030194618055555487
neighbors_2048_sep_k25,26,biobert,0.22435156250000002,-0.025253228498931548
neighbors_2048_sep_k25,26,simcse,0.20857031250000002,0.016126412259615454
neighbors_2048_sep_k25,27,specter,0.32984375,0.021684027777777767
neighbors_2048_sep_k25,27,specter2,0.28557335069444445,-0.002934194711538471
neighbors_2048_sep_k25,27,scincl,0.3331367187500001,0.014373764690170944
neighbors_2048_sep_k25,27,scibert,0.15807855902777782,-0.00709354967948719
neighbors_2048_sep_k25,27,bert,0.1381076388888889,-0.017637436565170958
neighbors_2048_sep_k25,27,mpnet,0.34142621527777783,0.0065172275641025255
neighbors_2048_sep_k25,27,minilm,0.3191011284722223,-0.00018050547542738013
neighbors_2048_sep_k25,27,pubmedbert,0.3159804687500001,0.011889756944444434
neighbors_2048_sep_k25,27,biobert,0.29036458333333337,0.010759097889957277
neighbors_2048_sep_k25,27,simcse,0.18506640624999998,-0.037378188434829096
neighbors_2048_sep_k25,28,specter,0.35906597222222225,0.007481770833333395
neighbors_2048_sep_k25,28,specter2,0.34501128472222226,0.013079260149572725
neighbors_2048_sep_k25,28,scincl,0.37465234375,0.01246491052350434
neighbors_2048_sep_k25,28,scibert,0.18818402777777782,-0.020412560096153737
neighbors_2048_sep_k25,28,bert,0.19042621527777778,-0.008743339342948638
neighbors_2048_sep_k25,28,mpnet,0.38297222222222227,0.004638755341880389
neighbors_2048_sep_k25,28,minilm,0.3609526909722223,-0.0017534221420939583
neighbors_2048_sep_k25,28,pubmedbert,0.35762543402777786,0.010110243055555627
neighbors_2048_sep_k25,28,biobert,0.33335677083333337,0.010326806223290666
neighbors_2048_sep_k25,28,simcse,0.23867664930555557,-0.027192424545940095
neighbors_2048_sep_k25,29,specter,0.3558285590277778,0.011201215277777812
neighbors_2048_sep_k25,29,specter2,0.3296653645833334,0.004690197649572712
neighbors_2048_sep_k25,29,scincl,0.36248524305555563,0.007254667467948771
neighbors_2048_sep_k25,29,scibert,0.1870494791666667,-0.014590251068375994
neighbors_2048_sep_k25,29,bert,0.18334418402777777,-0.00886851295405977
neighbors_2048_sep_k25,29,mpnet,0.3703480902777778,-0.0010285189636751858
neighbors_2048_sep_k25,29,minilm,0.3532686631944445,-0.0024805922809828765
neighbors_2048_sep_k25,29,pubmedbert,0.3475598958333334,0.007001562500000058
neighbors_2048_sep_k25,29,biobert,0.3234709201388889,0.007397813167735097
neighbors_2048_sep_k25,29,simcse,0.24833463541666667,-0.01057758079594013
neighbors_2048_sep_k25,30,specter,0.34410156250000007,0.013553385416666668
neighbors_2048_sep_k25,30,specter2,0.29949001736111114,-0.011405982905982888
neighbors_2048_sep_k25,30,scincl,0.3417825520833333,0.0006311431623931983
neighbors_2048_sep_k25,30,scibert,0.19500477430555557,0.007444210737179537
neighbors_2048_sep_k25,30,bert,0.1642443576388889,-0.013889172676282029
neighbors_2048_sep_k25,30,mpnet,0.3430646701388889,-0.014232772435897446
neighbors_2048_sep_k25,30,minilm,0.32634201388888895,-0.01532807491987179
neighbors_2048_sep_k25,30,pubmedbert,0.34596267361111116,0.019483506944444486
neighbors_2048_sep_k25,30,biobert,0.32471397569444443,0.02272003538995729
neighbors_2048_sep_k25,30,simcse,0.23585677083333337,-0.008976278712606823
neighbors_2048_sep_k25,31,specter,0.3237248263888889,0.0014548611111111066
neighbors_2048_sep_k25,31,specter2,0.29220789930555563,-0.010409889155982868
neighbors_2048_sep_k25,31,scincl,0.3383524305555556,0.005479233440170971
neighbors_2048_sep_k25,31,scibert,0.1959162326388889,0.016633880876068416
neighbors_2048_sep_k25,31,bert,0.1660724826388889,-0.0037828358707264814
neighbors_2048_sep_k25,31,mpnet,0.3529157986111111,0.003896567841880327
neighbors_2048_sep_k25,31,minilm,0.33785069444444443,0.004458817441239293
neighbors_2048_sep_k25,31,pubmedbert,0.31300781250000004,-0.005193142361111094
neighbors_2048_sep_k25,31,biobert,0.29528428819444447,0.001568559695512839
neighbors_2048_sep_k25,31,simcse,0.22244878472222224,-0.014106053018162387
neighbors_2048_sep_k25,32,specter,0.3029275173611111,-0.0060527777777777585
neighbors_2048_sep_k25,32,specter2,0.3055347222222223,0.01620660389957271
neighbors_2048_sep_k25,32,scincl,0.31885416666666666,-0.0007293603098290018
neighbors_2048_sep_k25,32,scibert,0.15132725694444446,-0.014665424679487116
neighbors_2048_sep_k25,32,bert,0.16708072916666666,0.010515080795940225
neighbors_2048_sep_k25,32,mpnet,0.3389535590277778,0.0032239983974359293
neighbors_2048_sep_k25,32,minilm,0.32943576388888896,0.009333557024572676
neighbors_2048_sep_k25,32,pubmedbert,0.2942152777777778,-0.010696006944444392
neighbors_2048_sep_k25,32,biobert,0.26582595486111116,-0.01460010349893157
neighbors_2048_sep_k25,32,simcse,0.23072960069444445,0.007464433092948752
neighbors_2048_sep_k25,33,specter,0.24258333333333335,-0.03453168402777776
neighbors_2048_sep_k25,33,specter2,0.2532916666666667,-0.004171173878205083
neighbors_2048_sep_k25,33,scincl,0.2620056423611111,-0.02571260683760676
neighbors_2048_sep_k25,33,scibert,0.14647526041666667,0.01234785657051287
neighbors_2048_sep_k25,33,bert,0.15217361111111113,0.02747324051816244
neighbors_2048_sep_k25,33,mpnet,0.2993888888888889,-0.004475393963675189
neighbors_2048_sep_k25,33,minilm,0.2918763020833334,0.00363937299679488
neighbors_2048_sep_k25,33,pubmedbert,0.2630164930555556,-0.010029513888888857
neighbors_2048_sep_k25,33,biobert,0.2438120659722223,-0.0047487146100426945
neighbors_2048_sep_k25,33,simcse,0.23160850694444454,0.04020861712072654
neighbors_2048_sep_k25,34,specter,0.35973828125,0.016335243055555542
neighbors_2048_sep_k25,34,specter2,0.3257582465277778,0.002007385149572685
neighbors_2048_sep_k25,34,scincl,0.36529123263888885,0.011284962606837645
neighbors_2048_sep_k25,34,scibert,0.1797413194444445,-0.020674105235042692
neighbors_2048_sep_k25,34,bert,0.17879296875000003,-0.012195422676282023
neighbors_2048_sep_k25,34,mpnet,0.36967317708333336,-0.00047912660256413695
neighbors_2048_sep_k25,34,minilm,0.3515638020833333,-0.0029611478365384777
neighbors_2048_sep_k25,34,pubmedbert,0.34884765625,0.009513628472222245
neighbors_2048_sep_k25,34,biobert,0.32830078125000006,0.013451979834401741
neighbors_2048_sep_k25,34,simcse,0.2414045138888889,-0.01628339676816238
neighbors_2048_sep_k25,35,specter,0.3382157118055556,0.012936024305555596
neighbors_2048_sep_k25,35,specter2,0.3013498263888889,-0.004277684294871711
neighbors_2048_sep_k25,35,scincl,0.34322048611111117,0.007337566773504358
neighbors_2048_sep_k25,35,scibert,0.16060850694444445,-0.02168356704059823
neighbors_2048_sep_k25,35,bert,0.15558767361111114,-0.017277367120726417
neighbors_2048_sep_k25,35,mpnet,0.3520394965277778,1.0543536324822719e-05
neighbors_2048_sep_k25,35,minilm,0.3356032986111111,-0.00079830061431622
neighbors_2048_sep_k25,35,pubmedbert,0.33582291666666675,0.014612239583333408
neighbors_2048_sep_k25,35,biobert,0.30652864583333334,0.009803195112179554
neighbors_2048_sep_k25,35,simcse,0.23890190972222225,-0.0006626502403845572
neighbors_2048_sep_k25,36,specter,0.3028103298611111,-0.0025806423611111073
neighbors_2048_sep_k25,36,specter2,0.29142578125,0.005686985844017124
neighbors_2048_sep_k25,36,scincl,0.31383940972222224,-0.0021547943376067913
neighbors_2048_sep_k25,36,scibert,0.15370138888888893,-0.00870196981837601
neighbors_2048_sep_k25,36,bert,0.15141102430555559,-0.0015653011485042402
neighbors_2048_sep_k25,36,mpnet,0.3384474826388889,0.006307244925213691
neighbors_2048_sep_k25,36,minilm,0.32295052083333337,0.006437636885683761
neighbors_2048_sep_k25,36,pubmedbert,0.2973346354166667,-0.003987326388888848
neighbors_2048_sep_k25,36,biobert,0.26999348958333336,-0.006843245860042714
neighbors_2048_sep_k25,36,simcse,0.22707725694444447,0.007401412259615405
neighbors_2048_sep_k50,11,specter,0.380904296875,0.010275465745192348
neighbors_2048_sep_k50,11,specter2,0.33414149305555557,-0.013563109308226438
neighbors_2048_sep_k50,11,scincl,0.38125824652777784,0.0022760082799145754
neighbors_2048_sep_k50,11,scibert,0.23392165798611111,0.0029483924278846507
neighbors_2048_sep_k50,11,bert,0.21178797743055558,-0.002169053819444421
neighbors_2048_sep_k50,11,mpnet,0.3903068576388889,-0.005244032118055507
neighbors_2048_sep_k50,11,minilm,0.36485308159722224,-0.014581296741452964
neighbors_2048_sep_k50,11,pubmedbert,0.3799516059027777,0.011082824185363235
neighbors_2048_sep_k50,11,biobert,0.3631859809027778,0.014953141693376075
neighbors_2048_sep_k50,11,simcse,0.28049392361111114,-0.0059783403445512594
neighbors_2048_sep_k50,12,specter,0.2538637152777778,-0.04092896133814094
neighbors_2048_sep_k50,12,specter2,0.24965625,-0.022212197849893103
neighbors_2048_sep_k50,12,scincl,0.26975499131944447,-0.03339109241452983
neighbors_2048_sep_k50,12,scibert,0.18529231770833335,0.030155206663995786
neighbors_2048_sep_k50,12,bert,0.18672417534722227,0.04860329861111118
neighbors_2048_sep_k50,12,mpnet,0.29737174479166667,-0.022342990451388836
neighbors_2048_sep_k50,12,minilm,0.2931764322916667,-0.010421791533119614
neighbors_2048_sep_k50,12,pubmedbert,0.2814930555555556,-0.01153957164797003
neighbors_2048_sep_k50,12,biobert,0.27661914062500004,0.0042224559294872415
neighbors_2048_sep_k50,12,simcse,0.26849175347222226,0.05785564403044877
neighbors_2048_sep_k50,13,specter,0.3806043836805556,0.013706325120192339
neighbors_2048_sep_k50,13,specter2,0.3272504340277778,-0.016723395766559797
neighbors_2048_sep_k50,13,scincl,0.38206206597222225,0.006810600293803463
neighbors_2048_sep_k50,13,scibert,0.22826888020833336,0.001026387219551302
neighbors_2048_sep_k50,13,bert,0.21624066840277778,0.006014409722222243
neighbors_2048_sep_k50,13,mpnet,0.38738715277777774,-0.0044329644097222155
neighbors_2048_sep_k50,13,minilm,0.3620101996527778,-0.013693406116452984
neighbors_2048_sep_k50,13,pubmedbert,0.38227734375,0.017139334602029918
neighbors_2048_sep_k50,13,biobert,0.3716655815972223,0.027163514957264975
neighbors_2048_sep_k50,13,simcse,0.2457306857638889,-0.03701080562232905
neighbors_2048_sep_k50,14,specter,0.2986924913194445,-0.012777876268696562
neighbors_2048_sep_k50,14,specter2,0.3101935763888889,0.02164743756677351
neighbors_2048_sep_k50,14,scincl,0.31730338541666664,-0.0025203892895298997
neighbors_2048_sep_k50,14,scibert,0.1720338541666667,0.00021905215010684407
neighbors_2048_sep_k50,14,bert,0.1686328125,0.013834244791666665
neighbors_2048_sep_k50,14,mpnet,0.3410993923611111,0.004706966145833331
neighbors_2048_sep_k50,14,minilm,0.3318537326388889,0.011577817841880314
neighbors_2048_sep_k50,14,pubmedbert,0.27406662326388886,-0.035643694911858974
neighbors_2048_sep_k50,14,biobert,0.25871549479166667,-0.030358880876068386
neighbors_2048_sep_k50,14,simcse,0.25662912326388887,0.029315322849893157
neighbors_2048_sep_k50,15,specter,0.37958181423611115,0.005339962272970154
neighbors_2048_sep_k50,15,specter2,0.35003342013888894,-0.0012842030582264445
neighbors_2048_sep_k50,15,scincl,0.3790316840277778,-0.0035635750534187115
neighbors_2048_sep_k50,15,scibert,0.2302777777777778,-0.004308508613782008
neighbors_2048_sep_k50,15,bert,0.200783203125,-0.01678684895833329
neighbors_2048_sep_k50,15,mpnet,0.3972374131944445,-0.0019264973958332697
neighbors_2048_sep_k50,15,minilm,0.37861631944444446,-0.004431079727564069
neighbors_2048_sep_k50,15,pubmedbert,0.3820944010416667,0.009612598490918865
neighbors_2048_sep_k50,15,biobert,0.36457052951388896,0.012724669471153896
neighbors_2048_sep_k50,15,simcse,0.2947087673611112,0.004623482572115435
neighbors_2048_sep_k50,16,specter,0.3399750434027778,0.003517913661859008
neighbors_2048_sep_k50,16,specter2,0.2958133680555555,-0.01771953291933762
neighbors_2048_sep_k50,16,scincl,0.330634765625,-0.01417577123397435
neighbors_2048_sep_k50,16,scibert,0.22897677951388895,0.03217521534455128
neighbors_2048_sep_k50,16,bert,0.16491710069444446,-0.014868229166666667
neighbors_2048_sep_k50,16,mpnet,0.34611631944444443,-0.015262868923611098
neighbors_2048_sep_k50,16,minilm,0.32438324652777784,-0.020879430422008564
neighbors_2048_sep_k50,16,pubmedbert,0.3549709201388889,0.020273839810363244
neighbors_2048_sep_k50,16,biobert,0.3451089409722222,0.0310478031517094
neighbors_2048_sep_k50,16,simcse,0.2481916232638889,-0.004108939302884622
neighbors_2048_sep_k50,17,specter,0.3513543836805556,-0.0047214092548076665
neighbors_2048_sep_k50,17,specter2,0.35877799479166667,0.025626430622329055
neighbors_2048_sep_k50,17,scincl,0.3723257378472222,0.00789653779380343
neighbors_2048_sep_k50,17,scibert,0.20634852430555556,-0.010071703058226498
neighbors_2048_sep_k50,17,bert,0.20307834201388889,0.0036743489583333324
neighbors_2048_sep_k50,17,mpnet,0.39260351562500007,0.011605664062500009
neighbors_2048_sep_k50,17,minilm,0.38261132812500004,0.017729987980769222
neighbors_2048_sep_k50,17,pubmedbert,0.33586436631944444,-0.01845137720352565
neighbors_2048_sep_k50,17,biobert,0.29678776041666666,-0.0368920405982906
neighbors_2048_sep_k50,17,simcse,0.2755227864583334,0.003603560697115377
neighbors_2048_sep_k50,18,specter,0.35395052083333334,-0.007083301615918808
neighbors_2048_sep_k50,18,specter2,0.36135568576388893,0.02324609208066241
neighbors_2048_sep_k50,18,scincl,0.3769715711805556,0.007584341613247854
neighbors_2048_sep_k50,18,scibert,0.21093164062500003,-0.01044661625267096
neighbors_2048_sep_k50,18,bert,0.2058990885416667,0.0015370659722222142
neighbors_2048_sep_k50,18,mpnet,0.3995991753472222,0.013643294270833335
neighbors_2048_sep_k50,18,minilm,0.3862532552083333,0.016413885550213628
neighbors_2048_sep_k50,18,pubmedbert,0.33063085937500003,-0.028642913661859018
neighbors_2048_sep_k50,18,biobert,0.3114865451388889,-0.027151285389957265
neighbors_2048_sep_k50,18,simcse,0.28777669270833334,0.010899437433226486
neighbors_2048_sep_k50,19,specter,0.36625347222222226,-0.005448318977029829
neighbors_2048_sep_k50,19,specter2,0.33627973090277785,-0.012497831530448632
neighbors_2048_sep_k50,19,scincl,0.37434548611111107,-0.0057097122061965135
neighbors_2048_sep_k50,19,scibert,0.23891210937500004,0.006865883747329117
neighbors_2048_sep_k50,19,bert,0.21640950520833335,0.0013795138888889429
neighbors_2048_sep_k50,19,mpnet,0.39161610243055556,-0.00500774739583328
neighbors_2048_sep_k50,19,minilm,0.3746955295138889,-0.005811808894230719
neighbors_2048_sep_k50,19,pubmedbert,0.3859420572916667,0.016000315504807752
neighbors_2048_sep_k50,19,biobert,0.3511026475694445,0.0017968482905983592
neighbors_2048_sep_k50,19,simcse,0.2959780815972222,0.008432857572115433
neighbors_2048_sep_k50,20,specter,0.30914322916666664,-0.017268631477029926
neighbors_2048_sep_k50,20,specter2,0.31414952256944445,0.010661890691773498
neighbors_2048_sep_k50,20,scincl,0.32761697048611116,-0.007148297275641011
neighbors_2048_sep_k50,20,scibert,0.19379578993055557,0.00703949485844015
neighbors_2048_sep_k50,20,bert,0.18224500868055557,0.012504947916666639
neighbors_2048_sep_k50,20,mpnet,0.35546397569444443,0.00413005642361109
neighbors_2048_sep_k50,20,minilm,0.3480075954861111,0.012790187633546958
neighbors_2048_sep_k50,20,pubmedbert,0.3004565972222222,-0.024195214009081232
neighbors_2048_sep_k50,20,biobert,0.2784837239583334,-0.02553214476495728
neighbors_2048_sep_k50,20,simcse,0.26927300347222227,0.027017710002670916
neighbors_2048_sep_k50,21,specter,0.3868589409722223,0.002046299078525709
neighbors_2048_sep_k50,21,specter2,0.3665275607638889,0.004639147636218002
neighbors_2048_sep_k50,21,scincl,0.39251801215277776,-0.0006480368589743053
neighbors_2048_sep_k50,21,scibert,0.23966384548611114,-0.005493230836004226
neighbors_2048_sep_k50,21,bert,0.21982942708333336,-0.008311414930555507
neighbors_2048_sep_k50,21,mpnet,0.4119296875,0.0021949869791667207
neighbors_2048_sep_k50,21,minilm,0.39710698784722226,0.003488798744658153
neighbors_2048_sep_k50,21,pubmedbert,0.3871447482638889,0.004092155782585501
neighbors_2048_sep_k50,21,biobert,0.356564453125,-0.0058521968482905685
neighbors_2048_sep_k50,21,simcse,0.3044995659722222,0.003843491252670966
neighbors_2048_sep_k50,22,specter,0.3631130642361111,0.004716828592414562
neighbors_2048_sep_k50,22,specter2,0.3407912326388889,0.005319225761217979
neighbors_2048_sep_k50,22,scincl,0.36841124131944447,0.0016615985576923478
neighbors_2048_sep_k50,22,scibert,0.2205883246527778,0.0018476545806624018
neighbors_2048_sep_k50,22,bert,0.19490907118055556,-0.006815364583333329
neighbors_2048_sep_k50,22,mpnet,0.3881384548611112,0.004820160590277813
neighbors_2048_sep_k50,22,minilm,0.3717970920138889,0.004595309161324773
neighbors_2048_sep_k50,22,pubmedbert,0.35195985243055555,-0.004676333800747858
neighbors_2048_sep_k50,22,biobert,0.319033203125,-0.01696704059829058
neighbors_2048_sep_k50,22,simcse,0.2797376302083333,0.005497961738782062
neighbors_2048_sep_k50,23,specter,0.3756041666666667,-0.0013573033520298322
neighbors_2048_sep_k50,23,specter2,0.3390004340277778,-0.015036807224893077
neighbors_2048_sep_k50,23,scincl,0.3807486979166667,-0.00456617922008541
neighbors_2048_sep_k50,23,scibert,0.23956857638888895,0.0022626719417735788
neighbors_2048_sep_k50,23,bert,0.2270375434027778,0.006747873263888944
neighbors_2048_sep_k50,23,mpnet,0.40271245659722227,0.0008289279513889655
neighbors_2048_sep_k50,23,minilm,0.3814479166666667,-0.004319100560897367
neighbors_2048_sep_k50,23,pubmedbert,0.3843322482638889,0.009130827657585525
neighbors_2048_sep_k50,23,biobert,0.36126085069444447,0.0066953725961539055
neighbors_2048_sep_k50,23,simcse,0.2924186197916667,-0.0003862830528845544
neighbors_2048_sep_k50,24,specter,0.3638049045138889,0.016311186231303437
neighbors_2048_sep_k50,24,specter2,0.32448285590277776,-8.663361378206484e-05
neighbors_2048_sep_k50,24,scincl,0.3694364149305556,0.013589289529914549
neighbors_2048_sep_k50,24,scibert,0.19777690972222225,-0.010061242988782039
neighbors_2048_sep_k50,24,bert,0.1921213107638889,0.0012993923611111142
neighbors_2048_sep_k50,24,mpnet,0.37274652777777784,0.00033075086805554416
neighbors_2048_sep_k50,24,minilm,0.3493532986111111,-0.006945966880341905
neighbors_2048_sep_k50,24,pubmedbert,0.36184027777777783,0.01610660890758545
neighbors_2048_sep_k50,24,biobert,0.33846202256944447,0.01336429620726495
neighbors_2048_sep_k50,24,simcse,0.21942947048611114,-0.043907680622329054
neighbors_2048_sep_k50,25,specter,0.34467035590277784,0.0074715160924145934
neighbors_2048_sep_k50,25,specter2,0.3165525173611111,0.002277906316773548
neighbors_2048_sep_k50,25,scincl,0.35038563368055553,0.004833386752136811
neighbors_2048_sep_k50,25,scibert,0.2017890625,0.0042457882612179886
neighbors_2048_sep_k50,25,bert,0.1628166232638889,-0.017710416666666635
neighbors_2048_sep_k50,25,mpnet,0.3621334635416667,1.2565104166707543e-05
neighbors_2048_sep_k50,25,minilm,0.3442586805555556,-0.0017457064636751858
neighbors_2048_sep_k50,25,pubmedbert,0.34763433159722223,0.01219554119925219
neighbors_2048_sep_k50,25,biobert,0.32165321180555556,0.006850363915598333
neighbors_2048_sep_k50,25,simcse,0.23461132812500005,-0.018430944511217906
neighbors_2048_sep_k50,26,specter,0.3078626302083333,-0.014166548143696537
neighbors_2048_sep_k50,26,specter2,0.30319726562500005,0.004092316038995785
neighbors_2048_sep_k50,26,scincl,0.3304329427083334,5.035723824790993e-05
neighbors_2048_sep_k50,26,scibert,0.20687456597222229,0.024500953191773547
neighbors_2048_sep_k50,26,bert,0.16800065104166667,0.002643272569444472
neighbors_2048_sep_k50,26,mpnet,0.3545232204861112,0.007571983506944485
neighbors_2048_sep_k50,26,minilm,0.3480101996527778,0.017175474091880374
neighbors_2048_sep_k50,26,pubmedbert,0.2882213541666667,-0.03204777477297005
neighbors_2048_sep_k50,26,biobert,0.27246983506944444,-0.027163351362179455
neighbors_2048_sep_k50,26,simcse,0.25521592881944444,0.017343317641559854
neighbors_2048_sep_k50,27,specter,0.3584214409722222,0.019927028245192324
neighbors_2048_sep_k50,27,specter2,0.31205490451388884,-0.0035152794471153825
neighbors_2048_sep_k50,27,scincl,0.3585674913194445,0.011719671474359008
neighbors_2048_sep_k50,27,scibert,0.1919689670138889,-0.006869880141559839
neighbors_2048_sep_k50,27,bert,0.17041775173611112,-0.01140486111111112
neighbors_2048_sep_k50,27,mpnet,0.3685883246527778,0.005171853298611134
neighbors_2048_sep_k50,27,minilm,0.34674674479166673,-0.0005532151442307836
neighbors_2048_sep_k50,27,pubmedbert,0.34524978298611114,0.008515419671474345
neighbors_2048_sep_k50,27,biobert,0.3265813802083334,0.010482959401709421
neighbors_2048_sep_k50,27,simcse,0.22086414930555553,-0.03347369624732907
neighbors_2048_sep_k50,28,specter,0.39536111111111105,0.0037620976896367998
neighbors_2048_sep_k50,28,specter2,0.38039366319444445,0.011718878538995793
neighbors_2048_sep_k50,28,scincl,0.41050455729166674,0.010552136752136811
neighbors_2048_sep_k50,28,scibert,0.23433203125000002,-0.017611416599893112
neighbors_2048_sep_k50,28,bert,0.23336067708333338,-0.0015665364583332798
neighbors_2048_sep_k50,28,mpnet,0.4191968315972222,0.0026757595486111624
neighbors_2048_sep_k50,28,minilm,0.39771788194444446,-0.0026866786858973984
neighbors_2048_sep_k50,28,pubmedbert,0.3979615885416667,0.008122624532585491
neighbors_2048_sep_k50,28,biobert,0.38076019965277774,0.011557178151709443
neighbors_2048_sep_k50,28,simcse,0.2809184027777778,-0.026524043469551242
neighbors_2048_sep_k50,29,specter,0.402228515625,0.013064094217414545
neighbors_2048_sep_k50,29,specter2,0.3700815972222223,0.003841404580662412
neighbors_2048_sep_k50,29,scincl,0.40733311631944447,0.009815287793803449
neighbors_2048_sep_k50,29,scibert,0.2320412326388889,-0.01746762319711536
neighbors_2048_sep_k50,29,bert,0.22428103298611113,-0.008211588541666648
neighbors_2048_sep_k50,29,mpnet,0.4143387586805556,0.0002522786458333568
neighbors_2048_sep_k50,29,minilm,0.3957339409722222,-0.0022360276442307723
neighbors_2048_sep_k50,29,pubmedbert,0.3940479600694445,0.006643588074252138
neighbors_2048_sep_k50,29,biobert,0.373458984375,0.006690554887820511
neighbors_2048_sep_k50,29,simcse,0.29261588541666667,-0.012391968816773506
neighbors_2048_sep_k50,30,specter,0.39152907986111113,0.014763746995192327
neighbors_2048_sep_k50,30,specter2,0.34082747395833335,-0.013013630141559837
neighbors_2048_sep_k50,30,scincl,0.3865145399305556,0.0013957999465812208
neighbors_2048_sep_k50,30,scibert,0.24473567708333333,0.007625909788995732
neighbors_2048_sep_k50,30,bert,0.20263628472222223,-0.017457248263888905
neighbors_2048_sep_k50,30,mpnet,0.3889815538194445,-0.012705837673611109
neighbors_2048_sep_k50,30,minilm,0.3705271267361111,-0.015043753338675248
neighbors_2048_sep_k50,30,pubmedbert,0.39521158854166666,0.020206305088141023
neighbors_2048_sep_k50,30,biobert,0.3774535590277778,0.023084218082264924
neighbors_2048_sep_k50,30,simcse,0.28375325520833333,-0.00885551048344018
neighbors_2048_sep_k50,31,specter,0.3704029947916667,0.0040109258146367455
neighbors_2048_sep_k50,31,specter2,0.3355299479166667,-0.007937892294337612
neighbors_2048_sep_k50,31,scincl,0.3807712673611111,0.006025791266025655
neighbors_2048_sep_k50,31,scibert,0.24758984375000004,0.020853340344551274
neighbors_2048_sep_k50,31,bert,0.20246853298611114,-0.007251736111111123
neighbors_2048_sep_k50,31,mpnet,0.3951048177083334,0.0037906901041666486
neighbors_2048_sep_k50,31,minilm,0.37839388020833337,0.00319626402243586
neighbors_2048_sep_k50,31,pubmedbert,0.3573528645833333,-0.007279154981303443
neighbors_2048_sep_k50,31,biobert,0.3464283854166667,0.002432308360042724
neighbors_2048_sep_k50,31,simcse,0.2643949652777778,-0.01784053652510685
neighbors_2048_sep_k50,32,specter,0.3347610677083333,-0.007935992588141014
neighbors_2048_sep_k50,32,specter2,0.33560785590277775,0.01583502437232907
neighbors_2048_sep_k50,32,scincl,0.34813736979166665,-0.0029130976228632552
neighbors_2048_sep_k50,32,scibert,0.18924283854166665,-0.013798656183226498
neighbors_2048_sep_k50,32,bert,0.19910525173611113,0.013079991319444447
neighbors_2048_sep_k50,32,mpnet,0.36963368055555557,0.0020145616319444423
neighbors_2048_sep_k50,32,minilm,0.35997026909722224,0.008467661591880319
neighbors_2048_sep_k50,32,pubmedbert,0.33126779513888893,-0.009669215745192312
neighbors_2048_sep_k50,32,biobert,0.30711827256944446,-0.013182795806623935
neighbors_2048_sep_k50,32,simcse,0.2666430121527778,0.00810251903044871
neighbors_2048_sep_k50,33,specter,0.27743901909722224,-0.03526029814369653
neighbors_2048_sep_k50,33,specter2,0.286984375,-0.002790713474893113
neighbors_2048_sep_k50,33,scincl,0.2950125868055556,-0.026040137553418757
neighbors_2048_sep_k50,33,scibert,0.18425151909722226,0.011207767427884645
neighbors_2048_sep_k50,33,bert,0.18116731770833336,0.025139800347222248
neighbors_2048_sep_k50,33,mpnet,0.33448784722222225,-0.003133528645833291
neighbors_2048_sep_k50,33,minilm,0.3255959201388889,0.004091055689102581
neighbors_2048_sep_k50,33,pubmedbert,0.30302343750000005,-0.007915830328525627
neighbors_2048_sep_k50,33,biobert,0.28591319444444446,-0.004390130876068352
neighbors_2048_sep_k50,33,simcse,0.267634765625,0.03909201555822653
neighbors_2048_sep_k50,34,specter,0.3959622395833333,0.017653764356303434
neighbors_2048_sep_k50,34,specter2,0.35594900173611105,0.0005647552751068479
neighbors_2048_sep_k50,34,scincl,0.39877061631944444,0.012108733974358996
neighbors_2048_sep_k50,34,scibert,0.2147771267361111,-0.02387578291933757
neighbors_2048_sep_k50,34,bert,0.21128103298611112,-0.010355642361111084
neighbors_2048_sep_k50,34,mpnet,0.4032586805555555,2.8146701388910413e-05
neighbors_2048_sep_k50,34,minilm,0.3861666666666667,-0.0009473557692307547
neighbors_2048_sep_k50,34,pubmedbert,0.3854752604166667,0.008926834602029914
neighbors_2048_sep_k50,34,biobert,0.36789127604166666,0.011978792735042753
neighbors_2048_sep_k50,34,simcse,0.2780696614583333,-0.016082246594551264
neighbors_2048_sep_k50,35,specter,0.37670073784722224,0.014096993522970145
neighbors_2048_sep_k50,35,specter2,0.3317560763888889,-0.007923439169337557
neighbors_2048_sep_k50,35,scincl,0.37962239583333335,0.008665244391025697
neighbors_2048_sep_k50,35,scibert,0.1978715277777778,-0.025076650974893113
neighbors_2048_sep_k50,35,bert,0.18870377604166666,-0.017228168402777726
neighbors_2048_sep_k50,35,mpnet,0.38804709201388893,0.0005212890625000534
neighbors_2048_sep_k50,35,minilm,0.3707621527777778,-0.0006471387553418609
neighbors_2048_sep_k50,35,pubmedbert,0.37755664062500005,0.016712945713141074
neighbors_2048_sep_k50,35,biobert,0.3496994357638889,0.009491683360042778
neighbors_2048_sep_k50,35,simcse,0.27983441840277773,0.0013872412526709788
neighbors_2048_sep_k50,36,specter,0.3305394965277778,-0.0037155064770298643
neighbors_2048_sep_k50,36,specter2,0.3161649305555556,0.004834156316773548
neighbors_2048_sep_k50,36,scincl,0.33829991319444447,-0.004308496928418732
neighbors_2048_sep_k50,36,scibert,0.18670703125,-0.007892406183226465
neighbors_2048_sep_k50,36,bert,0.18126215277777782,0.0036789496527778187
neighbors_2048_sep_k50,36,mpnet,0.36493359375000006,0.005756532118055608
neighbors_2048_sep_k50,36,minilm,0.34847786458333335,0.00541731436965815
neighbors_2048_sep_k50,36,pubmedbert,0.3277942708333334,-0.004700682759081161
neighbors_2048_sep_k50,36,biobert,0.3048127170138889,-0.007046294070512789
neighbors_2048_sep_k50,36,simcse,0.2580748697916667,0.007976433961004318
